experiment,suite,environment,phase,metric,target,baseline,paired_seed_count,target_mean,baseline_mean,paired_mean_difference,ci95_low,ci95_high,effect_size_dz,p_value,oracle_excluded,p_value_holm
ablation,ablation,opaque_dependency_l6,evaluation_seen,success,full_aassr,contextual_policy,30,0.0,0.0,0.0,0.0,0.0,0.0,1.0,True,1.0
ablation,ablation,opaque_dependency_l6,evaluation_seen,steps,full_aassr,contextual_policy,30,6.0,6.0,0.0,0.0,0.0,0.0,1.0,True,1.0
ablation,ablation,opaque_dependency_l6,evaluation_seen,high_level_steps,full_aassr,contextual_policy,30,6.0,6.0,0.0,0.0,0.0,0.0,1.0,True,1.0
ablation,ablation,opaque_dependency_l6,evaluation_seen,primitive_steps,full_aassr,contextual_policy,30,6.0,6.0,0.0,0.0,0.0,0.0,1.0,True,1.0
ablation,ablation,opaque_dependency_l6,evaluation_seen,reward,full_aassr,contextual_policy,30,0.0,0.0,0.0,0.0,0.0,0.0,1.0,True,1.0
ablation,ablation,opaque_dependency_l6,evaluation_seen,errors,full_aassr,contextual_policy,30,0.0,0.0,0.0,0.0,0.0,0.0,1.0,True,1.0
ablation,ablation,opaque_dependency_l6,evaluation_seen,repeats,full_aassr,contextual_policy,30,0.0,0.0,0.0,0.0,0.0,0.0,1.0,True,1.0
ablation,ablation,opaque_dependency_l6,evaluation_seen,prediction_score,full_aassr,contextual_policy,30,0.0,0.0,0.0,0.0,0.0,0.0,1.0,True,1.0
ablation,ablation,opaque_dependency_l6,evaluation_seen,holdout_score,full_aassr,contextual_policy,30,1.0,0.0,1.0,1.0,1.0,0.0,4.999750012499375e-05,True,0.0020998950052497373
ablation,ablation,opaque_dependency_l6,evaluation_seen,imagined_nodes,full_aassr,contextual_policy,30,0.0,0.0,0.0,0.0,0.0,0.0,1.0,True,1.0
ablation,ablation,opaque_dependency_l6,evaluation_seen,imagination_depth,full_aassr,contextual_policy,30,0.0,0.0,0.0,0.0,0.0,0.0,1.0,True,1.0
ablation,ablation,opaque_dependency_l6,evaluation_seen,actual_return,full_aassr,contextual_policy,30,0.0,0.0,0.0,0.0,0.0,0.0,1.0,True,1.0
ablation,ablation,opaque_dependency_l6,evaluation_seen,runtime_seconds,full_aassr,contextual_policy,30,0.003473828750201695,0.0032557579499649966,0.00021807080023669798,5.937625043346396e-05,0.00038110549999692013,0.4643694958279451,0.017399130043497826,True,0.7307634618269087
ablation,ablation,opaque_dependency_l6,evaluation_seen,real_transitions,full_aassr,contextual_policy,30,6.0,6.0,0.0,0.0,0.0,0.0,1.0,True,1.0
ablation,ablation,opaque_dependency_l6,evaluation_seen,imagined_transitions,full_aassr,contextual_policy,30,0.0,0.0,0.0,0.0,0.0,0.0,1.0,True,1.0
ablation,ablation,opaque_dependency_l6,evaluation_seen,action_proposals,full_aassr,contextual_policy,30,6.0,6.0,0.0,0.0,0.0,0.0,1.0,True,1.0
ablation,ablation,opaque_dependency_l6,evaluation_seen,repeat_rate,full_aassr,contextual_policy,30,0.0,0.0,0.0,0.0,0.0,0.0,1.0,True,1.0
ablation,ablation,opaque_dependency_l6,evaluation_seen,error_rate,full_aassr,contextual_policy,30,0.0,0.0,0.0,0.0,0.0,0.0,1.0,True,1.0
ablation,ablation,opaque_dependency_l6,evaluation_seen,success,full_aassr,full_depth1_branch1_max,30,0.0,0.0,0.0,0.0,0.0,0.0,1.0,True,1.0
ablation,ablation,opaque_dependency_l6,evaluation_seen,steps,full_aassr,full_depth1_branch1_max,30,6.0,6.0,0.0,0.0,0.0,0.0,1.0,True,1.0
ablation,ablation,opaque_dependency_l6,evaluation_seen,high_level_steps,full_aassr,full_depth1_branch1_max,30,6.0,6.0,0.0,0.0,0.0,0.0,1.0,True,1.0
ablation,ablation,opaque_dependency_l6,evaluation_seen,primitive_steps,full_aassr,full_depth1_branch1_max,30,6.0,6.0,0.0,0.0,0.0,0.0,1.0,True,1.0
ablation,ablation,opaque_dependency_l6,evaluation_seen,reward,full_aassr,full_depth1_branch1_max,30,0.0,0.0,0.0,0.0,0.0,0.0,1.0,True,1.0
ablation,ablation,opaque_dependency_l6,evaluation_seen,errors,full_aassr,full_depth1_branch1_max,30,0.0,0.0,0.0,0.0,0.0,0.0,1.0,True,1.0
ablation,ablation,opaque_dependency_l6,evaluation_seen,repeats,full_aassr,full_depth1_branch1_max,30,0.0,0.0,0.0,0.0,0.0,0.0,1.0,True,1.0
ablation,ablation,opaque_dependency_l6,evaluation_seen,prediction_score,full_aassr,full_depth1_branch1_max,30,0.0,0.0,0.0,0.0,0.0,0.0,1.0,True,1.0
ablation,ablation,opaque_dependency_l6,evaluation_seen,holdout_score,full_aassr,full_depth1_branch1_max,30,1.0,1.0,0.0,0.0,0.0,0.0,1.0,True,1.0
ablation,ablation,opaque_dependency_l6,evaluation_seen,imagined_nodes,full_aassr,full_depth1_branch1_max,30,0.0,0.0,0.0,0.0,0.0,0.0,1.0,True,1.0
ablation,ablation,opaque_dependency_l6,evaluation_seen,imagination_depth,full_aassr,full_depth1_branch1_max,30,0.0,0.0,0.0,0.0,0.0,0.0,1.0,True,1.0
ablation,ablation,opaque_dependency_l6,evaluation_seen,actual_return,full_aassr,full_depth1_branch1_max,30,0.0,0.0,0.0,0.0,0.0,0.0,1.0,True,1.0
ablation,ablation,opaque_dependency_l6,evaluation_seen,runtime_seconds,full_aassr,full_depth1_branch1_max,30,0.003473828750201695,0.0034660751998890193,7.753550312675897e-06,-0.0002071968830132391,0.00021685206679588498,0.012780433236562251,0.943302834858257,True,1.0
ablation,ablation,opaque_dependency_l6,evaluation_seen,real_transitions,full_aassr,full_depth1_branch1_max,30,6.0,6.0,0.0,0.0,0.0,0.0,1.0,True,1.0
ablation,ablation,opaque_dependency_l6,evaluation_seen,imagined_transitions,full_aassr,full_depth1_branch1_max,30,0.0,0.0,0.0,0.0,0.0,0.0,1.0,True,1.0
ablation,ablation,opaque_dependency_l6,evaluation_seen,action_proposals,full_aassr,full_depth1_branch1_max,30,6.0,6.0,0.0,0.0,0.0,0.0,1.0,True,1.0
ablation,ablation,opaque_dependency_l6,evaluation_seen,repeat_rate,full_aassr,full_depth1_branch1_max,30,0.0,0.0,0.0,0.0,0.0,0.0,1.0,True,1.0
ablation,ablation,opaque_dependency_l6,evaluation_seen,error_rate,full_aassr,full_depth1_branch1_max,30,0.0,0.0,0.0,0.0,0.0,0.0,1.0,True,1.0
ablation,ablation,opaque_dependency_l6,evaluation_seen,success,full_aassr,full_depth1_branch1_mean,30,0.0,0.0,0.0,0.0,0.0,0.0,1.0,True,1.0
ablation,ablation,opaque_dependency_l6,evaluation_seen,steps,full_aassr,full_depth1_branch1_mean,30,6.0,6.0,0.0,0.0,0.0,0.0,1.0,True,1.0
ablation,ablation,opaque_dependency_l6,evaluation_seen,high_level_steps,full_aassr,full_depth1_branch1_mean,30,6.0,6.0,0.0,0.0,0.0,0.0,1.0,True,1.0
ablation,ablation,opaque_dependency_l6,evaluation_seen,primitive_steps,full_aassr,full_depth1_branch1_mean,30,6.0,6.0,0.0,0.0,0.0,0.0,1.0,True,1.0
ablation,ablation,opaque_dependency_l6,evaluation_seen,reward,full_aassr,full_depth1_branch1_mean,30,0.0,0.0,0.0,0.0,0.0,0.0,1.0,True,1.0
ablation,ablation,opaque_dependency_l6,evaluation_seen,errors,full_aassr,full_depth1_branch1_mean,30,0.0,0.0,0.0,0.0,0.0,0.0,1.0,True,1.0
ablation,ablation,opaque_dependency_l6,evaluation_seen,repeats,full_aassr,full_depth1_branch1_mean,30,0.0,0.0,0.0,0.0,0.0,0.0,1.0,True,1.0
ablation,ablation,opaque_dependency_l6,evaluation_seen,prediction_score,full_aassr,full_depth1_branch1_mean,30,0.0,0.0,0.0,0.0,0.0,0.0,1.0,True,1.0
ablation,ablation,opaque_dependency_l6,evaluation_seen,holdout_score,full_aassr,full_depth1_branch1_mean,30,1.0,1.0,0.0,0.0,0.0,0.0,1.0,True,1.0
ablation,ablation,opaque_dependency_l6,evaluation_seen,imagined_nodes,full_aassr,full_depth1_branch1_mean,30,0.0,0.0,0.0,0.0,0.0,0.0,1.0,True,1.0
ablation,ablation,opaque_dependency_l6,evaluation_seen,imagination_depth,full_aassr,full_depth1_branch1_mean,30,0.0,0.0,0.0,0.0,0.0,0.0,1.0,True,1.0
ablation,ablation,opaque_dependency_l6,evaluation_seen,actual_return,full_aassr,full_depth1_branch1_mean,30,0.0,0.0,0.0,0.0,0.0,0.0,1.0,True,1.0
ablation,ablation,opaque_dependency_l6,evaluation_seen,runtime_seconds,full_aassr,full_depth1_branch1_mean,30,0.003473828750201695,0.0034990918501328757,-2.5263099931180496e-05,-0.0002506225333199836,0.00021278788351628466,-0.03811685130223528,0.8382080895955202,True,1.0
ablation,ablation,opaque_dependency_l6,evaluation_seen,real_transitions,full_aassr,full_depth1_branch1_mean,30,6.0,6.0,0.0,0.0,0.0,0.0,1.0,True,1.0
ablation,ablation,opaque_dependency_l6,evaluation_seen,imagined_transitions,full_aassr,full_depth1_branch1_mean,30,0.0,0.0,0.0,0.0,0.0,0.0,1.0,True,1.0
ablation,ablation,opaque_dependency_l6,evaluation_seen,action_proposals,full_aassr,full_depth1_branch1_mean,30,6.0,6.0,0.0,0.0,0.0,0.0,1.0,True,1.0
ablation,ablation,opaque_dependency_l6,evaluation_seen,repeat_rate,full_aassr,full_depth1_branch1_mean,30,0.0,0.0,0.0,0.0,0.0,0.0,1.0,True,1.0
ablation,ablation,opaque_dependency_l6,evaluation_seen,error_rate,full_aassr,full_depth1_branch1_mean,30,0.0,0.0,0.0,0.0,0.0,0.0,1.0,True,1.0
ablation,ablation,opaque_dependency_l6,evaluation_seen,success,full_aassr,full_depth1_branch1_risk-adjusted,30,0.0,0.0,0.0,0.0,0.0,0.0,1.0,True,1.0
ablation,ablation,opaque_dependency_l6,evaluation_seen,steps,full_aassr,full_depth1_branch1_risk-adjusted,30,6.0,6.0,0.0,0.0,0.0,0.0,1.0,True,1.0
ablation,ablation,opaque_dependency_l6,evaluation_seen,high_level_steps,full_aassr,full_depth1_branch1_risk-adjusted,30,6.0,6.0,0.0,0.0,0.0,0.0,1.0,True,1.0
ablation,ablation,opaque_dependency_l6,evaluation_seen,primitive_steps,full_aassr,full_depth1_branch1_risk-adjusted,30,6.0,6.0,0.0,0.0,0.0,0.0,1.0,True,1.0
ablation,ablation,opaque_dependency_l6,evaluation_seen,reward,full_aassr,full_depth1_branch1_risk-adjusted,30,0.0,0.0,0.0,0.0,0.0,0.0,1.0,True,1.0
ablation,ablation,opaque_dependency_l6,evaluation_seen,errors,full_aassr,full_depth1_branch1_risk-adjusted,30,0.0,0.0,0.0,0.0,0.0,0.0,1.0,True,1.0
ablation,ablation,opaque_dependency_l6,evaluation_seen,repeats,full_aassr,full_depth1_branch1_risk-adjusted,30,0.0,0.0,0.0,0.0,0.0,0.0,1.0,True,1.0
ablation,ablation,opaque_dependency_l6,evaluation_seen,prediction_score,full_aassr,full_depth1_branch1_risk-adjusted,30,0.0,0.0,0.0,0.0,0.0,0.0,1.0,True,1.0
ablation,ablation,opaque_dependency_l6,evaluation_seen,holdout_score,full_aassr,full_depth1_branch1_risk-adjusted,30,1.0,1.0,0.0,0.0,0.0,0.0,1.0,True,1.0
ablation,ablation,opaque_dependency_l6,evaluation_seen,imagined_nodes,full_aassr,full_depth1_branch1_risk-adjusted,30,0.0,0.0,0.0,0.0,0.0,0.0,1.0,True,1.0
ablation,ablation,opaque_dependency_l6,evaluation_seen,imagination_depth,full_aassr,full_depth1_branch1_risk-adjusted,30,0.0,0.0,0.0,0.0,0.0,0.0,1.0,True,1.0
ablation,ablation,opaque_dependency_l6,evaluation_seen,actual_return,full_aassr,full_depth1_branch1_risk-adjusted,30,0.0,0.0,0.0,0.0,0.0,0.0,1.0,True,1.0
ablation,ablation,opaque_dependency_l6,evaluation_seen,runtime_seconds,full_aassr,full_depth1_branch1_risk-adjusted,30,0.003473828750201695,0.0034327045332853837,4.112421691631128e-05,-0.00017210814966529136,0.000245846300245224,0.06812626752792356,0.7112644367781611,True,1.0
ablation,ablation,opaque_dependency_l6,evaluation_seen,real_transitions,full_aassr,full_depth1_branch1_risk-adjusted,30,6.0,6.0,0.0,0.0,0.0,0.0,1.0,True,1.0
ablation,ablation,opaque_dependency_l6,evaluation_seen,imagined_transitions,full_aassr,full_depth1_branch1_risk-adjusted,30,0.0,0.0,0.0,0.0,0.0,0.0,1.0,True,1.0
ablation,ablation,opaque_dependency_l6,evaluation_seen,action_proposals,full_aassr,full_depth1_branch1_risk-adjusted,30,6.0,6.0,0.0,0.0,0.0,0.0,1.0,True,1.0
ablation,ablation,opaque_dependency_l6,evaluation_seen,repeat_rate,full_aassr,full_depth1_branch1_risk-adjusted,30,0.0,0.0,0.0,0.0,0.0,0.0,1.0,True,1.0
ablation,ablation,opaque_dependency_l6,evaluation_seen,error_rate,full_aassr,full_depth1_branch1_risk-adjusted,30,0.0,0.0,0.0,0.0,0.0,0.0,1.0,True,1.0
ablation,ablation,opaque_dependency_l6,evaluation_seen,success,full_aassr,full_depth1_branch2_max,30,0.0,0.0,0.0,0.0,0.0,0.0,1.0,True,1.0
ablation,ablation,opaque_dependency_l6,evaluation_seen,steps,full_aassr,full_depth1_branch2_max,30,6.0,6.0,0.0,0.0,0.0,0.0,1.0,True,1.0
ablation,ablation,opaque_dependency_l6,evaluation_seen,high_level_steps,full_aassr,full_depth1_branch2_max,30,6.0,6.0,0.0,0.0,0.0,0.0,1.0,True,1.0
ablation,ablation,opaque_dependency_l6,evaluation_seen,primitive_steps,full_aassr,full_depth1_branch2_max,30,6.0,6.0,0.0,0.0,0.0,0.0,1.0,True,1.0
ablation,ablation,opaque_dependency_l6,evaluation_seen,reward,full_aassr,full_depth1_branch2_max,30,0.0,0.0,0.0,0.0,0.0,0.0,1.0,True,1.0
ablation,ablation,opaque_dependency_l6,evaluation_seen,errors,full_aassr,full_depth1_branch2_max,30,0.0,0.0,0.0,0.0,0.0,0.0,1.0,True,1.0
ablation,ablation,opaque_dependency_l6,evaluation_seen,repeats,full_aassr,full_depth1_branch2_max,30,0.0,0.0,0.0,0.0,0.0,0.0,1.0,True,1.0
ablation,ablation,opaque_dependency_l6,evaluation_seen,prediction_score,full_aassr,full_depth1_branch2_max,30,0.0,0.0,0.0,0.0,0.0,0.0,1.0,True,1.0
ablation,ablation,opaque_dependency_l6,evaluation_seen,holdout_score,full_aassr,full_depth1_branch2_max,30,1.0,1.0,0.0,0.0,0.0,0.0,1.0,True,1.0
ablation,ablation,opaque_dependency_l6,evaluation_seen,imagined_nodes,full_aassr,full_depth1_branch2_max,30,0.0,0.0,0.0,0.0,0.0,0.0,1.0,True,1.0
ablation,ablation,opaque_dependency_l6,evaluation_seen,imagination_depth,full_aassr,full_depth1_branch2_max,30,0.0,0.0,0.0,0.0,0.0,0.0,1.0,True,1.0
ablation,ablation,opaque_dependency_l6,evaluation_seen,actual_return,full_aassr,full_depth1_branch2_max,30,0.0,0.0,0.0,0.0,0.0,0.0,1.0,True,1.0
ablation,ablation,opaque_dependency_l6,evaluation_seen,runtime_seconds,full_aassr,full_depth1_branch2_max,30,0.003473828750201695,0.003627874866845862,-0.00015404611664416736,-0.0003904554002607862,8.453241680884576e-05,-0.2286058498124455,0.2216889155542223,True,1.0
ablation,ablation,opaque_dependency_l6,evaluation_seen,real_transitions,full_aassr,full_depth1_branch2_max,30,6.0,6.0,0.0,0.0,0.0,0.0,1.0,True,1.0
ablation,ablation,opaque_dependency_l6,evaluation_seen,imagined_transitions,full_aassr,full_depth1_branch2_max,30,0.0,0.0,0.0,0.0,0.0,0.0,1.0,True,1.0
ablation,ablation,opaque_dependency_l6,evaluation_seen,action_proposals,full_aassr,full_depth1_branch2_max,30,6.0,6.0,0.0,0.0,0.0,0.0,1.0,True,1.0
ablation,ablation,opaque_dependency_l6,evaluation_seen,repeat_rate,full_aassr,full_depth1_branch2_max,30,0.0,0.0,0.0,0.0,0.0,0.0,1.0,True,1.0
ablation,ablation,opaque_dependency_l6,evaluation_seen,error_rate,full_aassr,full_depth1_branch2_max,30,0.0,0.0,0.0,0.0,0.0,0.0,1.0,True,1.0
ablation,ablation,opaque_dependency_l6,evaluation_seen,success,full_aassr,full_depth1_branch2_mean,30,0.0,0.0,0.0,0.0,0.0,0.0,1.0,True,1.0
ablation,ablation,opaque_dependency_l6,evaluation_seen,steps,full_aassr,full_depth1_branch2_mean,30,6.0,6.0,0.0,0.0,0.0,0.0,1.0,True,1.0
ablation,ablation,opaque_dependency_l6,evaluation_seen,high_level_steps,full_aassr,full_depth1_branch2_mean,30,6.0,6.0,0.0,0.0,0.0,0.0,1.0,True,1.0
ablation,ablation,opaque_dependency_l6,evaluation_seen,primitive_steps,full_aassr,full_depth1_branch2_mean,30,6.0,6.0,0.0,0.0,0.0,0.0,1.0,True,1.0
ablation,ablation,opaque_dependency_l6,evaluation_seen,reward,full_aassr,full_depth1_branch2_mean,30,0.0,0.0,0.0,0.0,0.0,0.0,1.0,True,1.0
ablation,ablation,opaque_dependency_l6,evaluation_seen,errors,full_aassr,full_depth1_branch2_mean,30,0.0,0.0,0.0,0.0,0.0,0.0,1.0,True,1.0
ablation,ablation,opaque_dependency_l6,evaluation_seen,repeats,full_aassr,full_depth1_branch2_mean,30,0.0,0.0,0.0,0.0,0.0,0.0,1.0,True,1.0
ablation,ablation,opaque_dependency_l6,evaluation_seen,prediction_score,full_aassr,full_depth1_branch2_mean,30,0.0,0.0,0.0,0.0,0.0,0.0,1.0,True,1.0
ablation,ablation,opaque_dependency_l6,evaluation_seen,holdout_score,full_aassr,full_depth1_branch2_mean,30,1.0,1.0,0.0,0.0,0.0,0.0,1.0,True,1.0
ablation,ablation,opaque_dependency_l6,evaluation_seen,imagined_nodes,full_aassr,full_depth1_branch2_mean,30,0.0,0.0,0.0,0.0,0.0,0.0,1.0,True,1.0
ablation,ablation,opaque_dependency_l6,evaluation_seen,imagination_depth,full_aassr,full_depth1_branch2_mean,30,0.0,0.0,0.0,0.0,0.0,0.0,1.0,True,1.0
ablation,ablation,opaque_dependency_l6,evaluation_seen,actual_return,full_aassr,full_depth1_branch2_mean,30,0.0,0.0,0.0,0.0,0.0,0.0,1.0,True,1.0
ablation,ablation,opaque_dependency_l6,evaluation_seen,runtime_seconds,full_aassr,full_depth1_branch2_mean,30,0.003473828750201695,0.0034898933832737387,-1.606463307204345e-05,-0.00020103343273998082,0.00017119713366264472,-0.029318331763577406,0.8725063746812659,True,1.0
ablation,ablation,opaque_dependency_l6,evaluation_seen,real_transitions,full_aassr,full_depth1_branch2_mean,30,6.0,6.0,0.0,0.0,0.0,0.0,1.0,True,1.0
ablation,ablation,opaque_dependency_l6,evaluation_seen,imagined_transitions,full_aassr,full_depth1_branch2_mean,30,0.0,0.0,0.0,0.0,0.0,0.0,1.0,True,1.0
ablation,ablation,opaque_dependency_l6,evaluation_seen,action_proposals,full_aassr,full_depth1_branch2_mean,30,6.0,6.0,0.0,0.0,0.0,0.0,1.0,True,1.0
ablation,ablation,opaque_dependency_l6,evaluation_seen,repeat_rate,full_aassr,full_depth1_branch2_mean,30,0.0,0.0,0.0,0.0,0.0,0.0,1.0,True,1.0
ablation,ablation,opaque_dependency_l6,evaluation_seen,error_rate,full_aassr,full_depth1_branch2_mean,30,0.0,0.0,0.0,0.0,0.0,0.0,1.0,True,1.0
ablation,ablation,opaque_dependency_l6,evaluation_seen,success,full_aassr,full_depth1_branch2_risk-adjusted,30,0.0,0.0,0.0,0.0,0.0,0.0,1.0,True,1.0
ablation,ablation,opaque_dependency_l6,evaluation_seen,steps,full_aassr,full_depth1_branch2_risk-adjusted,30,6.0,6.0,0.0,0.0,0.0,0.0,1.0,True,1.0
ablation,ablation,opaque_dependency_l6,evaluation_seen,high_level_steps,full_aassr,full_depth1_branch2_risk-adjusted,30,6.0,6.0,0.0,0.0,0.0,0.0,1.0,True,1.0
ablation,ablation,opaque_dependency_l6,evaluation_seen,primitive_steps,full_aassr,full_depth1_branch2_risk-adjusted,30,6.0,6.0,0.0,0.0,0.0,0.0,1.0,True,1.0
ablation,ablation,opaque_dependency_l6,evaluation_seen,reward,full_aassr,full_depth1_branch2_risk-adjusted,30,0.0,0.0,0.0,0.0,0.0,0.0,1.0,True,1.0
ablation,ablation,opaque_dependency_l6,evaluation_seen,errors,full_aassr,full_depth1_branch2_risk-adjusted,30,0.0,0.0,0.0,0.0,0.0,0.0,1.0,True,1.0
ablation,ablation,opaque_dependency_l6,evaluation_seen,repeats,full_aassr,full_depth1_branch2_risk-adjusted,30,0.0,0.0,0.0,0.0,0.0,0.0,1.0,True,1.0
ablation,ablation,opaque_dependency_l6,evaluation_seen,prediction_score,full_aassr,full_depth1_branch2_risk-adjusted,30,0.0,0.0,0.0,0.0,0.0,0.0,1.0,True,1.0
ablation,ablation,opaque_dependency_l6,evaluation_seen,holdout_score,full_aassr,full_depth1_branch2_risk-adjusted,30,1.0,1.0,0.0,0.0,0.0,0.0,1.0,True,1.0
ablation,ablation,opaque_dependency_l6,evaluation_seen,imagined_nodes,full_aassr,full_depth1_branch2_risk-adjusted,30,0.0,0.0,0.0,0.0,0.0,0.0,1.0,True,1.0
ablation,ablation,opaque_dependency_l6,evaluation_seen,imagination_depth,full_aassr,full_depth1_branch2_risk-adjusted,30,0.0,0.0,0.0,0.0,0.0,0.0,1.0,True,1.0
ablation,ablation,opaque_dependency_l6,evaluation_seen,actual_return,full_aassr,full_depth1_branch2_risk-adjusted,30,0.0,0.0,0.0,0.0,0.0,0.0,1.0,True,1.0
ablation,ablation,opaque_dependency_l6,evaluation_seen,runtime_seconds,full_aassr,full_depth1_branch2_risk-adjusted,30,0.003473828750201695,0.0037015333665234114,-0.00022770461632171644,-0.0004034329497371801,-5.640446633818403e-05,-0.46276859382491287,0.018199090045497725,True,0.7461626918654067
ablation,ablation,opaque_dependency_l6,evaluation_seen,real_transitions,full_aassr,full_depth1_branch2_risk-adjusted,30,6.0,6.0,0.0,0.0,0.0,0.0,1.0,True,1.0
ablation,ablation,opaque_dependency_l6,evaluation_seen,imagined_transitions,full_aassr,full_depth1_branch2_risk-adjusted,30,0.0,0.0,0.0,0.0,0.0,0.0,1.0,True,1.0
ablation,ablation,opaque_dependency_l6,evaluation_seen,action_proposals,full_aassr,full_depth1_branch2_risk-adjusted,30,6.0,6.0,0.0,0.0,0.0,0.0,1.0,True,1.0
ablation,ablation,opaque_dependency_l6,evaluation_seen,repeat_rate,full_aassr,full_depth1_branch2_risk-adjusted,30,0.0,0.0,0.0,0.0,0.0,0.0,1.0,True,1.0
ablation,ablation,opaque_dependency_l6,evaluation_seen,error_rate,full_aassr,full_depth1_branch2_risk-adjusted,30,0.0,0.0,0.0,0.0,0.0,0.0,1.0,True,1.0
ablation,ablation,opaque_dependency_l6,evaluation_seen,success,full_aassr,full_depth1_branch4_max,30,0.0,0.0,0.0,0.0,0.0,0.0,1.0,True,1.0
ablation,ablation,opaque_dependency_l6,evaluation_seen,steps,full_aassr,full_depth1_branch4_max,30,6.0,6.0,0.0,0.0,0.0,0.0,1.0,True,1.0
ablation,ablation,opaque_dependency_l6,evaluation_seen,high_level_steps,full_aassr,full_depth1_branch4_max,30,6.0,6.0,0.0,0.0,0.0,0.0,1.0,True,1.0
ablation,ablation,opaque_dependency_l6,evaluation_seen,primitive_steps,full_aassr,full_depth1_branch4_max,30,6.0,6.0,0.0,0.0,0.0,0.0,1.0,True,1.0
ablation,ablation,opaque_dependency_l6,evaluation_seen,reward,full_aassr,full_depth1_branch4_max,30,0.0,0.0,0.0,0.0,0.0,0.0,1.0,True,1.0
ablation,ablation,opaque_dependency_l6,evaluation_seen,errors,full_aassr,full_depth1_branch4_max,30,0.0,0.0,0.0,0.0,0.0,0.0,1.0,True,1.0
ablation,ablation,opaque_dependency_l6,evaluation_seen,repeats,full_aassr,full_depth1_branch4_max,30,0.0,0.0,0.0,0.0,0.0,0.0,1.0,True,1.0
ablation,ablation,opaque_dependency_l6,evaluation_seen,prediction_score,full_aassr,full_depth1_branch4_max,30,0.0,0.0,0.0,0.0,0.0,0.0,1.0,True,1.0
ablation,ablation,opaque_dependency_l6,evaluation_seen,holdout_score,full_aassr,full_depth1_branch4_max,30,1.0,1.0,0.0,0.0,0.0,0.0,1.0,True,1.0
ablation,ablation,opaque_dependency_l6,evaluation_seen,imagined_nodes,full_aassr,full_depth1_branch4_max,30,0.0,0.0,0.0,0.0,0.0,0.0,1.0,True,1.0
ablation,ablation,opaque_dependency_l6,evaluation_seen,imagination_depth,full_aassr,full_depth1_branch4_max,30,0.0,0.0,0.0,0.0,0.0,0.0,1.0,True,1.0
ablation,ablation,opaque_dependency_l6,evaluation_seen,actual_return,full_aassr,full_depth1_branch4_max,30,0.0,0.0,0.0,0.0,0.0,0.0,1.0,True,1.0
ablation,ablation,opaque_dependency_l6,evaluation_seen,runtime_seconds,full_aassr,full_depth1_branch4_max,30,0.003473828750201695,0.003445390099984555,2.84386502171401e-05,-0.00012565294987386245,0.00018574363367224582,0.06406819261336452,0.727613619319034,True,1.0
ablation,ablation,opaque_dependency_l6,evaluation_seen,real_transitions,full_aassr,full_depth1_branch4_max,30,6.0,6.0,0.0,0.0,0.0,0.0,1.0,True,1.0
ablation,ablation,opaque_dependency_l6,evaluation_seen,imagined_transitions,full_aassr,full_depth1_branch4_max,30,0.0,0.0,0.0,0.0,0.0,0.0,1.0,True,1.0
ablation,ablation,opaque_dependency_l6,evaluation_seen,action_proposals,full_aassr,full_depth1_branch4_max,30,6.0,6.0,0.0,0.0,0.0,0.0,1.0,True,1.0
ablation,ablation,opaque_dependency_l6,evaluation_seen,repeat_rate,full_aassr,full_depth1_branch4_max,30,0.0,0.0,0.0,0.0,0.0,0.0,1.0,True,1.0
ablation,ablation,opaque_dependency_l6,evaluation_seen,error_rate,full_aassr,full_depth1_branch4_max,30,0.0,0.0,0.0,0.0,0.0,0.0,1.0,True,1.0
ablation,ablation,opaque_dependency_l6,evaluation_seen,success,full_aassr,full_depth1_branch4_mean,30,0.0,0.0,0.0,0.0,0.0,0.0,1.0,True,1.0
ablation,ablation,opaque_dependency_l6,evaluation_seen,steps,full_aassr,full_depth1_branch4_mean,30,6.0,6.0,0.0,0.0,0.0,0.0,1.0,True,1.0
ablation,ablation,opaque_dependency_l6,evaluation_seen,high_level_steps,full_aassr,full_depth1_branch4_mean,30,6.0,6.0,0.0,0.0,0.0,0.0,1.0,True,1.0
ablation,ablation,opaque_dependency_l6,evaluation_seen,primitive_steps,full_aassr,full_depth1_branch4_mean,30,6.0,6.0,0.0,0.0,0.0,0.0,1.0,True,1.0
ablation,ablation,opaque_dependency_l6,evaluation_seen,reward,full_aassr,full_depth1_branch4_mean,30,0.0,0.0,0.0,0.0,0.0,0.0,1.0,True,1.0
ablation,ablation,opaque_dependency_l6,evaluation_seen,errors,full_aassr,full_depth1_branch4_mean,30,0.0,0.0,0.0,0.0,0.0,0.0,1.0,True,1.0
ablation,ablation,opaque_dependency_l6,evaluation_seen,repeats,full_aassr,full_depth1_branch4_mean,30,0.0,0.0,0.0,0.0,0.0,0.0,1.0,True,1.0
ablation,ablation,opaque_dependency_l6,evaluation_seen,prediction_score,full_aassr,full_depth1_branch4_mean,30,0.0,0.0,0.0,0.0,0.0,0.0,1.0,True,1.0
ablation,ablation,opaque_dependency_l6,evaluation_seen,holdout_score,full_aassr,full_depth1_branch4_mean,30,1.0,1.0,0.0,0.0,0.0,0.0,1.0,True,1.0
ablation,ablation,opaque_dependency_l6,evaluation_seen,imagined_nodes,full_aassr,full_depth1_branch4_mean,30,0.0,0.0,0.0,0.0,0.0,0.0,1.0,True,1.0
ablation,ablation,opaque_dependency_l6,evaluation_seen,imagination_depth,full_aassr,full_depth1_branch4_mean,30,0.0,0.0,0.0,0.0,0.0,0.0,1.0,True,1.0
ablation,ablation,opaque_dependency_l6,evaluation_seen,actual_return,full_aassr,full_depth1_branch4_mean,30,0.0,0.0,0.0,0.0,0.0,0.0,1.0,True,1.0
ablation,ablation,opaque_dependency_l6,evaluation_seen,runtime_seconds,full_aassr,full_depth1_branch4_mean,30,0.003473828750201695,0.003565009166763048,-9.11804165613527e-05,-0.00027872331688316384,0.00010399258327864418,-0.16704218218055514,0.3624818759062047,True,1.0
ablation,ablation,opaque_dependency_l6,evaluation_seen,real_transitions,full_aassr,full_depth1_branch4_mean,30,6.0,6.0,0.0,0.0,0.0,0.0,1.0,True,1.0
ablation,ablation,opaque_dependency_l6,evaluation_seen,imagined_transitions,full_aassr,full_depth1_branch4_mean,30,0.0,0.0,0.0,0.0,0.0,0.0,1.0,True,1.0
ablation,ablation,opaque_dependency_l6,evaluation_seen,action_proposals,full_aassr,full_depth1_branch4_mean,30,6.0,6.0,0.0,0.0,0.0,0.0,1.0,True,1.0
ablation,ablation,opaque_dependency_l6,evaluation_seen,repeat_rate,full_aassr,full_depth1_branch4_mean,30,0.0,0.0,0.0,0.0,0.0,0.0,1.0,True,1.0
ablation,ablation,opaque_dependency_l6,evaluation_seen,error_rate,full_aassr,full_depth1_branch4_mean,30,0.0,0.0,0.0,0.0,0.0,0.0,1.0,True,1.0
ablation,ablation,opaque_dependency_l6,evaluation_seen,success,full_aassr,full_depth1_branch4_risk-adjusted,30,0.0,0.0,0.0,0.0,0.0,0.0,1.0,True,1.0
ablation,ablation,opaque_dependency_l6,evaluation_seen,steps,full_aassr,full_depth1_branch4_risk-adjusted,30,6.0,6.0,0.0,0.0,0.0,0.0,1.0,True,1.0
ablation,ablation,opaque_dependency_l6,evaluation_seen,high_level_steps,full_aassr,full_depth1_branch4_risk-adjusted,30,6.0,6.0,0.0,0.0,0.0,0.0,1.0,True,1.0
ablation,ablation,opaque_dependency_l6,evaluation_seen,primitive_steps,full_aassr,full_depth1_branch4_risk-adjusted,30,6.0,6.0,0.0,0.0,0.0,0.0,1.0,True,1.0
ablation,ablation,opaque_dependency_l6,evaluation_seen,reward,full_aassr,full_depth1_branch4_risk-adjusted,30,0.0,0.0,0.0,0.0,0.0,0.0,1.0,True,1.0
ablation,ablation,opaque_dependency_l6,evaluation_seen,errors,full_aassr,full_depth1_branch4_risk-adjusted,30,0.0,0.0,0.0,0.0,0.0,0.0,1.0,True,1.0
ablation,ablation,opaque_dependency_l6,evaluation_seen,repeats,full_aassr,full_depth1_branch4_risk-adjusted,30,0.0,0.0,0.0,0.0,0.0,0.0,1.0,True,1.0
ablation,ablation,opaque_dependency_l6,evaluation_seen,prediction_score,full_aassr,full_depth1_branch4_risk-adjusted,30,0.0,0.0,0.0,0.0,0.0,0.0,1.0,True,1.0
ablation,ablation,opaque_dependency_l6,evaluation_seen,holdout_score,full_aassr,full_depth1_branch4_risk-adjusted,30,1.0,1.0,0.0,0.0,0.0,0.0,1.0,True,1.0
ablation,ablation,opaque_dependency_l6,evaluation_seen,imagined_nodes,full_aassr,full_depth1_branch4_risk-adjusted,30,0.0,0.0,0.0,0.0,0.0,0.0,1.0,True,1.0
ablation,ablation,opaque_dependency_l6,evaluation_seen,imagination_depth,full_aassr,full_depth1_branch4_risk-adjusted,30,0.0,0.0,0.0,0.0,0.0,0.0,1.0,True,1.0
ablation,ablation,opaque_dependency_l6,evaluation_seen,actual_return,full_aassr,full_depth1_branch4_risk-adjusted,30,0.0,0.0,0.0,0.0,0.0,0.0,1.0,True,1.0
ablation,ablation,opaque_dependency_l6,evaluation_seen,runtime_seconds,full_aassr,full_depth1_branch4_risk-adjusted,30,0.003473828750201695,0.0035256436332856537,-5.181488308395879e-05,-0.0002607486001506914,0.00016333381692432643,-0.08632368371883316,0.6403679816009199,True,1.0
ablation,ablation,opaque_dependency_l6,evaluation_seen,real_transitions,full_aassr,full_depth1_branch4_risk-adjusted,30,6.0,6.0,0.0,0.0,0.0,0.0,1.0,True,1.0
ablation,ablation,opaque_dependency_l6,evaluation_seen,imagined_transitions,full_aassr,full_depth1_branch4_risk-adjusted,30,0.0,0.0,0.0,0.0,0.0,0.0,1.0,True,1.0
ablation,ablation,opaque_dependency_l6,evaluation_seen,action_proposals,full_aassr,full_depth1_branch4_risk-adjusted,30,6.0,6.0,0.0,0.0,0.0,0.0,1.0,True,1.0
ablation,ablation,opaque_dependency_l6,evaluation_seen,repeat_rate,full_aassr,full_depth1_branch4_risk-adjusted,30,0.0,0.0,0.0,0.0,0.0,0.0,1.0,True,1.0
ablation,ablation,opaque_dependency_l6,evaluation_seen,error_rate,full_aassr,full_depth1_branch4_risk-adjusted,30,0.0,0.0,0.0,0.0,0.0,0.0,1.0,True,1.0
ablation,ablation,opaque_dependency_l6,evaluation_seen,success,full_aassr,full_depth2_branch1_max,30,0.0,0.0,0.0,0.0,0.0,0.0,1.0,True,1.0
ablation,ablation,opaque_dependency_l6,evaluation_seen,steps,full_aassr,full_depth2_branch1_max,30,6.0,6.0,0.0,0.0,0.0,0.0,1.0,True,1.0
ablation,ablation,opaque_dependency_l6,evaluation_seen,high_level_steps,full_aassr,full_depth2_branch1_max,30,6.0,6.0,0.0,0.0,0.0,0.0,1.0,True,1.0
ablation,ablation,opaque_dependency_l6,evaluation_seen,primitive_steps,full_aassr,full_depth2_branch1_max,30,6.0,6.0,0.0,0.0,0.0,0.0,1.0,True,1.0
ablation,ablation,opaque_dependency_l6,evaluation_seen,reward,full_aassr,full_depth2_branch1_max,30,0.0,0.0,0.0,0.0,0.0,0.0,1.0,True,1.0
ablation,ablation,opaque_dependency_l6,evaluation_seen,errors,full_aassr,full_depth2_branch1_max,30,0.0,0.0,0.0,0.0,0.0,0.0,1.0,True,1.0
ablation,ablation,opaque_dependency_l6,evaluation_seen,repeats,full_aassr,full_depth2_branch1_max,30,0.0,0.0,0.0,0.0,0.0,0.0,1.0,True,1.0
ablation,ablation,opaque_dependency_l6,evaluation_seen,prediction_score,full_aassr,full_depth2_branch1_max,30,0.0,0.0,0.0,0.0,0.0,0.0,1.0,True,1.0
ablation,ablation,opaque_dependency_l6,evaluation_seen,holdout_score,full_aassr,full_depth2_branch1_max,30,1.0,1.0,0.0,0.0,0.0,0.0,1.0,True,1.0
ablation,ablation,opaque_dependency_l6,evaluation_seen,imagined_nodes,full_aassr,full_depth2_branch1_max,30,0.0,0.0,0.0,0.0,0.0,0.0,1.0,True,1.0
ablation,ablation,opaque_dependency_l6,evaluation_seen,imagination_depth,full_aassr,full_depth2_branch1_max,30,0.0,0.0,0.0,0.0,0.0,0.0,1.0,True,1.0
ablation,ablation,opaque_dependency_l6,evaluation_seen,actual_return,full_aassr,full_depth2_branch1_max,30,0.0,0.0,0.0,0.0,0.0,0.0,1.0,True,1.0
ablation,ablation,opaque_dependency_l6,evaluation_seen,runtime_seconds,full_aassr,full_depth2_branch1_max,30,0.003473828750201695,0.0033871816834531877,8.664706674850704e-05,-0.00012999521653303715,0.00029840770030083755,0.14709058599510613,0.4231788410579471,True,1.0
ablation,ablation,opaque_dependency_l6,evaluation_seen,real_transitions,full_aassr,full_depth2_branch1_max,30,6.0,6.0,0.0,0.0,0.0,0.0,1.0,True,1.0
ablation,ablation,opaque_dependency_l6,evaluation_seen,imagined_transitions,full_aassr,full_depth2_branch1_max,30,0.0,0.0,0.0,0.0,0.0,0.0,1.0,True,1.0
ablation,ablation,opaque_dependency_l6,evaluation_seen,action_proposals,full_aassr,full_depth2_branch1_max,30,6.0,6.0,0.0,0.0,0.0,0.0,1.0,True,1.0
ablation,ablation,opaque_dependency_l6,evaluation_seen,repeat_rate,full_aassr,full_depth2_branch1_max,30,0.0,0.0,0.0,0.0,0.0,0.0,1.0,True,1.0
ablation,ablation,opaque_dependency_l6,evaluation_seen,error_rate,full_aassr,full_depth2_branch1_max,30,0.0,0.0,0.0,0.0,0.0,0.0,1.0,True,1.0
ablation,ablation,opaque_dependency_l6,evaluation_seen,success,full_aassr,full_depth2_branch1_mean,30,0.0,0.0,0.0,0.0,0.0,0.0,1.0,True,1.0
ablation,ablation,opaque_dependency_l6,evaluation_seen,steps,full_aassr,full_depth2_branch1_mean,30,6.0,6.0,0.0,0.0,0.0,0.0,1.0,True,1.0
ablation,ablation,opaque_dependency_l6,evaluation_seen,high_level_steps,full_aassr,full_depth2_branch1_mean,30,6.0,6.0,0.0,0.0,0.0,0.0,1.0,True,1.0
ablation,ablation,opaque_dependency_l6,evaluation_seen,primitive_steps,full_aassr,full_depth2_branch1_mean,30,6.0,6.0,0.0,0.0,0.0,0.0,1.0,True,1.0
ablation,ablation,opaque_dependency_l6,evaluation_seen,reward,full_aassr,full_depth2_branch1_mean,30,0.0,0.0,0.0,0.0,0.0,0.0,1.0,True,1.0
ablation,ablation,opaque_dependency_l6,evaluation_seen,errors,full_aassr,full_depth2_branch1_mean,30,0.0,0.0,0.0,0.0,0.0,0.0,1.0,True,1.0
ablation,ablation,opaque_dependency_l6,evaluation_seen,repeats,full_aassr,full_depth2_branch1_mean,30,0.0,0.0,0.0,0.0,0.0,0.0,1.0,True,1.0
ablation,ablation,opaque_dependency_l6,evaluation_seen,prediction_score,full_aassr,full_depth2_branch1_mean,30,0.0,0.0,0.0,0.0,0.0,0.0,1.0,True,1.0
ablation,ablation,opaque_dependency_l6,evaluation_seen,holdout_score,full_aassr,full_depth2_branch1_mean,30,1.0,1.0,0.0,0.0,0.0,0.0,1.0,True,1.0
ablation,ablation,opaque_dependency_l6,evaluation_seen,imagined_nodes,full_aassr,full_depth2_branch1_mean,30,0.0,0.0,0.0,0.0,0.0,0.0,1.0,True,1.0
ablation,ablation,opaque_dependency_l6,evaluation_seen,imagination_depth,full_aassr,full_depth2_branch1_mean,30,0.0,0.0,0.0,0.0,0.0,0.0,1.0,True,1.0
ablation,ablation,opaque_dependency_l6,evaluation_seen,actual_return,full_aassr,full_depth2_branch1_mean,30,0.0,0.0,0.0,0.0,0.0,0.0,1.0,True,1.0
ablation,ablation,opaque_dependency_l6,evaluation_seen,runtime_seconds,full_aassr,full_depth2_branch1_mean,30,0.003473828750201695,0.0035756635000191938,-0.00010183474981749897,-0.0002745155332086142,7.076043371732037e-05,-0.20966483129358723,0.2621368931553422,True,1.0
ablation,ablation,opaque_dependency_l6,evaluation_seen,real_transitions,full_aassr,full_depth2_branch1_mean,30,6.0,6.0,0.0,0.0,0.0,0.0,1.0,True,1.0
ablation,ablation,opaque_dependency_l6,evaluation_seen,imagined_transitions,full_aassr,full_depth2_branch1_mean,30,0.0,0.0,0.0,0.0,0.0,0.0,1.0,True,1.0
ablation,ablation,opaque_dependency_l6,evaluation_seen,action_proposals,full_aassr,full_depth2_branch1_mean,30,6.0,6.0,0.0,0.0,0.0,0.0,1.0,True,1.0
ablation,ablation,opaque_dependency_l6,evaluation_seen,repeat_rate,full_aassr,full_depth2_branch1_mean,30,0.0,0.0,0.0,0.0,0.0,0.0,1.0,True,1.0
ablation,ablation,opaque_dependency_l6,evaluation_seen,error_rate,full_aassr,full_depth2_branch1_mean,30,0.0,0.0,0.0,0.0,0.0,0.0,1.0,True,1.0
ablation,ablation,opaque_dependency_l6,evaluation_seen,success,full_aassr,full_depth2_branch1_risk-adjusted,30,0.0,0.0,0.0,0.0,0.0,0.0,1.0,True,1.0
ablation,ablation,opaque_dependency_l6,evaluation_seen,steps,full_aassr,full_depth2_branch1_risk-adjusted,30,6.0,6.0,0.0,0.0,0.0,0.0,1.0,True,1.0
ablation,ablation,opaque_dependency_l6,evaluation_seen,high_level_steps,full_aassr,full_depth2_branch1_risk-adjusted,30,6.0,6.0,0.0,0.0,0.0,0.0,1.0,True,1.0
ablation,ablation,opaque_dependency_l6,evaluation_seen,primitive_steps,full_aassr,full_depth2_branch1_risk-adjusted,30,6.0,6.0,0.0,0.0,0.0,0.0,1.0,True,1.0
ablation,ablation,opaque_dependency_l6,evaluation_seen,reward,full_aassr,full_depth2_branch1_risk-adjusted,30,0.0,0.0,0.0,0.0,0.0,0.0,1.0,True,1.0
ablation,ablation,opaque_dependency_l6,evaluation_seen,errors,full_aassr,full_depth2_branch1_risk-adjusted,30,0.0,0.0,0.0,0.0,0.0,0.0,1.0,True,1.0
ablation,ablation,opaque_dependency_l6,evaluation_seen,repeats,full_aassr,full_depth2_branch1_risk-adjusted,30,0.0,0.0,0.0,0.0,0.0,0.0,1.0,True,1.0
ablation,ablation,opaque_dependency_l6,evaluation_seen,prediction_score,full_aassr,full_depth2_branch1_risk-adjusted,30,0.0,0.0,0.0,0.0,0.0,0.0,1.0,True,1.0
ablation,ablation,opaque_dependency_l6,evaluation_seen,holdout_score,full_aassr,full_depth2_branch1_risk-adjusted,30,1.0,1.0,0.0,0.0,0.0,0.0,1.0,True,1.0
ablation,ablation,opaque_dependency_l6,evaluation_seen,imagined_nodes,full_aassr,full_depth2_branch1_risk-adjusted,30,0.0,0.0,0.0,0.0,0.0,0.0,1.0,True,1.0
ablation,ablation,opaque_dependency_l6,evaluation_seen,imagination_depth,full_aassr,full_depth2_branch1_risk-adjusted,30,0.0,0.0,0.0,0.0,0.0,0.0,1.0,True,1.0
ablation,ablation,opaque_dependency_l6,evaluation_seen,actual_return,full_aassr,full_depth2_branch1_risk-adjusted,30,0.0,0.0,0.0,0.0,0.0,0.0,1.0,True,1.0
ablation,ablation,opaque_dependency_l6,evaluation_seen,runtime_seconds,full_aassr,full_depth2_branch1_risk-adjusted,30,0.003473828750201695,0.0034515735666306377,2.22551835710571e-05,-0.00017916585003452685,0.00021902641701550846,0.03953819226394196,0.8261086945652717,True,1.0
ablation,ablation,opaque_dependency_l6,evaluation_seen,real_transitions,full_aassr,full_depth2_branch1_risk-adjusted,30,6.0,6.0,0.0,0.0,0.0,0.0,1.0,True,1.0
ablation,ablation,opaque_dependency_l6,evaluation_seen,imagined_transitions,full_aassr,full_depth2_branch1_risk-adjusted,30,0.0,0.0,0.0,0.0,0.0,0.0,1.0,True,1.0
ablation,ablation,opaque_dependency_l6,evaluation_seen,action_proposals,full_aassr,full_depth2_branch1_risk-adjusted,30,6.0,6.0,0.0,0.0,0.0,0.0,1.0,True,1.0
ablation,ablation,opaque_dependency_l6,evaluation_seen,repeat_rate,full_aassr,full_depth2_branch1_risk-adjusted,30,0.0,0.0,0.0,0.0,0.0,0.0,1.0,True,1.0
ablation,ablation,opaque_dependency_l6,evaluation_seen,error_rate,full_aassr,full_depth2_branch1_risk-adjusted,30,0.0,0.0,0.0,0.0,0.0,0.0,1.0,True,1.0
ablation,ablation,opaque_dependency_l6,evaluation_seen,success,full_aassr,full_depth2_branch2_max,30,0.0,0.0,0.0,0.0,0.0,0.0,1.0,True,1.0
ablation,ablation,opaque_dependency_l6,evaluation_seen,steps,full_aassr,full_depth2_branch2_max,30,6.0,6.0,0.0,0.0,0.0,0.0,1.0,True,1.0
ablation,ablation,opaque_dependency_l6,evaluation_seen,high_level_steps,full_aassr,full_depth2_branch2_max,30,6.0,6.0,0.0,0.0,0.0,0.0,1.0,True,1.0
ablation,ablation,opaque_dependency_l6,evaluation_seen,primitive_steps,full_aassr,full_depth2_branch2_max,30,6.0,6.0,0.0,0.0,0.0,0.0,1.0,True,1.0
ablation,ablation,opaque_dependency_l6,evaluation_seen,reward,full_aassr,full_depth2_branch2_max,30,0.0,0.0,0.0,0.0,0.0,0.0,1.0,True,1.0
ablation,ablation,opaque_dependency_l6,evaluation_seen,errors,full_aassr,full_depth2_branch2_max,30,0.0,0.0,0.0,0.0,0.0,0.0,1.0,True,1.0
ablation,ablation,opaque_dependency_l6,evaluation_seen,repeats,full_aassr,full_depth2_branch2_max,30,0.0,0.0,0.0,0.0,0.0,0.0,1.0,True,1.0
ablation,ablation,opaque_dependency_l6,evaluation_seen,prediction_score,full_aassr,full_depth2_branch2_max,30,0.0,0.0,0.0,0.0,0.0,0.0,1.0,True,1.0
ablation,ablation,opaque_dependency_l6,evaluation_seen,holdout_score,full_aassr,full_depth2_branch2_max,30,1.0,1.0,0.0,0.0,0.0,0.0,1.0,True,1.0
ablation,ablation,opaque_dependency_l6,evaluation_seen,imagined_nodes,full_aassr,full_depth2_branch2_max,30,0.0,0.0,0.0,0.0,0.0,0.0,1.0,True,1.0
ablation,ablation,opaque_dependency_l6,evaluation_seen,imagination_depth,full_aassr,full_depth2_branch2_max,30,0.0,0.0,0.0,0.0,0.0,0.0,1.0,True,1.0
ablation,ablation,opaque_dependency_l6,evaluation_seen,actual_return,full_aassr,full_depth2_branch2_max,30,0.0,0.0,0.0,0.0,0.0,0.0,1.0,True,1.0
ablation,ablation,opaque_dependency_l6,evaluation_seen,runtime_seconds,full_aassr,full_depth2_branch2_max,30,0.003473828750201695,0.0035249418665334814,-5.111311633178653e-05,-0.000244353166242945,0.00014825533360029417,-0.09079330596768583,0.6266686665666716,True,1.0
ablation,ablation,opaque_dependency_l6,evaluation_seen,real_transitions,full_aassr,full_depth2_branch2_max,30,6.0,6.0,0.0,0.0,0.0,0.0,1.0,True,1.0
ablation,ablation,opaque_dependency_l6,evaluation_seen,imagined_transitions,full_aassr,full_depth2_branch2_max,30,0.0,0.0,0.0,0.0,0.0,0.0,1.0,True,1.0
ablation,ablation,opaque_dependency_l6,evaluation_seen,action_proposals,full_aassr,full_depth2_branch2_max,30,6.0,6.0,0.0,0.0,0.0,0.0,1.0,True,1.0
ablation,ablation,opaque_dependency_l6,evaluation_seen,repeat_rate,full_aassr,full_depth2_branch2_max,30,0.0,0.0,0.0,0.0,0.0,0.0,1.0,True,1.0
ablation,ablation,opaque_dependency_l6,evaluation_seen,error_rate,full_aassr,full_depth2_branch2_max,30,0.0,0.0,0.0,0.0,0.0,0.0,1.0,True,1.0
ablation,ablation,opaque_dependency_l6,evaluation_seen,success,full_aassr,full_depth2_branch2_mean,30,0.0,0.0,0.0,0.0,0.0,0.0,1.0,True,1.0
ablation,ablation,opaque_dependency_l6,evaluation_seen,steps,full_aassr,full_depth2_branch2_mean,30,6.0,6.0,0.0,0.0,0.0,0.0,1.0,True,1.0
ablation,ablation,opaque_dependency_l6,evaluation_seen,high_level_steps,full_aassr,full_depth2_branch2_mean,30,6.0,6.0,0.0,0.0,0.0,0.0,1.0,True,1.0
ablation,ablation,opaque_dependency_l6,evaluation_seen,primitive_steps,full_aassr,full_depth2_branch2_mean,30,6.0,6.0,0.0,0.0,0.0,0.0,1.0,True,1.0
ablation,ablation,opaque_dependency_l6,evaluation_seen,reward,full_aassr,full_depth2_branch2_mean,30,0.0,0.0,0.0,0.0,0.0,0.0,1.0,True,1.0
ablation,ablation,opaque_dependency_l6,evaluation_seen,errors,full_aassr,full_depth2_branch2_mean,30,0.0,0.0,0.0,0.0,0.0,0.0,1.0,True,1.0
ablation,ablation,opaque_dependency_l6,evaluation_seen,repeats,full_aassr,full_depth2_branch2_mean,30,0.0,0.0,0.0,0.0,0.0,0.0,1.0,True,1.0
ablation,ablation,opaque_dependency_l6,evaluation_seen,prediction_score,full_aassr,full_depth2_branch2_mean,30,0.0,0.0,0.0,0.0,0.0,0.0,1.0,True,1.0
ablation,ablation,opaque_dependency_l6,evaluation_seen,holdout_score,full_aassr,full_depth2_branch2_mean,30,1.0,1.0,0.0,0.0,0.0,0.0,1.0,True,1.0
ablation,ablation,opaque_dependency_l6,evaluation_seen,imagined_nodes,full_aassr,full_depth2_branch2_mean,30,0.0,0.0,0.0,0.0,0.0,0.0,1.0,True,1.0
ablation,ablation,opaque_dependency_l6,evaluation_seen,imagination_depth,full_aassr,full_depth2_branch2_mean,30,0.0,0.0,0.0,0.0,0.0,0.0,1.0,True,1.0
ablation,ablation,opaque_dependency_l6,evaluation_seen,actual_return,full_aassr,full_depth2_branch2_mean,30,0.0,0.0,0.0,0.0,0.0,0.0,1.0,True,1.0
ablation,ablation,opaque_dependency_l6,evaluation_seen,runtime_seconds,full_aassr,full_depth2_branch2_mean,30,0.003473828750201695,0.0035709567666102277,-9.712801640853288e-05,-0.0002559471994948884,6.618676673679144e-05,-0.21358762922939864,0.24863756812159393,True,1.0
ablation,ablation,opaque_dependency_l6,evaluation_seen,real_transitions,full_aassr,full_depth2_branch2_mean,30,6.0,6.0,0.0,0.0,0.0,0.0,1.0,True,1.0
ablation,ablation,opaque_dependency_l6,evaluation_seen,imagined_transitions,full_aassr,full_depth2_branch2_mean,30,0.0,0.0,0.0,0.0,0.0,0.0,1.0,True,1.0
ablation,ablation,opaque_dependency_l6,evaluation_seen,action_proposals,full_aassr,full_depth2_branch2_mean,30,6.0,6.0,0.0,0.0,0.0,0.0,1.0,True,1.0
ablation,ablation,opaque_dependency_l6,evaluation_seen,repeat_rate,full_aassr,full_depth2_branch2_mean,30,0.0,0.0,0.0,0.0,0.0,0.0,1.0,True,1.0
ablation,ablation,opaque_dependency_l6,evaluation_seen,error_rate,full_aassr,full_depth2_branch2_mean,30,0.0,0.0,0.0,0.0,0.0,0.0,1.0,True,1.0
ablation,ablation,opaque_dependency_l6,evaluation_seen,success,full_aassr,full_depth2_branch2_risk-adjusted,30,0.0,0.0,0.0,0.0,0.0,0.0,1.0,True,1.0
ablation,ablation,opaque_dependency_l6,evaluation_seen,steps,full_aassr,full_depth2_branch2_risk-adjusted,30,6.0,6.0,0.0,0.0,0.0,0.0,1.0,True,1.0
ablation,ablation,opaque_dependency_l6,evaluation_seen,high_level_steps,full_aassr,full_depth2_branch2_risk-adjusted,30,6.0,6.0,0.0,0.0,0.0,0.0,1.0,True,1.0
ablation,ablation,opaque_dependency_l6,evaluation_seen,primitive_steps,full_aassr,full_depth2_branch2_risk-adjusted,30,6.0,6.0,0.0,0.0,0.0,0.0,1.0,True,1.0
ablation,ablation,opaque_dependency_l6,evaluation_seen,reward,full_aassr,full_depth2_branch2_risk-adjusted,30,0.0,0.0,0.0,0.0,0.0,0.0,1.0,True,1.0
ablation,ablation,opaque_dependency_l6,evaluation_seen,errors,full_aassr,full_depth2_branch2_risk-adjusted,30,0.0,0.0,0.0,0.0,0.0,0.0,1.0,True,1.0
ablation,ablation,opaque_dependency_l6,evaluation_seen,repeats,full_aassr,full_depth2_branch2_risk-adjusted,30,0.0,0.0,0.0,0.0,0.0,0.0,1.0,True,1.0
ablation,ablation,opaque_dependency_l6,evaluation_seen,prediction_score,full_aassr,full_depth2_branch2_risk-adjusted,30,0.0,0.0,0.0,0.0,0.0,0.0,1.0,True,1.0
ablation,ablation,opaque_dependency_l6,evaluation_seen,holdout_score,full_aassr,full_depth2_branch2_risk-adjusted,30,1.0,1.0,0.0,0.0,0.0,0.0,1.0,True,1.0
ablation,ablation,opaque_dependency_l6,evaluation_seen,imagined_nodes,full_aassr,full_depth2_branch2_risk-adjusted,30,0.0,0.0,0.0,0.0,0.0,0.0,1.0,True,1.0
ablation,ablation,opaque_dependency_l6,evaluation_seen,imagination_depth,full_aassr,full_depth2_branch2_risk-adjusted,30,0.0,0.0,0.0,0.0,0.0,0.0,1.0,True,1.0
ablation,ablation,opaque_dependency_l6,evaluation_seen,actual_return,full_aassr,full_depth2_branch2_risk-adjusted,30,0.0,0.0,0.0,0.0,0.0,0.0,1.0,True,1.0
ablation,ablation,opaque_dependency_l6,evaluation_seen,runtime_seconds,full_aassr,full_depth2_branch2_risk-adjusted,30,0.003473828750201695,0.003678581233209116,-0.00020475248300742046,-0.00040447348344120355,4.3638386220362474e-07,-0.35631595477697714,0.060096995150242485,True,1.0
ablation,ablation,opaque_dependency_l6,evaluation_seen,real_transitions,full_aassr,full_depth2_branch2_risk-adjusted,30,6.0,6.0,0.0,0.0,0.0,0.0,1.0,True,1.0
ablation,ablation,opaque_dependency_l6,evaluation_seen,imagined_transitions,full_aassr,full_depth2_branch2_risk-adjusted,30,0.0,0.0,0.0,0.0,0.0,0.0,1.0,True,1.0
ablation,ablation,opaque_dependency_l6,evaluation_seen,action_proposals,full_aassr,full_depth2_branch2_risk-adjusted,30,6.0,6.0,0.0,0.0,0.0,0.0,1.0,True,1.0
ablation,ablation,opaque_dependency_l6,evaluation_seen,repeat_rate,full_aassr,full_depth2_branch2_risk-adjusted,30,0.0,0.0,0.0,0.0,0.0,0.0,1.0,True,1.0
ablation,ablation,opaque_dependency_l6,evaluation_seen,error_rate,full_aassr,full_depth2_branch2_risk-adjusted,30,0.0,0.0,0.0,0.0,0.0,0.0,1.0,True,1.0
ablation,ablation,opaque_dependency_l6,evaluation_seen,success,full_aassr,full_depth2_branch4_max,30,0.0,0.0,0.0,0.0,0.0,0.0,1.0,True,1.0
ablation,ablation,opaque_dependency_l6,evaluation_seen,steps,full_aassr,full_depth2_branch4_max,30,6.0,6.0,0.0,0.0,0.0,0.0,1.0,True,1.0
ablation,ablation,opaque_dependency_l6,evaluation_seen,high_level_steps,full_aassr,full_depth2_branch4_max,30,6.0,6.0,0.0,0.0,0.0,0.0,1.0,True,1.0
ablation,ablation,opaque_dependency_l6,evaluation_seen,primitive_steps,full_aassr,full_depth2_branch4_max,30,6.0,6.0,0.0,0.0,0.0,0.0,1.0,True,1.0
ablation,ablation,opaque_dependency_l6,evaluation_seen,reward,full_aassr,full_depth2_branch4_max,30,0.0,0.0,0.0,0.0,0.0,0.0,1.0,True,1.0
ablation,ablation,opaque_dependency_l6,evaluation_seen,errors,full_aassr,full_depth2_branch4_max,30,0.0,0.0,0.0,0.0,0.0,0.0,1.0,True,1.0
ablation,ablation,opaque_dependency_l6,evaluation_seen,repeats,full_aassr,full_depth2_branch4_max,30,0.0,0.0,0.0,0.0,0.0,0.0,1.0,True,1.0
ablation,ablation,opaque_dependency_l6,evaluation_seen,prediction_score,full_aassr,full_depth2_branch4_max,30,0.0,0.0,0.0,0.0,0.0,0.0,1.0,True,1.0
ablation,ablation,opaque_dependency_l6,evaluation_seen,holdout_score,full_aassr,full_depth2_branch4_max,30,1.0,1.0,0.0,0.0,0.0,0.0,1.0,True,1.0
ablation,ablation,opaque_dependency_l6,evaluation_seen,imagined_nodes,full_aassr,full_depth2_branch4_max,30,0.0,0.0,0.0,0.0,0.0,0.0,1.0,True,1.0
ablation,ablation,opaque_dependency_l6,evaluation_seen,imagination_depth,full_aassr,full_depth2_branch4_max,30,0.0,0.0,0.0,0.0,0.0,0.0,1.0,True,1.0
ablation,ablation,opaque_dependency_l6,evaluation_seen,actual_return,full_aassr,full_depth2_branch4_max,30,0.0,0.0,0.0,0.0,0.0,0.0,1.0,True,1.0
ablation,ablation,opaque_dependency_l6,evaluation_seen,runtime_seconds,full_aassr,full_depth2_branch4_max,30,0.003473828750201695,0.0034705208832456263,3.3078669560685293e-06,-0.00023167001644227033,0.00022679231686439986,0.0050937668615095985,0.9794010299485025,True,1.0
ablation,ablation,opaque_dependency_l6,evaluation_seen,real_transitions,full_aassr,full_depth2_branch4_max,30,6.0,6.0,0.0,0.0,0.0,0.0,1.0,True,1.0
ablation,ablation,opaque_dependency_l6,evaluation_seen,imagined_transitions,full_aassr,full_depth2_branch4_max,30,0.0,0.0,0.0,0.0,0.0,0.0,1.0,True,1.0
ablation,ablation,opaque_dependency_l6,evaluation_seen,action_proposals,full_aassr,full_depth2_branch4_max,30,6.0,6.0,0.0,0.0,0.0,0.0,1.0,True,1.0
ablation,ablation,opaque_dependency_l6,evaluation_seen,repeat_rate,full_aassr,full_depth2_branch4_max,30,0.0,0.0,0.0,0.0,0.0,0.0,1.0,True,1.0
ablation,ablation,opaque_dependency_l6,evaluation_seen,error_rate,full_aassr,full_depth2_branch4_max,30,0.0,0.0,0.0,0.0,0.0,0.0,1.0,True,1.0
ablation,ablation,opaque_dependency_l6,evaluation_seen,success,full_aassr,full_depth2_branch4_mean,30,0.0,0.0,0.0,0.0,0.0,0.0,1.0,True,1.0
ablation,ablation,opaque_dependency_l6,evaluation_seen,steps,full_aassr,full_depth2_branch4_mean,30,6.0,6.0,0.0,0.0,0.0,0.0,1.0,True,1.0
ablation,ablation,opaque_dependency_l6,evaluation_seen,high_level_steps,full_aassr,full_depth2_branch4_mean,30,6.0,6.0,0.0,0.0,0.0,0.0,1.0,True,1.0
ablation,ablation,opaque_dependency_l6,evaluation_seen,primitive_steps,full_aassr,full_depth2_branch4_mean,30,6.0,6.0,0.0,0.0,0.0,0.0,1.0,True,1.0
ablation,ablation,opaque_dependency_l6,evaluation_seen,reward,full_aassr,full_depth2_branch4_mean,30,0.0,0.0,0.0,0.0,0.0,0.0,1.0,True,1.0
ablation,ablation,opaque_dependency_l6,evaluation_seen,errors,full_aassr,full_depth2_branch4_mean,30,0.0,0.0,0.0,0.0,0.0,0.0,1.0,True,1.0
ablation,ablation,opaque_dependency_l6,evaluation_seen,repeats,full_aassr,full_depth2_branch4_mean,30,0.0,0.0,0.0,0.0,0.0,0.0,1.0,True,1.0
ablation,ablation,opaque_dependency_l6,evaluation_seen,prediction_score,full_aassr,full_depth2_branch4_mean,30,0.0,0.0,0.0,0.0,0.0,0.0,1.0,True,1.0
ablation,ablation,opaque_dependency_l6,evaluation_seen,holdout_score,full_aassr,full_depth2_branch4_mean,30,1.0,1.0,0.0,0.0,0.0,0.0,1.0,True,1.0
ablation,ablation,opaque_dependency_l6,evaluation_seen,imagined_nodes,full_aassr,full_depth2_branch4_mean,30,0.0,0.0,0.0,0.0,0.0,0.0,1.0,True,1.0
ablation,ablation,opaque_dependency_l6,evaluation_seen,imagination_depth,full_aassr,full_depth2_branch4_mean,30,0.0,0.0,0.0,0.0,0.0,0.0,1.0,True,1.0
ablation,ablation,opaque_dependency_l6,evaluation_seen,actual_return,full_aassr,full_depth2_branch4_mean,30,0.0,0.0,0.0,0.0,0.0,0.0,1.0,True,1.0
ablation,ablation,opaque_dependency_l6,evaluation_seen,runtime_seconds,full_aassr,full_depth2_branch4_mean,30,0.003473828750201695,0.003446657716636158,2.7171033565537036e-05,-0.00017146828303521045,0.00022065520033356722,0.048005919403293386,0.7973601319934003,True,1.0
ablation,ablation,opaque_dependency_l6,evaluation_seen,real_transitions,full_aassr,full_depth2_branch4_mean,30,6.0,6.0,0.0,0.0,0.0,0.0,1.0,True,1.0
ablation,ablation,opaque_dependency_l6,evaluation_seen,imagined_transitions,full_aassr,full_depth2_branch4_mean,30,0.0,0.0,0.0,0.0,0.0,0.0,1.0,True,1.0
ablation,ablation,opaque_dependency_l6,evaluation_seen,action_proposals,full_aassr,full_depth2_branch4_mean,30,6.0,6.0,0.0,0.0,0.0,0.0,1.0,True,1.0
ablation,ablation,opaque_dependency_l6,evaluation_seen,repeat_rate,full_aassr,full_depth2_branch4_mean,30,0.0,0.0,0.0,0.0,0.0,0.0,1.0,True,1.0
ablation,ablation,opaque_dependency_l6,evaluation_seen,error_rate,full_aassr,full_depth2_branch4_mean,30,0.0,0.0,0.0,0.0,0.0,0.0,1.0,True,1.0
ablation,ablation,opaque_dependency_l6,evaluation_seen,success,full_aassr,full_depth2_branch4_risk-adjusted,30,0.0,0.0,0.0,0.0,0.0,0.0,1.0,True,1.0
ablation,ablation,opaque_dependency_l6,evaluation_seen,steps,full_aassr,full_depth2_branch4_risk-adjusted,30,6.0,6.0,0.0,0.0,0.0,0.0,1.0,True,1.0
ablation,ablation,opaque_dependency_l6,evaluation_seen,high_level_steps,full_aassr,full_depth2_branch4_risk-adjusted,30,6.0,6.0,0.0,0.0,0.0,0.0,1.0,True,1.0
ablation,ablation,opaque_dependency_l6,evaluation_seen,primitive_steps,full_aassr,full_depth2_branch4_risk-adjusted,30,6.0,6.0,0.0,0.0,0.0,0.0,1.0,True,1.0
ablation,ablation,opaque_dependency_l6,evaluation_seen,reward,full_aassr,full_depth2_branch4_risk-adjusted,30,0.0,0.0,0.0,0.0,0.0,0.0,1.0,True,1.0
ablation,ablation,opaque_dependency_l6,evaluation_seen,errors,full_aassr,full_depth2_branch4_risk-adjusted,30,0.0,0.0,0.0,0.0,0.0,0.0,1.0,True,1.0
ablation,ablation,opaque_dependency_l6,evaluation_seen,repeats,full_aassr,full_depth2_branch4_risk-adjusted,30,0.0,0.0,0.0,0.0,0.0,0.0,1.0,True,1.0
ablation,ablation,opaque_dependency_l6,evaluation_seen,prediction_score,full_aassr,full_depth2_branch4_risk-adjusted,30,0.0,0.0,0.0,0.0,0.0,0.0,1.0,True,1.0
ablation,ablation,opaque_dependency_l6,evaluation_seen,holdout_score,full_aassr,full_depth2_branch4_risk-adjusted,30,1.0,1.0,0.0,0.0,0.0,0.0,1.0,True,1.0
ablation,ablation,opaque_dependency_l6,evaluation_seen,imagined_nodes,full_aassr,full_depth2_branch4_risk-adjusted,30,0.0,0.0,0.0,0.0,0.0,0.0,1.0,True,1.0
ablation,ablation,opaque_dependency_l6,evaluation_seen,imagination_depth,full_aassr,full_depth2_branch4_risk-adjusted,30,0.0,0.0,0.0,0.0,0.0,0.0,1.0,True,1.0
ablation,ablation,opaque_dependency_l6,evaluation_seen,actual_return,full_aassr,full_depth2_branch4_risk-adjusted,30,0.0,0.0,0.0,0.0,0.0,0.0,1.0,True,1.0
ablation,ablation,opaque_dependency_l6,evaluation_seen,runtime_seconds,full_aassr,full_depth2_branch4_risk-adjusted,30,0.003473828750201695,0.00356685833336572,-9.302958316402507e-05,-0.00031820530000550195,0.00012060488304996397,-0.1473282457415644,0.4286785660716964,True,1.0
ablation,ablation,opaque_dependency_l6,evaluation_seen,real_transitions,full_aassr,full_depth2_branch4_risk-adjusted,30,6.0,6.0,0.0,0.0,0.0,0.0,1.0,True,1.0
ablation,ablation,opaque_dependency_l6,evaluation_seen,imagined_transitions,full_aassr,full_depth2_branch4_risk-adjusted,30,0.0,0.0,0.0,0.0,0.0,0.0,1.0,True,1.0
ablation,ablation,opaque_dependency_l6,evaluation_seen,action_proposals,full_aassr,full_depth2_branch4_risk-adjusted,30,6.0,6.0,0.0,0.0,0.0,0.0,1.0,True,1.0
ablation,ablation,opaque_dependency_l6,evaluation_seen,repeat_rate,full_aassr,full_depth2_branch4_risk-adjusted,30,0.0,0.0,0.0,0.0,0.0,0.0,1.0,True,1.0
ablation,ablation,opaque_dependency_l6,evaluation_seen,error_rate,full_aassr,full_depth2_branch4_risk-adjusted,30,0.0,0.0,0.0,0.0,0.0,0.0,1.0,True,1.0
ablation,ablation,opaque_dependency_l6,evaluation_seen,success,full_aassr,full_depth4_branch1_max,30,0.0,0.0,0.0,0.0,0.0,0.0,1.0,True,1.0
ablation,ablation,opaque_dependency_l6,evaluation_seen,steps,full_aassr,full_depth4_branch1_max,30,6.0,6.0,0.0,0.0,0.0,0.0,1.0,True,1.0
ablation,ablation,opaque_dependency_l6,evaluation_seen,high_level_steps,full_aassr,full_depth4_branch1_max,30,6.0,6.0,0.0,0.0,0.0,0.0,1.0,True,1.0
ablation,ablation,opaque_dependency_l6,evaluation_seen,primitive_steps,full_aassr,full_depth4_branch1_max,30,6.0,6.0,0.0,0.0,0.0,0.0,1.0,True,1.0
ablation,ablation,opaque_dependency_l6,evaluation_seen,reward,full_aassr,full_depth4_branch1_max,30,0.0,0.0,0.0,0.0,0.0,0.0,1.0,True,1.0
ablation,ablation,opaque_dependency_l6,evaluation_seen,errors,full_aassr,full_depth4_branch1_max,30,0.0,0.0,0.0,0.0,0.0,0.0,1.0,True,1.0
ablation,ablation,opaque_dependency_l6,evaluation_seen,repeats,full_aassr,full_depth4_branch1_max,30,0.0,0.0,0.0,0.0,0.0,0.0,1.0,True,1.0
ablation,ablation,opaque_dependency_l6,evaluation_seen,prediction_score,full_aassr,full_depth4_branch1_max,30,0.0,0.0,0.0,0.0,0.0,0.0,1.0,True,1.0
ablation,ablation,opaque_dependency_l6,evaluation_seen,holdout_score,full_aassr,full_depth4_branch1_max,30,1.0,1.0,0.0,0.0,0.0,0.0,1.0,True,1.0
ablation,ablation,opaque_dependency_l6,evaluation_seen,imagined_nodes,full_aassr,full_depth4_branch1_max,30,0.0,0.0,0.0,0.0,0.0,0.0,1.0,True,1.0
ablation,ablation,opaque_dependency_l6,evaluation_seen,imagination_depth,full_aassr,full_depth4_branch1_max,30,0.0,0.0,0.0,0.0,0.0,0.0,1.0,True,1.0
ablation,ablation,opaque_dependency_l6,evaluation_seen,actual_return,full_aassr,full_depth4_branch1_max,30,0.0,0.0,0.0,0.0,0.0,0.0,1.0,True,1.0
ablation,ablation,opaque_dependency_l6,evaluation_seen,runtime_seconds,full_aassr,full_depth4_branch1_max,30,0.003473828750201695,0.00357159518332143,-9.776643311973509e-05,-0.00032681364970630966,0.00012609448339693093,-0.15440582418867524,0.40117994100294985,True,1.0
ablation,ablation,opaque_dependency_l6,evaluation_seen,real_transitions,full_aassr,full_depth4_branch1_max,30,6.0,6.0,0.0,0.0,0.0,0.0,1.0,True,1.0
ablation,ablation,opaque_dependency_l6,evaluation_seen,imagined_transitions,full_aassr,full_depth4_branch1_max,30,0.0,0.0,0.0,0.0,0.0,0.0,1.0,True,1.0
ablation,ablation,opaque_dependency_l6,evaluation_seen,action_proposals,full_aassr,full_depth4_branch1_max,30,6.0,6.0,0.0,0.0,0.0,0.0,1.0,True,1.0
ablation,ablation,opaque_dependency_l6,evaluation_seen,repeat_rate,full_aassr,full_depth4_branch1_max,30,0.0,0.0,0.0,0.0,0.0,0.0,1.0,True,1.0
ablation,ablation,opaque_dependency_l6,evaluation_seen,error_rate,full_aassr,full_depth4_branch1_max,30,0.0,0.0,0.0,0.0,0.0,0.0,1.0,True,1.0
ablation,ablation,opaque_dependency_l6,evaluation_seen,success,full_aassr,full_depth4_branch1_mean,30,0.0,0.0,0.0,0.0,0.0,0.0,1.0,True,1.0
ablation,ablation,opaque_dependency_l6,evaluation_seen,steps,full_aassr,full_depth4_branch1_mean,30,6.0,6.0,0.0,0.0,0.0,0.0,1.0,True,1.0
ablation,ablation,opaque_dependency_l6,evaluation_seen,high_level_steps,full_aassr,full_depth4_branch1_mean,30,6.0,6.0,0.0,0.0,0.0,0.0,1.0,True,1.0
ablation,ablation,opaque_dependency_l6,evaluation_seen,primitive_steps,full_aassr,full_depth4_branch1_mean,30,6.0,6.0,0.0,0.0,0.0,0.0,1.0,True,1.0
ablation,ablation,opaque_dependency_l6,evaluation_seen,reward,full_aassr,full_depth4_branch1_mean,30,0.0,0.0,0.0,0.0,0.0,0.0,1.0,True,1.0
ablation,ablation,opaque_dependency_l6,evaluation_seen,errors,full_aassr,full_depth4_branch1_mean,30,0.0,0.0,0.0,0.0,0.0,0.0,1.0,True,1.0
ablation,ablation,opaque_dependency_l6,evaluation_seen,repeats,full_aassr,full_depth4_branch1_mean,30,0.0,0.0,0.0,0.0,0.0,0.0,1.0,True,1.0
ablation,ablation,opaque_dependency_l6,evaluation_seen,prediction_score,full_aassr,full_depth4_branch1_mean,30,0.0,0.0,0.0,0.0,0.0,0.0,1.0,True,1.0
ablation,ablation,opaque_dependency_l6,evaluation_seen,holdout_score,full_aassr,full_depth4_branch1_mean,30,1.0,1.0,0.0,0.0,0.0,0.0,1.0,True,1.0
ablation,ablation,opaque_dependency_l6,evaluation_seen,imagined_nodes,full_aassr,full_depth4_branch1_mean,30,0.0,0.0,0.0,0.0,0.0,0.0,1.0,True,1.0
ablation,ablation,opaque_dependency_l6,evaluation_seen,imagination_depth,full_aassr,full_depth4_branch1_mean,30,0.0,0.0,0.0,0.0,0.0,0.0,1.0,True,1.0
ablation,ablation,opaque_dependency_l6,evaluation_seen,actual_return,full_aassr,full_depth4_branch1_mean,30,0.0,0.0,0.0,0.0,0.0,0.0,1.0,True,1.0
ablation,ablation,opaque_dependency_l6,evaluation_seen,runtime_seconds,full_aassr,full_depth4_branch1_mean,30,0.003473828750201695,0.003499825183088736,-2.599643288704102e-05,-0.00025930138276695895,0.0002064931670708271,-0.03919900334363756,0.8313584320783961,True,1.0
ablation,ablation,opaque_dependency_l6,evaluation_seen,real_transitions,full_aassr,full_depth4_branch1_mean,30,6.0,6.0,0.0,0.0,0.0,0.0,1.0,True,1.0
ablation,ablation,opaque_dependency_l6,evaluation_seen,imagined_transitions,full_aassr,full_depth4_branch1_mean,30,0.0,0.0,0.0,0.0,0.0,0.0,1.0,True,1.0
ablation,ablation,opaque_dependency_l6,evaluation_seen,action_proposals,full_aassr,full_depth4_branch1_mean,30,6.0,6.0,0.0,0.0,0.0,0.0,1.0,True,1.0
ablation,ablation,opaque_dependency_l6,evaluation_seen,repeat_rate,full_aassr,full_depth4_branch1_mean,30,0.0,0.0,0.0,0.0,0.0,0.0,1.0,True,1.0
ablation,ablation,opaque_dependency_l6,evaluation_seen,error_rate,full_aassr,full_depth4_branch1_mean,30,0.0,0.0,0.0,0.0,0.0,0.0,1.0,True,1.0
ablation,ablation,opaque_dependency_l6,evaluation_seen,success,full_aassr,full_depth4_branch1_risk-adjusted,30,0.0,0.0,0.0,0.0,0.0,0.0,1.0,True,1.0
ablation,ablation,opaque_dependency_l6,evaluation_seen,steps,full_aassr,full_depth4_branch1_risk-adjusted,30,6.0,6.0,0.0,0.0,0.0,0.0,1.0,True,1.0
ablation,ablation,opaque_dependency_l6,evaluation_seen,high_level_steps,full_aassr,full_depth4_branch1_risk-adjusted,30,6.0,6.0,0.0,0.0,0.0,0.0,1.0,True,1.0
ablation,ablation,opaque_dependency_l6,evaluation_seen,primitive_steps,full_aassr,full_depth4_branch1_risk-adjusted,30,6.0,6.0,0.0,0.0,0.0,0.0,1.0,True,1.0
ablation,ablation,opaque_dependency_l6,evaluation_seen,reward,full_aassr,full_depth4_branch1_risk-adjusted,30,0.0,0.0,0.0,0.0,0.0,0.0,1.0,True,1.0
ablation,ablation,opaque_dependency_l6,evaluation_seen,errors,full_aassr,full_depth4_branch1_risk-adjusted,30,0.0,0.0,0.0,0.0,0.0,0.0,1.0,True,1.0
ablation,ablation,opaque_dependency_l6,evaluation_seen,repeats,full_aassr,full_depth4_branch1_risk-adjusted,30,0.0,0.0,0.0,0.0,0.0,0.0,1.0,True,1.0
ablation,ablation,opaque_dependency_l6,evaluation_seen,prediction_score,full_aassr,full_depth4_branch1_risk-adjusted,30,0.0,0.0,0.0,0.0,0.0,0.0,1.0,True,1.0
ablation,ablation,opaque_dependency_l6,evaluation_seen,holdout_score,full_aassr,full_depth4_branch1_risk-adjusted,30,1.0,1.0,0.0,0.0,0.0,0.0,1.0,True,1.0
ablation,ablation,opaque_dependency_l6,evaluation_seen,imagined_nodes,full_aassr,full_depth4_branch1_risk-adjusted,30,0.0,0.0,0.0,0.0,0.0,0.0,1.0,True,1.0
ablation,ablation,opaque_dependency_l6,evaluation_seen,imagination_depth,full_aassr,full_depth4_branch1_risk-adjusted,30,0.0,0.0,0.0,0.0,0.0,0.0,1.0,True,1.0
ablation,ablation,opaque_dependency_l6,evaluation_seen,actual_return,full_aassr,full_depth4_branch1_risk-adjusted,30,0.0,0.0,0.0,0.0,0.0,0.0,1.0,True,1.0
ablation,ablation,opaque_dependency_l6,evaluation_seen,runtime_seconds,full_aassr,full_depth4_branch1_risk-adjusted,30,0.003473828750201695,0.0036331947667398103,-0.00015936601653811528,-0.0003655808162147878,4.839636641554529e-05,-0.26827048162566886,0.15309234538273087,True,1.0
ablation,ablation,opaque_dependency_l6,evaluation_seen,real_transitions,full_aassr,full_depth4_branch1_risk-adjusted,30,6.0,6.0,0.0,0.0,0.0,0.0,1.0,True,1.0
ablation,ablation,opaque_dependency_l6,evaluation_seen,imagined_transitions,full_aassr,full_depth4_branch1_risk-adjusted,30,0.0,0.0,0.0,0.0,0.0,0.0,1.0,True,1.0
ablation,ablation,opaque_dependency_l6,evaluation_seen,action_proposals,full_aassr,full_depth4_branch1_risk-adjusted,30,6.0,6.0,0.0,0.0,0.0,0.0,1.0,True,1.0
ablation,ablation,opaque_dependency_l6,evaluation_seen,repeat_rate,full_aassr,full_depth4_branch1_risk-adjusted,30,0.0,0.0,0.0,0.0,0.0,0.0,1.0,True,1.0
ablation,ablation,opaque_dependency_l6,evaluation_seen,error_rate,full_aassr,full_depth4_branch1_risk-adjusted,30,0.0,0.0,0.0,0.0,0.0,0.0,1.0,True,1.0
ablation,ablation,opaque_dependency_l6,evaluation_seen,success,full_aassr,full_depth4_branch2_max,30,0.0,0.0,0.0,0.0,0.0,0.0,1.0,True,1.0
ablation,ablation,opaque_dependency_l6,evaluation_seen,steps,full_aassr,full_depth4_branch2_max,30,6.0,6.0,0.0,0.0,0.0,0.0,1.0,True,1.0
ablation,ablation,opaque_dependency_l6,evaluation_seen,high_level_steps,full_aassr,full_depth4_branch2_max,30,6.0,6.0,0.0,0.0,0.0,0.0,1.0,True,1.0
ablation,ablation,opaque_dependency_l6,evaluation_seen,primitive_steps,full_aassr,full_depth4_branch2_max,30,6.0,6.0,0.0,0.0,0.0,0.0,1.0,True,1.0
ablation,ablation,opaque_dependency_l6,evaluation_seen,reward,full_aassr,full_depth4_branch2_max,30,0.0,0.0,0.0,0.0,0.0,0.0,1.0,True,1.0
ablation,ablation,opaque_dependency_l6,evaluation_seen,errors,full_aassr,full_depth4_branch2_max,30,0.0,0.0,0.0,0.0,0.0,0.0,1.0,True,1.0
ablation,ablation,opaque_dependency_l6,evaluation_seen,repeats,full_aassr,full_depth4_branch2_max,30,0.0,0.0,0.0,0.0,0.0,0.0,1.0,True,1.0
ablation,ablation,opaque_dependency_l6,evaluation_seen,prediction_score,full_aassr,full_depth4_branch2_max,30,0.0,0.0,0.0,0.0,0.0,0.0,1.0,True,1.0
ablation,ablation,opaque_dependency_l6,evaluation_seen,holdout_score,full_aassr,full_depth4_branch2_max,30,1.0,1.0,0.0,0.0,0.0,0.0,1.0,True,1.0
ablation,ablation,opaque_dependency_l6,evaluation_seen,imagined_nodes,full_aassr,full_depth4_branch2_max,30,0.0,0.0,0.0,0.0,0.0,0.0,1.0,True,1.0
ablation,ablation,opaque_dependency_l6,evaluation_seen,imagination_depth,full_aassr,full_depth4_branch2_max,30,0.0,0.0,0.0,0.0,0.0,0.0,1.0,True,1.0
ablation,ablation,opaque_dependency_l6,evaluation_seen,actual_return,full_aassr,full_depth4_branch2_max,30,0.0,0.0,0.0,0.0,0.0,0.0,1.0,True,1.0
ablation,ablation,opaque_dependency_l6,evaluation_seen,runtime_seconds,full_aassr,full_depth4_branch2_max,30,0.003473828750201695,0.0035438575500641796,-7.002879986248446e-05,-0.00028054923315842947,0.00015334206689052125,-0.11413825291894583,0.5266736663166842,True,1.0
ablation,ablation,opaque_dependency_l6,evaluation_seen,real_transitions,full_aassr,full_depth4_branch2_max,30,6.0,6.0,0.0,0.0,0.0,0.0,1.0,True,1.0
ablation,ablation,opaque_dependency_l6,evaluation_seen,imagined_transitions,full_aassr,full_depth4_branch2_max,30,0.0,0.0,0.0,0.0,0.0,0.0,1.0,True,1.0
ablation,ablation,opaque_dependency_l6,evaluation_seen,action_proposals,full_aassr,full_depth4_branch2_max,30,6.0,6.0,0.0,0.0,0.0,0.0,1.0,True,1.0
ablation,ablation,opaque_dependency_l6,evaluation_seen,repeat_rate,full_aassr,full_depth4_branch2_max,30,0.0,0.0,0.0,0.0,0.0,0.0,1.0,True,1.0
ablation,ablation,opaque_dependency_l6,evaluation_seen,error_rate,full_aassr,full_depth4_branch2_max,30,0.0,0.0,0.0,0.0,0.0,0.0,1.0,True,1.0
ablation,ablation,opaque_dependency_l6,evaluation_seen,success,full_aassr,full_depth4_branch2_mean,30,0.0,0.0,0.0,0.0,0.0,0.0,1.0,True,1.0
ablation,ablation,opaque_dependency_l6,evaluation_seen,steps,full_aassr,full_depth4_branch2_mean,30,6.0,6.0,0.0,0.0,0.0,0.0,1.0,True,1.0
ablation,ablation,opaque_dependency_l6,evaluation_seen,high_level_steps,full_aassr,full_depth4_branch2_mean,30,6.0,6.0,0.0,0.0,0.0,0.0,1.0,True,1.0
ablation,ablation,opaque_dependency_l6,evaluation_seen,primitive_steps,full_aassr,full_depth4_branch2_mean,30,6.0,6.0,0.0,0.0,0.0,0.0,1.0,True,1.0
ablation,ablation,opaque_dependency_l6,evaluation_seen,reward,full_aassr,full_depth4_branch2_mean,30,0.0,0.0,0.0,0.0,0.0,0.0,1.0,True,1.0
ablation,ablation,opaque_dependency_l6,evaluation_seen,errors,full_aassr,full_depth4_branch2_mean,30,0.0,0.0,0.0,0.0,0.0,0.0,1.0,True,1.0
ablation,ablation,opaque_dependency_l6,evaluation_seen,repeats,full_aassr,full_depth4_branch2_mean,30,0.0,0.0,0.0,0.0,0.0,0.0,1.0,True,1.0
ablation,ablation,opaque_dependency_l6,evaluation_seen,prediction_score,full_aassr,full_depth4_branch2_mean,30,0.0,0.0,0.0,0.0,0.0,0.0,1.0,True,1.0
ablation,ablation,opaque_dependency_l6,evaluation_seen,holdout_score,full_aassr,full_depth4_branch2_mean,30,1.0,1.0,0.0,0.0,0.0,0.0,1.0,True,1.0
ablation,ablation,opaque_dependency_l6,evaluation_seen,imagined_nodes,full_aassr,full_depth4_branch2_mean,30,0.0,0.0,0.0,0.0,0.0,0.0,1.0,True,1.0
ablation,ablation,opaque_dependency_l6,evaluation_seen,imagination_depth,full_aassr,full_depth4_branch2_mean,30,0.0,0.0,0.0,0.0,0.0,0.0,1.0,True,1.0
ablation,ablation,opaque_dependency_l6,evaluation_seen,actual_return,full_aassr,full_depth4_branch2_mean,30,0.0,0.0,0.0,0.0,0.0,0.0,1.0,True,1.0
ablation,ablation,opaque_dependency_l6,evaluation_seen,runtime_seconds,full_aassr,full_depth4_branch2_mean,30,0.003473828750201695,0.0033998607834995107,7.396796670218462e-05,-0.0001676573501899839,0.0003160524166305549,0.10714689046560506,0.5579221038948052,True,1.0
ablation,ablation,opaque_dependency_l6,evaluation_seen,real_transitions,full_aassr,full_depth4_branch2_mean,30,6.0,6.0,0.0,0.0,0.0,0.0,1.0,True,1.0
ablation,ablation,opaque_dependency_l6,evaluation_seen,imagined_transitions,full_aassr,full_depth4_branch2_mean,30,0.0,0.0,0.0,0.0,0.0,0.0,1.0,True,1.0
ablation,ablation,opaque_dependency_l6,evaluation_seen,action_proposals,full_aassr,full_depth4_branch2_mean,30,6.0,6.0,0.0,0.0,0.0,0.0,1.0,True,1.0
ablation,ablation,opaque_dependency_l6,evaluation_seen,repeat_rate,full_aassr,full_depth4_branch2_mean,30,0.0,0.0,0.0,0.0,0.0,0.0,1.0,True,1.0
ablation,ablation,opaque_dependency_l6,evaluation_seen,error_rate,full_aassr,full_depth4_branch2_mean,30,0.0,0.0,0.0,0.0,0.0,0.0,1.0,True,1.0
ablation,ablation,opaque_dependency_l6,evaluation_seen,success,full_aassr,full_depth4_branch2_risk-adjusted,30,0.0,0.0,0.0,0.0,0.0,0.0,1.0,True,1.0
ablation,ablation,opaque_dependency_l6,evaluation_seen,steps,full_aassr,full_depth4_branch2_risk-adjusted,30,6.0,6.0,0.0,0.0,0.0,0.0,1.0,True,1.0
ablation,ablation,opaque_dependency_l6,evaluation_seen,high_level_steps,full_aassr,full_depth4_branch2_risk-adjusted,30,6.0,6.0,0.0,0.0,0.0,0.0,1.0,True,1.0
ablation,ablation,opaque_dependency_l6,evaluation_seen,primitive_steps,full_aassr,full_depth4_branch2_risk-adjusted,30,6.0,6.0,0.0,0.0,0.0,0.0,1.0,True,1.0
ablation,ablation,opaque_dependency_l6,evaluation_seen,reward,full_aassr,full_depth4_branch2_risk-adjusted,30,0.0,0.0,0.0,0.0,0.0,0.0,1.0,True,1.0
ablation,ablation,opaque_dependency_l6,evaluation_seen,errors,full_aassr,full_depth4_branch2_risk-adjusted,30,0.0,0.0,0.0,0.0,0.0,0.0,1.0,True,1.0
ablation,ablation,opaque_dependency_l6,evaluation_seen,repeats,full_aassr,full_depth4_branch2_risk-adjusted,30,0.0,0.0,0.0,0.0,0.0,0.0,1.0,True,1.0
ablation,ablation,opaque_dependency_l6,evaluation_seen,prediction_score,full_aassr,full_depth4_branch2_risk-adjusted,30,0.0,0.0,0.0,0.0,0.0,0.0,1.0,True,1.0
ablation,ablation,opaque_dependency_l6,evaluation_seen,holdout_score,full_aassr,full_depth4_branch2_risk-adjusted,30,1.0,1.0,0.0,0.0,0.0,0.0,1.0,True,1.0
ablation,ablation,opaque_dependency_l6,evaluation_seen,imagined_nodes,full_aassr,full_depth4_branch2_risk-adjusted,30,0.0,0.0,0.0,0.0,0.0,0.0,1.0,True,1.0
ablation,ablation,opaque_dependency_l6,evaluation_seen,imagination_depth,full_aassr,full_depth4_branch2_risk-adjusted,30,0.0,0.0,0.0,0.0,0.0,0.0,1.0,True,1.0
ablation,ablation,opaque_dependency_l6,evaluation_seen,actual_return,full_aassr,full_depth4_branch2_risk-adjusted,30,0.0,0.0,0.0,0.0,0.0,0.0,1.0,True,1.0
ablation,ablation,opaque_dependency_l6,evaluation_seen,runtime_seconds,full_aassr,full_depth4_branch2_risk-adjusted,30,0.003473828750201695,0.0033306899166782385,0.00014313883352345627,-7.2484399691651e-05,0.000354692983183971,0.2323639822228865,0.21623918804059797,True,1.0
ablation,ablation,opaque_dependency_l6,evaluation_seen,real_transitions,full_aassr,full_depth4_branch2_risk-adjusted,30,6.0,6.0,0.0,0.0,0.0,0.0,1.0,True,1.0
ablation,ablation,opaque_dependency_l6,evaluation_seen,imagined_transitions,full_aassr,full_depth4_branch2_risk-adjusted,30,0.0,0.0,0.0,0.0,0.0,0.0,1.0,True,1.0
ablation,ablation,opaque_dependency_l6,evaluation_seen,action_proposals,full_aassr,full_depth4_branch2_risk-adjusted,30,6.0,6.0,0.0,0.0,0.0,0.0,1.0,True,1.0
ablation,ablation,opaque_dependency_l6,evaluation_seen,repeat_rate,full_aassr,full_depth4_branch2_risk-adjusted,30,0.0,0.0,0.0,0.0,0.0,0.0,1.0,True,1.0
ablation,ablation,opaque_dependency_l6,evaluation_seen,error_rate,full_aassr,full_depth4_branch2_risk-adjusted,30,0.0,0.0,0.0,0.0,0.0,0.0,1.0,True,1.0
ablation,ablation,opaque_dependency_l6,evaluation_seen,success,full_aassr,full_depth4_branch4_max,30,0.0,0.0,0.0,0.0,0.0,0.0,1.0,True,1.0
ablation,ablation,opaque_dependency_l6,evaluation_seen,steps,full_aassr,full_depth4_branch4_max,30,6.0,6.0,0.0,0.0,0.0,0.0,1.0,True,1.0
ablation,ablation,opaque_dependency_l6,evaluation_seen,high_level_steps,full_aassr,full_depth4_branch4_max,30,6.0,6.0,0.0,0.0,0.0,0.0,1.0,True,1.0
ablation,ablation,opaque_dependency_l6,evaluation_seen,primitive_steps,full_aassr,full_depth4_branch4_max,30,6.0,6.0,0.0,0.0,0.0,0.0,1.0,True,1.0
ablation,ablation,opaque_dependency_l6,evaluation_seen,reward,full_aassr,full_depth4_branch4_max,30,0.0,0.0,0.0,0.0,0.0,0.0,1.0,True,1.0
ablation,ablation,opaque_dependency_l6,evaluation_seen,errors,full_aassr,full_depth4_branch4_max,30,0.0,0.0,0.0,0.0,0.0,0.0,1.0,True,1.0
ablation,ablation,opaque_dependency_l6,evaluation_seen,repeats,full_aassr,full_depth4_branch4_max,30,0.0,0.0,0.0,0.0,0.0,0.0,1.0,True,1.0
ablation,ablation,opaque_dependency_l6,evaluation_seen,prediction_score,full_aassr,full_depth4_branch4_max,30,0.0,0.0,0.0,0.0,0.0,0.0,1.0,True,1.0
ablation,ablation,opaque_dependency_l6,evaluation_seen,holdout_score,full_aassr,full_depth4_branch4_max,30,1.0,1.0,0.0,0.0,0.0,0.0,1.0,True,1.0
ablation,ablation,opaque_dependency_l6,evaluation_seen,imagined_nodes,full_aassr,full_depth4_branch4_max,30,0.0,0.0,0.0,0.0,0.0,0.0,1.0,True,1.0
ablation,ablation,opaque_dependency_l6,evaluation_seen,imagination_depth,full_aassr,full_depth4_branch4_max,30,0.0,0.0,0.0,0.0,0.0,0.0,1.0,True,1.0
ablation,ablation,opaque_dependency_l6,evaluation_seen,actual_return,full_aassr,full_depth4_branch4_max,30,0.0,0.0,0.0,0.0,0.0,0.0,1.0,True,1.0
ablation,ablation,opaque_dependency_l6,evaluation_seen,runtime_seconds,full_aassr,full_depth4_branch4_max,30,0.003473828750201695,0.003378678099878016,9.515065032367907e-05,-0.00010617383283291322,0.00029442336704717795,0.16973343688676484,0.3606319684015799,True,1.0
ablation,ablation,opaque_dependency_l6,evaluation_seen,real_transitions,full_aassr,full_depth4_branch4_max,30,6.0,6.0,0.0,0.0,0.0,0.0,1.0,True,1.0
ablation,ablation,opaque_dependency_l6,evaluation_seen,imagined_transitions,full_aassr,full_depth4_branch4_max,30,0.0,0.0,0.0,0.0,0.0,0.0,1.0,True,1.0
ablation,ablation,opaque_dependency_l6,evaluation_seen,action_proposals,full_aassr,full_depth4_branch4_max,30,6.0,6.0,0.0,0.0,0.0,0.0,1.0,True,1.0
ablation,ablation,opaque_dependency_l6,evaluation_seen,repeat_rate,full_aassr,full_depth4_branch4_max,30,0.0,0.0,0.0,0.0,0.0,0.0,1.0,True,1.0
ablation,ablation,opaque_dependency_l6,evaluation_seen,error_rate,full_aassr,full_depth4_branch4_max,30,0.0,0.0,0.0,0.0,0.0,0.0,1.0,True,1.0
ablation,ablation,opaque_dependency_l6,evaluation_seen,success,full_aassr,full_depth4_branch4_mean,30,0.0,0.0,0.0,0.0,0.0,0.0,1.0,True,1.0
ablation,ablation,opaque_dependency_l6,evaluation_seen,steps,full_aassr,full_depth4_branch4_mean,30,6.0,6.0,0.0,0.0,0.0,0.0,1.0,True,1.0
ablation,ablation,opaque_dependency_l6,evaluation_seen,high_level_steps,full_aassr,full_depth4_branch4_mean,30,6.0,6.0,0.0,0.0,0.0,0.0,1.0,True,1.0
ablation,ablation,opaque_dependency_l6,evaluation_seen,primitive_steps,full_aassr,full_depth4_branch4_mean,30,6.0,6.0,0.0,0.0,0.0,0.0,1.0,True,1.0
ablation,ablation,opaque_dependency_l6,evaluation_seen,reward,full_aassr,full_depth4_branch4_mean,30,0.0,0.0,0.0,0.0,0.0,0.0,1.0,True,1.0
ablation,ablation,opaque_dependency_l6,evaluation_seen,errors,full_aassr,full_depth4_branch4_mean,30,0.0,0.0,0.0,0.0,0.0,0.0,1.0,True,1.0
ablation,ablation,opaque_dependency_l6,evaluation_seen,repeats,full_aassr,full_depth4_branch4_mean,30,0.0,0.0,0.0,0.0,0.0,0.0,1.0,True,1.0
ablation,ablation,opaque_dependency_l6,evaluation_seen,prediction_score,full_aassr,full_depth4_branch4_mean,30,0.0,0.0,0.0,0.0,0.0,0.0,1.0,True,1.0
ablation,ablation,opaque_dependency_l6,evaluation_seen,holdout_score,full_aassr,full_depth4_branch4_mean,30,1.0,1.0,0.0,0.0,0.0,0.0,1.0,True,1.0
ablation,ablation,opaque_dependency_l6,evaluation_seen,imagined_nodes,full_aassr,full_depth4_branch4_mean,30,0.0,0.0,0.0,0.0,0.0,0.0,1.0,True,1.0
ablation,ablation,opaque_dependency_l6,evaluation_seen,imagination_depth,full_aassr,full_depth4_branch4_mean,30,0.0,0.0,0.0,0.0,0.0,0.0,1.0,True,1.0
ablation,ablation,opaque_dependency_l6,evaluation_seen,actual_return,full_aassr,full_depth4_branch4_mean,30,0.0,0.0,0.0,0.0,0.0,0.0,1.0,True,1.0
ablation,ablation,opaque_dependency_l6,evaluation_seen,runtime_seconds,full_aassr,full_depth4_branch4_mean,30,0.003473828750201695,0.003372621299926929,0.00010120745027476606,-0.00010751761658563445,0.00030540953374778233,0.17414701561297935,0.351982400879956,True,1.0
ablation,ablation,opaque_dependency_l6,evaluation_seen,real_transitions,full_aassr,full_depth4_branch4_mean,30,6.0,6.0,0.0,0.0,0.0,0.0,1.0,True,1.0
ablation,ablation,opaque_dependency_l6,evaluation_seen,imagined_transitions,full_aassr,full_depth4_branch4_mean,30,0.0,0.0,0.0,0.0,0.0,0.0,1.0,True,1.0
ablation,ablation,opaque_dependency_l6,evaluation_seen,action_proposals,full_aassr,full_depth4_branch4_mean,30,6.0,6.0,0.0,0.0,0.0,0.0,1.0,True,1.0
ablation,ablation,opaque_dependency_l6,evaluation_seen,repeat_rate,full_aassr,full_depth4_branch4_mean,30,0.0,0.0,0.0,0.0,0.0,0.0,1.0,True,1.0
ablation,ablation,opaque_dependency_l6,evaluation_seen,error_rate,full_aassr,full_depth4_branch4_mean,30,0.0,0.0,0.0,0.0,0.0,0.0,1.0,True,1.0
ablation,ablation,opaque_dependency_l6,evaluation_seen,success,full_aassr,full_depth4_branch4_risk-adjusted,30,0.0,0.0,0.0,0.0,0.0,0.0,1.0,True,1.0
ablation,ablation,opaque_dependency_l6,evaluation_seen,steps,full_aassr,full_depth4_branch4_risk-adjusted,30,6.0,6.0,0.0,0.0,0.0,0.0,1.0,True,1.0
ablation,ablation,opaque_dependency_l6,evaluation_seen,high_level_steps,full_aassr,full_depth4_branch4_risk-adjusted,30,6.0,6.0,0.0,0.0,0.0,0.0,1.0,True,1.0
ablation,ablation,opaque_dependency_l6,evaluation_seen,primitive_steps,full_aassr,full_depth4_branch4_risk-adjusted,30,6.0,6.0,0.0,0.0,0.0,0.0,1.0,True,1.0
ablation,ablation,opaque_dependency_l6,evaluation_seen,reward,full_aassr,full_depth4_branch4_risk-adjusted,30,0.0,0.0,0.0,0.0,0.0,0.0,1.0,True,1.0
ablation,ablation,opaque_dependency_l6,evaluation_seen,errors,full_aassr,full_depth4_branch4_risk-adjusted,30,0.0,0.0,0.0,0.0,0.0,0.0,1.0,True,1.0
ablation,ablation,opaque_dependency_l6,evaluation_seen,repeats,full_aassr,full_depth4_branch4_risk-adjusted,30,0.0,0.0,0.0,0.0,0.0,0.0,1.0,True,1.0
ablation,ablation,opaque_dependency_l6,evaluation_seen,prediction_score,full_aassr,full_depth4_branch4_risk-adjusted,30,0.0,0.0,0.0,0.0,0.0,0.0,1.0,True,1.0
ablation,ablation,opaque_dependency_l6,evaluation_seen,holdout_score,full_aassr,full_depth4_branch4_risk-adjusted,30,1.0,1.0,0.0,0.0,0.0,0.0,1.0,True,1.0
ablation,ablation,opaque_dependency_l6,evaluation_seen,imagined_nodes,full_aassr,full_depth4_branch4_risk-adjusted,30,0.0,0.0,0.0,0.0,0.0,0.0,1.0,True,1.0
ablation,ablation,opaque_dependency_l6,evaluation_seen,imagination_depth,full_aassr,full_depth4_branch4_risk-adjusted,30,0.0,0.0,0.0,0.0,0.0,0.0,1.0,True,1.0
ablation,ablation,opaque_dependency_l6,evaluation_seen,actual_return,full_aassr,full_depth4_branch4_risk-adjusted,30,0.0,0.0,0.0,0.0,0.0,0.0,1.0,True,1.0
ablation,ablation,opaque_dependency_l6,evaluation_seen,runtime_seconds,full_aassr,full_depth4_branch4_risk-adjusted,30,0.003473828750201695,0.003463195099810643,1.0633650391052123e-05,-0.00022862623292894577,0.0002526978165406034,0.015626206238064825,0.9290535473226339,True,1.0
ablation,ablation,opaque_dependency_l6,evaluation_seen,real_transitions,full_aassr,full_depth4_branch4_risk-adjusted,30,6.0,6.0,0.0,0.0,0.0,0.0,1.0,True,1.0
ablation,ablation,opaque_dependency_l6,evaluation_seen,imagined_transitions,full_aassr,full_depth4_branch4_risk-adjusted,30,0.0,0.0,0.0,0.0,0.0,0.0,1.0,True,1.0
ablation,ablation,opaque_dependency_l6,evaluation_seen,action_proposals,full_aassr,full_depth4_branch4_risk-adjusted,30,6.0,6.0,0.0,0.0,0.0,0.0,1.0,True,1.0
ablation,ablation,opaque_dependency_l6,evaluation_seen,repeat_rate,full_aassr,full_depth4_branch4_risk-adjusted,30,0.0,0.0,0.0,0.0,0.0,0.0,1.0,True,1.0
ablation,ablation,opaque_dependency_l6,evaluation_seen,error_rate,full_aassr,full_depth4_branch4_risk-adjusted,30,0.0,0.0,0.0,0.0,0.0,0.0,1.0,True,1.0
ablation,ablation,opaque_dependency_l6,evaluation_seen,success,full_aassr,full_depth6_branch1_max,30,0.0,0.0,0.0,0.0,0.0,0.0,1.0,True,1.0
ablation,ablation,opaque_dependency_l6,evaluation_seen,steps,full_aassr,full_depth6_branch1_max,30,6.0,6.0,0.0,0.0,0.0,0.0,1.0,True,1.0
ablation,ablation,opaque_dependency_l6,evaluation_seen,high_level_steps,full_aassr,full_depth6_branch1_max,30,6.0,6.0,0.0,0.0,0.0,0.0,1.0,True,1.0
ablation,ablation,opaque_dependency_l6,evaluation_seen,primitive_steps,full_aassr,full_depth6_branch1_max,30,6.0,6.0,0.0,0.0,0.0,0.0,1.0,True,1.0
ablation,ablation,opaque_dependency_l6,evaluation_seen,reward,full_aassr,full_depth6_branch1_max,30,0.0,0.0,0.0,0.0,0.0,0.0,1.0,True,1.0
ablation,ablation,opaque_dependency_l6,evaluation_seen,errors,full_aassr,full_depth6_branch1_max,30,0.0,0.0,0.0,0.0,0.0,0.0,1.0,True,1.0
ablation,ablation,opaque_dependency_l6,evaluation_seen,repeats,full_aassr,full_depth6_branch1_max,30,0.0,0.0,0.0,0.0,0.0,0.0,1.0,True,1.0
ablation,ablation,opaque_dependency_l6,evaluation_seen,prediction_score,full_aassr,full_depth6_branch1_max,30,0.0,0.0,0.0,0.0,0.0,0.0,1.0,True,1.0
ablation,ablation,opaque_dependency_l6,evaluation_seen,holdout_score,full_aassr,full_depth6_branch1_max,30,1.0,1.0,0.0,0.0,0.0,0.0,1.0,True,1.0
ablation,ablation,opaque_dependency_l6,evaluation_seen,imagined_nodes,full_aassr,full_depth6_branch1_max,30,0.0,0.0,0.0,0.0,0.0,0.0,1.0,True,1.0
ablation,ablation,opaque_dependency_l6,evaluation_seen,imagination_depth,full_aassr,full_depth6_branch1_max,30,0.0,0.0,0.0,0.0,0.0,0.0,1.0,True,1.0
ablation,ablation,opaque_dependency_l6,evaluation_seen,actual_return,full_aassr,full_depth6_branch1_max,30,0.0,0.0,0.0,0.0,0.0,0.0,1.0,True,1.0
ablation,ablation,opaque_dependency_l6,evaluation_seen,runtime_seconds,full_aassr,full_depth6_branch1_max,30,0.003473828750201695,0.003454508116459086,1.9320633742609055e-05,-0.00020484648322841774,0.00024682773364474996,0.0303853153610659,0.8642567871606419,True,1.0
ablation,ablation,opaque_dependency_l6,evaluation_seen,real_transitions,full_aassr,full_depth6_branch1_max,30,6.0,6.0,0.0,0.0,0.0,0.0,1.0,True,1.0
ablation,ablation,opaque_dependency_l6,evaluation_seen,imagined_transitions,full_aassr,full_depth6_branch1_max,30,0.0,0.0,0.0,0.0,0.0,0.0,1.0,True,1.0
ablation,ablation,opaque_dependency_l6,evaluation_seen,action_proposals,full_aassr,full_depth6_branch1_max,30,6.0,6.0,0.0,0.0,0.0,0.0,1.0,True,1.0
ablation,ablation,opaque_dependency_l6,evaluation_seen,repeat_rate,full_aassr,full_depth6_branch1_max,30,0.0,0.0,0.0,0.0,0.0,0.0,1.0,True,1.0
ablation,ablation,opaque_dependency_l6,evaluation_seen,error_rate,full_aassr,full_depth6_branch1_max,30,0.0,0.0,0.0,0.0,0.0,0.0,1.0,True,1.0
ablation,ablation,opaque_dependency_l6,evaluation_seen,success,full_aassr,full_depth6_branch1_mean,30,0.0,0.0,0.0,0.0,0.0,0.0,1.0,True,1.0
ablation,ablation,opaque_dependency_l6,evaluation_seen,steps,full_aassr,full_depth6_branch1_mean,30,6.0,6.0,0.0,0.0,0.0,0.0,1.0,True,1.0
ablation,ablation,opaque_dependency_l6,evaluation_seen,high_level_steps,full_aassr,full_depth6_branch1_mean,30,6.0,6.0,0.0,0.0,0.0,0.0,1.0,True,1.0
ablation,ablation,opaque_dependency_l6,evaluation_seen,primitive_steps,full_aassr,full_depth6_branch1_mean,30,6.0,6.0,0.0,0.0,0.0,0.0,1.0,True,1.0
ablation,ablation,opaque_dependency_l6,evaluation_seen,reward,full_aassr,full_depth6_branch1_mean,30,0.0,0.0,0.0,0.0,0.0,0.0,1.0,True,1.0
ablation,ablation,opaque_dependency_l6,evaluation_seen,errors,full_aassr,full_depth6_branch1_mean,30,0.0,0.0,0.0,0.0,0.0,0.0,1.0,True,1.0
ablation,ablation,opaque_dependency_l6,evaluation_seen,repeats,full_aassr,full_depth6_branch1_mean,30,0.0,0.0,0.0,0.0,0.0,0.0,1.0,True,1.0
ablation,ablation,opaque_dependency_l6,evaluation_seen,prediction_score,full_aassr,full_depth6_branch1_mean,30,0.0,0.0,0.0,0.0,0.0,0.0,1.0,True,1.0
ablation,ablation,opaque_dependency_l6,evaluation_seen,holdout_score,full_aassr,full_depth6_branch1_mean,30,1.0,1.0,0.0,0.0,0.0,0.0,1.0,True,1.0
ablation,ablation,opaque_dependency_l6,evaluation_seen,imagined_nodes,full_aassr,full_depth6_branch1_mean,30,0.0,0.0,0.0,0.0,0.0,0.0,1.0,True,1.0
ablation,ablation,opaque_dependency_l6,evaluation_seen,imagination_depth,full_aassr,full_depth6_branch1_mean,30,0.0,0.0,0.0,0.0,0.0,0.0,1.0,True,1.0
ablation,ablation,opaque_dependency_l6,evaluation_seen,actual_return,full_aassr,full_depth6_branch1_mean,30,0.0,0.0,0.0,0.0,0.0,0.0,1.0,True,1.0
ablation,ablation,opaque_dependency_l6,evaluation_seen,runtime_seconds,full_aassr,full_depth6_branch1_mean,30,0.003473828750201695,0.0034231505334998175,5.067821670187794e-05,-0.00012868581662769425,0.00024247093359978556,0.09602735952036753,0.6026698665066746,True,1.0
ablation,ablation,opaque_dependency_l6,evaluation_seen,real_transitions,full_aassr,full_depth6_branch1_mean,30,6.0,6.0,0.0,0.0,0.0,0.0,1.0,True,1.0
ablation,ablation,opaque_dependency_l6,evaluation_seen,imagined_transitions,full_aassr,full_depth6_branch1_mean,30,0.0,0.0,0.0,0.0,0.0,0.0,1.0,True,1.0
ablation,ablation,opaque_dependency_l6,evaluation_seen,action_proposals,full_aassr,full_depth6_branch1_mean,30,6.0,6.0,0.0,0.0,0.0,0.0,1.0,True,1.0
ablation,ablation,opaque_dependency_l6,evaluation_seen,repeat_rate,full_aassr,full_depth6_branch1_mean,30,0.0,0.0,0.0,0.0,0.0,0.0,1.0,True,1.0
ablation,ablation,opaque_dependency_l6,evaluation_seen,error_rate,full_aassr,full_depth6_branch1_mean,30,0.0,0.0,0.0,0.0,0.0,0.0,1.0,True,1.0
ablation,ablation,opaque_dependency_l6,evaluation_seen,success,full_aassr,full_depth6_branch1_risk-adjusted,30,0.0,0.0,0.0,0.0,0.0,0.0,1.0,True,1.0
ablation,ablation,opaque_dependency_l6,evaluation_seen,steps,full_aassr,full_depth6_branch1_risk-adjusted,30,6.0,6.0,0.0,0.0,0.0,0.0,1.0,True,1.0
ablation,ablation,opaque_dependency_l6,evaluation_seen,high_level_steps,full_aassr,full_depth6_branch1_risk-adjusted,30,6.0,6.0,0.0,0.0,0.0,0.0,1.0,True,1.0
ablation,ablation,opaque_dependency_l6,evaluation_seen,primitive_steps,full_aassr,full_depth6_branch1_risk-adjusted,30,6.0,6.0,0.0,0.0,0.0,0.0,1.0,True,1.0
ablation,ablation,opaque_dependency_l6,evaluation_seen,reward,full_aassr,full_depth6_branch1_risk-adjusted,30,0.0,0.0,0.0,0.0,0.0,0.0,1.0,True,1.0
ablation,ablation,opaque_dependency_l6,evaluation_seen,errors,full_aassr,full_depth6_branch1_risk-adjusted,30,0.0,0.0,0.0,0.0,0.0,0.0,1.0,True,1.0
ablation,ablation,opaque_dependency_l6,evaluation_seen,repeats,full_aassr,full_depth6_branch1_risk-adjusted,30,0.0,0.0,0.0,0.0,0.0,0.0,1.0,True,1.0
ablation,ablation,opaque_dependency_l6,evaluation_seen,prediction_score,full_aassr,full_depth6_branch1_risk-adjusted,30,0.0,0.0,0.0,0.0,0.0,0.0,1.0,True,1.0
ablation,ablation,opaque_dependency_l6,evaluation_seen,holdout_score,full_aassr,full_depth6_branch1_risk-adjusted,30,1.0,1.0,0.0,0.0,0.0,0.0,1.0,True,1.0
ablation,ablation,opaque_dependency_l6,evaluation_seen,imagined_nodes,full_aassr,full_depth6_branch1_risk-adjusted,30,0.0,0.0,0.0,0.0,0.0,0.0,1.0,True,1.0
ablation,ablation,opaque_dependency_l6,evaluation_seen,imagination_depth,full_aassr,full_depth6_branch1_risk-adjusted,30,0.0,0.0,0.0,0.0,0.0,0.0,1.0,True,1.0
ablation,ablation,opaque_dependency_l6,evaluation_seen,actual_return,full_aassr,full_depth6_branch1_risk-adjusted,30,0.0,0.0,0.0,0.0,0.0,0.0,1.0,True,1.0
ablation,ablation,opaque_dependency_l6,evaluation_seen,runtime_seconds,full_aassr,full_depth6_branch1_risk-adjusted,30,0.003473828750201695,0.0033970495167401776,7.677923346151758e-05,-0.0001281470333778998,0.00027226513354495797,0.1318936999970782,0.4777261136943153,True,1.0
ablation,ablation,opaque_dependency_l6,evaluation_seen,real_transitions,full_aassr,full_depth6_branch1_risk-adjusted,30,6.0,6.0,0.0,0.0,0.0,0.0,1.0,True,1.0
ablation,ablation,opaque_dependency_l6,evaluation_seen,imagined_transitions,full_aassr,full_depth6_branch1_risk-adjusted,30,0.0,0.0,0.0,0.0,0.0,0.0,1.0,True,1.0
ablation,ablation,opaque_dependency_l6,evaluation_seen,action_proposals,full_aassr,full_depth6_branch1_risk-adjusted,30,6.0,6.0,0.0,0.0,0.0,0.0,1.0,True,1.0
ablation,ablation,opaque_dependency_l6,evaluation_seen,repeat_rate,full_aassr,full_depth6_branch1_risk-adjusted,30,0.0,0.0,0.0,0.0,0.0,0.0,1.0,True,1.0
ablation,ablation,opaque_dependency_l6,evaluation_seen,error_rate,full_aassr,full_depth6_branch1_risk-adjusted,30,0.0,0.0,0.0,0.0,0.0,0.0,1.0,True,1.0
ablation,ablation,opaque_dependency_l6,evaluation_seen,success,full_aassr,full_depth6_branch2_max,30,0.0,0.0,0.0,0.0,0.0,0.0,1.0,True,1.0
ablation,ablation,opaque_dependency_l6,evaluation_seen,steps,full_aassr,full_depth6_branch2_max,30,6.0,6.0,0.0,0.0,0.0,0.0,1.0,True,1.0
ablation,ablation,opaque_dependency_l6,evaluation_seen,high_level_steps,full_aassr,full_depth6_branch2_max,30,6.0,6.0,0.0,0.0,0.0,0.0,1.0,True,1.0
ablation,ablation,opaque_dependency_l6,evaluation_seen,primitive_steps,full_aassr,full_depth6_branch2_max,30,6.0,6.0,0.0,0.0,0.0,0.0,1.0,True,1.0
ablation,ablation,opaque_dependency_l6,evaluation_seen,reward,full_aassr,full_depth6_branch2_max,30,0.0,0.0,0.0,0.0,0.0,0.0,1.0,True,1.0
ablation,ablation,opaque_dependency_l6,evaluation_seen,errors,full_aassr,full_depth6_branch2_max,30,0.0,0.0,0.0,0.0,0.0,0.0,1.0,True,1.0
ablation,ablation,opaque_dependency_l6,evaluation_seen,repeats,full_aassr,full_depth6_branch2_max,30,0.0,0.0,0.0,0.0,0.0,0.0,1.0,True,1.0
ablation,ablation,opaque_dependency_l6,evaluation_seen,prediction_score,full_aassr,full_depth6_branch2_max,30,0.0,0.0,0.0,0.0,0.0,0.0,1.0,True,1.0
ablation,ablation,opaque_dependency_l6,evaluation_seen,holdout_score,full_aassr,full_depth6_branch2_max,30,1.0,1.0,0.0,0.0,0.0,0.0,1.0,True,1.0
ablation,ablation,opaque_dependency_l6,evaluation_seen,imagined_nodes,full_aassr,full_depth6_branch2_max,30,0.0,0.0,0.0,0.0,0.0,0.0,1.0,True,1.0
ablation,ablation,opaque_dependency_l6,evaluation_seen,imagination_depth,full_aassr,full_depth6_branch2_max,30,0.0,0.0,0.0,0.0,0.0,0.0,1.0,True,1.0
ablation,ablation,opaque_dependency_l6,evaluation_seen,actual_return,full_aassr,full_depth6_branch2_max,30,0.0,0.0,0.0,0.0,0.0,0.0,1.0,True,1.0
ablation,ablation,opaque_dependency_l6,evaluation_seen,runtime_seconds,full_aassr,full_depth6_branch2_max,30,0.003473828750201695,0.0035078580665334207,-3.402931633172559e-05,-0.00031334221643434536,0.00023535661707380003,-0.04427052072748879,0.8107594620268986,True,1.0
ablation,ablation,opaque_dependency_l6,evaluation_seen,real_transitions,full_aassr,full_depth6_branch2_max,30,6.0,6.0,0.0,0.0,0.0,0.0,1.0,True,1.0
ablation,ablation,opaque_dependency_l6,evaluation_seen,imagined_transitions,full_aassr,full_depth6_branch2_max,30,0.0,0.0,0.0,0.0,0.0,0.0,1.0,True,1.0
ablation,ablation,opaque_dependency_l6,evaluation_seen,action_proposals,full_aassr,full_depth6_branch2_max,30,6.0,6.0,0.0,0.0,0.0,0.0,1.0,True,1.0
ablation,ablation,opaque_dependency_l6,evaluation_seen,repeat_rate,full_aassr,full_depth6_branch2_max,30,0.0,0.0,0.0,0.0,0.0,0.0,1.0,True,1.0
ablation,ablation,opaque_dependency_l6,evaluation_seen,error_rate,full_aassr,full_depth6_branch2_max,30,0.0,0.0,0.0,0.0,0.0,0.0,1.0,True,1.0
ablation,ablation,opaque_dependency_l6,evaluation_seen,success,full_aassr,full_depth6_branch2_mean,30,0.0,0.0,0.0,0.0,0.0,0.0,1.0,True,1.0
ablation,ablation,opaque_dependency_l6,evaluation_seen,steps,full_aassr,full_depth6_branch2_mean,30,6.0,6.0,0.0,0.0,0.0,0.0,1.0,True,1.0
ablation,ablation,opaque_dependency_l6,evaluation_seen,high_level_steps,full_aassr,full_depth6_branch2_mean,30,6.0,6.0,0.0,0.0,0.0,0.0,1.0,True,1.0
ablation,ablation,opaque_dependency_l6,evaluation_seen,primitive_steps,full_aassr,full_depth6_branch2_mean,30,6.0,6.0,0.0,0.0,0.0,0.0,1.0,True,1.0
ablation,ablation,opaque_dependency_l6,evaluation_seen,reward,full_aassr,full_depth6_branch2_mean,30,0.0,0.0,0.0,0.0,0.0,0.0,1.0,True,1.0
ablation,ablation,opaque_dependency_l6,evaluation_seen,errors,full_aassr,full_depth6_branch2_mean,30,0.0,0.0,0.0,0.0,0.0,0.0,1.0,True,1.0
ablation,ablation,opaque_dependency_l6,evaluation_seen,repeats,full_aassr,full_depth6_branch2_mean,30,0.0,0.0,0.0,0.0,0.0,0.0,1.0,True,1.0
ablation,ablation,opaque_dependency_l6,evaluation_seen,prediction_score,full_aassr,full_depth6_branch2_mean,30,0.0,0.0,0.0,0.0,0.0,0.0,1.0,True,1.0
ablation,ablation,opaque_dependency_l6,evaluation_seen,holdout_score,full_aassr,full_depth6_branch2_mean,30,1.0,1.0,0.0,0.0,0.0,0.0,1.0,True,1.0
ablation,ablation,opaque_dependency_l6,evaluation_seen,imagined_nodes,full_aassr,full_depth6_branch2_mean,30,0.0,0.0,0.0,0.0,0.0,0.0,1.0,True,1.0
ablation,ablation,opaque_dependency_l6,evaluation_seen,imagination_depth,full_aassr,full_depth6_branch2_mean,30,0.0,0.0,0.0,0.0,0.0,0.0,1.0,True,1.0
ablation,ablation,opaque_dependency_l6,evaluation_seen,actual_return,full_aassr,full_depth6_branch2_mean,30,0.0,0.0,0.0,0.0,0.0,0.0,1.0,True,1.0
ablation,ablation,opaque_dependency_l6,evaluation_seen,runtime_seconds,full_aassr,full_depth6_branch2_mean,30,0.003473828750201695,0.0033823748999081238,9.145385029357083e-05,-0.00013174661637458483,0.0003175179501267849,0.14251681109257344,0.44207789610519477,True,1.0
ablation,ablation,opaque_dependency_l6,evaluation_seen,real_transitions,full_aassr,full_depth6_branch2_mean,30,6.0,6.0,0.0,0.0,0.0,0.0,1.0,True,1.0
ablation,ablation,opaque_dependency_l6,evaluation_seen,imagined_transitions,full_aassr,full_depth6_branch2_mean,30,0.0,0.0,0.0,0.0,0.0,0.0,1.0,True,1.0
ablation,ablation,opaque_dependency_l6,evaluation_seen,action_proposals,full_aassr,full_depth6_branch2_mean,30,6.0,6.0,0.0,0.0,0.0,0.0,1.0,True,1.0
ablation,ablation,opaque_dependency_l6,evaluation_seen,repeat_rate,full_aassr,full_depth6_branch2_mean,30,0.0,0.0,0.0,0.0,0.0,0.0,1.0,True,1.0
ablation,ablation,opaque_dependency_l6,evaluation_seen,error_rate,full_aassr,full_depth6_branch2_mean,30,0.0,0.0,0.0,0.0,0.0,0.0,1.0,True,1.0
ablation,ablation,opaque_dependency_l6,evaluation_seen,success,full_aassr,full_depth6_branch2_risk-adjusted,30,0.0,0.0,0.0,0.0,0.0,0.0,1.0,True,1.0
ablation,ablation,opaque_dependency_l6,evaluation_seen,steps,full_aassr,full_depth6_branch2_risk-adjusted,30,6.0,6.0,0.0,0.0,0.0,0.0,1.0,True,1.0
ablation,ablation,opaque_dependency_l6,evaluation_seen,high_level_steps,full_aassr,full_depth6_branch2_risk-adjusted,30,6.0,6.0,0.0,0.0,0.0,0.0,1.0,True,1.0
ablation,ablation,opaque_dependency_l6,evaluation_seen,primitive_steps,full_aassr,full_depth6_branch2_risk-adjusted,30,6.0,6.0,0.0,0.0,0.0,0.0,1.0,True,1.0
ablation,ablation,opaque_dependency_l6,evaluation_seen,reward,full_aassr,full_depth6_branch2_risk-adjusted,30,0.0,0.0,0.0,0.0,0.0,0.0,1.0,True,1.0
ablation,ablation,opaque_dependency_l6,evaluation_seen,errors,full_aassr,full_depth6_branch2_risk-adjusted,30,0.0,0.0,0.0,0.0,0.0,0.0,1.0,True,1.0
ablation,ablation,opaque_dependency_l6,evaluation_seen,repeats,full_aassr,full_depth6_branch2_risk-adjusted,30,0.0,0.0,0.0,0.0,0.0,0.0,1.0,True,1.0
ablation,ablation,opaque_dependency_l6,evaluation_seen,prediction_score,full_aassr,full_depth6_branch2_risk-adjusted,30,0.0,0.0,0.0,0.0,0.0,0.0,1.0,True,1.0
ablation,ablation,opaque_dependency_l6,evaluation_seen,holdout_score,full_aassr,full_depth6_branch2_risk-adjusted,30,1.0,1.0,0.0,0.0,0.0,0.0,1.0,True,1.0
ablation,ablation,opaque_dependency_l6,evaluation_seen,imagined_nodes,full_aassr,full_depth6_branch2_risk-adjusted,30,0.0,0.0,0.0,0.0,0.0,0.0,1.0,True,1.0
ablation,ablation,opaque_dependency_l6,evaluation_seen,imagination_depth,full_aassr,full_depth6_branch2_risk-adjusted,30,0.0,0.0,0.0,0.0,0.0,0.0,1.0,True,1.0
ablation,ablation,opaque_dependency_l6,evaluation_seen,actual_return,full_aassr,full_depth6_branch2_risk-adjusted,30,0.0,0.0,0.0,0.0,0.0,0.0,1.0,True,1.0
ablation,ablation,opaque_dependency_l6,evaluation_seen,runtime_seconds,full_aassr,full_depth6_branch2_risk-adjusted,30,0.003473828750201695,0.0034551377832540307,1.8690966947663905e-05,-0.00018137256667250768,0.00022936248365537418,0.03147739119173121,0.8663066846657667,True,1.0
ablation,ablation,opaque_dependency_l6,evaluation_seen,real_transitions,full_aassr,full_depth6_branch2_risk-adjusted,30,6.0,6.0,0.0,0.0,0.0,0.0,1.0,True,1.0
ablation,ablation,opaque_dependency_l6,evaluation_seen,imagined_transitions,full_aassr,full_depth6_branch2_risk-adjusted,30,0.0,0.0,0.0,0.0,0.0,0.0,1.0,True,1.0
ablation,ablation,opaque_dependency_l6,evaluation_seen,action_proposals,full_aassr,full_depth6_branch2_risk-adjusted,30,6.0,6.0,0.0,0.0,0.0,0.0,1.0,True,1.0
ablation,ablation,opaque_dependency_l6,evaluation_seen,repeat_rate,full_aassr,full_depth6_branch2_risk-adjusted,30,0.0,0.0,0.0,0.0,0.0,0.0,1.0,True,1.0
ablation,ablation,opaque_dependency_l6,evaluation_seen,error_rate,full_aassr,full_depth6_branch2_risk-adjusted,30,0.0,0.0,0.0,0.0,0.0,0.0,1.0,True,1.0
ablation,ablation,opaque_dependency_l6,evaluation_seen,success,full_aassr,full_depth6_branch4_max,30,0.0,0.0,0.0,0.0,0.0,0.0,1.0,True,1.0
ablation,ablation,opaque_dependency_l6,evaluation_seen,steps,full_aassr,full_depth6_branch4_max,30,6.0,6.0,0.0,0.0,0.0,0.0,1.0,True,1.0
ablation,ablation,opaque_dependency_l6,evaluation_seen,high_level_steps,full_aassr,full_depth6_branch4_max,30,6.0,6.0,0.0,0.0,0.0,0.0,1.0,True,1.0
ablation,ablation,opaque_dependency_l6,evaluation_seen,primitive_steps,full_aassr,full_depth6_branch4_max,30,6.0,6.0,0.0,0.0,0.0,0.0,1.0,True,1.0
ablation,ablation,opaque_dependency_l6,evaluation_seen,reward,full_aassr,full_depth6_branch4_max,30,0.0,0.0,0.0,0.0,0.0,0.0,1.0,True,1.0
ablation,ablation,opaque_dependency_l6,evaluation_seen,errors,full_aassr,full_depth6_branch4_max,30,0.0,0.0,0.0,0.0,0.0,0.0,1.0,True,1.0
ablation,ablation,opaque_dependency_l6,evaluation_seen,repeats,full_aassr,full_depth6_branch4_max,30,0.0,0.0,0.0,0.0,0.0,0.0,1.0,True,1.0
ablation,ablation,opaque_dependency_l6,evaluation_seen,prediction_score,full_aassr,full_depth6_branch4_max,30,0.0,0.0,0.0,0.0,0.0,0.0,1.0,True,1.0
ablation,ablation,opaque_dependency_l6,evaluation_seen,holdout_score,full_aassr,full_depth6_branch4_max,30,1.0,1.0,0.0,0.0,0.0,0.0,1.0,True,1.0
ablation,ablation,opaque_dependency_l6,evaluation_seen,imagined_nodes,full_aassr,full_depth6_branch4_max,30,0.0,0.0,0.0,0.0,0.0,0.0,1.0,True,1.0
ablation,ablation,opaque_dependency_l6,evaluation_seen,imagination_depth,full_aassr,full_depth6_branch4_max,30,0.0,0.0,0.0,0.0,0.0,0.0,1.0,True,1.0
ablation,ablation,opaque_dependency_l6,evaluation_seen,actual_return,full_aassr,full_depth6_branch4_max,30,0.0,0.0,0.0,0.0,0.0,0.0,1.0,True,1.0
ablation,ablation,opaque_dependency_l6,evaluation_seen,runtime_seconds,full_aassr,full_depth6_branch4_max,30,0.003473828750201695,0.0034217485333356305,5.2080216866064165e-05,-0.00015024554993821465,0.0002659642499299176,0.08859847694549823,0.6307184640767962,True,1.0
ablation,ablation,opaque_dependency_l6,evaluation_seen,real_transitions,full_aassr,full_depth6_branch4_max,30,6.0,6.0,0.0,0.0,0.0,0.0,1.0,True,1.0
ablation,ablation,opaque_dependency_l6,evaluation_seen,imagined_transitions,full_aassr,full_depth6_branch4_max,30,0.0,0.0,0.0,0.0,0.0,0.0,1.0,True,1.0
ablation,ablation,opaque_dependency_l6,evaluation_seen,action_proposals,full_aassr,full_depth6_branch4_max,30,6.0,6.0,0.0,0.0,0.0,0.0,1.0,True,1.0
ablation,ablation,opaque_dependency_l6,evaluation_seen,repeat_rate,full_aassr,full_depth6_branch4_max,30,0.0,0.0,0.0,0.0,0.0,0.0,1.0,True,1.0
ablation,ablation,opaque_dependency_l6,evaluation_seen,error_rate,full_aassr,full_depth6_branch4_max,30,0.0,0.0,0.0,0.0,0.0,0.0,1.0,True,1.0
ablation,ablation,opaque_dependency_l6,evaluation_seen,success,full_aassr,full_depth6_branch4_mean,30,0.0,0.0,0.0,0.0,0.0,0.0,1.0,True,1.0
ablation,ablation,opaque_dependency_l6,evaluation_seen,steps,full_aassr,full_depth6_branch4_mean,30,6.0,6.0,0.0,0.0,0.0,0.0,1.0,True,1.0
ablation,ablation,opaque_dependency_l6,evaluation_seen,high_level_steps,full_aassr,full_depth6_branch4_mean,30,6.0,6.0,0.0,0.0,0.0,0.0,1.0,True,1.0
ablation,ablation,opaque_dependency_l6,evaluation_seen,primitive_steps,full_aassr,full_depth6_branch4_mean,30,6.0,6.0,0.0,0.0,0.0,0.0,1.0,True,1.0
ablation,ablation,opaque_dependency_l6,evaluation_seen,reward,full_aassr,full_depth6_branch4_mean,30,0.0,0.0,0.0,0.0,0.0,0.0,1.0,True,1.0
ablation,ablation,opaque_dependency_l6,evaluation_seen,errors,full_aassr,full_depth6_branch4_mean,30,0.0,0.0,0.0,0.0,0.0,0.0,1.0,True,1.0
ablation,ablation,opaque_dependency_l6,evaluation_seen,repeats,full_aassr,full_depth6_branch4_mean,30,0.0,0.0,0.0,0.0,0.0,0.0,1.0,True,1.0
ablation,ablation,opaque_dependency_l6,evaluation_seen,prediction_score,full_aassr,full_depth6_branch4_mean,30,0.0,0.0,0.0,0.0,0.0,0.0,1.0,True,1.0
ablation,ablation,opaque_dependency_l6,evaluation_seen,holdout_score,full_aassr,full_depth6_branch4_mean,30,1.0,1.0,0.0,0.0,0.0,0.0,1.0,True,1.0
ablation,ablation,opaque_dependency_l6,evaluation_seen,imagined_nodes,full_aassr,full_depth6_branch4_mean,30,0.0,0.0,0.0,0.0,0.0,0.0,1.0,True,1.0
ablation,ablation,opaque_dependency_l6,evaluation_seen,imagination_depth,full_aassr,full_depth6_branch4_mean,30,0.0,0.0,0.0,0.0,0.0,0.0,1.0,True,1.0
ablation,ablation,opaque_dependency_l6,evaluation_seen,actual_return,full_aassr,full_depth6_branch4_mean,30,0.0,0.0,0.0,0.0,0.0,0.0,1.0,True,1.0
ablation,ablation,opaque_dependency_l6,evaluation_seen,runtime_seconds,full_aassr,full_depth6_branch4_mean,30,0.003473828750201695,0.003416272400286592,5.755634991510304e-05,-0.0001949916171142832,0.00031957021638906257,0.07686204333174125,0.6763161841907904,True,1.0
ablation,ablation,opaque_dependency_l6,evaluation_seen,real_transitions,full_aassr,full_depth6_branch4_mean,30,6.0,6.0,0.0,0.0,0.0,0.0,1.0,True,1.0
ablation,ablation,opaque_dependency_l6,evaluation_seen,imagined_transitions,full_aassr,full_depth6_branch4_mean,30,0.0,0.0,0.0,0.0,0.0,0.0,1.0,True,1.0
ablation,ablation,opaque_dependency_l6,evaluation_seen,action_proposals,full_aassr,full_depth6_branch4_mean,30,6.0,6.0,0.0,0.0,0.0,0.0,1.0,True,1.0
ablation,ablation,opaque_dependency_l6,evaluation_seen,repeat_rate,full_aassr,full_depth6_branch4_mean,30,0.0,0.0,0.0,0.0,0.0,0.0,1.0,True,1.0
ablation,ablation,opaque_dependency_l6,evaluation_seen,error_rate,full_aassr,full_depth6_branch4_mean,30,0.0,0.0,0.0,0.0,0.0,0.0,1.0,True,1.0
ablation,ablation,opaque_dependency_l6,evaluation_seen,success,full_aassr,full_depth6_branch4_risk-adjusted,30,0.0,0.0,0.0,0.0,0.0,0.0,1.0,True,1.0
ablation,ablation,opaque_dependency_l6,evaluation_seen,steps,full_aassr,full_depth6_branch4_risk-adjusted,30,6.0,6.0,0.0,0.0,0.0,0.0,1.0,True,1.0
ablation,ablation,opaque_dependency_l6,evaluation_seen,high_level_steps,full_aassr,full_depth6_branch4_risk-adjusted,30,6.0,6.0,0.0,0.0,0.0,0.0,1.0,True,1.0
ablation,ablation,opaque_dependency_l6,evaluation_seen,primitive_steps,full_aassr,full_depth6_branch4_risk-adjusted,30,6.0,6.0,0.0,0.0,0.0,0.0,1.0,True,1.0
ablation,ablation,opaque_dependency_l6,evaluation_seen,reward,full_aassr,full_depth6_branch4_risk-adjusted,30,0.0,0.0,0.0,0.0,0.0,0.0,1.0,True,1.0
ablation,ablation,opaque_dependency_l6,evaluation_seen,errors,full_aassr,full_depth6_branch4_risk-adjusted,30,0.0,0.0,0.0,0.0,0.0,0.0,1.0,True,1.0
ablation,ablation,opaque_dependency_l6,evaluation_seen,repeats,full_aassr,full_depth6_branch4_risk-adjusted,30,0.0,0.0,0.0,0.0,0.0,0.0,1.0,True,1.0
ablation,ablation,opaque_dependency_l6,evaluation_seen,prediction_score,full_aassr,full_depth6_branch4_risk-adjusted,30,0.0,0.0,0.0,0.0,0.0,0.0,1.0,True,1.0
ablation,ablation,opaque_dependency_l6,evaluation_seen,holdout_score,full_aassr,full_depth6_branch4_risk-adjusted,30,1.0,1.0,0.0,0.0,0.0,0.0,1.0,True,1.0
ablation,ablation,opaque_dependency_l6,evaluation_seen,imagined_nodes,full_aassr,full_depth6_branch4_risk-adjusted,30,0.0,0.0,0.0,0.0,0.0,0.0,1.0,True,1.0
ablation,ablation,opaque_dependency_l6,evaluation_seen,imagination_depth,full_aassr,full_depth6_branch4_risk-adjusted,30,0.0,0.0,0.0,0.0,0.0,0.0,1.0,True,1.0
ablation,ablation,opaque_dependency_l6,evaluation_seen,actual_return,full_aassr,full_depth6_branch4_risk-adjusted,30,0.0,0.0,0.0,0.0,0.0,0.0,1.0,True,1.0
ablation,ablation,opaque_dependency_l6,evaluation_seen,runtime_seconds,full_aassr,full_depth6_branch4_risk-adjusted,30,0.003473828750201695,0.0033360098331856234,0.00013781891701607194,-9.086979964922646e-05,0.00036867901715838025,0.2071130125442975,0.2599870006499675,True,1.0
ablation,ablation,opaque_dependency_l6,evaluation_seen,real_transitions,full_aassr,full_depth6_branch4_risk-adjusted,30,6.0,6.0,0.0,0.0,0.0,0.0,1.0,True,1.0
ablation,ablation,opaque_dependency_l6,evaluation_seen,imagined_transitions,full_aassr,full_depth6_branch4_risk-adjusted,30,0.0,0.0,0.0,0.0,0.0,0.0,1.0,True,1.0
ablation,ablation,opaque_dependency_l6,evaluation_seen,action_proposals,full_aassr,full_depth6_branch4_risk-adjusted,30,6.0,6.0,0.0,0.0,0.0,0.0,1.0,True,1.0
ablation,ablation,opaque_dependency_l6,evaluation_seen,repeat_rate,full_aassr,full_depth6_branch4_risk-adjusted,30,0.0,0.0,0.0,0.0,0.0,0.0,1.0,True,1.0
ablation,ablation,opaque_dependency_l6,evaluation_seen,error_rate,full_aassr,full_depth6_branch4_risk-adjusted,30,0.0,0.0,0.0,0.0,0.0,0.0,1.0,True,1.0
ablation,ablation,opaque_dependency_l6,evaluation_seen,success,full_aassr,full_no_error_penalty,30,0.0,0.0,0.0,0.0,0.0,0.0,1.0,True,1.0
ablation,ablation,opaque_dependency_l6,evaluation_seen,steps,full_aassr,full_no_error_penalty,30,6.0,6.0,0.0,0.0,0.0,0.0,1.0,True,1.0
ablation,ablation,opaque_dependency_l6,evaluation_seen,high_level_steps,full_aassr,full_no_error_penalty,30,6.0,6.0,0.0,0.0,0.0,0.0,1.0,True,1.0
ablation,ablation,opaque_dependency_l6,evaluation_seen,primitive_steps,full_aassr,full_no_error_penalty,30,6.0,6.0,0.0,0.0,0.0,0.0,1.0,True,1.0
ablation,ablation,opaque_dependency_l6,evaluation_seen,reward,full_aassr,full_no_error_penalty,30,0.0,0.0,0.0,0.0,0.0,0.0,1.0,True,1.0
ablation,ablation,opaque_dependency_l6,evaluation_seen,errors,full_aassr,full_no_error_penalty,30,0.0,0.0,0.0,0.0,0.0,0.0,1.0,True,1.0
ablation,ablation,opaque_dependency_l6,evaluation_seen,repeats,full_aassr,full_no_error_penalty,30,0.0,0.0,0.0,0.0,0.0,0.0,1.0,True,1.0
ablation,ablation,opaque_dependency_l6,evaluation_seen,prediction_score,full_aassr,full_no_error_penalty,30,0.0,0.0,0.0,0.0,0.0,0.0,1.0,True,1.0
ablation,ablation,opaque_dependency_l6,evaluation_seen,holdout_score,full_aassr,full_no_error_penalty,30,1.0,1.0,0.0,0.0,0.0,0.0,1.0,True,1.0
ablation,ablation,opaque_dependency_l6,evaluation_seen,imagined_nodes,full_aassr,full_no_error_penalty,30,0.0,0.0,0.0,0.0,0.0,0.0,1.0,True,1.0
ablation,ablation,opaque_dependency_l6,evaluation_seen,imagination_depth,full_aassr,full_no_error_penalty,30,0.0,0.0,0.0,0.0,0.0,0.0,1.0,True,1.0
ablation,ablation,opaque_dependency_l6,evaluation_seen,actual_return,full_aassr,full_no_error_penalty,30,0.0,0.0,0.0,0.0,0.0,0.0,1.0,True,1.0
ablation,ablation,opaque_dependency_l6,evaluation_seen,runtime_seconds,full_aassr,full_no_error_penalty,30,0.003473828750201695,0.003616136699982841,-0.00014230794978114616,-0.0003277729334270893,3.8712616786748796e-05,-0.2801034189354584,0.135943202839858,True,1.0
ablation,ablation,opaque_dependency_l6,evaluation_seen,real_transitions,full_aassr,full_no_error_penalty,30,6.0,6.0,0.0,0.0,0.0,0.0,1.0,True,1.0
ablation,ablation,opaque_dependency_l6,evaluation_seen,imagined_transitions,full_aassr,full_no_error_penalty,30,0.0,0.0,0.0,0.0,0.0,0.0,1.0,True,1.0
ablation,ablation,opaque_dependency_l6,evaluation_seen,action_proposals,full_aassr,full_no_error_penalty,30,6.0,6.0,0.0,0.0,0.0,0.0,1.0,True,1.0
ablation,ablation,opaque_dependency_l6,evaluation_seen,repeat_rate,full_aassr,full_no_error_penalty,30,0.0,0.0,0.0,0.0,0.0,0.0,1.0,True,1.0
ablation,ablation,opaque_dependency_l6,evaluation_seen,error_rate,full_aassr,full_no_error_penalty,30,0.0,0.0,0.0,0.0,0.0,0.0,1.0,True,1.0
ablation,ablation,opaque_dependency_l6,evaluation_seen,success,full_aassr,full_no_repeat_penalty,30,0.0,0.0,0.0,0.0,0.0,0.0,1.0,True,1.0
ablation,ablation,opaque_dependency_l6,evaluation_seen,steps,full_aassr,full_no_repeat_penalty,30,6.0,6.0,0.0,0.0,0.0,0.0,1.0,True,1.0
ablation,ablation,opaque_dependency_l6,evaluation_seen,high_level_steps,full_aassr,full_no_repeat_penalty,30,6.0,6.0,0.0,0.0,0.0,0.0,1.0,True,1.0
ablation,ablation,opaque_dependency_l6,evaluation_seen,primitive_steps,full_aassr,full_no_repeat_penalty,30,6.0,6.0,0.0,0.0,0.0,0.0,1.0,True,1.0
ablation,ablation,opaque_dependency_l6,evaluation_seen,reward,full_aassr,full_no_repeat_penalty,30,0.0,0.0,0.0,0.0,0.0,0.0,1.0,True,1.0
ablation,ablation,opaque_dependency_l6,evaluation_seen,errors,full_aassr,full_no_repeat_penalty,30,0.0,0.0,0.0,0.0,0.0,0.0,1.0,True,1.0
ablation,ablation,opaque_dependency_l6,evaluation_seen,repeats,full_aassr,full_no_repeat_penalty,30,0.0,0.0,0.0,0.0,0.0,0.0,1.0,True,1.0
ablation,ablation,opaque_dependency_l6,evaluation_seen,prediction_score,full_aassr,full_no_repeat_penalty,30,0.0,0.0,0.0,0.0,0.0,0.0,1.0,True,1.0
ablation,ablation,opaque_dependency_l6,evaluation_seen,holdout_score,full_aassr,full_no_repeat_penalty,30,1.0,1.0,0.0,0.0,0.0,0.0,1.0,True,1.0
ablation,ablation,opaque_dependency_l6,evaluation_seen,imagined_nodes,full_aassr,full_no_repeat_penalty,30,0.0,0.0,0.0,0.0,0.0,0.0,1.0,True,1.0
ablation,ablation,opaque_dependency_l6,evaluation_seen,imagination_depth,full_aassr,full_no_repeat_penalty,30,0.0,0.0,0.0,0.0,0.0,0.0,1.0,True,1.0
ablation,ablation,opaque_dependency_l6,evaluation_seen,actual_return,full_aassr,full_no_repeat_penalty,30,0.0,0.0,0.0,0.0,0.0,0.0,1.0,True,1.0
ablation,ablation,opaque_dependency_l6,evaluation_seen,runtime_seconds,full_aassr,full_no_repeat_penalty,30,0.003473828750201695,0.0034525191498638984,2.1309600337796516e-05,-0.0001818401830387302,0.00022671623347074877,0.037229303484892944,0.8386580670966451,True,1.0
ablation,ablation,opaque_dependency_l6,evaluation_seen,real_transitions,full_aassr,full_no_repeat_penalty,30,6.0,6.0,0.0,0.0,0.0,0.0,1.0,True,1.0
ablation,ablation,opaque_dependency_l6,evaluation_seen,imagined_transitions,full_aassr,full_no_repeat_penalty,30,0.0,0.0,0.0,0.0,0.0,0.0,1.0,True,1.0
ablation,ablation,opaque_dependency_l6,evaluation_seen,action_proposals,full_aassr,full_no_repeat_penalty,30,6.0,6.0,0.0,0.0,0.0,0.0,1.0,True,1.0
ablation,ablation,opaque_dependency_l6,evaluation_seen,repeat_rate,full_aassr,full_no_repeat_penalty,30,0.0,0.0,0.0,0.0,0.0,0.0,1.0,True,1.0
ablation,ablation,opaque_dependency_l6,evaluation_seen,error_rate,full_aassr,full_no_repeat_penalty,30,0.0,0.0,0.0,0.0,0.0,0.0,1.0,True,1.0
ablation,ablation,opaque_dependency_l6,evaluation_seen,success,full_aassr,full_no_validated_information,30,0.0,0.0,0.0,0.0,0.0,0.0,1.0,True,1.0
ablation,ablation,opaque_dependency_l6,evaluation_seen,steps,full_aassr,full_no_validated_information,30,6.0,6.0,0.0,0.0,0.0,0.0,1.0,True,1.0
ablation,ablation,opaque_dependency_l6,evaluation_seen,high_level_steps,full_aassr,full_no_validated_information,30,6.0,6.0,0.0,0.0,0.0,0.0,1.0,True,1.0
ablation,ablation,opaque_dependency_l6,evaluation_seen,primitive_steps,full_aassr,full_no_validated_information,30,6.0,6.0,0.0,0.0,0.0,0.0,1.0,True,1.0
ablation,ablation,opaque_dependency_l6,evaluation_seen,reward,full_aassr,full_no_validated_information,30,0.0,0.0,0.0,0.0,0.0,0.0,1.0,True,1.0
ablation,ablation,opaque_dependency_l6,evaluation_seen,errors,full_aassr,full_no_validated_information,30,0.0,0.0,0.0,0.0,0.0,0.0,1.0,True,1.0
ablation,ablation,opaque_dependency_l6,evaluation_seen,repeats,full_aassr,full_no_validated_information,30,0.0,0.0,0.0,0.0,0.0,0.0,1.0,True,1.0
ablation,ablation,opaque_dependency_l6,evaluation_seen,prediction_score,full_aassr,full_no_validated_information,30,0.0,0.0,0.0,0.0,0.0,0.0,1.0,True,1.0
ablation,ablation,opaque_dependency_l6,evaluation_seen,holdout_score,full_aassr,full_no_validated_information,30,1.0,1.0,0.0,0.0,0.0,0.0,1.0,True,1.0
ablation,ablation,opaque_dependency_l6,evaluation_seen,imagined_nodes,full_aassr,full_no_validated_information,30,0.0,0.0,0.0,0.0,0.0,0.0,1.0,True,1.0
ablation,ablation,opaque_dependency_l6,evaluation_seen,imagination_depth,full_aassr,full_no_validated_information,30,0.0,0.0,0.0,0.0,0.0,0.0,1.0,True,1.0
ablation,ablation,opaque_dependency_l6,evaluation_seen,actual_return,full_aassr,full_no_validated_information,30,0.0,0.0,0.0,0.0,0.0,0.0,1.0,True,1.0
ablation,ablation,opaque_dependency_l6,evaluation_seen,runtime_seconds,full_aassr,full_no_validated_information,30,0.003473828750201695,0.003463118766715828,1.070998348586729e-05,-0.00016956734990526454,0.0001900532005092828,0.020667251093132458,0.9108544572771361,True,1.0
ablation,ablation,opaque_dependency_l6,evaluation_seen,real_transitions,full_aassr,full_no_validated_information,30,6.0,6.0,0.0,0.0,0.0,0.0,1.0,True,1.0
ablation,ablation,opaque_dependency_l6,evaluation_seen,imagined_transitions,full_aassr,full_no_validated_information,30,0.0,0.0,0.0,0.0,0.0,0.0,1.0,True,1.0
ablation,ablation,opaque_dependency_l6,evaluation_seen,action_proposals,full_aassr,full_no_validated_information,30,6.0,6.0,0.0,0.0,0.0,0.0,1.0,True,1.0
ablation,ablation,opaque_dependency_l6,evaluation_seen,repeat_rate,full_aassr,full_no_validated_information,30,0.0,0.0,0.0,0.0,0.0,0.0,1.0,True,1.0
ablation,ablation,opaque_dependency_l6,evaluation_seen,error_rate,full_aassr,full_no_validated_information,30,0.0,0.0,0.0,0.0,0.0,0.0,1.0,True,1.0
ablation,ablation,opaque_dependency_l6,evaluation_seen,success,full_aassr,imagination_no_validated_value,30,0.0,0.0,0.0,0.0,0.0,0.0,1.0,True,1.0
ablation,ablation,opaque_dependency_l6,evaluation_seen,steps,full_aassr,imagination_no_validated_value,30,6.0,6.0,0.0,0.0,0.0,0.0,1.0,True,1.0
ablation,ablation,opaque_dependency_l6,evaluation_seen,high_level_steps,full_aassr,imagination_no_validated_value,30,6.0,6.0,0.0,0.0,0.0,0.0,1.0,True,1.0
ablation,ablation,opaque_dependency_l6,evaluation_seen,primitive_steps,full_aassr,imagination_no_validated_value,30,6.0,6.0,0.0,0.0,0.0,0.0,1.0,True,1.0
ablation,ablation,opaque_dependency_l6,evaluation_seen,reward,full_aassr,imagination_no_validated_value,30,0.0,0.0,0.0,0.0,0.0,0.0,1.0,True,1.0
ablation,ablation,opaque_dependency_l6,evaluation_seen,errors,full_aassr,imagination_no_validated_value,30,0.0,0.0,0.0,0.0,0.0,0.0,1.0,True,1.0
ablation,ablation,opaque_dependency_l6,evaluation_seen,repeats,full_aassr,imagination_no_validated_value,30,0.0,0.0,0.0,0.0,0.0,0.0,1.0,True,1.0
ablation,ablation,opaque_dependency_l6,evaluation_seen,prediction_score,full_aassr,imagination_no_validated_value,30,0.0,0.0,0.0,0.0,0.0,0.0,1.0,True,1.0
ablation,ablation,opaque_dependency_l6,evaluation_seen,holdout_score,full_aassr,imagination_no_validated_value,30,1.0,1.0,0.0,0.0,0.0,0.0,1.0,True,1.0
ablation,ablation,opaque_dependency_l6,evaluation_seen,imagined_nodes,full_aassr,imagination_no_validated_value,30,0.0,0.0,0.0,0.0,0.0,0.0,1.0,True,1.0
ablation,ablation,opaque_dependency_l6,evaluation_seen,imagination_depth,full_aassr,imagination_no_validated_value,30,0.0,0.0,0.0,0.0,0.0,0.0,1.0,True,1.0
ablation,ablation,opaque_dependency_l6,evaluation_seen,actual_return,full_aassr,imagination_no_validated_value,30,0.0,0.0,0.0,0.0,0.0,0.0,1.0,True,1.0
ablation,ablation,opaque_dependency_l6,evaluation_seen,runtime_seconds,full_aassr,imagination_no_validated_value,30,0.003473828750201695,0.0035368936332427743,-6.306488304107913e-05,-0.00023760663322173055,0.00010938488368507628,-0.1252114423573485,0.5036248187590621,True,1.0
ablation,ablation,opaque_dependency_l6,evaluation_seen,real_transitions,full_aassr,imagination_no_validated_value,30,6.0,6.0,0.0,0.0,0.0,0.0,1.0,True,1.0
ablation,ablation,opaque_dependency_l6,evaluation_seen,imagined_transitions,full_aassr,imagination_no_validated_value,30,0.0,0.0,0.0,0.0,0.0,0.0,1.0,True,1.0
ablation,ablation,opaque_dependency_l6,evaluation_seen,action_proposals,full_aassr,imagination_no_validated_value,30,6.0,6.0,0.0,0.0,0.0,0.0,1.0,True,1.0
ablation,ablation,opaque_dependency_l6,evaluation_seen,repeat_rate,full_aassr,imagination_no_validated_value,30,0.0,0.0,0.0,0.0,0.0,0.0,1.0,True,1.0
ablation,ablation,opaque_dependency_l6,evaluation_seen,error_rate,full_aassr,imagination_no_validated_value,30,0.0,0.0,0.0,0.0,0.0,0.0,1.0,True,1.0
ablation,ablation,opaque_dependency_l6,evaluation_seen,success,full_aassr,prophecy_no_imagination,30,0.0,0.0,0.0,0.0,0.0,0.0,1.0,True,1.0
ablation,ablation,opaque_dependency_l6,evaluation_seen,steps,full_aassr,prophecy_no_imagination,30,6.0,6.0,0.0,0.0,0.0,0.0,1.0,True,1.0
ablation,ablation,opaque_dependency_l6,evaluation_seen,high_level_steps,full_aassr,prophecy_no_imagination,30,6.0,6.0,0.0,0.0,0.0,0.0,1.0,True,1.0
ablation,ablation,opaque_dependency_l6,evaluation_seen,primitive_steps,full_aassr,prophecy_no_imagination,30,6.0,6.0,0.0,0.0,0.0,0.0,1.0,True,1.0
ablation,ablation,opaque_dependency_l6,evaluation_seen,reward,full_aassr,prophecy_no_imagination,30,0.0,0.0,0.0,0.0,0.0,0.0,1.0,True,1.0
ablation,ablation,opaque_dependency_l6,evaluation_seen,errors,full_aassr,prophecy_no_imagination,30,0.0,0.0,0.0,0.0,0.0,0.0,1.0,True,1.0
ablation,ablation,opaque_dependency_l6,evaluation_seen,repeats,full_aassr,prophecy_no_imagination,30,0.0,0.0,0.0,0.0,0.0,0.0,1.0,True,1.0
ablation,ablation,opaque_dependency_l6,evaluation_seen,prediction_score,full_aassr,prophecy_no_imagination,30,0.0,0.0,0.0,0.0,0.0,0.0,1.0,True,1.0
ablation,ablation,opaque_dependency_l6,evaluation_seen,holdout_score,full_aassr,prophecy_no_imagination,30,1.0,1.0,0.0,0.0,0.0,0.0,1.0,True,1.0
ablation,ablation,opaque_dependency_l6,evaluation_seen,imagined_nodes,full_aassr,prophecy_no_imagination,30,0.0,0.0,0.0,0.0,0.0,0.0,1.0,True,1.0
ablation,ablation,opaque_dependency_l6,evaluation_seen,imagination_depth,full_aassr,prophecy_no_imagination,30,0.0,0.0,0.0,0.0,0.0,0.0,1.0,True,1.0
ablation,ablation,opaque_dependency_l6,evaluation_seen,actual_return,full_aassr,prophecy_no_imagination,30,0.0,0.0,0.0,0.0,0.0,0.0,1.0,True,1.0
ablation,ablation,opaque_dependency_l6,evaluation_seen,runtime_seconds,full_aassr,prophecy_no_imagination,30,0.003473828750201695,0.003405727000266779,6.810174993491575e-05,-0.00011456528356454026,0.00024547351666357527,0.1317438857888365,0.4760761961901905,True,1.0
ablation,ablation,opaque_dependency_l6,evaluation_seen,real_transitions,full_aassr,prophecy_no_imagination,30,6.0,6.0,0.0,0.0,0.0,0.0,1.0,True,1.0
ablation,ablation,opaque_dependency_l6,evaluation_seen,imagined_transitions,full_aassr,prophecy_no_imagination,30,0.0,0.0,0.0,0.0,0.0,0.0,1.0,True,1.0
ablation,ablation,opaque_dependency_l6,evaluation_seen,action_proposals,full_aassr,prophecy_no_imagination,30,6.0,6.0,0.0,0.0,0.0,0.0,1.0,True,1.0
ablation,ablation,opaque_dependency_l6,evaluation_seen,repeat_rate,full_aassr,prophecy_no_imagination,30,0.0,0.0,0.0,0.0,0.0,0.0,1.0,True,1.0
ablation,ablation,opaque_dependency_l6,evaluation_seen,error_rate,full_aassr,prophecy_no_imagination,30,0.0,0.0,0.0,0.0,0.0,0.0,1.0,True,1.0
ablation,ablation,opaque_dependency_l6,evaluation_unseen_zero_shot,success,full_aassr,contextual_policy,30,0.0,0.0,0.0,0.0,0.0,0.0,1.0,True,1.0
ablation,ablation,opaque_dependency_l6,evaluation_unseen_zero_shot,steps,full_aassr,contextual_policy,30,6.0,6.0,0.0,0.0,0.0,0.0,1.0,True,1.0
ablation,ablation,opaque_dependency_l6,evaluation_unseen_zero_shot,high_level_steps,full_aassr,contextual_policy,30,6.0,6.0,0.0,0.0,0.0,0.0,1.0,True,1.0
ablation,ablation,opaque_dependency_l6,evaluation_unseen_zero_shot,primitive_steps,full_aassr,contextual_policy,30,6.0,6.0,0.0,0.0,0.0,0.0,1.0,True,1.0
ablation,ablation,opaque_dependency_l6,evaluation_unseen_zero_shot,reward,full_aassr,contextual_policy,30,0.0,0.0,0.0,0.0,0.0,0.0,1.0,True,1.0
ablation,ablation,opaque_dependency_l6,evaluation_unseen_zero_shot,errors,full_aassr,contextual_policy,30,0.0,0.0,0.0,0.0,0.0,0.0,1.0,True,1.0
ablation,ablation,opaque_dependency_l6,evaluation_unseen_zero_shot,repeats,full_aassr,contextual_policy,30,0.0,0.0,0.0,0.0,0.0,0.0,1.0,True,1.0
ablation,ablation,opaque_dependency_l6,evaluation_unseen_zero_shot,prediction_score,full_aassr,contextual_policy,30,0.0,0.0,0.0,0.0,0.0,0.0,1.0,True,1.0
ablation,ablation,opaque_dependency_l6,evaluation_unseen_zero_shot,holdout_score,full_aassr,contextual_policy,30,1.0,0.0,1.0,1.0,1.0,0.0,4.999750012499375e-05,True,0.0020998950052497373
ablation,ablation,opaque_dependency_l6,evaluation_unseen_zero_shot,imagined_nodes,full_aassr,contextual_policy,30,0.0,0.0,0.0,0.0,0.0,0.0,1.0,True,1.0
ablation,ablation,opaque_dependency_l6,evaluation_unseen_zero_shot,imagination_depth,full_aassr,contextual_policy,30,0.0,0.0,0.0,0.0,0.0,0.0,1.0,True,1.0
ablation,ablation,opaque_dependency_l6,evaluation_unseen_zero_shot,actual_return,full_aassr,contextual_policy,30,0.0,0.0,0.0,0.0,0.0,0.0,1.0,True,1.0
ablation,ablation,opaque_dependency_l6,evaluation_unseen_zero_shot,runtime_seconds,full_aassr,contextual_policy,30,0.0034980397000035734,0.0031513529831863705,0.0003466867168172029,0.0001270006002790372,0.0005746157995502774,0.5442305624959735,0.005549722513874306,True,0.23308834558272085
ablation,ablation,opaque_dependency_l6,evaluation_unseen_zero_shot,real_transitions,full_aassr,contextual_policy,30,6.0,6.0,0.0,0.0,0.0,0.0,1.0,True,1.0
ablation,ablation,opaque_dependency_l6,evaluation_unseen_zero_shot,imagined_transitions,full_aassr,contextual_policy,30,0.0,0.0,0.0,0.0,0.0,0.0,1.0,True,1.0
ablation,ablation,opaque_dependency_l6,evaluation_unseen_zero_shot,action_proposals,full_aassr,contextual_policy,30,6.0,6.0,0.0,0.0,0.0,0.0,1.0,True,1.0
ablation,ablation,opaque_dependency_l6,evaluation_unseen_zero_shot,repeat_rate,full_aassr,contextual_policy,30,0.0,0.0,0.0,0.0,0.0,0.0,1.0,True,1.0
ablation,ablation,opaque_dependency_l6,evaluation_unseen_zero_shot,error_rate,full_aassr,contextual_policy,30,0.0,0.0,0.0,0.0,0.0,0.0,1.0,True,1.0
ablation,ablation,opaque_dependency_l6,evaluation_unseen_zero_shot,success,full_aassr,full_depth1_branch1_max,30,0.0,0.0,0.0,0.0,0.0,0.0,1.0,True,1.0
ablation,ablation,opaque_dependency_l6,evaluation_unseen_zero_shot,steps,full_aassr,full_depth1_branch1_max,30,6.0,6.0,0.0,0.0,0.0,0.0,1.0,True,1.0
ablation,ablation,opaque_dependency_l6,evaluation_unseen_zero_shot,high_level_steps,full_aassr,full_depth1_branch1_max,30,6.0,6.0,0.0,0.0,0.0,0.0,1.0,True,1.0
ablation,ablation,opaque_dependency_l6,evaluation_unseen_zero_shot,primitive_steps,full_aassr,full_depth1_branch1_max,30,6.0,6.0,0.0,0.0,0.0,0.0,1.0,True,1.0
ablation,ablation,opaque_dependency_l6,evaluation_unseen_zero_shot,reward,full_aassr,full_depth1_branch1_max,30,0.0,0.0,0.0,0.0,0.0,0.0,1.0,True,1.0
ablation,ablation,opaque_dependency_l6,evaluation_unseen_zero_shot,errors,full_aassr,full_depth1_branch1_max,30,0.0,0.0,0.0,0.0,0.0,0.0,1.0,True,1.0
ablation,ablation,opaque_dependency_l6,evaluation_unseen_zero_shot,repeats,full_aassr,full_depth1_branch1_max,30,0.0,0.0,0.0,0.0,0.0,0.0,1.0,True,1.0
ablation,ablation,opaque_dependency_l6,evaluation_unseen_zero_shot,prediction_score,full_aassr,full_depth1_branch1_max,30,0.0,0.0,0.0,0.0,0.0,0.0,1.0,True,1.0
ablation,ablation,opaque_dependency_l6,evaluation_unseen_zero_shot,holdout_score,full_aassr,full_depth1_branch1_max,30,1.0,1.0,0.0,0.0,0.0,0.0,1.0,True,1.0
ablation,ablation,opaque_dependency_l6,evaluation_unseen_zero_shot,imagined_nodes,full_aassr,full_depth1_branch1_max,30,0.0,0.0,0.0,0.0,0.0,0.0,1.0,True,1.0
ablation,ablation,opaque_dependency_l6,evaluation_unseen_zero_shot,imagination_depth,full_aassr,full_depth1_branch1_max,30,0.0,0.0,0.0,0.0,0.0,0.0,1.0,True,1.0
ablation,ablation,opaque_dependency_l6,evaluation_unseen_zero_shot,actual_return,full_aassr,full_depth1_branch1_max,30,0.0,0.0,0.0,0.0,0.0,0.0,1.0,True,1.0
ablation,ablation,opaque_dependency_l6,evaluation_unseen_zero_shot,runtime_seconds,full_aassr,full_depth1_branch1_max,30,0.0034980397000035734,0.0035362969501729824,-3.825725016940853e-05,-0.00025886653346727444,0.00017749021646159229,-0.060823124384978854,0.744562771861407,True,1.0
ablation,ablation,opaque_dependency_l6,evaluation_unseen_zero_shot,real_transitions,full_aassr,full_depth1_branch1_max,30,6.0,6.0,0.0,0.0,0.0,0.0,1.0,True,1.0
ablation,ablation,opaque_dependency_l6,evaluation_unseen_zero_shot,imagined_transitions,full_aassr,full_depth1_branch1_max,30,0.0,0.0,0.0,0.0,0.0,0.0,1.0,True,1.0
ablation,ablation,opaque_dependency_l6,evaluation_unseen_zero_shot,action_proposals,full_aassr,full_depth1_branch1_max,30,6.0,6.0,0.0,0.0,0.0,0.0,1.0,True,1.0
ablation,ablation,opaque_dependency_l6,evaluation_unseen_zero_shot,repeat_rate,full_aassr,full_depth1_branch1_max,30,0.0,0.0,0.0,0.0,0.0,0.0,1.0,True,1.0
ablation,ablation,opaque_dependency_l6,evaluation_unseen_zero_shot,error_rate,full_aassr,full_depth1_branch1_max,30,0.0,0.0,0.0,0.0,0.0,0.0,1.0,True,1.0
ablation,ablation,opaque_dependency_l6,evaluation_unseen_zero_shot,success,full_aassr,full_depth1_branch1_mean,30,0.0,0.0,0.0,0.0,0.0,0.0,1.0,True,1.0
ablation,ablation,opaque_dependency_l6,evaluation_unseen_zero_shot,steps,full_aassr,full_depth1_branch1_mean,30,6.0,6.0,0.0,0.0,0.0,0.0,1.0,True,1.0
ablation,ablation,opaque_dependency_l6,evaluation_unseen_zero_shot,high_level_steps,full_aassr,full_depth1_branch1_mean,30,6.0,6.0,0.0,0.0,0.0,0.0,1.0,True,1.0
ablation,ablation,opaque_dependency_l6,evaluation_unseen_zero_shot,primitive_steps,full_aassr,full_depth1_branch1_mean,30,6.0,6.0,0.0,0.0,0.0,0.0,1.0,True,1.0
ablation,ablation,opaque_dependency_l6,evaluation_unseen_zero_shot,reward,full_aassr,full_depth1_branch1_mean,30,0.0,0.0,0.0,0.0,0.0,0.0,1.0,True,1.0
ablation,ablation,opaque_dependency_l6,evaluation_unseen_zero_shot,errors,full_aassr,full_depth1_branch1_mean,30,0.0,0.0,0.0,0.0,0.0,0.0,1.0,True,1.0
ablation,ablation,opaque_dependency_l6,evaluation_unseen_zero_shot,repeats,full_aassr,full_depth1_branch1_mean,30,0.0,0.0,0.0,0.0,0.0,0.0,1.0,True,1.0
ablation,ablation,opaque_dependency_l6,evaluation_unseen_zero_shot,prediction_score,full_aassr,full_depth1_branch1_mean,30,0.0,0.0,0.0,0.0,0.0,0.0,1.0,True,1.0
ablation,ablation,opaque_dependency_l6,evaluation_unseen_zero_shot,holdout_score,full_aassr,full_depth1_branch1_mean,30,1.0,1.0,0.0,0.0,0.0,0.0,1.0,True,1.0
ablation,ablation,opaque_dependency_l6,evaluation_unseen_zero_shot,imagined_nodes,full_aassr,full_depth1_branch1_mean,30,0.0,0.0,0.0,0.0,0.0,0.0,1.0,True,1.0
ablation,ablation,opaque_dependency_l6,evaluation_unseen_zero_shot,imagination_depth,full_aassr,full_depth1_branch1_mean,30,0.0,0.0,0.0,0.0,0.0,0.0,1.0,True,1.0
ablation,ablation,opaque_dependency_l6,evaluation_unseen_zero_shot,actual_return,full_aassr,full_depth1_branch1_mean,30,0.0,0.0,0.0,0.0,0.0,0.0,1.0,True,1.0
ablation,ablation,opaque_dependency_l6,evaluation_unseen_zero_shot,runtime_seconds,full_aassr,full_depth1_branch1_mean,30,0.0034980397000035734,0.00362863113306715,-0.00013059143306357623,-0.00039305226629464103,0.00013009885046631108,-0.17695810668873319,0.3379331033448328,True,1.0
ablation,ablation,opaque_dependency_l6,evaluation_unseen_zero_shot,real_transitions,full_aassr,full_depth1_branch1_mean,30,6.0,6.0,0.0,0.0,0.0,0.0,1.0,True,1.0
ablation,ablation,opaque_dependency_l6,evaluation_unseen_zero_shot,imagined_transitions,full_aassr,full_depth1_branch1_mean,30,0.0,0.0,0.0,0.0,0.0,0.0,1.0,True,1.0
ablation,ablation,opaque_dependency_l6,evaluation_unseen_zero_shot,action_proposals,full_aassr,full_depth1_branch1_mean,30,6.0,6.0,0.0,0.0,0.0,0.0,1.0,True,1.0
ablation,ablation,opaque_dependency_l6,evaluation_unseen_zero_shot,repeat_rate,full_aassr,full_depth1_branch1_mean,30,0.0,0.0,0.0,0.0,0.0,0.0,1.0,True,1.0
ablation,ablation,opaque_dependency_l6,evaluation_unseen_zero_shot,error_rate,full_aassr,full_depth1_branch1_mean,30,0.0,0.0,0.0,0.0,0.0,0.0,1.0,True,1.0
ablation,ablation,opaque_dependency_l6,evaluation_unseen_zero_shot,success,full_aassr,full_depth1_branch1_risk-adjusted,30,0.0,0.0,0.0,0.0,0.0,0.0,1.0,True,1.0
ablation,ablation,opaque_dependency_l6,evaluation_unseen_zero_shot,steps,full_aassr,full_depth1_branch1_risk-adjusted,30,6.0,6.0,0.0,0.0,0.0,0.0,1.0,True,1.0
ablation,ablation,opaque_dependency_l6,evaluation_unseen_zero_shot,high_level_steps,full_aassr,full_depth1_branch1_risk-adjusted,30,6.0,6.0,0.0,0.0,0.0,0.0,1.0,True,1.0
ablation,ablation,opaque_dependency_l6,evaluation_unseen_zero_shot,primitive_steps,full_aassr,full_depth1_branch1_risk-adjusted,30,6.0,6.0,0.0,0.0,0.0,0.0,1.0,True,1.0
ablation,ablation,opaque_dependency_l6,evaluation_unseen_zero_shot,reward,full_aassr,full_depth1_branch1_risk-adjusted,30,0.0,0.0,0.0,0.0,0.0,0.0,1.0,True,1.0
ablation,ablation,opaque_dependency_l6,evaluation_unseen_zero_shot,errors,full_aassr,full_depth1_branch1_risk-adjusted,30,0.0,0.0,0.0,0.0,0.0,0.0,1.0,True,1.0
ablation,ablation,opaque_dependency_l6,evaluation_unseen_zero_shot,repeats,full_aassr,full_depth1_branch1_risk-adjusted,30,0.0,0.0,0.0,0.0,0.0,0.0,1.0,True,1.0
ablation,ablation,opaque_dependency_l6,evaluation_unseen_zero_shot,prediction_score,full_aassr,full_depth1_branch1_risk-adjusted,30,0.0,0.0,0.0,0.0,0.0,0.0,1.0,True,1.0
ablation,ablation,opaque_dependency_l6,evaluation_unseen_zero_shot,holdout_score,full_aassr,full_depth1_branch1_risk-adjusted,30,1.0,1.0,0.0,0.0,0.0,0.0,1.0,True,1.0
ablation,ablation,opaque_dependency_l6,evaluation_unseen_zero_shot,imagined_nodes,full_aassr,full_depth1_branch1_risk-adjusted,30,0.0,0.0,0.0,0.0,0.0,0.0,1.0,True,1.0
ablation,ablation,opaque_dependency_l6,evaluation_unseen_zero_shot,imagination_depth,full_aassr,full_depth1_branch1_risk-adjusted,30,0.0,0.0,0.0,0.0,0.0,0.0,1.0,True,1.0
ablation,ablation,opaque_dependency_l6,evaluation_unseen_zero_shot,actual_return,full_aassr,full_depth1_branch1_risk-adjusted,30,0.0,0.0,0.0,0.0,0.0,0.0,1.0,True,1.0
ablation,ablation,opaque_dependency_l6,evaluation_unseen_zero_shot,runtime_seconds,full_aassr,full_depth1_branch1_risk-adjusted,30,0.0034980397000035734,0.0035510331333013403,-5.299343329776699e-05,-0.0002822547496859139,0.00017034966673721406,-0.08086506644770615,0.6607669616519174,True,1.0
ablation,ablation,opaque_dependency_l6,evaluation_unseen_zero_shot,real_transitions,full_aassr,full_depth1_branch1_risk-adjusted,30,6.0,6.0,0.0,0.0,0.0,0.0,1.0,True,1.0
ablation,ablation,opaque_dependency_l6,evaluation_unseen_zero_shot,imagined_transitions,full_aassr,full_depth1_branch1_risk-adjusted,30,0.0,0.0,0.0,0.0,0.0,0.0,1.0,True,1.0
ablation,ablation,opaque_dependency_l6,evaluation_unseen_zero_shot,action_proposals,full_aassr,full_depth1_branch1_risk-adjusted,30,6.0,6.0,0.0,0.0,0.0,0.0,1.0,True,1.0
ablation,ablation,opaque_dependency_l6,evaluation_unseen_zero_shot,repeat_rate,full_aassr,full_depth1_branch1_risk-adjusted,30,0.0,0.0,0.0,0.0,0.0,0.0,1.0,True,1.0
ablation,ablation,opaque_dependency_l6,evaluation_unseen_zero_shot,error_rate,full_aassr,full_depth1_branch1_risk-adjusted,30,0.0,0.0,0.0,0.0,0.0,0.0,1.0,True,1.0
ablation,ablation,opaque_dependency_l6,evaluation_unseen_zero_shot,success,full_aassr,full_depth1_branch2_max,30,0.0,0.0,0.0,0.0,0.0,0.0,1.0,True,1.0
ablation,ablation,opaque_dependency_l6,evaluation_unseen_zero_shot,steps,full_aassr,full_depth1_branch2_max,30,6.0,6.0,0.0,0.0,0.0,0.0,1.0,True,1.0
ablation,ablation,opaque_dependency_l6,evaluation_unseen_zero_shot,high_level_steps,full_aassr,full_depth1_branch2_max,30,6.0,6.0,0.0,0.0,0.0,0.0,1.0,True,1.0
ablation,ablation,opaque_dependency_l6,evaluation_unseen_zero_shot,primitive_steps,full_aassr,full_depth1_branch2_max,30,6.0,6.0,0.0,0.0,0.0,0.0,1.0,True,1.0
ablation,ablation,opaque_dependency_l6,evaluation_unseen_zero_shot,reward,full_aassr,full_depth1_branch2_max,30,0.0,0.0,0.0,0.0,0.0,0.0,1.0,True,1.0
ablation,ablation,opaque_dependency_l6,evaluation_unseen_zero_shot,errors,full_aassr,full_depth1_branch2_max,30,0.0,0.0,0.0,0.0,0.0,0.0,1.0,True,1.0
ablation,ablation,opaque_dependency_l6,evaluation_unseen_zero_shot,repeats,full_aassr,full_depth1_branch2_max,30,0.0,0.0,0.0,0.0,0.0,0.0,1.0,True,1.0
ablation,ablation,opaque_dependency_l6,evaluation_unseen_zero_shot,prediction_score,full_aassr,full_depth1_branch2_max,30,0.0,0.0,0.0,0.0,0.0,0.0,1.0,True,1.0
ablation,ablation,opaque_dependency_l6,evaluation_unseen_zero_shot,holdout_score,full_aassr,full_depth1_branch2_max,30,1.0,1.0,0.0,0.0,0.0,0.0,1.0,True,1.0
ablation,ablation,opaque_dependency_l6,evaluation_unseen_zero_shot,imagined_nodes,full_aassr,full_depth1_branch2_max,30,0.0,0.0,0.0,0.0,0.0,0.0,1.0,True,1.0
ablation,ablation,opaque_dependency_l6,evaluation_unseen_zero_shot,imagination_depth,full_aassr,full_depth1_branch2_max,30,0.0,0.0,0.0,0.0,0.0,0.0,1.0,True,1.0
ablation,ablation,opaque_dependency_l6,evaluation_unseen_zero_shot,actual_return,full_aassr,full_depth1_branch2_max,30,0.0,0.0,0.0,0.0,0.0,0.0,1.0,True,1.0
ablation,ablation,opaque_dependency_l6,evaluation_unseen_zero_shot,runtime_seconds,full_aassr,full_depth1_branch2_max,30,0.0034980397000035734,0.0035159190667909566,-1.7879366787383363e-05,-0.00023414481667956963,0.0002044807832232133,-0.028810824002413304,0.871756412179391,True,1.0
ablation,ablation,opaque_dependency_l6,evaluation_unseen_zero_shot,real_transitions,full_aassr,full_depth1_branch2_max,30,6.0,6.0,0.0,0.0,0.0,0.0,1.0,True,1.0
ablation,ablation,opaque_dependency_l6,evaluation_unseen_zero_shot,imagined_transitions,full_aassr,full_depth1_branch2_max,30,0.0,0.0,0.0,0.0,0.0,0.0,1.0,True,1.0
ablation,ablation,opaque_dependency_l6,evaluation_unseen_zero_shot,action_proposals,full_aassr,full_depth1_branch2_max,30,6.0,6.0,0.0,0.0,0.0,0.0,1.0,True,1.0
ablation,ablation,opaque_dependency_l6,evaluation_unseen_zero_shot,repeat_rate,full_aassr,full_depth1_branch2_max,30,0.0,0.0,0.0,0.0,0.0,0.0,1.0,True,1.0
ablation,ablation,opaque_dependency_l6,evaluation_unseen_zero_shot,error_rate,full_aassr,full_depth1_branch2_max,30,0.0,0.0,0.0,0.0,0.0,0.0,1.0,True,1.0
ablation,ablation,opaque_dependency_l6,evaluation_unseen_zero_shot,success,full_aassr,full_depth1_branch2_mean,30,0.0,0.0,0.0,0.0,0.0,0.0,1.0,True,1.0
ablation,ablation,opaque_dependency_l6,evaluation_unseen_zero_shot,steps,full_aassr,full_depth1_branch2_mean,30,6.0,6.0,0.0,0.0,0.0,0.0,1.0,True,1.0
ablation,ablation,opaque_dependency_l6,evaluation_unseen_zero_shot,high_level_steps,full_aassr,full_depth1_branch2_mean,30,6.0,6.0,0.0,0.0,0.0,0.0,1.0,True,1.0
ablation,ablation,opaque_dependency_l6,evaluation_unseen_zero_shot,primitive_steps,full_aassr,full_depth1_branch2_mean,30,6.0,6.0,0.0,0.0,0.0,0.0,1.0,True,1.0
ablation,ablation,opaque_dependency_l6,evaluation_unseen_zero_shot,reward,full_aassr,full_depth1_branch2_mean,30,0.0,0.0,0.0,0.0,0.0,0.0,1.0,True,1.0
ablation,ablation,opaque_dependency_l6,evaluation_unseen_zero_shot,errors,full_aassr,full_depth1_branch2_mean,30,0.0,0.0,0.0,0.0,0.0,0.0,1.0,True,1.0
ablation,ablation,opaque_dependency_l6,evaluation_unseen_zero_shot,repeats,full_aassr,full_depth1_branch2_mean,30,0.0,0.0,0.0,0.0,0.0,0.0,1.0,True,1.0
ablation,ablation,opaque_dependency_l6,evaluation_unseen_zero_shot,prediction_score,full_aassr,full_depth1_branch2_mean,30,0.0,0.0,0.0,0.0,0.0,0.0,1.0,True,1.0
ablation,ablation,opaque_dependency_l6,evaluation_unseen_zero_shot,holdout_score,full_aassr,full_depth1_branch2_mean,30,1.0,1.0,0.0,0.0,0.0,0.0,1.0,True,1.0
ablation,ablation,opaque_dependency_l6,evaluation_unseen_zero_shot,imagined_nodes,full_aassr,full_depth1_branch2_mean,30,0.0,0.0,0.0,0.0,0.0,0.0,1.0,True,1.0
ablation,ablation,opaque_dependency_l6,evaluation_unseen_zero_shot,imagination_depth,full_aassr,full_depth1_branch2_mean,30,0.0,0.0,0.0,0.0,0.0,0.0,1.0,True,1.0
ablation,ablation,opaque_dependency_l6,evaluation_unseen_zero_shot,actual_return,full_aassr,full_depth1_branch2_mean,30,0.0,0.0,0.0,0.0,0.0,0.0,1.0,True,1.0
ablation,ablation,opaque_dependency_l6,evaluation_unseen_zero_shot,runtime_seconds,full_aassr,full_depth1_branch2_mean,30,0.0034980397000035734,0.003493061766867565,4.977933136008934e-06,-0.00020953836663587333,0.0002330156662598407,0.008041387309212788,0.9630518474076296,True,1.0
ablation,ablation,opaque_dependency_l6,evaluation_unseen_zero_shot,real_transitions,full_aassr,full_depth1_branch2_mean,30,6.0,6.0,0.0,0.0,0.0,0.0,1.0,True,1.0
ablation,ablation,opaque_dependency_l6,evaluation_unseen_zero_shot,imagined_transitions,full_aassr,full_depth1_branch2_mean,30,0.0,0.0,0.0,0.0,0.0,0.0,1.0,True,1.0
ablation,ablation,opaque_dependency_l6,evaluation_unseen_zero_shot,action_proposals,full_aassr,full_depth1_branch2_mean,30,6.0,6.0,0.0,0.0,0.0,0.0,1.0,True,1.0
ablation,ablation,opaque_dependency_l6,evaluation_unseen_zero_shot,repeat_rate,full_aassr,full_depth1_branch2_mean,30,0.0,0.0,0.0,0.0,0.0,0.0,1.0,True,1.0
ablation,ablation,opaque_dependency_l6,evaluation_unseen_zero_shot,error_rate,full_aassr,full_depth1_branch2_mean,30,0.0,0.0,0.0,0.0,0.0,0.0,1.0,True,1.0
ablation,ablation,opaque_dependency_l6,evaluation_unseen_zero_shot,success,full_aassr,full_depth1_branch2_risk-adjusted,30,0.0,0.0,0.0,0.0,0.0,0.0,1.0,True,1.0
ablation,ablation,opaque_dependency_l6,evaluation_unseen_zero_shot,steps,full_aassr,full_depth1_branch2_risk-adjusted,30,6.0,6.0,0.0,0.0,0.0,0.0,1.0,True,1.0
ablation,ablation,opaque_dependency_l6,evaluation_unseen_zero_shot,high_level_steps,full_aassr,full_depth1_branch2_risk-adjusted,30,6.0,6.0,0.0,0.0,0.0,0.0,1.0,True,1.0
ablation,ablation,opaque_dependency_l6,evaluation_unseen_zero_shot,primitive_steps,full_aassr,full_depth1_branch2_risk-adjusted,30,6.0,6.0,0.0,0.0,0.0,0.0,1.0,True,1.0
ablation,ablation,opaque_dependency_l6,evaluation_unseen_zero_shot,reward,full_aassr,full_depth1_branch2_risk-adjusted,30,0.0,0.0,0.0,0.0,0.0,0.0,1.0,True,1.0
ablation,ablation,opaque_dependency_l6,evaluation_unseen_zero_shot,errors,full_aassr,full_depth1_branch2_risk-adjusted,30,0.0,0.0,0.0,0.0,0.0,0.0,1.0,True,1.0
ablation,ablation,opaque_dependency_l6,evaluation_unseen_zero_shot,repeats,full_aassr,full_depth1_branch2_risk-adjusted,30,0.0,0.0,0.0,0.0,0.0,0.0,1.0,True,1.0
ablation,ablation,opaque_dependency_l6,evaluation_unseen_zero_shot,prediction_score,full_aassr,full_depth1_branch2_risk-adjusted,30,0.0,0.0,0.0,0.0,0.0,0.0,1.0,True,1.0
ablation,ablation,opaque_dependency_l6,evaluation_unseen_zero_shot,holdout_score,full_aassr,full_depth1_branch2_risk-adjusted,30,1.0,1.0,0.0,0.0,0.0,0.0,1.0,True,1.0
ablation,ablation,opaque_dependency_l6,evaluation_unseen_zero_shot,imagined_nodes,full_aassr,full_depth1_branch2_risk-adjusted,30,0.0,0.0,0.0,0.0,0.0,0.0,1.0,True,1.0
ablation,ablation,opaque_dependency_l6,evaluation_unseen_zero_shot,imagination_depth,full_aassr,full_depth1_branch2_risk-adjusted,30,0.0,0.0,0.0,0.0,0.0,0.0,1.0,True,1.0
ablation,ablation,opaque_dependency_l6,evaluation_unseen_zero_shot,actual_return,full_aassr,full_depth1_branch2_risk-adjusted,30,0.0,0.0,0.0,0.0,0.0,0.0,1.0,True,1.0
ablation,ablation,opaque_dependency_l6,evaluation_unseen_zero_shot,runtime_seconds,full_aassr,full_depth1_branch2_risk-adjusted,30,0.0034980397000035734,0.0035441473335085906,-4.6107633505016624e-05,-0.00030729923374989696,0.00019963783333272036,-0.06290327193125379,0.7351132443377831,True,1.0
ablation,ablation,opaque_dependency_l6,evaluation_unseen_zero_shot,real_transitions,full_aassr,full_depth1_branch2_risk-adjusted,30,6.0,6.0,0.0,0.0,0.0,0.0,1.0,True,1.0
ablation,ablation,opaque_dependency_l6,evaluation_unseen_zero_shot,imagined_transitions,full_aassr,full_depth1_branch2_risk-adjusted,30,0.0,0.0,0.0,0.0,0.0,0.0,1.0,True,1.0
ablation,ablation,opaque_dependency_l6,evaluation_unseen_zero_shot,action_proposals,full_aassr,full_depth1_branch2_risk-adjusted,30,6.0,6.0,0.0,0.0,0.0,0.0,1.0,True,1.0
ablation,ablation,opaque_dependency_l6,evaluation_unseen_zero_shot,repeat_rate,full_aassr,full_depth1_branch2_risk-adjusted,30,0.0,0.0,0.0,0.0,0.0,0.0,1.0,True,1.0
ablation,ablation,opaque_dependency_l6,evaluation_unseen_zero_shot,error_rate,full_aassr,full_depth1_branch2_risk-adjusted,30,0.0,0.0,0.0,0.0,0.0,0.0,1.0,True,1.0
ablation,ablation,opaque_dependency_l6,evaluation_unseen_zero_shot,success,full_aassr,full_depth1_branch4_max,30,0.0,0.0,0.0,0.0,0.0,0.0,1.0,True,1.0
ablation,ablation,opaque_dependency_l6,evaluation_unseen_zero_shot,steps,full_aassr,full_depth1_branch4_max,30,6.0,6.0,0.0,0.0,0.0,0.0,1.0,True,1.0
ablation,ablation,opaque_dependency_l6,evaluation_unseen_zero_shot,high_level_steps,full_aassr,full_depth1_branch4_max,30,6.0,6.0,0.0,0.0,0.0,0.0,1.0,True,1.0
ablation,ablation,opaque_dependency_l6,evaluation_unseen_zero_shot,primitive_steps,full_aassr,full_depth1_branch4_max,30,6.0,6.0,0.0,0.0,0.0,0.0,1.0,True,1.0
ablation,ablation,opaque_dependency_l6,evaluation_unseen_zero_shot,reward,full_aassr,full_depth1_branch4_max,30,0.0,0.0,0.0,0.0,0.0,0.0,1.0,True,1.0
ablation,ablation,opaque_dependency_l6,evaluation_unseen_zero_shot,errors,full_aassr,full_depth1_branch4_max,30,0.0,0.0,0.0,0.0,0.0,0.0,1.0,True,1.0
ablation,ablation,opaque_dependency_l6,evaluation_unseen_zero_shot,repeats,full_aassr,full_depth1_branch4_max,30,0.0,0.0,0.0,0.0,0.0,0.0,1.0,True,1.0
ablation,ablation,opaque_dependency_l6,evaluation_unseen_zero_shot,prediction_score,full_aassr,full_depth1_branch4_max,30,0.0,0.0,0.0,0.0,0.0,0.0,1.0,True,1.0
ablation,ablation,opaque_dependency_l6,evaluation_unseen_zero_shot,holdout_score,full_aassr,full_depth1_branch4_max,30,1.0,1.0,0.0,0.0,0.0,0.0,1.0,True,1.0
ablation,ablation,opaque_dependency_l6,evaluation_unseen_zero_shot,imagined_nodes,full_aassr,full_depth1_branch4_max,30,0.0,0.0,0.0,0.0,0.0,0.0,1.0,True,1.0
ablation,ablation,opaque_dependency_l6,evaluation_unseen_zero_shot,imagination_depth,full_aassr,full_depth1_branch4_max,30,0.0,0.0,0.0,0.0,0.0,0.0,1.0,True,1.0
ablation,ablation,opaque_dependency_l6,evaluation_unseen_zero_shot,actual_return,full_aassr,full_depth1_branch4_max,30,0.0,0.0,0.0,0.0,0.0,0.0,1.0,True,1.0
ablation,ablation,opaque_dependency_l6,evaluation_unseen_zero_shot,runtime_seconds,full_aassr,full_depth1_branch4_max,30,0.0034980397000035734,0.003401229550208275,9.681014979529813e-05,-0.000144604600223829,0.00035325236683517375,0.13801340888133118,0.45412729363531823,True,1.0
ablation,ablation,opaque_dependency_l6,evaluation_unseen_zero_shot,real_transitions,full_aassr,full_depth1_branch4_max,30,6.0,6.0,0.0,0.0,0.0,0.0,1.0,True,1.0
ablation,ablation,opaque_dependency_l6,evaluation_unseen_zero_shot,imagined_transitions,full_aassr,full_depth1_branch4_max,30,0.0,0.0,0.0,0.0,0.0,0.0,1.0,True,1.0
ablation,ablation,opaque_dependency_l6,evaluation_unseen_zero_shot,action_proposals,full_aassr,full_depth1_branch4_max,30,6.0,6.0,0.0,0.0,0.0,0.0,1.0,True,1.0
ablation,ablation,opaque_dependency_l6,evaluation_unseen_zero_shot,repeat_rate,full_aassr,full_depth1_branch4_max,30,0.0,0.0,0.0,0.0,0.0,0.0,1.0,True,1.0
ablation,ablation,opaque_dependency_l6,evaluation_unseen_zero_shot,error_rate,full_aassr,full_depth1_branch4_max,30,0.0,0.0,0.0,0.0,0.0,0.0,1.0,True,1.0
ablation,ablation,opaque_dependency_l6,evaluation_unseen_zero_shot,success,full_aassr,full_depth1_branch4_mean,30,0.0,0.0,0.0,0.0,0.0,0.0,1.0,True,1.0
ablation,ablation,opaque_dependency_l6,evaluation_unseen_zero_shot,steps,full_aassr,full_depth1_branch4_mean,30,6.0,6.0,0.0,0.0,0.0,0.0,1.0,True,1.0
ablation,ablation,opaque_dependency_l6,evaluation_unseen_zero_shot,high_level_steps,full_aassr,full_depth1_branch4_mean,30,6.0,6.0,0.0,0.0,0.0,0.0,1.0,True,1.0
ablation,ablation,opaque_dependency_l6,evaluation_unseen_zero_shot,primitive_steps,full_aassr,full_depth1_branch4_mean,30,6.0,6.0,0.0,0.0,0.0,0.0,1.0,True,1.0
ablation,ablation,opaque_dependency_l6,evaluation_unseen_zero_shot,reward,full_aassr,full_depth1_branch4_mean,30,0.0,0.0,0.0,0.0,0.0,0.0,1.0,True,1.0
ablation,ablation,opaque_dependency_l6,evaluation_unseen_zero_shot,errors,full_aassr,full_depth1_branch4_mean,30,0.0,0.0,0.0,0.0,0.0,0.0,1.0,True,1.0
ablation,ablation,opaque_dependency_l6,evaluation_unseen_zero_shot,repeats,full_aassr,full_depth1_branch4_mean,30,0.0,0.0,0.0,0.0,0.0,0.0,1.0,True,1.0
ablation,ablation,opaque_dependency_l6,evaluation_unseen_zero_shot,prediction_score,full_aassr,full_depth1_branch4_mean,30,0.0,0.0,0.0,0.0,0.0,0.0,1.0,True,1.0
ablation,ablation,opaque_dependency_l6,evaluation_unseen_zero_shot,holdout_score,full_aassr,full_depth1_branch4_mean,30,1.0,1.0,0.0,0.0,0.0,0.0,1.0,True,1.0
ablation,ablation,opaque_dependency_l6,evaluation_unseen_zero_shot,imagined_nodes,full_aassr,full_depth1_branch4_mean,30,0.0,0.0,0.0,0.0,0.0,0.0,1.0,True,1.0
ablation,ablation,opaque_dependency_l6,evaluation_unseen_zero_shot,imagination_depth,full_aassr,full_depth1_branch4_mean,30,0.0,0.0,0.0,0.0,0.0,0.0,1.0,True,1.0
ablation,ablation,opaque_dependency_l6,evaluation_unseen_zero_shot,actual_return,full_aassr,full_depth1_branch4_mean,30,0.0,0.0,0.0,0.0,0.0,0.0,1.0,True,1.0
ablation,ablation,opaque_dependency_l6,evaluation_unseen_zero_shot,runtime_seconds,full_aassr,full_depth1_branch4_mean,30,0.0034980397000035734,0.00358445074990838,-8.641104990480625e-05,-0.000326479600170084,0.00016423808336063898,-0.12131739614515337,0.511524423778811,True,1.0
ablation,ablation,opaque_dependency_l6,evaluation_unseen_zero_shot,real_transitions,full_aassr,full_depth1_branch4_mean,30,6.0,6.0,0.0,0.0,0.0,0.0,1.0,True,1.0
ablation,ablation,opaque_dependency_l6,evaluation_unseen_zero_shot,imagined_transitions,full_aassr,full_depth1_branch4_mean,30,0.0,0.0,0.0,0.0,0.0,0.0,1.0,True,1.0
ablation,ablation,opaque_dependency_l6,evaluation_unseen_zero_shot,action_proposals,full_aassr,full_depth1_branch4_mean,30,6.0,6.0,0.0,0.0,0.0,0.0,1.0,True,1.0
ablation,ablation,opaque_dependency_l6,evaluation_unseen_zero_shot,repeat_rate,full_aassr,full_depth1_branch4_mean,30,0.0,0.0,0.0,0.0,0.0,0.0,1.0,True,1.0
ablation,ablation,opaque_dependency_l6,evaluation_unseen_zero_shot,error_rate,full_aassr,full_depth1_branch4_mean,30,0.0,0.0,0.0,0.0,0.0,0.0,1.0,True,1.0
ablation,ablation,opaque_dependency_l6,evaluation_unseen_zero_shot,success,full_aassr,full_depth1_branch4_risk-adjusted,30,0.0,0.0,0.0,0.0,0.0,0.0,1.0,True,1.0
ablation,ablation,opaque_dependency_l6,evaluation_unseen_zero_shot,steps,full_aassr,full_depth1_branch4_risk-adjusted,30,6.0,6.0,0.0,0.0,0.0,0.0,1.0,True,1.0
ablation,ablation,opaque_dependency_l6,evaluation_unseen_zero_shot,high_level_steps,full_aassr,full_depth1_branch4_risk-adjusted,30,6.0,6.0,0.0,0.0,0.0,0.0,1.0,True,1.0
ablation,ablation,opaque_dependency_l6,evaluation_unseen_zero_shot,primitive_steps,full_aassr,full_depth1_branch4_risk-adjusted,30,6.0,6.0,0.0,0.0,0.0,0.0,1.0,True,1.0
ablation,ablation,opaque_dependency_l6,evaluation_unseen_zero_shot,reward,full_aassr,full_depth1_branch4_risk-adjusted,30,0.0,0.0,0.0,0.0,0.0,0.0,1.0,True,1.0
ablation,ablation,opaque_dependency_l6,evaluation_unseen_zero_shot,errors,full_aassr,full_depth1_branch4_risk-adjusted,30,0.0,0.0,0.0,0.0,0.0,0.0,1.0,True,1.0
ablation,ablation,opaque_dependency_l6,evaluation_unseen_zero_shot,repeats,full_aassr,full_depth1_branch4_risk-adjusted,30,0.0,0.0,0.0,0.0,0.0,0.0,1.0,True,1.0
ablation,ablation,opaque_dependency_l6,evaluation_unseen_zero_shot,prediction_score,full_aassr,full_depth1_branch4_risk-adjusted,30,0.0,0.0,0.0,0.0,0.0,0.0,1.0,True,1.0
ablation,ablation,opaque_dependency_l6,evaluation_unseen_zero_shot,holdout_score,full_aassr,full_depth1_branch4_risk-adjusted,30,1.0,1.0,0.0,0.0,0.0,0.0,1.0,True,1.0
ablation,ablation,opaque_dependency_l6,evaluation_unseen_zero_shot,imagined_nodes,full_aassr,full_depth1_branch4_risk-adjusted,30,0.0,0.0,0.0,0.0,0.0,0.0,1.0,True,1.0
ablation,ablation,opaque_dependency_l6,evaluation_unseen_zero_shot,imagination_depth,full_aassr,full_depth1_branch4_risk-adjusted,30,0.0,0.0,0.0,0.0,0.0,0.0,1.0,True,1.0
ablation,ablation,opaque_dependency_l6,evaluation_unseen_zero_shot,actual_return,full_aassr,full_depth1_branch4_risk-adjusted,30,0.0,0.0,0.0,0.0,0.0,0.0,1.0,True,1.0
ablation,ablation,opaque_dependency_l6,evaluation_unseen_zero_shot,runtime_seconds,full_aassr,full_depth1_branch4_risk-adjusted,30,0.0034980397000035734,0.0033800461666639117,0.00011799353333966184,-7.220175004719445e-05,0.000311578416886429,0.2116727837594539,0.25573721313934306,True,1.0
ablation,ablation,opaque_dependency_l6,evaluation_unseen_zero_shot,real_transitions,full_aassr,full_depth1_branch4_risk-adjusted,30,6.0,6.0,0.0,0.0,0.0,0.0,1.0,True,1.0
ablation,ablation,opaque_dependency_l6,evaluation_unseen_zero_shot,imagined_transitions,full_aassr,full_depth1_branch4_risk-adjusted,30,0.0,0.0,0.0,0.0,0.0,0.0,1.0,True,1.0
ablation,ablation,opaque_dependency_l6,evaluation_unseen_zero_shot,action_proposals,full_aassr,full_depth1_branch4_risk-adjusted,30,6.0,6.0,0.0,0.0,0.0,0.0,1.0,True,1.0
ablation,ablation,opaque_dependency_l6,evaluation_unseen_zero_shot,repeat_rate,full_aassr,full_depth1_branch4_risk-adjusted,30,0.0,0.0,0.0,0.0,0.0,0.0,1.0,True,1.0
ablation,ablation,opaque_dependency_l6,evaluation_unseen_zero_shot,error_rate,full_aassr,full_depth1_branch4_risk-adjusted,30,0.0,0.0,0.0,0.0,0.0,0.0,1.0,True,1.0
ablation,ablation,opaque_dependency_l6,evaluation_unseen_zero_shot,success,full_aassr,full_depth2_branch1_max,30,0.0,0.0,0.0,0.0,0.0,0.0,1.0,True,1.0
ablation,ablation,opaque_dependency_l6,evaluation_unseen_zero_shot,steps,full_aassr,full_depth2_branch1_max,30,6.0,6.0,0.0,0.0,0.0,0.0,1.0,True,1.0
ablation,ablation,opaque_dependency_l6,evaluation_unseen_zero_shot,high_level_steps,full_aassr,full_depth2_branch1_max,30,6.0,6.0,0.0,0.0,0.0,0.0,1.0,True,1.0
ablation,ablation,opaque_dependency_l6,evaluation_unseen_zero_shot,primitive_steps,full_aassr,full_depth2_branch1_max,30,6.0,6.0,0.0,0.0,0.0,0.0,1.0,True,1.0
ablation,ablation,opaque_dependency_l6,evaluation_unseen_zero_shot,reward,full_aassr,full_depth2_branch1_max,30,0.0,0.0,0.0,0.0,0.0,0.0,1.0,True,1.0
ablation,ablation,opaque_dependency_l6,evaluation_unseen_zero_shot,errors,full_aassr,full_depth2_branch1_max,30,0.0,0.0,0.0,0.0,0.0,0.0,1.0,True,1.0
ablation,ablation,opaque_dependency_l6,evaluation_unseen_zero_shot,repeats,full_aassr,full_depth2_branch1_max,30,0.0,0.0,0.0,0.0,0.0,0.0,1.0,True,1.0
ablation,ablation,opaque_dependency_l6,evaluation_unseen_zero_shot,prediction_score,full_aassr,full_depth2_branch1_max,30,0.0,0.0,0.0,0.0,0.0,0.0,1.0,True,1.0
ablation,ablation,opaque_dependency_l6,evaluation_unseen_zero_shot,holdout_score,full_aassr,full_depth2_branch1_max,30,1.0,1.0,0.0,0.0,0.0,0.0,1.0,True,1.0
ablation,ablation,opaque_dependency_l6,evaluation_unseen_zero_shot,imagined_nodes,full_aassr,full_depth2_branch1_max,30,0.0,0.0,0.0,0.0,0.0,0.0,1.0,True,1.0
ablation,ablation,opaque_dependency_l6,evaluation_unseen_zero_shot,imagination_depth,full_aassr,full_depth2_branch1_max,30,0.0,0.0,0.0,0.0,0.0,0.0,1.0,True,1.0
ablation,ablation,opaque_dependency_l6,evaluation_unseen_zero_shot,actual_return,full_aassr,full_depth2_branch1_max,30,0.0,0.0,0.0,0.0,0.0,0.0,1.0,True,1.0
ablation,ablation,opaque_dependency_l6,evaluation_unseen_zero_shot,runtime_seconds,full_aassr,full_depth2_branch1_max,30,0.0034980397000035734,0.003448268116553663,4.977158344991035e-05,-0.0001559951994277071,0.0002552851833752356,0.08423205752593485,0.6445177741112944,True,1.0
ablation,ablation,opaque_dependency_l6,evaluation_unseen_zero_shot,real_transitions,full_aassr,full_depth2_branch1_max,30,6.0,6.0,0.0,0.0,0.0,0.0,1.0,True,1.0
ablation,ablation,opaque_dependency_l6,evaluation_unseen_zero_shot,imagined_transitions,full_aassr,full_depth2_branch1_max,30,0.0,0.0,0.0,0.0,0.0,0.0,1.0,True,1.0
ablation,ablation,opaque_dependency_l6,evaluation_unseen_zero_shot,action_proposals,full_aassr,full_depth2_branch1_max,30,6.0,6.0,0.0,0.0,0.0,0.0,1.0,True,1.0
ablation,ablation,opaque_dependency_l6,evaluation_unseen_zero_shot,repeat_rate,full_aassr,full_depth2_branch1_max,30,0.0,0.0,0.0,0.0,0.0,0.0,1.0,True,1.0
ablation,ablation,opaque_dependency_l6,evaluation_unseen_zero_shot,error_rate,full_aassr,full_depth2_branch1_max,30,0.0,0.0,0.0,0.0,0.0,0.0,1.0,True,1.0
ablation,ablation,opaque_dependency_l6,evaluation_unseen_zero_shot,success,full_aassr,full_depth2_branch1_mean,30,0.0,0.0,0.0,0.0,0.0,0.0,1.0,True,1.0
ablation,ablation,opaque_dependency_l6,evaluation_unseen_zero_shot,steps,full_aassr,full_depth2_branch1_mean,30,6.0,6.0,0.0,0.0,0.0,0.0,1.0,True,1.0
ablation,ablation,opaque_dependency_l6,evaluation_unseen_zero_shot,high_level_steps,full_aassr,full_depth2_branch1_mean,30,6.0,6.0,0.0,0.0,0.0,0.0,1.0,True,1.0
ablation,ablation,opaque_dependency_l6,evaluation_unseen_zero_shot,primitive_steps,full_aassr,full_depth2_branch1_mean,30,6.0,6.0,0.0,0.0,0.0,0.0,1.0,True,1.0
ablation,ablation,opaque_dependency_l6,evaluation_unseen_zero_shot,reward,full_aassr,full_depth2_branch1_mean,30,0.0,0.0,0.0,0.0,0.0,0.0,1.0,True,1.0
ablation,ablation,opaque_dependency_l6,evaluation_unseen_zero_shot,errors,full_aassr,full_depth2_branch1_mean,30,0.0,0.0,0.0,0.0,0.0,0.0,1.0,True,1.0
ablation,ablation,opaque_dependency_l6,evaluation_unseen_zero_shot,repeats,full_aassr,full_depth2_branch1_mean,30,0.0,0.0,0.0,0.0,0.0,0.0,1.0,True,1.0
ablation,ablation,opaque_dependency_l6,evaluation_unseen_zero_shot,prediction_score,full_aassr,full_depth2_branch1_mean,30,0.0,0.0,0.0,0.0,0.0,0.0,1.0,True,1.0
ablation,ablation,opaque_dependency_l6,evaluation_unseen_zero_shot,holdout_score,full_aassr,full_depth2_branch1_mean,30,1.0,1.0,0.0,0.0,0.0,0.0,1.0,True,1.0
ablation,ablation,opaque_dependency_l6,evaluation_unseen_zero_shot,imagined_nodes,full_aassr,full_depth2_branch1_mean,30,0.0,0.0,0.0,0.0,0.0,0.0,1.0,True,1.0
ablation,ablation,opaque_dependency_l6,evaluation_unseen_zero_shot,imagination_depth,full_aassr,full_depth2_branch1_mean,30,0.0,0.0,0.0,0.0,0.0,0.0,1.0,True,1.0
ablation,ablation,opaque_dependency_l6,evaluation_unseen_zero_shot,actual_return,full_aassr,full_depth2_branch1_mean,30,0.0,0.0,0.0,0.0,0.0,0.0,1.0,True,1.0
ablation,ablation,opaque_dependency_l6,evaluation_unseen_zero_shot,runtime_seconds,full_aassr,full_depth2_branch1_mean,30,0.0034980397000035734,0.003550152683329846,-5.211298332627247e-05,-0.0002657059335421461,0.00016106404980625172,-0.0847956910126611,0.6411179441027949,True,1.0
ablation,ablation,opaque_dependency_l6,evaluation_unseen_zero_shot,real_transitions,full_aassr,full_depth2_branch1_mean,30,6.0,6.0,0.0,0.0,0.0,0.0,1.0,True,1.0
ablation,ablation,opaque_dependency_l6,evaluation_unseen_zero_shot,imagined_transitions,full_aassr,full_depth2_branch1_mean,30,0.0,0.0,0.0,0.0,0.0,0.0,1.0,True,1.0
ablation,ablation,opaque_dependency_l6,evaluation_unseen_zero_shot,action_proposals,full_aassr,full_depth2_branch1_mean,30,6.0,6.0,0.0,0.0,0.0,0.0,1.0,True,1.0
ablation,ablation,opaque_dependency_l6,evaluation_unseen_zero_shot,repeat_rate,full_aassr,full_depth2_branch1_mean,30,0.0,0.0,0.0,0.0,0.0,0.0,1.0,True,1.0
ablation,ablation,opaque_dependency_l6,evaluation_unseen_zero_shot,error_rate,full_aassr,full_depth2_branch1_mean,30,0.0,0.0,0.0,0.0,0.0,0.0,1.0,True,1.0
ablation,ablation,opaque_dependency_l6,evaluation_unseen_zero_shot,success,full_aassr,full_depth2_branch1_risk-adjusted,30,0.0,0.0,0.0,0.0,0.0,0.0,1.0,True,1.0
ablation,ablation,opaque_dependency_l6,evaluation_unseen_zero_shot,steps,full_aassr,full_depth2_branch1_risk-adjusted,30,6.0,6.0,0.0,0.0,0.0,0.0,1.0,True,1.0
ablation,ablation,opaque_dependency_l6,evaluation_unseen_zero_shot,high_level_steps,full_aassr,full_depth2_branch1_risk-adjusted,30,6.0,6.0,0.0,0.0,0.0,0.0,1.0,True,1.0
ablation,ablation,opaque_dependency_l6,evaluation_unseen_zero_shot,primitive_steps,full_aassr,full_depth2_branch1_risk-adjusted,30,6.0,6.0,0.0,0.0,0.0,0.0,1.0,True,1.0
ablation,ablation,opaque_dependency_l6,evaluation_unseen_zero_shot,reward,full_aassr,full_depth2_branch1_risk-adjusted,30,0.0,0.0,0.0,0.0,0.0,0.0,1.0,True,1.0
ablation,ablation,opaque_dependency_l6,evaluation_unseen_zero_shot,errors,full_aassr,full_depth2_branch1_risk-adjusted,30,0.0,0.0,0.0,0.0,0.0,0.0,1.0,True,1.0
ablation,ablation,opaque_dependency_l6,evaluation_unseen_zero_shot,repeats,full_aassr,full_depth2_branch1_risk-adjusted,30,0.0,0.0,0.0,0.0,0.0,0.0,1.0,True,1.0
ablation,ablation,opaque_dependency_l6,evaluation_unseen_zero_shot,prediction_score,full_aassr,full_depth2_branch1_risk-adjusted,30,0.0,0.0,0.0,0.0,0.0,0.0,1.0,True,1.0
ablation,ablation,opaque_dependency_l6,evaluation_unseen_zero_shot,holdout_score,full_aassr,full_depth2_branch1_risk-adjusted,30,1.0,1.0,0.0,0.0,0.0,0.0,1.0,True,1.0
ablation,ablation,opaque_dependency_l6,evaluation_unseen_zero_shot,imagined_nodes,full_aassr,full_depth2_branch1_risk-adjusted,30,0.0,0.0,0.0,0.0,0.0,0.0,1.0,True,1.0
ablation,ablation,opaque_dependency_l6,evaluation_unseen_zero_shot,imagination_depth,full_aassr,full_depth2_branch1_risk-adjusted,30,0.0,0.0,0.0,0.0,0.0,0.0,1.0,True,1.0
ablation,ablation,opaque_dependency_l6,evaluation_unseen_zero_shot,actual_return,full_aassr,full_depth2_branch1_risk-adjusted,30,0.0,0.0,0.0,0.0,0.0,0.0,1.0,True,1.0
ablation,ablation,opaque_dependency_l6,evaluation_unseen_zero_shot,runtime_seconds,full_aassr,full_depth2_branch1_risk-adjusted,30,0.0034980397000035734,0.003483785149937224,1.4254550066349692e-05,-0.0002063386165730966,0.00021565333336184264,0.023471484272025767,0.9029048547572621,True,1.0
ablation,ablation,opaque_dependency_l6,evaluation_unseen_zero_shot,real_transitions,full_aassr,full_depth2_branch1_risk-adjusted,30,6.0,6.0,0.0,0.0,0.0,0.0,1.0,True,1.0
ablation,ablation,opaque_dependency_l6,evaluation_unseen_zero_shot,imagined_transitions,full_aassr,full_depth2_branch1_risk-adjusted,30,0.0,0.0,0.0,0.0,0.0,0.0,1.0,True,1.0
ablation,ablation,opaque_dependency_l6,evaluation_unseen_zero_shot,action_proposals,full_aassr,full_depth2_branch1_risk-adjusted,30,6.0,6.0,0.0,0.0,0.0,0.0,1.0,True,1.0
ablation,ablation,opaque_dependency_l6,evaluation_unseen_zero_shot,repeat_rate,full_aassr,full_depth2_branch1_risk-adjusted,30,0.0,0.0,0.0,0.0,0.0,0.0,1.0,True,1.0
ablation,ablation,opaque_dependency_l6,evaluation_unseen_zero_shot,error_rate,full_aassr,full_depth2_branch1_risk-adjusted,30,0.0,0.0,0.0,0.0,0.0,0.0,1.0,True,1.0
ablation,ablation,opaque_dependency_l6,evaluation_unseen_zero_shot,success,full_aassr,full_depth2_branch2_max,30,0.0,0.0,0.0,0.0,0.0,0.0,1.0,True,1.0
ablation,ablation,opaque_dependency_l6,evaluation_unseen_zero_shot,steps,full_aassr,full_depth2_branch2_max,30,6.0,6.0,0.0,0.0,0.0,0.0,1.0,True,1.0
ablation,ablation,opaque_dependency_l6,evaluation_unseen_zero_shot,high_level_steps,full_aassr,full_depth2_branch2_max,30,6.0,6.0,0.0,0.0,0.0,0.0,1.0,True,1.0
ablation,ablation,opaque_dependency_l6,evaluation_unseen_zero_shot,primitive_steps,full_aassr,full_depth2_branch2_max,30,6.0,6.0,0.0,0.0,0.0,0.0,1.0,True,1.0
ablation,ablation,opaque_dependency_l6,evaluation_unseen_zero_shot,reward,full_aassr,full_depth2_branch2_max,30,0.0,0.0,0.0,0.0,0.0,0.0,1.0,True,1.0
ablation,ablation,opaque_dependency_l6,evaluation_unseen_zero_shot,errors,full_aassr,full_depth2_branch2_max,30,0.0,0.0,0.0,0.0,0.0,0.0,1.0,True,1.0
ablation,ablation,opaque_dependency_l6,evaluation_unseen_zero_shot,repeats,full_aassr,full_depth2_branch2_max,30,0.0,0.0,0.0,0.0,0.0,0.0,1.0,True,1.0
ablation,ablation,opaque_dependency_l6,evaluation_unseen_zero_shot,prediction_score,full_aassr,full_depth2_branch2_max,30,0.0,0.0,0.0,0.0,0.0,0.0,1.0,True,1.0
ablation,ablation,opaque_dependency_l6,evaluation_unseen_zero_shot,holdout_score,full_aassr,full_depth2_branch2_max,30,1.0,1.0,0.0,0.0,0.0,0.0,1.0,True,1.0
ablation,ablation,opaque_dependency_l6,evaluation_unseen_zero_shot,imagined_nodes,full_aassr,full_depth2_branch2_max,30,0.0,0.0,0.0,0.0,0.0,0.0,1.0,True,1.0
ablation,ablation,opaque_dependency_l6,evaluation_unseen_zero_shot,imagination_depth,full_aassr,full_depth2_branch2_max,30,0.0,0.0,0.0,0.0,0.0,0.0,1.0,True,1.0
ablation,ablation,opaque_dependency_l6,evaluation_unseen_zero_shot,actual_return,full_aassr,full_depth2_branch2_max,30,0.0,0.0,0.0,0.0,0.0,0.0,1.0,True,1.0
ablation,ablation,opaque_dependency_l6,evaluation_unseen_zero_shot,runtime_seconds,full_aassr,full_depth2_branch2_max,30,0.0034980397000035734,0.003501739300312086,-3.6996003085126705e-06,-0.0002532311172011153,0.00023475558334515274,-0.005289515575242947,0.9786510674466277,True,1.0
ablation,ablation,opaque_dependency_l6,evaluation_unseen_zero_shot,real_transitions,full_aassr,full_depth2_branch2_max,30,6.0,6.0,0.0,0.0,0.0,0.0,1.0,True,1.0
ablation,ablation,opaque_dependency_l6,evaluation_unseen_zero_shot,imagined_transitions,full_aassr,full_depth2_branch2_max,30,0.0,0.0,0.0,0.0,0.0,0.0,1.0,True,1.0
ablation,ablation,opaque_dependency_l6,evaluation_unseen_zero_shot,action_proposals,full_aassr,full_depth2_branch2_max,30,6.0,6.0,0.0,0.0,0.0,0.0,1.0,True,1.0
ablation,ablation,opaque_dependency_l6,evaluation_unseen_zero_shot,repeat_rate,full_aassr,full_depth2_branch2_max,30,0.0,0.0,0.0,0.0,0.0,0.0,1.0,True,1.0
ablation,ablation,opaque_dependency_l6,evaluation_unseen_zero_shot,error_rate,full_aassr,full_depth2_branch2_max,30,0.0,0.0,0.0,0.0,0.0,0.0,1.0,True,1.0
ablation,ablation,opaque_dependency_l6,evaluation_unseen_zero_shot,success,full_aassr,full_depth2_branch2_mean,30,0.0,0.0,0.0,0.0,0.0,0.0,1.0,True,1.0
ablation,ablation,opaque_dependency_l6,evaluation_unseen_zero_shot,steps,full_aassr,full_depth2_branch2_mean,30,6.0,6.0,0.0,0.0,0.0,0.0,1.0,True,1.0
ablation,ablation,opaque_dependency_l6,evaluation_unseen_zero_shot,high_level_steps,full_aassr,full_depth2_branch2_mean,30,6.0,6.0,0.0,0.0,0.0,0.0,1.0,True,1.0
ablation,ablation,opaque_dependency_l6,evaluation_unseen_zero_shot,primitive_steps,full_aassr,full_depth2_branch2_mean,30,6.0,6.0,0.0,0.0,0.0,0.0,1.0,True,1.0
ablation,ablation,opaque_dependency_l6,evaluation_unseen_zero_shot,reward,full_aassr,full_depth2_branch2_mean,30,0.0,0.0,0.0,0.0,0.0,0.0,1.0,True,1.0
ablation,ablation,opaque_dependency_l6,evaluation_unseen_zero_shot,errors,full_aassr,full_depth2_branch2_mean,30,0.0,0.0,0.0,0.0,0.0,0.0,1.0,True,1.0
ablation,ablation,opaque_dependency_l6,evaluation_unseen_zero_shot,repeats,full_aassr,full_depth2_branch2_mean,30,0.0,0.0,0.0,0.0,0.0,0.0,1.0,True,1.0
ablation,ablation,opaque_dependency_l6,evaluation_unseen_zero_shot,prediction_score,full_aassr,full_depth2_branch2_mean,30,0.0,0.0,0.0,0.0,0.0,0.0,1.0,True,1.0
ablation,ablation,opaque_dependency_l6,evaluation_unseen_zero_shot,holdout_score,full_aassr,full_depth2_branch2_mean,30,1.0,1.0,0.0,0.0,0.0,0.0,1.0,True,1.0
ablation,ablation,opaque_dependency_l6,evaluation_unseen_zero_shot,imagined_nodes,full_aassr,full_depth2_branch2_mean,30,0.0,0.0,0.0,0.0,0.0,0.0,1.0,True,1.0
ablation,ablation,opaque_dependency_l6,evaluation_unseen_zero_shot,imagination_depth,full_aassr,full_depth2_branch2_mean,30,0.0,0.0,0.0,0.0,0.0,0.0,1.0,True,1.0
ablation,ablation,opaque_dependency_l6,evaluation_unseen_zero_shot,actual_return,full_aassr,full_depth2_branch2_mean,30,0.0,0.0,0.0,0.0,0.0,0.0,1.0,True,1.0
ablation,ablation,opaque_dependency_l6,evaluation_unseen_zero_shot,runtime_seconds,full_aassr,full_depth2_branch2_mean,30,0.0034980397000035734,0.0036486978499112106,-0.0001506581499076371,-0.00033155466635071204,3.2514166673839383e-05,-0.29260784238238685,0.12104394780260987,True,1.0
ablation,ablation,opaque_dependency_l6,evaluation_unseen_zero_shot,real_transitions,full_aassr,full_depth2_branch2_mean,30,6.0,6.0,0.0,0.0,0.0,0.0,1.0,True,1.0
ablation,ablation,opaque_dependency_l6,evaluation_unseen_zero_shot,imagined_transitions,full_aassr,full_depth2_branch2_mean,30,0.0,0.0,0.0,0.0,0.0,0.0,1.0,True,1.0
ablation,ablation,opaque_dependency_l6,evaluation_unseen_zero_shot,action_proposals,full_aassr,full_depth2_branch2_mean,30,6.0,6.0,0.0,0.0,0.0,0.0,1.0,True,1.0
ablation,ablation,opaque_dependency_l6,evaluation_unseen_zero_shot,repeat_rate,full_aassr,full_depth2_branch2_mean,30,0.0,0.0,0.0,0.0,0.0,0.0,1.0,True,1.0
ablation,ablation,opaque_dependency_l6,evaluation_unseen_zero_shot,error_rate,full_aassr,full_depth2_branch2_mean,30,0.0,0.0,0.0,0.0,0.0,0.0,1.0,True,1.0
ablation,ablation,opaque_dependency_l6,evaluation_unseen_zero_shot,success,full_aassr,full_depth2_branch2_risk-adjusted,30,0.0,0.0,0.0,0.0,0.0,0.0,1.0,True,1.0
ablation,ablation,opaque_dependency_l6,evaluation_unseen_zero_shot,steps,full_aassr,full_depth2_branch2_risk-adjusted,30,6.0,6.0,0.0,0.0,0.0,0.0,1.0,True,1.0
ablation,ablation,opaque_dependency_l6,evaluation_unseen_zero_shot,high_level_steps,full_aassr,full_depth2_branch2_risk-adjusted,30,6.0,6.0,0.0,0.0,0.0,0.0,1.0,True,1.0
ablation,ablation,opaque_dependency_l6,evaluation_unseen_zero_shot,primitive_steps,full_aassr,full_depth2_branch2_risk-adjusted,30,6.0,6.0,0.0,0.0,0.0,0.0,1.0,True,1.0
ablation,ablation,opaque_dependency_l6,evaluation_unseen_zero_shot,reward,full_aassr,full_depth2_branch2_risk-adjusted,30,0.0,0.0,0.0,0.0,0.0,0.0,1.0,True,1.0
ablation,ablation,opaque_dependency_l6,evaluation_unseen_zero_shot,errors,full_aassr,full_depth2_branch2_risk-adjusted,30,0.0,0.0,0.0,0.0,0.0,0.0,1.0,True,1.0
ablation,ablation,opaque_dependency_l6,evaluation_unseen_zero_shot,repeats,full_aassr,full_depth2_branch2_risk-adjusted,30,0.0,0.0,0.0,0.0,0.0,0.0,1.0,True,1.0
ablation,ablation,opaque_dependency_l6,evaluation_unseen_zero_shot,prediction_score,full_aassr,full_depth2_branch2_risk-adjusted,30,0.0,0.0,0.0,0.0,0.0,0.0,1.0,True,1.0
ablation,ablation,opaque_dependency_l6,evaluation_unseen_zero_shot,holdout_score,full_aassr,full_depth2_branch2_risk-adjusted,30,1.0,1.0,0.0,0.0,0.0,0.0,1.0,True,1.0
ablation,ablation,opaque_dependency_l6,evaluation_unseen_zero_shot,imagined_nodes,full_aassr,full_depth2_branch2_risk-adjusted,30,0.0,0.0,0.0,0.0,0.0,0.0,1.0,True,1.0
ablation,ablation,opaque_dependency_l6,evaluation_unseen_zero_shot,imagination_depth,full_aassr,full_depth2_branch2_risk-adjusted,30,0.0,0.0,0.0,0.0,0.0,0.0,1.0,True,1.0
ablation,ablation,opaque_dependency_l6,evaluation_unseen_zero_shot,actual_return,full_aassr,full_depth2_branch2_risk-adjusted,30,0.0,0.0,0.0,0.0,0.0,0.0,1.0,True,1.0
ablation,ablation,opaque_dependency_l6,evaluation_unseen_zero_shot,runtime_seconds,full_aassr,full_depth2_branch2_risk-adjusted,30,0.0034980397000035734,0.0035283600835003506,-3.032038349677661e-05,-0.0002603387333268378,0.00019575434982349772,-0.04637914958315945,0.8043097845107745,True,1.0
ablation,ablation,opaque_dependency_l6,evaluation_unseen_zero_shot,real_transitions,full_aassr,full_depth2_branch2_risk-adjusted,30,6.0,6.0,0.0,0.0,0.0,0.0,1.0,True,1.0
ablation,ablation,opaque_dependency_l6,evaluation_unseen_zero_shot,imagined_transitions,full_aassr,full_depth2_branch2_risk-adjusted,30,0.0,0.0,0.0,0.0,0.0,0.0,1.0,True,1.0
ablation,ablation,opaque_dependency_l6,evaluation_unseen_zero_shot,action_proposals,full_aassr,full_depth2_branch2_risk-adjusted,30,6.0,6.0,0.0,0.0,0.0,0.0,1.0,True,1.0
ablation,ablation,opaque_dependency_l6,evaluation_unseen_zero_shot,repeat_rate,full_aassr,full_depth2_branch2_risk-adjusted,30,0.0,0.0,0.0,0.0,0.0,0.0,1.0,True,1.0
ablation,ablation,opaque_dependency_l6,evaluation_unseen_zero_shot,error_rate,full_aassr,full_depth2_branch2_risk-adjusted,30,0.0,0.0,0.0,0.0,0.0,0.0,1.0,True,1.0
ablation,ablation,opaque_dependency_l6,evaluation_unseen_zero_shot,success,full_aassr,full_depth2_branch4_max,30,0.0,0.0,0.0,0.0,0.0,0.0,1.0,True,1.0
ablation,ablation,opaque_dependency_l6,evaluation_unseen_zero_shot,steps,full_aassr,full_depth2_branch4_max,30,6.0,6.0,0.0,0.0,0.0,0.0,1.0,True,1.0
ablation,ablation,opaque_dependency_l6,evaluation_unseen_zero_shot,high_level_steps,full_aassr,full_depth2_branch4_max,30,6.0,6.0,0.0,0.0,0.0,0.0,1.0,True,1.0
ablation,ablation,opaque_dependency_l6,evaluation_unseen_zero_shot,primitive_steps,full_aassr,full_depth2_branch4_max,30,6.0,6.0,0.0,0.0,0.0,0.0,1.0,True,1.0
ablation,ablation,opaque_dependency_l6,evaluation_unseen_zero_shot,reward,full_aassr,full_depth2_branch4_max,30,0.0,0.0,0.0,0.0,0.0,0.0,1.0,True,1.0
ablation,ablation,opaque_dependency_l6,evaluation_unseen_zero_shot,errors,full_aassr,full_depth2_branch4_max,30,0.0,0.0,0.0,0.0,0.0,0.0,1.0,True,1.0
ablation,ablation,opaque_dependency_l6,evaluation_unseen_zero_shot,repeats,full_aassr,full_depth2_branch4_max,30,0.0,0.0,0.0,0.0,0.0,0.0,1.0,True,1.0
ablation,ablation,opaque_dependency_l6,evaluation_unseen_zero_shot,prediction_score,full_aassr,full_depth2_branch4_max,30,0.0,0.0,0.0,0.0,0.0,0.0,1.0,True,1.0
ablation,ablation,opaque_dependency_l6,evaluation_unseen_zero_shot,holdout_score,full_aassr,full_depth2_branch4_max,30,1.0,1.0,0.0,0.0,0.0,0.0,1.0,True,1.0
ablation,ablation,opaque_dependency_l6,evaluation_unseen_zero_shot,imagined_nodes,full_aassr,full_depth2_branch4_max,30,0.0,0.0,0.0,0.0,0.0,0.0,1.0,True,1.0
ablation,ablation,opaque_dependency_l6,evaluation_unseen_zero_shot,imagination_depth,full_aassr,full_depth2_branch4_max,30,0.0,0.0,0.0,0.0,0.0,0.0,1.0,True,1.0
ablation,ablation,opaque_dependency_l6,evaluation_unseen_zero_shot,actual_return,full_aassr,full_depth2_branch4_max,30,0.0,0.0,0.0,0.0,0.0,0.0,1.0,True,1.0
ablation,ablation,opaque_dependency_l6,evaluation_unseen_zero_shot,runtime_seconds,full_aassr,full_depth2_branch4_max,30,0.0034980397000035734,0.003590560033262591,-9.25203332590172e-05,-0.00033535201698153583,0.0001460306832984012,-0.1372446649278324,0.45262736863156844,True,1.0
ablation,ablation,opaque_dependency_l6,evaluation_unseen_zero_shot,real_transitions,full_aassr,full_depth2_branch4_max,30,6.0,6.0,0.0,0.0,0.0,0.0,1.0,True,1.0
ablation,ablation,opaque_dependency_l6,evaluation_unseen_zero_shot,imagined_transitions,full_aassr,full_depth2_branch4_max,30,0.0,0.0,0.0,0.0,0.0,0.0,1.0,True,1.0
ablation,ablation,opaque_dependency_l6,evaluation_unseen_zero_shot,action_proposals,full_aassr,full_depth2_branch4_max,30,6.0,6.0,0.0,0.0,0.0,0.0,1.0,True,1.0
ablation,ablation,opaque_dependency_l6,evaluation_unseen_zero_shot,repeat_rate,full_aassr,full_depth2_branch4_max,30,0.0,0.0,0.0,0.0,0.0,0.0,1.0,True,1.0
ablation,ablation,opaque_dependency_l6,evaluation_unseen_zero_shot,error_rate,full_aassr,full_depth2_branch4_max,30,0.0,0.0,0.0,0.0,0.0,0.0,1.0,True,1.0
ablation,ablation,opaque_dependency_l6,evaluation_unseen_zero_shot,success,full_aassr,full_depth2_branch4_mean,30,0.0,0.0,0.0,0.0,0.0,0.0,1.0,True,1.0
ablation,ablation,opaque_dependency_l6,evaluation_unseen_zero_shot,steps,full_aassr,full_depth2_branch4_mean,30,6.0,6.0,0.0,0.0,0.0,0.0,1.0,True,1.0
ablation,ablation,opaque_dependency_l6,evaluation_unseen_zero_shot,high_level_steps,full_aassr,full_depth2_branch4_mean,30,6.0,6.0,0.0,0.0,0.0,0.0,1.0,True,1.0
ablation,ablation,opaque_dependency_l6,evaluation_unseen_zero_shot,primitive_steps,full_aassr,full_depth2_branch4_mean,30,6.0,6.0,0.0,0.0,0.0,0.0,1.0,True,1.0
ablation,ablation,opaque_dependency_l6,evaluation_unseen_zero_shot,reward,full_aassr,full_depth2_branch4_mean,30,0.0,0.0,0.0,0.0,0.0,0.0,1.0,True,1.0
ablation,ablation,opaque_dependency_l6,evaluation_unseen_zero_shot,errors,full_aassr,full_depth2_branch4_mean,30,0.0,0.0,0.0,0.0,0.0,0.0,1.0,True,1.0
ablation,ablation,opaque_dependency_l6,evaluation_unseen_zero_shot,repeats,full_aassr,full_depth2_branch4_mean,30,0.0,0.0,0.0,0.0,0.0,0.0,1.0,True,1.0
ablation,ablation,opaque_dependency_l6,evaluation_unseen_zero_shot,prediction_score,full_aassr,full_depth2_branch4_mean,30,0.0,0.0,0.0,0.0,0.0,0.0,1.0,True,1.0
ablation,ablation,opaque_dependency_l6,evaluation_unseen_zero_shot,holdout_score,full_aassr,full_depth2_branch4_mean,30,1.0,1.0,0.0,0.0,0.0,0.0,1.0,True,1.0
ablation,ablation,opaque_dependency_l6,evaluation_unseen_zero_shot,imagined_nodes,full_aassr,full_depth2_branch4_mean,30,0.0,0.0,0.0,0.0,0.0,0.0,1.0,True,1.0
ablation,ablation,opaque_dependency_l6,evaluation_unseen_zero_shot,imagination_depth,full_aassr,full_depth2_branch4_mean,30,0.0,0.0,0.0,0.0,0.0,0.0,1.0,True,1.0
ablation,ablation,opaque_dependency_l6,evaluation_unseen_zero_shot,actual_return,full_aassr,full_depth2_branch4_mean,30,0.0,0.0,0.0,0.0,0.0,0.0,1.0,True,1.0
ablation,ablation,opaque_dependency_l6,evaluation_unseen_zero_shot,runtime_seconds,full_aassr,full_depth2_branch4_mean,30,0.0034980397000035734,0.0036719878832712615,-0.00017394818326768778,-0.0004215589832116772,7.980708360749597e-05,-0.23917980561142532,0.20118994050297484,True,1.0
ablation,ablation,opaque_dependency_l6,evaluation_unseen_zero_shot,real_transitions,full_aassr,full_depth2_branch4_mean,30,6.0,6.0,0.0,0.0,0.0,0.0,1.0,True,1.0
ablation,ablation,opaque_dependency_l6,evaluation_unseen_zero_shot,imagined_transitions,full_aassr,full_depth2_branch4_mean,30,0.0,0.0,0.0,0.0,0.0,0.0,1.0,True,1.0
ablation,ablation,opaque_dependency_l6,evaluation_unseen_zero_shot,action_proposals,full_aassr,full_depth2_branch4_mean,30,6.0,6.0,0.0,0.0,0.0,0.0,1.0,True,1.0
ablation,ablation,opaque_dependency_l6,evaluation_unseen_zero_shot,repeat_rate,full_aassr,full_depth2_branch4_mean,30,0.0,0.0,0.0,0.0,0.0,0.0,1.0,True,1.0
ablation,ablation,opaque_dependency_l6,evaluation_unseen_zero_shot,error_rate,full_aassr,full_depth2_branch4_mean,30,0.0,0.0,0.0,0.0,0.0,0.0,1.0,True,1.0
ablation,ablation,opaque_dependency_l6,evaluation_unseen_zero_shot,success,full_aassr,full_depth2_branch4_risk-adjusted,30,0.0,0.0,0.0,0.0,0.0,0.0,1.0,True,1.0
ablation,ablation,opaque_dependency_l6,evaluation_unseen_zero_shot,steps,full_aassr,full_depth2_branch4_risk-adjusted,30,6.0,6.0,0.0,0.0,0.0,0.0,1.0,True,1.0
ablation,ablation,opaque_dependency_l6,evaluation_unseen_zero_shot,high_level_steps,full_aassr,full_depth2_branch4_risk-adjusted,30,6.0,6.0,0.0,0.0,0.0,0.0,1.0,True,1.0
ablation,ablation,opaque_dependency_l6,evaluation_unseen_zero_shot,primitive_steps,full_aassr,full_depth2_branch4_risk-adjusted,30,6.0,6.0,0.0,0.0,0.0,0.0,1.0,True,1.0
ablation,ablation,opaque_dependency_l6,evaluation_unseen_zero_shot,reward,full_aassr,full_depth2_branch4_risk-adjusted,30,0.0,0.0,0.0,0.0,0.0,0.0,1.0,True,1.0
ablation,ablation,opaque_dependency_l6,evaluation_unseen_zero_shot,errors,full_aassr,full_depth2_branch4_risk-adjusted,30,0.0,0.0,0.0,0.0,0.0,0.0,1.0,True,1.0
ablation,ablation,opaque_dependency_l6,evaluation_unseen_zero_shot,repeats,full_aassr,full_depth2_branch4_risk-adjusted,30,0.0,0.0,0.0,0.0,0.0,0.0,1.0,True,1.0
ablation,ablation,opaque_dependency_l6,evaluation_unseen_zero_shot,prediction_score,full_aassr,full_depth2_branch4_risk-adjusted,30,0.0,0.0,0.0,0.0,0.0,0.0,1.0,True,1.0
ablation,ablation,opaque_dependency_l6,evaluation_unseen_zero_shot,holdout_score,full_aassr,full_depth2_branch4_risk-adjusted,30,1.0,1.0,0.0,0.0,0.0,0.0,1.0,True,1.0
ablation,ablation,opaque_dependency_l6,evaluation_unseen_zero_shot,imagined_nodes,full_aassr,full_depth2_branch4_risk-adjusted,30,0.0,0.0,0.0,0.0,0.0,0.0,1.0,True,1.0
ablation,ablation,opaque_dependency_l6,evaluation_unseen_zero_shot,imagination_depth,full_aassr,full_depth2_branch4_risk-adjusted,30,0.0,0.0,0.0,0.0,0.0,0.0,1.0,True,1.0
ablation,ablation,opaque_dependency_l6,evaluation_unseen_zero_shot,actual_return,full_aassr,full_depth2_branch4_risk-adjusted,30,0.0,0.0,0.0,0.0,0.0,0.0,1.0,True,1.0
ablation,ablation,opaque_dependency_l6,evaluation_unseen_zero_shot,runtime_seconds,full_aassr,full_depth2_branch4_risk-adjusted,30,0.0034980397000035734,0.0035108849332415653,-1.2845233237991754e-05,-0.00025309666670121563,0.00022914948373606116,-0.01830840643390195,0.9215039248037599,True,1.0
ablation,ablation,opaque_dependency_l6,evaluation_unseen_zero_shot,real_transitions,full_aassr,full_depth2_branch4_risk-adjusted,30,6.0,6.0,0.0,0.0,0.0,0.0,1.0,True,1.0
ablation,ablation,opaque_dependency_l6,evaluation_unseen_zero_shot,imagined_transitions,full_aassr,full_depth2_branch4_risk-adjusted,30,0.0,0.0,0.0,0.0,0.0,0.0,1.0,True,1.0
ablation,ablation,opaque_dependency_l6,evaluation_unseen_zero_shot,action_proposals,full_aassr,full_depth2_branch4_risk-adjusted,30,6.0,6.0,0.0,0.0,0.0,0.0,1.0,True,1.0
ablation,ablation,opaque_dependency_l6,evaluation_unseen_zero_shot,repeat_rate,full_aassr,full_depth2_branch4_risk-adjusted,30,0.0,0.0,0.0,0.0,0.0,0.0,1.0,True,1.0
ablation,ablation,opaque_dependency_l6,evaluation_unseen_zero_shot,error_rate,full_aassr,full_depth2_branch4_risk-adjusted,30,0.0,0.0,0.0,0.0,0.0,0.0,1.0,True,1.0
ablation,ablation,opaque_dependency_l6,evaluation_unseen_zero_shot,success,full_aassr,full_depth4_branch1_max,30,0.0,0.0,0.0,0.0,0.0,0.0,1.0,True,1.0
ablation,ablation,opaque_dependency_l6,evaluation_unseen_zero_shot,steps,full_aassr,full_depth4_branch1_max,30,6.0,6.0,0.0,0.0,0.0,0.0,1.0,True,1.0
ablation,ablation,opaque_dependency_l6,evaluation_unseen_zero_shot,high_level_steps,full_aassr,full_depth4_branch1_max,30,6.0,6.0,0.0,0.0,0.0,0.0,1.0,True,1.0
ablation,ablation,opaque_dependency_l6,evaluation_unseen_zero_shot,primitive_steps,full_aassr,full_depth4_branch1_max,30,6.0,6.0,0.0,0.0,0.0,0.0,1.0,True,1.0
ablation,ablation,opaque_dependency_l6,evaluation_unseen_zero_shot,reward,full_aassr,full_depth4_branch1_max,30,0.0,0.0,0.0,0.0,0.0,0.0,1.0,True,1.0
ablation,ablation,opaque_dependency_l6,evaluation_unseen_zero_shot,errors,full_aassr,full_depth4_branch1_max,30,0.0,0.0,0.0,0.0,0.0,0.0,1.0,True,1.0
ablation,ablation,opaque_dependency_l6,evaluation_unseen_zero_shot,repeats,full_aassr,full_depth4_branch1_max,30,0.0,0.0,0.0,0.0,0.0,0.0,1.0,True,1.0
ablation,ablation,opaque_dependency_l6,evaluation_unseen_zero_shot,prediction_score,full_aassr,full_depth4_branch1_max,30,0.0,0.0,0.0,0.0,0.0,0.0,1.0,True,1.0
ablation,ablation,opaque_dependency_l6,evaluation_unseen_zero_shot,holdout_score,full_aassr,full_depth4_branch1_max,30,1.0,1.0,0.0,0.0,0.0,0.0,1.0,True,1.0
ablation,ablation,opaque_dependency_l6,evaluation_unseen_zero_shot,imagined_nodes,full_aassr,full_depth4_branch1_max,30,0.0,0.0,0.0,0.0,0.0,0.0,1.0,True,1.0
ablation,ablation,opaque_dependency_l6,evaluation_unseen_zero_shot,imagination_depth,full_aassr,full_depth4_branch1_max,30,0.0,0.0,0.0,0.0,0.0,0.0,1.0,True,1.0
ablation,ablation,opaque_dependency_l6,evaluation_unseen_zero_shot,actual_return,full_aassr,full_depth4_branch1_max,30,0.0,0.0,0.0,0.0,0.0,0.0,1.0,True,1.0
ablation,ablation,opaque_dependency_l6,evaluation_unseen_zero_shot,runtime_seconds,full_aassr,full_depth4_branch1_max,30,0.0034980397000035734,0.0035320136331623265,-3.397393315875288e-05,-0.00026300830003553235,0.00019884540028094,-0.051684649327446146,0.7802609869506525,True,1.0
ablation,ablation,opaque_dependency_l6,evaluation_unseen_zero_shot,real_transitions,full_aassr,full_depth4_branch1_max,30,6.0,6.0,0.0,0.0,0.0,0.0,1.0,True,1.0
ablation,ablation,opaque_dependency_l6,evaluation_unseen_zero_shot,imagined_transitions,full_aassr,full_depth4_branch1_max,30,0.0,0.0,0.0,0.0,0.0,0.0,1.0,True,1.0
ablation,ablation,opaque_dependency_l6,evaluation_unseen_zero_shot,action_proposals,full_aassr,full_depth4_branch1_max,30,6.0,6.0,0.0,0.0,0.0,0.0,1.0,True,1.0
ablation,ablation,opaque_dependency_l6,evaluation_unseen_zero_shot,repeat_rate,full_aassr,full_depth4_branch1_max,30,0.0,0.0,0.0,0.0,0.0,0.0,1.0,True,1.0
ablation,ablation,opaque_dependency_l6,evaluation_unseen_zero_shot,error_rate,full_aassr,full_depth4_branch1_max,30,0.0,0.0,0.0,0.0,0.0,0.0,1.0,True,1.0
ablation,ablation,opaque_dependency_l6,evaluation_unseen_zero_shot,success,full_aassr,full_depth4_branch1_mean,30,0.0,0.0,0.0,0.0,0.0,0.0,1.0,True,1.0
ablation,ablation,opaque_dependency_l6,evaluation_unseen_zero_shot,steps,full_aassr,full_depth4_branch1_mean,30,6.0,6.0,0.0,0.0,0.0,0.0,1.0,True,1.0
ablation,ablation,opaque_dependency_l6,evaluation_unseen_zero_shot,high_level_steps,full_aassr,full_depth4_branch1_mean,30,6.0,6.0,0.0,0.0,0.0,0.0,1.0,True,1.0
ablation,ablation,opaque_dependency_l6,evaluation_unseen_zero_shot,primitive_steps,full_aassr,full_depth4_branch1_mean,30,6.0,6.0,0.0,0.0,0.0,0.0,1.0,True,1.0
ablation,ablation,opaque_dependency_l6,evaluation_unseen_zero_shot,reward,full_aassr,full_depth4_branch1_mean,30,0.0,0.0,0.0,0.0,0.0,0.0,1.0,True,1.0
ablation,ablation,opaque_dependency_l6,evaluation_unseen_zero_shot,errors,full_aassr,full_depth4_branch1_mean,30,0.0,0.0,0.0,0.0,0.0,0.0,1.0,True,1.0
ablation,ablation,opaque_dependency_l6,evaluation_unseen_zero_shot,repeats,full_aassr,full_depth4_branch1_mean,30,0.0,0.0,0.0,0.0,0.0,0.0,1.0,True,1.0
ablation,ablation,opaque_dependency_l6,evaluation_unseen_zero_shot,prediction_score,full_aassr,full_depth4_branch1_mean,30,0.0,0.0,0.0,0.0,0.0,0.0,1.0,True,1.0
ablation,ablation,opaque_dependency_l6,evaluation_unseen_zero_shot,holdout_score,full_aassr,full_depth4_branch1_mean,30,1.0,1.0,0.0,0.0,0.0,0.0,1.0,True,1.0
ablation,ablation,opaque_dependency_l6,evaluation_unseen_zero_shot,imagined_nodes,full_aassr,full_depth4_branch1_mean,30,0.0,0.0,0.0,0.0,0.0,0.0,1.0,True,1.0
ablation,ablation,opaque_dependency_l6,evaluation_unseen_zero_shot,imagination_depth,full_aassr,full_depth4_branch1_mean,30,0.0,0.0,0.0,0.0,0.0,0.0,1.0,True,1.0
ablation,ablation,opaque_dependency_l6,evaluation_unseen_zero_shot,actual_return,full_aassr,full_depth4_branch1_mean,30,0.0,0.0,0.0,0.0,0.0,0.0,1.0,True,1.0
ablation,ablation,opaque_dependency_l6,evaluation_unseen_zero_shot,runtime_seconds,full_aassr,full_depth4_branch1_mean,30,0.0034980397000035734,0.0035575508002366404,-5.951110023306688e-05,-0.0003232031836960232,0.0001902834999054902,-0.0837128366665586,0.6505174741262937,True,1.0
ablation,ablation,opaque_dependency_l6,evaluation_unseen_zero_shot,real_transitions,full_aassr,full_depth4_branch1_mean,30,6.0,6.0,0.0,0.0,0.0,0.0,1.0,True,1.0
ablation,ablation,opaque_dependency_l6,evaluation_unseen_zero_shot,imagined_transitions,full_aassr,full_depth4_branch1_mean,30,0.0,0.0,0.0,0.0,0.0,0.0,1.0,True,1.0
ablation,ablation,opaque_dependency_l6,evaluation_unseen_zero_shot,action_proposals,full_aassr,full_depth4_branch1_mean,30,6.0,6.0,0.0,0.0,0.0,0.0,1.0,True,1.0
ablation,ablation,opaque_dependency_l6,evaluation_unseen_zero_shot,repeat_rate,full_aassr,full_depth4_branch1_mean,30,0.0,0.0,0.0,0.0,0.0,0.0,1.0,True,1.0
ablation,ablation,opaque_dependency_l6,evaluation_unseen_zero_shot,error_rate,full_aassr,full_depth4_branch1_mean,30,0.0,0.0,0.0,0.0,0.0,0.0,1.0,True,1.0
ablation,ablation,opaque_dependency_l6,evaluation_unseen_zero_shot,success,full_aassr,full_depth4_branch1_risk-adjusted,30,0.0,0.0,0.0,0.0,0.0,0.0,1.0,True,1.0
ablation,ablation,opaque_dependency_l6,evaluation_unseen_zero_shot,steps,full_aassr,full_depth4_branch1_risk-adjusted,30,6.0,6.0,0.0,0.0,0.0,0.0,1.0,True,1.0
ablation,ablation,opaque_dependency_l6,evaluation_unseen_zero_shot,high_level_steps,full_aassr,full_depth4_branch1_risk-adjusted,30,6.0,6.0,0.0,0.0,0.0,0.0,1.0,True,1.0
ablation,ablation,opaque_dependency_l6,evaluation_unseen_zero_shot,primitive_steps,full_aassr,full_depth4_branch1_risk-adjusted,30,6.0,6.0,0.0,0.0,0.0,0.0,1.0,True,1.0
ablation,ablation,opaque_dependency_l6,evaluation_unseen_zero_shot,reward,full_aassr,full_depth4_branch1_risk-adjusted,30,0.0,0.0,0.0,0.0,0.0,0.0,1.0,True,1.0
ablation,ablation,opaque_dependency_l6,evaluation_unseen_zero_shot,errors,full_aassr,full_depth4_branch1_risk-adjusted,30,0.0,0.0,0.0,0.0,0.0,0.0,1.0,True,1.0
ablation,ablation,opaque_dependency_l6,evaluation_unseen_zero_shot,repeats,full_aassr,full_depth4_branch1_risk-adjusted,30,0.0,0.0,0.0,0.0,0.0,0.0,1.0,True,1.0
ablation,ablation,opaque_dependency_l6,evaluation_unseen_zero_shot,prediction_score,full_aassr,full_depth4_branch1_risk-adjusted,30,0.0,0.0,0.0,0.0,0.0,0.0,1.0,True,1.0
ablation,ablation,opaque_dependency_l6,evaluation_unseen_zero_shot,holdout_score,full_aassr,full_depth4_branch1_risk-adjusted,30,1.0,1.0,0.0,0.0,0.0,0.0,1.0,True,1.0
ablation,ablation,opaque_dependency_l6,evaluation_unseen_zero_shot,imagined_nodes,full_aassr,full_depth4_branch1_risk-adjusted,30,0.0,0.0,0.0,0.0,0.0,0.0,1.0,True,1.0
ablation,ablation,opaque_dependency_l6,evaluation_unseen_zero_shot,imagination_depth,full_aassr,full_depth4_branch1_risk-adjusted,30,0.0,0.0,0.0,0.0,0.0,0.0,1.0,True,1.0
ablation,ablation,opaque_dependency_l6,evaluation_unseen_zero_shot,actual_return,full_aassr,full_depth4_branch1_risk-adjusted,30,0.0,0.0,0.0,0.0,0.0,0.0,1.0,True,1.0
ablation,ablation,opaque_dependency_l6,evaluation_unseen_zero_shot,runtime_seconds,full_aassr,full_depth4_branch1_risk-adjusted,30,0.0034980397000035734,0.0035969282167206983,-9.888851671712477e-05,-0.0003600786498864182,0.00016750043311427955,-0.1311721067479726,0.4782260886955652,True,1.0
ablation,ablation,opaque_dependency_l6,evaluation_unseen_zero_shot,real_transitions,full_aassr,full_depth4_branch1_risk-adjusted,30,6.0,6.0,0.0,0.0,0.0,0.0,1.0,True,1.0
ablation,ablation,opaque_dependency_l6,evaluation_unseen_zero_shot,imagined_transitions,full_aassr,full_depth4_branch1_risk-adjusted,30,0.0,0.0,0.0,0.0,0.0,0.0,1.0,True,1.0
ablation,ablation,opaque_dependency_l6,evaluation_unseen_zero_shot,action_proposals,full_aassr,full_depth4_branch1_risk-adjusted,30,6.0,6.0,0.0,0.0,0.0,0.0,1.0,True,1.0
ablation,ablation,opaque_dependency_l6,evaluation_unseen_zero_shot,repeat_rate,full_aassr,full_depth4_branch1_risk-adjusted,30,0.0,0.0,0.0,0.0,0.0,0.0,1.0,True,1.0
ablation,ablation,opaque_dependency_l6,evaluation_unseen_zero_shot,error_rate,full_aassr,full_depth4_branch1_risk-adjusted,30,0.0,0.0,0.0,0.0,0.0,0.0,1.0,True,1.0
ablation,ablation,opaque_dependency_l6,evaluation_unseen_zero_shot,success,full_aassr,full_depth4_branch2_max,30,0.0,0.0,0.0,0.0,0.0,0.0,1.0,True,1.0
ablation,ablation,opaque_dependency_l6,evaluation_unseen_zero_shot,steps,full_aassr,full_depth4_branch2_max,30,6.0,6.0,0.0,0.0,0.0,0.0,1.0,True,1.0
ablation,ablation,opaque_dependency_l6,evaluation_unseen_zero_shot,high_level_steps,full_aassr,full_depth4_branch2_max,30,6.0,6.0,0.0,0.0,0.0,0.0,1.0,True,1.0
ablation,ablation,opaque_dependency_l6,evaluation_unseen_zero_shot,primitive_steps,full_aassr,full_depth4_branch2_max,30,6.0,6.0,0.0,0.0,0.0,0.0,1.0,True,1.0
ablation,ablation,opaque_dependency_l6,evaluation_unseen_zero_shot,reward,full_aassr,full_depth4_branch2_max,30,0.0,0.0,0.0,0.0,0.0,0.0,1.0,True,1.0
ablation,ablation,opaque_dependency_l6,evaluation_unseen_zero_shot,errors,full_aassr,full_depth4_branch2_max,30,0.0,0.0,0.0,0.0,0.0,0.0,1.0,True,1.0
ablation,ablation,opaque_dependency_l6,evaluation_unseen_zero_shot,repeats,full_aassr,full_depth4_branch2_max,30,0.0,0.0,0.0,0.0,0.0,0.0,1.0,True,1.0
ablation,ablation,opaque_dependency_l6,evaluation_unseen_zero_shot,prediction_score,full_aassr,full_depth4_branch2_max,30,0.0,0.0,0.0,0.0,0.0,0.0,1.0,True,1.0
ablation,ablation,opaque_dependency_l6,evaluation_unseen_zero_shot,holdout_score,full_aassr,full_depth4_branch2_max,30,1.0,1.0,0.0,0.0,0.0,0.0,1.0,True,1.0
ablation,ablation,opaque_dependency_l6,evaluation_unseen_zero_shot,imagined_nodes,full_aassr,full_depth4_branch2_max,30,0.0,0.0,0.0,0.0,0.0,0.0,1.0,True,1.0
ablation,ablation,opaque_dependency_l6,evaluation_unseen_zero_shot,imagination_depth,full_aassr,full_depth4_branch2_max,30,0.0,0.0,0.0,0.0,0.0,0.0,1.0,True,1.0
ablation,ablation,opaque_dependency_l6,evaluation_unseen_zero_shot,actual_return,full_aassr,full_depth4_branch2_max,30,0.0,0.0,0.0,0.0,0.0,0.0,1.0,True,1.0
ablation,ablation,opaque_dependency_l6,evaluation_unseen_zero_shot,runtime_seconds,full_aassr,full_depth4_branch2_max,30,0.0034980397000035734,0.0033935195167044485,0.00010452018329912484,-0.00014276039957864366,0.0003577854333464832,0.1435890342935274,0.4335283235838208,True,1.0
ablation,ablation,opaque_dependency_l6,evaluation_unseen_zero_shot,real_transitions,full_aassr,full_depth4_branch2_max,30,6.0,6.0,0.0,0.0,0.0,0.0,1.0,True,1.0
ablation,ablation,opaque_dependency_l6,evaluation_unseen_zero_shot,imagined_transitions,full_aassr,full_depth4_branch2_max,30,0.0,0.0,0.0,0.0,0.0,0.0,1.0,True,1.0
ablation,ablation,opaque_dependency_l6,evaluation_unseen_zero_shot,action_proposals,full_aassr,full_depth4_branch2_max,30,6.0,6.0,0.0,0.0,0.0,0.0,1.0,True,1.0
ablation,ablation,opaque_dependency_l6,evaluation_unseen_zero_shot,repeat_rate,full_aassr,full_depth4_branch2_max,30,0.0,0.0,0.0,0.0,0.0,0.0,1.0,True,1.0
ablation,ablation,opaque_dependency_l6,evaluation_unseen_zero_shot,error_rate,full_aassr,full_depth4_branch2_max,30,0.0,0.0,0.0,0.0,0.0,0.0,1.0,True,1.0
ablation,ablation,opaque_dependency_l6,evaluation_unseen_zero_shot,success,full_aassr,full_depth4_branch2_mean,30,0.0,0.0,0.0,0.0,0.0,0.0,1.0,True,1.0
ablation,ablation,opaque_dependency_l6,evaluation_unseen_zero_shot,steps,full_aassr,full_depth4_branch2_mean,30,6.0,6.0,0.0,0.0,0.0,0.0,1.0,True,1.0
ablation,ablation,opaque_dependency_l6,evaluation_unseen_zero_shot,high_level_steps,full_aassr,full_depth4_branch2_mean,30,6.0,6.0,0.0,0.0,0.0,0.0,1.0,True,1.0
ablation,ablation,opaque_dependency_l6,evaluation_unseen_zero_shot,primitive_steps,full_aassr,full_depth4_branch2_mean,30,6.0,6.0,0.0,0.0,0.0,0.0,1.0,True,1.0
ablation,ablation,opaque_dependency_l6,evaluation_unseen_zero_shot,reward,full_aassr,full_depth4_branch2_mean,30,0.0,0.0,0.0,0.0,0.0,0.0,1.0,True,1.0
ablation,ablation,opaque_dependency_l6,evaluation_unseen_zero_shot,errors,full_aassr,full_depth4_branch2_mean,30,0.0,0.0,0.0,0.0,0.0,0.0,1.0,True,1.0
ablation,ablation,opaque_dependency_l6,evaluation_unseen_zero_shot,repeats,full_aassr,full_depth4_branch2_mean,30,0.0,0.0,0.0,0.0,0.0,0.0,1.0,True,1.0
ablation,ablation,opaque_dependency_l6,evaluation_unseen_zero_shot,prediction_score,full_aassr,full_depth4_branch2_mean,30,0.0,0.0,0.0,0.0,0.0,0.0,1.0,True,1.0
ablation,ablation,opaque_dependency_l6,evaluation_unseen_zero_shot,holdout_score,full_aassr,full_depth4_branch2_mean,30,1.0,1.0,0.0,0.0,0.0,0.0,1.0,True,1.0
ablation,ablation,opaque_dependency_l6,evaluation_unseen_zero_shot,imagined_nodes,full_aassr,full_depth4_branch2_mean,30,0.0,0.0,0.0,0.0,0.0,0.0,1.0,True,1.0
ablation,ablation,opaque_dependency_l6,evaluation_unseen_zero_shot,imagination_depth,full_aassr,full_depth4_branch2_mean,30,0.0,0.0,0.0,0.0,0.0,0.0,1.0,True,1.0
ablation,ablation,opaque_dependency_l6,evaluation_unseen_zero_shot,actual_return,full_aassr,full_depth4_branch2_mean,30,0.0,0.0,0.0,0.0,0.0,0.0,1.0,True,1.0
ablation,ablation,opaque_dependency_l6,evaluation_unseen_zero_shot,runtime_seconds,full_aassr,full_depth4_branch2_mean,30,0.0034980397000035734,0.003418196800116372,7.98428998872016e-05,-0.00018228848297439983,0.00032610328281104244,0.11047705036581065,0.5430228488575571,True,1.0
ablation,ablation,opaque_dependency_l6,evaluation_unseen_zero_shot,real_transitions,full_aassr,full_depth4_branch2_mean,30,6.0,6.0,0.0,0.0,0.0,0.0,1.0,True,1.0
ablation,ablation,opaque_dependency_l6,evaluation_unseen_zero_shot,imagined_transitions,full_aassr,full_depth4_branch2_mean,30,0.0,0.0,0.0,0.0,0.0,0.0,1.0,True,1.0
ablation,ablation,opaque_dependency_l6,evaluation_unseen_zero_shot,action_proposals,full_aassr,full_depth4_branch2_mean,30,6.0,6.0,0.0,0.0,0.0,0.0,1.0,True,1.0
ablation,ablation,opaque_dependency_l6,evaluation_unseen_zero_shot,repeat_rate,full_aassr,full_depth4_branch2_mean,30,0.0,0.0,0.0,0.0,0.0,0.0,1.0,True,1.0
ablation,ablation,opaque_dependency_l6,evaluation_unseen_zero_shot,error_rate,full_aassr,full_depth4_branch2_mean,30,0.0,0.0,0.0,0.0,0.0,0.0,1.0,True,1.0
ablation,ablation,opaque_dependency_l6,evaluation_unseen_zero_shot,success,full_aassr,full_depth4_branch2_risk-adjusted,30,0.0,0.0,0.0,0.0,0.0,0.0,1.0,True,1.0
ablation,ablation,opaque_dependency_l6,evaluation_unseen_zero_shot,steps,full_aassr,full_depth4_branch2_risk-adjusted,30,6.0,6.0,0.0,0.0,0.0,0.0,1.0,True,1.0
ablation,ablation,opaque_dependency_l6,evaluation_unseen_zero_shot,high_level_steps,full_aassr,full_depth4_branch2_risk-adjusted,30,6.0,6.0,0.0,0.0,0.0,0.0,1.0,True,1.0
ablation,ablation,opaque_dependency_l6,evaluation_unseen_zero_shot,primitive_steps,full_aassr,full_depth4_branch2_risk-adjusted,30,6.0,6.0,0.0,0.0,0.0,0.0,1.0,True,1.0
ablation,ablation,opaque_dependency_l6,evaluation_unseen_zero_shot,reward,full_aassr,full_depth4_branch2_risk-adjusted,30,0.0,0.0,0.0,0.0,0.0,0.0,1.0,True,1.0
ablation,ablation,opaque_dependency_l6,evaluation_unseen_zero_shot,errors,full_aassr,full_depth4_branch2_risk-adjusted,30,0.0,0.0,0.0,0.0,0.0,0.0,1.0,True,1.0
ablation,ablation,opaque_dependency_l6,evaluation_unseen_zero_shot,repeats,full_aassr,full_depth4_branch2_risk-adjusted,30,0.0,0.0,0.0,0.0,0.0,0.0,1.0,True,1.0
ablation,ablation,opaque_dependency_l6,evaluation_unseen_zero_shot,prediction_score,full_aassr,full_depth4_branch2_risk-adjusted,30,0.0,0.0,0.0,0.0,0.0,0.0,1.0,True,1.0
ablation,ablation,opaque_dependency_l6,evaluation_unseen_zero_shot,holdout_score,full_aassr,full_depth4_branch2_risk-adjusted,30,1.0,1.0,0.0,0.0,0.0,0.0,1.0,True,1.0
ablation,ablation,opaque_dependency_l6,evaluation_unseen_zero_shot,imagined_nodes,full_aassr,full_depth4_branch2_risk-adjusted,30,0.0,0.0,0.0,0.0,0.0,0.0,1.0,True,1.0
ablation,ablation,opaque_dependency_l6,evaluation_unseen_zero_shot,imagination_depth,full_aassr,full_depth4_branch2_risk-adjusted,30,0.0,0.0,0.0,0.0,0.0,0.0,1.0,True,1.0
ablation,ablation,opaque_dependency_l6,evaluation_unseen_zero_shot,actual_return,full_aassr,full_depth4_branch2_risk-adjusted,30,0.0,0.0,0.0,0.0,0.0,0.0,1.0,True,1.0
ablation,ablation,opaque_dependency_l6,evaluation_unseen_zero_shot,runtime_seconds,full_aassr,full_depth4_branch2_risk-adjusted,30,0.0034980397000035734,0.0033389218833035556,0.00015911781670001796,-0.00011760051646463889,0.0004277608331855542,0.20307597524273627,0.27333633318334083,True,1.0
ablation,ablation,opaque_dependency_l6,evaluation_unseen_zero_shot,real_transitions,full_aassr,full_depth4_branch2_risk-adjusted,30,6.0,6.0,0.0,0.0,0.0,0.0,1.0,True,1.0
ablation,ablation,opaque_dependency_l6,evaluation_unseen_zero_shot,imagined_transitions,full_aassr,full_depth4_branch2_risk-adjusted,30,0.0,0.0,0.0,0.0,0.0,0.0,1.0,True,1.0
ablation,ablation,opaque_dependency_l6,evaluation_unseen_zero_shot,action_proposals,full_aassr,full_depth4_branch2_risk-adjusted,30,6.0,6.0,0.0,0.0,0.0,0.0,1.0,True,1.0
ablation,ablation,opaque_dependency_l6,evaluation_unseen_zero_shot,repeat_rate,full_aassr,full_depth4_branch2_risk-adjusted,30,0.0,0.0,0.0,0.0,0.0,0.0,1.0,True,1.0
ablation,ablation,opaque_dependency_l6,evaluation_unseen_zero_shot,error_rate,full_aassr,full_depth4_branch2_risk-adjusted,30,0.0,0.0,0.0,0.0,0.0,0.0,1.0,True,1.0
ablation,ablation,opaque_dependency_l6,evaluation_unseen_zero_shot,success,full_aassr,full_depth4_branch4_max,30,0.0,0.0,0.0,0.0,0.0,0.0,1.0,True,1.0
ablation,ablation,opaque_dependency_l6,evaluation_unseen_zero_shot,steps,full_aassr,full_depth4_branch4_max,30,6.0,6.0,0.0,0.0,0.0,0.0,1.0,True,1.0
ablation,ablation,opaque_dependency_l6,evaluation_unseen_zero_shot,high_level_steps,full_aassr,full_depth4_branch4_max,30,6.0,6.0,0.0,0.0,0.0,0.0,1.0,True,1.0
ablation,ablation,opaque_dependency_l6,evaluation_unseen_zero_shot,primitive_steps,full_aassr,full_depth4_branch4_max,30,6.0,6.0,0.0,0.0,0.0,0.0,1.0,True,1.0
ablation,ablation,opaque_dependency_l6,evaluation_unseen_zero_shot,reward,full_aassr,full_depth4_branch4_max,30,0.0,0.0,0.0,0.0,0.0,0.0,1.0,True,1.0
ablation,ablation,opaque_dependency_l6,evaluation_unseen_zero_shot,errors,full_aassr,full_depth4_branch4_max,30,0.0,0.0,0.0,0.0,0.0,0.0,1.0,True,1.0
ablation,ablation,opaque_dependency_l6,evaluation_unseen_zero_shot,repeats,full_aassr,full_depth4_branch4_max,30,0.0,0.0,0.0,0.0,0.0,0.0,1.0,True,1.0
ablation,ablation,opaque_dependency_l6,evaluation_unseen_zero_shot,prediction_score,full_aassr,full_depth4_branch4_max,30,0.0,0.0,0.0,0.0,0.0,0.0,1.0,True,1.0
ablation,ablation,opaque_dependency_l6,evaluation_unseen_zero_shot,holdout_score,full_aassr,full_depth4_branch4_max,30,1.0,1.0,0.0,0.0,0.0,0.0,1.0,True,1.0
ablation,ablation,opaque_dependency_l6,evaluation_unseen_zero_shot,imagined_nodes,full_aassr,full_depth4_branch4_max,30,0.0,0.0,0.0,0.0,0.0,0.0,1.0,True,1.0
ablation,ablation,opaque_dependency_l6,evaluation_unseen_zero_shot,imagination_depth,full_aassr,full_depth4_branch4_max,30,0.0,0.0,0.0,0.0,0.0,0.0,1.0,True,1.0
ablation,ablation,opaque_dependency_l6,evaluation_unseen_zero_shot,actual_return,full_aassr,full_depth4_branch4_max,30,0.0,0.0,0.0,0.0,0.0,0.0,1.0,True,1.0
ablation,ablation,opaque_dependency_l6,evaluation_unseen_zero_shot,runtime_seconds,full_aassr,full_depth4_branch4_max,30,0.0034980397000035734,0.0034688522834524825,2.9187416551091397e-05,-0.00024025045022911705,0.0002842041832967274,0.0389567252580019,0.8333583320833958,True,1.0
ablation,ablation,opaque_dependency_l6,evaluation_unseen_zero_shot,real_transitions,full_aassr,full_depth4_branch4_max,30,6.0,6.0,0.0,0.0,0.0,0.0,1.0,True,1.0
ablation,ablation,opaque_dependency_l6,evaluation_unseen_zero_shot,imagined_transitions,full_aassr,full_depth4_branch4_max,30,0.0,0.0,0.0,0.0,0.0,0.0,1.0,True,1.0
ablation,ablation,opaque_dependency_l6,evaluation_unseen_zero_shot,action_proposals,full_aassr,full_depth4_branch4_max,30,6.0,6.0,0.0,0.0,0.0,0.0,1.0,True,1.0
ablation,ablation,opaque_dependency_l6,evaluation_unseen_zero_shot,repeat_rate,full_aassr,full_depth4_branch4_max,30,0.0,0.0,0.0,0.0,0.0,0.0,1.0,True,1.0
ablation,ablation,opaque_dependency_l6,evaluation_unseen_zero_shot,error_rate,full_aassr,full_depth4_branch4_max,30,0.0,0.0,0.0,0.0,0.0,0.0,1.0,True,1.0
ablation,ablation,opaque_dependency_l6,evaluation_unseen_zero_shot,success,full_aassr,full_depth4_branch4_mean,30,0.0,0.0,0.0,0.0,0.0,0.0,1.0,True,1.0
ablation,ablation,opaque_dependency_l6,evaluation_unseen_zero_shot,steps,full_aassr,full_depth4_branch4_mean,30,6.0,6.0,0.0,0.0,0.0,0.0,1.0,True,1.0
ablation,ablation,opaque_dependency_l6,evaluation_unseen_zero_shot,high_level_steps,full_aassr,full_depth4_branch4_mean,30,6.0,6.0,0.0,0.0,0.0,0.0,1.0,True,1.0
ablation,ablation,opaque_dependency_l6,evaluation_unseen_zero_shot,primitive_steps,full_aassr,full_depth4_branch4_mean,30,6.0,6.0,0.0,0.0,0.0,0.0,1.0,True,1.0
ablation,ablation,opaque_dependency_l6,evaluation_unseen_zero_shot,reward,full_aassr,full_depth4_branch4_mean,30,0.0,0.0,0.0,0.0,0.0,0.0,1.0,True,1.0
ablation,ablation,opaque_dependency_l6,evaluation_unseen_zero_shot,errors,full_aassr,full_depth4_branch4_mean,30,0.0,0.0,0.0,0.0,0.0,0.0,1.0,True,1.0
ablation,ablation,opaque_dependency_l6,evaluation_unseen_zero_shot,repeats,full_aassr,full_depth4_branch4_mean,30,0.0,0.0,0.0,0.0,0.0,0.0,1.0,True,1.0
ablation,ablation,opaque_dependency_l6,evaluation_unseen_zero_shot,prediction_score,full_aassr,full_depth4_branch4_mean,30,0.0,0.0,0.0,0.0,0.0,0.0,1.0,True,1.0
ablation,ablation,opaque_dependency_l6,evaluation_unseen_zero_shot,holdout_score,full_aassr,full_depth4_branch4_mean,30,1.0,1.0,0.0,0.0,0.0,0.0,1.0,True,1.0
ablation,ablation,opaque_dependency_l6,evaluation_unseen_zero_shot,imagined_nodes,full_aassr,full_depth4_branch4_mean,30,0.0,0.0,0.0,0.0,0.0,0.0,1.0,True,1.0
ablation,ablation,opaque_dependency_l6,evaluation_unseen_zero_shot,imagination_depth,full_aassr,full_depth4_branch4_mean,30,0.0,0.0,0.0,0.0,0.0,0.0,1.0,True,1.0
ablation,ablation,opaque_dependency_l6,evaluation_unseen_zero_shot,actual_return,full_aassr,full_depth4_branch4_mean,30,0.0,0.0,0.0,0.0,0.0,0.0,1.0,True,1.0
ablation,ablation,opaque_dependency_l6,evaluation_unseen_zero_shot,runtime_seconds,full_aassr,full_depth4_branch4_mean,30,0.0034980397000035734,0.0033735515996910787,0.00012448810031249496,-9.272923332173384e-05,0.000347113216810006,0.2022576270473611,0.2749362531873406,True,1.0
ablation,ablation,opaque_dependency_l6,evaluation_unseen_zero_shot,real_transitions,full_aassr,full_depth4_branch4_mean,30,6.0,6.0,0.0,0.0,0.0,0.0,1.0,True,1.0
ablation,ablation,opaque_dependency_l6,evaluation_unseen_zero_shot,imagined_transitions,full_aassr,full_depth4_branch4_mean,30,0.0,0.0,0.0,0.0,0.0,0.0,1.0,True,1.0
ablation,ablation,opaque_dependency_l6,evaluation_unseen_zero_shot,action_proposals,full_aassr,full_depth4_branch4_mean,30,6.0,6.0,0.0,0.0,0.0,0.0,1.0,True,1.0
ablation,ablation,opaque_dependency_l6,evaluation_unseen_zero_shot,repeat_rate,full_aassr,full_depth4_branch4_mean,30,0.0,0.0,0.0,0.0,0.0,0.0,1.0,True,1.0
ablation,ablation,opaque_dependency_l6,evaluation_unseen_zero_shot,error_rate,full_aassr,full_depth4_branch4_mean,30,0.0,0.0,0.0,0.0,0.0,0.0,1.0,True,1.0
ablation,ablation,opaque_dependency_l6,evaluation_unseen_zero_shot,success,full_aassr,full_depth4_branch4_risk-adjusted,30,0.0,0.0,0.0,0.0,0.0,0.0,1.0,True,1.0
ablation,ablation,opaque_dependency_l6,evaluation_unseen_zero_shot,steps,full_aassr,full_depth4_branch4_risk-adjusted,30,6.0,6.0,0.0,0.0,0.0,0.0,1.0,True,1.0
ablation,ablation,opaque_dependency_l6,evaluation_unseen_zero_shot,high_level_steps,full_aassr,full_depth4_branch4_risk-adjusted,30,6.0,6.0,0.0,0.0,0.0,0.0,1.0,True,1.0
ablation,ablation,opaque_dependency_l6,evaluation_unseen_zero_shot,primitive_steps,full_aassr,full_depth4_branch4_risk-adjusted,30,6.0,6.0,0.0,0.0,0.0,0.0,1.0,True,1.0
ablation,ablation,opaque_dependency_l6,evaluation_unseen_zero_shot,reward,full_aassr,full_depth4_branch4_risk-adjusted,30,0.0,0.0,0.0,0.0,0.0,0.0,1.0,True,1.0
ablation,ablation,opaque_dependency_l6,evaluation_unseen_zero_shot,errors,full_aassr,full_depth4_branch4_risk-adjusted,30,0.0,0.0,0.0,0.0,0.0,0.0,1.0,True,1.0
ablation,ablation,opaque_dependency_l6,evaluation_unseen_zero_shot,repeats,full_aassr,full_depth4_branch4_risk-adjusted,30,0.0,0.0,0.0,0.0,0.0,0.0,1.0,True,1.0
ablation,ablation,opaque_dependency_l6,evaluation_unseen_zero_shot,prediction_score,full_aassr,full_depth4_branch4_risk-adjusted,30,0.0,0.0,0.0,0.0,0.0,0.0,1.0,True,1.0
ablation,ablation,opaque_dependency_l6,evaluation_unseen_zero_shot,holdout_score,full_aassr,full_depth4_branch4_risk-adjusted,30,1.0,1.0,0.0,0.0,0.0,0.0,1.0,True,1.0
ablation,ablation,opaque_dependency_l6,evaluation_unseen_zero_shot,imagined_nodes,full_aassr,full_depth4_branch4_risk-adjusted,30,0.0,0.0,0.0,0.0,0.0,0.0,1.0,True,1.0
ablation,ablation,opaque_dependency_l6,evaluation_unseen_zero_shot,imagination_depth,full_aassr,full_depth4_branch4_risk-adjusted,30,0.0,0.0,0.0,0.0,0.0,0.0,1.0,True,1.0
ablation,ablation,opaque_dependency_l6,evaluation_unseen_zero_shot,actual_return,full_aassr,full_depth4_branch4_risk-adjusted,30,0.0,0.0,0.0,0.0,0.0,0.0,1.0,True,1.0
ablation,ablation,opaque_dependency_l6,evaluation_unseen_zero_shot,runtime_seconds,full_aassr,full_depth4_branch4_risk-adjusted,30,0.0034980397000035734,0.0034186382333427903,7.940146666078359e-05,-0.0001622336501653384,0.0003183005667572918,0.11640053921018881,0.5266736663166842,True,1.0
ablation,ablation,opaque_dependency_l6,evaluation_unseen_zero_shot,real_transitions,full_aassr,full_depth4_branch4_risk-adjusted,30,6.0,6.0,0.0,0.0,0.0,0.0,1.0,True,1.0
ablation,ablation,opaque_dependency_l6,evaluation_unseen_zero_shot,imagined_transitions,full_aassr,full_depth4_branch4_risk-adjusted,30,0.0,0.0,0.0,0.0,0.0,0.0,1.0,True,1.0
ablation,ablation,opaque_dependency_l6,evaluation_unseen_zero_shot,action_proposals,full_aassr,full_depth4_branch4_risk-adjusted,30,6.0,6.0,0.0,0.0,0.0,0.0,1.0,True,1.0
ablation,ablation,opaque_dependency_l6,evaluation_unseen_zero_shot,repeat_rate,full_aassr,full_depth4_branch4_risk-adjusted,30,0.0,0.0,0.0,0.0,0.0,0.0,1.0,True,1.0
ablation,ablation,opaque_dependency_l6,evaluation_unseen_zero_shot,error_rate,full_aassr,full_depth4_branch4_risk-adjusted,30,0.0,0.0,0.0,0.0,0.0,0.0,1.0,True,1.0
ablation,ablation,opaque_dependency_l6,evaluation_unseen_zero_shot,success,full_aassr,full_depth6_branch1_max,30,0.0,0.0,0.0,0.0,0.0,0.0,1.0,True,1.0
ablation,ablation,opaque_dependency_l6,evaluation_unseen_zero_shot,steps,full_aassr,full_depth6_branch1_max,30,6.0,6.0,0.0,0.0,0.0,0.0,1.0,True,1.0
ablation,ablation,opaque_dependency_l6,evaluation_unseen_zero_shot,high_level_steps,full_aassr,full_depth6_branch1_max,30,6.0,6.0,0.0,0.0,0.0,0.0,1.0,True,1.0
ablation,ablation,opaque_dependency_l6,evaluation_unseen_zero_shot,primitive_steps,full_aassr,full_depth6_branch1_max,30,6.0,6.0,0.0,0.0,0.0,0.0,1.0,True,1.0
ablation,ablation,opaque_dependency_l6,evaluation_unseen_zero_shot,reward,full_aassr,full_depth6_branch1_max,30,0.0,0.0,0.0,0.0,0.0,0.0,1.0,True,1.0
ablation,ablation,opaque_dependency_l6,evaluation_unseen_zero_shot,errors,full_aassr,full_depth6_branch1_max,30,0.0,0.0,0.0,0.0,0.0,0.0,1.0,True,1.0
ablation,ablation,opaque_dependency_l6,evaluation_unseen_zero_shot,repeats,full_aassr,full_depth6_branch1_max,30,0.0,0.0,0.0,0.0,0.0,0.0,1.0,True,1.0
ablation,ablation,opaque_dependency_l6,evaluation_unseen_zero_shot,prediction_score,full_aassr,full_depth6_branch1_max,30,0.0,0.0,0.0,0.0,0.0,0.0,1.0,True,1.0
ablation,ablation,opaque_dependency_l6,evaluation_unseen_zero_shot,holdout_score,full_aassr,full_depth6_branch1_max,30,1.0,1.0,0.0,0.0,0.0,0.0,1.0,True,1.0
ablation,ablation,opaque_dependency_l6,evaluation_unseen_zero_shot,imagined_nodes,full_aassr,full_depth6_branch1_max,30,0.0,0.0,0.0,0.0,0.0,0.0,1.0,True,1.0
ablation,ablation,opaque_dependency_l6,evaluation_unseen_zero_shot,imagination_depth,full_aassr,full_depth6_branch1_max,30,0.0,0.0,0.0,0.0,0.0,0.0,1.0,True,1.0
ablation,ablation,opaque_dependency_l6,evaluation_unseen_zero_shot,actual_return,full_aassr,full_depth6_branch1_max,30,0.0,0.0,0.0,0.0,0.0,0.0,1.0,True,1.0
ablation,ablation,opaque_dependency_l6,evaluation_unseen_zero_shot,runtime_seconds,full_aassr,full_depth6_branch1_max,30,0.0034980397000035734,0.003356709883349443,0.00014132981665413048,-9.868568318779583e-05,0.0003811572331081455,0.2077221215617004,0.26608669566521675,True,1.0
ablation,ablation,opaque_dependency_l6,evaluation_unseen_zero_shot,real_transitions,full_aassr,full_depth6_branch1_max,30,6.0,6.0,0.0,0.0,0.0,0.0,1.0,True,1.0
ablation,ablation,opaque_dependency_l6,evaluation_unseen_zero_shot,imagined_transitions,full_aassr,full_depth6_branch1_max,30,0.0,0.0,0.0,0.0,0.0,0.0,1.0,True,1.0
ablation,ablation,opaque_dependency_l6,evaluation_unseen_zero_shot,action_proposals,full_aassr,full_depth6_branch1_max,30,6.0,6.0,0.0,0.0,0.0,0.0,1.0,True,1.0
ablation,ablation,opaque_dependency_l6,evaluation_unseen_zero_shot,repeat_rate,full_aassr,full_depth6_branch1_max,30,0.0,0.0,0.0,0.0,0.0,0.0,1.0,True,1.0
ablation,ablation,opaque_dependency_l6,evaluation_unseen_zero_shot,error_rate,full_aassr,full_depth6_branch1_max,30,0.0,0.0,0.0,0.0,0.0,0.0,1.0,True,1.0
ablation,ablation,opaque_dependency_l6,evaluation_unseen_zero_shot,success,full_aassr,full_depth6_branch1_mean,30,0.0,0.0,0.0,0.0,0.0,0.0,1.0,True,1.0
ablation,ablation,opaque_dependency_l6,evaluation_unseen_zero_shot,steps,full_aassr,full_depth6_branch1_mean,30,6.0,6.0,0.0,0.0,0.0,0.0,1.0,True,1.0
ablation,ablation,opaque_dependency_l6,evaluation_unseen_zero_shot,high_level_steps,full_aassr,full_depth6_branch1_mean,30,6.0,6.0,0.0,0.0,0.0,0.0,1.0,True,1.0
ablation,ablation,opaque_dependency_l6,evaluation_unseen_zero_shot,primitive_steps,full_aassr,full_depth6_branch1_mean,30,6.0,6.0,0.0,0.0,0.0,0.0,1.0,True,1.0
ablation,ablation,opaque_dependency_l6,evaluation_unseen_zero_shot,reward,full_aassr,full_depth6_branch1_mean,30,0.0,0.0,0.0,0.0,0.0,0.0,1.0,True,1.0
ablation,ablation,opaque_dependency_l6,evaluation_unseen_zero_shot,errors,full_aassr,full_depth6_branch1_mean,30,0.0,0.0,0.0,0.0,0.0,0.0,1.0,True,1.0
ablation,ablation,opaque_dependency_l6,evaluation_unseen_zero_shot,repeats,full_aassr,full_depth6_branch1_mean,30,0.0,0.0,0.0,0.0,0.0,0.0,1.0,True,1.0
ablation,ablation,opaque_dependency_l6,evaluation_unseen_zero_shot,prediction_score,full_aassr,full_depth6_branch1_mean,30,0.0,0.0,0.0,0.0,0.0,0.0,1.0,True,1.0
ablation,ablation,opaque_dependency_l6,evaluation_unseen_zero_shot,holdout_score,full_aassr,full_depth6_branch1_mean,30,1.0,1.0,0.0,0.0,0.0,0.0,1.0,True,1.0
ablation,ablation,opaque_dependency_l6,evaluation_unseen_zero_shot,imagined_nodes,full_aassr,full_depth6_branch1_mean,30,0.0,0.0,0.0,0.0,0.0,0.0,1.0,True,1.0
ablation,ablation,opaque_dependency_l6,evaluation_unseen_zero_shot,imagination_depth,full_aassr,full_depth6_branch1_mean,30,0.0,0.0,0.0,0.0,0.0,0.0,1.0,True,1.0
ablation,ablation,opaque_dependency_l6,evaluation_unseen_zero_shot,actual_return,full_aassr,full_depth6_branch1_mean,30,0.0,0.0,0.0,0.0,0.0,0.0,1.0,True,1.0
ablation,ablation,opaque_dependency_l6,evaluation_unseen_zero_shot,runtime_seconds,full_aassr,full_depth6_branch1_mean,30,0.0034980397000035734,0.0034527698999978988,4.526980000567464e-05,-0.00022937559980103588,0.00031999273318797345,0.05693954638157248,0.7552122393880306,True,1.0
ablation,ablation,opaque_dependency_l6,evaluation_unseen_zero_shot,real_transitions,full_aassr,full_depth6_branch1_mean,30,6.0,6.0,0.0,0.0,0.0,0.0,1.0,True,1.0
ablation,ablation,opaque_dependency_l6,evaluation_unseen_zero_shot,imagined_transitions,full_aassr,full_depth6_branch1_mean,30,0.0,0.0,0.0,0.0,0.0,0.0,1.0,True,1.0
ablation,ablation,opaque_dependency_l6,evaluation_unseen_zero_shot,action_proposals,full_aassr,full_depth6_branch1_mean,30,6.0,6.0,0.0,0.0,0.0,0.0,1.0,True,1.0
ablation,ablation,opaque_dependency_l6,evaluation_unseen_zero_shot,repeat_rate,full_aassr,full_depth6_branch1_mean,30,0.0,0.0,0.0,0.0,0.0,0.0,1.0,True,1.0
ablation,ablation,opaque_dependency_l6,evaluation_unseen_zero_shot,error_rate,full_aassr,full_depth6_branch1_mean,30,0.0,0.0,0.0,0.0,0.0,0.0,1.0,True,1.0
ablation,ablation,opaque_dependency_l6,evaluation_unseen_zero_shot,success,full_aassr,full_depth6_branch1_risk-adjusted,30,0.0,0.0,0.0,0.0,0.0,0.0,1.0,True,1.0
ablation,ablation,opaque_dependency_l6,evaluation_unseen_zero_shot,steps,full_aassr,full_depth6_branch1_risk-adjusted,30,6.0,6.0,0.0,0.0,0.0,0.0,1.0,True,1.0
ablation,ablation,opaque_dependency_l6,evaluation_unseen_zero_shot,high_level_steps,full_aassr,full_depth6_branch1_risk-adjusted,30,6.0,6.0,0.0,0.0,0.0,0.0,1.0,True,1.0
ablation,ablation,opaque_dependency_l6,evaluation_unseen_zero_shot,primitive_steps,full_aassr,full_depth6_branch1_risk-adjusted,30,6.0,6.0,0.0,0.0,0.0,0.0,1.0,True,1.0
ablation,ablation,opaque_dependency_l6,evaluation_unseen_zero_shot,reward,full_aassr,full_depth6_branch1_risk-adjusted,30,0.0,0.0,0.0,0.0,0.0,0.0,1.0,True,1.0
ablation,ablation,opaque_dependency_l6,evaluation_unseen_zero_shot,errors,full_aassr,full_depth6_branch1_risk-adjusted,30,0.0,0.0,0.0,0.0,0.0,0.0,1.0,True,1.0
ablation,ablation,opaque_dependency_l6,evaluation_unseen_zero_shot,repeats,full_aassr,full_depth6_branch1_risk-adjusted,30,0.0,0.0,0.0,0.0,0.0,0.0,1.0,True,1.0
ablation,ablation,opaque_dependency_l6,evaluation_unseen_zero_shot,prediction_score,full_aassr,full_depth6_branch1_risk-adjusted,30,0.0,0.0,0.0,0.0,0.0,0.0,1.0,True,1.0
ablation,ablation,opaque_dependency_l6,evaluation_unseen_zero_shot,holdout_score,full_aassr,full_depth6_branch1_risk-adjusted,30,1.0,1.0,0.0,0.0,0.0,0.0,1.0,True,1.0
ablation,ablation,opaque_dependency_l6,evaluation_unseen_zero_shot,imagined_nodes,full_aassr,full_depth6_branch1_risk-adjusted,30,0.0,0.0,0.0,0.0,0.0,0.0,1.0,True,1.0
ablation,ablation,opaque_dependency_l6,evaluation_unseen_zero_shot,imagination_depth,full_aassr,full_depth6_branch1_risk-adjusted,30,0.0,0.0,0.0,0.0,0.0,0.0,1.0,True,1.0
ablation,ablation,opaque_dependency_l6,evaluation_unseen_zero_shot,actual_return,full_aassr,full_depth6_branch1_risk-adjusted,30,0.0,0.0,0.0,0.0,0.0,0.0,1.0,True,1.0
ablation,ablation,opaque_dependency_l6,evaluation_unseen_zero_shot,runtime_seconds,full_aassr,full_depth6_branch1_risk-adjusted,30,0.0034980397000035734,0.003420848816608971,7.719088339460234e-05,-0.0001977811335770336,0.0003544232999944749,0.09589292457362823,0.5994700264986751,True,1.0
ablation,ablation,opaque_dependency_l6,evaluation_unseen_zero_shot,real_transitions,full_aassr,full_depth6_branch1_risk-adjusted,30,6.0,6.0,0.0,0.0,0.0,0.0,1.0,True,1.0
ablation,ablation,opaque_dependency_l6,evaluation_unseen_zero_shot,imagined_transitions,full_aassr,full_depth6_branch1_risk-adjusted,30,0.0,0.0,0.0,0.0,0.0,0.0,1.0,True,1.0
ablation,ablation,opaque_dependency_l6,evaluation_unseen_zero_shot,action_proposals,full_aassr,full_depth6_branch1_risk-adjusted,30,6.0,6.0,0.0,0.0,0.0,0.0,1.0,True,1.0
ablation,ablation,opaque_dependency_l6,evaluation_unseen_zero_shot,repeat_rate,full_aassr,full_depth6_branch1_risk-adjusted,30,0.0,0.0,0.0,0.0,0.0,0.0,1.0,True,1.0
ablation,ablation,opaque_dependency_l6,evaluation_unseen_zero_shot,error_rate,full_aassr,full_depth6_branch1_risk-adjusted,30,0.0,0.0,0.0,0.0,0.0,0.0,1.0,True,1.0
ablation,ablation,opaque_dependency_l6,evaluation_unseen_zero_shot,success,full_aassr,full_depth6_branch2_max,30,0.0,0.0,0.0,0.0,0.0,0.0,1.0,True,1.0
ablation,ablation,opaque_dependency_l6,evaluation_unseen_zero_shot,steps,full_aassr,full_depth6_branch2_max,30,6.0,6.0,0.0,0.0,0.0,0.0,1.0,True,1.0
ablation,ablation,opaque_dependency_l6,evaluation_unseen_zero_shot,high_level_steps,full_aassr,full_depth6_branch2_max,30,6.0,6.0,0.0,0.0,0.0,0.0,1.0,True,1.0
ablation,ablation,opaque_dependency_l6,evaluation_unseen_zero_shot,primitive_steps,full_aassr,full_depth6_branch2_max,30,6.0,6.0,0.0,0.0,0.0,0.0,1.0,True,1.0
ablation,ablation,opaque_dependency_l6,evaluation_unseen_zero_shot,reward,full_aassr,full_depth6_branch2_max,30,0.0,0.0,0.0,0.0,0.0,0.0,1.0,True,1.0
ablation,ablation,opaque_dependency_l6,evaluation_unseen_zero_shot,errors,full_aassr,full_depth6_branch2_max,30,0.0,0.0,0.0,0.0,0.0,0.0,1.0,True,1.0
ablation,ablation,opaque_dependency_l6,evaluation_unseen_zero_shot,repeats,full_aassr,full_depth6_branch2_max,30,0.0,0.0,0.0,0.0,0.0,0.0,1.0,True,1.0
ablation,ablation,opaque_dependency_l6,evaluation_unseen_zero_shot,prediction_score,full_aassr,full_depth6_branch2_max,30,0.0,0.0,0.0,0.0,0.0,0.0,1.0,True,1.0
ablation,ablation,opaque_dependency_l6,evaluation_unseen_zero_shot,holdout_score,full_aassr,full_depth6_branch2_max,30,1.0,1.0,0.0,0.0,0.0,0.0,1.0,True,1.0
ablation,ablation,opaque_dependency_l6,evaluation_unseen_zero_shot,imagined_nodes,full_aassr,full_depth6_branch2_max,30,0.0,0.0,0.0,0.0,0.0,0.0,1.0,True,1.0
ablation,ablation,opaque_dependency_l6,evaluation_unseen_zero_shot,imagination_depth,full_aassr,full_depth6_branch2_max,30,0.0,0.0,0.0,0.0,0.0,0.0,1.0,True,1.0
ablation,ablation,opaque_dependency_l6,evaluation_unseen_zero_shot,actual_return,full_aassr,full_depth6_branch2_max,30,0.0,0.0,0.0,0.0,0.0,0.0,1.0,True,1.0
ablation,ablation,opaque_dependency_l6,evaluation_unseen_zero_shot,runtime_seconds,full_aassr,full_depth6_branch2_max,30,0.0034980397000035734,0.003340821416578062,0.0001572182834255121,-8.548378365230746e-05,0.000384760617040835,0.2350665758480629,0.20678966051697414,True,1.0
ablation,ablation,opaque_dependency_l6,evaluation_unseen_zero_shot,real_transitions,full_aassr,full_depth6_branch2_max,30,6.0,6.0,0.0,0.0,0.0,0.0,1.0,True,1.0
ablation,ablation,opaque_dependency_l6,evaluation_unseen_zero_shot,imagined_transitions,full_aassr,full_depth6_branch2_max,30,0.0,0.0,0.0,0.0,0.0,0.0,1.0,True,1.0
ablation,ablation,opaque_dependency_l6,evaluation_unseen_zero_shot,action_proposals,full_aassr,full_depth6_branch2_max,30,6.0,6.0,0.0,0.0,0.0,0.0,1.0,True,1.0
ablation,ablation,opaque_dependency_l6,evaluation_unseen_zero_shot,repeat_rate,full_aassr,full_depth6_branch2_max,30,0.0,0.0,0.0,0.0,0.0,0.0,1.0,True,1.0
ablation,ablation,opaque_dependency_l6,evaluation_unseen_zero_shot,error_rate,full_aassr,full_depth6_branch2_max,30,0.0,0.0,0.0,0.0,0.0,0.0,1.0,True,1.0
ablation,ablation,opaque_dependency_l6,evaluation_unseen_zero_shot,success,full_aassr,full_depth6_branch2_mean,30,0.0,0.0,0.0,0.0,0.0,0.0,1.0,True,1.0
ablation,ablation,opaque_dependency_l6,evaluation_unseen_zero_shot,steps,full_aassr,full_depth6_branch2_mean,30,6.0,6.0,0.0,0.0,0.0,0.0,1.0,True,1.0
ablation,ablation,opaque_dependency_l6,evaluation_unseen_zero_shot,high_level_steps,full_aassr,full_depth6_branch2_mean,30,6.0,6.0,0.0,0.0,0.0,0.0,1.0,True,1.0
ablation,ablation,opaque_dependency_l6,evaluation_unseen_zero_shot,primitive_steps,full_aassr,full_depth6_branch2_mean,30,6.0,6.0,0.0,0.0,0.0,0.0,1.0,True,1.0
ablation,ablation,opaque_dependency_l6,evaluation_unseen_zero_shot,reward,full_aassr,full_depth6_branch2_mean,30,0.0,0.0,0.0,0.0,0.0,0.0,1.0,True,1.0
ablation,ablation,opaque_dependency_l6,evaluation_unseen_zero_shot,errors,full_aassr,full_depth6_branch2_mean,30,0.0,0.0,0.0,0.0,0.0,0.0,1.0,True,1.0
ablation,ablation,opaque_dependency_l6,evaluation_unseen_zero_shot,repeats,full_aassr,full_depth6_branch2_mean,30,0.0,0.0,0.0,0.0,0.0,0.0,1.0,True,1.0
ablation,ablation,opaque_dependency_l6,evaluation_unseen_zero_shot,prediction_score,full_aassr,full_depth6_branch2_mean,30,0.0,0.0,0.0,0.0,0.0,0.0,1.0,True,1.0
ablation,ablation,opaque_dependency_l6,evaluation_unseen_zero_shot,holdout_score,full_aassr,full_depth6_branch2_mean,30,1.0,1.0,0.0,0.0,0.0,0.0,1.0,True,1.0
ablation,ablation,opaque_dependency_l6,evaluation_unseen_zero_shot,imagined_nodes,full_aassr,full_depth6_branch2_mean,30,0.0,0.0,0.0,0.0,0.0,0.0,1.0,True,1.0
ablation,ablation,opaque_dependency_l6,evaluation_unseen_zero_shot,imagination_depth,full_aassr,full_depth6_branch2_mean,30,0.0,0.0,0.0,0.0,0.0,0.0,1.0,True,1.0
ablation,ablation,opaque_dependency_l6,evaluation_unseen_zero_shot,actual_return,full_aassr,full_depth6_branch2_mean,30,0.0,0.0,0.0,0.0,0.0,0.0,1.0,True,1.0
ablation,ablation,opaque_dependency_l6,evaluation_unseen_zero_shot,runtime_seconds,full_aassr,full_depth6_branch2_mean,30,0.0034980397000035734,0.0035097025998256865,-1.1662899822113103e-05,-0.0002654987829494833,0.0002511600335516656,-0.01601080707138295,0.928203589820509,True,1.0
ablation,ablation,opaque_dependency_l6,evaluation_unseen_zero_shot,real_transitions,full_aassr,full_depth6_branch2_mean,30,6.0,6.0,0.0,0.0,0.0,0.0,1.0,True,1.0
ablation,ablation,opaque_dependency_l6,evaluation_unseen_zero_shot,imagined_transitions,full_aassr,full_depth6_branch2_mean,30,0.0,0.0,0.0,0.0,0.0,0.0,1.0,True,1.0
ablation,ablation,opaque_dependency_l6,evaluation_unseen_zero_shot,action_proposals,full_aassr,full_depth6_branch2_mean,30,6.0,6.0,0.0,0.0,0.0,0.0,1.0,True,1.0
ablation,ablation,opaque_dependency_l6,evaluation_unseen_zero_shot,repeat_rate,full_aassr,full_depth6_branch2_mean,30,0.0,0.0,0.0,0.0,0.0,0.0,1.0,True,1.0
ablation,ablation,opaque_dependency_l6,evaluation_unseen_zero_shot,error_rate,full_aassr,full_depth6_branch2_mean,30,0.0,0.0,0.0,0.0,0.0,0.0,1.0,True,1.0
ablation,ablation,opaque_dependency_l6,evaluation_unseen_zero_shot,success,full_aassr,full_depth6_branch2_risk-adjusted,30,0.0,0.0,0.0,0.0,0.0,0.0,1.0,True,1.0
ablation,ablation,opaque_dependency_l6,evaluation_unseen_zero_shot,steps,full_aassr,full_depth6_branch2_risk-adjusted,30,6.0,6.0,0.0,0.0,0.0,0.0,1.0,True,1.0
ablation,ablation,opaque_dependency_l6,evaluation_unseen_zero_shot,high_level_steps,full_aassr,full_depth6_branch2_risk-adjusted,30,6.0,6.0,0.0,0.0,0.0,0.0,1.0,True,1.0
ablation,ablation,opaque_dependency_l6,evaluation_unseen_zero_shot,primitive_steps,full_aassr,full_depth6_branch2_risk-adjusted,30,6.0,6.0,0.0,0.0,0.0,0.0,1.0,True,1.0
ablation,ablation,opaque_dependency_l6,evaluation_unseen_zero_shot,reward,full_aassr,full_depth6_branch2_risk-adjusted,30,0.0,0.0,0.0,0.0,0.0,0.0,1.0,True,1.0
ablation,ablation,opaque_dependency_l6,evaluation_unseen_zero_shot,errors,full_aassr,full_depth6_branch2_risk-adjusted,30,0.0,0.0,0.0,0.0,0.0,0.0,1.0,True,1.0
ablation,ablation,opaque_dependency_l6,evaluation_unseen_zero_shot,repeats,full_aassr,full_depth6_branch2_risk-adjusted,30,0.0,0.0,0.0,0.0,0.0,0.0,1.0,True,1.0
ablation,ablation,opaque_dependency_l6,evaluation_unseen_zero_shot,prediction_score,full_aassr,full_depth6_branch2_risk-adjusted,30,0.0,0.0,0.0,0.0,0.0,0.0,1.0,True,1.0
ablation,ablation,opaque_dependency_l6,evaluation_unseen_zero_shot,holdout_score,full_aassr,full_depth6_branch2_risk-adjusted,30,1.0,1.0,0.0,0.0,0.0,0.0,1.0,True,1.0
ablation,ablation,opaque_dependency_l6,evaluation_unseen_zero_shot,imagined_nodes,full_aassr,full_depth6_branch2_risk-adjusted,30,0.0,0.0,0.0,0.0,0.0,0.0,1.0,True,1.0
ablation,ablation,opaque_dependency_l6,evaluation_unseen_zero_shot,imagination_depth,full_aassr,full_depth6_branch2_risk-adjusted,30,0.0,0.0,0.0,0.0,0.0,0.0,1.0,True,1.0
ablation,ablation,opaque_dependency_l6,evaluation_unseen_zero_shot,actual_return,full_aassr,full_depth6_branch2_risk-adjusted,30,0.0,0.0,0.0,0.0,0.0,0.0,1.0,True,1.0
ablation,ablation,opaque_dependency_l6,evaluation_unseen_zero_shot,runtime_seconds,full_aassr,full_depth6_branch2_risk-adjusted,30,0.0034980397000035734,0.003563177550235802,-6.513785023222833e-05,-0.0003129808338223179,0.00019439621634955977,-0.09147360952881722,0.6223188840557972,True,1.0
ablation,ablation,opaque_dependency_l6,evaluation_unseen_zero_shot,real_transitions,full_aassr,full_depth6_branch2_risk-adjusted,30,6.0,6.0,0.0,0.0,0.0,0.0,1.0,True,1.0
ablation,ablation,opaque_dependency_l6,evaluation_unseen_zero_shot,imagined_transitions,full_aassr,full_depth6_branch2_risk-adjusted,30,0.0,0.0,0.0,0.0,0.0,0.0,1.0,True,1.0
ablation,ablation,opaque_dependency_l6,evaluation_unseen_zero_shot,action_proposals,full_aassr,full_depth6_branch2_risk-adjusted,30,6.0,6.0,0.0,0.0,0.0,0.0,1.0,True,1.0
ablation,ablation,opaque_dependency_l6,evaluation_unseen_zero_shot,repeat_rate,full_aassr,full_depth6_branch2_risk-adjusted,30,0.0,0.0,0.0,0.0,0.0,0.0,1.0,True,1.0
ablation,ablation,opaque_dependency_l6,evaluation_unseen_zero_shot,error_rate,full_aassr,full_depth6_branch2_risk-adjusted,30,0.0,0.0,0.0,0.0,0.0,0.0,1.0,True,1.0
ablation,ablation,opaque_dependency_l6,evaluation_unseen_zero_shot,success,full_aassr,full_depth6_branch4_max,30,0.0,0.0,0.0,0.0,0.0,0.0,1.0,True,1.0
ablation,ablation,opaque_dependency_l6,evaluation_unseen_zero_shot,steps,full_aassr,full_depth6_branch4_max,30,6.0,6.0,0.0,0.0,0.0,0.0,1.0,True,1.0
ablation,ablation,opaque_dependency_l6,evaluation_unseen_zero_shot,high_level_steps,full_aassr,full_depth6_branch4_max,30,6.0,6.0,0.0,0.0,0.0,0.0,1.0,True,1.0
ablation,ablation,opaque_dependency_l6,evaluation_unseen_zero_shot,primitive_steps,full_aassr,full_depth6_branch4_max,30,6.0,6.0,0.0,0.0,0.0,0.0,1.0,True,1.0
ablation,ablation,opaque_dependency_l6,evaluation_unseen_zero_shot,reward,full_aassr,full_depth6_branch4_max,30,0.0,0.0,0.0,0.0,0.0,0.0,1.0,True,1.0
ablation,ablation,opaque_dependency_l6,evaluation_unseen_zero_shot,errors,full_aassr,full_depth6_branch4_max,30,0.0,0.0,0.0,0.0,0.0,0.0,1.0,True,1.0
ablation,ablation,opaque_dependency_l6,evaluation_unseen_zero_shot,repeats,full_aassr,full_depth6_branch4_max,30,0.0,0.0,0.0,0.0,0.0,0.0,1.0,True,1.0
ablation,ablation,opaque_dependency_l6,evaluation_unseen_zero_shot,prediction_score,full_aassr,full_depth6_branch4_max,30,0.0,0.0,0.0,0.0,0.0,0.0,1.0,True,1.0
ablation,ablation,opaque_dependency_l6,evaluation_unseen_zero_shot,holdout_score,full_aassr,full_depth6_branch4_max,30,1.0,1.0,0.0,0.0,0.0,0.0,1.0,True,1.0
ablation,ablation,opaque_dependency_l6,evaluation_unseen_zero_shot,imagined_nodes,full_aassr,full_depth6_branch4_max,30,0.0,0.0,0.0,0.0,0.0,0.0,1.0,True,1.0
ablation,ablation,opaque_dependency_l6,evaluation_unseen_zero_shot,imagination_depth,full_aassr,full_depth6_branch4_max,30,0.0,0.0,0.0,0.0,0.0,0.0,1.0,True,1.0
ablation,ablation,opaque_dependency_l6,evaluation_unseen_zero_shot,actual_return,full_aassr,full_depth6_branch4_max,30,0.0,0.0,0.0,0.0,0.0,0.0,1.0,True,1.0
ablation,ablation,opaque_dependency_l6,evaluation_unseen_zero_shot,runtime_seconds,full_aassr,full_depth6_branch4_max,30,0.0034980397000035734,0.003462086850001166,3.595285000240735e-05,-0.00022543719980361253,0.0003034811997592138,0.04841099937550112,0.791460426978651,True,1.0
ablation,ablation,opaque_dependency_l6,evaluation_unseen_zero_shot,real_transitions,full_aassr,full_depth6_branch4_max,30,6.0,6.0,0.0,0.0,0.0,0.0,1.0,True,1.0
ablation,ablation,opaque_dependency_l6,evaluation_unseen_zero_shot,imagined_transitions,full_aassr,full_depth6_branch4_max,30,0.0,0.0,0.0,0.0,0.0,0.0,1.0,True,1.0
ablation,ablation,opaque_dependency_l6,evaluation_unseen_zero_shot,action_proposals,full_aassr,full_depth6_branch4_max,30,6.0,6.0,0.0,0.0,0.0,0.0,1.0,True,1.0
ablation,ablation,opaque_dependency_l6,evaluation_unseen_zero_shot,repeat_rate,full_aassr,full_depth6_branch4_max,30,0.0,0.0,0.0,0.0,0.0,0.0,1.0,True,1.0
ablation,ablation,opaque_dependency_l6,evaluation_unseen_zero_shot,error_rate,full_aassr,full_depth6_branch4_max,30,0.0,0.0,0.0,0.0,0.0,0.0,1.0,True,1.0
ablation,ablation,opaque_dependency_l6,evaluation_unseen_zero_shot,success,full_aassr,full_depth6_branch4_mean,30,0.0,0.0,0.0,0.0,0.0,0.0,1.0,True,1.0
ablation,ablation,opaque_dependency_l6,evaluation_unseen_zero_shot,steps,full_aassr,full_depth6_branch4_mean,30,6.0,6.0,0.0,0.0,0.0,0.0,1.0,True,1.0
ablation,ablation,opaque_dependency_l6,evaluation_unseen_zero_shot,high_level_steps,full_aassr,full_depth6_branch4_mean,30,6.0,6.0,0.0,0.0,0.0,0.0,1.0,True,1.0
ablation,ablation,opaque_dependency_l6,evaluation_unseen_zero_shot,primitive_steps,full_aassr,full_depth6_branch4_mean,30,6.0,6.0,0.0,0.0,0.0,0.0,1.0,True,1.0
ablation,ablation,opaque_dependency_l6,evaluation_unseen_zero_shot,reward,full_aassr,full_depth6_branch4_mean,30,0.0,0.0,0.0,0.0,0.0,0.0,1.0,True,1.0
ablation,ablation,opaque_dependency_l6,evaluation_unseen_zero_shot,errors,full_aassr,full_depth6_branch4_mean,30,0.0,0.0,0.0,0.0,0.0,0.0,1.0,True,1.0
ablation,ablation,opaque_dependency_l6,evaluation_unseen_zero_shot,repeats,full_aassr,full_depth6_branch4_mean,30,0.0,0.0,0.0,0.0,0.0,0.0,1.0,True,1.0
ablation,ablation,opaque_dependency_l6,evaluation_unseen_zero_shot,prediction_score,full_aassr,full_depth6_branch4_mean,30,0.0,0.0,0.0,0.0,0.0,0.0,1.0,True,1.0
ablation,ablation,opaque_dependency_l6,evaluation_unseen_zero_shot,holdout_score,full_aassr,full_depth6_branch4_mean,30,1.0,1.0,0.0,0.0,0.0,0.0,1.0,True,1.0
ablation,ablation,opaque_dependency_l6,evaluation_unseen_zero_shot,imagined_nodes,full_aassr,full_depth6_branch4_mean,30,0.0,0.0,0.0,0.0,0.0,0.0,1.0,True,1.0
ablation,ablation,opaque_dependency_l6,evaluation_unseen_zero_shot,imagination_depth,full_aassr,full_depth6_branch4_mean,30,0.0,0.0,0.0,0.0,0.0,0.0,1.0,True,1.0
ablation,ablation,opaque_dependency_l6,evaluation_unseen_zero_shot,actual_return,full_aassr,full_depth6_branch4_mean,30,0.0,0.0,0.0,0.0,0.0,0.0,1.0,True,1.0
ablation,ablation,opaque_dependency_l6,evaluation_unseen_zero_shot,runtime_seconds,full_aassr,full_depth6_branch4_mean,30,0.0034980397000035734,0.0035145210999520107,-1.6481399948437047e-05,-0.00023331806676772727,0.00020209698369823552,-0.025932527103572186,0.8915054247287636,True,1.0
ablation,ablation,opaque_dependency_l6,evaluation_unseen_zero_shot,real_transitions,full_aassr,full_depth6_branch4_mean,30,6.0,6.0,0.0,0.0,0.0,0.0,1.0,True,1.0
ablation,ablation,opaque_dependency_l6,evaluation_unseen_zero_shot,imagined_transitions,full_aassr,full_depth6_branch4_mean,30,0.0,0.0,0.0,0.0,0.0,0.0,1.0,True,1.0
ablation,ablation,opaque_dependency_l6,evaluation_unseen_zero_shot,action_proposals,full_aassr,full_depth6_branch4_mean,30,6.0,6.0,0.0,0.0,0.0,0.0,1.0,True,1.0
ablation,ablation,opaque_dependency_l6,evaluation_unseen_zero_shot,repeat_rate,full_aassr,full_depth6_branch4_mean,30,0.0,0.0,0.0,0.0,0.0,0.0,1.0,True,1.0
ablation,ablation,opaque_dependency_l6,evaluation_unseen_zero_shot,error_rate,full_aassr,full_depth6_branch4_mean,30,0.0,0.0,0.0,0.0,0.0,0.0,1.0,True,1.0
ablation,ablation,opaque_dependency_l6,evaluation_unseen_zero_shot,success,full_aassr,full_depth6_branch4_risk-adjusted,30,0.0,0.0,0.0,0.0,0.0,0.0,1.0,True,1.0
ablation,ablation,opaque_dependency_l6,evaluation_unseen_zero_shot,steps,full_aassr,full_depth6_branch4_risk-adjusted,30,6.0,6.0,0.0,0.0,0.0,0.0,1.0,True,1.0
ablation,ablation,opaque_dependency_l6,evaluation_unseen_zero_shot,high_level_steps,full_aassr,full_depth6_branch4_risk-adjusted,30,6.0,6.0,0.0,0.0,0.0,0.0,1.0,True,1.0
ablation,ablation,opaque_dependency_l6,evaluation_unseen_zero_shot,primitive_steps,full_aassr,full_depth6_branch4_risk-adjusted,30,6.0,6.0,0.0,0.0,0.0,0.0,1.0,True,1.0
ablation,ablation,opaque_dependency_l6,evaluation_unseen_zero_shot,reward,full_aassr,full_depth6_branch4_risk-adjusted,30,0.0,0.0,0.0,0.0,0.0,0.0,1.0,True,1.0
ablation,ablation,opaque_dependency_l6,evaluation_unseen_zero_shot,errors,full_aassr,full_depth6_branch4_risk-adjusted,30,0.0,0.0,0.0,0.0,0.0,0.0,1.0,True,1.0
ablation,ablation,opaque_dependency_l6,evaluation_unseen_zero_shot,repeats,full_aassr,full_depth6_branch4_risk-adjusted,30,0.0,0.0,0.0,0.0,0.0,0.0,1.0,True,1.0
ablation,ablation,opaque_dependency_l6,evaluation_unseen_zero_shot,prediction_score,full_aassr,full_depth6_branch4_risk-adjusted,30,0.0,0.0,0.0,0.0,0.0,0.0,1.0,True,1.0
ablation,ablation,opaque_dependency_l6,evaluation_unseen_zero_shot,holdout_score,full_aassr,full_depth6_branch4_risk-adjusted,30,1.0,1.0,0.0,0.0,0.0,0.0,1.0,True,1.0
ablation,ablation,opaque_dependency_l6,evaluation_unseen_zero_shot,imagined_nodes,full_aassr,full_depth6_branch4_risk-adjusted,30,0.0,0.0,0.0,0.0,0.0,0.0,1.0,True,1.0
ablation,ablation,opaque_dependency_l6,evaluation_unseen_zero_shot,imagination_depth,full_aassr,full_depth6_branch4_risk-adjusted,30,0.0,0.0,0.0,0.0,0.0,0.0,1.0,True,1.0
ablation,ablation,opaque_dependency_l6,evaluation_unseen_zero_shot,actual_return,full_aassr,full_depth6_branch4_risk-adjusted,30,0.0,0.0,0.0,0.0,0.0,0.0,1.0,True,1.0
ablation,ablation,opaque_dependency_l6,evaluation_unseen_zero_shot,runtime_seconds,full_aassr,full_depth6_branch4_risk-adjusted,30,0.0034980397000035734,0.0034333782665780742,6.466143342549911e-05,-0.00020257061656351049,0.0003244791331623369,0.08563241914395857,0.6381680915954202,True,1.0
ablation,ablation,opaque_dependency_l6,evaluation_unseen_zero_shot,real_transitions,full_aassr,full_depth6_branch4_risk-adjusted,30,6.0,6.0,0.0,0.0,0.0,0.0,1.0,True,1.0
ablation,ablation,opaque_dependency_l6,evaluation_unseen_zero_shot,imagined_transitions,full_aassr,full_depth6_branch4_risk-adjusted,30,0.0,0.0,0.0,0.0,0.0,0.0,1.0,True,1.0
ablation,ablation,opaque_dependency_l6,evaluation_unseen_zero_shot,action_proposals,full_aassr,full_depth6_branch4_risk-adjusted,30,6.0,6.0,0.0,0.0,0.0,0.0,1.0,True,1.0
ablation,ablation,opaque_dependency_l6,evaluation_unseen_zero_shot,repeat_rate,full_aassr,full_depth6_branch4_risk-adjusted,30,0.0,0.0,0.0,0.0,0.0,0.0,1.0,True,1.0
ablation,ablation,opaque_dependency_l6,evaluation_unseen_zero_shot,error_rate,full_aassr,full_depth6_branch4_risk-adjusted,30,0.0,0.0,0.0,0.0,0.0,0.0,1.0,True,1.0
ablation,ablation,opaque_dependency_l6,evaluation_unseen_zero_shot,success,full_aassr,full_no_error_penalty,30,0.0,0.0,0.0,0.0,0.0,0.0,1.0,True,1.0
ablation,ablation,opaque_dependency_l6,evaluation_unseen_zero_shot,steps,full_aassr,full_no_error_penalty,30,6.0,6.0,0.0,0.0,0.0,0.0,1.0,True,1.0
ablation,ablation,opaque_dependency_l6,evaluation_unseen_zero_shot,high_level_steps,full_aassr,full_no_error_penalty,30,6.0,6.0,0.0,0.0,0.0,0.0,1.0,True,1.0
ablation,ablation,opaque_dependency_l6,evaluation_unseen_zero_shot,primitive_steps,full_aassr,full_no_error_penalty,30,6.0,6.0,0.0,0.0,0.0,0.0,1.0,True,1.0
ablation,ablation,opaque_dependency_l6,evaluation_unseen_zero_shot,reward,full_aassr,full_no_error_penalty,30,0.0,0.0,0.0,0.0,0.0,0.0,1.0,True,1.0
ablation,ablation,opaque_dependency_l6,evaluation_unseen_zero_shot,errors,full_aassr,full_no_error_penalty,30,0.0,0.0,0.0,0.0,0.0,0.0,1.0,True,1.0
ablation,ablation,opaque_dependency_l6,evaluation_unseen_zero_shot,repeats,full_aassr,full_no_error_penalty,30,0.0,0.0,0.0,0.0,0.0,0.0,1.0,True,1.0
ablation,ablation,opaque_dependency_l6,evaluation_unseen_zero_shot,prediction_score,full_aassr,full_no_error_penalty,30,0.0,0.0,0.0,0.0,0.0,0.0,1.0,True,1.0
ablation,ablation,opaque_dependency_l6,evaluation_unseen_zero_shot,holdout_score,full_aassr,full_no_error_penalty,30,1.0,1.0,0.0,0.0,0.0,0.0,1.0,True,1.0
ablation,ablation,opaque_dependency_l6,evaluation_unseen_zero_shot,imagined_nodes,full_aassr,full_no_error_penalty,30,0.0,0.0,0.0,0.0,0.0,0.0,1.0,True,1.0
ablation,ablation,opaque_dependency_l6,evaluation_unseen_zero_shot,imagination_depth,full_aassr,full_no_error_penalty,30,0.0,0.0,0.0,0.0,0.0,0.0,1.0,True,1.0
ablation,ablation,opaque_dependency_l6,evaluation_unseen_zero_shot,actual_return,full_aassr,full_no_error_penalty,30,0.0,0.0,0.0,0.0,0.0,0.0,1.0,True,1.0
ablation,ablation,opaque_dependency_l6,evaluation_unseen_zero_shot,runtime_seconds,full_aassr,full_no_error_penalty,30,0.0034980397000035734,0.003498681250178682,-6.415501751083312e-07,-0.0002351766337136117,0.00022175128320426054,-0.0009717277451030009,0.9959002049897505,True,1.0
ablation,ablation,opaque_dependency_l6,evaluation_unseen_zero_shot,real_transitions,full_aassr,full_no_error_penalty,30,6.0,6.0,0.0,0.0,0.0,0.0,1.0,True,1.0
ablation,ablation,opaque_dependency_l6,evaluation_unseen_zero_shot,imagined_transitions,full_aassr,full_no_error_penalty,30,0.0,0.0,0.0,0.0,0.0,0.0,1.0,True,1.0
ablation,ablation,opaque_dependency_l6,evaluation_unseen_zero_shot,action_proposals,full_aassr,full_no_error_penalty,30,6.0,6.0,0.0,0.0,0.0,0.0,1.0,True,1.0
ablation,ablation,opaque_dependency_l6,evaluation_unseen_zero_shot,repeat_rate,full_aassr,full_no_error_penalty,30,0.0,0.0,0.0,0.0,0.0,0.0,1.0,True,1.0
ablation,ablation,opaque_dependency_l6,evaluation_unseen_zero_shot,error_rate,full_aassr,full_no_error_penalty,30,0.0,0.0,0.0,0.0,0.0,0.0,1.0,True,1.0
ablation,ablation,opaque_dependency_l6,evaluation_unseen_zero_shot,success,full_aassr,full_no_repeat_penalty,30,0.0,0.0,0.0,0.0,0.0,0.0,1.0,True,1.0
ablation,ablation,opaque_dependency_l6,evaluation_unseen_zero_shot,steps,full_aassr,full_no_repeat_penalty,30,6.0,6.0,0.0,0.0,0.0,0.0,1.0,True,1.0
ablation,ablation,opaque_dependency_l6,evaluation_unseen_zero_shot,high_level_steps,full_aassr,full_no_repeat_penalty,30,6.0,6.0,0.0,0.0,0.0,0.0,1.0,True,1.0
ablation,ablation,opaque_dependency_l6,evaluation_unseen_zero_shot,primitive_steps,full_aassr,full_no_repeat_penalty,30,6.0,6.0,0.0,0.0,0.0,0.0,1.0,True,1.0
ablation,ablation,opaque_dependency_l6,evaluation_unseen_zero_shot,reward,full_aassr,full_no_repeat_penalty,30,0.0,0.0,0.0,0.0,0.0,0.0,1.0,True,1.0
ablation,ablation,opaque_dependency_l6,evaluation_unseen_zero_shot,errors,full_aassr,full_no_repeat_penalty,30,0.0,0.0,0.0,0.0,0.0,0.0,1.0,True,1.0
ablation,ablation,opaque_dependency_l6,evaluation_unseen_zero_shot,repeats,full_aassr,full_no_repeat_penalty,30,0.0,0.0,0.0,0.0,0.0,0.0,1.0,True,1.0
ablation,ablation,opaque_dependency_l6,evaluation_unseen_zero_shot,prediction_score,full_aassr,full_no_repeat_penalty,30,0.0,0.0,0.0,0.0,0.0,0.0,1.0,True,1.0
ablation,ablation,opaque_dependency_l6,evaluation_unseen_zero_shot,holdout_score,full_aassr,full_no_repeat_penalty,30,1.0,1.0,0.0,0.0,0.0,0.0,1.0,True,1.0
ablation,ablation,opaque_dependency_l6,evaluation_unseen_zero_shot,imagined_nodes,full_aassr,full_no_repeat_penalty,30,0.0,0.0,0.0,0.0,0.0,0.0,1.0,True,1.0
ablation,ablation,opaque_dependency_l6,evaluation_unseen_zero_shot,imagination_depth,full_aassr,full_no_repeat_penalty,30,0.0,0.0,0.0,0.0,0.0,0.0,1.0,True,1.0
ablation,ablation,opaque_dependency_l6,evaluation_unseen_zero_shot,actual_return,full_aassr,full_no_repeat_penalty,30,0.0,0.0,0.0,0.0,0.0,0.0,1.0,True,1.0
ablation,ablation,opaque_dependency_l6,evaluation_unseen_zero_shot,runtime_seconds,full_aassr,full_no_repeat_penalty,30,0.0034980397000035734,0.0034586646000194982,3.9375099984075274e-05,-0.00021537546673304549,0.0002843734165265535,0.055662053948138376,0.759462026898655,True,1.0
ablation,ablation,opaque_dependency_l6,evaluation_unseen_zero_shot,real_transitions,full_aassr,full_no_repeat_penalty,30,6.0,6.0,0.0,0.0,0.0,0.0,1.0,True,1.0
ablation,ablation,opaque_dependency_l6,evaluation_unseen_zero_shot,imagined_transitions,full_aassr,full_no_repeat_penalty,30,0.0,0.0,0.0,0.0,0.0,0.0,1.0,True,1.0
ablation,ablation,opaque_dependency_l6,evaluation_unseen_zero_shot,action_proposals,full_aassr,full_no_repeat_penalty,30,6.0,6.0,0.0,0.0,0.0,0.0,1.0,True,1.0
ablation,ablation,opaque_dependency_l6,evaluation_unseen_zero_shot,repeat_rate,full_aassr,full_no_repeat_penalty,30,0.0,0.0,0.0,0.0,0.0,0.0,1.0,True,1.0
ablation,ablation,opaque_dependency_l6,evaluation_unseen_zero_shot,error_rate,full_aassr,full_no_repeat_penalty,30,0.0,0.0,0.0,0.0,0.0,0.0,1.0,True,1.0
ablation,ablation,opaque_dependency_l6,evaluation_unseen_zero_shot,success,full_aassr,full_no_validated_information,30,0.0,0.0,0.0,0.0,0.0,0.0,1.0,True,1.0
ablation,ablation,opaque_dependency_l6,evaluation_unseen_zero_shot,steps,full_aassr,full_no_validated_information,30,6.0,6.0,0.0,0.0,0.0,0.0,1.0,True,1.0
ablation,ablation,opaque_dependency_l6,evaluation_unseen_zero_shot,high_level_steps,full_aassr,full_no_validated_information,30,6.0,6.0,0.0,0.0,0.0,0.0,1.0,True,1.0
ablation,ablation,opaque_dependency_l6,evaluation_unseen_zero_shot,primitive_steps,full_aassr,full_no_validated_information,30,6.0,6.0,0.0,0.0,0.0,0.0,1.0,True,1.0
ablation,ablation,opaque_dependency_l6,evaluation_unseen_zero_shot,reward,full_aassr,full_no_validated_information,30,0.0,0.0,0.0,0.0,0.0,0.0,1.0,True,1.0
ablation,ablation,opaque_dependency_l6,evaluation_unseen_zero_shot,errors,full_aassr,full_no_validated_information,30,0.0,0.0,0.0,0.0,0.0,0.0,1.0,True,1.0
ablation,ablation,opaque_dependency_l6,evaluation_unseen_zero_shot,repeats,full_aassr,full_no_validated_information,30,0.0,0.0,0.0,0.0,0.0,0.0,1.0,True,1.0
ablation,ablation,opaque_dependency_l6,evaluation_unseen_zero_shot,prediction_score,full_aassr,full_no_validated_information,30,0.0,0.0,0.0,0.0,0.0,0.0,1.0,True,1.0
ablation,ablation,opaque_dependency_l6,evaluation_unseen_zero_shot,holdout_score,full_aassr,full_no_validated_information,30,1.0,1.0,0.0,0.0,0.0,0.0,1.0,True,1.0
ablation,ablation,opaque_dependency_l6,evaluation_unseen_zero_shot,imagined_nodes,full_aassr,full_no_validated_information,30,0.0,0.0,0.0,0.0,0.0,0.0,1.0,True,1.0
ablation,ablation,opaque_dependency_l6,evaluation_unseen_zero_shot,imagination_depth,full_aassr,full_no_validated_information,30,0.0,0.0,0.0,0.0,0.0,0.0,1.0,True,1.0
ablation,ablation,opaque_dependency_l6,evaluation_unseen_zero_shot,actual_return,full_aassr,full_no_validated_information,30,0.0,0.0,0.0,0.0,0.0,0.0,1.0,True,1.0
ablation,ablation,opaque_dependency_l6,evaluation_unseen_zero_shot,runtime_seconds,full_aassr,full_no_validated_information,30,0.0034980397000035734,0.0034603060668353764,3.773363316819689e-05,-0.00019519291703181811,0.000256302133158897,0.056727647995627316,0.751712414379281,True,1.0
ablation,ablation,opaque_dependency_l6,evaluation_unseen_zero_shot,real_transitions,full_aassr,full_no_validated_information,30,6.0,6.0,0.0,0.0,0.0,0.0,1.0,True,1.0
ablation,ablation,opaque_dependency_l6,evaluation_unseen_zero_shot,imagined_transitions,full_aassr,full_no_validated_information,30,0.0,0.0,0.0,0.0,0.0,0.0,1.0,True,1.0
ablation,ablation,opaque_dependency_l6,evaluation_unseen_zero_shot,action_proposals,full_aassr,full_no_validated_information,30,6.0,6.0,0.0,0.0,0.0,0.0,1.0,True,1.0
ablation,ablation,opaque_dependency_l6,evaluation_unseen_zero_shot,repeat_rate,full_aassr,full_no_validated_information,30,0.0,0.0,0.0,0.0,0.0,0.0,1.0,True,1.0
ablation,ablation,opaque_dependency_l6,evaluation_unseen_zero_shot,error_rate,full_aassr,full_no_validated_information,30,0.0,0.0,0.0,0.0,0.0,0.0,1.0,True,1.0
ablation,ablation,opaque_dependency_l6,evaluation_unseen_zero_shot,success,full_aassr,imagination_no_validated_value,30,0.0,0.0,0.0,0.0,0.0,0.0,1.0,True,1.0
ablation,ablation,opaque_dependency_l6,evaluation_unseen_zero_shot,steps,full_aassr,imagination_no_validated_value,30,6.0,6.0,0.0,0.0,0.0,0.0,1.0,True,1.0
ablation,ablation,opaque_dependency_l6,evaluation_unseen_zero_shot,high_level_steps,full_aassr,imagination_no_validated_value,30,6.0,6.0,0.0,0.0,0.0,0.0,1.0,True,1.0
ablation,ablation,opaque_dependency_l6,evaluation_unseen_zero_shot,primitive_steps,full_aassr,imagination_no_validated_value,30,6.0,6.0,0.0,0.0,0.0,0.0,1.0,True,1.0
ablation,ablation,opaque_dependency_l6,evaluation_unseen_zero_shot,reward,full_aassr,imagination_no_validated_value,30,0.0,0.0,0.0,0.0,0.0,0.0,1.0,True,1.0
ablation,ablation,opaque_dependency_l6,evaluation_unseen_zero_shot,errors,full_aassr,imagination_no_validated_value,30,0.0,0.0,0.0,0.0,0.0,0.0,1.0,True,1.0
ablation,ablation,opaque_dependency_l6,evaluation_unseen_zero_shot,repeats,full_aassr,imagination_no_validated_value,30,0.0,0.0,0.0,0.0,0.0,0.0,1.0,True,1.0
ablation,ablation,opaque_dependency_l6,evaluation_unseen_zero_shot,prediction_score,full_aassr,imagination_no_validated_value,30,0.0,0.0,0.0,0.0,0.0,0.0,1.0,True,1.0
ablation,ablation,opaque_dependency_l6,evaluation_unseen_zero_shot,holdout_score,full_aassr,imagination_no_validated_value,30,1.0,1.0,0.0,0.0,0.0,0.0,1.0,True,1.0
ablation,ablation,opaque_dependency_l6,evaluation_unseen_zero_shot,imagined_nodes,full_aassr,imagination_no_validated_value,30,0.0,0.0,0.0,0.0,0.0,0.0,1.0,True,1.0
ablation,ablation,opaque_dependency_l6,evaluation_unseen_zero_shot,imagination_depth,full_aassr,imagination_no_validated_value,30,0.0,0.0,0.0,0.0,0.0,0.0,1.0,True,1.0
ablation,ablation,opaque_dependency_l6,evaluation_unseen_zero_shot,actual_return,full_aassr,imagination_no_validated_value,30,0.0,0.0,0.0,0.0,0.0,0.0,1.0,True,1.0
ablation,ablation,opaque_dependency_l6,evaluation_unseen_zero_shot,runtime_seconds,full_aassr,imagination_no_validated_value,30,0.0034980397000035734,0.003376748916717285,0.0001212907832862886,-6.642058353463663e-05,0.0003167178827813283,0.22703297724870508,0.22598870056497175,True,1.0
ablation,ablation,opaque_dependency_l6,evaluation_unseen_zero_shot,real_transitions,full_aassr,imagination_no_validated_value,30,6.0,6.0,0.0,0.0,0.0,0.0,1.0,True,1.0
ablation,ablation,opaque_dependency_l6,evaluation_unseen_zero_shot,imagined_transitions,full_aassr,imagination_no_validated_value,30,0.0,0.0,0.0,0.0,0.0,0.0,1.0,True,1.0
ablation,ablation,opaque_dependency_l6,evaluation_unseen_zero_shot,action_proposals,full_aassr,imagination_no_validated_value,30,6.0,6.0,0.0,0.0,0.0,0.0,1.0,True,1.0
ablation,ablation,opaque_dependency_l6,evaluation_unseen_zero_shot,repeat_rate,full_aassr,imagination_no_validated_value,30,0.0,0.0,0.0,0.0,0.0,0.0,1.0,True,1.0
ablation,ablation,opaque_dependency_l6,evaluation_unseen_zero_shot,error_rate,full_aassr,imagination_no_validated_value,30,0.0,0.0,0.0,0.0,0.0,0.0,1.0,True,1.0
ablation,ablation,opaque_dependency_l6,evaluation_unseen_zero_shot,success,full_aassr,prophecy_no_imagination,30,0.0,0.0,0.0,0.0,0.0,0.0,1.0,True,1.0
ablation,ablation,opaque_dependency_l6,evaluation_unseen_zero_shot,steps,full_aassr,prophecy_no_imagination,30,6.0,6.0,0.0,0.0,0.0,0.0,1.0,True,1.0
ablation,ablation,opaque_dependency_l6,evaluation_unseen_zero_shot,high_level_steps,full_aassr,prophecy_no_imagination,30,6.0,6.0,0.0,0.0,0.0,0.0,1.0,True,1.0
ablation,ablation,opaque_dependency_l6,evaluation_unseen_zero_shot,primitive_steps,full_aassr,prophecy_no_imagination,30,6.0,6.0,0.0,0.0,0.0,0.0,1.0,True,1.0
ablation,ablation,opaque_dependency_l6,evaluation_unseen_zero_shot,reward,full_aassr,prophecy_no_imagination,30,0.0,0.0,0.0,0.0,0.0,0.0,1.0,True,1.0
ablation,ablation,opaque_dependency_l6,evaluation_unseen_zero_shot,errors,full_aassr,prophecy_no_imagination,30,0.0,0.0,0.0,0.0,0.0,0.0,1.0,True,1.0
ablation,ablation,opaque_dependency_l6,evaluation_unseen_zero_shot,repeats,full_aassr,prophecy_no_imagination,30,0.0,0.0,0.0,0.0,0.0,0.0,1.0,True,1.0
ablation,ablation,opaque_dependency_l6,evaluation_unseen_zero_shot,prediction_score,full_aassr,prophecy_no_imagination,30,0.0,0.0,0.0,0.0,0.0,0.0,1.0,True,1.0
ablation,ablation,opaque_dependency_l6,evaluation_unseen_zero_shot,holdout_score,full_aassr,prophecy_no_imagination,30,1.0,1.0,0.0,0.0,0.0,0.0,1.0,True,1.0
ablation,ablation,opaque_dependency_l6,evaluation_unseen_zero_shot,imagined_nodes,full_aassr,prophecy_no_imagination,30,0.0,0.0,0.0,0.0,0.0,0.0,1.0,True,1.0
ablation,ablation,opaque_dependency_l6,evaluation_unseen_zero_shot,imagination_depth,full_aassr,prophecy_no_imagination,30,0.0,0.0,0.0,0.0,0.0,0.0,1.0,True,1.0
ablation,ablation,opaque_dependency_l6,evaluation_unseen_zero_shot,actual_return,full_aassr,prophecy_no_imagination,30,0.0,0.0,0.0,0.0,0.0,0.0,1.0,True,1.0
ablation,ablation,opaque_dependency_l6,evaluation_unseen_zero_shot,runtime_seconds,full_aassr,prophecy_no_imagination,30,0.0034980397000035734,0.003275758416891525,0.0002222812831120488,4.31066630699208e-06,0.0004354116663113624,0.3551843051653566,0.06664666766661667,True,1.0
ablation,ablation,opaque_dependency_l6,evaluation_unseen_zero_shot,real_transitions,full_aassr,prophecy_no_imagination,30,6.0,6.0,0.0,0.0,0.0,0.0,1.0,True,1.0
ablation,ablation,opaque_dependency_l6,evaluation_unseen_zero_shot,imagined_transitions,full_aassr,prophecy_no_imagination,30,0.0,0.0,0.0,0.0,0.0,0.0,1.0,True,1.0
ablation,ablation,opaque_dependency_l6,evaluation_unseen_zero_shot,action_proposals,full_aassr,prophecy_no_imagination,30,6.0,6.0,0.0,0.0,0.0,0.0,1.0,True,1.0
ablation,ablation,opaque_dependency_l6,evaluation_unseen_zero_shot,repeat_rate,full_aassr,prophecy_no_imagination,30,0.0,0.0,0.0,0.0,0.0,0.0,1.0,True,1.0
ablation,ablation,opaque_dependency_l6,evaluation_unseen_zero_shot,error_rate,full_aassr,prophecy_no_imagination,30,0.0,0.0,0.0,0.0,0.0,0.0,1.0,True,1.0
ablation,ablation,opaque_dependency_l6,training,success,full_aassr,axis_aggregation=max,30,0.35561666666666664,0.33521666666666666,0.02040000000000001,-0.019233333333333325,0.05885,0.1803080518553618,0.3341832908354582,True,1.0
ablation,ablation,opaque_dependency_l6,training,prediction_score,full_aassr,axis_aggregation=max,30,0.9899861111111111,0.9899944444444445,-8.333333333313911e-06,-2.2222222222223477e-05,5.55555555558455e-06,-0.20804706700480005,0.447877606119694,True,1.0
ablation,ablation,opaque_dependency_l6,training,holdout_gain,full_aassr,axis_aggregation=max,30,6.4646491566515e-06,6.3778436010959445e-06,8.680555555555548e-08,-1.2705494208814505e-22,2.604166666666666e-07,0.18257418583505525,1.0,True,1.0
ablation,ablation,opaque_dependency_l6,training,learning_auc,full_aassr,axis_aggregation=max,30,0.35566116391529096,0.33526763381690844,0.020393530098382517,-0.01957645489411373,0.06033850258462565,0.18024074775831891,0.33248337583120846,True,1.0
ablation,ablation,opaque_dependency_l6,training,final_tail_success,full_aassr,axis_aggregation=max,30,0.534,0.4995,0.0345,-0.027500000000000007,0.09466666666666666,0.20174504821419467,0.2743362831858407,True,1.0
ablation,ablation,opaque_dependency_l6,training,first_success_real_transitions,full_aassr,axis_aggregation=max,30,332.6,282.2,50.4,-13.6,129.4,0.24167870256880067,0.21738913054347284,True,1.0
ablation,ablation,opaque_dependency_l6,training,success,full_aassr,axis_aggregation=mean,30,0.35561666666666664,0.33521666666666666,0.02040000000000001,-0.019549999999999988,0.05976666666666667,0.1803080518553618,0.33068346582670866,True,1.0
ablation,ablation,opaque_dependency_l6,training,prediction_score,full_aassr,axis_aggregation=mean,30,0.9899861111111111,0.9899944444444445,-8.333333333313911e-06,-2.2222222222212374e-05,5.55555555558455e-06,-0.20804706700480005,0.456227188640568,True,1.0
ablation,ablation,opaque_dependency_l6,training,holdout_gain,full_aassr,axis_aggregation=mean,30,6.4646491566515e-06,6.3778436010959445e-06,8.680555555555548e-08,-1.2705494208814505e-22,2.604166666666666e-07,0.18257418583505525,1.0,True,1.0
ablation,ablation,opaque_dependency_l6,training,learning_auc,full_aassr,axis_aggregation=mean,30,0.35566116391529096,0.33526763381690844,0.020393530098382517,-0.01746706686676672,0.05981323995330999,0.18024074775831891,0.33138343082845856,True,1.0
ablation,ablation,opaque_dependency_l6,training,final_tail_success,full_aassr,axis_aggregation=mean,30,0.534,0.4995,0.0345,-0.029000000000000012,0.09416666666666668,0.20174504821419467,0.26933653317334133,True,1.0
ablation,ablation,opaque_dependency_l6,training,first_success_real_transitions,full_aassr,axis_aggregation=mean,30,332.6,282.2,50.4,-13.4,132.4,0.24167870256880067,0.2175891205439728,True,1.0
ablation,ablation,opaque_dependency_l6,training,success,full_aassr,axis_aggregation=risk-adjusted,30,0.35561666666666664,0.33521666666666666,0.02040000000000001,-0.01974999999999999,0.05930000000000001,0.1803080518553618,0.3341832908354582,True,1.0
ablation,ablation,opaque_dependency_l6,training,prediction_score,full_aassr,axis_aggregation=risk-adjusted,30,0.9899861111111111,0.9899944444444445,-8.333333333313911e-06,-2.2222222222212374e-05,5.55555555558455e-06,-0.20804706700480005,0.44917754112294384,True,1.0
ablation,ablation,opaque_dependency_l6,training,holdout_gain,full_aassr,axis_aggregation=risk-adjusted,30,6.4646491566515e-06,6.3778436010959445e-06,8.680555555555548e-08,-1.2705494208814505e-22,2.604166666666666e-07,0.18257418583505525,1.0,True,1.0
ablation,ablation,opaque_dependency_l6,training,learning_auc,full_aassr,axis_aggregation=risk-adjusted,30,0.35566116391529096,0.33526763381690844,0.020393530098382517,-0.020693680173420048,0.059954977488744364,0.18024074775831891,0.33058347082645867,True,1.0
ablation,ablation,opaque_dependency_l6,training,final_tail_success,full_aassr,axis_aggregation=risk-adjusted,30,0.534,0.4995,0.0345,-0.02766666666666668,0.09366666666666669,0.20174504821419467,0.2752362381880906,True,1.0
ablation,ablation,opaque_dependency_l6,training,first_success_real_transitions,full_aassr,axis_aggregation=risk-adjusted,30,332.6,282.2,50.4,-13.8,131.8,0.24167870256880067,0.21878906054697264,True,1.0
ablation,ablation,opaque_dependency_l6,training,success,full_aassr,axis_branch=1,30,0.35561666666666664,0.33521666666666666,0.02040000000000001,-0.018649999999999996,0.05983333333333333,0.1803080518553618,0.33068346582670866,True,1.0
ablation,ablation,opaque_dependency_l6,training,prediction_score,full_aassr,axis_branch=1,30,0.9899861111111111,0.9899944444444445,-8.333333333313911e-06,-2.2222222222219774e-05,5.55555555558455e-06,-0.20804706700480005,0.45027748612569374,True,1.0
ablation,ablation,opaque_dependency_l6,training,holdout_gain,full_aassr,axis_branch=1,30,6.4646491566515e-06,6.3778436010959445e-06,8.680555555555548e-08,-1.2705494208814505e-22,2.604166666666666e-07,0.18257418583505525,1.0,True,1.0
ablation,ablation,opaque_dependency_l6,training,learning_auc,full_aassr,axis_branch=1,30,0.35566116391529096,0.33526763381690844,0.020393530098382517,-0.019843254960813753,0.06008004002001001,0.18024074775831891,0.33268336583170843,True,1.0
ablation,ablation,opaque_dependency_l6,training,final_tail_success,full_aassr,axis_branch=1,30,0.534,0.4995,0.0345,-0.02483333333333334,0.09283333333333334,0.20174504821419467,0.2670866456677166,True,1.0
ablation,ablation,opaque_dependency_l6,training,first_success_real_transitions,full_aassr,axis_branch=1,30,332.6,282.2,50.4,-13.4,131.0,0.24167870256880067,0.2216889155542223,True,1.0
ablation,ablation,opaque_dependency_l6,training,success,full_aassr,axis_branch=2,30,0.35561666666666664,0.33521666666666666,0.02040000000000001,-0.02005,0.05930000000000002,0.1803080518553618,0.3303834808259587,True,1.0
ablation,ablation,opaque_dependency_l6,training,prediction_score,full_aassr,axis_branch=2,30,0.9899861111111111,0.9899944444444445,-8.333333333313911e-06,-2.2222222222219774e-05,5.5555555555882504e-06,-0.20804706700480005,0.4544772761361932,True,1.0
ablation,ablation,opaque_dependency_l6,training,holdout_gain,full_aassr,axis_branch=2,30,6.4646491566515e-06,6.3778436010959445e-06,8.680555555555548e-08,-1.2705494208814505e-22,2.604166666666666e-07,0.18257418583505525,1.0,True,1.0
ablation,ablation,opaque_dependency_l6,training,learning_auc,full_aassr,axis_branch=2,30,0.35566116391529096,0.33526763381690844,0.020393530098382517,-0.0194180423545106,0.06007170251792563,0.18024074775831891,0.3351832408379581,True,1.0
ablation,ablation,opaque_dependency_l6,training,final_tail_success,full_aassr,axis_branch=2,30,0.534,0.4995,0.0345,-0.026500000000000006,0.09383333333333334,0.20174504821419467,0.2777861106944653,True,1.0
ablation,ablation,opaque_dependency_l6,training,first_success_real_transitions,full_aassr,axis_branch=2,30,332.6,282.2,50.4,-14.0,128.8,0.24167870256880067,0.22128893555322235,True,1.0
ablation,ablation,opaque_dependency_l6,training,success,full_aassr,axis_branch=4,30,0.35561666666666664,0.33521666666666666,0.02040000000000001,-0.019433333333333327,0.061550000000000014,0.1803080518553618,0.3376831158442078,True,1.0
ablation,ablation,opaque_dependency_l6,training,prediction_score,full_aassr,axis_branch=4,30,0.9899861111111111,0.9899944444444445,-8.333333333313911e-06,-2.2222222222212374e-05,5.5555555555882504e-06,-0.20804706700480005,0.45427728613569324,True,1.0
ablation,ablation,opaque_dependency_l6,training,holdout_gain,full_aassr,axis_branch=4,30,6.4646491566515e-06,6.3778436010959445e-06,8.680555555555548e-08,-1.2705494208814505e-22,2.604166666666666e-07,0.18257418583505525,1.0,True,1.0
ablation,ablation,opaque_dependency_l6,training,learning_auc,full_aassr,axis_branch=4,30,0.35566116391529096,0.33526763381690844,0.020393530098382517,-0.020401867600466906,0.05959646489911622,0.18024074775831891,0.33623318834058297,True,1.0
ablation,ablation,opaque_dependency_l6,training,final_tail_success,full_aassr,axis_branch=4,30,0.534,0.4995,0.0345,-0.025000000000000015,0.0925,0.20174504821419467,0.27113644317784114,True,1.0
ablation,ablation,opaque_dependency_l6,training,first_success_real_transitions,full_aassr,axis_branch=4,30,332.6,282.2,50.4,-13.2,130.2,0.24167870256880067,0.21703914804259786,True,1.0
ablation,ablation,opaque_dependency_l6,training,success,full_aassr,axis_depth=1,30,0.35561666666666664,0.33521666666666666,0.020399999999999998,-0.02016666666666667,0.06088333333333334,0.1803080518553617,0.33163341832908355,True,1.0
ablation,ablation,opaque_dependency_l6,training,prediction_score,full_aassr,axis_depth=1,30,0.9899861111111111,0.9899944444444444,-8.33333333330281e-06,-2.2222222222212374e-05,5.555555555595652e-06,-0.20804706700459324,0.4525773711314434,True,1.0
ablation,ablation,opaque_dependency_l6,training,holdout_gain,full_aassr,axis_depth=1,30,6.4646491566515e-06,6.3778436010959445e-06,8.680555555555545e-08,-1.6940658945086008e-22,2.6041666666666657e-07,0.1825741858350552,1.0,True,1.0
ablation,ablation,opaque_dependency_l6,training,learning_auc,full_aassr,axis_depth=1,30,0.35566116391529096,0.33526763381690844,0.020393530098382528,-0.02152743038185758,0.058887777221944305,0.18024074775831903,0.33338333083345834,True,1.0
ablation,ablation,opaque_dependency_l6,training,final_tail_success,full_aassr,axis_depth=1,30,0.534,0.4995,0.0345,-0.027500000000000004,0.09200000000000001,0.20174504821419467,0.272086395680216,True,1.0
ablation,ablation,opaque_dependency_l6,training,first_success_real_transitions,full_aassr,axis_depth=1,30,332.6,282.2,50.4,-14.8,130.4,0.24167870256880067,0.22348882555872207,True,1.0
ablation,ablation,opaque_dependency_l6,training,success,full_aassr,axis_depth=2,30,0.35561666666666664,0.33521666666666666,0.020399999999999998,-0.019483333333333328,0.05976666666666667,0.1803080518553617,0.33393330333483323,True,1.0
ablation,ablation,opaque_dependency_l6,training,prediction_score,full_aassr,axis_depth=2,30,0.9899861111111111,0.9899944444444444,-8.33333333330281e-06,-2.2222222222193868e-05,5.5555555555993525e-06,-0.20804706700459324,0.4568271586420679,True,1.0
ablation,ablation,opaque_dependency_l6,training,holdout_gain,full_aassr,axis_depth=2,30,6.4646491566515e-06,6.3778436010959445e-06,8.680555555555545e-08,-1.6940658945086008e-22,2.6041666666666657e-07,0.1825741858350552,1.0,True,1.0
ablation,ablation,opaque_dependency_l6,training,learning_auc,full_aassr,axis_depth=2,30,0.35566116391529096,0.33526763381690844,0.020393530098382528,-0.018951142237785556,0.05914623978655995,0.18024074775831903,0.33013349332533376,True,1.0
ablation,ablation,opaque_dependency_l6,training,final_tail_success,full_aassr,axis_depth=2,30,0.534,0.4995,0.0345,-0.027833333333333342,0.09266666666666666,0.20174504821419467,0.2704364781760912,True,1.0
ablation,ablation,opaque_dependency_l6,training,first_success_real_transitions,full_aassr,axis_depth=2,30,332.6,282.2,50.4,-13.8,133.2,0.24167870256880067,0.21388930553472327,True,1.0
ablation,ablation,opaque_dependency_l6,training,success,full_aassr,axis_depth=4,30,0.35561666666666664,0.33521666666666666,0.020399999999999998,-0.01976666666666667,0.059550000000000006,0.1803080518553617,0.3309834508274586,True,1.0
ablation,ablation,opaque_dependency_l6,training,prediction_score,full_aassr,axis_depth=4,30,0.9899861111111111,0.9899944444444444,-8.33333333330281e-06,-2.2222222222193868e-05,5.555555555591951e-06,-0.20804706700459324,0.4528773561321934,True,1.0
ablation,ablation,opaque_dependency_l6,training,holdout_gain,full_aassr,axis_depth=4,30,6.4646491566515e-06,6.3778436010959445e-06,8.680555555555545e-08,-1.6940658945086008e-22,2.6041666666666657e-07,0.1825741858350552,1.0,True,1.0
ablation,ablation,opaque_dependency_l6,training,learning_auc,full_aassr,axis_depth=4,30,0.35566116391529096,0.33526763381690844,0.020393530098382528,-0.0188677672169418,0.05957978989494748,0.18024074775831903,0.3348832558372081,True,1.0
ablation,ablation,opaque_dependency_l6,training,final_tail_success,full_aassr,axis_depth=4,30,0.534,0.4995,0.0345,-0.0275,0.09416666666666668,0.20174504821419467,0.2734363281835908,True,1.0
ablation,ablation,opaque_dependency_l6,training,first_success_real_transitions,full_aassr,axis_depth=4,30,332.6,282.2,50.4,-13.8,130.2,0.24167870256880067,0.2183390830458477,True,1.0
ablation,ablation,opaque_dependency_l6,training,success,full_aassr,axis_depth=6,30,0.35561666666666664,0.33521666666666666,0.020399999999999998,-0.020266666666666662,0.05871666666666667,0.1803080518553617,0.328383580820959,True,1.0
ablation,ablation,opaque_dependency_l6,training,prediction_score,full_aassr,axis_depth=6,30,0.9899861111111111,0.9899944444444444,-8.33333333330281e-06,-2.222222222220127e-05,5.555555555595652e-06,-0.20804706700459324,0.4574271286435678,True,1.0
ablation,ablation,opaque_dependency_l6,training,holdout_gain,full_aassr,axis_depth=6,30,6.4646491566515e-06,6.3778436010959445e-06,8.680555555555545e-08,-1.6940658945086008e-22,2.6041666666666657e-07,0.1825741858350552,1.0,True,1.0
ablation,ablation,opaque_dependency_l6,training,learning_auc,full_aassr,axis_depth=6,30,0.35566116391529096,0.33526763381690844,0.020393530098382528,-0.01917625479406369,0.06043855260963815,0.18024074775831903,0.3373331333433328,True,1.0
ablation,ablation,opaque_dependency_l6,training,final_tail_success,full_aassr,axis_depth=6,30,0.534,0.4995,0.0345,-0.02700000000000001,0.09383333333333335,0.20174504821419467,0.27713614319284036,True,1.0
ablation,ablation,opaque_dependency_l6,training,first_success_real_transitions,full_aassr,axis_depth=6,30,332.6,282.2,50.4,-13.6,129.2,0.24167870256880067,0.21978901054947253,True,1.0
ablation,ablation,opaque_dependency_l6,training,success,full_aassr,contextual_policy,30,0.35561666666666664,0.4769333333333333,-0.12131666666666668,-0.16171666666666668,-0.07990000000000003,-1.0445389256309747,4.999750012499375e-05,True,0.0029498525073746312
ablation,ablation,opaque_dependency_l6,training,steps,full_aassr,contextual_policy,30,6.0,6.0,0.0,0.0,0.0,0.0,1.0,True,1.0
ablation,ablation,opaque_dependency_l6,training,high_level_steps,full_aassr,contextual_policy,30,6.0,6.0,0.0,0.0,0.0,0.0,1.0,True,1.0
ablation,ablation,opaque_dependency_l6,training,primitive_steps,full_aassr,contextual_policy,30,6.0,6.0,0.0,0.0,0.0,0.0,1.0,True,1.0
ablation,ablation,opaque_dependency_l6,training,reward,full_aassr,contextual_policy,30,0.35561666666666664,0.4769333333333333,-0.12131666666666668,-0.1617666666666667,-0.07946666666666666,-1.0445389256309747,4.999750012499375e-05,True,0.0020998950052497373
ablation,ablation,opaque_dependency_l6,training,errors,full_aassr,contextual_policy,30,0.0,0.0,0.0,0.0,0.0,0.0,1.0,True,1.0
ablation,ablation,opaque_dependency_l6,training,repeats,full_aassr,contextual_policy,30,0.0,0.0,0.0,0.0,0.0,0.0,1.0,True,1.0
ablation,ablation,opaque_dependency_l6,training,prediction_score,full_aassr,contextual_policy,30,0.9899861111111111,0.0,0.9899861111111111,0.9897805555555556,0.9901777777777777,1754.10794864689,4.999750012499375e-05,True,0.0029498525073746312
ablation,ablation,opaque_dependency_l6,training,holdout_score,full_aassr,contextual_policy,30,0.12353812622633432,0.0,0.12353812622633432,0.12345414275761647,0.12361779536616059,546.4491271082488,4.999750012499375e-05,True,0.0020998950052497373
ablation,ablation,opaque_dependency_l6,training,holdout_gain,full_aassr,contextual_policy,30,6.4646491566515e-06,0.0,6.4646491566515e-06,4.826945994944715e-06,8.266067577555216e-06,1.3048076841310723,4.999750012499375e-05,True,0.0029498525073746312
ablation,ablation,opaque_dependency_l6,training,imagined_nodes,full_aassr,contextual_policy,30,186.4534,0.0,186.4534,185.98781666666667,186.92974999999998,137.57091182476503,4.999750012499375e-05,True,0.0020998950052497373
ablation,ablation,opaque_dependency_l6,training,imagination_depth,full_aassr,contextual_policy,30,5.444116666666667,0.0,5.444116666666667,5.4353,5.453166666666666,218.383998313907,4.999750012499375e-05,True,0.0020998950052497373
ablation,ablation,opaque_dependency_l6,training,actual_return,full_aassr,contextual_policy,30,0.35561666666666664,0.4769333333333333,-0.12131666666666668,-0.1615666666666667,-0.07933333333333334,-1.0445389256309747,4.999750012499375e-05,True,0.0020998950052497373
ablation,ablation,opaque_dependency_l6,training,runtime_seconds,full_aassr,contextual_policy,30,0.006656164208364498,0.00041700282496409875,0.0062391613834004,0.006127511973310417,0.0063452442683861595,20.186458814413623,4.999750012499375e-05,True,0.0020998950052497373
ablation,ablation,opaque_dependency_l6,training,real_transitions,full_aassr,contextual_policy,30,6.0,6.0,0.0,0.0,0.0,0.0,1.0,True,1.0
ablation,ablation,opaque_dependency_l6,training,imagined_transitions,full_aassr,contextual_policy,30,186.4534,0.0,186.4534,185.97755,186.94975000000002,137.57091182476503,4.999750012499375e-05,True,0.0020998950052497373
ablation,ablation,opaque_dependency_l6,training,action_proposals,full_aassr,contextual_policy,30,6.0,6.0,0.0,0.0,0.0,0.0,1.0,True,1.0
ablation,ablation,opaque_dependency_l6,training,repeat_rate,full_aassr,contextual_policy,30,0.0,0.0,0.0,0.0,0.0,0.0,1.0,True,1.0
ablation,ablation,opaque_dependency_l6,training,error_rate,full_aassr,contextual_policy,30,0.0,0.0,0.0,0.0,0.0,0.0,1.0,True,1.0
ablation,ablation,opaque_dependency_l6,training,learning_auc,full_aassr,contextual_policy,30,0.35566116391529096,0.47703851925962987,-0.12137735534433884,-0.16303985325996334,-0.08045689511422378,-1.0450464560855968,4.999750012499375e-05,True,0.0029498525073746312
ablation,ablation,opaque_dependency_l6,training,final_tail_success,full_aassr,contextual_policy,30,0.534,0.7568333333333332,-0.22283333333333333,-0.2833333333333333,-0.1605,-1.2540937947143507,4.999750012499375e-05,True,0.0029498525073746312
ablation,ablation,opaque_dependency_l6,training,first_success_real_transitions,full_aassr,contextual_policy,30,332.6,382.2,-49.6,-189.6,44.4,-0.1506219820717878,0.5550722463876806,True,1.0
ablation,ablation,opaque_dependency_l6,training,success,full_aassr,full_depth1_branch1_max,30,0.35561666666666664,0.33521666666666666,0.020400000000000005,-0.020066666666666667,0.05943333333333334,0.18030805185536178,0.3343832808359582,True,1.0
ablation,ablation,opaque_dependency_l6,training,steps,full_aassr,full_depth1_branch1_max,30,6.0,6.0,0.0,0.0,0.0,0.0,1.0,True,1.0
ablation,ablation,opaque_dependency_l6,training,high_level_steps,full_aassr,full_depth1_branch1_max,30,6.0,6.0,0.0,0.0,0.0,0.0,1.0,True,1.0
ablation,ablation,opaque_dependency_l6,training,primitive_steps,full_aassr,full_depth1_branch1_max,30,6.0,6.0,0.0,0.0,0.0,0.0,1.0,True,1.0
ablation,ablation,opaque_dependency_l6,training,reward,full_aassr,full_depth1_branch1_max,30,0.35561666666666664,0.33521666666666666,0.020400000000000005,-0.020199999999999996,0.05903333333333334,0.18030805185536178,0.3303834808259587,True,1.0
ablation,ablation,opaque_dependency_l6,training,errors,full_aassr,full_depth1_branch1_max,30,0.0,0.0,0.0,0.0,0.0,0.0,1.0,True,1.0
ablation,ablation,opaque_dependency_l6,training,repeats,full_aassr,full_depth1_branch1_max,30,0.0,0.0,0.0,0.0,0.0,0.0,1.0,True,1.0
ablation,ablation,opaque_dependency_l6,training,prediction_score,full_aassr,full_depth1_branch1_max,30,0.9899861111111111,0.9899944444444445,-8.333333333328714e-06,-2.2222222222234576e-05,5.555555555569747e-06,-0.20804706700518616,0.4471776411179441,True,1.0
ablation,ablation,opaque_dependency_l6,training,holdout_score,full_aassr,full_depth1_branch1_max,30,0.12353812622633432,0.12354595175287926,-7.825526544947189e-06,-1.9169899398352915e-05,2.8241792637384576e-06,-0.2534052561976765,0.17854107294635269,True,1.0
ablation,ablation,opaque_dependency_l6,training,holdout_gain,full_aassr,full_depth1_branch1_max,30,6.4646491566515e-06,6.3778436010959445e-06,8.680555555555553e-08,0.0,2.604166666666666e-07,0.18257418583505536,1.0,True,1.0
ablation,ablation,opaque_dependency_l6,training,imagined_nodes,full_aassr,full_depth1_branch1_max,30,186.4534,9.115633333333333,177.33776666666665,176.87916666666666,177.80193333333332,133.47524659408901,4.999750012499375e-05,True,0.0020998950052497373
ablation,ablation,opaque_dependency_l6,training,imagination_depth,full_aassr,full_depth1_branch1_max,30,5.444116666666667,0.9708666666666667,4.473249999999999,4.465116666666666,4.4817833333333335,190.0775425578264,4.999750012499375e-05,True,0.0020998950052497373
ablation,ablation,opaque_dependency_l6,training,actual_return,full_aassr,full_depth1_branch1_max,30,0.35561666666666664,0.33521666666666666,0.020400000000000005,-0.019249999999999996,0.05878333333333334,0.18030805185536178,0.33013349332533376,True,1.0
ablation,ablation,opaque_dependency_l6,training,runtime_seconds,full_aassr,full_depth1_branch1_max,30,0.006656164208364498,0.0015714897582865283,0.0050846744500779705,0.004973330066700389,0.005205038701706023,15.572727041173303,4.999750012499375e-05,True,0.0020998950052497373
ablation,ablation,opaque_dependency_l6,training,real_transitions,full_aassr,full_depth1_branch1_max,30,6.0,6.0,0.0,0.0,0.0,0.0,1.0,True,1.0
ablation,ablation,opaque_dependency_l6,training,imagined_transitions,full_aassr,full_depth1_branch1_max,30,186.4534,9.115633333333333,177.33776666666665,176.8686,177.80413333333334,133.47524659408901,4.999750012499375e-05,True,0.0020998950052497373
ablation,ablation,opaque_dependency_l6,training,action_proposals,full_aassr,full_depth1_branch1_max,30,6.0,6.0,0.0,0.0,0.0,0.0,1.0,True,1.0
ablation,ablation,opaque_dependency_l6,training,repeat_rate,full_aassr,full_depth1_branch1_max,30,0.0,0.0,0.0,0.0,0.0,0.0,1.0,True,1.0
ablation,ablation,opaque_dependency_l6,training,error_rate,full_aassr,full_depth1_branch1_max,30,0.0,0.0,0.0,0.0,0.0,0.0,1.0,True,1.0
ablation,ablation,opaque_dependency_l6,training,learning_auc,full_aassr,full_depth1_branch1_max,30,0.35566116391529096,0.33526763381690844,0.020393530098382528,-0.01915124228781057,0.05892112723028182,0.18024074775831903,0.33153342332883357,True,1.0
ablation,ablation,opaque_dependency_l6,training,final_tail_success,full_aassr,full_depth1_branch1_max,30,0.534,0.4995,0.0345,-0.02650000000000001,0.09483333333333334,0.20174504821419467,0.27328633568321586,True,1.0
ablation,ablation,opaque_dependency_l6,training,first_success_real_transitions,full_aassr,full_depth1_branch1_max,30,332.6,282.2,50.4,-13.6,131.4,0.24167870256880067,0.22108894555272238,True,1.0
ablation,ablation,opaque_dependency_l6,training,success,full_aassr,full_depth1_branch1_mean,30,0.35561666666666664,0.33521666666666666,0.020400000000000005,-0.020433333333333324,0.05856666666666667,0.18030805185536178,0.33023348832558375,True,1.0
ablation,ablation,opaque_dependency_l6,training,steps,full_aassr,full_depth1_branch1_mean,30,6.0,6.0,0.0,0.0,0.0,0.0,1.0,True,1.0
ablation,ablation,opaque_dependency_l6,training,high_level_steps,full_aassr,full_depth1_branch1_mean,30,6.0,6.0,0.0,0.0,0.0,0.0,1.0,True,1.0
ablation,ablation,opaque_dependency_l6,training,primitive_steps,full_aassr,full_depth1_branch1_mean,30,6.0,6.0,0.0,0.0,0.0,0.0,1.0,True,1.0
ablation,ablation,opaque_dependency_l6,training,reward,full_aassr,full_depth1_branch1_mean,30,0.35561666666666664,0.33521666666666666,0.020400000000000005,-0.019283333333333333,0.058933333333333324,0.18030805185536178,0.3321833908304585,True,1.0
ablation,ablation,opaque_dependency_l6,training,errors,full_aassr,full_depth1_branch1_mean,30,0.0,0.0,0.0,0.0,0.0,0.0,1.0,True,1.0
ablation,ablation,opaque_dependency_l6,training,repeats,full_aassr,full_depth1_branch1_mean,30,0.0,0.0,0.0,0.0,0.0,0.0,1.0,True,1.0
ablation,ablation,opaque_dependency_l6,training,prediction_score,full_aassr,full_depth1_branch1_mean,30,0.9899861111111111,0.9899944444444445,-8.333333333328714e-06,-2.2222222222230877e-05,5.555555555569747e-06,-0.20804706700518616,0.45147742612869357,True,1.0
ablation,ablation,opaque_dependency_l6,training,holdout_score,full_aassr,full_depth1_branch1_mean,30,0.12353812622633432,0.12354595175287926,-7.825526544947189e-06,-1.9147661389248837e-05,2.1659588077889886e-06,-0.2534052561976765,0.18034098295085246,True,1.0
ablation,ablation,opaque_dependency_l6,training,holdout_gain,full_aassr,full_depth1_branch1_mean,30,6.4646491566515e-06,6.3778436010959445e-06,8.680555555555553e-08,0.0,2.604166666666666e-07,0.18257418583505536,1.0,True,1.0
ablation,ablation,opaque_dependency_l6,training,imagined_nodes,full_aassr,full_depth1_branch1_mean,30,186.4534,9.115633333333333,177.33776666666665,176.88241666666667,177.80653333333333,133.47524659408901,4.999750012499375e-05,True,0.0020998950052497373
ablation,ablation,opaque_dependency_l6,training,imagination_depth,full_aassr,full_depth1_branch1_mean,30,5.444116666666667,0.9708666666666667,4.473249999999999,4.4651000000000005,4.4817,190.0775425578264,4.999750012499375e-05,True,0.0020998950052497373
ablation,ablation,opaque_dependency_l6,training,actual_return,full_aassr,full_depth1_branch1_mean,30,0.35561666666666664,0.33521666666666666,0.020400000000000005,-0.020149999999999994,0.060183333333333346,0.18030805185536178,0.33078346082695864,True,1.0
ablation,ablation,opaque_dependency_l6,training,runtime_seconds,full_aassr,full_depth1_branch1_mean,30,0.006656164208364498,0.001577976086680428,0.005078188121684071,0.004970727744955608,0.005189209156697809,16.450249700781836,4.999750012499375e-05,True,0.0020998950052497373
ablation,ablation,opaque_dependency_l6,training,real_transitions,full_aassr,full_depth1_branch1_mean,30,6.0,6.0,0.0,0.0,0.0,0.0,1.0,True,1.0
ablation,ablation,opaque_dependency_l6,training,imagined_transitions,full_aassr,full_depth1_branch1_mean,30,186.4534,9.115633333333333,177.33776666666665,176.87876666666668,177.80021666666664,133.47524659408901,4.999750012499375e-05,True,0.0020998950052497373
ablation,ablation,opaque_dependency_l6,training,action_proposals,full_aassr,full_depth1_branch1_mean,30,6.0,6.0,0.0,0.0,0.0,0.0,1.0,True,1.0
ablation,ablation,opaque_dependency_l6,training,repeat_rate,full_aassr,full_depth1_branch1_mean,30,0.0,0.0,0.0,0.0,0.0,0.0,1.0,True,1.0
ablation,ablation,opaque_dependency_l6,training,error_rate,full_aassr,full_depth1_branch1_mean,30,0.0,0.0,0.0,0.0,0.0,0.0,1.0,True,1.0
ablation,ablation,opaque_dependency_l6,training,learning_auc,full_aassr,full_depth1_branch1_mean,30,0.35566116391529096,0.33526763381690844,0.020393530098382528,-0.01964315491078872,0.05884608971152243,0.18024074775831903,0.3349832508374581,True,1.0
ablation,ablation,opaque_dependency_l6,training,final_tail_success,full_aassr,full_depth1_branch1_mean,30,0.534,0.4995,0.0345,-0.022500000000000003,0.09283333333333334,0.20174504821419467,0.27068646567671617,True,1.0
ablation,ablation,opaque_dependency_l6,training,first_success_real_transitions,full_aassr,full_depth1_branch1_mean,30,332.6,282.2,50.4,-13.4,133.8,0.24167870256880067,0.21338933053347334,True,1.0
ablation,ablation,opaque_dependency_l6,training,success,full_aassr,full_depth1_branch1_risk-adjusted,30,0.35561666666666664,0.33521666666666666,0.020400000000000005,-0.01976666666666666,0.06101666666666667,0.18030805185536178,0.32763361831908405,True,1.0
ablation,ablation,opaque_dependency_l6,training,steps,full_aassr,full_depth1_branch1_risk-adjusted,30,6.0,6.0,0.0,0.0,0.0,0.0,1.0,True,1.0
ablation,ablation,opaque_dependency_l6,training,high_level_steps,full_aassr,full_depth1_branch1_risk-adjusted,30,6.0,6.0,0.0,0.0,0.0,0.0,1.0,True,1.0
ablation,ablation,opaque_dependency_l6,training,primitive_steps,full_aassr,full_depth1_branch1_risk-adjusted,30,6.0,6.0,0.0,0.0,0.0,0.0,1.0,True,1.0
ablation,ablation,opaque_dependency_l6,training,reward,full_aassr,full_depth1_branch1_risk-adjusted,30,0.35561666666666664,0.33521666666666666,0.020400000000000005,-0.02016666666666666,0.058666666666666666,0.18030805185536178,0.3312334383280836,True,1.0
ablation,ablation,opaque_dependency_l6,training,errors,full_aassr,full_depth1_branch1_risk-adjusted,30,0.0,0.0,0.0,0.0,0.0,0.0,1.0,True,1.0
ablation,ablation,opaque_dependency_l6,training,repeats,full_aassr,full_depth1_branch1_risk-adjusted,30,0.0,0.0,0.0,0.0,0.0,0.0,1.0,True,1.0
ablation,ablation,opaque_dependency_l6,training,prediction_score,full_aassr,full_depth1_branch1_risk-adjusted,30,0.9899861111111111,0.9899944444444445,-8.333333333328714e-06,-2.2222222222230877e-05,5.555555555569747e-06,-0.20804706700518616,0.4550772461376931,True,1.0
ablation,ablation,opaque_dependency_l6,training,holdout_score,full_aassr,full_depth1_branch1_risk-adjusted,30,0.12353812622633432,0.12354595175287926,-7.825526544947189e-06,-1.8894636297388245e-05,2.603606494063863e-06,-0.2534052561976765,0.18049097545122744,True,1.0
ablation,ablation,opaque_dependency_l6,training,holdout_gain,full_aassr,full_depth1_branch1_risk-adjusted,30,6.4646491566515e-06,6.3778436010959445e-06,8.680555555555553e-08,0.0,2.604166666666666e-07,0.18257418583505536,1.0,True,1.0
ablation,ablation,opaque_dependency_l6,training,imagined_nodes,full_aassr,full_depth1_branch1_risk-adjusted,30,186.4534,9.115633333333333,177.33776666666665,176.87418333333332,177.82065,133.47524659408901,4.999750012499375e-05,True,0.0020998950052497373
ablation,ablation,opaque_dependency_l6,training,imagination_depth,full_aassr,full_depth1_branch1_risk-adjusted,30,5.444116666666667,0.9708666666666667,4.473249999999999,4.465083333333333,4.481633333333334,190.0775425578264,4.999750012499375e-05,True,0.0020998950052497373
ablation,ablation,opaque_dependency_l6,training,actual_return,full_aassr,full_depth1_branch1_risk-adjusted,30,0.35561666666666664,0.33521666666666666,0.020400000000000005,-0.019433333333333327,0.05943333333333334,0.18030805185536178,0.3273336333183341,True,1.0
ablation,ablation,opaque_dependency_l6,training,runtime_seconds,full_aassr,full_depth1_branch1_risk-adjusted,30,0.006656164208364498,0.0015779825333879368,0.005078181674976562,0.004977913866605861,0.005182525143163609,17.00094076119209,4.999750012499375e-05,True,0.0020998950052497373
ablation,ablation,opaque_dependency_l6,training,real_transitions,full_aassr,full_depth1_branch1_risk-adjusted,30,6.0,6.0,0.0,0.0,0.0,0.0,1.0,True,1.0
ablation,ablation,opaque_dependency_l6,training,imagined_transitions,full_aassr,full_depth1_branch1_risk-adjusted,30,186.4534,9.115633333333333,177.33776666666665,176.87205,177.79211666666666,133.47524659408901,4.999750012499375e-05,True,0.0020998950052497373
ablation,ablation,opaque_dependency_l6,training,action_proposals,full_aassr,full_depth1_branch1_risk-adjusted,30,6.0,6.0,0.0,0.0,0.0,0.0,1.0,True,1.0
ablation,ablation,opaque_dependency_l6,training,repeat_rate,full_aassr,full_depth1_branch1_risk-adjusted,30,0.0,0.0,0.0,0.0,0.0,0.0,1.0,True,1.0
ablation,ablation,opaque_dependency_l6,training,error_rate,full_aassr,full_depth1_branch1_risk-adjusted,30,0.0,0.0,0.0,0.0,0.0,0.0,1.0,True,1.0
ablation,ablation,opaque_dependency_l6,training,learning_auc,full_aassr,full_depth1_branch1_risk-adjusted,30,0.35566116391529096,0.33526763381690844,0.020393530098382528,-0.019459729864932464,0.05891278972819744,0.18024074775831903,0.32688365581720913,True,1.0
ablation,ablation,opaque_dependency_l6,training,final_tail_success,full_aassr,full_depth1_branch1_risk-adjusted,30,0.534,0.4995,0.0345,-0.025333333333333333,0.0955,0.20174504821419467,0.2727363631818409,True,1.0
ablation,ablation,opaque_dependency_l6,training,first_success_real_transitions,full_aassr,full_depth1_branch1_risk-adjusted,30,332.6,282.2,50.4,-13.8,133.4,0.24167870256880067,0.21888905554722263,True,1.0
ablation,ablation,opaque_dependency_l6,training,success,full_aassr,full_depth1_branch2_max,30,0.35561666666666664,0.33521666666666666,0.020400000000000005,-0.01868333333333333,0.05946666666666667,0.18030805185536178,0.3325333733313334,True,1.0
ablation,ablation,opaque_dependency_l6,training,steps,full_aassr,full_depth1_branch2_max,30,6.0,6.0,0.0,0.0,0.0,0.0,1.0,True,1.0
ablation,ablation,opaque_dependency_l6,training,high_level_steps,full_aassr,full_depth1_branch2_max,30,6.0,6.0,0.0,0.0,0.0,0.0,1.0,True,1.0
ablation,ablation,opaque_dependency_l6,training,primitive_steps,full_aassr,full_depth1_branch2_max,30,6.0,6.0,0.0,0.0,0.0,0.0,1.0,True,1.0
ablation,ablation,opaque_dependency_l6,training,reward,full_aassr,full_depth1_branch2_max,30,0.35561666666666664,0.33521666666666666,0.020400000000000005,-0.020083333333333328,0.05936666666666667,0.18030805185536178,0.3327333633318334,True,1.0
ablation,ablation,opaque_dependency_l6,training,errors,full_aassr,full_depth1_branch2_max,30,0.0,0.0,0.0,0.0,0.0,0.0,1.0,True,1.0
ablation,ablation,opaque_dependency_l6,training,repeats,full_aassr,full_depth1_branch2_max,30,0.0,0.0,0.0,0.0,0.0,0.0,1.0,True,1.0
ablation,ablation,opaque_dependency_l6,training,prediction_score,full_aassr,full_depth1_branch2_max,30,0.9899861111111111,0.9899944444444445,-8.333333333328714e-06,-2.2222222222230877e-05,5.555555555573448e-06,-0.20804706700518616,0.4493775311234438,True,1.0
ablation,ablation,opaque_dependency_l6,training,holdout_score,full_aassr,full_depth1_branch2_max,30,0.12353812622633432,0.12354595175287926,-7.825526544947189e-06,-1.907247822595428e-05,2.665412803191473e-06,-0.2534052561976765,0.1799910004499775,True,1.0
ablation,ablation,opaque_dependency_l6,training,holdout_gain,full_aassr,full_depth1_branch2_max,30,6.4646491566515e-06,6.3778436010959445e-06,8.680555555555553e-08,0.0,2.604166666666666e-07,0.18257418583505536,1.0,True,1.0
ablation,ablation,opaque_dependency_l6,training,imagined_nodes,full_aassr,full_depth1_branch2_max,30,186.4534,13.67345,172.77995,172.33538333333334,173.23631666666668,131.34018908587763,4.999750012499375e-05,True,0.0020998950052497373
ablation,ablation,opaque_dependency_l6,training,imagination_depth,full_aassr,full_depth1_branch2_max,30,5.444116666666667,0.9708666666666667,4.473249999999999,4.46525,4.4814,190.0775425578264,4.999750012499375e-05,True,0.0020998950052497373
ablation,ablation,opaque_dependency_l6,training,actual_return,full_aassr,full_depth1_branch2_max,30,0.35561666666666664,0.33521666666666666,0.020400000000000005,-0.019316666666666663,0.0604,0.18030805185536178,0.33103344832758363,True,1.0
ablation,ablation,opaque_dependency_l6,training,runtime_seconds,full_aassr,full_depth1_branch2_max,30,0.006656164208364498,0.0017166432933309504,0.004939520915033548,0.004823842198382772,0.005050626096675114,15.458502130187647,4.999750012499375e-05,True,0.0020998950052497373
ablation,ablation,opaque_dependency_l6,training,real_transitions,full_aassr,full_depth1_branch2_max,30,6.0,6.0,0.0,0.0,0.0,0.0,1.0,True,1.0
ablation,ablation,opaque_dependency_l6,training,imagined_transitions,full_aassr,full_depth1_branch2_max,30,186.4534,13.67345,172.77995,172.32215,173.25993333333332,131.34018908587763,4.999750012499375e-05,True,0.0020998950052497373
ablation,ablation,opaque_dependency_l6,training,action_proposals,full_aassr,full_depth1_branch2_max,30,6.0,6.0,0.0,0.0,0.0,0.0,1.0,True,1.0
ablation,ablation,opaque_dependency_l6,training,repeat_rate,full_aassr,full_depth1_branch2_max,30,0.0,0.0,0.0,0.0,0.0,0.0,1.0,True,1.0
ablation,ablation,opaque_dependency_l6,training,error_rate,full_aassr,full_depth1_branch2_max,30,0.0,0.0,0.0,0.0,0.0,0.0,1.0,True,1.0
ablation,ablation,opaque_dependency_l6,training,learning_auc,full_aassr,full_depth1_branch2_max,30,0.35566116391529096,0.33526763381690844,0.020393530098382528,-0.01990161747540437,0.05977155244288812,0.18024074775831903,0.3317834108294585,True,1.0
ablation,ablation,opaque_dependency_l6,training,final_tail_success,full_aassr,full_depth1_branch2_max,30,0.534,0.4995,0.0345,-0.025833333333333337,0.09233333333333334,0.20174504821419467,0.2735863206839658,True,1.0
ablation,ablation,opaque_dependency_l6,training,first_success_real_transitions,full_aassr,full_depth1_branch2_max,30,332.6,282.2,50.4,-13.8,131.0,0.24167870256880067,0.2222888855557222,True,1.0
ablation,ablation,opaque_dependency_l6,training,success,full_aassr,full_depth1_branch2_mean,30,0.35561666666666664,0.33521666666666666,0.020400000000000005,-0.020316666666666663,0.05963333333333334,0.18030805185536178,0.33423328833558325,True,1.0
ablation,ablation,opaque_dependency_l6,training,steps,full_aassr,full_depth1_branch2_mean,30,6.0,6.0,0.0,0.0,0.0,0.0,1.0,True,1.0
ablation,ablation,opaque_dependency_l6,training,high_level_steps,full_aassr,full_depth1_branch2_mean,30,6.0,6.0,0.0,0.0,0.0,0.0,1.0,True,1.0
ablation,ablation,opaque_dependency_l6,training,primitive_steps,full_aassr,full_depth1_branch2_mean,30,6.0,6.0,0.0,0.0,0.0,0.0,1.0,True,1.0
ablation,ablation,opaque_dependency_l6,training,reward,full_aassr,full_depth1_branch2_mean,30,0.35561666666666664,0.33521666666666666,0.020400000000000005,-0.020183333333333327,0.0588,0.18030805185536178,0.3249837508124594,True,1.0
ablation,ablation,opaque_dependency_l6,training,errors,full_aassr,full_depth1_branch2_mean,30,0.0,0.0,0.0,0.0,0.0,0.0,1.0,True,1.0
ablation,ablation,opaque_dependency_l6,training,repeats,full_aassr,full_depth1_branch2_mean,30,0.0,0.0,0.0,0.0,0.0,0.0,1.0,True,1.0
ablation,ablation,opaque_dependency_l6,training,prediction_score,full_aassr,full_depth1_branch2_mean,30,0.9899861111111111,0.9899944444444445,-8.333333333328714e-06,-2.2222222222223477e-05,5.555555555569747e-06,-0.20804706700518616,0.456227188640568,True,1.0
ablation,ablation,opaque_dependency_l6,training,holdout_score,full_aassr,full_depth1_branch2_mean,30,0.12353812622633432,0.12354595175287926,-7.825526544947189e-06,-1.9181057529169452e-05,2.597517883201154e-06,-0.2534052561976765,0.1823408829558522,True,1.0
ablation,ablation,opaque_dependency_l6,training,holdout_gain,full_aassr,full_depth1_branch2_mean,30,6.4646491566515e-06,6.3778436010959445e-06,8.680555555555553e-08,0.0,2.604166666666666e-07,0.18257418583505536,1.0,True,1.0
ablation,ablation,opaque_dependency_l6,training,imagined_nodes,full_aassr,full_depth1_branch2_mean,30,186.4534,13.67345,172.77995,172.32616666666667,173.22535000000002,131.34018908587763,4.999750012499375e-05,True,0.0020998950052497373
ablation,ablation,opaque_dependency_l6,training,imagination_depth,full_aassr,full_depth1_branch2_mean,30,5.444116666666667,0.9708666666666667,4.473249999999999,4.464783333333333,4.48155,190.0775425578264,4.999750012499375e-05,True,0.0020998950052497373
ablation,ablation,opaque_dependency_l6,training,actual_return,full_aassr,full_depth1_branch2_mean,30,0.35561666666666664,0.33521666666666666,0.020400000000000005,-0.01973333333333333,0.06028333333333334,0.18030805185536178,0.33303334833258336,True,1.0
ablation,ablation,opaque_dependency_l6,training,runtime_seconds,full_aassr,full_depth1_branch2_mean,30,0.006656164208364498,0.001722226143377581,0.0049339380649869174,0.00482526660013585,0.005038412920055271,16.280649622048937,4.999750012499375e-05,True,0.0020998950052497373
ablation,ablation,opaque_dependency_l6,training,real_transitions,full_aassr,full_depth1_branch2_mean,30,6.0,6.0,0.0,0.0,0.0,0.0,1.0,True,1.0
ablation,ablation,opaque_dependency_l6,training,imagined_transitions,full_aassr,full_depth1_branch2_mean,30,186.4534,13.67345,172.77995,172.32021666666665,173.24006666666668,131.34018908587763,4.999750012499375e-05,True,0.0020998950052497373
ablation,ablation,opaque_dependency_l6,training,action_proposals,full_aassr,full_depth1_branch2_mean,30,6.0,6.0,0.0,0.0,0.0,0.0,1.0,True,1.0
ablation,ablation,opaque_dependency_l6,training,repeat_rate,full_aassr,full_depth1_branch2_mean,30,0.0,0.0,0.0,0.0,0.0,0.0,1.0,True,1.0
ablation,ablation,opaque_dependency_l6,training,error_rate,full_aassr,full_depth1_branch2_mean,30,0.0,0.0,0.0,0.0,0.0,0.0,1.0,True,1.0
ablation,ablation,opaque_dependency_l6,training,learning_auc,full_aassr,full_depth1_branch2_mean,30,0.35566116391529096,0.33526763381690844,0.020393530098382528,-0.020268467567116887,0.060096715024178765,0.18024074775831903,0.33413329333533326,True,1.0
ablation,ablation,opaque_dependency_l6,training,final_tail_success,full_aassr,full_depth1_branch2_mean,30,0.534,0.4995,0.0345,-0.028166666666666666,0.095,0.20174504821419467,0.271936403179841,True,1.0
ablation,ablation,opaque_dependency_l6,training,first_success_real_transitions,full_aassr,full_depth1_branch2_mean,30,332.6,282.2,50.4,-13.4,129.8,0.24167870256880067,0.22113894305284737,True,1.0
ablation,ablation,opaque_dependency_l6,training,success,full_aassr,full_depth1_branch2_risk-adjusted,30,0.35561666666666664,0.33521666666666666,0.020400000000000005,-0.021649999999999992,0.059933333333333345,0.18030805185536178,0.33033348332583373,True,1.0
ablation,ablation,opaque_dependency_l6,training,steps,full_aassr,full_depth1_branch2_risk-adjusted,30,6.0,6.0,0.0,0.0,0.0,0.0,1.0,True,1.0
ablation,ablation,opaque_dependency_l6,training,high_level_steps,full_aassr,full_depth1_branch2_risk-adjusted,30,6.0,6.0,0.0,0.0,0.0,0.0,1.0,True,1.0
ablation,ablation,opaque_dependency_l6,training,primitive_steps,full_aassr,full_depth1_branch2_risk-adjusted,30,6.0,6.0,0.0,0.0,0.0,0.0,1.0,True,1.0
ablation,ablation,opaque_dependency_l6,training,reward,full_aassr,full_depth1_branch2_risk-adjusted,30,0.35561666666666664,0.33521666666666666,0.020400000000000005,-0.020166666666666663,0.05966666666666667,0.18030805185536178,0.32823358832058397,True,1.0
ablation,ablation,opaque_dependency_l6,training,errors,full_aassr,full_depth1_branch2_risk-adjusted,30,0.0,0.0,0.0,0.0,0.0,0.0,1.0,True,1.0
ablation,ablation,opaque_dependency_l6,training,repeats,full_aassr,full_depth1_branch2_risk-adjusted,30,0.0,0.0,0.0,0.0,0.0,0.0,1.0,True,1.0
ablation,ablation,opaque_dependency_l6,training,prediction_score,full_aassr,full_depth1_branch2_risk-adjusted,30,0.9899861111111111,0.9899944444444445,-8.333333333328714e-06,-2.222222222224198e-05,5.555555555569747e-06,-0.20804706700518616,0.4589270536473176,True,1.0
ablation,ablation,opaque_dependency_l6,training,holdout_score,full_aassr,full_depth1_branch2_risk-adjusted,30,0.12353812622633432,0.12354595175287926,-7.825526544947189e-06,-1.9296461855053865e-05,2.8693566845978494e-06,-0.2534052561976765,0.1817909104544773,True,1.0
ablation,ablation,opaque_dependency_l6,training,holdout_gain,full_aassr,full_depth1_branch2_risk-adjusted,30,6.4646491566515e-06,6.3778436010959445e-06,8.680555555555553e-08,0.0,2.604166666666666e-07,0.18257418583505536,1.0,True,1.0
ablation,ablation,opaque_dependency_l6,training,imagined_nodes,full_aassr,full_depth1_branch2_risk-adjusted,30,186.4534,13.67345,172.77995,172.31968333333333,173.2428,131.34018908587763,4.999750012499375e-05,True,0.0020998950052497373
ablation,ablation,opaque_dependency_l6,training,imagination_depth,full_aassr,full_depth1_branch2_risk-adjusted,30,5.444116666666667,0.9708666666666667,4.473249999999999,4.465199999999999,4.4815,190.0775425578264,4.999750012499375e-05,True,0.0020998950052497373
ablation,ablation,opaque_dependency_l6,training,actual_return,full_aassr,full_depth1_branch2_risk-adjusted,30,0.35561666666666664,0.33521666666666666,0.020400000000000005,-0.018949999999999998,0.058383333333333336,0.18030805185536178,0.335883205839708,True,1.0
ablation,ablation,opaque_dependency_l6,training,runtime_seconds,full_aassr,full_depth1_branch2_risk-adjusted,30,0.006656164208364498,0.0017293197033373872,0.004926844505027112,0.004820125190052204,0.005036559158356976,15.787028153858763,4.999750012499375e-05,True,0.0020998950052497373
ablation,ablation,opaque_dependency_l6,training,real_transitions,full_aassr,full_depth1_branch2_risk-adjusted,30,6.0,6.0,0.0,0.0,0.0,0.0,1.0,True,1.0
ablation,ablation,opaque_dependency_l6,training,imagined_transitions,full_aassr,full_depth1_branch2_risk-adjusted,30,186.4534,13.67345,172.77995,172.3225833333333,173.25373333333334,131.34018908587763,4.999750012499375e-05,True,0.0020998950052497373
ablation,ablation,opaque_dependency_l6,training,action_proposals,full_aassr,full_depth1_branch2_risk-adjusted,30,6.0,6.0,0.0,0.0,0.0,0.0,1.0,True,1.0
ablation,ablation,opaque_dependency_l6,training,repeat_rate,full_aassr,full_depth1_branch2_risk-adjusted,30,0.0,0.0,0.0,0.0,0.0,0.0,1.0,True,1.0
ablation,ablation,opaque_dependency_l6,training,error_rate,full_aassr,full_depth1_branch2_risk-adjusted,30,0.0,0.0,0.0,0.0,0.0,0.0,1.0,True,1.0
ablation,ablation,opaque_dependency_l6,training,learning_auc,full_aassr,full_depth1_branch2_risk-adjusted,30,0.35566116391529096,0.33526763381690844,0.020393530098382528,-0.018267467066866765,0.060130065032516264,0.18024074775831903,0.3353332333383331,True,1.0
ablation,ablation,opaque_dependency_l6,training,final_tail_success,full_aassr,full_depth1_branch2_risk-adjusted,30,0.534,0.4995,0.0345,-0.028,0.0925,0.20174504821419467,0.2784860756962152,True,1.0
ablation,ablation,opaque_dependency_l6,training,first_success_real_transitions,full_aassr,full_depth1_branch2_risk-adjusted,30,332.6,282.2,50.4,-13.8,129.0,0.24167870256880067,0.21688915554222288,True,1.0
ablation,ablation,opaque_dependency_l6,training,success,full_aassr,full_depth1_branch4_max,30,0.35561666666666664,0.33521666666666666,0.020400000000000005,-0.02021666666666666,0.05910000000000001,0.18030805185536178,0.32858357082145895,True,1.0
ablation,ablation,opaque_dependency_l6,training,steps,full_aassr,full_depth1_branch4_max,30,6.0,6.0,0.0,0.0,0.0,0.0,1.0,True,1.0
ablation,ablation,opaque_dependency_l6,training,high_level_steps,full_aassr,full_depth1_branch4_max,30,6.0,6.0,0.0,0.0,0.0,0.0,1.0,True,1.0
ablation,ablation,opaque_dependency_l6,training,primitive_steps,full_aassr,full_depth1_branch4_max,30,6.0,6.0,0.0,0.0,0.0,0.0,1.0,True,1.0
ablation,ablation,opaque_dependency_l6,training,reward,full_aassr,full_depth1_branch4_max,30,0.35561666666666664,0.33521666666666666,0.020400000000000005,-0.02013333333333333,0.06003333333333334,0.18030805185536178,0.3340332983350833,True,1.0
ablation,ablation,opaque_dependency_l6,training,errors,full_aassr,full_depth1_branch4_max,30,0.0,0.0,0.0,0.0,0.0,0.0,1.0,True,1.0
ablation,ablation,opaque_dependency_l6,training,repeats,full_aassr,full_depth1_branch4_max,30,0.0,0.0,0.0,0.0,0.0,0.0,1.0,True,1.0
ablation,ablation,opaque_dependency_l6,training,prediction_score,full_aassr,full_depth1_branch4_max,30,0.9899861111111111,0.9899944444444445,-8.333333333328714e-06,-2.2222222222234576e-05,5.555555555569747e-06,-0.20804706700518616,0.45307734613269335,True,1.0
ablation,ablation,opaque_dependency_l6,training,holdout_score,full_aassr,full_depth1_branch4_max,30,0.12353812622633432,0.12354595175287926,-7.825526544947189e-06,-1.9014584670779915e-05,2.5765723949559377e-06,-0.2534052561976765,0.17624118794060298,True,1.0
ablation,ablation,opaque_dependency_l6,training,holdout_gain,full_aassr,full_depth1_branch4_max,30,6.4646491566515e-06,6.3778436010959445e-06,8.680555555555553e-08,0.0,2.604166666666666e-07,0.18257418583505536,1.0,True,1.0
ablation,ablation,opaque_dependency_l6,training,imagined_nodes,full_aassr,full_depth1_branch4_max,30,186.4534,13.67345,172.77995,172.33513333333335,173.25131666666667,131.34018908587763,4.999750012499375e-05,True,0.0020998950052497373
ablation,ablation,opaque_dependency_l6,training,imagination_depth,full_aassr,full_depth1_branch4_max,30,5.444116666666667,0.9708666666666667,4.473249999999999,4.465283333333333,4.4815,190.0775425578264,4.999750012499375e-05,True,0.0020998950052497373
ablation,ablation,opaque_dependency_l6,training,actual_return,full_aassr,full_depth1_branch4_max,30,0.35561666666666664,0.33521666666666666,0.020400000000000005,-0.020466666666666664,0.05903333333333334,0.18030805185536178,0.33548322583870804,True,1.0
ablation,ablation,opaque_dependency_l6,training,runtime_seconds,full_aassr,full_depth1_branch4_max,30,0.006656164208364498,0.0017484206900427429,0.004907743518321755,0.004793928753262055,0.00501009567497628,15.876370350522901,4.999750012499375e-05,True,0.0020998950052497373
ablation,ablation,opaque_dependency_l6,training,real_transitions,full_aassr,full_depth1_branch4_max,30,6.0,6.0,0.0,0.0,0.0,0.0,1.0,True,1.0
ablation,ablation,opaque_dependency_l6,training,imagined_transitions,full_aassr,full_depth1_branch4_max,30,186.4534,13.67345,172.77995,172.32076666666666,173.24581666666666,131.34018908587763,4.999750012499375e-05,True,0.0020998950052497373
ablation,ablation,opaque_dependency_l6,training,action_proposals,full_aassr,full_depth1_branch4_max,30,6.0,6.0,0.0,0.0,0.0,0.0,1.0,True,1.0
ablation,ablation,opaque_dependency_l6,training,repeat_rate,full_aassr,full_depth1_branch4_max,30,0.0,0.0,0.0,0.0,0.0,0.0,1.0,True,1.0
ablation,ablation,opaque_dependency_l6,training,error_rate,full_aassr,full_depth1_branch4_max,30,0.0,0.0,0.0,0.0,0.0,0.0,1.0,True,1.0
ablation,ablation,opaque_dependency_l6,training,learning_auc,full_aassr,full_depth1_branch4_max,30,0.35566116391529096,0.33526763381690844,0.020393530098382528,-0.0192763048190762,0.058971152242788066,0.18024074775831903,0.33323333833308333,True,1.0
ablation,ablation,opaque_dependency_l6,training,final_tail_success,full_aassr,full_depth1_branch4_max,30,0.534,0.4995,0.0345,-0.02616666666666667,0.09233333333333335,0.20174504821419467,0.2784360781960902,True,1.0
ablation,ablation,opaque_dependency_l6,training,first_success_real_transitions,full_aassr,full_depth1_branch4_max,30,332.6,282.2,50.4,-13.8,133.6,0.24167870256880067,0.21498925053747311,True,1.0
ablation,ablation,opaque_dependency_l6,training,success,full_aassr,full_depth1_branch4_mean,30,0.35561666666666664,0.33521666666666666,0.020400000000000005,-0.018999999999999996,0.06038333333333333,0.18030805185536178,0.3304834758262087,True,1.0
ablation,ablation,opaque_dependency_l6,training,steps,full_aassr,full_depth1_branch4_mean,30,6.0,6.0,0.0,0.0,0.0,0.0,1.0,True,1.0
ablation,ablation,opaque_dependency_l6,training,high_level_steps,full_aassr,full_depth1_branch4_mean,30,6.0,6.0,0.0,0.0,0.0,0.0,1.0,True,1.0
ablation,ablation,opaque_dependency_l6,training,primitive_steps,full_aassr,full_depth1_branch4_mean,30,6.0,6.0,0.0,0.0,0.0,0.0,1.0,True,1.0
ablation,ablation,opaque_dependency_l6,training,reward,full_aassr,full_depth1_branch4_mean,30,0.35561666666666664,0.33521666666666666,0.020400000000000005,-0.02156666666666666,0.059550000000000006,0.18030805185536178,0.335683215839208,True,1.0
ablation,ablation,opaque_dependency_l6,training,errors,full_aassr,full_depth1_branch4_mean,30,0.0,0.0,0.0,0.0,0.0,0.0,1.0,True,1.0
ablation,ablation,opaque_dependency_l6,training,repeats,full_aassr,full_depth1_branch4_mean,30,0.0,0.0,0.0,0.0,0.0,0.0,1.0,True,1.0
ablation,ablation,opaque_dependency_l6,training,prediction_score,full_aassr,full_depth1_branch4_mean,30,0.9899861111111111,0.9899944444444445,-8.333333333328714e-06,-2.2222222222227177e-05,5.555555555569747e-06,-0.20804706700518616,0.4521773911304435,True,1.0
ablation,ablation,opaque_dependency_l6,training,holdout_score,full_aassr,full_depth1_branch4_mean,30,0.12353812622633432,0.12354595175287926,-7.825526544947189e-06,-1.922062983724567e-05,2.2218750704572354e-06,-0.2534052561976765,0.18609069546522675,True,1.0
ablation,ablation,opaque_dependency_l6,training,holdout_gain,full_aassr,full_depth1_branch4_mean,30,6.4646491566515e-06,6.3778436010959445e-06,8.680555555555553e-08,0.0,2.604166666666666e-07,0.18257418583505536,1.0,True,1.0
ablation,ablation,opaque_dependency_l6,training,imagined_nodes,full_aassr,full_depth1_branch4_mean,30,186.4534,13.67345,172.77995,172.33798333333334,173.25983333333335,131.34018908587763,4.999750012499375e-05,True,0.0020998950052497373
ablation,ablation,opaque_dependency_l6,training,imagination_depth,full_aassr,full_depth1_branch4_mean,30,5.444116666666667,0.9708666666666667,4.473249999999999,4.4653833333333335,4.481566666666667,190.0775425578264,4.999750012499375e-05,True,0.0020998950052497373
ablation,ablation,opaque_dependency_l6,training,actual_return,full_aassr,full_depth1_branch4_mean,30,0.35561666666666664,0.33521666666666666,0.020400000000000005,-0.01941666666666666,0.059083333333333335,0.18030805185536178,0.327783610819459,True,1.0
ablation,ablation,opaque_dependency_l6,training,runtime_seconds,full_aassr,full_depth1_branch4_mean,30,0.006656164208364498,0.0017200836883062343,0.0049360805200582645,0.004831625566761067,0.005038209213492033,16.692553880517103,4.999750012499375e-05,True,0.0020998950052497373
ablation,ablation,opaque_dependency_l6,training,real_transitions,full_aassr,full_depth1_branch4_mean,30,6.0,6.0,0.0,0.0,0.0,0.0,1.0,True,1.0
ablation,ablation,opaque_dependency_l6,training,imagined_transitions,full_aassr,full_depth1_branch4_mean,30,186.4534,13.67345,172.77995,172.31795,173.26503333333332,131.34018908587763,4.999750012499375e-05,True,0.0020998950052497373
ablation,ablation,opaque_dependency_l6,training,action_proposals,full_aassr,full_depth1_branch4_mean,30,6.0,6.0,0.0,0.0,0.0,0.0,1.0,True,1.0
ablation,ablation,opaque_dependency_l6,training,repeat_rate,full_aassr,full_depth1_branch4_mean,30,0.0,0.0,0.0,0.0,0.0,0.0,1.0,True,1.0
ablation,ablation,opaque_dependency_l6,training,error_rate,full_aassr,full_depth1_branch4_mean,30,0.0,0.0,0.0,0.0,0.0,0.0,1.0,True,1.0
ablation,ablation,opaque_dependency_l6,training,learning_auc,full_aassr,full_depth1_branch4_mean,30,0.35566116391529096,0.33526763381690844,0.020393530098382528,-0.02074370518592629,0.05967983991995999,0.18024074775831903,0.3320333983300835,True,1.0
ablation,ablation,opaque_dependency_l6,training,final_tail_success,full_aassr,full_depth1_branch4_mean,30,0.534,0.4995,0.0345,-0.024999999999999998,0.09200000000000001,0.20174504821419467,0.27383630818459076,True,1.0
ablation,ablation,opaque_dependency_l6,training,first_success_real_transitions,full_aassr,full_depth1_branch4_mean,30,332.6,282.2,50.4,-13.8,131.8,0.24167870256880067,0.21888905554722263,True,1.0
ablation,ablation,opaque_dependency_l6,training,success,full_aassr,full_depth1_branch4_risk-adjusted,30,0.35561666666666664,0.33521666666666666,0.020400000000000005,-0.02151666666666666,0.06063333333333334,0.18030805185536178,0.3272836358182091,True,1.0
ablation,ablation,opaque_dependency_l6,training,steps,full_aassr,full_depth1_branch4_risk-adjusted,30,6.0,6.0,0.0,0.0,0.0,0.0,1.0,True,1.0
ablation,ablation,opaque_dependency_l6,training,high_level_steps,full_aassr,full_depth1_branch4_risk-adjusted,30,6.0,6.0,0.0,0.0,0.0,0.0,1.0,True,1.0
ablation,ablation,opaque_dependency_l6,training,primitive_steps,full_aassr,full_depth1_branch4_risk-adjusted,30,6.0,6.0,0.0,0.0,0.0,0.0,1.0,True,1.0
ablation,ablation,opaque_dependency_l6,training,reward,full_aassr,full_depth1_branch4_risk-adjusted,30,0.35561666666666664,0.33521666666666666,0.020400000000000005,-0.020966666666666658,0.058983333333333346,0.18030805185536178,0.3272336383180841,True,1.0
ablation,ablation,opaque_dependency_l6,training,errors,full_aassr,full_depth1_branch4_risk-adjusted,30,0.0,0.0,0.0,0.0,0.0,0.0,1.0,True,1.0
ablation,ablation,opaque_dependency_l6,training,repeats,full_aassr,full_depth1_branch4_risk-adjusted,30,0.0,0.0,0.0,0.0,0.0,0.0,1.0,True,1.0
ablation,ablation,opaque_dependency_l6,training,prediction_score,full_aassr,full_depth1_branch4_risk-adjusted,30,0.9899861111111111,0.9899944444444445,-8.333333333328714e-06,-2.2222222222227177e-05,5.555555555569747e-06,-0.20804706700518616,0.45392730363481826,True,1.0
ablation,ablation,opaque_dependency_l6,training,holdout_score,full_aassr,full_depth1_branch4_risk-adjusted,30,0.12353812622633432,0.12354595175287926,-7.825526544947189e-06,-1.9092531449683055e-05,2.5571956381522282e-06,-0.2534052561976765,0.17854107294635269,True,1.0
ablation,ablation,opaque_dependency_l6,training,holdout_gain,full_aassr,full_depth1_branch4_risk-adjusted,30,6.4646491566515e-06,6.3778436010959445e-06,8.680555555555553e-08,0.0,2.604166666666666e-07,0.18257418583505536,1.0,True,1.0
ablation,ablation,opaque_dependency_l6,training,imagined_nodes,full_aassr,full_depth1_branch4_risk-adjusted,30,186.4534,13.67345,172.77995,172.32573333333332,173.24906666666666,131.34018908587763,4.999750012499375e-05,True,0.0020998950052497373
ablation,ablation,opaque_dependency_l6,training,imagination_depth,full_aassr,full_depth1_branch4_risk-adjusted,30,5.444116666666667,0.9708666666666667,4.473249999999999,4.465183333333333,4.481966666666667,190.0775425578264,4.999750012499375e-05,True,0.0020998950052497373
ablation,ablation,opaque_dependency_l6,training,actual_return,full_aassr,full_depth1_branch4_risk-adjusted,30,0.35561666666666664,0.33521666666666666,0.020400000000000005,-0.019349999999999992,0.060833333333333336,0.18030805185536178,0.33083345832708366,True,1.0
ablation,ablation,opaque_dependency_l6,training,runtime_seconds,full_aassr,full_depth1_branch4_risk-adjusted,30,0.006656164208364498,0.001759010536701438,0.004897153671663061,0.004794677721634314,0.004996671330131843,17.031748691811487,4.999750012499375e-05,True,0.0020998950052497373
ablation,ablation,opaque_dependency_l6,training,real_transitions,full_aassr,full_depth1_branch4_risk-adjusted,30,6.0,6.0,0.0,0.0,0.0,0.0,1.0,True,1.0
ablation,ablation,opaque_dependency_l6,training,imagined_transitions,full_aassr,full_depth1_branch4_risk-adjusted,30,186.4534,13.67345,172.77995,172.33791666666667,173.2351,131.34018908587763,4.999750012499375e-05,True,0.0020998950052497373
ablation,ablation,opaque_dependency_l6,training,action_proposals,full_aassr,full_depth1_branch4_risk-adjusted,30,6.0,6.0,0.0,0.0,0.0,0.0,1.0,True,1.0
ablation,ablation,opaque_dependency_l6,training,repeat_rate,full_aassr,full_depth1_branch4_risk-adjusted,30,0.0,0.0,0.0,0.0,0.0,0.0,1.0,True,1.0
ablation,ablation,opaque_dependency_l6,training,error_rate,full_aassr,full_depth1_branch4_risk-adjusted,30,0.0,0.0,0.0,0.0,0.0,0.0,1.0,True,1.0
ablation,ablation,opaque_dependency_l6,training,learning_auc,full_aassr,full_depth1_branch4_risk-adjusted,30,0.35566116391529096,0.33526763381690844,0.020393530098382528,-0.020968817742204434,0.05922961480740371,0.18024074775831903,0.328183590820459,True,1.0
ablation,ablation,opaque_dependency_l6,training,final_tail_success,full_aassr,full_depth1_branch4_risk-adjusted,30,0.534,0.4995,0.0345,-0.026000000000000002,0.0935,0.20174504821419467,0.27638618069096543,True,1.0
ablation,ablation,opaque_dependency_l6,training,first_success_real_transitions,full_aassr,full_depth1_branch4_risk-adjusted,30,332.6,282.2,50.4,-13.8,131.2,0.24167870256880067,0.22118894055297236,True,1.0
ablation,ablation,opaque_dependency_l6,training,success,full_aassr,full_depth2_branch1_max,30,0.35561666666666664,0.33521666666666666,0.020400000000000005,-0.01868333333333333,0.058216666666666674,0.18030805185536178,0.3336333183340833,True,1.0
ablation,ablation,opaque_dependency_l6,training,steps,full_aassr,full_depth2_branch1_max,30,6.0,6.0,0.0,0.0,0.0,0.0,1.0,True,1.0
ablation,ablation,opaque_dependency_l6,training,high_level_steps,full_aassr,full_depth2_branch1_max,30,6.0,6.0,0.0,0.0,0.0,0.0,1.0,True,1.0
ablation,ablation,opaque_dependency_l6,training,primitive_steps,full_aassr,full_depth2_branch1_max,30,6.0,6.0,0.0,0.0,0.0,0.0,1.0,True,1.0
ablation,ablation,opaque_dependency_l6,training,reward,full_aassr,full_depth2_branch1_max,30,0.35561666666666664,0.33521666666666666,0.020400000000000005,-0.020466666666666664,0.05910000000000001,0.18030805185536178,0.3303834808259587,True,1.0
ablation,ablation,opaque_dependency_l6,training,errors,full_aassr,full_depth2_branch1_max,30,0.0,0.0,0.0,0.0,0.0,0.0,1.0,True,1.0
ablation,ablation,opaque_dependency_l6,training,repeats,full_aassr,full_depth2_branch1_max,30,0.0,0.0,0.0,0.0,0.0,0.0,1.0,True,1.0
ablation,ablation,opaque_dependency_l6,training,prediction_score,full_aassr,full_depth2_branch1_max,30,0.9899861111111111,0.9899944444444445,-8.333333333328714e-06,-2.2222222222230877e-05,5.555555555569747e-06,-0.20804706700518616,0.4577771111444428,True,1.0
ablation,ablation,opaque_dependency_l6,training,holdout_score,full_aassr,full_depth2_branch1_max,30,0.12353812622633432,0.12354595175287926,-7.825526544947189e-06,-1.8591400488208547e-05,2.786543223010085e-06,-0.2534052561976765,0.17869106544672766,True,1.0
ablation,ablation,opaque_dependency_l6,training,holdout_gain,full_aassr,full_depth2_branch1_max,30,6.4646491566515e-06,6.3778436010959445e-06,8.680555555555553e-08,0.0,2.604166666666666e-07,0.18257418583505536,1.0,True,1.0
ablation,ablation,opaque_dependency_l6,training,imagined_nodes,full_aassr,full_depth2_branch1_max,30,186.4534,12.91235,173.54104999999998,173.06641666666667,174.01271666666665,131.97681286141744,4.999750012499375e-05,True,0.0020998950052497373
ablation,ablation,opaque_dependency_l6,training,imagination_depth,full_aassr,full_depth2_branch1_max,30,5.444116666666667,1.9334333333333333,3.510683333333333,3.5031000000000003,3.5183999999999997,162.74828269826546,4.999750012499375e-05,True,0.0020998950052497373
ablation,ablation,opaque_dependency_l6,training,actual_return,full_aassr,full_depth2_branch1_max,30,0.35561666666666664,0.33521666666666666,0.020400000000000005,-0.019099999999999992,0.05985,0.18030805185536178,0.33243337833108344,True,1.0
ablation,ablation,opaque_dependency_l6,training,runtime_seconds,full_aassr,full_depth2_branch1_max,30,0.006656164208364498,0.0017498479800080531,0.004906316228356445,0.004809974054916044,0.00499737234004424,18.524389208467383,4.999750012499375e-05,True,0.0020998950052497373
ablation,ablation,opaque_dependency_l6,training,real_transitions,full_aassr,full_depth2_branch1_max,30,6.0,6.0,0.0,0.0,0.0,0.0,1.0,True,1.0
ablation,ablation,opaque_dependency_l6,training,imagined_transitions,full_aassr,full_depth2_branch1_max,30,186.4534,12.91235,173.54104999999998,173.08291666666668,174.01725,131.97681286141744,4.999750012499375e-05,True,0.0020998950052497373
ablation,ablation,opaque_dependency_l6,training,action_proposals,full_aassr,full_depth2_branch1_max,30,6.0,6.0,0.0,0.0,0.0,0.0,1.0,True,1.0
ablation,ablation,opaque_dependency_l6,training,repeat_rate,full_aassr,full_depth2_branch1_max,30,0.0,0.0,0.0,0.0,0.0,0.0,1.0,True,1.0
ablation,ablation,opaque_dependency_l6,training,error_rate,full_aassr,full_depth2_branch1_max,30,0.0,0.0,0.0,0.0,0.0,0.0,1.0,True,1.0
ablation,ablation,opaque_dependency_l6,training,learning_auc,full_aassr,full_depth2_branch1_max,30,0.35566116391529096,0.33526763381690844,0.020393530098382528,-0.0213523428380857,0.0603551775887944,0.18024074775831903,0.3375331233438328,True,1.0
ablation,ablation,opaque_dependency_l6,training,final_tail_success,full_aassr,full_depth2_branch1_max,30,0.534,0.4995,0.0345,-0.02633333333333334,0.09233333333333334,0.20174504821419467,0.26758662066896655,True,1.0
ablation,ablation,opaque_dependency_l6,training,first_success_real_transitions,full_aassr,full_depth2_branch1_max,30,332.6,282.2,50.4,-13.6,127.6,0.24167870256880067,0.22308884555772213,True,1.0
ablation,ablation,opaque_dependency_l6,training,success,full_aassr,full_depth2_branch1_mean,30,0.35561666666666664,0.33521666666666666,0.020400000000000005,-0.020683333333333335,0.059250000000000004,0.18030805185536178,0.32983350832458375,True,1.0
ablation,ablation,opaque_dependency_l6,training,steps,full_aassr,full_depth2_branch1_mean,30,6.0,6.0,0.0,0.0,0.0,0.0,1.0,True,1.0
ablation,ablation,opaque_dependency_l6,training,high_level_steps,full_aassr,full_depth2_branch1_mean,30,6.0,6.0,0.0,0.0,0.0,0.0,1.0,True,1.0
ablation,ablation,opaque_dependency_l6,training,primitive_steps,full_aassr,full_depth2_branch1_mean,30,6.0,6.0,0.0,0.0,0.0,0.0,1.0,True,1.0
ablation,ablation,opaque_dependency_l6,training,reward,full_aassr,full_depth2_branch1_mean,30,0.35561666666666664,0.33521666666666666,0.020400000000000005,-0.019749999999999997,0.05956666666666667,0.18030805185536178,0.33068346582670866,True,1.0
ablation,ablation,opaque_dependency_l6,training,errors,full_aassr,full_depth2_branch1_mean,30,0.0,0.0,0.0,0.0,0.0,0.0,1.0,True,1.0
ablation,ablation,opaque_dependency_l6,training,repeats,full_aassr,full_depth2_branch1_mean,30,0.0,0.0,0.0,0.0,0.0,0.0,1.0,True,1.0
ablation,ablation,opaque_dependency_l6,training,prediction_score,full_aassr,full_depth2_branch1_mean,30,0.9899861111111111,0.9899944444444445,-8.333333333328714e-06,-2.2222222222230877e-05,5.555555555569747e-06,-0.20804706700518616,0.45577721113944303,True,1.0
ablation,ablation,opaque_dependency_l6,training,holdout_score,full_aassr,full_depth2_branch1_mean,30,0.12353812622633432,0.12354595175287926,-7.825526544947189e-06,-1.9149055968436153e-05,2.8578578259136343e-06,-0.2534052561976765,0.17894105294735263,True,1.0
ablation,ablation,opaque_dependency_l6,training,holdout_gain,full_aassr,full_depth2_branch1_mean,30,6.4646491566515e-06,6.3778436010959445e-06,8.680555555555553e-08,0.0,2.604166666666666e-07,0.18257418583505536,1.0,True,1.0
ablation,ablation,opaque_dependency_l6,training,imagined_nodes,full_aassr,full_depth2_branch1_mean,30,186.4534,12.91235,173.54104999999998,173.07229999999998,174.01051666666666,131.97681286141744,4.999750012499375e-05,True,0.0020998950052497373
ablation,ablation,opaque_dependency_l6,training,imagination_depth,full_aassr,full_depth2_branch1_mean,30,5.444116666666667,1.9334333333333333,3.510683333333333,3.5027666666666666,3.5181999999999998,162.74828269826546,4.999750012499375e-05,True,0.0020998950052497373
ablation,ablation,opaque_dependency_l6,training,actual_return,full_aassr,full_depth2_branch1_mean,30,0.35561666666666664,0.33521666666666666,0.020400000000000005,-0.02056666666666666,0.05911666666666668,0.18030805185536178,0.3288835558222089,True,1.0
ablation,ablation,opaque_dependency_l6,training,runtime_seconds,full_aassr,full_depth2_branch1_mean,30,0.006656164208364498,0.0017398027032638006,0.0049163615051006975,0.004814650474993202,0.005014153858435747,17.23514883768557,4.999750012499375e-05,True,0.0020998950052497373
ablation,ablation,opaque_dependency_l6,training,real_transitions,full_aassr,full_depth2_branch1_mean,30,6.0,6.0,0.0,0.0,0.0,0.0,1.0,True,1.0
ablation,ablation,opaque_dependency_l6,training,imagined_transitions,full_aassr,full_depth2_branch1_mean,30,186.4534,12.91235,173.54104999999998,173.08891666666665,174.00368333333333,131.97681286141744,4.999750012499375e-05,True,0.0020998950052497373
ablation,ablation,opaque_dependency_l6,training,action_proposals,full_aassr,full_depth2_branch1_mean,30,6.0,6.0,0.0,0.0,0.0,0.0,1.0,True,1.0
ablation,ablation,opaque_dependency_l6,training,repeat_rate,full_aassr,full_depth2_branch1_mean,30,0.0,0.0,0.0,0.0,0.0,0.0,1.0,True,1.0
ablation,ablation,opaque_dependency_l6,training,error_rate,full_aassr,full_depth2_branch1_mean,30,0.0,0.0,0.0,0.0,0.0,0.0,1.0,True,1.0
ablation,ablation,opaque_dependency_l6,training,learning_auc,full_aassr,full_depth2_branch1_mean,30,0.35566116391529096,0.33526763381690844,0.020393530098382528,-0.01892612973153242,0.05987993996998499,0.18024074775831903,0.327683615819209,True,1.0
ablation,ablation,opaque_dependency_l6,training,final_tail_success,full_aassr,full_depth2_branch1_mean,30,0.534,0.4995,0.0345,-0.02783333333333333,0.09316666666666666,0.20174504821419467,0.272036398180091,True,1.0
ablation,ablation,opaque_dependency_l6,training,first_success_real_transitions,full_aassr,full_depth2_branch1_mean,30,332.6,282.2,50.4,-13.8,129.0,0.24167870256880067,0.22128893555322235,True,1.0
ablation,ablation,opaque_dependency_l6,training,success,full_aassr,full_depth2_branch1_risk-adjusted,30,0.35561666666666664,0.33521666666666666,0.020400000000000005,-0.021099999999999994,0.060300000000000006,0.18030805185536178,0.33383330833458325,True,1.0
ablation,ablation,opaque_dependency_l6,training,steps,full_aassr,full_depth2_branch1_risk-adjusted,30,6.0,6.0,0.0,0.0,0.0,0.0,1.0,True,1.0
ablation,ablation,opaque_dependency_l6,training,high_level_steps,full_aassr,full_depth2_branch1_risk-adjusted,30,6.0,6.0,0.0,0.0,0.0,0.0,1.0,True,1.0
ablation,ablation,opaque_dependency_l6,training,primitive_steps,full_aassr,full_depth2_branch1_risk-adjusted,30,6.0,6.0,0.0,0.0,0.0,0.0,1.0,True,1.0
ablation,ablation,opaque_dependency_l6,training,reward,full_aassr,full_depth2_branch1_risk-adjusted,30,0.35561666666666664,0.33521666666666666,0.020400000000000005,-0.019499999999999993,0.05916666666666667,0.18030805185536178,0.3318334083295835,True,1.0
ablation,ablation,opaque_dependency_l6,training,errors,full_aassr,full_depth2_branch1_risk-adjusted,30,0.0,0.0,0.0,0.0,0.0,0.0,1.0,True,1.0
ablation,ablation,opaque_dependency_l6,training,repeats,full_aassr,full_depth2_branch1_risk-adjusted,30,0.0,0.0,0.0,0.0,0.0,0.0,1.0,True,1.0
ablation,ablation,opaque_dependency_l6,training,prediction_score,full_aassr,full_depth2_branch1_risk-adjusted,30,0.9899861111111111,0.9899944444444445,-8.333333333328714e-06,-2.2222222222230877e-05,5.555555555569747e-06,-0.20804706700518616,0.45807709614519276,True,1.0
ablation,ablation,opaque_dependency_l6,training,holdout_score,full_aassr,full_depth2_branch1_risk-adjusted,30,0.12353812622633432,0.12354595175287926,-7.825526544947189e-06,-1.9360253881525735e-05,2.5981821764673823e-06,-0.2534052561976765,0.18694065296735163,True,1.0
ablation,ablation,opaque_dependency_l6,training,holdout_gain,full_aassr,full_depth2_branch1_risk-adjusted,30,6.4646491566515e-06,6.3778436010959445e-06,8.680555555555553e-08,0.0,2.604166666666666e-07,0.18257418583505536,1.0,True,1.0
ablation,ablation,opaque_dependency_l6,training,imagined_nodes,full_aassr,full_depth2_branch1_risk-adjusted,30,186.4534,12.91235,173.54104999999998,173.07786666666667,174.01331666666664,131.97681286141744,4.999750012499375e-05,True,0.0020998950052497373
ablation,ablation,opaque_dependency_l6,training,imagination_depth,full_aassr,full_depth2_branch1_risk-adjusted,30,5.444116666666667,1.9334333333333333,3.510683333333333,3.50295,3.5183666666666666,162.74828269826546,4.999750012499375e-05,True,0.0020998950052497373
ablation,ablation,opaque_dependency_l6,training,actual_return,full_aassr,full_depth2_branch1_risk-adjusted,30,0.35561666666666664,0.33521666666666666,0.020400000000000005,-0.020066666666666663,0.05936666666666667,0.18030805185536178,0.32538373081345934,True,1.0
ablation,ablation,opaque_dependency_l6,training,runtime_seconds,full_aassr,full_depth2_branch1_risk-adjusted,30,0.006656164208364498,0.0017515717667207355,0.0049045924416437625,0.0047971745615529165,0.005007939273182031,16.35672139583842,4.999750012499375e-05,True,0.0020998950052497373
ablation,ablation,opaque_dependency_l6,training,real_transitions,full_aassr,full_depth2_branch1_risk-adjusted,30,6.0,6.0,0.0,0.0,0.0,0.0,1.0,True,1.0
ablation,ablation,opaque_dependency_l6,training,imagined_transitions,full_aassr,full_depth2_branch1_risk-adjusted,30,186.4534,12.91235,173.54104999999998,173.07153333333332,173.99661666666668,131.97681286141744,4.999750012499375e-05,True,0.0020998950052497373
ablation,ablation,opaque_dependency_l6,training,action_proposals,full_aassr,full_depth2_branch1_risk-adjusted,30,6.0,6.0,0.0,0.0,0.0,0.0,1.0,True,1.0
ablation,ablation,opaque_dependency_l6,training,repeat_rate,full_aassr,full_depth2_branch1_risk-adjusted,30,0.0,0.0,0.0,0.0,0.0,0.0,1.0,True,1.0
ablation,ablation,opaque_dependency_l6,training,error_rate,full_aassr,full_depth2_branch1_risk-adjusted,30,0.0,0.0,0.0,0.0,0.0,0.0,1.0,True,1.0
ablation,ablation,opaque_dependency_l6,training,learning_auc,full_aassr,full_depth2_branch1_risk-adjusted,30,0.35566116391529096,0.33526763381690844,0.020393530098382528,-0.02056028014007003,0.05978822744705687,0.18024074775831903,0.33163341832908355,True,1.0
ablation,ablation,opaque_dependency_l6,training,final_tail_success,full_aassr,full_depth2_branch1_risk-adjusted,30,0.534,0.4995,0.0345,-0.024666666666666674,0.09316666666666666,0.20174504821419467,0.2745862706864657,True,1.0
ablation,ablation,opaque_dependency_l6,training,first_success_real_transitions,full_aassr,full_depth2_branch1_risk-adjusted,30,332.6,282.2,50.4,-13.4,129.0,0.24167870256880067,0.21748912554372282,True,1.0
ablation,ablation,opaque_dependency_l6,training,success,full_aassr,full_depth2_branch2_max,30,0.35561666666666664,0.33521666666666666,0.020400000000000005,-0.021166666666666663,0.05981666666666667,0.18030805185536178,0.33723313834308283,True,1.0
ablation,ablation,opaque_dependency_l6,training,steps,full_aassr,full_depth2_branch2_max,30,6.0,6.0,0.0,0.0,0.0,0.0,1.0,True,1.0
ablation,ablation,opaque_dependency_l6,training,high_level_steps,full_aassr,full_depth2_branch2_max,30,6.0,6.0,0.0,0.0,0.0,0.0,1.0,True,1.0
ablation,ablation,opaque_dependency_l6,training,primitive_steps,full_aassr,full_depth2_branch2_max,30,6.0,6.0,0.0,0.0,0.0,0.0,1.0,True,1.0
ablation,ablation,opaque_dependency_l6,training,reward,full_aassr,full_depth2_branch2_max,30,0.35561666666666664,0.33521666666666666,0.020400000000000005,-0.020116666666666658,0.05823333333333333,0.18030805185536178,0.3290835458227089,True,1.0
ablation,ablation,opaque_dependency_l6,training,errors,full_aassr,full_depth2_branch2_max,30,0.0,0.0,0.0,0.0,0.0,0.0,1.0,True,1.0
ablation,ablation,opaque_dependency_l6,training,repeats,full_aassr,full_depth2_branch2_max,30,0.0,0.0,0.0,0.0,0.0,0.0,1.0,True,1.0
ablation,ablation,opaque_dependency_l6,training,prediction_score,full_aassr,full_depth2_branch2_max,30,0.9899861111111111,0.9899944444444445,-8.333333333328714e-06,-2.2222222222234576e-05,5.555555555573448e-06,-0.20804706700518616,0.456077196140193,True,1.0
ablation,ablation,opaque_dependency_l6,training,holdout_score,full_aassr,full_depth2_branch2_max,30,0.12353812622633432,0.12354595175287926,-7.825526544947189e-06,-1.888029376866662e-05,2.880263491307951e-06,-0.2534052561976765,0.1824408779561022,True,1.0
ablation,ablation,opaque_dependency_l6,training,holdout_gain,full_aassr,full_depth2_branch2_max,30,6.4646491566515e-06,6.3778436010959445e-06,8.680555555555553e-08,0.0,2.604166666666666e-07,0.18257418583505536,1.0,True,1.0
ablation,ablation,opaque_dependency_l6,training,imagined_nodes,full_aassr,full_depth2_branch2_max,30,186.4534,28.860316666666666,157.5930833333333,157.16400000000002,158.04466666666667,124.90039580630503,4.999750012499375e-05,True,0.0020998950052497373
ablation,ablation,opaque_dependency_l6,training,imagination_depth,full_aassr,full_depth2_branch2_max,30,5.444116666666667,1.9334333333333333,3.510683333333333,3.503533333333333,3.5181833333333334,162.74828269826546,4.999750012499375e-05,True,0.0020998950052497373
ablation,ablation,opaque_dependency_l6,training,actual_return,full_aassr,full_depth2_branch2_max,30,0.35561666666666664,0.33521666666666666,0.020400000000000005,-0.019416666666666662,0.05923333333333334,0.18030805185536178,0.3309834508274586,True,1.0
ablation,ablation,opaque_dependency_l6,training,runtime_seconds,full_aassr,full_depth2_branch2_max,30,0.006656164208364498,0.0022358043733149923,0.004420359835049506,0.004304394516577789,0.004533939335096025,13.665577749886337,4.999750012499375e-05,True,0.0020998950052497373
ablation,ablation,opaque_dependency_l6,training,real_transitions,full_aassr,full_depth2_branch2_max,30,6.0,6.0,0.0,0.0,0.0,0.0,1.0,True,1.0
ablation,ablation,opaque_dependency_l6,training,imagined_transitions,full_aassr,full_depth2_branch2_max,30,186.4534,28.860316666666666,157.5930833333333,157.14615,158.04435,124.90039580630503,4.999750012499375e-05,True,0.0020998950052497373
ablation,ablation,opaque_dependency_l6,training,action_proposals,full_aassr,full_depth2_branch2_max,30,6.0,6.0,0.0,0.0,0.0,0.0,1.0,True,1.0
ablation,ablation,opaque_dependency_l6,training,repeat_rate,full_aassr,full_depth2_branch2_max,30,0.0,0.0,0.0,0.0,0.0,0.0,1.0,True,1.0
ablation,ablation,opaque_dependency_l6,training,error_rate,full_aassr,full_depth2_branch2_max,30,0.0,0.0,0.0,0.0,0.0,0.0,1.0,True,1.0
ablation,ablation,opaque_dependency_l6,training,learning_auc,full_aassr,full_depth2_branch2_max,30,0.35566116391529096,0.33526763381690844,0.020393530098382528,-0.02109388027347007,0.05840420210105053,0.18024074775831903,0.3323833808309585,True,1.0
ablation,ablation,opaque_dependency_l6,training,final_tail_success,full_aassr,full_depth2_branch2_max,30,0.534,0.4995,0.0345,-0.027333333333333352,0.09233333333333334,0.20174504821419467,0.2752862356882156,True,1.0
ablation,ablation,opaque_dependency_l6,training,first_success_real_transitions,full_aassr,full_depth2_branch2_max,30,332.6,282.2,50.4,-13.8,130.2,0.24167870256880067,0.22088895555222238,True,1.0
ablation,ablation,opaque_dependency_l6,training,success,full_aassr,full_depth2_branch2_mean,30,0.35561666666666664,0.33521666666666666,0.020400000000000005,-0.020366666666666658,0.05985,0.18030805185536178,0.32373381330933454,True,1.0
ablation,ablation,opaque_dependency_l6,training,steps,full_aassr,full_depth2_branch2_mean,30,6.0,6.0,0.0,0.0,0.0,0.0,1.0,True,1.0
ablation,ablation,opaque_dependency_l6,training,high_level_steps,full_aassr,full_depth2_branch2_mean,30,6.0,6.0,0.0,0.0,0.0,0.0,1.0,True,1.0
ablation,ablation,opaque_dependency_l6,training,primitive_steps,full_aassr,full_depth2_branch2_mean,30,6.0,6.0,0.0,0.0,0.0,0.0,1.0,True,1.0
ablation,ablation,opaque_dependency_l6,training,reward,full_aassr,full_depth2_branch2_mean,30,0.35561666666666664,0.33521666666666666,0.020400000000000005,-0.02089999999999999,0.059516666666666676,0.18030805185536178,0.3335333233338333,True,1.0
ablation,ablation,opaque_dependency_l6,training,errors,full_aassr,full_depth2_branch2_mean,30,0.0,0.0,0.0,0.0,0.0,0.0,1.0,True,1.0
ablation,ablation,opaque_dependency_l6,training,repeats,full_aassr,full_depth2_branch2_mean,30,0.0,0.0,0.0,0.0,0.0,0.0,1.0,True,1.0
ablation,ablation,opaque_dependency_l6,training,prediction_score,full_aassr,full_depth2_branch2_mean,30,0.9899861111111111,0.9899944444444445,-8.333333333328714e-06,-2.2222222222230877e-05,5.555555555569747e-06,-0.20804706700518616,0.456227188640568,True,1.0
ablation,ablation,opaque_dependency_l6,training,holdout_score,full_aassr,full_depth2_branch2_mean,30,0.12353812622633432,0.12354595175287926,-7.825526544947189e-06,-1.869703401827331e-05,2.5101426619919543e-06,-0.2534052561976765,0.17654117294135294,True,1.0
ablation,ablation,opaque_dependency_l6,training,holdout_gain,full_aassr,full_depth2_branch2_mean,30,6.4646491566515e-06,6.3778436010959445e-06,8.680555555555553e-08,0.0,2.604166666666666e-07,0.18257418583505536,1.0,True,1.0
ablation,ablation,opaque_dependency_l6,training,imagined_nodes,full_aassr,full_depth2_branch2_mean,30,186.4534,28.860316666666666,157.5930833333333,157.1632,158.04188333333332,124.90039580630503,4.999750012499375e-05,True,0.0020998950052497373
ablation,ablation,opaque_dependency_l6,training,imagination_depth,full_aassr,full_depth2_branch2_mean,30,5.444116666666667,1.9334333333333333,3.510683333333333,3.5030666666666668,3.518466666666667,162.74828269826546,4.999750012499375e-05,True,0.0020998950052497373
ablation,ablation,opaque_dependency_l6,training,actual_return,full_aassr,full_depth2_branch2_mean,30,0.35561666666666664,0.33521666666666666,0.020400000000000005,-0.019683333333333327,0.05966666666666667,0.18030805185536178,0.3322833858307085,True,1.0
ablation,ablation,opaque_dependency_l6,training,runtime_seconds,full_aassr,full_depth2_branch2_mean,30,0.006656164208364498,0.0022027876882969094,0.00445337652006759,0.004345501535016228,0.004553638275104458,15.24682147344625,4.999750012499375e-05,True,0.0020998950052497373
ablation,ablation,opaque_dependency_l6,training,real_transitions,full_aassr,full_depth2_branch2_mean,30,6.0,6.0,0.0,0.0,0.0,0.0,1.0,True,1.0
ablation,ablation,opaque_dependency_l6,training,imagined_transitions,full_aassr,full_depth2_branch2_mean,30,186.4534,28.860316666666666,157.5930833333333,157.15251666666666,158.0434,124.90039580630503,4.999750012499375e-05,True,0.0020998950052497373
ablation,ablation,opaque_dependency_l6,training,action_proposals,full_aassr,full_depth2_branch2_mean,30,6.0,6.0,0.0,0.0,0.0,0.0,1.0,True,1.0
ablation,ablation,opaque_dependency_l6,training,repeat_rate,full_aassr,full_depth2_branch2_mean,30,0.0,0.0,0.0,0.0,0.0,0.0,1.0,True,1.0
ablation,ablation,opaque_dependency_l6,training,error_rate,full_aassr,full_depth2_branch2_mean,30,0.0,0.0,0.0,0.0,0.0,0.0,1.0,True,1.0
ablation,ablation,opaque_dependency_l6,training,learning_auc,full_aassr,full_depth2_branch2_mean,30,0.35566116391529096,0.33526763381690844,0.020393530098382528,-0.021202267800566943,0.05959646489911623,0.18024074775831903,0.3312334383280836,True,1.0
ablation,ablation,opaque_dependency_l6,training,final_tail_success,full_aassr,full_depth2_branch2_mean,30,0.534,0.4995,0.0345,-0.025999999999999992,0.0955,0.20174504821419467,0.27983600819959004,True,1.0
ablation,ablation,opaque_dependency_l6,training,first_success_real_transitions,full_aassr,full_depth2_branch2_mean,30,332.6,282.2,50.4,-12.8,134.4,0.24167870256880067,0.21308934553272335,True,1.0
ablation,ablation,opaque_dependency_l6,training,success,full_aassr,full_depth2_branch2_risk-adjusted,30,0.35561666666666664,0.33521666666666666,0.020400000000000005,-0.0203,0.059783333333333334,0.18030805185536178,0.33633318334083295,True,1.0
ablation,ablation,opaque_dependency_l6,training,steps,full_aassr,full_depth2_branch2_risk-adjusted,30,6.0,6.0,0.0,0.0,0.0,0.0,1.0,True,1.0
ablation,ablation,opaque_dependency_l6,training,high_level_steps,full_aassr,full_depth2_branch2_risk-adjusted,30,6.0,6.0,0.0,0.0,0.0,0.0,1.0,True,1.0
ablation,ablation,opaque_dependency_l6,training,primitive_steps,full_aassr,full_depth2_branch2_risk-adjusted,30,6.0,6.0,0.0,0.0,0.0,0.0,1.0,True,1.0
ablation,ablation,opaque_dependency_l6,training,reward,full_aassr,full_depth2_branch2_risk-adjusted,30,0.35561666666666664,0.33521666666666666,0.020400000000000005,-0.019549999999999988,0.05976666666666666,0.18030805185536178,0.33068346582670866,True,1.0
ablation,ablation,opaque_dependency_l6,training,errors,full_aassr,full_depth2_branch2_risk-adjusted,30,0.0,0.0,0.0,0.0,0.0,0.0,1.0,True,1.0
ablation,ablation,opaque_dependency_l6,training,repeats,full_aassr,full_depth2_branch2_risk-adjusted,30,0.0,0.0,0.0,0.0,0.0,0.0,1.0,True,1.0
ablation,ablation,opaque_dependency_l6,training,prediction_score,full_aassr,full_depth2_branch2_risk-adjusted,30,0.9899861111111111,0.9899944444444445,-8.333333333328714e-06,-2.2222222222230877e-05,5.555555555569747e-06,-0.20804706700518616,0.4534773261336933,True,1.0
ablation,ablation,opaque_dependency_l6,training,holdout_score,full_aassr,full_depth2_branch2_risk-adjusted,30,0.12353812622633432,0.12354595175287926,-7.825526544947189e-06,-1.8748481884358718e-05,2.986026664896409e-06,-0.2534052561976765,0.18614069296535174,True,1.0
ablation,ablation,opaque_dependency_l6,training,holdout_gain,full_aassr,full_depth2_branch2_risk-adjusted,30,6.4646491566515e-06,6.3778436010959445e-06,8.680555555555553e-08,0.0,2.604166666666666e-07,0.18257418583505536,1.0,True,1.0
ablation,ablation,opaque_dependency_l6,training,imagined_nodes,full_aassr,full_depth2_branch2_risk-adjusted,30,186.4534,28.860316666666666,157.5930833333333,157.14435,158.0454,124.90039580630503,4.999750012499375e-05,True,0.0020998950052497373
ablation,ablation,opaque_dependency_l6,training,imagination_depth,full_aassr,full_depth2_branch2_risk-adjusted,30,5.444116666666667,1.9334333333333333,3.510683333333333,3.5030666666666668,3.5181,162.74828269826546,4.999750012499375e-05,True,0.0020998950052497373
ablation,ablation,opaque_dependency_l6,training,actual_return,full_aassr,full_depth2_branch2_risk-adjusted,30,0.35561666666666664,0.33521666666666666,0.020400000000000005,-0.020099999999999993,0.060583333333333336,0.18030805185536178,0.33163341832908355,True,1.0
ablation,ablation,opaque_dependency_l6,training,runtime_seconds,full_aassr,full_depth2_branch2_risk-adjusted,30,0.006656164208364498,0.002444152401654477,0.004212011806710022,0.004107848903326764,0.0043092240034248485,14.703795458427994,4.999750012499375e-05,True,0.0020998950052497373
ablation,ablation,opaque_dependency_l6,training,real_transitions,full_aassr,full_depth2_branch2_risk-adjusted,30,6.0,6.0,0.0,0.0,0.0,0.0,1.0,True,1.0
ablation,ablation,opaque_dependency_l6,training,imagined_transitions,full_aassr,full_depth2_branch2_risk-adjusted,30,186.4534,28.860316666666666,157.5930833333333,157.1559,158.03913333333333,124.90039580630503,4.999750012499375e-05,True,0.0020998950052497373
ablation,ablation,opaque_dependency_l6,training,action_proposals,full_aassr,full_depth2_branch2_risk-adjusted,30,6.0,6.0,0.0,0.0,0.0,0.0,1.0,True,1.0
ablation,ablation,opaque_dependency_l6,training,repeat_rate,full_aassr,full_depth2_branch2_risk-adjusted,30,0.0,0.0,0.0,0.0,0.0,0.0,1.0,True,1.0
ablation,ablation,opaque_dependency_l6,training,error_rate,full_aassr,full_depth2_branch2_risk-adjusted,30,0.0,0.0,0.0,0.0,0.0,0.0,1.0,True,1.0
ablation,ablation,opaque_dependency_l6,training,learning_auc,full_aassr,full_depth2_branch2_risk-adjusted,30,0.35566116391529096,0.33526763381690844,0.020393530098382528,-0.019809904952476233,0.06070535267633817,0.18024074775831903,0.3250837458127094,True,1.0
ablation,ablation,opaque_dependency_l6,training,final_tail_success,full_aassr,full_depth2_branch2_risk-adjusted,30,0.534,0.4995,0.0345,-0.02600000000000001,0.0935,0.20174504821419467,0.27303634818259087,True,1.0
ablation,ablation,opaque_dependency_l6,training,first_success_real_transitions,full_aassr,full_depth2_branch2_risk-adjusted,30,332.6,282.2,50.4,-14.0,131.0,0.24167870256880067,0.21683915804209788,True,1.0
ablation,ablation,opaque_dependency_l6,training,success,full_aassr,full_depth2_branch4_max,30,0.35561666666666664,0.33521666666666666,0.020400000000000005,-0.019266666666666658,0.05916666666666667,0.18030805185536178,0.3326333683315834,True,1.0
ablation,ablation,opaque_dependency_l6,training,steps,full_aassr,full_depth2_branch4_max,30,6.0,6.0,0.0,0.0,0.0,0.0,1.0,True,1.0
ablation,ablation,opaque_dependency_l6,training,high_level_steps,full_aassr,full_depth2_branch4_max,30,6.0,6.0,0.0,0.0,0.0,0.0,1.0,True,1.0
ablation,ablation,opaque_dependency_l6,training,primitive_steps,full_aassr,full_depth2_branch4_max,30,6.0,6.0,0.0,0.0,0.0,0.0,1.0,True,1.0
ablation,ablation,opaque_dependency_l6,training,reward,full_aassr,full_depth2_branch4_max,30,0.35561666666666664,0.33521666666666666,0.020400000000000005,-0.020699999999999996,0.05968333333333333,0.18030805185536178,0.3321333933303335,True,1.0
ablation,ablation,opaque_dependency_l6,training,errors,full_aassr,full_depth2_branch4_max,30,0.0,0.0,0.0,0.0,0.0,0.0,1.0,True,1.0
ablation,ablation,opaque_dependency_l6,training,repeats,full_aassr,full_depth2_branch4_max,30,0.0,0.0,0.0,0.0,0.0,0.0,1.0,True,1.0
ablation,ablation,opaque_dependency_l6,training,prediction_score,full_aassr,full_depth2_branch4_max,30,0.9899861111111111,0.9899944444444445,-8.333333333328714e-06,-2.2222222222234576e-05,5.555555555569747e-06,-0.20804706700518616,0.4551272436378181,True,1.0
ablation,ablation,opaque_dependency_l6,training,holdout_score,full_aassr,full_depth2_branch4_max,30,0.12353812622633432,0.12354595175287926,-7.825526544947189e-06,-1.8881601576860308e-05,2.5201715223447757e-06,-0.2534052561976765,0.17929103544822758,True,1.0
ablation,ablation,opaque_dependency_l6,training,holdout_gain,full_aassr,full_depth2_branch4_max,30,6.4646491566515e-06,6.3778436010959445e-06,8.680555555555553e-08,0.0,2.604166666666666e-07,0.18257418583505536,1.0,True,1.0
ablation,ablation,opaque_dependency_l6,training,imagined_nodes,full_aassr,full_depth2_branch4_max,30,186.4534,28.860316666666666,157.5930833333333,157.15966666666665,158.03496666666666,124.90039580630503,4.999750012499375e-05,True,0.0020998950052497373
ablation,ablation,opaque_dependency_l6,training,imagination_depth,full_aassr,full_depth2_branch4_max,30,5.444116666666667,1.9334333333333333,3.510683333333333,3.5030166666666664,3.5185833333333334,162.74828269826546,4.999750012499375e-05,True,0.0020998950052497373
ablation,ablation,opaque_dependency_l6,training,actual_return,full_aassr,full_depth2_branch4_max,30,0.35561666666666664,0.33521666666666666,0.020400000000000005,-0.021116666666666662,0.059300000000000005,0.18030805185536178,0.32753362331883407,True,1.0
ablation,ablation,opaque_dependency_l6,training,runtime_seconds,full_aassr,full_depth2_branch4_max,30,0.006656164208364498,0.0021986411199065815,0.004457523088457916,0.004368517988562234,0.00453929454015985,17.926024875452008,4.999750012499375e-05,True,0.0020998950052497373
ablation,ablation,opaque_dependency_l6,training,real_transitions,full_aassr,full_depth2_branch4_max,30,6.0,6.0,0.0,0.0,0.0,0.0,1.0,True,1.0
ablation,ablation,opaque_dependency_l6,training,imagined_transitions,full_aassr,full_depth2_branch4_max,30,186.4534,28.860316666666666,157.5930833333333,157.15453333333335,158.03348333333332,124.90039580630503,4.999750012499375e-05,True,0.0020998950052497373
ablation,ablation,opaque_dependency_l6,training,action_proposals,full_aassr,full_depth2_branch4_max,30,6.0,6.0,0.0,0.0,0.0,0.0,1.0,True,1.0
ablation,ablation,opaque_dependency_l6,training,repeat_rate,full_aassr,full_depth2_branch4_max,30,0.0,0.0,0.0,0.0,0.0,0.0,1.0,True,1.0
ablation,ablation,opaque_dependency_l6,training,error_rate,full_aassr,full_depth2_branch4_max,30,0.0,0.0,0.0,0.0,0.0,0.0,1.0,True,1.0
ablation,ablation,opaque_dependency_l6,training,learning_auc,full_aassr,full_depth2_branch4_max,30,0.35566116391529096,0.33526763381690844,0.020393530098382528,-0.019793229948307477,0.059246289811572456,0.18024074775831903,0.32918354082295886,True,1.0
ablation,ablation,opaque_dependency_l6,training,final_tail_success,full_aassr,full_depth2_branch4_max,30,0.534,0.4995,0.0345,-0.025833333333333344,0.09366666666666669,0.20174504821419467,0.27183640817959104,True,1.0
ablation,ablation,opaque_dependency_l6,training,first_success_real_transitions,full_aassr,full_depth2_branch4_max,30,332.6,282.2,50.4,-13.4,130.0,0.24167870256880067,0.21613919304034798,True,1.0
ablation,ablation,opaque_dependency_l6,training,success,full_aassr,full_depth2_branch4_mean,30,0.35561666666666664,0.33521666666666666,0.020400000000000005,-0.019749999999999997,0.060050000000000006,0.18030805185536178,0.3262836858157092,True,1.0
ablation,ablation,opaque_dependency_l6,training,steps,full_aassr,full_depth2_branch4_mean,30,6.0,6.0,0.0,0.0,0.0,0.0,1.0,True,1.0
ablation,ablation,opaque_dependency_l6,training,high_level_steps,full_aassr,full_depth2_branch4_mean,30,6.0,6.0,0.0,0.0,0.0,0.0,1.0,True,1.0
ablation,ablation,opaque_dependency_l6,training,primitive_steps,full_aassr,full_depth2_branch4_mean,30,6.0,6.0,0.0,0.0,0.0,0.0,1.0,True,1.0
ablation,ablation,opaque_dependency_l6,training,reward,full_aassr,full_depth2_branch4_mean,30,0.35561666666666664,0.33521666666666666,0.020400000000000005,-0.020233333333333322,0.05943333333333334,0.18030805185536178,0.3295335233238338,True,1.0
ablation,ablation,opaque_dependency_l6,training,errors,full_aassr,full_depth2_branch4_mean,30,0.0,0.0,0.0,0.0,0.0,0.0,1.0,True,1.0
ablation,ablation,opaque_dependency_l6,training,repeats,full_aassr,full_depth2_branch4_mean,30,0.0,0.0,0.0,0.0,0.0,0.0,1.0,True,1.0
ablation,ablation,opaque_dependency_l6,training,prediction_score,full_aassr,full_depth2_branch4_mean,30,0.9899861111111111,0.9899944444444445,-8.333333333328714e-06,-2.2222222222227177e-05,5.555555555569747e-06,-0.20804706700518616,0.4528773561321934,True,1.0
ablation,ablation,opaque_dependency_l6,training,holdout_score,full_aassr,full_depth2_branch4_mean,30,0.12353812622633432,0.12354595175287926,-7.825526544947189e-06,-1.874950935958075e-05,3.0786196689072674e-06,-0.2534052561976765,0.1817909104544773,True,1.0
ablation,ablation,opaque_dependency_l6,training,holdout_gain,full_aassr,full_depth2_branch4_mean,30,6.4646491566515e-06,6.3778436010959445e-06,8.680555555555553e-08,0.0,2.604166666666666e-07,0.18257418583505536,1.0,True,1.0
ablation,ablation,opaque_dependency_l6,training,imagined_nodes,full_aassr,full_depth2_branch4_mean,30,186.4534,28.860316666666666,157.5930833333333,157.15706666666665,158.05228333333332,124.90039580630503,4.999750012499375e-05,True,0.0020998950052497373
ablation,ablation,opaque_dependency_l6,training,imagination_depth,full_aassr,full_depth2_branch4_mean,30,5.444116666666667,1.9334333333333333,3.510683333333333,3.5032166666666664,3.5182833333333337,162.74828269826546,4.999750012499375e-05,True,0.0020998950052497373
ablation,ablation,opaque_dependency_l6,training,actual_return,full_aassr,full_depth2_branch4_mean,30,0.35561666666666664,0.33521666666666666,0.020400000000000005,-0.020633333333333326,0.05863333333333333,0.18030805185536178,0.328133593320334,True,1.0
ablation,ablation,opaque_dependency_l6,training,runtime_seconds,full_aassr,full_depth2_branch4_mean,30,0.006656164208364498,0.002215273006692102,0.0044408912016723956,0.0043404758582192395,0.004535315211733298,15.879520347466185,4.999750012499375e-05,True,0.0020998950052497373
ablation,ablation,opaque_dependency_l6,training,real_transitions,full_aassr,full_depth2_branch4_mean,30,6.0,6.0,0.0,0.0,0.0,0.0,1.0,True,1.0
ablation,ablation,opaque_dependency_l6,training,imagined_transitions,full_aassr,full_depth2_branch4_mean,30,186.4534,28.860316666666666,157.5930833333333,157.15144999999998,158.03743333333333,124.90039580630503,4.999750012499375e-05,True,0.0020998950052497373
ablation,ablation,opaque_dependency_l6,training,action_proposals,full_aassr,full_depth2_branch4_mean,30,6.0,6.0,0.0,0.0,0.0,0.0,1.0,True,1.0
ablation,ablation,opaque_dependency_l6,training,repeat_rate,full_aassr,full_depth2_branch4_mean,30,0.0,0.0,0.0,0.0,0.0,0.0,1.0,True,1.0
ablation,ablation,opaque_dependency_l6,training,error_rate,full_aassr,full_depth2_branch4_mean,30,0.0,0.0,0.0,0.0,0.0,0.0,1.0,True,1.0
ablation,ablation,opaque_dependency_l6,training,learning_auc,full_aassr,full_depth2_branch4_mean,30,0.35566116391529096,0.33526763381690844,0.020393530098382528,-0.018951142237785556,0.058987827246956816,0.18024074775831903,0.3321333933303335,True,1.0
ablation,ablation,opaque_dependency_l6,training,final_tail_success,full_aassr,full_depth2_branch4_mean,30,0.534,0.4995,0.0345,-0.02650000000000001,0.09200000000000001,0.20174504821419467,0.27453627318634066,True,1.0
ablation,ablation,opaque_dependency_l6,training,first_success_real_transitions,full_aassr,full_depth2_branch4_mean,30,332.6,282.2,50.4,-13.6,129.2,0.24167870256880067,0.21818909054547272,True,1.0
ablation,ablation,opaque_dependency_l6,training,success,full_aassr,full_depth2_branch4_risk-adjusted,30,0.35561666666666664,0.33521666666666666,0.020400000000000005,-0.02091666666666666,0.059300000000000005,0.18030805185536178,0.3285335733213339,True,1.0
ablation,ablation,opaque_dependency_l6,training,steps,full_aassr,full_depth2_branch4_risk-adjusted,30,6.0,6.0,0.0,0.0,0.0,0.0,1.0,True,1.0
ablation,ablation,opaque_dependency_l6,training,high_level_steps,full_aassr,full_depth2_branch4_risk-adjusted,30,6.0,6.0,0.0,0.0,0.0,0.0,1.0,True,1.0
ablation,ablation,opaque_dependency_l6,training,primitive_steps,full_aassr,full_depth2_branch4_risk-adjusted,30,6.0,6.0,0.0,0.0,0.0,0.0,1.0,True,1.0
ablation,ablation,opaque_dependency_l6,training,reward,full_aassr,full_depth2_branch4_risk-adjusted,30,0.35561666666666664,0.33521666666666666,0.020400000000000005,-0.018649999999999996,0.05946666666666667,0.18030805185536178,0.33233338333083345,True,1.0
ablation,ablation,opaque_dependency_l6,training,errors,full_aassr,full_depth2_branch4_risk-adjusted,30,0.0,0.0,0.0,0.0,0.0,0.0,1.0,True,1.0
ablation,ablation,opaque_dependency_l6,training,repeats,full_aassr,full_depth2_branch4_risk-adjusted,30,0.0,0.0,0.0,0.0,0.0,0.0,1.0,True,1.0
ablation,ablation,opaque_dependency_l6,training,prediction_score,full_aassr,full_depth2_branch4_risk-adjusted,30,0.9899861111111111,0.9899944444444445,-8.333333333328714e-06,-2.2222222222227177e-05,5.555555555569747e-06,-0.20804706700518616,0.45237738113094345,True,1.0
ablation,ablation,opaque_dependency_l6,training,holdout_score,full_aassr,full_depth2_branch4_risk-adjusted,30,0.12353812622633432,0.12354595175287926,-7.825526544947189e-06,-1.8836698963312082e-05,2.5863311199710488e-06,-0.2534052561976765,0.18104094795260237,True,1.0
ablation,ablation,opaque_dependency_l6,training,holdout_gain,full_aassr,full_depth2_branch4_risk-adjusted,30,6.4646491566515e-06,6.3778436010959445e-06,8.680555555555553e-08,0.0,2.604166666666666e-07,0.18257418583505536,1.0,True,1.0
ablation,ablation,opaque_dependency_l6,training,imagined_nodes,full_aassr,full_depth2_branch4_risk-adjusted,30,186.4534,28.860316666666666,157.5930833333333,157.15271666666666,158.04798333333332,124.90039580630503,4.999750012499375e-05,True,0.0020998950052497373
ablation,ablation,opaque_dependency_l6,training,imagination_depth,full_aassr,full_depth2_branch4_risk-adjusted,30,5.444116666666667,1.9334333333333333,3.510683333333333,3.5033000000000003,3.5183999999999997,162.74828269826546,4.999750012499375e-05,True,0.0020998950052497373
ablation,ablation,opaque_dependency_l6,training,actual_return,full_aassr,full_depth2_branch4_risk-adjusted,30,0.35561666666666664,0.33521666666666666,0.020400000000000005,-0.01981666666666666,0.059966666666666675,0.18030805185536178,0.32658367081645917,True,1.0
ablation,ablation,opaque_dependency_l6,training,runtime_seconds,full_aassr,full_depth2_branch4_risk-adjusted,30,0.006656164208364498,0.002428461288230028,0.00422770292013447,0.004117388235044686,0.004333042793501227,14.117603128553814,4.999750012499375e-05,True,0.0020998950052497373
ablation,ablation,opaque_dependency_l6,training,real_transitions,full_aassr,full_depth2_branch4_risk-adjusted,30,6.0,6.0,0.0,0.0,0.0,0.0,1.0,True,1.0
ablation,ablation,opaque_dependency_l6,training,imagined_transitions,full_aassr,full_depth2_branch4_risk-adjusted,30,186.4534,28.860316666666666,157.5930833333333,157.14741666666666,158.05468333333332,124.90039580630503,4.999750012499375e-05,True,0.0020998950052497373
ablation,ablation,opaque_dependency_l6,training,action_proposals,full_aassr,full_depth2_branch4_risk-adjusted,30,6.0,6.0,0.0,0.0,0.0,0.0,1.0,True,1.0
ablation,ablation,opaque_dependency_l6,training,repeat_rate,full_aassr,full_depth2_branch4_risk-adjusted,30,0.0,0.0,0.0,0.0,0.0,0.0,1.0,True,1.0
ablation,ablation,opaque_dependency_l6,training,error_rate,full_aassr,full_depth2_branch4_risk-adjusted,30,0.0,0.0,0.0,0.0,0.0,0.0,1.0,True,1.0
ablation,ablation,opaque_dependency_l6,training,learning_auc,full_aassr,full_depth2_branch4_risk-adjusted,30,0.35566116391529096,0.33526763381690844,0.020393530098382528,-0.0204352176088044,0.061247290311822584,0.18024074775831903,0.3347332633368332,True,1.0
ablation,ablation,opaque_dependency_l6,training,final_tail_success,full_aassr,full_depth2_branch4_risk-adjusted,30,0.534,0.4995,0.0345,-0.02483333333333333,0.09383333333333335,0.20174504821419467,0.271886405679716,True,1.0
ablation,ablation,opaque_dependency_l6,training,first_success_real_transitions,full_aassr,full_depth2_branch4_risk-adjusted,30,332.6,282.2,50.4,-13.8,132.6,0.24167870256880067,0.21983900804959752,True,1.0
ablation,ablation,opaque_dependency_l6,training,success,full_aassr,full_depth4_branch1_max,30,0.35561666666666664,0.33521666666666666,0.020400000000000005,-0.020683333333333324,0.060166666666666674,0.18030805185536178,0.3350832458377081,True,1.0
ablation,ablation,opaque_dependency_l6,training,steps,full_aassr,full_depth4_branch1_max,30,6.0,6.0,0.0,0.0,0.0,0.0,1.0,True,1.0
ablation,ablation,opaque_dependency_l6,training,high_level_steps,full_aassr,full_depth4_branch1_max,30,6.0,6.0,0.0,0.0,0.0,0.0,1.0,True,1.0
ablation,ablation,opaque_dependency_l6,training,primitive_steps,full_aassr,full_depth4_branch1_max,30,6.0,6.0,0.0,0.0,0.0,0.0,1.0,True,1.0
ablation,ablation,opaque_dependency_l6,training,reward,full_aassr,full_depth4_branch1_max,30,0.35561666666666664,0.33521666666666666,0.020400000000000005,-0.019833333333333324,0.057833333333333334,0.18030805185536178,0.3312334383280836,True,1.0
ablation,ablation,opaque_dependency_l6,training,errors,full_aassr,full_depth4_branch1_max,30,0.0,0.0,0.0,0.0,0.0,0.0,1.0,True,1.0
ablation,ablation,opaque_dependency_l6,training,repeats,full_aassr,full_depth4_branch1_max,30,0.0,0.0,0.0,0.0,0.0,0.0,1.0,True,1.0
ablation,ablation,opaque_dependency_l6,training,prediction_score,full_aassr,full_depth4_branch1_max,30,0.9899861111111111,0.9899944444444445,-8.333333333328714e-06,-2.2222222222227177e-05,5.555555555573448e-06,-0.20804706700518616,0.4505274736263187,True,1.0
ablation,ablation,opaque_dependency_l6,training,holdout_score,full_aassr,full_depth4_branch1_max,30,0.12353812622633432,0.12354595175287926,-7.825526544947189e-06,-1.9260662349178856e-05,2.2100636340893766e-06,-0.2534052561976765,0.17944102794860256,True,1.0
ablation,ablation,opaque_dependency_l6,training,holdout_gain,full_aassr,full_depth4_branch1_max,30,6.4646491566515e-06,6.3778436010959445e-06,8.680555555555553e-08,0.0,2.604166666666666e-07,0.18257418583505536,1.0,True,1.0
ablation,ablation,opaque_dependency_l6,training,imagined_nodes,full_aassr,full_depth4_branch1_max,30,186.4534,18.22605,168.22735,167.77935,168.69345,130.82363371438086,4.999750012499375e-05,True,0.0020998950052497373
ablation,ablation,opaque_dependency_l6,training,imagination_depth,full_aassr,full_depth4_branch1_max,30,5.444116666666667,3.8053000000000003,1.6388166666666666,1.63345,1.6441833333333333,104.46706243096376,4.999750012499375e-05,True,0.0020998950052497373
ablation,ablation,opaque_dependency_l6,training,actual_return,full_aassr,full_depth4_branch1_max,30,0.35561666666666664,0.33521666666666666,0.020400000000000005,-0.020099999999999993,0.05798333333333334,0.18030805185536178,0.3346332683365832,True,1.0
ablation,ablation,opaque_dependency_l6,training,runtime_seconds,full_aassr,full_depth4_branch1_max,30,0.006656164208364498,0.001955759269873185,0.004700404938491313,0.0045868829085122945,0.0048076285469316644,14.637604804102107,4.999750012499375e-05,True,0.0020998950052497373
ablation,ablation,opaque_dependency_l6,training,real_transitions,full_aassr,full_depth4_branch1_max,30,6.0,6.0,0.0,0.0,0.0,0.0,1.0,True,1.0
ablation,ablation,opaque_dependency_l6,training,imagined_transitions,full_aassr,full_depth4_branch1_max,30,186.4534,18.22605,168.22735,167.77233333333334,168.69046666666665,130.82363371438086,4.999750012499375e-05,True,0.0020998950052497373
ablation,ablation,opaque_dependency_l6,training,action_proposals,full_aassr,full_depth4_branch1_max,30,6.0,6.0,0.0,0.0,0.0,0.0,1.0,True,1.0
ablation,ablation,opaque_dependency_l6,training,repeat_rate,full_aassr,full_depth4_branch1_max,30,0.0,0.0,0.0,0.0,0.0,0.0,1.0,True,1.0
ablation,ablation,opaque_dependency_l6,training,error_rate,full_aassr,full_depth4_branch1_max,30,0.0,0.0,0.0,0.0,0.0,0.0,1.0,True,1.0
ablation,ablation,opaque_dependency_l6,training,learning_auc,full_aassr,full_depth4_branch1_max,30,0.35566116391529096,0.33526763381690844,0.020393530098382528,-0.019201267300316814,0.05962981490745373,0.18024074775831903,0.3265336733163342,True,1.0
ablation,ablation,opaque_dependency_l6,training,final_tail_success,full_aassr,full_depth4_branch1_max,30,0.534,0.4995,0.0345,-0.027,0.09166666666666669,0.20174504821419467,0.27453627318634066,True,1.0
ablation,ablation,opaque_dependency_l6,training,first_success_real_transitions,full_aassr,full_depth4_branch1_max,30,332.6,282.2,50.4,-13.4,129.6,0.24167870256880067,0.21353932303384832,True,1.0
ablation,ablation,opaque_dependency_l6,training,success,full_aassr,full_depth4_branch1_mean,30,0.35561666666666664,0.33521666666666666,0.020400000000000005,-0.020116666666666665,0.060583333333333336,0.18030805185536178,0.32983350832458375,True,1.0
ablation,ablation,opaque_dependency_l6,training,steps,full_aassr,full_depth4_branch1_mean,30,6.0,6.0,0.0,0.0,0.0,0.0,1.0,True,1.0
ablation,ablation,opaque_dependency_l6,training,high_level_steps,full_aassr,full_depth4_branch1_mean,30,6.0,6.0,0.0,0.0,0.0,0.0,1.0,True,1.0
ablation,ablation,opaque_dependency_l6,training,primitive_steps,full_aassr,full_depth4_branch1_mean,30,6.0,6.0,0.0,0.0,0.0,0.0,1.0,True,1.0
ablation,ablation,opaque_dependency_l6,training,reward,full_aassr,full_depth4_branch1_mean,30,0.35561666666666664,0.33521666666666666,0.020400000000000005,-0.019916666666666662,0.05935,0.18030805185536178,0.3336333183340833,True,1.0
ablation,ablation,opaque_dependency_l6,training,errors,full_aassr,full_depth4_branch1_mean,30,0.0,0.0,0.0,0.0,0.0,0.0,1.0,True,1.0
ablation,ablation,opaque_dependency_l6,training,repeats,full_aassr,full_depth4_branch1_mean,30,0.0,0.0,0.0,0.0,0.0,0.0,1.0,True,1.0
ablation,ablation,opaque_dependency_l6,training,prediction_score,full_aassr,full_depth4_branch1_mean,30,0.9899861111111111,0.9899944444444445,-8.333333333328714e-06,-2.2222222222227177e-05,5.555555555573448e-06,-0.20804706700518616,0.4528773561321934,True,1.0
ablation,ablation,opaque_dependency_l6,training,holdout_score,full_aassr,full_depth4_branch1_mean,30,0.12353812622633432,0.12354595175287926,-7.825526544947189e-06,-1.9129005201660997e-05,2.3223791623223447e-06,-0.2534052561976765,0.18604069796510175,True,1.0
ablation,ablation,opaque_dependency_l6,training,holdout_gain,full_aassr,full_depth4_branch1_mean,30,6.4646491566515e-06,6.3778436010959445e-06,8.680555555555553e-08,0.0,2.604166666666666e-07,0.18257418583505536,1.0,True,1.0
ablation,ablation,opaque_dependency_l6,training,imagined_nodes,full_aassr,full_depth4_branch1_mean,30,186.4534,18.22605,168.22735,167.7649,168.6792166666667,130.82363371438086,4.999750012499375e-05,True,0.0020998950052497373
ablation,ablation,opaque_dependency_l6,training,imagination_depth,full_aassr,full_depth4_branch1_mean,30,5.444116666666667,3.8053000000000003,1.6388166666666666,1.6333,1.6442666666666665,104.46706243096376,4.999750012499375e-05,True,0.0020998950052497373
ablation,ablation,opaque_dependency_l6,training,actual_return,full_aassr,full_depth4_branch1_mean,30,0.35561666666666664,0.33521666666666666,0.020400000000000005,-0.01923333333333333,0.060583333333333336,0.18030805185536178,0.32843357832108394,True,1.0
ablation,ablation,opaque_dependency_l6,training,runtime_seconds,full_aassr,full_depth4_branch1_mean,30,0.006656164208364498,0.001962735203333917,0.004693429005030582,0.004578968250095203,0.00480594997346149,14.651003979286791,4.999750012499375e-05,True,0.0020998950052497373
ablation,ablation,opaque_dependency_l6,training,real_transitions,full_aassr,full_depth4_branch1_mean,30,6.0,6.0,0.0,0.0,0.0,0.0,1.0,True,1.0
ablation,ablation,opaque_dependency_l6,training,imagined_transitions,full_aassr,full_depth4_branch1_mean,30,186.4534,18.22605,168.22735,167.77656666666664,168.69078333333334,130.82363371438086,4.999750012499375e-05,True,0.0020998950052497373
ablation,ablation,opaque_dependency_l6,training,action_proposals,full_aassr,full_depth4_branch1_mean,30,6.0,6.0,0.0,0.0,0.0,0.0,1.0,True,1.0
ablation,ablation,opaque_dependency_l6,training,repeat_rate,full_aassr,full_depth4_branch1_mean,30,0.0,0.0,0.0,0.0,0.0,0.0,1.0,True,1.0
ablation,ablation,opaque_dependency_l6,training,error_rate,full_aassr,full_depth4_branch1_mean,30,0.0,0.0,0.0,0.0,0.0,0.0,1.0,True,1.0
ablation,ablation,opaque_dependency_l6,training,learning_auc,full_aassr,full_depth4_branch1_mean,30,0.35566116391529096,0.33526763381690844,0.020393530098382528,-0.02011005502751376,0.05880440220110055,0.18024074775831903,0.3321333933303335,True,1.0
ablation,ablation,opaque_dependency_l6,training,final_tail_success,full_aassr,full_depth4_branch1_mean,30,0.534,0.4995,0.0345,-0.02666666666666667,0.0935,0.20174504821419467,0.2728363581820909,True,1.0
ablation,ablation,opaque_dependency_l6,training,first_success_real_transitions,full_aassr,full_depth4_branch1_mean,30,332.6,282.2,50.4,-13.4,130.4,0.24167870256880067,0.21958902054897256,True,1.0
ablation,ablation,opaque_dependency_l6,training,success,full_aassr,full_depth4_branch1_risk-adjusted,30,0.35561666666666664,0.33521666666666666,0.020400000000000005,-0.019266666666666654,0.0599,0.18030805185536178,0.32458377081145945,True,1.0
ablation,ablation,opaque_dependency_l6,training,steps,full_aassr,full_depth4_branch1_risk-adjusted,30,6.0,6.0,0.0,0.0,0.0,0.0,1.0,True,1.0
ablation,ablation,opaque_dependency_l6,training,high_level_steps,full_aassr,full_depth4_branch1_risk-adjusted,30,6.0,6.0,0.0,0.0,0.0,0.0,1.0,True,1.0
ablation,ablation,opaque_dependency_l6,training,primitive_steps,full_aassr,full_depth4_branch1_risk-adjusted,30,6.0,6.0,0.0,0.0,0.0,0.0,1.0,True,1.0
ablation,ablation,opaque_dependency_l6,training,reward,full_aassr,full_depth4_branch1_risk-adjusted,30,0.35561666666666664,0.33521666666666666,0.020400000000000005,-0.018983333333333328,0.060533333333333335,0.18030805185536178,0.33173341332933354,True,1.0
ablation,ablation,opaque_dependency_l6,training,errors,full_aassr,full_depth4_branch1_risk-adjusted,30,0.0,0.0,0.0,0.0,0.0,0.0,1.0,True,1.0
ablation,ablation,opaque_dependency_l6,training,repeats,full_aassr,full_depth4_branch1_risk-adjusted,30,0.0,0.0,0.0,0.0,0.0,0.0,1.0,True,1.0
ablation,ablation,opaque_dependency_l6,training,prediction_score,full_aassr,full_depth4_branch1_risk-adjusted,30,0.9899861111111111,0.9899944444444445,-8.333333333328714e-06,-2.2222222222234576e-05,5.555555555569747e-06,-0.20804706700518616,0.4550272486375681,True,1.0
ablation,ablation,opaque_dependency_l6,training,holdout_score,full_aassr,full_depth4_branch1_risk-adjusted,30,0.12353812622633432,0.12354595175287926,-7.825526544947189e-06,-1.8820063205973735e-05,2.537465354541154e-06,-0.2534052561976765,0.18374081295935205,True,1.0
ablation,ablation,opaque_dependency_l6,training,holdout_gain,full_aassr,full_depth4_branch1_risk-adjusted,30,6.4646491566515e-06,6.3778436010959445e-06,8.680555555555553e-08,0.0,2.604166666666666e-07,0.18257418583505536,1.0,True,1.0
ablation,ablation,opaque_dependency_l6,training,imagined_nodes,full_aassr,full_depth4_branch1_risk-adjusted,30,186.4534,18.22605,168.22735,167.77453333333332,168.6769,130.82363371438086,4.999750012499375e-05,True,0.0020998950052497373
ablation,ablation,opaque_dependency_l6,training,imagination_depth,full_aassr,full_depth4_branch1_risk-adjusted,30,5.444116666666667,3.8053000000000003,1.6388166666666666,1.6334833333333334,1.6444666666666665,104.46706243096376,4.999750012499375e-05,True,0.0020998950052497373
ablation,ablation,opaque_dependency_l6,training,actual_return,full_aassr,full_depth4_branch1_risk-adjusted,30,0.35561666666666664,0.33521666666666666,0.020400000000000005,-0.021383333333333327,0.05798333333333334,0.18030805185536178,0.3311834408279586,True,1.0
ablation,ablation,opaque_dependency_l6,training,runtime_seconds,full_aassr,full_depth4_branch1_risk-adjusted,30,0.006656164208364498,0.0019719651316661233,0.004684199076698375,0.004576987293413549,0.0047886041649593,15.162390820429572,4.999750012499375e-05,True,0.0020998950052497373
ablation,ablation,opaque_dependency_l6,training,real_transitions,full_aassr,full_depth4_branch1_risk-adjusted,30,6.0,6.0,0.0,0.0,0.0,0.0,1.0,True,1.0
ablation,ablation,opaque_dependency_l6,training,imagined_transitions,full_aassr,full_depth4_branch1_risk-adjusted,30,186.4534,18.22605,168.22735,167.78716666666665,168.68516666666667,130.82363371438086,4.999750012499375e-05,True,0.0020998950052497373
ablation,ablation,opaque_dependency_l6,training,action_proposals,full_aassr,full_depth4_branch1_risk-adjusted,30,6.0,6.0,0.0,0.0,0.0,0.0,1.0,True,1.0
ablation,ablation,opaque_dependency_l6,training,repeat_rate,full_aassr,full_depth4_branch1_risk-adjusted,30,0.0,0.0,0.0,0.0,0.0,0.0,1.0,True,1.0
ablation,ablation,opaque_dependency_l6,training,error_rate,full_aassr,full_depth4_branch1_risk-adjusted,30,0.0,0.0,0.0,0.0,0.0,0.0,1.0,True,1.0
ablation,ablation,opaque_dependency_l6,training,learning_auc,full_aassr,full_depth4_branch1_risk-adjusted,30,0.35566116391529096,0.33526763381690844,0.020393530098382528,-0.01977655494413873,0.05906286476571619,0.18024074775831903,0.33633318334083295,True,1.0
ablation,ablation,opaque_dependency_l6,training,final_tail_success,full_aassr,full_depth4_branch1_risk-adjusted,30,0.534,0.4995,0.0345,-0.02533333333333333,0.09183333333333334,0.20174504821419467,0.272036398180091,True,1.0
ablation,ablation,opaque_dependency_l6,training,first_success_real_transitions,full_aassr,full_depth4_branch1_risk-adjusted,30,332.6,282.2,50.4,-13.6,129.6,0.24167870256880067,0.2184390780460977,True,1.0
ablation,ablation,opaque_dependency_l6,training,success,full_aassr,full_depth4_branch2_max,30,0.35561666666666664,0.33521666666666666,0.020400000000000005,-0.019049999999999994,0.06085,0.18030805185536178,0.33148342582870854,True,1.0
ablation,ablation,opaque_dependency_l6,training,steps,full_aassr,full_depth4_branch2_max,30,6.0,6.0,0.0,0.0,0.0,0.0,1.0,True,1.0
ablation,ablation,opaque_dependency_l6,training,high_level_steps,full_aassr,full_depth4_branch2_max,30,6.0,6.0,0.0,0.0,0.0,0.0,1.0,True,1.0
ablation,ablation,opaque_dependency_l6,training,primitive_steps,full_aassr,full_depth4_branch2_max,30,6.0,6.0,0.0,0.0,0.0,0.0,1.0,True,1.0
ablation,ablation,opaque_dependency_l6,training,reward,full_aassr,full_depth4_branch2_max,30,0.35561666666666664,0.33521666666666666,0.020400000000000005,-0.020966666666666658,0.060416666666666674,0.18030805185536178,0.3321833908304585,True,1.0
ablation,ablation,opaque_dependency_l6,training,errors,full_aassr,full_depth4_branch2_max,30,0.0,0.0,0.0,0.0,0.0,0.0,1.0,True,1.0
ablation,ablation,opaque_dependency_l6,training,repeats,full_aassr,full_depth4_branch2_max,30,0.0,0.0,0.0,0.0,0.0,0.0,1.0,True,1.0
ablation,ablation,opaque_dependency_l6,training,prediction_score,full_aassr,full_depth4_branch2_max,30,0.9899861111111111,0.9899944444444445,-8.333333333328714e-06,-2.2222222222223477e-05,5.555555555569747e-06,-0.20804706700518616,0.45792710364481776,True,1.0
ablation,ablation,opaque_dependency_l6,training,holdout_score,full_aassr,full_depth4_branch2_max,30,0.12353812622633432,0.12354595175287926,-7.825526544947189e-06,-1.8925613281723744e-05,2.6489195371135848e-06,-0.2534052561976765,0.17859107044647768,True,1.0
ablation,ablation,opaque_dependency_l6,training,holdout_gain,full_aassr,full_depth4_branch2_max,30,6.4646491566515e-06,6.3778436010959445e-06,8.680555555555553e-08,0.0,2.604166666666666e-07,0.18257418583505536,1.0,True,1.0
ablation,ablation,opaque_dependency_l6,training,imagined_nodes,full_aassr,full_depth4_branch2_max,30,186.4534,89.57891666666666,96.87448333333333,96.55343333333333,97.20236666666666,104.12519024921257,4.999750012499375e-05,True,0.0020998950052497373
ablation,ablation,opaque_dependency_l6,training,imagination_depth,full_aassr,full_depth4_branch2_max,30,5.444116666666667,3.8075833333333335,1.6365333333333332,1.6313166666666665,1.64205,107.71243968936558,4.999750012499375e-05,True,0.0020998950052497373
ablation,ablation,opaque_dependency_l6,training,actual_return,full_aassr,full_depth4_branch2_max,30,0.35561666666666664,0.33521666666666666,0.020400000000000005,-0.019716666666666657,0.05938333333333334,0.18030805185536178,0.33243337833108344,True,1.0
ablation,ablation,opaque_dependency_l6,training,runtime_seconds,full_aassr,full_depth4_branch2_max,30,0.006656164208364498,0.003987192019970583,0.0026689721883939154,0.0025176476232334002,0.0028094867652156,6.509260716470375,4.999750012499375e-05,True,0.0020998950052497373
ablation,ablation,opaque_dependency_l6,training,real_transitions,full_aassr,full_depth4_branch2_max,30,6.0,6.0,0.0,0.0,0.0,0.0,1.0,True,1.0
ablation,ablation,opaque_dependency_l6,training,imagined_transitions,full_aassr,full_depth4_branch2_max,30,186.4534,89.57891666666666,96.87448333333333,96.54158333333334,97.19896666666666,104.12519024921257,4.999750012499375e-05,True,0.0020998950052497373
ablation,ablation,opaque_dependency_l6,training,action_proposals,full_aassr,full_depth4_branch2_max,30,6.0,6.0,0.0,0.0,0.0,0.0,1.0,True,1.0
ablation,ablation,opaque_dependency_l6,training,repeat_rate,full_aassr,full_depth4_branch2_max,30,0.0,0.0,0.0,0.0,0.0,0.0,1.0,True,1.0
ablation,ablation,opaque_dependency_l6,training,error_rate,full_aassr,full_depth4_branch2_max,30,0.0,0.0,0.0,0.0,0.0,0.0,1.0,True,1.0
ablation,ablation,opaque_dependency_l6,training,learning_auc,full_aassr,full_depth4_branch2_max,30,0.35566116391529096,0.33526763381690844,0.020393530098382528,-0.019909954977488743,0.05970485242621311,0.18024074775831903,0.32868356582170893,True,1.0
ablation,ablation,opaque_dependency_l6,training,final_tail_success,full_aassr,full_depth4_branch2_max,30,0.534,0.4995,0.0345,-0.025833333333333344,0.09183333333333334,0.20174504821419467,0.27008649567521625,True,1.0
ablation,ablation,opaque_dependency_l6,training,first_success_real_transitions,full_aassr,full_depth4_branch2_max,30,332.6,282.2,50.4,-13.8,132.4,0.24167870256880067,0.21398930053497325,True,1.0
ablation,ablation,opaque_dependency_l6,training,success,full_aassr,full_depth4_branch2_mean,30,0.35561666666666664,0.33521666666666666,0.020400000000000005,-0.019383333333333322,0.059000000000000004,0.18030805185536178,0.33163341832908355,True,1.0
ablation,ablation,opaque_dependency_l6,training,steps,full_aassr,full_depth4_branch2_mean,30,6.0,6.0,0.0,0.0,0.0,0.0,1.0,True,1.0
ablation,ablation,opaque_dependency_l6,training,high_level_steps,full_aassr,full_depth4_branch2_mean,30,6.0,6.0,0.0,0.0,0.0,0.0,1.0,True,1.0
ablation,ablation,opaque_dependency_l6,training,primitive_steps,full_aassr,full_depth4_branch2_mean,30,6.0,6.0,0.0,0.0,0.0,0.0,1.0,True,1.0
ablation,ablation,opaque_dependency_l6,training,reward,full_aassr,full_depth4_branch2_mean,30,0.35561666666666664,0.33521666666666666,0.020400000000000005,-0.01975,0.059583333333333335,0.18030805185536178,0.3318834058297085,True,1.0
ablation,ablation,opaque_dependency_l6,training,errors,full_aassr,full_depth4_branch2_mean,30,0.0,0.0,0.0,0.0,0.0,0.0,1.0,True,1.0
ablation,ablation,opaque_dependency_l6,training,repeats,full_aassr,full_depth4_branch2_mean,30,0.0,0.0,0.0,0.0,0.0,0.0,1.0,True,1.0
ablation,ablation,opaque_dependency_l6,training,prediction_score,full_aassr,full_depth4_branch2_mean,30,0.9899861111111111,0.9899944444444445,-8.333333333328714e-06,-2.2222222222230877e-05,5.555555555569747e-06,-0.20804706700518616,0.455627218639068,True,1.0
ablation,ablation,opaque_dependency_l6,training,holdout_score,full_aassr,full_depth4_branch2_mean,30,0.12353812622633432,0.12354595175287926,-7.825526544947189e-06,-1.8943610973595296e-05,2.630801242165433e-06,-0.2534052561976765,0.18134093295335232,True,1.0
ablation,ablation,opaque_dependency_l6,training,holdout_gain,full_aassr,full_depth4_branch2_mean,30,6.4646491566515e-06,6.3778436010959445e-06,8.680555555555553e-08,0.0,2.604166666666666e-07,0.18257418583505536,1.0,True,1.0
ablation,ablation,opaque_dependency_l6,training,imagined_nodes,full_aassr,full_depth4_branch2_mean,30,186.4534,89.57891666666666,96.87448333333333,96.55891666666666,97.20523333333334,104.12519024921257,4.999750012499375e-05,True,0.0020998950052497373
ablation,ablation,opaque_dependency_l6,training,imagination_depth,full_aassr,full_depth4_branch2_mean,30,5.444116666666667,3.8075833333333335,1.6365333333333332,1.6312833333333332,1.64185,107.71243968936558,4.999750012499375e-05,True,0.0020998950052497373
ablation,ablation,opaque_dependency_l6,training,actual_return,full_aassr,full_depth4_branch2_mean,30,0.35561666666666664,0.33521666666666666,0.020400000000000005,-0.020266666666666662,0.05946666666666667,0.18030805185536178,0.3342832858357082,True,1.0
ablation,ablation,opaque_dependency_l6,training,runtime_seconds,full_aassr,full_depth4_branch2_mean,30,0.006656164208364498,0.0040620286699714295,0.002594135538393069,0.0024508566667413106,0.0027278086967106596,6.528766934454799,4.999750012499375e-05,True,0.0020998950052497373
ablation,ablation,opaque_dependency_l6,training,real_transitions,full_aassr,full_depth4_branch2_mean,30,6.0,6.0,0.0,0.0,0.0,0.0,1.0,True,1.0
ablation,ablation,opaque_dependency_l6,training,imagined_transitions,full_aassr,full_depth4_branch2_mean,30,186.4534,89.57891666666666,96.87448333333333,96.54981666666666,97.20841666666666,104.12519024921257,4.999750012499375e-05,True,0.0020998950052497373
ablation,ablation,opaque_dependency_l6,training,action_proposals,full_aassr,full_depth4_branch2_mean,30,6.0,6.0,0.0,0.0,0.0,0.0,1.0,True,1.0
ablation,ablation,opaque_dependency_l6,training,repeat_rate,full_aassr,full_depth4_branch2_mean,30,0.0,0.0,0.0,0.0,0.0,0.0,1.0,True,1.0
ablation,ablation,opaque_dependency_l6,training,error_rate,full_aassr,full_depth4_branch2_mean,30,0.0,0.0,0.0,0.0,0.0,0.0,1.0,True,1.0
ablation,ablation,opaque_dependency_l6,training,learning_auc,full_aassr,full_depth4_branch2_mean,30,0.35566116391529096,0.33526763381690844,0.020393530098382528,-0.01953476738369185,0.06138069034517259,0.18024074775831903,0.33788310584470777,True,1.0
ablation,ablation,opaque_dependency_l6,training,final_tail_success,full_aassr,full_depth4_branch2_mean,30,0.534,0.4995,0.0345,-0.028333333333333335,0.09200000000000001,0.20174504821419467,0.27183640817959104,True,1.0
ablation,ablation,opaque_dependency_l6,training,first_success_real_transitions,full_aassr,full_depth4_branch2_mean,30,332.6,282.2,50.4,-14.0,131.0,0.24167870256880067,0.2176391180440978,True,1.0
ablation,ablation,opaque_dependency_l6,training,success,full_aassr,full_depth4_branch2_risk-adjusted,30,0.35561666666666664,0.33521666666666666,0.020400000000000005,-0.019849999999999993,0.058800000000000005,0.18030805185536178,0.3327833608319584,True,1.0
ablation,ablation,opaque_dependency_l6,training,steps,full_aassr,full_depth4_branch2_risk-adjusted,30,6.0,6.0,0.0,0.0,0.0,0.0,1.0,True,1.0
ablation,ablation,opaque_dependency_l6,training,high_level_steps,full_aassr,full_depth4_branch2_risk-adjusted,30,6.0,6.0,0.0,0.0,0.0,0.0,1.0,True,1.0
ablation,ablation,opaque_dependency_l6,training,primitive_steps,full_aassr,full_depth4_branch2_risk-adjusted,30,6.0,6.0,0.0,0.0,0.0,0.0,1.0,True,1.0
ablation,ablation,opaque_dependency_l6,training,reward,full_aassr,full_depth4_branch2_risk-adjusted,30,0.35561666666666664,0.33521666666666666,0.020400000000000005,-0.0192,0.06071666666666667,0.18030805185536178,0.336133193340333,True,1.0
ablation,ablation,opaque_dependency_l6,training,errors,full_aassr,full_depth4_branch2_risk-adjusted,30,0.0,0.0,0.0,0.0,0.0,0.0,1.0,True,1.0
ablation,ablation,opaque_dependency_l6,training,repeats,full_aassr,full_depth4_branch2_risk-adjusted,30,0.0,0.0,0.0,0.0,0.0,0.0,1.0,True,1.0
ablation,ablation,opaque_dependency_l6,training,prediction_score,full_aassr,full_depth4_branch2_risk-adjusted,30,0.9899861111111111,0.9899944444444445,-8.333333333328714e-06,-2.2222222222227177e-05,5.555555555569747e-06,-0.20804706700518616,0.44922753862306886,True,1.0
ablation,ablation,opaque_dependency_l6,training,holdout_score,full_aassr,full_depth4_branch2_risk-adjusted,30,0.12353812622633432,0.12354595175287926,-7.825526544947189e-06,-1.920199319623191e-05,2.5574945063754535e-06,-0.2534052561976765,0.17729113544322783,True,1.0
ablation,ablation,opaque_dependency_l6,training,holdout_gain,full_aassr,full_depth4_branch2_risk-adjusted,30,6.4646491566515e-06,6.3778436010959445e-06,8.680555555555553e-08,0.0,2.604166666666666e-07,0.18257418583505536,1.0,True,1.0
ablation,ablation,opaque_dependency_l6,training,imagined_nodes,full_aassr,full_depth4_branch2_risk-adjusted,30,186.4534,89.57891666666666,96.87448333333333,96.54828333333333,97.2063,104.12519024921257,4.999750012499375e-05,True,0.0020998950052497373
ablation,ablation,opaque_dependency_l6,training,imagination_depth,full_aassr,full_depth4_branch2_risk-adjusted,30,5.444116666666667,3.8075833333333335,1.6365333333333332,1.63125,1.64185,107.71243968936558,4.999750012499375e-05,True,0.0020998950052497373
ablation,ablation,opaque_dependency_l6,training,actual_return,full_aassr,full_depth4_branch2_risk-adjusted,30,0.35561666666666664,0.33521666666666666,0.020400000000000005,-0.020816666666666657,0.060083333333333336,0.18030805185536178,0.3303834808259587,True,1.0
ablation,ablation,opaque_dependency_l6,training,runtime_seconds,full_aassr,full_depth4_branch2_risk-adjusted,30,0.006656164208364498,0.004235664046608629,0.002420500161755869,0.002289690323383062,0.0025487307368050097,6.6436545936540075,4.999750012499375e-05,True,0.0020998950052497373
ablation,ablation,opaque_dependency_l6,training,real_transitions,full_aassr,full_depth4_branch2_risk-adjusted,30,6.0,6.0,0.0,0.0,0.0,0.0,1.0,True,1.0
ablation,ablation,opaque_dependency_l6,training,imagined_transitions,full_aassr,full_depth4_branch2_risk-adjusted,30,186.4534,89.57891666666666,96.87448333333333,96.55794999999999,97.18341666666667,104.12519024921257,4.999750012499375e-05,True,0.0020998950052497373
ablation,ablation,opaque_dependency_l6,training,action_proposals,full_aassr,full_depth4_branch2_risk-adjusted,30,6.0,6.0,0.0,0.0,0.0,0.0,1.0,True,1.0
ablation,ablation,opaque_dependency_l6,training,repeat_rate,full_aassr,full_depth4_branch2_risk-adjusted,30,0.0,0.0,0.0,0.0,0.0,0.0,1.0,True,1.0
ablation,ablation,opaque_dependency_l6,training,error_rate,full_aassr,full_depth4_branch2_risk-adjusted,30,0.0,0.0,0.0,0.0,0.0,0.0,1.0,True,1.0
ablation,ablation,opaque_dependency_l6,training,learning_auc,full_aassr,full_depth4_branch2_risk-adjusted,30,0.35566116391529096,0.33526763381690844,0.020393530098382528,-0.01800900450225112,0.059963314990828756,0.18024074775831903,0.3312334383280836,True,1.0
ablation,ablation,opaque_dependency_l6,training,final_tail_success,full_aassr,full_depth4_branch2_risk-adjusted,30,0.534,0.4995,0.0345,-0.02633333333333334,0.09250000000000001,0.20174504821419467,0.2703364831758412,True,1.0
ablation,ablation,opaque_dependency_l6,training,first_success_real_transitions,full_aassr,full_depth4_branch2_risk-adjusted,30,332.6,282.2,50.4,-13.6,130.0,0.24167870256880067,0.20908954552272385,True,1.0
ablation,ablation,opaque_dependency_l6,training,success,full_aassr,full_depth4_branch4_max,30,0.35561666666666664,0.33521666666666666,0.020400000000000005,-0.02145,0.0589,0.18030805185536178,0.3274336283185841,True,1.0
ablation,ablation,opaque_dependency_l6,training,steps,full_aassr,full_depth4_branch4_max,30,6.0,6.0,0.0,0.0,0.0,0.0,1.0,True,1.0
ablation,ablation,opaque_dependency_l6,training,high_level_steps,full_aassr,full_depth4_branch4_max,30,6.0,6.0,0.0,0.0,0.0,0.0,1.0,True,1.0
ablation,ablation,opaque_dependency_l6,training,primitive_steps,full_aassr,full_depth4_branch4_max,30,6.0,6.0,0.0,0.0,0.0,0.0,1.0,True,1.0
ablation,ablation,opaque_dependency_l6,training,reward,full_aassr,full_depth4_branch4_max,30,0.35561666666666664,0.33521666666666666,0.020400000000000005,-0.020633333333333326,0.05903333333333334,0.18030805185536178,0.32433378331083446,True,1.0
ablation,ablation,opaque_dependency_l6,training,errors,full_aassr,full_depth4_branch4_max,30,0.0,0.0,0.0,0.0,0.0,0.0,1.0,True,1.0
ablation,ablation,opaque_dependency_l6,training,repeats,full_aassr,full_depth4_branch4_max,30,0.0,0.0,0.0,0.0,0.0,0.0,1.0,True,1.0
ablation,ablation,opaque_dependency_l6,training,prediction_score,full_aassr,full_depth4_branch4_max,30,0.9899861111111111,0.9899944444444445,-8.333333333328714e-06,-2.2222222222230877e-05,5.555555555569747e-06,-0.20804706700518616,0.4542272886355682,True,1.0
ablation,ablation,opaque_dependency_l6,training,holdout_score,full_aassr,full_depth4_branch4_max,30,0.12353812622633432,0.12354595175287926,-7.825526544947189e-06,-1.91348762660327e-05,2.68854258538657e-06,-0.2534052561976765,0.1791910404479776,True,1.0
ablation,ablation,opaque_dependency_l6,training,holdout_gain,full_aassr,full_depth4_branch4_max,30,6.4646491566515e-06,6.3778436010959445e-06,8.680555555555553e-08,0.0,2.604166666666666e-07,0.18257418583505536,1.0,True,1.0
ablation,ablation,opaque_dependency_l6,training,imagined_nodes,full_aassr,full_depth4_branch4_max,30,186.4534,89.57891666666666,96.87448333333333,96.5479,97.19895,104.12519024921257,4.999750012499375e-05,True,0.0020998950052497373
ablation,ablation,opaque_dependency_l6,training,imagination_depth,full_aassr,full_depth4_branch4_max,30,5.444116666666667,3.8075833333333335,1.6365333333333332,1.6313,1.6420166666666667,107.71243968936558,4.999750012499375e-05,True,0.0020998950052497373
ablation,ablation,opaque_dependency_l6,training,actual_return,full_aassr,full_depth4_branch4_max,30,0.35561666666666664,0.33521666666666666,0.020400000000000005,-0.020233333333333325,0.0586,0.18030805185536178,0.33633318334083295,True,1.0
ablation,ablation,opaque_dependency_l6,training,runtime_seconds,full_aassr,full_depth4_branch4_max,30,0.006656164208364498,0.0040569867200014416,0.002599177488363057,0.0024750596231776093,0.002726546064959742,7.244970854537535,4.999750012499375e-05,True,0.0020998950052497373
ablation,ablation,opaque_dependency_l6,training,real_transitions,full_aassr,full_depth4_branch4_max,30,6.0,6.0,0.0,0.0,0.0,0.0,1.0,True,1.0
ablation,ablation,opaque_dependency_l6,training,imagined_transitions,full_aassr,full_depth4_branch4_max,30,186.4534,89.57891666666666,96.87448333333333,96.55416666666666,97.2034,104.12519024921257,4.999750012499375e-05,True,0.0020998950052497373
ablation,ablation,opaque_dependency_l6,training,action_proposals,full_aassr,full_depth4_branch4_max,30,6.0,6.0,0.0,0.0,0.0,0.0,1.0,True,1.0
ablation,ablation,opaque_dependency_l6,training,repeat_rate,full_aassr,full_depth4_branch4_max,30,0.0,0.0,0.0,0.0,0.0,0.0,1.0,True,1.0
ablation,ablation,opaque_dependency_l6,training,error_rate,full_aassr,full_depth4_branch4_max,30,0.0,0.0,0.0,0.0,0.0,0.0,1.0,True,1.0
ablation,ablation,opaque_dependency_l6,training,learning_auc,full_aassr,full_depth4_branch4_max,30,0.35566116391529096,0.33526763381690844,0.020393530098382528,-0.019759879939969978,0.0595381023845256,0.18024074775831903,0.3376831158442078,True,1.0
ablation,ablation,opaque_dependency_l6,training,final_tail_success,full_aassr,full_depth4_branch4_max,30,0.534,0.4995,0.0345,-0.0275,0.09300000000000001,0.20174504821419467,0.27098645067746613,True,1.0
ablation,ablation,opaque_dependency_l6,training,first_success_real_transitions,full_aassr,full_depth4_branch4_max,30,332.6,282.2,50.4,-13.6,132.0,0.24167870256880067,0.2192390380480976,True,1.0
ablation,ablation,opaque_dependency_l6,training,success,full_aassr,full_depth4_branch4_mean,30,0.35561666666666664,0.33521666666666666,0.020400000000000005,-0.020199999999999996,0.05765000000000001,0.18030805185536178,0.32748362581870905,True,1.0
ablation,ablation,opaque_dependency_l6,training,steps,full_aassr,full_depth4_branch4_mean,30,6.0,6.0,0.0,0.0,0.0,0.0,1.0,True,1.0
ablation,ablation,opaque_dependency_l6,training,high_level_steps,full_aassr,full_depth4_branch4_mean,30,6.0,6.0,0.0,0.0,0.0,0.0,1.0,True,1.0
ablation,ablation,opaque_dependency_l6,training,primitive_steps,full_aassr,full_depth4_branch4_mean,30,6.0,6.0,0.0,0.0,0.0,0.0,1.0,True,1.0
ablation,ablation,opaque_dependency_l6,training,reward,full_aassr,full_depth4_branch4_mean,30,0.35561666666666664,0.33521666666666666,0.020400000000000005,-0.021583333333333333,0.06008333333333334,0.18030805185536178,0.32763361831908405,True,1.0
ablation,ablation,opaque_dependency_l6,training,errors,full_aassr,full_depth4_branch4_mean,30,0.0,0.0,0.0,0.0,0.0,0.0,1.0,True,1.0
ablation,ablation,opaque_dependency_l6,training,repeats,full_aassr,full_depth4_branch4_mean,30,0.0,0.0,0.0,0.0,0.0,0.0,1.0,True,1.0
ablation,ablation,opaque_dependency_l6,training,prediction_score,full_aassr,full_depth4_branch4_mean,30,0.9899861111111111,0.9899944444444445,-8.333333333328714e-06,-2.2222222222227177e-05,5.555555555569747e-06,-0.20804706700518616,0.447627618619069,True,1.0
ablation,ablation,opaque_dependency_l6,training,holdout_score,full_aassr,full_depth4_branch4_mean,30,0.12353812622633432,0.12354595175287926,-7.825526544947189e-06,-1.8904983866783095e-05,2.6909992868367113e-06,-0.2534052561976765,0.17649117544122794,True,1.0
ablation,ablation,opaque_dependency_l6,training,holdout_gain,full_aassr,full_depth4_branch4_mean,30,6.4646491566515e-06,6.3778436010959445e-06,8.680555555555553e-08,0.0,2.604166666666666e-07,0.18257418583505536,1.0,True,1.0
ablation,ablation,opaque_dependency_l6,training,imagined_nodes,full_aassr,full_depth4_branch4_mean,30,186.4534,89.57891666666666,96.87448333333333,96.55434999999999,97.20288333333333,104.12519024921257,4.999750012499375e-05,True,0.0020998950052497373
ablation,ablation,opaque_dependency_l6,training,imagination_depth,full_aassr,full_depth4_branch4_mean,30,5.444116666666667,3.8075833333333335,1.6365333333333332,1.6311166666666668,1.6418333333333333,107.71243968936558,4.999750012499375e-05,True,0.0020998950052497373
ablation,ablation,opaque_dependency_l6,training,actual_return,full_aassr,full_depth4_branch4_mean,30,0.35561666666666664,0.33521666666666666,0.020400000000000005,-0.020033333333333334,0.0596,0.18030805185536178,0.3318834058297085,True,1.0
ablation,ablation,opaque_dependency_l6,training,runtime_seconds,full_aassr,full_depth4_branch4_mean,30,0.006656164208364498,0.003983695748381433,0.002672468459983065,0.002530011789847534,0.002808718335016359,6.789450796104747,4.999750012499375e-05,True,0.0020998950052497373
ablation,ablation,opaque_dependency_l6,training,real_transitions,full_aassr,full_depth4_branch4_mean,30,6.0,6.0,0.0,0.0,0.0,0.0,1.0,True,1.0
ablation,ablation,opaque_dependency_l6,training,imagined_transitions,full_aassr,full_depth4_branch4_mean,30,186.4534,89.57891666666666,96.87448333333333,96.55673333333333,97.19586666666666,104.12519024921257,4.999750012499375e-05,True,0.0020998950052497373
ablation,ablation,opaque_dependency_l6,training,action_proposals,full_aassr,full_depth4_branch4_mean,30,6.0,6.0,0.0,0.0,0.0,0.0,1.0,True,1.0
ablation,ablation,opaque_dependency_l6,training,repeat_rate,full_aassr,full_depth4_branch4_mean,30,0.0,0.0,0.0,0.0,0.0,0.0,1.0,True,1.0
ablation,ablation,opaque_dependency_l6,training,error_rate,full_aassr,full_depth4_branch4_mean,30,0.0,0.0,0.0,0.0,0.0,0.0,1.0,True,1.0
ablation,ablation,opaque_dependency_l6,training,learning_auc,full_aassr,full_depth4_branch4_mean,30,0.35566116391529096,0.33526763381690844,0.020393530098382528,-0.01956811739202935,0.06028014007003502,0.18024074775831903,0.32843357832108394,True,1.0
ablation,ablation,opaque_dependency_l6,training,final_tail_success,full_aassr,full_depth4_branch4_mean,30,0.534,0.4995,0.0345,-0.025333333333333336,0.09350000000000001,0.20174504821419467,0.2709364531773411,True,1.0
ablation,ablation,opaque_dependency_l6,training,first_success_real_transitions,full_aassr,full_depth4_branch4_mean,30,332.6,282.2,50.4,-13.6,128.0,0.24167870256880067,0.21298935053247336,True,1.0
ablation,ablation,opaque_dependency_l6,training,success,full_aassr,full_depth4_branch4_risk-adjusted,30,0.35561666666666664,0.33521666666666666,0.020400000000000005,-0.018883333333333325,0.05888333333333333,0.18030805185536178,0.32973351332433376,True,1.0
ablation,ablation,opaque_dependency_l6,training,steps,full_aassr,full_depth4_branch4_risk-adjusted,30,6.0,6.0,0.0,0.0,0.0,0.0,1.0,True,1.0
ablation,ablation,opaque_dependency_l6,training,high_level_steps,full_aassr,full_depth4_branch4_risk-adjusted,30,6.0,6.0,0.0,0.0,0.0,0.0,1.0,True,1.0
ablation,ablation,opaque_dependency_l6,training,primitive_steps,full_aassr,full_depth4_branch4_risk-adjusted,30,6.0,6.0,0.0,0.0,0.0,0.0,1.0,True,1.0
ablation,ablation,opaque_dependency_l6,training,reward,full_aassr,full_depth4_branch4_risk-adjusted,30,0.35561666666666664,0.33521666666666666,0.020400000000000005,-0.0207,0.05948333333333333,0.18030805185536178,0.328133593320334,True,1.0
ablation,ablation,opaque_dependency_l6,training,errors,full_aassr,full_depth4_branch4_risk-adjusted,30,0.0,0.0,0.0,0.0,0.0,0.0,1.0,True,1.0
ablation,ablation,opaque_dependency_l6,training,repeats,full_aassr,full_depth4_branch4_risk-adjusted,30,0.0,0.0,0.0,0.0,0.0,0.0,1.0,True,1.0
ablation,ablation,opaque_dependency_l6,training,prediction_score,full_aassr,full_depth4_branch4_risk-adjusted,30,0.9899861111111111,0.9899944444444445,-8.333333333328714e-06,-2.2222222222227177e-05,5.555555555566046e-06,-0.20804706700518616,0.45472726363681815,True,1.0
ablation,ablation,opaque_dependency_l6,training,holdout_score,full_aassr,full_depth4_branch4_risk-adjusted,30,0.12353812622633432,0.12354595175287926,-7.825526544947189e-06,-1.857299480447494e-05,2.680206757641838e-06,-0.2534052561976765,0.17864106794660267,True,1.0
ablation,ablation,opaque_dependency_l6,training,holdout_gain,full_aassr,full_depth4_branch4_risk-adjusted,30,6.4646491566515e-06,6.3778436010959445e-06,8.680555555555553e-08,0.0,2.604166666666666e-07,0.18257418583505536,1.0,True,1.0
ablation,ablation,opaque_dependency_l6,training,imagined_nodes,full_aassr,full_depth4_branch4_risk-adjusted,30,186.4534,89.57891666666666,96.87448333333333,96.55298333333333,97.19955,104.12519024921257,4.999750012499375e-05,True,0.0020998950052497373
ablation,ablation,opaque_dependency_l6,training,imagination_depth,full_aassr,full_depth4_branch4_risk-adjusted,30,5.444116666666667,3.8075833333333335,1.6365333333333332,1.6312666666666664,1.642,107.71243968936558,4.999750012499375e-05,True,0.0020998950052497373
ablation,ablation,opaque_dependency_l6,training,actual_return,full_aassr,full_depth4_branch4_risk-adjusted,30,0.35561666666666664,0.33521666666666666,0.020400000000000005,-0.01921666666666666,0.060050000000000006,0.18030805185536178,0.33008349582520874,True,1.0
ablation,ablation,opaque_dependency_l6,training,runtime_seconds,full_aassr,full_depth4_branch4_risk-adjusted,30,0.006656164208364498,0.004242137368307157,0.0024140268400573406,0.0022699178168079626,0.0025556148250349604,5.866758935429136,4.999750012499375e-05,True,0.0020998950052497373
ablation,ablation,opaque_dependency_l6,training,real_transitions,full_aassr,full_depth4_branch4_risk-adjusted,30,6.0,6.0,0.0,0.0,0.0,0.0,1.0,True,1.0
ablation,ablation,opaque_dependency_l6,training,imagined_transitions,full_aassr,full_depth4_branch4_risk-adjusted,30,186.4534,89.57891666666666,96.87448333333333,96.54115,97.20773333333334,104.12519024921257,4.999750012499375e-05,True,0.0020998950052497373
ablation,ablation,opaque_dependency_l6,training,action_proposals,full_aassr,full_depth4_branch4_risk-adjusted,30,6.0,6.0,0.0,0.0,0.0,0.0,1.0,True,1.0
ablation,ablation,opaque_dependency_l6,training,repeat_rate,full_aassr,full_depth4_branch4_risk-adjusted,30,0.0,0.0,0.0,0.0,0.0,0.0,1.0,True,1.0
ablation,ablation,opaque_dependency_l6,training,error_rate,full_aassr,full_depth4_branch4_risk-adjusted,30,0.0,0.0,0.0,0.0,0.0,0.0,1.0,True,1.0
ablation,ablation,opaque_dependency_l6,training,learning_auc,full_aassr,full_depth4_branch4_risk-adjusted,30,0.35566116391529096,0.33526763381690844,0.020393530098382528,-0.020401867600466896,0.0595381023845256,0.18024074775831903,0.32893355332233387,True,1.0
ablation,ablation,opaque_dependency_l6,training,final_tail_success,full_aassr,full_depth4_branch4_risk-adjusted,30,0.534,0.4995,0.0345,-0.024500000000000004,0.09266666666666667,0.20174504821419467,0.2766861656917154,True,1.0
ablation,ablation,opaque_dependency_l6,training,first_success_real_transitions,full_aassr,full_depth4_branch4_risk-adjusted,30,332.6,282.2,50.4,-13.0,132.0,0.24167870256880067,0.21423928803559822,True,1.0
ablation,ablation,opaque_dependency_l6,training,success,full_aassr,full_depth6_branch1_max,30,0.35561666666666664,0.33521666666666666,0.020400000000000005,-0.021066666666666664,0.06066666666666666,0.18030805185536178,0.32988350582470877,True,1.0
ablation,ablation,opaque_dependency_l6,training,steps,full_aassr,full_depth6_branch1_max,30,6.0,6.0,0.0,0.0,0.0,0.0,1.0,True,1.0
ablation,ablation,opaque_dependency_l6,training,high_level_steps,full_aassr,full_depth6_branch1_max,30,6.0,6.0,0.0,0.0,0.0,0.0,1.0,True,1.0
ablation,ablation,opaque_dependency_l6,training,primitive_steps,full_aassr,full_depth6_branch1_max,30,6.0,6.0,0.0,0.0,0.0,0.0,1.0,True,1.0
ablation,ablation,opaque_dependency_l6,training,reward,full_aassr,full_depth6_branch1_max,30,0.35561666666666664,0.33521666666666666,0.020400000000000005,-0.019483333333333328,0.0587,0.18030805185536178,0.32583370831458425,True,1.0
ablation,ablation,opaque_dependency_l6,training,errors,full_aassr,full_depth6_branch1_max,30,0.0,0.0,0.0,0.0,0.0,0.0,1.0,True,1.0
ablation,ablation,opaque_dependency_l6,training,repeats,full_aassr,full_depth6_branch1_max,30,0.0,0.0,0.0,0.0,0.0,0.0,1.0,True,1.0
ablation,ablation,opaque_dependency_l6,training,prediction_score,full_aassr,full_depth6_branch1_max,30,0.9899861111111111,0.9899944444444445,-8.333333333328714e-06,-2.2222222222234576e-05,5.555555555566046e-06,-0.20804706700518616,0.4518774061296935,True,1.0
ablation,ablation,opaque_dependency_l6,training,holdout_score,full_aassr,full_depth6_branch1_max,30,0.12353812622633432,0.12354595175287926,-7.825526544947189e-06,-1.911651391942696e-05,2.716852159485398e-06,-0.2534052561976765,0.18219089045547723,True,1.0
ablation,ablation,opaque_dependency_l6,training,holdout_gain,full_aassr,full_depth6_branch1_max,30,6.4646491566515e-06,6.3778436010959445e-06,8.680555555555553e-08,0.0,2.604166666666666e-07,0.18257418583505536,1.0,True,1.0
ablation,ablation,opaque_dependency_l6,training,imagined_nodes,full_aassr,full_depth6_branch1_max,30,186.4534,20.497416666666666,165.95598333333334,165.52326666666667,166.40066666666664,131.1087215278966,4.999750012499375e-05,True,0.0020998950052497373
ablation,ablation,opaque_dependency_l6,training,imagination_depth,full_aassr,full_depth6_branch1_max,30,5.444116666666667,5.439533333333333,0.004583333333333339,0.00328333333333329,0.005966666666666764,1.2042988062989242,4.999750012499375e-05,True,0.0020998950052497373
ablation,ablation,opaque_dependency_l6,training,actual_return,full_aassr,full_depth6_branch1_max,30,0.35561666666666664,0.33521666666666666,0.020400000000000005,-0.020333333333333325,0.05968333333333334,0.18030805185536178,0.3301834908254587,True,1.0
ablation,ablation,opaque_dependency_l6,training,runtime_seconds,full_aassr,full_depth6_branch1_max,30,0.006656164208364498,0.0020366867117520694,0.004619477496612429,0.004506665023277068,0.004733500558261585,14.531841709869955,4.999750012499375e-05,True,0.0020998950052497373
ablation,ablation,opaque_dependency_l6,training,real_transitions,full_aassr,full_depth6_branch1_max,30,6.0,6.0,0.0,0.0,0.0,0.0,1.0,True,1.0
ablation,ablation,opaque_dependency_l6,training,imagined_transitions,full_aassr,full_depth6_branch1_max,30,186.4534,20.497416666666666,165.95598333333334,165.50143333333332,166.40808333333334,131.1087215278966,4.999750012499375e-05,True,0.0020998950052497373
ablation,ablation,opaque_dependency_l6,training,action_proposals,full_aassr,full_depth6_branch1_max,30,6.0,6.0,0.0,0.0,0.0,0.0,1.0,True,1.0
ablation,ablation,opaque_dependency_l6,training,repeat_rate,full_aassr,full_depth6_branch1_max,30,0.0,0.0,0.0,0.0,0.0,0.0,1.0,True,1.0
ablation,ablation,opaque_dependency_l6,training,error_rate,full_aassr,full_depth6_branch1_max,30,0.0,0.0,0.0,0.0,0.0,0.0,1.0,True,1.0
ablation,ablation,opaque_dependency_l6,training,learning_auc,full_aassr,full_depth6_branch1_max,30,0.35566116391529096,0.33526763381690844,0.020393530098382528,-0.020276805069201265,0.05960480240120059,0.18024074775831903,0.33413329333533326,True,1.0
ablation,ablation,opaque_dependency_l6,training,final_tail_success,full_aassr,full_depth6_branch1_max,30,0.534,0.4995,0.0345,-0.02966666666666666,0.09483333333333334,0.20174504821419467,0.27348632568371584,True,1.0
ablation,ablation,opaque_dependency_l6,training,first_success_real_transitions,full_aassr,full_depth6_branch1_max,30,332.6,282.2,50.4,-13.4,131.4,0.24167870256880067,0.22053897305134743,True,1.0
ablation,ablation,opaque_dependency_l6,training,success,full_aassr,full_depth6_branch1_mean,30,0.35561666666666664,0.33521666666666666,0.020400000000000005,-0.018899999999999997,0.05941666666666667,0.18030805185536178,0.32848357582120896,True,1.0
ablation,ablation,opaque_dependency_l6,training,steps,full_aassr,full_depth6_branch1_mean,30,6.0,6.0,0.0,0.0,0.0,0.0,1.0,True,1.0
ablation,ablation,opaque_dependency_l6,training,high_level_steps,full_aassr,full_depth6_branch1_mean,30,6.0,6.0,0.0,0.0,0.0,0.0,1.0,True,1.0
ablation,ablation,opaque_dependency_l6,training,primitive_steps,full_aassr,full_depth6_branch1_mean,30,6.0,6.0,0.0,0.0,0.0,0.0,1.0,True,1.0
ablation,ablation,opaque_dependency_l6,training,reward,full_aassr,full_depth6_branch1_mean,30,0.35561666666666664,0.33521666666666666,0.020400000000000005,-0.02081666666666666,0.05753333333333334,0.18030805185536178,0.3374831258437078,True,1.0
ablation,ablation,opaque_dependency_l6,training,errors,full_aassr,full_depth6_branch1_mean,30,0.0,0.0,0.0,0.0,0.0,0.0,1.0,True,1.0
ablation,ablation,opaque_dependency_l6,training,repeats,full_aassr,full_depth6_branch1_mean,30,0.0,0.0,0.0,0.0,0.0,0.0,1.0,True,1.0
ablation,ablation,opaque_dependency_l6,training,prediction_score,full_aassr,full_depth6_branch1_mean,30,0.9899861111111111,0.9899944444444445,-8.333333333328714e-06,-2.2222222222227177e-05,5.555555555569747e-06,-0.20804706700518616,0.4472776361181941,True,1.0
ablation,ablation,opaque_dependency_l6,training,holdout_score,full_aassr,full_depth6_branch1_mean,30,0.12353812622633432,0.12354595175287926,-7.825526544947189e-06,-1.9383645726150458e-05,2.891712989177194e-06,-0.2534052561976765,0.18099095045247737,True,1.0
ablation,ablation,opaque_dependency_l6,training,holdout_gain,full_aassr,full_depth6_branch1_mean,30,6.4646491566515e-06,6.3778436010959445e-06,8.680555555555553e-08,0.0,2.604166666666666e-07,0.18257418583505536,1.0,True,1.0
ablation,ablation,opaque_dependency_l6,training,imagined_nodes,full_aassr,full_depth6_branch1_mean,30,186.4534,20.497416666666666,165.95598333333334,165.51794999999998,166.40195,131.1087215278966,4.999750012499375e-05,True,0.0020998950052497373
ablation,ablation,opaque_dependency_l6,training,imagination_depth,full_aassr,full_depth6_branch1_mean,30,5.444116666666667,5.439533333333333,0.004583333333333339,0.0033333333333332624,0.005950000000000019,1.2042988062989242,4.999750012499375e-05,True,0.0020998950052497373
ablation,ablation,opaque_dependency_l6,training,actual_return,full_aassr,full_depth6_branch1_mean,30,0.35561666666666664,0.33521666666666666,0.020400000000000005,-0.01945,0.06056666666666667,0.18030805185536178,0.335883205839708,True,1.0
ablation,ablation,opaque_dependency_l6,training,runtime_seconds,full_aassr,full_depth6_branch1_mean,30,0.006656164208364498,0.0020222204749811984,0.0046339437333833,0.004523653724998198,0.004737090615121512,15.265646920153415,4.999750012499375e-05,True,0.0020998950052497373
ablation,ablation,opaque_dependency_l6,training,real_transitions,full_aassr,full_depth6_branch1_mean,30,6.0,6.0,0.0,0.0,0.0,0.0,1.0,True,1.0
ablation,ablation,opaque_dependency_l6,training,imagined_transitions,full_aassr,full_depth6_branch1_mean,30,186.4534,20.497416666666666,165.95598333333334,165.52196666666666,166.3899,131.1087215278966,4.999750012499375e-05,True,0.0020998950052497373
ablation,ablation,opaque_dependency_l6,training,action_proposals,full_aassr,full_depth6_branch1_mean,30,6.0,6.0,0.0,0.0,0.0,0.0,1.0,True,1.0
ablation,ablation,opaque_dependency_l6,training,repeat_rate,full_aassr,full_depth6_branch1_mean,30,0.0,0.0,0.0,0.0,0.0,0.0,1.0,True,1.0
ablation,ablation,opaque_dependency_l6,training,error_rate,full_aassr,full_depth6_branch1_mean,30,0.0,0.0,0.0,0.0,0.0,0.0,1.0,True,1.0
ablation,ablation,opaque_dependency_l6,training,learning_auc,full_aassr,full_depth6_branch1_mean,30,0.35566116391529096,0.33526763381690844,0.020393530098382528,-0.019943304985826246,0.061038852759713186,0.18024074775831903,0.3297835108244588,True,1.0
ablation,ablation,opaque_dependency_l6,training,final_tail_success,full_aassr,full_depth6_branch1_mean,30,0.534,0.4995,0.0345,-0.02783333333333334,0.095,0.20174504821419467,0.2724863756812159,True,1.0
ablation,ablation,opaque_dependency_l6,training,first_success_real_transitions,full_aassr,full_depth6_branch1_mean,30,332.6,282.2,50.4,-13.8,131.6,0.24167870256880067,0.223938803059847,True,1.0
ablation,ablation,opaque_dependency_l6,training,success,full_aassr,full_depth6_branch1_risk-adjusted,30,0.35561666666666664,0.33521666666666666,0.020400000000000005,-0.019000000000000003,0.05900000000000001,0.18030805185536178,0.3293335333233338,True,1.0
ablation,ablation,opaque_dependency_l6,training,steps,full_aassr,full_depth6_branch1_risk-adjusted,30,6.0,6.0,0.0,0.0,0.0,0.0,1.0,True,1.0
ablation,ablation,opaque_dependency_l6,training,high_level_steps,full_aassr,full_depth6_branch1_risk-adjusted,30,6.0,6.0,0.0,0.0,0.0,0.0,1.0,True,1.0
ablation,ablation,opaque_dependency_l6,training,primitive_steps,full_aassr,full_depth6_branch1_risk-adjusted,30,6.0,6.0,0.0,0.0,0.0,0.0,1.0,True,1.0
ablation,ablation,opaque_dependency_l6,training,reward,full_aassr,full_depth6_branch1_risk-adjusted,30,0.35561666666666664,0.33521666666666666,0.020400000000000005,-0.019033333333333326,0.06006666666666667,0.18030805185536178,0.3301834908254587,True,1.0
ablation,ablation,opaque_dependency_l6,training,errors,full_aassr,full_depth6_branch1_risk-adjusted,30,0.0,0.0,0.0,0.0,0.0,0.0,1.0,True,1.0
ablation,ablation,opaque_dependency_l6,training,repeats,full_aassr,full_depth6_branch1_risk-adjusted,30,0.0,0.0,0.0,0.0,0.0,0.0,1.0,True,1.0
ablation,ablation,opaque_dependency_l6,training,prediction_score,full_aassr,full_depth6_branch1_risk-adjusted,30,0.9899861111111111,0.9899944444444445,-8.333333333328714e-06,-2.2222222222230877e-05,5.555555555569747e-06,-0.20804706700518616,0.45637718114094294,True,1.0
ablation,ablation,opaque_dependency_l6,training,holdout_score,full_aassr,full_depth6_branch1_risk-adjusted,30,0.12353812622633432,0.12354595175287926,-7.825526544947189e-06,-1.91589096042305e-05,2.7554819279920762e-06,-0.2534052561976765,0.18374081295935205,True,1.0
ablation,ablation,opaque_dependency_l6,training,holdout_gain,full_aassr,full_depth6_branch1_risk-adjusted,30,6.4646491566515e-06,6.3778436010959445e-06,8.680555555555553e-08,0.0,2.604166666666666e-07,0.18257418583505536,1.0,True,1.0
ablation,ablation,opaque_dependency_l6,training,imagined_nodes,full_aassr,full_depth6_branch1_risk-adjusted,30,186.4534,20.497416666666666,165.95598333333334,165.51476666666667,166.39406666666667,131.1087215278966,4.999750012499375e-05,True,0.0020998950052497373
ablation,ablation,opaque_dependency_l6,training,imagination_depth,full_aassr,full_depth6_branch1_risk-adjusted,30,5.444116666666667,5.439533333333333,0.004583333333333339,0.003316666666666605,0.005966666666666587,1.2042988062989242,4.999750012499375e-05,True,0.0020998950052497373
ablation,ablation,opaque_dependency_l6,training,actual_return,full_aassr,full_depth6_branch1_risk-adjusted,30,0.35561666666666664,0.33521666666666666,0.020400000000000005,-0.020266666666666662,0.06088333333333333,0.18030805185536178,0.3354332283385831,True,1.0
ablation,ablation,opaque_dependency_l6,training,runtime_seconds,full_aassr,full_depth6_branch1_risk-adjusted,30,0.006656164208364498,0.0020280114349758758,0.004628152773388623,0.004520957566781241,0.004734526891740583,15.416565446301375,4.999750012499375e-05,True,0.0020998950052497373
ablation,ablation,opaque_dependency_l6,training,real_transitions,full_aassr,full_depth6_branch1_risk-adjusted,30,6.0,6.0,0.0,0.0,0.0,0.0,1.0,True,1.0
ablation,ablation,opaque_dependency_l6,training,imagined_transitions,full_aassr,full_depth6_branch1_risk-adjusted,30,186.4534,20.497416666666666,165.95598333333334,165.52885,166.42558333333332,131.1087215278966,4.999750012499375e-05,True,0.0020998950052497373
ablation,ablation,opaque_dependency_l6,training,action_proposals,full_aassr,full_depth6_branch1_risk-adjusted,30,6.0,6.0,0.0,0.0,0.0,0.0,1.0,True,1.0
ablation,ablation,opaque_dependency_l6,training,repeat_rate,full_aassr,full_depth6_branch1_risk-adjusted,30,0.0,0.0,0.0,0.0,0.0,0.0,1.0,True,1.0
ablation,ablation,opaque_dependency_l6,training,error_rate,full_aassr,full_depth6_branch1_risk-adjusted,30,0.0,0.0,0.0,0.0,0.0,0.0,1.0,True,1.0
ablation,ablation,opaque_dependency_l6,training,learning_auc,full_aassr,full_depth6_branch1_risk-adjusted,30,0.35566116391529096,0.33526763381690844,0.020393530098382528,-0.020868767717191924,0.05929631482407871,0.18024074775831903,0.3316834158292085,True,1.0
ablation,ablation,opaque_dependency_l6,training,final_tail_success,full_aassr,full_depth6_branch1_risk-adjusted,30,0.534,0.4995,0.0345,-0.026666666666666672,0.09366666666666666,0.20174504821419467,0.27328633568321586,True,1.0
ablation,ablation,opaque_dependency_l6,training,first_success_real_transitions,full_aassr,full_depth6_branch1_risk-adjusted,30,332.6,282.2,50.4,-13.4,132.2,0.24167870256880067,0.22033898305084745,True,1.0
ablation,ablation,opaque_dependency_l6,training,success,full_aassr,full_depth6_branch2_max,30,0.35561666666666664,0.33521666666666666,0.020400000000000005,-0.020199999999999996,0.0599,0.18030805185536178,0.33023348832558375,True,1.0
ablation,ablation,opaque_dependency_l6,training,steps,full_aassr,full_depth6_branch2_max,30,6.0,6.0,0.0,0.0,0.0,0.0,1.0,True,1.0
ablation,ablation,opaque_dependency_l6,training,high_level_steps,full_aassr,full_depth6_branch2_max,30,6.0,6.0,0.0,0.0,0.0,0.0,1.0,True,1.0
ablation,ablation,opaque_dependency_l6,training,primitive_steps,full_aassr,full_depth6_branch2_max,30,6.0,6.0,0.0,0.0,0.0,0.0,1.0,True,1.0
ablation,ablation,opaque_dependency_l6,training,reward,full_aassr,full_depth6_branch2_max,30,0.35561666666666664,0.33521666666666666,0.020400000000000005,-0.019849999999999993,0.060016666666666676,0.18030805185536178,0.3321833908304585,True,1.0
ablation,ablation,opaque_dependency_l6,training,errors,full_aassr,full_depth6_branch2_max,30,0.0,0.0,0.0,0.0,0.0,0.0,1.0,True,1.0
ablation,ablation,opaque_dependency_l6,training,repeats,full_aassr,full_depth6_branch2_max,30,0.0,0.0,0.0,0.0,0.0,0.0,1.0,True,1.0
ablation,ablation,opaque_dependency_l6,training,prediction_score,full_aassr,full_depth6_branch2_max,30,0.9899861111111111,0.9899944444444445,-8.333333333328714e-06,-2.2222222222227177e-05,5.555555555569747e-06,-0.20804706700518616,0.464076796160192,True,1.0
ablation,ablation,opaque_dependency_l6,training,holdout_score,full_aassr,full_depth6_branch2_max,30,0.12353812622633432,0.12354595175287926,-7.825526544947189e-06,-1.9430209542119677e-05,2.533613405479122e-06,-0.2534052561976765,0.18049097545122744,True,1.0
ablation,ablation,opaque_dependency_l6,training,holdout_gain,full_aassr,full_depth6_branch2_max,30,6.4646491566515e-06,6.3778436010959445e-06,8.680555555555553e-08,0.0,2.604166666666666e-07,0.18257418583505536,1.0,True,1.0
ablation,ablation,opaque_dependency_l6,training,imagined_nodes,full_aassr,full_depth6_branch2_max,30,186.4534,186.45551666666668,-0.002116666666664931,-0.006566666666661073,0.0017500000000012506,-0.17747934946668975,0.3875806209689516,True,1.0
ablation,ablation,opaque_dependency_l6,training,imagination_depth,full_aassr,full_depth6_branch2_max,30,5.444116666666667,5.4443166666666665,-0.00020000000000000757,-0.00046666666666661527,-2.960594732333751e-17,-0.3010398644698666,0.1846907654617269,True,1.0
ablation,ablation,opaque_dependency_l6,training,actual_return,full_aassr,full_depth6_branch2_max,30,0.35561666666666664,0.33521666666666666,0.020400000000000005,-0.019933333333333327,0.0592,0.18030805185536178,0.3304834758262087,True,1.0
ablation,ablation,opaque_dependency_l6,training,runtime_seconds,full_aassr,full_depth6_branch2_max,30,0.006656164208364498,0.0066809857933214515,-2.4821584956953378e-05,-0.00022525363162130828,0.00017427828494934744,-0.044157393365787875,0.8152592370381481,True,1.0
ablation,ablation,opaque_dependency_l6,training,real_transitions,full_aassr,full_depth6_branch2_max,30,6.0,6.0,0.0,0.0,0.0,0.0,1.0,True,1.0
ablation,ablation,opaque_dependency_l6,training,imagined_transitions,full_aassr,full_depth6_branch2_max,30,186.4534,186.45551666666668,-0.002116666666664931,-0.006483333333328763,0.0018833333333333258,-0.17747934946668975,0.3880305984700765,True,1.0
ablation,ablation,opaque_dependency_l6,training,action_proposals,full_aassr,full_depth6_branch2_max,30,6.0,6.0,0.0,0.0,0.0,0.0,1.0,True,1.0
ablation,ablation,opaque_dependency_l6,training,repeat_rate,full_aassr,full_depth6_branch2_max,30,0.0,0.0,0.0,0.0,0.0,0.0,1.0,True,1.0
ablation,ablation,opaque_dependency_l6,training,error_rate,full_aassr,full_depth6_branch2_max,30,0.0,0.0,0.0,0.0,0.0,0.0,1.0,True,1.0
ablation,ablation,opaque_dependency_l6,training,learning_auc,full_aassr,full_depth6_branch2_max,30,0.35566116391529096,0.33526763381690844,0.020393530098382528,-0.020201767550441885,0.05995497748874438,0.18024074775831903,0.327683615819209,True,1.0
ablation,ablation,opaque_dependency_l6,training,final_tail_success,full_aassr,full_depth6_branch2_max,30,0.534,0.4995,0.0345,-0.027000000000000003,0.0935,0.20174504821419467,0.2777361131943403,True,1.0
ablation,ablation,opaque_dependency_l6,training,first_success_real_transitions,full_aassr,full_depth6_branch2_max,30,332.6,282.2,50.4,-13.8,131.8,0.24167870256880067,0.21723913804309786,True,1.0
ablation,ablation,opaque_dependency_l6,training,success,full_aassr,full_depth6_branch2_mean,30,0.35561666666666664,0.33521666666666666,0.020400000000000005,-0.02124999999999999,0.05895000000000001,0.18030805185536178,0.335883205839708,True,1.0
ablation,ablation,opaque_dependency_l6,training,steps,full_aassr,full_depth6_branch2_mean,30,6.0,6.0,0.0,0.0,0.0,0.0,1.0,True,1.0
ablation,ablation,opaque_dependency_l6,training,high_level_steps,full_aassr,full_depth6_branch2_mean,30,6.0,6.0,0.0,0.0,0.0,0.0,1.0,True,1.0
ablation,ablation,opaque_dependency_l6,training,primitive_steps,full_aassr,full_depth6_branch2_mean,30,6.0,6.0,0.0,0.0,0.0,0.0,1.0,True,1.0
ablation,ablation,opaque_dependency_l6,training,reward,full_aassr,full_depth6_branch2_mean,30,0.35561666666666664,0.33521666666666666,0.020400000000000005,-0.0197,0.060316666666666664,0.18030805185536178,0.32903354832258386,True,1.0
ablation,ablation,opaque_dependency_l6,training,errors,full_aassr,full_depth6_branch2_mean,30,0.0,0.0,0.0,0.0,0.0,0.0,1.0,True,1.0
ablation,ablation,opaque_dependency_l6,training,repeats,full_aassr,full_depth6_branch2_mean,30,0.0,0.0,0.0,0.0,0.0,0.0,1.0,True,1.0
ablation,ablation,opaque_dependency_l6,training,prediction_score,full_aassr,full_depth6_branch2_mean,30,0.9899861111111111,0.9899944444444445,-8.333333333328714e-06,-2.2222222222230877e-05,5.555555555569747e-06,-0.20804706700518616,0.45957702114894255,True,1.0
ablation,ablation,opaque_dependency_l6,training,holdout_score,full_aassr,full_depth6_branch2_mean,30,0.12353812622633432,0.12354595175287926,-7.825526544947189e-06,-1.943762179801902e-05,2.6322622225673682e-06,-0.2534052561976765,0.1871406429678516,True,1.0
ablation,ablation,opaque_dependency_l6,training,holdout_gain,full_aassr,full_depth6_branch2_mean,30,6.4646491566515e-06,6.3778436010959445e-06,8.680555555555553e-08,0.0,2.604166666666666e-07,0.18257418583505536,1.0,True,1.0
ablation,ablation,opaque_dependency_l6,training,imagined_nodes,full_aassr,full_depth6_branch2_mean,30,186.4534,186.45551666666668,-0.002116666666664931,-0.006499999999994089,0.0018500000000007807,-0.17747934946668975,0.3982800859957002,True,1.0
ablation,ablation,opaque_dependency_l6,training,imagination_depth,full_aassr,full_depth6_branch2_mean,30,5.444116666666667,5.4443166666666665,-0.00020000000000000757,-0.00045000000000001706,-2.960594732333751e-17,-0.3010398644698666,0.18499075046247687,True,1.0
ablation,ablation,opaque_dependency_l6,training,actual_return,full_aassr,full_depth6_branch2_mean,30,0.35561666666666664,0.33521666666666666,0.020400000000000005,-0.019666666666666662,0.060200000000000004,0.18030805185536178,0.3306334683265837,True,1.0
ablation,ablation,opaque_dependency_l6,training,runtime_seconds,full_aassr,full_depth6_branch2_mean,30,0.006656164208364498,0.006597798188295564,5.836602006893367e-05,-0.0001368714149420459,0.0002562244067899883,0.10437244520487313,0.5750712464376782,True,1.0
ablation,ablation,opaque_dependency_l6,training,real_transitions,full_aassr,full_depth6_branch2_mean,30,6.0,6.0,0.0,0.0,0.0,0.0,1.0,True,1.0
ablation,ablation,opaque_dependency_l6,training,imagined_transitions,full_aassr,full_depth6_branch2_mean,30,186.4534,186.45551666666668,-0.002116666666664931,-0.006483333333330658,0.0018333333333335608,-0.17747934946668975,0.39423028848557573,True,1.0
ablation,ablation,opaque_dependency_l6,training,action_proposals,full_aassr,full_depth6_branch2_mean,30,6.0,6.0,0.0,0.0,0.0,0.0,1.0,True,1.0
ablation,ablation,opaque_dependency_l6,training,repeat_rate,full_aassr,full_depth6_branch2_mean,30,0.0,0.0,0.0,0.0,0.0,0.0,1.0,True,1.0
ablation,ablation,opaque_dependency_l6,training,error_rate,full_aassr,full_depth6_branch2_mean,30,0.0,0.0,0.0,0.0,0.0,0.0,1.0,True,1.0
ablation,ablation,opaque_dependency_l6,training,learning_auc,full_aassr,full_depth6_branch2_mean,30,0.35566116391529096,0.33526763381690844,0.020393530098382528,-0.02019343004835751,0.05986326496581625,0.18024074775831903,0.327833608319584,True,1.0
ablation,ablation,opaque_dependency_l6,training,final_tail_success,full_aassr,full_depth6_branch2_mean,30,0.534,0.4995,0.0345,-0.026666666666666675,0.09450000000000001,0.20174504821419467,0.27628618569071545,True,1.0
ablation,ablation,opaque_dependency_l6,training,first_success_real_transitions,full_aassr,full_depth6_branch2_mean,30,332.6,282.2,50.4,-14.0,131.4,0.24167870256880067,0.22018899055047247,True,1.0
ablation,ablation,opaque_dependency_l6,training,success,full_aassr,full_depth6_branch2_risk-adjusted,30,0.35561666666666664,0.33521666666666666,0.020400000000000005,-0.018683333333333326,0.05981666666666667,0.18030805185536178,0.3266336683165842,True,1.0
ablation,ablation,opaque_dependency_l6,training,steps,full_aassr,full_depth6_branch2_risk-adjusted,30,6.0,6.0,0.0,0.0,0.0,0.0,1.0,True,1.0
ablation,ablation,opaque_dependency_l6,training,high_level_steps,full_aassr,full_depth6_branch2_risk-adjusted,30,6.0,6.0,0.0,0.0,0.0,0.0,1.0,True,1.0
ablation,ablation,opaque_dependency_l6,training,primitive_steps,full_aassr,full_depth6_branch2_risk-adjusted,30,6.0,6.0,0.0,0.0,0.0,0.0,1.0,True,1.0
ablation,ablation,opaque_dependency_l6,training,reward,full_aassr,full_depth6_branch2_risk-adjusted,30,0.35561666666666664,0.33521666666666666,0.020400000000000005,-0.019933333333333327,0.05991666666666666,0.18030805185536178,0.33338333083345834,True,1.0
ablation,ablation,opaque_dependency_l6,training,errors,full_aassr,full_depth6_branch2_risk-adjusted,30,0.0,0.0,0.0,0.0,0.0,0.0,1.0,True,1.0
ablation,ablation,opaque_dependency_l6,training,repeats,full_aassr,full_depth6_branch2_risk-adjusted,30,0.0,0.0,0.0,0.0,0.0,0.0,1.0,True,1.0
ablation,ablation,opaque_dependency_l6,training,prediction_score,full_aassr,full_depth6_branch2_risk-adjusted,30,0.9899861111111111,0.9899944444444445,-8.333333333328714e-06,-2.2222222222230877e-05,5.555555555569747e-06,-0.20804706700518616,0.4535773211339433,True,1.0
ablation,ablation,opaque_dependency_l6,training,holdout_score,full_aassr,full_depth6_branch2_risk-adjusted,30,0.12353812622633432,0.12354595175287926,-7.825526544947189e-06,-1.8978216718700904e-05,2.830140816692528e-06,-0.2534052561976765,0.18369081545922702,True,1.0
ablation,ablation,opaque_dependency_l6,training,holdout_gain,full_aassr,full_depth6_branch2_risk-adjusted,30,6.4646491566515e-06,6.3778436010959445e-06,8.680555555555553e-08,0.0,2.604166666666666e-07,0.18257418583505536,1.0,True,1.0
ablation,ablation,opaque_dependency_l6,training,imagined_nodes,full_aassr,full_depth6_branch2_risk-adjusted,30,186.4534,186.45551666666668,-0.002116666666664931,-0.006599999999995513,0.001983333333332856,-0.17747934946668975,0.39003049847507626,True,1.0
ablation,ablation,opaque_dependency_l6,training,imagination_depth,full_aassr,full_depth6_branch2_risk-adjusted,30,5.444116666666667,5.4443166666666665,-0.00020000000000000757,-0.00046666666666661527,-2.960594732333751e-17,-0.3010398644698666,0.18259087045647718,True,1.0
ablation,ablation,opaque_dependency_l6,training,actual_return,full_aassr,full_depth6_branch2_risk-adjusted,30,0.35561666666666664,0.33521666666666666,0.020400000000000005,-0.019933333333333327,0.059949999999999996,0.18030805185536178,0.3313334333283336,True,1.0
ablation,ablation,opaque_dependency_l6,training,runtime_seconds,full_aassr,full_depth6_branch2_risk-adjusted,30,0.006656164208364498,0.006832737059992602,-0.00017657285162810395,-0.00035580233837439063,1.1201193384962042e-05,-0.3401932507081269,0.071946402679866,True,0.575571221438928
ablation,ablation,opaque_dependency_l6,training,real_transitions,full_aassr,full_depth6_branch2_risk-adjusted,30,6.0,6.0,0.0,0.0,0.0,0.0,1.0,True,1.0
ablation,ablation,opaque_dependency_l6,training,imagined_transitions,full_aassr,full_depth6_branch2_risk-adjusted,30,186.4534,186.45551666666668,-0.002116666666664931,-0.006483333333328763,0.0018666666666680007,-0.17747934946668975,0.39448027598620067,True,1.0
ablation,ablation,opaque_dependency_l6,training,action_proposals,full_aassr,full_depth6_branch2_risk-adjusted,30,6.0,6.0,0.0,0.0,0.0,0.0,1.0,True,1.0
ablation,ablation,opaque_dependency_l6,training,repeat_rate,full_aassr,full_depth6_branch2_risk-adjusted,30,0.0,0.0,0.0,0.0,0.0,0.0,1.0,True,1.0
ablation,ablation,opaque_dependency_l6,training,error_rate,full_aassr,full_depth6_branch2_risk-adjusted,30,0.0,0.0,0.0,0.0,0.0,0.0,1.0,True,1.0
ablation,ablation,opaque_dependency_l6,training,learning_auc,full_aassr,full_depth6_branch2_risk-adjusted,30,0.35566116391529096,0.33526763381690844,0.020393530098382528,-0.018867767216941802,0.06034684008671003,0.18024074775831903,0.3333333333333333,True,1.0
ablation,ablation,opaque_dependency_l6,training,final_tail_success,full_aassr,full_depth6_branch2_risk-adjusted,30,0.534,0.4995,0.0345,-0.02600000000000001,0.09483333333333334,0.20174504821419467,0.2766861656917154,True,1.0
ablation,ablation,opaque_dependency_l6,training,first_success_real_transitions,full_aassr,full_depth6_branch2_risk-adjusted,30,332.6,282.2,50.4,-13.2,131.8,0.24167870256880067,0.22043897805109744,True,1.0
ablation,ablation,opaque_dependency_l6,training,success,full_aassr,full_depth6_branch4_max,30,0.35561666666666664,0.33521666666666666,0.020400000000000005,-0.019699999999999992,0.060016666666666676,0.18030805185536178,0.3375331233438328,True,1.0
ablation,ablation,opaque_dependency_l6,training,steps,full_aassr,full_depth6_branch4_max,30,6.0,6.0,0.0,0.0,0.0,0.0,1.0,True,1.0
ablation,ablation,opaque_dependency_l6,training,high_level_steps,full_aassr,full_depth6_branch4_max,30,6.0,6.0,0.0,0.0,0.0,0.0,1.0,True,1.0
ablation,ablation,opaque_dependency_l6,training,primitive_steps,full_aassr,full_depth6_branch4_max,30,6.0,6.0,0.0,0.0,0.0,0.0,1.0,True,1.0
ablation,ablation,opaque_dependency_l6,training,reward,full_aassr,full_depth6_branch4_max,30,0.35561666666666664,0.33521666666666666,0.020400000000000005,-0.020866666666666662,0.05778333333333334,0.18030805185536178,0.3311334433278336,True,1.0
ablation,ablation,opaque_dependency_l6,training,errors,full_aassr,full_depth6_branch4_max,30,0.0,0.0,0.0,0.0,0.0,0.0,1.0,True,1.0
ablation,ablation,opaque_dependency_l6,training,repeats,full_aassr,full_depth6_branch4_max,30,0.0,0.0,0.0,0.0,0.0,0.0,1.0,True,1.0
ablation,ablation,opaque_dependency_l6,training,prediction_score,full_aassr,full_depth6_branch4_max,30,0.9899861111111111,0.9899944444444445,-8.333333333328714e-06,-2.2222222222227177e-05,5.555555555569747e-06,-0.20804706700518616,0.45662716864156794,True,1.0
ablation,ablation,opaque_dependency_l6,training,holdout_score,full_aassr,full_depth6_branch4_max,30,0.12353812622633432,0.12354595175287926,-7.825526544947189e-06,-1.912312711684581e-05,2.6080109174986267e-06,-0.2534052561976765,0.18019099045047748,True,1.0
ablation,ablation,opaque_dependency_l6,training,holdout_gain,full_aassr,full_depth6_branch4_max,30,6.4646491566515e-06,6.3778436010959445e-06,8.680555555555553e-08,0.0,2.604166666666666e-07,0.18257418583505536,1.0,True,1.0
ablation,ablation,opaque_dependency_l6,training,imagined_nodes,full_aassr,full_depth6_branch4_max,30,186.4534,186.45551666666668,-0.002116666666664931,-0.006583333333330188,0.0018333333333335608,-0.17747934946668975,0.3948802559872006,True,1.0
ablation,ablation,opaque_dependency_l6,training,imagination_depth,full_aassr,full_depth6_branch4_max,30,5.444116666666667,5.4443166666666665,-0.00020000000000000757,-0.00046666666666661527,-2.960594732333751e-17,-0.3010398644698666,0.18844057797110145,True,1.0
ablation,ablation,opaque_dependency_l6,training,actual_return,full_aassr,full_depth6_branch4_max,30,0.35561666666666664,0.33521666666666666,0.020400000000000005,-0.020366666666666658,0.059533333333333334,0.18030805185536178,0.33328333583320835,True,1.0
ablation,ablation,opaque_dependency_l6,training,runtime_seconds,full_aassr,full_depth6_branch4_max,30,0.006656164208364498,0.0066678427150055845,-1.1678506641086064e-05,-0.00019020535667999266,0.00017669665340848346,-0.022203655905044754,0.903454827258637,True,1.0
ablation,ablation,opaque_dependency_l6,training,real_transitions,full_aassr,full_depth6_branch4_max,30,6.0,6.0,0.0,0.0,0.0,0.0,1.0,True,1.0
ablation,ablation,opaque_dependency_l6,training,imagined_transitions,full_aassr,full_depth6_branch4_max,30,186.4534,186.45551666666668,-0.002116666666664931,-0.006533333333330423,0.0018666666666680007,-0.17747934946668975,0.39003049847507626,True,1.0
ablation,ablation,opaque_dependency_l6,training,action_proposals,full_aassr,full_depth6_branch4_max,30,6.0,6.0,0.0,0.0,0.0,0.0,1.0,True,1.0
ablation,ablation,opaque_dependency_l6,training,repeat_rate,full_aassr,full_depth6_branch4_max,30,0.0,0.0,0.0,0.0,0.0,0.0,1.0,True,1.0
ablation,ablation,opaque_dependency_l6,training,error_rate,full_aassr,full_depth6_branch4_max,30,0.0,0.0,0.0,0.0,0.0,0.0,1.0,True,1.0
ablation,ablation,opaque_dependency_l6,training,learning_auc,full_aassr,full_depth6_branch4_max,30,0.35566116391529096,0.33526763381690844,0.020393530098382528,-0.019884942471235612,0.059004502251125565,0.18024074775831903,0.336133193340333,True,1.0
ablation,ablation,opaque_dependency_l6,training,final_tail_success,full_aassr,full_depth6_branch4_max,30,0.534,0.4995,0.0345,-0.027000000000000003,0.09466666666666666,0.20174504821419467,0.2736363181840908,True,1.0
ablation,ablation,opaque_dependency_l6,training,first_success_real_transitions,full_aassr,full_depth6_branch4_max,30,332.6,282.2,50.4,-13.2,130.0,0.24167870256880067,0.2206389680515974,True,1.0
ablation,ablation,opaque_dependency_l6,training,success,full_aassr,full_depth6_branch4_mean,30,0.35561666666666664,0.33521666666666666,0.020400000000000005,-0.019633333333333326,0.06013333333333334,0.18030805185536178,0.33068346582670866,True,1.0
ablation,ablation,opaque_dependency_l6,training,steps,full_aassr,full_depth6_branch4_mean,30,6.0,6.0,0.0,0.0,0.0,0.0,1.0,True,1.0
ablation,ablation,opaque_dependency_l6,training,high_level_steps,full_aassr,full_depth6_branch4_mean,30,6.0,6.0,0.0,0.0,0.0,0.0,1.0,True,1.0
ablation,ablation,opaque_dependency_l6,training,primitive_steps,full_aassr,full_depth6_branch4_mean,30,6.0,6.0,0.0,0.0,0.0,0.0,1.0,True,1.0
ablation,ablation,opaque_dependency_l6,training,reward,full_aassr,full_depth6_branch4_mean,30,0.35561666666666664,0.33521666666666666,0.020400000000000005,-0.020099999999999993,0.0579,0.18030805185536178,0.33303334833258336,True,1.0
ablation,ablation,opaque_dependency_l6,training,errors,full_aassr,full_depth6_branch4_mean,30,0.0,0.0,0.0,0.0,0.0,0.0,1.0,True,1.0
ablation,ablation,opaque_dependency_l6,training,repeats,full_aassr,full_depth6_branch4_mean,30,0.0,0.0,0.0,0.0,0.0,0.0,1.0,True,1.0
ablation,ablation,opaque_dependency_l6,training,prediction_score,full_aassr,full_depth6_branch4_mean,30,0.9899861111111111,0.9899944444444445,-8.333333333328714e-06,-2.2222222222230877e-05,5.555555555569747e-06,-0.20804706700518616,0.4546772661366932,True,1.0
ablation,ablation,opaque_dependency_l6,training,holdout_score,full_aassr,full_depth6_branch4_mean,30,0.12353812622633432,0.12354595175287926,-7.825526544947189e-06,-1.8864753054232315e-05,2.479722219387211e-06,-0.2534052561976765,0.18169091545422728,True,1.0
ablation,ablation,opaque_dependency_l6,training,holdout_gain,full_aassr,full_depth6_branch4_mean,30,6.4646491566515e-06,6.3778436010959445e-06,8.680555555555553e-08,0.0,2.604166666666666e-07,0.18257418583505536,1.0,True,1.0
ablation,ablation,opaque_dependency_l6,training,imagined_nodes,full_aassr,full_depth6_branch4_mean,30,186.4534,186.45551666666668,-0.002116666666664931,-0.006416666666661778,0.0017666666666665757,-0.17747934946668975,0.3924303784810759,True,1.0
ablation,ablation,opaque_dependency_l6,training,imagination_depth,full_aassr,full_depth6_branch4_mean,30,5.444116666666667,5.4443166666666665,-0.00020000000000000757,-0.00045000000000001706,-5.921189464667501e-17,-0.3010398644698666,0.18529073546322683,True,1.0
ablation,ablation,opaque_dependency_l6,training,actual_return,full_aassr,full_depth6_branch4_mean,30,0.35561666666666664,0.33521666666666666,0.020400000000000005,-0.019233333333333328,0.0586,0.18030805185536178,0.33658317084145795,True,1.0
ablation,ablation,opaque_dependency_l6,training,runtime_seconds,full_aassr,full_depth6_branch4_mean,30,0.006656164208364498,0.00654453818006344,0.00011162602830105837,-7.430628005822675e-05,0.00030411870162351984,0.2026917070521182,0.2709364531773411,True,1.0
ablation,ablation,opaque_dependency_l6,training,real_transitions,full_aassr,full_depth6_branch4_mean,30,6.0,6.0,0.0,0.0,0.0,0.0,1.0,True,1.0
ablation,ablation,opaque_dependency_l6,training,imagined_transitions,full_aassr,full_depth6_branch4_mean,30,186.4534,186.45551666666668,-0.002116666666664931,-0.006583333333328293,0.001966666666667531,-0.17747934946668975,0.39388030598470075,True,1.0
ablation,ablation,opaque_dependency_l6,training,action_proposals,full_aassr,full_depth6_branch4_mean,30,6.0,6.0,0.0,0.0,0.0,0.0,1.0,True,1.0
ablation,ablation,opaque_dependency_l6,training,repeat_rate,full_aassr,full_depth6_branch4_mean,30,0.0,0.0,0.0,0.0,0.0,0.0,1.0,True,1.0
ablation,ablation,opaque_dependency_l6,training,error_rate,full_aassr,full_depth6_branch4_mean,30,0.0,0.0,0.0,0.0,0.0,0.0,1.0,True,1.0
ablation,ablation,opaque_dependency_l6,training,learning_auc,full_aassr,full_depth6_branch4_mean,30,0.35566116391529096,0.33526763381690844,0.020393530098382528,-0.020677005169251292,0.05997165249291312,0.18024074775831903,0.3301834908254587,True,1.0
ablation,ablation,opaque_dependency_l6,training,final_tail_success,full_aassr,full_depth6_branch4_mean,30,0.534,0.4995,0.0345,-0.028500000000000008,0.092,0.20174504821419467,0.27003649817509123,True,1.0
ablation,ablation,opaque_dependency_l6,training,first_success_real_transitions,full_aassr,full_depth6_branch4_mean,30,332.6,282.2,50.4,-13.6,131.6,0.24167870256880067,0.2190390480475976,True,1.0
ablation,ablation,opaque_dependency_l6,training,success,full_aassr,full_depth6_branch4_risk-adjusted,30,0.35561666666666664,0.33521666666666666,0.020400000000000005,-0.021149999999999995,0.05961666666666667,0.18030805185536178,0.3321333933303335,True,1.0
ablation,ablation,opaque_dependency_l6,training,steps,full_aassr,full_depth6_branch4_risk-adjusted,30,6.0,6.0,0.0,0.0,0.0,0.0,1.0,True,1.0
ablation,ablation,opaque_dependency_l6,training,high_level_steps,full_aassr,full_depth6_branch4_risk-adjusted,30,6.0,6.0,0.0,0.0,0.0,0.0,1.0,True,1.0
ablation,ablation,opaque_dependency_l6,training,primitive_steps,full_aassr,full_depth6_branch4_risk-adjusted,30,6.0,6.0,0.0,0.0,0.0,0.0,1.0,True,1.0
ablation,ablation,opaque_dependency_l6,training,reward,full_aassr,full_depth6_branch4_risk-adjusted,30,0.35561666666666664,0.33521666666666666,0.020400000000000005,-0.018749999999999996,0.0607,0.18030805185536178,0.3306334683265837,True,1.0
ablation,ablation,opaque_dependency_l6,training,errors,full_aassr,full_depth6_branch4_risk-adjusted,30,0.0,0.0,0.0,0.0,0.0,0.0,1.0,True,1.0
ablation,ablation,opaque_dependency_l6,training,repeats,full_aassr,full_depth6_branch4_risk-adjusted,30,0.0,0.0,0.0,0.0,0.0,0.0,1.0,True,1.0
ablation,ablation,opaque_dependency_l6,training,prediction_score,full_aassr,full_depth6_branch4_risk-adjusted,30,0.9899861111111111,0.9899944444444445,-8.333333333328714e-06,-2.2222222222230877e-05,5.555555555566046e-06,-0.20804706700518616,0.4543272836358182,True,1.0
ablation,ablation,opaque_dependency_l6,training,holdout_score,full_aassr,full_depth6_branch4_risk-adjusted,30,0.12353812622633432,0.12354595175287926,-7.825526544947189e-06,-1.9033533986547355e-05,2.4635459259916836e-06,-0.2534052561976765,0.18439078046097696,True,1.0
ablation,ablation,opaque_dependency_l6,training,holdout_gain,full_aassr,full_depth6_branch4_risk-adjusted,30,6.4646491566515e-06,6.3778436010959445e-06,8.680555555555553e-08,0.0,2.604166666666666e-07,0.18257418583505536,1.0,True,1.0
ablation,ablation,opaque_dependency_l6,training,imagined_nodes,full_aassr,full_depth6_branch4_risk-adjusted,30,186.4534,186.45551666666668,-0.002116666666664931,-0.006316666666664143,0.0018833333333333258,-0.17747934946668975,0.39058047097645116,True,1.0
ablation,ablation,opaque_dependency_l6,training,imagination_depth,full_aassr,full_depth6_branch4_risk-adjusted,30,5.444116666666667,5.4443166666666665,-0.00020000000000000757,-0.00046666666666658567,-2.960594732333751e-17,-0.3010398644698666,0.19029048547572622,True,1.0
ablation,ablation,opaque_dependency_l6,training,actual_return,full_aassr,full_depth6_branch4_risk-adjusted,30,0.35561666666666664,0.33521666666666666,0.020400000000000005,-0.02066666666666666,0.059000000000000004,0.18030805185536178,0.3342832858357082,True,1.0
ablation,ablation,opaque_dependency_l6,training,runtime_seconds,full_aassr,full_depth6_branch4_risk-adjusted,30,0.006656164208364498,0.006825443746537106,-0.0001692795381726077,-0.00034405625651512926,2.4273581947393892e-05,-0.32829665797618546,0.0815959202039898,True,0.575571221438928
ablation,ablation,opaque_dependency_l6,training,real_transitions,full_aassr,full_depth6_branch4_risk-adjusted,30,6.0,6.0,0.0,0.0,0.0,0.0,1.0,True,1.0
ablation,ablation,opaque_dependency_l6,training,imagined_transitions,full_aassr,full_depth6_branch4_risk-adjusted,30,186.4534,186.45551666666668,-0.002116666666664931,-0.006499999999995983,0.0019500000000003106,-0.17747934946668975,0.392030398480076,True,1.0
ablation,ablation,opaque_dependency_l6,training,action_proposals,full_aassr,full_depth6_branch4_risk-adjusted,30,6.0,6.0,0.0,0.0,0.0,0.0,1.0,True,1.0
ablation,ablation,opaque_dependency_l6,training,repeat_rate,full_aassr,full_depth6_branch4_risk-adjusted,30,0.0,0.0,0.0,0.0,0.0,0.0,1.0,True,1.0
ablation,ablation,opaque_dependency_l6,training,error_rate,full_aassr,full_depth6_branch4_risk-adjusted,30,0.0,0.0,0.0,0.0,0.0,0.0,1.0,True,1.0
ablation,ablation,opaque_dependency_l6,training,learning_auc,full_aassr,full_depth6_branch4_risk-adjusted,30,0.35566116391529096,0.33526763381690844,0.020393530098382528,-0.01904285476071368,0.061539102884775716,0.18024074775831903,0.3304834758262087,True,1.0
ablation,ablation,opaque_dependency_l6,training,final_tail_success,full_aassr,full_depth6_branch4_risk-adjusted,30,0.534,0.4995,0.0345,-0.02766666666666667,0.09416666666666668,0.20174504821419467,0.2724863756812159,True,1.0
ablation,ablation,opaque_dependency_l6,training,first_success_real_transitions,full_aassr,full_depth6_branch4_risk-adjusted,30,332.6,282.2,50.4,-13.4,133.2,0.24167870256880067,0.21333933303334834,True,1.0
ablation,ablation,opaque_dependency_l6,training,success,full_aassr,full_no_error_penalty,30,0.35561666666666664,0.33521666666666666,0.020400000000000005,-0.021316666666666657,0.059583333333333335,0.18030805185536178,0.32938353082345884,True,1.0
ablation,ablation,opaque_dependency_l6,training,steps,full_aassr,full_no_error_penalty,30,6.0,6.0,0.0,0.0,0.0,0.0,1.0,True,1.0
ablation,ablation,opaque_dependency_l6,training,high_level_steps,full_aassr,full_no_error_penalty,30,6.0,6.0,0.0,0.0,0.0,0.0,1.0,True,1.0
ablation,ablation,opaque_dependency_l6,training,primitive_steps,full_aassr,full_no_error_penalty,30,6.0,6.0,0.0,0.0,0.0,0.0,1.0,True,1.0
ablation,ablation,opaque_dependency_l6,training,reward,full_aassr,full_no_error_penalty,30,0.35561666666666664,0.33521666666666666,0.020400000000000005,-0.020349999999999993,0.059750000000000004,0.18030805185536178,0.33808309584520774,True,1.0
ablation,ablation,opaque_dependency_l6,training,errors,full_aassr,full_no_error_penalty,30,0.0,0.0,0.0,0.0,0.0,0.0,1.0,True,1.0
ablation,ablation,opaque_dependency_l6,training,repeats,full_aassr,full_no_error_penalty,30,0.0,0.0,0.0,0.0,0.0,0.0,1.0,True,1.0
ablation,ablation,opaque_dependency_l6,training,prediction_score,full_aassr,full_no_error_penalty,30,0.9899861111111111,0.9899944444444445,-8.333333333328714e-06,-2.2222222222227177e-05,5.555555555569747e-06,-0.20804706700518616,0.45462726863656816,True,1.0
ablation,ablation,opaque_dependency_l6,training,holdout_score,full_aassr,full_no_error_penalty,30,0.12353812622633432,0.12354595175287926,-7.825526544947189e-06,-1.9220597375786223e-05,2.626601531105962e-06,-0.2534052561976765,0.1864406779661017,True,1.0
ablation,ablation,opaque_dependency_l6,training,holdout_gain,full_aassr,full_no_error_penalty,30,6.4646491566515e-06,6.3778436010959445e-06,8.680555555555553e-08,0.0,2.604166666666666e-07,0.18257418583505536,1.0,True,1.0
ablation,ablation,opaque_dependency_l6,training,imagined_nodes,full_aassr,full_no_error_penalty,30,186.4534,186.45551666666668,-0.002116666666664931,-0.006516666666663203,0.0018333333333335608,-0.17747934946668975,0.39163041847907604,True,1.0
ablation,ablation,opaque_dependency_l6,training,imagination_depth,full_aassr,full_no_error_penalty,30,5.444116666666667,5.4443166666666665,-0.00020000000000000757,-0.00046666666666664487,-2.960594732333751e-17,-0.3010398644698666,0.19194040297985102,True,1.0
ablation,ablation,opaque_dependency_l6,training,actual_return,full_aassr,full_no_error_penalty,30,0.35561666666666664,0.33521666666666666,0.020400000000000005,-0.020999999999999998,0.059333333333333335,0.18030805185536178,0.3345332733363332,True,1.0
ablation,ablation,opaque_dependency_l6,training,runtime_seconds,full_aassr,full_no_error_penalty,30,0.006656164208364498,0.006728963691666043,-7.279948330154495e-05,-0.00019340222013852326,3.7688899957962796e-05,-0.22166616327915978,0.23943802809859507,True,1.0
ablation,ablation,opaque_dependency_l6,training,real_transitions,full_aassr,full_no_error_penalty,30,6.0,6.0,0.0,0.0,0.0,0.0,1.0,True,1.0
ablation,ablation,opaque_dependency_l6,training,imagined_transitions,full_aassr,full_no_error_penalty,30,186.4534,186.45551666666668,-0.002116666666664931,-0.006449999999996218,0.0017500000000012506,-0.17747934946668975,0.38528073596320184,True,1.0
ablation,ablation,opaque_dependency_l6,training,action_proposals,full_aassr,full_no_error_penalty,30,6.0,6.0,0.0,0.0,0.0,0.0,1.0,True,1.0
ablation,ablation,opaque_dependency_l6,training,repeat_rate,full_aassr,full_no_error_penalty,30,0.0,0.0,0.0,0.0,0.0,0.0,1.0,True,1.0
ablation,ablation,opaque_dependency_l6,training,error_rate,full_aassr,full_no_error_penalty,30,0.0,0.0,0.0,0.0,0.0,0.0,1.0,True,1.0
ablation,ablation,opaque_dependency_l6,training,learning_auc,full_aassr,full_no_error_penalty,30,0.35566116391529096,0.33526763381690844,0.020393530098382528,-0.02041854260463565,0.05907953976988494,0.18024074775831903,0.33008349582520874,True,1.0
ablation,ablation,opaque_dependency_l6,training,final_tail_success,full_aassr,full_no_error_penalty,30,0.534,0.4995,0.0345,-0.028333333333333332,0.094,0.20174504821419467,0.2752862356882156,True,1.0
ablation,ablation,opaque_dependency_l6,training,first_success_real_transitions,full_aassr,full_no_error_penalty,30,332.6,282.2,50.4,-13.4,130.6,0.24167870256880067,0.22203889805509724,True,1.0
ablation,ablation,opaque_dependency_l6,training,success,full_aassr,full_no_repeat_penalty,30,0.35561666666666664,0.33521666666666666,0.020400000000000005,-0.01994999999999999,0.05885,0.18030805185536178,0.33243337833108344,True,1.0
ablation,ablation,opaque_dependency_l6,training,steps,full_aassr,full_no_repeat_penalty,30,6.0,6.0,0.0,0.0,0.0,0.0,1.0,True,1.0
ablation,ablation,opaque_dependency_l6,training,high_level_steps,full_aassr,full_no_repeat_penalty,30,6.0,6.0,0.0,0.0,0.0,0.0,1.0,True,1.0
ablation,ablation,opaque_dependency_l6,training,primitive_steps,full_aassr,full_no_repeat_penalty,30,6.0,6.0,0.0,0.0,0.0,0.0,1.0,True,1.0
ablation,ablation,opaque_dependency_l6,training,reward,full_aassr,full_no_repeat_penalty,30,0.35561666666666664,0.33521666666666666,0.020400000000000005,-0.02061666666666666,0.06006666666666668,0.18030805185536178,0.33558322083895803,True,1.0
ablation,ablation,opaque_dependency_l6,training,errors,full_aassr,full_no_repeat_penalty,30,0.0,0.0,0.0,0.0,0.0,0.0,1.0,True,1.0
ablation,ablation,opaque_dependency_l6,training,repeats,full_aassr,full_no_repeat_penalty,30,0.0,0.0,0.0,0.0,0.0,0.0,1.0,True,1.0
ablation,ablation,opaque_dependency_l6,training,prediction_score,full_aassr,full_no_repeat_penalty,30,0.9899861111111111,0.9899944444444445,-8.333333333328714e-06,-2.2222222222227177e-05,5.555555555573448e-06,-0.20804706700518616,0.45482725863706813,True,1.0
ablation,ablation,opaque_dependency_l6,training,holdout_score,full_aassr,full_no_repeat_penalty,30,0.12353812622633432,0.12354595175287926,-7.825526544947189e-06,-1.956326333432956e-05,2.212031175348461e-06,-0.2534052561976765,0.1823908804559772,True,1.0
ablation,ablation,opaque_dependency_l6,training,holdout_gain,full_aassr,full_no_repeat_penalty,30,6.4646491566515e-06,6.3778436010959445e-06,8.680555555555553e-08,0.0,2.604166666666666e-07,0.18257418583505536,1.0,True,1.0
ablation,ablation,opaque_dependency_l6,training,imagined_nodes,full_aassr,full_no_repeat_penalty,30,186.4534,186.45551666666668,-0.002116666666664931,-0.006483333333328763,0.0018500000000007807,-0.17747934946668975,0.39308034598270086,True,1.0
ablation,ablation,opaque_dependency_l6,training,imagination_depth,full_aassr,full_no_repeat_penalty,30,5.444116666666667,5.4443166666666665,-0.00020000000000000757,-0.00046666666666661527,-2.960594732333751e-17,-0.3010398644698666,0.1814409279536023,True,1.0
ablation,ablation,opaque_dependency_l6,training,actual_return,full_aassr,full_no_repeat_penalty,30,0.35561666666666664,0.33521666666666666,0.020400000000000005,-0.019033333333333336,0.060333333333333336,0.18030805185536178,0.33553322333883306,True,1.0
ablation,ablation,opaque_dependency_l6,training,runtime_seconds,full_aassr,full_no_repeat_penalty,30,0.006656164208364498,0.006662433460034663,-6.269251670164607e-06,-0.00011541336338462636,0.0001019736667144266,-0.02048501343547508,0.9160041997900105,True,1.0
ablation,ablation,opaque_dependency_l6,training,real_transitions,full_aassr,full_no_repeat_penalty,30,6.0,6.0,0.0,0.0,0.0,0.0,1.0,True,1.0
ablation,ablation,opaque_dependency_l6,training,imagined_transitions,full_aassr,full_no_repeat_penalty,30,186.4534,186.45551666666668,-0.002116666666664931,-0.006466666666663438,0.0019500000000003106,-0.17747934946668975,0.3872806359682016,True,1.0
ablation,ablation,opaque_dependency_l6,training,action_proposals,full_aassr,full_no_repeat_penalty,30,6.0,6.0,0.0,0.0,0.0,0.0,1.0,True,1.0
ablation,ablation,opaque_dependency_l6,training,repeat_rate,full_aassr,full_no_repeat_penalty,30,0.0,0.0,0.0,0.0,0.0,0.0,1.0,True,1.0
ablation,ablation,opaque_dependency_l6,training,error_rate,full_aassr,full_no_repeat_penalty,30,0.0,0.0,0.0,0.0,0.0,0.0,1.0,True,1.0
ablation,ablation,opaque_dependency_l6,training,learning_auc,full_aassr,full_no_repeat_penalty,30,0.35566116391529096,0.33526763381690844,0.020393530098382528,-0.02028514257128564,0.0603551775887944,0.18024074775831903,0.3347332633368332,True,1.0
ablation,ablation,opaque_dependency_l6,training,final_tail_success,full_aassr,full_no_repeat_penalty,30,0.534,0.4995,0.0345,-0.025500000000000005,0.095,0.20174504821419467,0.28293585320733966,True,1.0
ablation,ablation,opaque_dependency_l6,training,first_success_real_transitions,full_aassr,full_no_repeat_penalty,30,332.6,282.2,50.4,-13.6,132.2,0.24167870256880067,0.21858907054647267,True,1.0
ablation,ablation,opaque_dependency_l6,training,success,full_aassr,full_no_validated_information,30,0.35561666666666664,0.33554999999999996,0.02006666666666667,-0.01626666666666666,0.056916666666666664,0.19052064588533973,0.3008349582520874,True,1.0
ablation,ablation,opaque_dependency_l6,training,steps,full_aassr,full_no_validated_information,30,6.0,6.0,0.0,0.0,0.0,0.0,1.0,True,1.0
ablation,ablation,opaque_dependency_l6,training,high_level_steps,full_aassr,full_no_validated_information,30,6.0,6.0,0.0,0.0,0.0,0.0,1.0,True,1.0
ablation,ablation,opaque_dependency_l6,training,primitive_steps,full_aassr,full_no_validated_information,30,6.0,6.0,0.0,0.0,0.0,0.0,1.0,True,1.0
ablation,ablation,opaque_dependency_l6,training,reward,full_aassr,full_no_validated_information,30,0.35561666666666664,0.33554999999999996,0.02006666666666667,-0.016966666666666665,0.05605,0.19052064588533973,0.3048347582620869,True,1.0
ablation,ablation,opaque_dependency_l6,training,errors,full_aassr,full_no_validated_information,30,0.0,0.0,0.0,0.0,0.0,0.0,1.0,True,1.0
ablation,ablation,opaque_dependency_l6,training,repeats,full_aassr,full_no_validated_information,30,0.0,0.0,0.0,0.0,0.0,0.0,1.0,True,1.0
ablation,ablation,opaque_dependency_l6,training,prediction_score,full_aassr,full_no_validated_information,30,0.9899861111111111,0.9899944444444445,-8.333333333328714e-06,-2.2222222222227177e-05,5.555555555566046e-06,-0.20804706700518616,0.4535773211339433,True,1.0
ablation,ablation,opaque_dependency_l6,training,holdout_score,full_aassr,full_no_validated_information,30,0.12353812622633432,0.0,0.12353812622633432,0.12345752914909357,0.12361705989592207,546.4491271082488,4.999750012499375e-05,True,0.0020998950052497373
ablation,ablation,opaque_dependency_l6,training,holdout_gain,full_aassr,full_no_validated_information,30,6.4646491566515e-06,0.0,6.4646491566515e-06,4.759817158820781e-06,8.222014861933871e-06,1.3048076841310723,4.999750012499375e-05,True,0.0029498525073746312
ablation,ablation,opaque_dependency_l6,training,imagined_nodes,full_aassr,full_no_validated_information,30,186.4534,186.45433333333332,-0.0009333333333321055,-0.005933333333329452,0.0036999999999996667,-0.06781355024633948,0.7253137343132844,True,1.0
ablation,ablation,opaque_dependency_l6,training,imagination_depth,full_aassr,full_no_validated_information,30,5.444116666666667,5.4443166666666665,-0.00020000000000000757,-0.0004833333333332431,-2.960594732333751e-17,-0.3010398644698666,0.1854907254637268,True,1.0
ablation,ablation,opaque_dependency_l6,training,actual_return,full_aassr,full_no_validated_information,30,0.35561666666666664,0.33554999999999996,0.02006666666666667,-0.016699999999999996,0.057,0.19052064588533973,0.3048347582620869,True,1.0
ablation,ablation,opaque_dependency_l6,training,runtime_seconds,full_aassr,full_no_validated_information,30,0.006656164208364498,0.00585996925495856,0.0007961949534059386,0.000701411810001203,0.0008906242918606343,3.039090733877051,4.999750012499375e-05,True,0.0020998950052497373
ablation,ablation,opaque_dependency_l6,training,real_transitions,full_aassr,full_no_validated_information,30,6.0,6.0,0.0,0.0,0.0,0.0,1.0,True,1.0
ablation,ablation,opaque_dependency_l6,training,imagined_transitions,full_aassr,full_no_validated_information,30,186.4534,186.45433333333332,-0.0009333333333321055,-0.005816666666662703,0.003966666666667606,-0.06781355024633948,0.7251137443127844,True,1.0
ablation,ablation,opaque_dependency_l6,training,action_proposals,full_aassr,full_no_validated_information,30,6.0,6.0,0.0,0.0,0.0,0.0,1.0,True,1.0
ablation,ablation,opaque_dependency_l6,training,repeat_rate,full_aassr,full_no_validated_information,30,0.0,0.0,0.0,0.0,0.0,0.0,1.0,True,1.0
ablation,ablation,opaque_dependency_l6,training,error_rate,full_aassr,full_no_validated_information,30,0.0,0.0,0.0,0.0,0.0,0.0,1.0,True,1.0
ablation,ablation,opaque_dependency_l6,training,learning_auc,full_aassr,full_no_validated_information,30,0.35566116391529096,0.33560113390028345,0.02006003001500751,-0.018592629648157406,0.05737035184258797,0.19046006092333634,0.3014349282535873,True,1.0
ablation,ablation,opaque_dependency_l6,training,final_tail_success,full_aassr,full_no_validated_information,30,0.534,0.49983333333333335,0.034166666666666665,-0.020833333333333336,0.08966666666666666,0.21440195830679382,0.24433778311084445,True,1.0
ablation,ablation,opaque_dependency_l6,training,first_success_real_transitions,full_aassr,full_no_validated_information,30,332.6,280.4,52.2,-12.8,132.8,0.25057092499225064,0.20288985550722463,True,1.0
ablation,ablation,opaque_dependency_l6,training,success,full_aassr,imagination_no_validated_value,30,0.35561666666666664,0.33554999999999996,0.02006666666666667,-0.01605,0.05733333333333334,0.19052064588533973,0.3067346632668367,True,1.0
ablation,ablation,opaque_dependency_l6,training,steps,full_aassr,imagination_no_validated_value,30,6.0,6.0,0.0,0.0,0.0,0.0,1.0,True,1.0
ablation,ablation,opaque_dependency_l6,training,high_level_steps,full_aassr,imagination_no_validated_value,30,6.0,6.0,0.0,0.0,0.0,0.0,1.0,True,1.0
ablation,ablation,opaque_dependency_l6,training,primitive_steps,full_aassr,imagination_no_validated_value,30,6.0,6.0,0.0,0.0,0.0,0.0,1.0,True,1.0
ablation,ablation,opaque_dependency_l6,training,reward,full_aassr,imagination_no_validated_value,30,0.35561666666666664,0.33554999999999996,0.02006666666666667,-0.016083333333333328,0.05656666666666667,0.19052064588533973,0.3055847207639618,True,1.0
ablation,ablation,opaque_dependency_l6,training,errors,full_aassr,imagination_no_validated_value,30,0.0,0.0,0.0,0.0,0.0,0.0,1.0,True,1.0
ablation,ablation,opaque_dependency_l6,training,repeats,full_aassr,imagination_no_validated_value,30,0.0,0.0,0.0,0.0,0.0,0.0,1.0,True,1.0
ablation,ablation,opaque_dependency_l6,training,prediction_score,full_aassr,imagination_no_validated_value,30,0.9899861111111111,0.9899944444444445,-8.333333333328714e-06,-2.2222222222227177e-05,5.555555555573448e-06,-0.20804706700518616,0.4516274186290685,True,1.0
ablation,ablation,opaque_dependency_l6,training,holdout_score,full_aassr,imagination_no_validated_value,30,0.12353812622633432,0.0,0.12353812622633432,0.12345837707279593,0.12361711680056324,546.4491271082488,4.999750012499375e-05,True,0.0020998950052497373
ablation,ablation,opaque_dependency_l6,training,holdout_gain,full_aassr,imagination_no_validated_value,30,6.4646491566515e-06,0.0,6.4646491566515e-06,4.803346523428577e-06,8.242736055662313e-06,1.3048076841310723,4.999750012499375e-05,True,0.0029498525073746312
ablation,ablation,opaque_dependency_l6,training,imagined_nodes,full_aassr,imagination_no_validated_value,30,186.4534,186.45433333333332,-0.0009333333333321055,-0.005783333333330158,0.0038999999999987265,-0.06781355024633948,0.7328633568321584,True,1.0
ablation,ablation,opaque_dependency_l6,training,imagination_depth,full_aassr,imagination_no_validated_value,30,5.444116666666667,5.4443166666666665,-0.00020000000000000757,-0.00046666666666658567,-2.960594732333751e-17,-0.3010398644698666,0.18824058797060148,True,1.0
ablation,ablation,opaque_dependency_l6,training,actual_return,full_aassr,imagination_no_validated_value,30,0.35561666666666664,0.33554999999999996,0.02006666666666667,-0.01653333333333333,0.0568,0.19052064588533973,0.30373481325933704,True,1.0
ablation,ablation,opaque_dependency_l6,training,runtime_seconds,full_aassr,imagination_no_validated_value,30,0.006656164208364498,0.005824977868378725,0.0008311863399857733,0.000738444558264746,0.0009244279683232889,3.1169724135991896,4.999750012499375e-05,True,0.0020998950052497373
ablation,ablation,opaque_dependency_l6,training,real_transitions,full_aassr,imagination_no_validated_value,30,6.0,6.0,0.0,0.0,0.0,0.0,1.0,True,1.0
ablation,ablation,opaque_dependency_l6,training,imagined_transitions,full_aassr,imagination_no_validated_value,30,186.4534,186.45433333333332,-0.0009333333333321055,-0.005866666666662468,0.0038333333333317415,-0.06781355024633948,0.7228638568071596,True,1.0
ablation,ablation,opaque_dependency_l6,training,action_proposals,full_aassr,imagination_no_validated_value,30,6.0,6.0,0.0,0.0,0.0,0.0,1.0,True,1.0
ablation,ablation,opaque_dependency_l6,training,repeat_rate,full_aassr,imagination_no_validated_value,30,0.0,0.0,0.0,0.0,0.0,0.0,1.0,True,1.0
ablation,ablation,opaque_dependency_l6,training,error_rate,full_aassr,imagination_no_validated_value,30,0.0,0.0,0.0,0.0,0.0,0.0,1.0,True,1.0
ablation,ablation,opaque_dependency_l6,training,learning_auc,full_aassr,imagination_no_validated_value,30,0.35566116391529096,0.33560113390028345,0.02006003001500751,-0.017450391862597957,0.05722861430715358,0.19046006092333634,0.3072846357682116,True,1.0
ablation,ablation,opaque_dependency_l6,training,final_tail_success,full_aassr,imagination_no_validated_value,30,0.534,0.49983333333333335,0.034166666666666665,-0.02083333333333335,0.08983333333333335,0.21440195830679382,0.2510374481275936,True,1.0
ablation,ablation,opaque_dependency_l6,training,first_success_real_transitions,full_aassr,imagination_no_validated_value,30,332.6,280.4,52.2,-11.2,130.8,0.25057092499225064,0.20328983550822458,True,1.0
ablation,ablation,opaque_dependency_l6,training,success,full_aassr,prophecy_no_imagination,30,0.35561666666666664,0.4724833333333333,-0.11686666666666667,-0.15711666666666668,-0.07393333333333335,-1.00391000065265,4.999750012499375e-05,True,0.0029498525073746312
ablation,ablation,opaque_dependency_l6,training,steps,full_aassr,prophecy_no_imagination,30,6.0,6.0,0.0,0.0,0.0,0.0,1.0,True,1.0
ablation,ablation,opaque_dependency_l6,training,high_level_steps,full_aassr,prophecy_no_imagination,30,6.0,6.0,0.0,0.0,0.0,0.0,1.0,True,1.0
ablation,ablation,opaque_dependency_l6,training,primitive_steps,full_aassr,prophecy_no_imagination,30,6.0,6.0,0.0,0.0,0.0,0.0,1.0,True,1.0
ablation,ablation,opaque_dependency_l6,training,reward,full_aassr,prophecy_no_imagination,30,0.35561666666666664,0.4724833333333333,-0.11686666666666667,-0.1595,-0.0753,-1.00391000065265,9.99950002499875e-05,True,0.004099795010249488
ablation,ablation,opaque_dependency_l6,training,errors,full_aassr,prophecy_no_imagination,30,0.0,0.0,0.0,0.0,0.0,0.0,1.0,True,1.0
ablation,ablation,opaque_dependency_l6,training,repeats,full_aassr,prophecy_no_imagination,30,0.0,0.0,0.0,0.0,0.0,0.0,1.0,True,1.0
ablation,ablation,opaque_dependency_l6,training,prediction_score,full_aassr,prophecy_no_imagination,30,0.9899861111111111,0.9899944444444445,-8.333333333328714e-06,-2.2222222222234576e-05,5.555555555569747e-06,-0.20804706700518616,0.45332733363331834,True,1.0
ablation,ablation,opaque_dependency_l6,training,holdout_score,full_aassr,prophecy_no_imagination,30,0.12353812622633432,0.12354595175287926,-7.825526544947189e-06,-1.9293756134332318e-05,2.6707345050863696e-06,-0.2534052561976765,0.18044097795110245,True,1.0
ablation,ablation,opaque_dependency_l6,training,holdout_gain,full_aassr,prophecy_no_imagination,30,6.4646491566515e-06,6.3778436010959445e-06,8.680555555555553e-08,0.0,2.604166666666666e-07,0.18257418583505536,1.0,True,1.0
ablation,ablation,opaque_dependency_l6,training,imagined_nodes,full_aassr,prophecy_no_imagination,30,186.4534,0.0,186.4534,185.97125,186.92781666666667,137.57091182476503,4.999750012499375e-05,True,0.0020998950052497373
ablation,ablation,opaque_dependency_l6,training,imagination_depth,full_aassr,prophecy_no_imagination,30,5.444116666666667,0.0,5.444116666666667,5.435483333333334,5.452716666666666,218.383998313907,4.999750012499375e-05,True,0.0020998950052497373
ablation,ablation,opaque_dependency_l6,training,actual_return,full_aassr,prophecy_no_imagination,30,0.35561666666666664,0.4724833333333333,-0.11686666666666667,-0.15705,-0.0748,-1.00391000065265,4.999750012499375e-05,True,0.0020998950052497373
ablation,ablation,opaque_dependency_l6,training,runtime_seconds,full_aassr,prophecy_no_imagination,30,0.006656164208364498,0.0012584974617260742,0.0053976667466384244,0.005298118416552703,0.005497520754834598,19.105887277640658,4.999750012499375e-05,True,0.0020998950052497373
ablation,ablation,opaque_dependency_l6,training,real_transitions,full_aassr,prophecy_no_imagination,30,6.0,6.0,0.0,0.0,0.0,0.0,1.0,True,1.0
ablation,ablation,opaque_dependency_l6,training,imagined_transitions,full_aassr,prophecy_no_imagination,30,186.4534,0.0,186.4534,185.97901666666667,186.91771666666668,137.57091182476503,4.999750012499375e-05,True,0.0020998950052497373
ablation,ablation,opaque_dependency_l6,training,action_proposals,full_aassr,prophecy_no_imagination,30,6.0,6.0,0.0,0.0,0.0,0.0,1.0,True,1.0
ablation,ablation,opaque_dependency_l6,training,repeat_rate,full_aassr,prophecy_no_imagination,30,0.0,0.0,0.0,0.0,0.0,0.0,1.0,True,1.0
ablation,ablation,opaque_dependency_l6,training,error_rate,full_aassr,prophecy_no_imagination,30,0.0,0.0,0.0,0.0,0.0,0.0,1.0,True,1.0
ablation,ablation,opaque_dependency_l6,training,learning_auc,full_aassr,prophecy_no_imagination,30,0.35566116391529096,0.4725862931465733,-0.1169251292312823,-0.15668667667166916,-0.07705519426379856,-1.0044172924775605,4.999750012499375e-05,True,0.0029498525073746312
ablation,ablation,opaque_dependency_l6,training,final_tail_success,full_aassr,prophecy_no_imagination,30,0.534,0.753,-0.21899999999999997,-0.2793333333333334,-0.1565,-1.238222735286599,4.999750012499375e-05,True,0.0029498525073746312
ablation,ablation,opaque_dependency_l6,training,first_success_real_transitions,full_aassr,prophecy_no_imagination,30,332.6,416.2,-83.6,-252.2,40.6,-0.20427540223822233,0.37353132343382833,True,1.0
ablation,ablation,opaque_dependency_l6,training,success,axis_depth=2,axis_depth=1,30,0.33521666666666666,0.33521666666666666,0.0,0.0,0.0,0.0,1.0,True,1.0
ablation,ablation,opaque_dependency_l6,training,prediction_score,axis_depth=2,axis_depth=1,30,0.9899944444444444,0.9899944444444444,0.0,0.0,0.0,0.0,1.0,True,1.0
ablation,ablation,opaque_dependency_l6,training,holdout_gain,axis_depth=2,axis_depth=1,30,6.3778436010959445e-06,6.3778436010959445e-06,0.0,0.0,0.0,0.0,1.0,True,1.0
ablation,ablation,opaque_dependency_l6,training,learning_auc,axis_depth=2,axis_depth=1,30,0.33526763381690844,0.33526763381690844,0.0,0.0,0.0,0.0,1.0,True,1.0
ablation,ablation,opaque_dependency_l6,training,final_tail_success,axis_depth=2,axis_depth=1,30,0.4995,0.4995,0.0,0.0,0.0,0.0,1.0,True,1.0
ablation,ablation,opaque_dependency_l6,training,first_success_real_transitions,axis_depth=2,axis_depth=1,30,282.2,282.2,0.0,0.0,0.0,0.0,1.0,True,1.0
ablation,ablation,opaque_dependency_l6,training,success,axis_depth=4,axis_depth=1,30,0.33521666666666666,0.33521666666666666,0.0,0.0,0.0,0.0,1.0,True,1.0
ablation,ablation,opaque_dependency_l6,training,prediction_score,axis_depth=4,axis_depth=1,30,0.9899944444444444,0.9899944444444444,0.0,0.0,0.0,0.0,1.0,True,1.0
ablation,ablation,opaque_dependency_l6,training,holdout_gain,axis_depth=4,axis_depth=1,30,6.3778436010959445e-06,6.3778436010959445e-06,0.0,0.0,0.0,0.0,1.0,True,1.0
ablation,ablation,opaque_dependency_l6,training,learning_auc,axis_depth=4,axis_depth=1,30,0.33526763381690844,0.33526763381690844,0.0,0.0,0.0,0.0,1.0,True,1.0
ablation,ablation,opaque_dependency_l6,training,final_tail_success,axis_depth=4,axis_depth=1,30,0.4995,0.4995,0.0,0.0,0.0,0.0,1.0,True,1.0
ablation,ablation,opaque_dependency_l6,training,first_success_real_transitions,axis_depth=4,axis_depth=1,30,282.2,282.2,0.0,0.0,0.0,0.0,1.0,True,1.0
ablation,ablation,opaque_dependency_l6,training,success,axis_depth=6,axis_depth=1,30,0.33521666666666666,0.33521666666666666,0.0,0.0,0.0,0.0,1.0,True,1.0
ablation,ablation,opaque_dependency_l6,training,prediction_score,axis_depth=6,axis_depth=1,30,0.9899944444444444,0.9899944444444444,0.0,0.0,0.0,0.0,1.0,True,1.0
ablation,ablation,opaque_dependency_l6,training,holdout_gain,axis_depth=6,axis_depth=1,30,6.3778436010959445e-06,6.3778436010959445e-06,0.0,0.0,0.0,0.0,1.0,True,1.0
ablation,ablation,opaque_dependency_l6,training,learning_auc,axis_depth=6,axis_depth=1,30,0.33526763381690844,0.33526763381690844,0.0,0.0,0.0,0.0,1.0,True,1.0
ablation,ablation,opaque_dependency_l6,training,final_tail_success,axis_depth=6,axis_depth=1,30,0.4995,0.4995,0.0,0.0,0.0,0.0,1.0,True,1.0
ablation,ablation,opaque_dependency_l6,training,first_success_real_transitions,axis_depth=6,axis_depth=1,30,282.2,282.2,0.0,0.0,0.0,0.0,1.0,True,1.0
ablation,ablation,opaque_dependency_l6,training,success,axis_branch=2,axis_branch=1,30,0.33521666666666666,0.33521666666666666,0.0,0.0,0.0,0.0,1.0,True,1.0
ablation,ablation,opaque_dependency_l6,training,prediction_score,axis_branch=2,axis_branch=1,30,0.9899944444444445,0.9899944444444445,0.0,0.0,0.0,0.0,1.0,True,1.0
ablation,ablation,opaque_dependency_l6,training,holdout_gain,axis_branch=2,axis_branch=1,30,6.3778436010959445e-06,6.3778436010959445e-06,0.0,0.0,0.0,0.0,1.0,True,1.0
ablation,ablation,opaque_dependency_l6,training,learning_auc,axis_branch=2,axis_branch=1,30,0.33526763381690844,0.33526763381690844,0.0,0.0,0.0,0.0,1.0,True,1.0
ablation,ablation,opaque_dependency_l6,training,final_tail_success,axis_branch=2,axis_branch=1,30,0.4995,0.4995,0.0,0.0,0.0,0.0,1.0,True,1.0
ablation,ablation,opaque_dependency_l6,training,first_success_real_transitions,axis_branch=2,axis_branch=1,30,282.2,282.2,0.0,0.0,0.0,0.0,1.0,True,1.0
ablation,ablation,opaque_dependency_l6,training,success,axis_branch=4,axis_branch=1,30,0.33521666666666666,0.33521666666666666,0.0,0.0,0.0,0.0,1.0,True,1.0
ablation,ablation,opaque_dependency_l6,training,prediction_score,axis_branch=4,axis_branch=1,30,0.9899944444444445,0.9899944444444445,0.0,0.0,0.0,0.0,1.0,True,1.0
ablation,ablation,opaque_dependency_l6,training,holdout_gain,axis_branch=4,axis_branch=1,30,6.3778436010959445e-06,6.3778436010959445e-06,0.0,0.0,0.0,0.0,1.0,True,1.0
ablation,ablation,opaque_dependency_l6,training,learning_auc,axis_branch=4,axis_branch=1,30,0.33526763381690844,0.33526763381690844,0.0,0.0,0.0,0.0,1.0,True,1.0
ablation,ablation,opaque_dependency_l6,training,final_tail_success,axis_branch=4,axis_branch=1,30,0.4995,0.4995,0.0,0.0,0.0,0.0,1.0,True,1.0
ablation,ablation,opaque_dependency_l6,training,first_success_real_transitions,axis_branch=4,axis_branch=1,30,282.2,282.2,0.0,0.0,0.0,0.0,1.0,True,1.0
ablation,ablation,opaque_dependency_l6,training,success,axis_aggregation=mean,axis_aggregation=max,30,0.33521666666666666,0.33521666666666666,0.0,0.0,0.0,0.0,1.0,True,1.0
ablation,ablation,opaque_dependency_l6,training,prediction_score,axis_aggregation=mean,axis_aggregation=max,30,0.9899944444444445,0.9899944444444445,0.0,0.0,0.0,0.0,1.0,True,1.0
ablation,ablation,opaque_dependency_l6,training,holdout_gain,axis_aggregation=mean,axis_aggregation=max,30,6.3778436010959445e-06,6.3778436010959445e-06,0.0,0.0,0.0,0.0,1.0,True,1.0
ablation,ablation,opaque_dependency_l6,training,learning_auc,axis_aggregation=mean,axis_aggregation=max,30,0.33526763381690844,0.33526763381690844,0.0,0.0,0.0,0.0,1.0,True,1.0
ablation,ablation,opaque_dependency_l6,training,final_tail_success,axis_aggregation=mean,axis_aggregation=max,30,0.4995,0.4995,0.0,0.0,0.0,0.0,1.0,True,1.0
ablation,ablation,opaque_dependency_l6,training,first_success_real_transitions,axis_aggregation=mean,axis_aggregation=max,30,282.2,282.2,0.0,0.0,0.0,0.0,1.0,True,1.0
ablation,ablation,opaque_dependency_l6,training,success,axis_aggregation=risk-adjusted,axis_aggregation=max,30,0.33521666666666666,0.33521666666666666,0.0,0.0,0.0,0.0,1.0,True,1.0
ablation,ablation,opaque_dependency_l6,training,prediction_score,axis_aggregation=risk-adjusted,axis_aggregation=max,30,0.9899944444444445,0.9899944444444445,0.0,0.0,0.0,0.0,1.0,True,1.0
ablation,ablation,opaque_dependency_l6,training,holdout_gain,axis_aggregation=risk-adjusted,axis_aggregation=max,30,6.3778436010959445e-06,6.3778436010959445e-06,0.0,0.0,0.0,0.0,1.0,True,1.0
ablation,ablation,opaque_dependency_l6,training,learning_auc,axis_aggregation=risk-adjusted,axis_aggregation=max,30,0.33526763381690844,0.33526763381690844,0.0,0.0,0.0,0.0,1.0,True,1.0
ablation,ablation,opaque_dependency_l6,training,final_tail_success,axis_aggregation=risk-adjusted,axis_aggregation=max,30,0.4995,0.4995,0.0,0.0,0.0,0.0,1.0,True,1.0
ablation,ablation,opaque_dependency_l6,training,first_success_real_transitions,axis_aggregation=risk-adjusted,axis_aggregation=max,30,282.2,282.2,0.0,0.0,0.0,0.0,1.0,True,1.0
