experiment,suite,condition,environment,model,phase,action_family,metric,seed_count,mean,sd,ci95_low,ci95_high,minimum,maximum
ablation,ablation,axis_aggregation=max,opaque_dependency_l6,axis_marginal_mean,training,ablation_axis,success,30,0.33521666666666666,0.07133779325943884,0.3112333333333333,0.36038333333333333,0.217,0.49300000000000005
ablation,ablation,axis_aggregation=max,opaque_dependency_l6,axis_marginal_mean,training,ablation_axis,prediction_score,30,0.9899944444444445,0.0005587742011924374,0.9897972222222222,0.9901861111111111,0.98875,0.9909166666666667
ablation,ablation,axis_aggregation=max,opaque_dependency_l6,axis_marginal_mean,training,ablation_axis,holdout_gain,30,6.3778436010959445e-06,4.876738246617554e-06,4.7173293468316916e-06,8.083681962278508e-06,0.0,1.7361111111111104e-05
ablation,ablation,axis_aggregation=max,opaque_dependency_l6,axis_marginal_mean,training,ablation_axis,learning_auc,30,0.33526763381690844,0.07129862756311885,0.3101717525429381,0.36103051525762886,0.21710855427713857,0.49324662331165586
ablation,ablation,axis_aggregation=max,opaque_dependency_l6,axis_marginal_mean,training,ablation_axis,final_tail_success,30,0.4995,0.10892381076570971,0.4623333333333334,0.5388333333333333,0.31,0.705
ablation,ablation,axis_aggregation=max,opaque_dependency_l6,axis_marginal_mean,training,ablation_axis,first_success_real_transitions,30,282.2,212.5148919731152,209.4,360.6,6.0,678.0
ablation,ablation,axis_aggregation=mean,opaque_dependency_l6,axis_marginal_mean,training,ablation_axis,success,30,0.33521666666666666,0.07133779325943884,0.3104333333333333,0.3602166666666667,0.217,0.49300000000000005
ablation,ablation,axis_aggregation=mean,opaque_dependency_l6,axis_marginal_mean,training,ablation_axis,prediction_score,30,0.9899944444444445,0.0005587742011924374,0.9897972222222222,0.9901916666666666,0.98875,0.9909166666666667
ablation,ablation,axis_aggregation=mean,opaque_dependency_l6,axis_marginal_mean,training,ablation_axis,holdout_gain,30,6.3778436010959445e-06,4.876738246617554e-06,4.704664743587377e-06,8.120457675711298e-06,0.0,1.7361111111111104e-05
ablation,ablation,axis_aggregation=mean,opaque_dependency_l6,axis_marginal_mean,training,ablation_axis,learning_auc,30,0.33526763381690844,0.07129862756311885,0.3101300650325163,0.3605219276304819,0.21710855427713857,0.49324662331165586
ablation,ablation,axis_aggregation=mean,opaque_dependency_l6,axis_marginal_mean,training,ablation_axis,final_tail_success,30,0.4995,0.10892381076570971,0.46116666666666667,0.5383333333333334,0.31,0.705
ablation,ablation,axis_aggregation=mean,opaque_dependency_l6,axis_marginal_mean,training,ablation_axis,first_success_real_transitions,30,282.2,212.5148919731152,208.0,356.6,6.0,678.0
ablation,ablation,axis_aggregation=risk-adjusted,opaque_dependency_l6,axis_marginal_mean,training,ablation_axis,success,30,0.33521666666666666,0.07133779325943884,0.30979999999999996,0.36029999999999995,0.217,0.49300000000000005
ablation,ablation,axis_aggregation=risk-adjusted,opaque_dependency_l6,axis_marginal_mean,training,ablation_axis,prediction_score,30,0.9899944444444445,0.0005587742011924374,0.9897916666666667,0.9901888888888889,0.98875,0.9909166666666667
ablation,ablation,axis_aggregation=risk-adjusted,opaque_dependency_l6,axis_marginal_mean,training,ablation_axis,holdout_gain,30,6.3778436010959445e-06,4.876738246617554e-06,4.716916185666187e-06,8.074078854822675e-06,0.0,1.7361111111111104e-05
ablation,ablation,axis_aggregation=risk-adjusted,opaque_dependency_l6,axis_marginal_mean,training,ablation_axis,learning_auc,30,0.33526763381690844,0.07129862756311885,0.3110305152576288,0.3605552776388194,0.21710855427713857,0.49324662331165586
ablation,ablation,axis_aggregation=risk-adjusted,opaque_dependency_l6,axis_marginal_mean,training,ablation_axis,final_tail_success,30,0.4995,0.10892381076570971,0.4613333333333333,0.5381666666666667,0.31,0.705
ablation,ablation,axis_aggregation=risk-adjusted,opaque_dependency_l6,axis_marginal_mean,training,ablation_axis,first_success_real_transitions,30,282.2,212.5148919731152,209.6,357.0,6.0,678.0
ablation,ablation,axis_branch=1,opaque_dependency_l6,axis_marginal_mean,training,ablation_axis,success,30,0.33521666666666666,0.07133779325943884,0.31085,0.3605,0.217,0.49300000000000005
ablation,ablation,axis_branch=1,opaque_dependency_l6,axis_marginal_mean,training,ablation_axis,prediction_score,30,0.9899944444444445,0.0005587742011924374,0.9897888888888888,0.9901916666666666,0.98875,0.9909166666666667
ablation,ablation,axis_branch=1,opaque_dependency_l6,axis_marginal_mean,training,ablation_axis,holdout_gain,30,6.3778436010959445e-06,4.876738246617554e-06,4.702481160814494e-06,8.10288944482785e-06,0.0,1.7361111111111104e-05
ablation,ablation,axis_branch=1,opaque_dependency_l6,axis_marginal_mean,training,ablation_axis,learning_auc,30,0.33526763381690844,0.07129862756311885,0.3109804902451226,0.36057195264298814,0.21710855427713857,0.49324662331165586
ablation,ablation,axis_branch=1,opaque_dependency_l6,axis_marginal_mean,training,ablation_axis,final_tail_success,30,0.4995,0.10892381076570971,0.46166666666666667,0.5375,0.31,0.705
ablation,ablation,axis_branch=1,opaque_dependency_l6,axis_marginal_mean,training,ablation_axis,first_success_real_transitions,30,282.2,212.5148919731152,211.2,356.4,6.0,678.0
ablation,ablation,axis_branch=2,opaque_dependency_l6,axis_marginal_mean,training,ablation_axis,success,30,0.33521666666666666,0.07133779325943884,0.30943333333333334,0.3606,0.217,0.49300000000000005
ablation,ablation,axis_branch=2,opaque_dependency_l6,axis_marginal_mean,training,ablation_axis,prediction_score,30,0.9899944444444445,0.0005587742011924374,0.9897833333333333,0.9901888888888889,0.98875,0.9909166666666667
ablation,ablation,axis_branch=2,opaque_dependency_l6,axis_marginal_mean,training,ablation_axis,holdout_gain,30,6.3778436010959445e-06,4.876738246617554e-06,4.710372345282832e-06,8.137800320318437e-06,0.0,1.7361111111111104e-05
ablation,ablation,axis_branch=2,opaque_dependency_l6,axis_marginal_mean,training,ablation_axis,learning_auc,30,0.33526763381690844,0.07129862756311885,0.31083875270968814,0.3615057528764382,0.21710855427713857,0.49324662331165586
ablation,ablation,axis_branch=2,opaque_dependency_l6,axis_marginal_mean,training,ablation_axis,final_tail_success,30,0.4995,0.10892381076570971,0.46049999999999996,0.5393333333333333,0.31,0.705
ablation,ablation,axis_branch=2,opaque_dependency_l6,axis_marginal_mean,training,ablation_axis,first_success_real_transitions,30,282.2,212.5148919731152,209.0,358.2,6.0,678.0
ablation,ablation,axis_branch=4,opaque_dependency_l6,axis_marginal_mean,training,ablation_axis,success,30,0.33521666666666666,0.07133779325943884,0.3105833333333333,0.36006666666666665,0.217,0.49300000000000005
ablation,ablation,axis_branch=4,opaque_dependency_l6,axis_marginal_mean,training,ablation_axis,prediction_score,30,0.9899944444444445,0.0005587742011924374,0.9897916666666667,0.9901888888888889,0.98875,0.9909166666666667
ablation,ablation,axis_branch=4,opaque_dependency_l6,axis_marginal_mean,training,ablation_axis,holdout_gain,30,6.3778436010959445e-06,4.876738246617554e-06,4.717300015706878e-06,8.15039824049841e-06,0.0,1.7361111111111104e-05
ablation,ablation,axis_branch=4,opaque_dependency_l6,axis_marginal_mean,training,ablation_axis,learning_auc,30,0.33526763381690844,0.07129862756311885,0.3109388027347007,0.3597715524428881,0.21710855427713857,0.49324662331165586
ablation,ablation,axis_branch=4,opaque_dependency_l6,axis_marginal_mean,training,ablation_axis,final_tail_success,30,0.4995,0.10892381076570971,0.46116666666666667,0.537,0.31,0.705
ablation,ablation,axis_branch=4,opaque_dependency_l6,axis_marginal_mean,training,ablation_axis,first_success_real_transitions,30,282.2,212.5148919731152,206.2,357.8,6.0,678.0
ablation,ablation,axis_depth=1,opaque_dependency_l6,axis_marginal_mean,training,ablation_axis,success,30,0.33521666666666666,0.07133779325943884,0.30983333333333335,0.3607666666666667,0.217,0.49300000000000005
ablation,ablation,axis_depth=1,opaque_dependency_l6,axis_marginal_mean,training,ablation_axis,prediction_score,30,0.9899944444444444,0.0005587742011924424,0.9898027777777777,0.9901972222222221,0.98875,0.9909166666666667
ablation,ablation,axis_depth=1,opaque_dependency_l6,axis_marginal_mean,training,ablation_axis,holdout_gain,30,6.3778436010959445e-06,4.876738246617554e-06,4.738492804163094e-06,8.131084371999759e-06,0.0,1.7361111111111104e-05
ablation,ablation,axis_depth=1,opaque_dependency_l6,axis_marginal_mean,training,ablation_axis,learning_auc,30,0.33526763381690844,0.07129862756311883,0.3103134900783725,0.3605219276304819,0.21710855427713857,0.4932466233116558
ablation,ablation,axis_depth=1,opaque_dependency_l6,axis_marginal_mean,training,ablation_axis,final_tail_success,30,0.4995,0.10892381076570971,0.461,0.5381666666666667,0.31,0.705
ablation,ablation,axis_depth=1,opaque_dependency_l6,axis_marginal_mean,training,ablation_axis,first_success_real_transitions,30,282.2,212.5148919731152,208.0,358.6,6.0,678.0
ablation,ablation,axis_depth=2,opaque_dependency_l6,axis_marginal_mean,training,ablation_axis,success,30,0.33521666666666666,0.07133779325943884,0.3105333333333333,0.36005000000000004,0.217,0.49300000000000005
ablation,ablation,axis_depth=2,opaque_dependency_l6,axis_marginal_mean,training,ablation_axis,prediction_score,30,0.9899944444444444,0.0005587742011924424,0.9898,0.9901833333333332,0.98875,0.9909166666666667
ablation,ablation,axis_depth=2,opaque_dependency_l6,axis_marginal_mean,training,ablation_axis,holdout_gain,30,6.3778436010959445e-06,4.876738246617554e-06,4.706411074164698e-06,8.12950649726012e-06,0.0,1.7361111111111104e-05
ablation,ablation,axis_depth=2,opaque_dependency_l6,axis_marginal_mean,training,ablation_axis,learning_auc,30,0.33526763381690844,0.07129862756311883,0.3111639152909788,0.3615140903785226,0.21710855427713857,0.4932466233116558
ablation,ablation,axis_depth=2,opaque_dependency_l6,axis_marginal_mean,training,ablation_axis,final_tail_success,30,0.4995,0.10892381076570971,0.4615,0.5385000000000001,0.31,0.705
ablation,ablation,axis_depth=2,opaque_dependency_l6,axis_marginal_mean,training,ablation_axis,first_success_real_transitions,30,282.2,212.5148919731152,210.2,357.8,6.0,678.0
ablation,ablation,axis_depth=4,opaque_dependency_l6,axis_marginal_mean,training,ablation_axis,success,30,0.33521666666666666,0.07133779325943884,0.3104833333333333,0.3606833333333333,0.217,0.49300000000000005
ablation,ablation,axis_depth=4,opaque_dependency_l6,axis_marginal_mean,training,ablation_axis,prediction_score,30,0.9899944444444444,0.0005587742011924424,0.9898,0.9901888888888889,0.98875,0.9909166666666667
ablation,ablation,axis_depth=4,opaque_dependency_l6,axis_marginal_mean,training,ablation_axis,holdout_gain,30,6.3778436010959445e-06,4.876738246617554e-06,4.7188245412350275e-06,8.083163174169138e-06,0.0,1.7361111111111104e-05
ablation,ablation,axis_depth=4,opaque_dependency_l6,axis_marginal_mean,training,ablation_axis,learning_auc,30,0.33526763381690844,0.07129862756311883,0.31057195264298815,0.3596715024178756,0.21710855427713857,0.4932466233116558
ablation,ablation,axis_depth=4,opaque_dependency_l6,axis_marginal_mean,training,ablation_axis,final_tail_success,30,0.4995,0.10892381076570971,0.461,0.539,0.31,0.705
ablation,ablation,axis_depth=4,opaque_dependency_l6,axis_marginal_mean,training,ablation_axis,first_success_real_transitions,30,282.2,212.5148919731152,205.8,355.0,6.0,678.0
ablation,ablation,axis_depth=6,opaque_dependency_l6,axis_marginal_mean,training,ablation_axis,success,30,0.33521666666666666,0.07133779325943884,0.31120000000000003,0.3609666666666667,0.217,0.49300000000000005
ablation,ablation,axis_depth=6,opaque_dependency_l6,axis_marginal_mean,training,ablation_axis,prediction_score,30,0.9899944444444444,0.0005587742011924424,0.9897916666666666,0.9901861111111111,0.98875,0.9909166666666667
ablation,ablation,axis_depth=6,opaque_dependency_l6,axis_marginal_mean,training,ablation_axis,holdout_gain,30,6.3778436010959445e-06,4.876738246617554e-06,4.712266877095307e-06,8.118843704841147e-06,0.0,1.7361111111111104e-05
ablation,ablation,axis_depth=6,opaque_dependency_l6,axis_marginal_mean,training,ablation_axis,learning_auc,30,0.33526763381690844,0.07129862756311883,0.30991328997832246,0.361789227947307,0.21710855427713857,0.4932466233116558
ablation,ablation,axis_depth=6,opaque_dependency_l6,axis_marginal_mean,training,ablation_axis,final_tail_success,30,0.4995,0.10892381076570971,0.4623333333333334,0.5373333333333333,0.31,0.705
ablation,ablation,axis_depth=6,opaque_dependency_l6,axis_marginal_mean,training,ablation_axis,first_success_real_transitions,30,282.2,212.5148919731152,209.4,357.6,6.0,678.0
ablation,ablation,contextual_policy,opaque_dependency_l6,none,evaluation_seen,opaque,success,30,0.0,0.0,0.0,0.0,0.0,0.0
ablation,ablation,contextual_policy,opaque_dependency_l6,none,evaluation_seen,opaque,steps,30,6.0,0.0,6.0,6.0,6.0,6.0
ablation,ablation,contextual_policy,opaque_dependency_l6,none,evaluation_seen,opaque,high_level_steps,30,6.0,0.0,6.0,6.0,6.0,6.0
ablation,ablation,contextual_policy,opaque_dependency_l6,none,evaluation_seen,opaque,primitive_steps,30,6.0,0.0,6.0,6.0,6.0,6.0
ablation,ablation,contextual_policy,opaque_dependency_l6,none,evaluation_seen,opaque,reward,30,0.0,0.0,0.0,0.0,0.0,0.0
ablation,ablation,contextual_policy,opaque_dependency_l6,none,evaluation_seen,opaque,errors,30,0.0,0.0,0.0,0.0,0.0,0.0
ablation,ablation,contextual_policy,opaque_dependency_l6,none,evaluation_seen,opaque,repeats,30,0.0,0.0,0.0,0.0,0.0,0.0
ablation,ablation,contextual_policy,opaque_dependency_l6,none,evaluation_seen,opaque,prediction_score,30,0.0,0.0,0.0,0.0,0.0,0.0
ablation,ablation,contextual_policy,opaque_dependency_l6,none,evaluation_seen,opaque,holdout_score,30,0.0,0.0,0.0,0.0,0.0,0.0
ablation,ablation,contextual_policy,opaque_dependency_l6,none,evaluation_seen,opaque,imagined_nodes,30,0.0,0.0,0.0,0.0,0.0,0.0
ablation,ablation,contextual_policy,opaque_dependency_l6,none,evaluation_seen,opaque,imagination_depth,30,0.0,0.0,0.0,0.0,0.0,0.0
ablation,ablation,contextual_policy,opaque_dependency_l6,none,evaluation_seen,opaque,actual_return,30,0.0,0.0,0.0,0.0,0.0,0.0
ablation,ablation,contextual_policy,opaque_dependency_l6,none,evaluation_seen,opaque,runtime_seconds,30,0.0032557579499649966,0.0003513786950574953,0.003129819366586162,0.003375740100018447,0.0025398204999510197,0.003785775998694589
ablation,ablation,contextual_policy,opaque_dependency_l6,none,evaluation_seen,opaque,real_transitions,30,6.0,0.0,6.0,6.0,6.0,6.0
ablation,ablation,contextual_policy,opaque_dependency_l6,none,evaluation_seen,opaque,imagined_transitions,30,0.0,0.0,0.0,0.0,0.0,0.0
ablation,ablation,contextual_policy,opaque_dependency_l6,none,evaluation_seen,opaque,action_proposals,30,6.0,0.0,6.0,6.0,6.0,6.0
ablation,ablation,contextual_policy,opaque_dependency_l6,none,evaluation_seen,opaque,repeat_rate,30,0.0,0.0,0.0,0.0,0.0,0.0
ablation,ablation,contextual_policy,opaque_dependency_l6,none,evaluation_seen,opaque,error_rate,30,0.0,0.0,0.0,0.0,0.0,0.0
ablation,ablation,contextual_policy,opaque_dependency_l6,none,evaluation_unseen_zero_shot,opaque,success,30,0.0,0.0,0.0,0.0,0.0,0.0
ablation,ablation,contextual_policy,opaque_dependency_l6,none,evaluation_unseen_zero_shot,opaque,steps,30,6.0,0.0,6.0,6.0,6.0,6.0
ablation,ablation,contextual_policy,opaque_dependency_l6,none,evaluation_unseen_zero_shot,opaque,high_level_steps,30,6.0,0.0,6.0,6.0,6.0,6.0
ablation,ablation,contextual_policy,opaque_dependency_l6,none,evaluation_unseen_zero_shot,opaque,primitive_steps,30,6.0,0.0,6.0,6.0,6.0,6.0
ablation,ablation,contextual_policy,opaque_dependency_l6,none,evaluation_unseen_zero_shot,opaque,reward,30,0.0,0.0,0.0,0.0,0.0,0.0
ablation,ablation,contextual_policy,opaque_dependency_l6,none,evaluation_unseen_zero_shot,opaque,errors,30,0.0,0.0,0.0,0.0,0.0,0.0
ablation,ablation,contextual_policy,opaque_dependency_l6,none,evaluation_unseen_zero_shot,opaque,repeats,30,0.0,0.0,0.0,0.0,0.0,0.0
ablation,ablation,contextual_policy,opaque_dependency_l6,none,evaluation_unseen_zero_shot,opaque,prediction_score,30,0.0,0.0,0.0,0.0,0.0,0.0
ablation,ablation,contextual_policy,opaque_dependency_l6,none,evaluation_unseen_zero_shot,opaque,holdout_score,30,0.0,0.0,0.0,0.0,0.0,0.0
ablation,ablation,contextual_policy,opaque_dependency_l6,none,evaluation_unseen_zero_shot,opaque,imagined_nodes,30,0.0,0.0,0.0,0.0,0.0,0.0
ablation,ablation,contextual_policy,opaque_dependency_l6,none,evaluation_unseen_zero_shot,opaque,imagination_depth,30,0.0,0.0,0.0,0.0,0.0,0.0
ablation,ablation,contextual_policy,opaque_dependency_l6,none,evaluation_unseen_zero_shot,opaque,actual_return,30,0.0,0.0,0.0,0.0,0.0,0.0
ablation,ablation,contextual_policy,opaque_dependency_l6,none,evaluation_unseen_zero_shot,opaque,runtime_seconds,30,0.0031513529831863705,0.00035452426277066915,0.003024733366415603,0.00327942606646684,0.002549834500387078,0.0037260930000047664
ablation,ablation,contextual_policy,opaque_dependency_l6,none,evaluation_unseen_zero_shot,opaque,real_transitions,30,6.0,0.0,6.0,6.0,6.0,6.0
ablation,ablation,contextual_policy,opaque_dependency_l6,none,evaluation_unseen_zero_shot,opaque,imagined_transitions,30,0.0,0.0,0.0,0.0,0.0,0.0
ablation,ablation,contextual_policy,opaque_dependency_l6,none,evaluation_unseen_zero_shot,opaque,action_proposals,30,6.0,0.0,6.0,6.0,6.0,6.0
ablation,ablation,contextual_policy,opaque_dependency_l6,none,evaluation_unseen_zero_shot,opaque,repeat_rate,30,0.0,0.0,0.0,0.0,0.0,0.0
ablation,ablation,contextual_policy,opaque_dependency_l6,none,evaluation_unseen_zero_shot,opaque,error_rate,30,0.0,0.0,0.0,0.0,0.0,0.0
ablation,ablation,contextual_policy,opaque_dependency_l6,none,training,opaque,success,30,0.4769333333333333,0.06741926632101812,0.4531833333333333,0.5004333333333333,0.35,0.581
ablation,ablation,contextual_policy,opaque_dependency_l6,none,training,opaque,steps,30,6.0,0.0,6.0,6.0,6.0,6.0
ablation,ablation,contextual_policy,opaque_dependency_l6,none,training,opaque,high_level_steps,30,6.0,0.0,6.0,6.0,6.0,6.0
ablation,ablation,contextual_policy,opaque_dependency_l6,none,training,opaque,primitive_steps,30,6.0,0.0,6.0,6.0,6.0,6.0
ablation,ablation,contextual_policy,opaque_dependency_l6,none,training,opaque,reward,30,0.4769333333333333,0.06741926632101812,0.4533333333333333,0.5000833333333333,0.35,0.581
ablation,ablation,contextual_policy,opaque_dependency_l6,none,training,opaque,errors,30,0.0,0.0,0.0,0.0,0.0,0.0
ablation,ablation,contextual_policy,opaque_dependency_l6,none,training,opaque,repeats,30,0.0,0.0,0.0,0.0,0.0,0.0
ablation,ablation,contextual_policy,opaque_dependency_l6,none,training,opaque,prediction_score,30,0.0,0.0,0.0,0.0,0.0,0.0
ablation,ablation,contextual_policy,opaque_dependency_l6,none,training,opaque,holdout_score,30,0.0,0.0,0.0,0.0,0.0,0.0
ablation,ablation,contextual_policy,opaque_dependency_l6,none,training,opaque,holdout_gain,30,0.0,0.0,0.0,0.0,0.0,0.0
ablation,ablation,contextual_policy,opaque_dependency_l6,none,training,opaque,imagined_nodes,30,0.0,0.0,0.0,0.0,0.0,0.0
ablation,ablation,contextual_policy,opaque_dependency_l6,none,training,opaque,imagination_depth,30,0.0,0.0,0.0,0.0,0.0,0.0
ablation,ablation,contextual_policy,opaque_dependency_l6,none,training,opaque,actual_return,30,0.4769333333333333,0.06741926632101812,0.45335000000000003,0.5004166666666667,0.35,0.581
ablation,ablation,contextual_policy,opaque_dependency_l6,none,training,opaque,runtime_seconds,30,0.00041700282496409875,4.62368465478756e-05,0.00040160007988548994,0.0004340228266262178,0.00035705735020746945,0.000544493199820863
ablation,ablation,contextual_policy,opaque_dependency_l6,none,training,opaque,real_transitions,30,6.0,0.0,6.0,6.0,6.0,6.0
ablation,ablation,contextual_policy,opaque_dependency_l6,none,training,opaque,imagined_transitions,30,0.0,0.0,0.0,0.0,0.0,0.0
ablation,ablation,contextual_policy,opaque_dependency_l6,none,training,opaque,action_proposals,30,6.0,0.0,6.0,6.0,6.0,6.0
ablation,ablation,contextual_policy,opaque_dependency_l6,none,training,opaque,repeat_rate,30,0.0,0.0,0.0,0.0,0.0,0.0
ablation,ablation,contextual_policy,opaque_dependency_l6,none,training,opaque,error_rate,30,0.0,0.0,0.0,0.0,0.0,0.0
ablation,ablation,contextual_policy,opaque_dependency_l6,none,training,opaque,learning_auc,30,0.47703851925962987,0.0673742523460903,0.4527513756878439,0.5003418375854595,0.3501750875437719,0.5810405202601301
ablation,ablation,contextual_policy,opaque_dependency_l6,none,training,opaque,final_tail_success,30,0.7568333333333332,0.10073422982021188,0.7233333333333333,0.792,0.525,0.91
ablation,ablation,contextual_policy,opaque_dependency_l6,none,training,opaque,first_success_real_transitions,30,382.2,426.21747727074086,244.2,548.4,6.0,1938.0
ablation,ablation,full_aassr,opaque_dependency_l6,tabular_online,evaluation_seen,opaque,success,30,0.0,0.0,0.0,0.0,0.0,0.0
ablation,ablation,full_aassr,opaque_dependency_l6,tabular_online,evaluation_seen,opaque,steps,30,6.0,0.0,6.0,6.0,6.0,6.0
ablation,ablation,full_aassr,opaque_dependency_l6,tabular_online,evaluation_seen,opaque,high_level_steps,30,6.0,0.0,6.0,6.0,6.0,6.0
ablation,ablation,full_aassr,opaque_dependency_l6,tabular_online,evaluation_seen,opaque,primitive_steps,30,6.0,0.0,6.0,6.0,6.0,6.0
ablation,ablation,full_aassr,opaque_dependency_l6,tabular_online,evaluation_seen,opaque,reward,30,0.0,0.0,0.0,0.0,0.0,0.0
ablation,ablation,full_aassr,opaque_dependency_l6,tabular_online,evaluation_seen,opaque,errors,30,0.0,0.0,0.0,0.0,0.0,0.0
ablation,ablation,full_aassr,opaque_dependency_l6,tabular_online,evaluation_seen,opaque,repeats,30,0.0,0.0,0.0,0.0,0.0,0.0
ablation,ablation,full_aassr,opaque_dependency_l6,tabular_online,evaluation_seen,opaque,prediction_score,30,0.0,0.0,0.0,0.0,0.0,0.0
ablation,ablation,full_aassr,opaque_dependency_l6,tabular_online,evaluation_seen,opaque,holdout_score,30,1.0,0.0,1.0,1.0,1.0,1.0
ablation,ablation,full_aassr,opaque_dependency_l6,tabular_online,evaluation_seen,opaque,imagined_nodes,30,0.0,0.0,0.0,0.0,0.0,0.0
ablation,ablation,full_aassr,opaque_dependency_l6,tabular_online,evaluation_seen,opaque,imagination_depth,30,0.0,0.0,0.0,0.0,0.0,0.0
ablation,ablation,full_aassr,opaque_dependency_l6,tabular_online,evaluation_seen,opaque,actual_return,30,0.0,0.0,0.0,0.0,0.0,0.0
ablation,ablation,full_aassr,opaque_dependency_l6,tabular_online,evaluation_seen,opaque,runtime_seconds,30,0.003473828750201695,0.00044665068595677526,0.003317755433405788,0.0036313826502106772,0.002816487500385847,0.004640516000072239
ablation,ablation,full_aassr,opaque_dependency_l6,tabular_online,evaluation_seen,opaque,real_transitions,30,6.0,0.0,6.0,6.0,6.0,6.0
ablation,ablation,full_aassr,opaque_dependency_l6,tabular_online,evaluation_seen,opaque,imagined_transitions,30,0.0,0.0,0.0,0.0,0.0,0.0
ablation,ablation,full_aassr,opaque_dependency_l6,tabular_online,evaluation_seen,opaque,action_proposals,30,6.0,0.0,6.0,6.0,6.0,6.0
ablation,ablation,full_aassr,opaque_dependency_l6,tabular_online,evaluation_seen,opaque,repeat_rate,30,0.0,0.0,0.0,0.0,0.0,0.0
ablation,ablation,full_aassr,opaque_dependency_l6,tabular_online,evaluation_seen,opaque,error_rate,30,0.0,0.0,0.0,0.0,0.0,0.0
ablation,ablation,full_aassr,opaque_dependency_l6,tabular_online,evaluation_unseen_zero_shot,opaque,success,30,0.0,0.0,0.0,0.0,0.0,0.0
ablation,ablation,full_aassr,opaque_dependency_l6,tabular_online,evaluation_unseen_zero_shot,opaque,steps,30,6.0,0.0,6.0,6.0,6.0,6.0
ablation,ablation,full_aassr,opaque_dependency_l6,tabular_online,evaluation_unseen_zero_shot,opaque,high_level_steps,30,6.0,0.0,6.0,6.0,6.0,6.0
ablation,ablation,full_aassr,opaque_dependency_l6,tabular_online,evaluation_unseen_zero_shot,opaque,primitive_steps,30,6.0,0.0,6.0,6.0,6.0,6.0
ablation,ablation,full_aassr,opaque_dependency_l6,tabular_online,evaluation_unseen_zero_shot,opaque,reward,30,0.0,0.0,0.0,0.0,0.0,0.0
ablation,ablation,full_aassr,opaque_dependency_l6,tabular_online,evaluation_unseen_zero_shot,opaque,errors,30,0.0,0.0,0.0,0.0,0.0,0.0
ablation,ablation,full_aassr,opaque_dependency_l6,tabular_online,evaluation_unseen_zero_shot,opaque,repeats,30,0.0,0.0,0.0,0.0,0.0,0.0
ablation,ablation,full_aassr,opaque_dependency_l6,tabular_online,evaluation_unseen_zero_shot,opaque,prediction_score,30,0.0,0.0,0.0,0.0,0.0,0.0
ablation,ablation,full_aassr,opaque_dependency_l6,tabular_online,evaluation_unseen_zero_shot,opaque,holdout_score,30,1.0,0.0,1.0,1.0,1.0,1.0
ablation,ablation,full_aassr,opaque_dependency_l6,tabular_online,evaluation_unseen_zero_shot,opaque,imagined_nodes,30,0.0,0.0,0.0,0.0,0.0,0.0
ablation,ablation,full_aassr,opaque_dependency_l6,tabular_online,evaluation_unseen_zero_shot,opaque,imagination_depth,30,0.0,0.0,0.0,0.0,0.0,0.0
ablation,ablation,full_aassr,opaque_dependency_l6,tabular_online,evaluation_unseen_zero_shot,opaque,actual_return,30,0.0,0.0,0.0,0.0,0.0,0.0
ablation,ablation,full_aassr,opaque_dependency_l6,tabular_online,evaluation_unseen_zero_shot,opaque,runtime_seconds,30,0.0034980397000035734,0.0005091670356882903,0.0033160279834070633,0.0036759064833410474,0.002805515999207273,0.004423517999675823
ablation,ablation,full_aassr,opaque_dependency_l6,tabular_online,evaluation_unseen_zero_shot,opaque,real_transitions,30,6.0,0.0,6.0,6.0,6.0,6.0
ablation,ablation,full_aassr,opaque_dependency_l6,tabular_online,evaluation_unseen_zero_shot,opaque,imagined_transitions,30,0.0,0.0,0.0,0.0,0.0,0.0
ablation,ablation,full_aassr,opaque_dependency_l6,tabular_online,evaluation_unseen_zero_shot,opaque,action_proposals,30,6.0,0.0,6.0,6.0,6.0,6.0
ablation,ablation,full_aassr,opaque_dependency_l6,tabular_online,evaluation_unseen_zero_shot,opaque,repeat_rate,30,0.0,0.0,0.0,0.0,0.0,0.0
ablation,ablation,full_aassr,opaque_dependency_l6,tabular_online,evaluation_unseen_zero_shot,opaque,error_rate,30,0.0,0.0,0.0,0.0,0.0,0.0
ablation,ablation,full_aassr,opaque_dependency_l6,tabular_online,training,opaque,success,30,0.35561666666666664,0.09941559262747099,0.3204666666666666,0.39103333333333334,0.136,0.569
ablation,ablation,full_aassr,opaque_dependency_l6,tabular_online,training,opaque,steps,30,6.0,0.0,6.0,6.0,6.0,6.0
ablation,ablation,full_aassr,opaque_dependency_l6,tabular_online,training,opaque,high_level_steps,30,6.0,0.0,6.0,6.0,6.0,6.0
ablation,ablation,full_aassr,opaque_dependency_l6,tabular_online,training,opaque,primitive_steps,30,6.0,0.0,6.0,6.0,6.0,6.0
ablation,ablation,full_aassr,opaque_dependency_l6,tabular_online,training,opaque,reward,30,0.35561666666666664,0.09941559262747099,0.3212,0.39133333333333337,0.136,0.569
ablation,ablation,full_aassr,opaque_dependency_l6,tabular_online,training,opaque,errors,30,0.0,0.0,0.0,0.0,0.0,0.0
ablation,ablation,full_aassr,opaque_dependency_l6,tabular_online,training,opaque,repeats,30,0.0,0.0,0.0,0.0,0.0,0.0
ablation,ablation,full_aassr,opaque_dependency_l6,tabular_online,training,opaque,prediction_score,30,0.9899861111111111,0.0005643815204616007,0.9897888888888888,0.9901805555555555,0.98875,0.9909166666666667
ablation,ablation,full_aassr,opaque_dependency_l6,tabular_online,training,opaque,holdout_score,30,0.12353812622633432,0.00022607434086332074,0.1234601640611115,0.12361415107174008,0.12303559324548644,0.1239719795736979
ablation,ablation,full_aassr,opaque_dependency_l6,tabular_online,training,opaque,holdout_gain,30,6.4646491566515e-06,4.9544842778547776e-06,4.759448130372043e-06,8.25282816174227e-06,0.0,1.7361111111111104e-05
ablation,ablation,full_aassr,opaque_dependency_l6,tabular_online,training,opaque,imagined_nodes,30,186.4534,1.3553257554729334,185.97328333333334,186.93046666666666,184.109,189.0075
ablation,ablation,full_aassr,opaque_dependency_l6,tabular_online,training,opaque,imagination_depth,30,5.444116666666667,0.02492910061496927,5.435533333333334,5.453033333333334,5.386,5.5005
ablation,ablation,full_aassr,opaque_dependency_l6,tabular_online,training,opaque,actual_return,30,0.35561666666666664,0.09941559262747099,0.32,0.3900166666666667,0.136,0.569
ablation,ablation,full_aassr,opaque_dependency_l6,tabular_online,training,opaque,runtime_seconds,30,0.006656164208364498,0.000320663826327457,0.006547468304974124,0.006772836993479966,0.0058622758996498305,0.007475902600068366
ablation,ablation,full_aassr,opaque_dependency_l6,tabular_online,training,opaque,real_transitions,30,6.0,0.0,6.0,6.0,6.0,6.0
ablation,ablation,full_aassr,opaque_dependency_l6,tabular_online,training,opaque,imagined_transitions,30,186.4534,1.3553257554729334,185.98673333333332,186.9523333333333,184.109,189.0075
ablation,ablation,full_aassr,opaque_dependency_l6,tabular_online,training,opaque,action_proposals,30,6.0,0.0,6.0,6.0,6.0,6.0
ablation,ablation,full_aassr,opaque_dependency_l6,tabular_online,training,opaque,repeat_rate,30,0.0,0.0,0.0,0.0,0.0,0.0
ablation,ablation,full_aassr,opaque_dependency_l6,tabular_online,training,opaque,error_rate,30,0.0,0.0,0.0,0.0,0.0,0.0
ablation,ablation,full_aassr,opaque_dependency_l6,tabular_online,training,opaque,learning_auc,30,0.35566116391529096,0.09941143891180972,0.3201267300316825,0.3899533099883275,0.13581790895447723,0.5690345172586293
ablation,ablation,full_aassr,opaque_dependency_l6,tabular_online,training,opaque,final_tail_success,30,0.534,0.146260278153425,0.4815,0.5843333333333334,0.215,0.84
ablation,ablation,full_aassr,opaque_dependency_l6,tabular_online,training,opaque,first_success_real_transitions,30,332.6,323.8109921245566,225.4,452.2,6.0,1158.0
ablation,ablation,full_depth1_branch1_max,opaque_dependency_l6,tabular_online,evaluation_seen,opaque,success,30,0.0,0.0,0.0,0.0,0.0,0.0
ablation,ablation,full_depth1_branch1_max,opaque_dependency_l6,tabular_online,evaluation_seen,opaque,steps,30,6.0,0.0,6.0,6.0,6.0,6.0
ablation,ablation,full_depth1_branch1_max,opaque_dependency_l6,tabular_online,evaluation_seen,opaque,high_level_steps,30,6.0,0.0,6.0,6.0,6.0,6.0
ablation,ablation,full_depth1_branch1_max,opaque_dependency_l6,tabular_online,evaluation_seen,opaque,primitive_steps,30,6.0,0.0,6.0,6.0,6.0,6.0
ablation,ablation,full_depth1_branch1_max,opaque_dependency_l6,tabular_online,evaluation_seen,opaque,reward,30,0.0,0.0,0.0,0.0,0.0,0.0
ablation,ablation,full_depth1_branch1_max,opaque_dependency_l6,tabular_online,evaluation_seen,opaque,errors,30,0.0,0.0,0.0,0.0,0.0,0.0
ablation,ablation,full_depth1_branch1_max,opaque_dependency_l6,tabular_online,evaluation_seen,opaque,repeats,30,0.0,0.0,0.0,0.0,0.0,0.0
ablation,ablation,full_depth1_branch1_max,opaque_dependency_l6,tabular_online,evaluation_seen,opaque,prediction_score,30,0.0,0.0,0.0,0.0,0.0,0.0
ablation,ablation,full_depth1_branch1_max,opaque_dependency_l6,tabular_online,evaluation_seen,opaque,holdout_score,30,1.0,0.0,1.0,1.0,1.0,1.0
ablation,ablation,full_depth1_branch1_max,opaque_dependency_l6,tabular_online,evaluation_seen,opaque,imagined_nodes,30,0.0,0.0,0.0,0.0,0.0,0.0
ablation,ablation,full_depth1_branch1_max,opaque_dependency_l6,tabular_online,evaluation_seen,opaque,imagination_depth,30,0.0,0.0,0.0,0.0,0.0,0.0
ablation,ablation,full_depth1_branch1_max,opaque_dependency_l6,tabular_online,evaluation_seen,opaque,actual_return,30,0.0,0.0,0.0,0.0,0.0,0.0
ablation,ablation,full_depth1_branch1_max,opaque_dependency_l6,tabular_online,evaluation_seen,opaque,runtime_seconds,30,0.0034660751998890193,0.0003953626079233418,0.0033247064831472624,0.0036068391665758097,0.0028596430002653505,0.004066542999935336
ablation,ablation,full_depth1_branch1_max,opaque_dependency_l6,tabular_online,evaluation_seen,opaque,real_transitions,30,6.0,0.0,6.0,6.0,6.0,6.0
ablation,ablation,full_depth1_branch1_max,opaque_dependency_l6,tabular_online,evaluation_seen,opaque,imagined_transitions,30,0.0,0.0,0.0,0.0,0.0,0.0
ablation,ablation,full_depth1_branch1_max,opaque_dependency_l6,tabular_online,evaluation_seen,opaque,action_proposals,30,6.0,0.0,6.0,6.0,6.0,6.0
ablation,ablation,full_depth1_branch1_max,opaque_dependency_l6,tabular_online,evaluation_seen,opaque,repeat_rate,30,0.0,0.0,0.0,0.0,0.0,0.0
ablation,ablation,full_depth1_branch1_max,opaque_dependency_l6,tabular_online,evaluation_seen,opaque,error_rate,30,0.0,0.0,0.0,0.0,0.0,0.0
ablation,ablation,full_depth1_branch1_max,opaque_dependency_l6,tabular_online,evaluation_unseen_zero_shot,opaque,success,30,0.0,0.0,0.0,0.0,0.0,0.0
ablation,ablation,full_depth1_branch1_max,opaque_dependency_l6,tabular_online,evaluation_unseen_zero_shot,opaque,steps,30,6.0,0.0,6.0,6.0,6.0,6.0
ablation,ablation,full_depth1_branch1_max,opaque_dependency_l6,tabular_online,evaluation_unseen_zero_shot,opaque,high_level_steps,30,6.0,0.0,6.0,6.0,6.0,6.0
ablation,ablation,full_depth1_branch1_max,opaque_dependency_l6,tabular_online,evaluation_unseen_zero_shot,opaque,primitive_steps,30,6.0,0.0,6.0,6.0,6.0,6.0
ablation,ablation,full_depth1_branch1_max,opaque_dependency_l6,tabular_online,evaluation_unseen_zero_shot,opaque,reward,30,0.0,0.0,0.0,0.0,0.0,0.0
ablation,ablation,full_depth1_branch1_max,opaque_dependency_l6,tabular_online,evaluation_unseen_zero_shot,opaque,errors,30,0.0,0.0,0.0,0.0,0.0,0.0
ablation,ablation,full_depth1_branch1_max,opaque_dependency_l6,tabular_online,evaluation_unseen_zero_shot,opaque,repeats,30,0.0,0.0,0.0,0.0,0.0,0.0
ablation,ablation,full_depth1_branch1_max,opaque_dependency_l6,tabular_online,evaluation_unseen_zero_shot,opaque,prediction_score,30,0.0,0.0,0.0,0.0,0.0,0.0
ablation,ablation,full_depth1_branch1_max,opaque_dependency_l6,tabular_online,evaluation_unseen_zero_shot,opaque,holdout_score,30,1.0,0.0,1.0,1.0,1.0,1.0
ablation,ablation,full_depth1_branch1_max,opaque_dependency_l6,tabular_online,evaluation_unseen_zero_shot,opaque,imagined_nodes,30,0.0,0.0,0.0,0.0,0.0,0.0
ablation,ablation,full_depth1_branch1_max,opaque_dependency_l6,tabular_online,evaluation_unseen_zero_shot,opaque,imagination_depth,30,0.0,0.0,0.0,0.0,0.0,0.0
ablation,ablation,full_depth1_branch1_max,opaque_dependency_l6,tabular_online,evaluation_unseen_zero_shot,opaque,actual_return,30,0.0,0.0,0.0,0.0,0.0,0.0
ablation,ablation,full_depth1_branch1_max,opaque_dependency_l6,tabular_online,evaluation_unseen_zero_shot,opaque,runtime_seconds,30,0.0035362969501729824,0.00037861773309978973,0.0034019560830735526,0.003669464283744067,0.0027665509990765715,0.004084506499930285
ablation,ablation,full_depth1_branch1_max,opaque_dependency_l6,tabular_online,evaluation_unseen_zero_shot,opaque,real_transitions,30,6.0,0.0,6.0,6.0,6.0,6.0
ablation,ablation,full_depth1_branch1_max,opaque_dependency_l6,tabular_online,evaluation_unseen_zero_shot,opaque,imagined_transitions,30,0.0,0.0,0.0,0.0,0.0,0.0
ablation,ablation,full_depth1_branch1_max,opaque_dependency_l6,tabular_online,evaluation_unseen_zero_shot,opaque,action_proposals,30,6.0,0.0,6.0,6.0,6.0,6.0
ablation,ablation,full_depth1_branch1_max,opaque_dependency_l6,tabular_online,evaluation_unseen_zero_shot,opaque,repeat_rate,30,0.0,0.0,0.0,0.0,0.0,0.0
ablation,ablation,full_depth1_branch1_max,opaque_dependency_l6,tabular_online,evaluation_unseen_zero_shot,opaque,error_rate,30,0.0,0.0,0.0,0.0,0.0,0.0
ablation,ablation,full_depth1_branch1_max,opaque_dependency_l6,tabular_online,training,opaque,success,30,0.33521666666666666,0.07133779325943883,0.3103666666666667,0.36051666666666665,0.217,0.493
ablation,ablation,full_depth1_branch1_max,opaque_dependency_l6,tabular_online,training,opaque,steps,30,6.0,0.0,6.0,6.0,6.0,6.0
ablation,ablation,full_depth1_branch1_max,opaque_dependency_l6,tabular_online,training,opaque,high_level_steps,30,6.0,0.0,6.0,6.0,6.0,6.0
ablation,ablation,full_depth1_branch1_max,opaque_dependency_l6,tabular_online,training,opaque,primitive_steps,30,6.0,0.0,6.0,6.0,6.0,6.0
ablation,ablation,full_depth1_branch1_max,opaque_dependency_l6,tabular_online,training,opaque,reward,30,0.33521666666666666,0.07133779325943883,0.3105,0.36036666666666667,0.217,0.493
ablation,ablation,full_depth1_branch1_max,opaque_dependency_l6,tabular_online,training,opaque,errors,30,0.0,0.0,0.0,0.0,0.0,0.0
ablation,ablation,full_depth1_branch1_max,opaque_dependency_l6,tabular_online,training,opaque,repeats,30,0.0,0.0,0.0,0.0,0.0,0.0
ablation,ablation,full_depth1_branch1_max,opaque_dependency_l6,tabular_online,training,opaque,prediction_score,30,0.9899944444444445,0.0005587742011924325,0.9897944444444444,0.9901916666666666,0.98875,0.9909166666666667
ablation,ablation,full_depth1_branch1_max,opaque_dependency_l6,tabular_online,training,opaque,holdout_score,30,0.12354595175287926,0.00021976011280834515,0.12346493538976255,0.12361961732142893,0.12305159026929598,0.1239719795736979
ablation,ablation,full_depth1_branch1_max,opaque_dependency_l6,tabular_online,training,opaque,holdout_gain,30,6.3778436010959445e-06,4.876738246617554e-06,4.714937839937839e-06,8.17775814141969e-06,0.0,1.7361111111111104e-05
ablation,ablation,full_depth1_branch1_max,opaque_dependency_l6,tabular_online,training,opaque,imagined_nodes,30,9.115633333333333,0.03982763148726094,9.1016,9.1294,9.035,9.18
ablation,ablation,full_depth1_branch1_max,opaque_dependency_l6,tabular_online,training,opaque,imagination_depth,30,0.9708666666666667,0.002438673089362663,0.9700000000000001,0.9717333333333333,0.966,0.9755
ablation,ablation,full_depth1_branch1_max,opaque_dependency_l6,tabular_online,training,opaque,actual_return,30,0.33521666666666666,0.07133779325943883,0.30998333333333333,0.3595833333333333,0.217,0.493
ablation,ablation,full_depth1_branch1_max,opaque_dependency_l6,tabular_online,training,opaque,runtime_seconds,30,0.0015714897582865283,9.711290501754608e-05,0.001537321703311075,0.001606107709938563,0.0013624343998235417,0.0017523769498366164
ablation,ablation,full_depth1_branch1_max,opaque_dependency_l6,tabular_online,training,opaque,real_transitions,30,6.0,0.0,6.0,6.0,6.0,6.0
ablation,ablation,full_depth1_branch1_max,opaque_dependency_l6,tabular_online,training,opaque,imagined_transitions,30,9.115633333333333,0.03982763148726094,9.102266666666667,9.128866666666665,9.035,9.18
ablation,ablation,full_depth1_branch1_max,opaque_dependency_l6,tabular_online,training,opaque,action_proposals,30,6.0,0.0,6.0,6.0,6.0,6.0
ablation,ablation,full_depth1_branch1_max,opaque_dependency_l6,tabular_online,training,opaque,repeat_rate,30,0.0,0.0,0.0,0.0,0.0,0.0
ablation,ablation,full_depth1_branch1_max,opaque_dependency_l6,tabular_online,training,opaque,error_rate,30,0.0,0.0,0.0,0.0,0.0,0.0
ablation,ablation,full_depth1_branch1_max,opaque_dependency_l6,tabular_online,training,opaque,learning_auc,30,0.33526763381690844,0.07129862756311883,0.31003001500750377,0.3606970151742538,0.21710855427713857,0.4932466233116558
ablation,ablation,full_depth1_branch1_max,opaque_dependency_l6,tabular_online,training,opaque,final_tail_success,30,0.4995,0.10892381076570971,0.46266666666666667,0.5376666666666666,0.31,0.705
ablation,ablation,full_depth1_branch1_max,opaque_dependency_l6,tabular_online,training,opaque,first_success_real_transitions,30,282.2,212.5148919731152,209.0,356.8,6.0,678.0
ablation,ablation,full_depth1_branch1_mean,opaque_dependency_l6,tabular_online,evaluation_seen,opaque,success,30,0.0,0.0,0.0,0.0,0.0,0.0
ablation,ablation,full_depth1_branch1_mean,opaque_dependency_l6,tabular_online,evaluation_seen,opaque,steps,30,6.0,0.0,6.0,6.0,6.0,6.0
ablation,ablation,full_depth1_branch1_mean,opaque_dependency_l6,tabular_online,evaluation_seen,opaque,high_level_steps,30,6.0,0.0,6.0,6.0,6.0,6.0
ablation,ablation,full_depth1_branch1_mean,opaque_dependency_l6,tabular_online,evaluation_seen,opaque,primitive_steps,30,6.0,0.0,6.0,6.0,6.0,6.0
ablation,ablation,full_depth1_branch1_mean,opaque_dependency_l6,tabular_online,evaluation_seen,opaque,reward,30,0.0,0.0,0.0,0.0,0.0,0.0
ablation,ablation,full_depth1_branch1_mean,opaque_dependency_l6,tabular_online,evaluation_seen,opaque,errors,30,0.0,0.0,0.0,0.0,0.0,0.0
ablation,ablation,full_depth1_branch1_mean,opaque_dependency_l6,tabular_online,evaluation_seen,opaque,repeats,30,0.0,0.0,0.0,0.0,0.0,0.0
ablation,ablation,full_depth1_branch1_mean,opaque_dependency_l6,tabular_online,evaluation_seen,opaque,prediction_score,30,0.0,0.0,0.0,0.0,0.0,0.0
ablation,ablation,full_depth1_branch1_mean,opaque_dependency_l6,tabular_online,evaluation_seen,opaque,holdout_score,30,1.0,0.0,1.0,1.0,1.0,1.0
ablation,ablation,full_depth1_branch1_mean,opaque_dependency_l6,tabular_online,evaluation_seen,opaque,imagined_nodes,30,0.0,0.0,0.0,0.0,0.0,0.0
ablation,ablation,full_depth1_branch1_mean,opaque_dependency_l6,tabular_online,evaluation_seen,opaque,imagination_depth,30,0.0,0.0,0.0,0.0,0.0,0.0
ablation,ablation,full_depth1_branch1_mean,opaque_dependency_l6,tabular_online,evaluation_seen,opaque,actual_return,30,0.0,0.0,0.0,0.0,0.0,0.0
ablation,ablation,full_depth1_branch1_mean,opaque_dependency_l6,tabular_online,evaluation_seen,opaque,runtime_seconds,30,0.0034990918501328757,0.00039954895242940217,0.0033586478668197134,0.003640689849969931,0.0027932940008759035,0.004075376499531558
ablation,ablation,full_depth1_branch1_mean,opaque_dependency_l6,tabular_online,evaluation_seen,opaque,real_transitions,30,6.0,0.0,6.0,6.0,6.0,6.0
ablation,ablation,full_depth1_branch1_mean,opaque_dependency_l6,tabular_online,evaluation_seen,opaque,imagined_transitions,30,0.0,0.0,0.0,0.0,0.0,0.0
ablation,ablation,full_depth1_branch1_mean,opaque_dependency_l6,tabular_online,evaluation_seen,opaque,action_proposals,30,6.0,0.0,6.0,6.0,6.0,6.0
ablation,ablation,full_depth1_branch1_mean,opaque_dependency_l6,tabular_online,evaluation_seen,opaque,repeat_rate,30,0.0,0.0,0.0,0.0,0.0,0.0
ablation,ablation,full_depth1_branch1_mean,opaque_dependency_l6,tabular_online,evaluation_seen,opaque,error_rate,30,0.0,0.0,0.0,0.0,0.0,0.0
ablation,ablation,full_depth1_branch1_mean,opaque_dependency_l6,tabular_online,evaluation_unseen_zero_shot,opaque,success,30,0.0,0.0,0.0,0.0,0.0,0.0
ablation,ablation,full_depth1_branch1_mean,opaque_dependency_l6,tabular_online,evaluation_unseen_zero_shot,opaque,steps,30,6.0,0.0,6.0,6.0,6.0,6.0
ablation,ablation,full_depth1_branch1_mean,opaque_dependency_l6,tabular_online,evaluation_unseen_zero_shot,opaque,high_level_steps,30,6.0,0.0,6.0,6.0,6.0,6.0
ablation,ablation,full_depth1_branch1_mean,opaque_dependency_l6,tabular_online,evaluation_unseen_zero_shot,opaque,primitive_steps,30,6.0,0.0,6.0,6.0,6.0,6.0
ablation,ablation,full_depth1_branch1_mean,opaque_dependency_l6,tabular_online,evaluation_unseen_zero_shot,opaque,reward,30,0.0,0.0,0.0,0.0,0.0,0.0
ablation,ablation,full_depth1_branch1_mean,opaque_dependency_l6,tabular_online,evaluation_unseen_zero_shot,opaque,errors,30,0.0,0.0,0.0,0.0,0.0,0.0
ablation,ablation,full_depth1_branch1_mean,opaque_dependency_l6,tabular_online,evaluation_unseen_zero_shot,opaque,repeats,30,0.0,0.0,0.0,0.0,0.0,0.0
ablation,ablation,full_depth1_branch1_mean,opaque_dependency_l6,tabular_online,evaluation_unseen_zero_shot,opaque,prediction_score,30,0.0,0.0,0.0,0.0,0.0,0.0
ablation,ablation,full_depth1_branch1_mean,opaque_dependency_l6,tabular_online,evaluation_unseen_zero_shot,opaque,holdout_score,30,1.0,0.0,1.0,1.0,1.0,1.0
ablation,ablation,full_depth1_branch1_mean,opaque_dependency_l6,tabular_online,evaluation_unseen_zero_shot,opaque,imagined_nodes,30,0.0,0.0,0.0,0.0,0.0,0.0
ablation,ablation,full_depth1_branch1_mean,opaque_dependency_l6,tabular_online,evaluation_unseen_zero_shot,opaque,imagination_depth,30,0.0,0.0,0.0,0.0,0.0,0.0
ablation,ablation,full_depth1_branch1_mean,opaque_dependency_l6,tabular_online,evaluation_unseen_zero_shot,opaque,actual_return,30,0.0,0.0,0.0,0.0,0.0,0.0
ablation,ablation,full_depth1_branch1_mean,opaque_dependency_l6,tabular_online,evaluation_unseen_zero_shot,opaque,runtime_seconds,30,0.00362863113306715,0.0005036210998886936,0.003453332499809524,0.003813611499863327,0.002772038000402972,0.005179663498565788
ablation,ablation,full_depth1_branch1_mean,opaque_dependency_l6,tabular_online,evaluation_unseen_zero_shot,opaque,real_transitions,30,6.0,0.0,6.0,6.0,6.0,6.0
ablation,ablation,full_depth1_branch1_mean,opaque_dependency_l6,tabular_online,evaluation_unseen_zero_shot,opaque,imagined_transitions,30,0.0,0.0,0.0,0.0,0.0,0.0
ablation,ablation,full_depth1_branch1_mean,opaque_dependency_l6,tabular_online,evaluation_unseen_zero_shot,opaque,action_proposals,30,6.0,0.0,6.0,6.0,6.0,6.0
ablation,ablation,full_depth1_branch1_mean,opaque_dependency_l6,tabular_online,evaluation_unseen_zero_shot,opaque,repeat_rate,30,0.0,0.0,0.0,0.0,0.0,0.0
ablation,ablation,full_depth1_branch1_mean,opaque_dependency_l6,tabular_online,evaluation_unseen_zero_shot,opaque,error_rate,30,0.0,0.0,0.0,0.0,0.0,0.0
ablation,ablation,full_depth1_branch1_mean,opaque_dependency_l6,tabular_online,training,opaque,success,30,0.33521666666666666,0.07133779325943883,0.3107,0.36001666666666665,0.217,0.493
ablation,ablation,full_depth1_branch1_mean,opaque_dependency_l6,tabular_online,training,opaque,steps,30,6.0,0.0,6.0,6.0,6.0,6.0
ablation,ablation,full_depth1_branch1_mean,opaque_dependency_l6,tabular_online,training,opaque,high_level_steps,30,6.0,0.0,6.0,6.0,6.0,6.0
ablation,ablation,full_depth1_branch1_mean,opaque_dependency_l6,tabular_online,training,opaque,primitive_steps,30,6.0,0.0,6.0,6.0,6.0,6.0
ablation,ablation,full_depth1_branch1_mean,opaque_dependency_l6,tabular_online,training,opaque,reward,30,0.33521666666666666,0.07133779325943883,0.3106,0.35986666666666667,0.217,0.493
ablation,ablation,full_depth1_branch1_mean,opaque_dependency_l6,tabular_online,training,opaque,errors,30,0.0,0.0,0.0,0.0,0.0,0.0
ablation,ablation,full_depth1_branch1_mean,opaque_dependency_l6,tabular_online,training,opaque,repeats,30,0.0,0.0,0.0,0.0,0.0,0.0
ablation,ablation,full_depth1_branch1_mean,opaque_dependency_l6,tabular_online,training,opaque,prediction_score,30,0.9899944444444445,0.0005587742011924325,0.9897944444444444,0.9901888888888889,0.98875,0.9909166666666667
ablation,ablation,full_depth1_branch1_mean,opaque_dependency_l6,tabular_online,training,opaque,holdout_score,30,0.12354595175287926,0.00021976011280834515,0.12346680740207883,0.12361967533500251,0.12305159026929598,0.1239719795736979
ablation,ablation,full_depth1_branch1_mean,opaque_dependency_l6,tabular_online,training,opaque,holdout_gain,30,6.3778436010959445e-06,4.876738246617554e-06,4.702265712682379e-06,8.053295843550531e-06,0.0,1.7361111111111104e-05
ablation,ablation,full_depth1_branch1_mean,opaque_dependency_l6,tabular_online,training,opaque,imagined_nodes,30,9.115633333333333,0.03982763148726094,9.101066666666666,9.1296,9.035,9.18
ablation,ablation,full_depth1_branch1_mean,opaque_dependency_l6,tabular_online,training,opaque,imagination_depth,30,0.9708666666666667,0.002438673089362663,0.9700000000000001,0.9717,0.966,0.9755
ablation,ablation,full_depth1_branch1_mean,opaque_dependency_l6,tabular_online,training,opaque,actual_return,30,0.33521666666666666,0.07133779325943883,0.30915,0.35973333333333335,0.217,0.493
ablation,ablation,full_depth1_branch1_mean,opaque_dependency_l6,tabular_online,training,opaque,runtime_seconds,30,0.001577976086680428,8.318606105407842e-05,0.0015490216016182483,0.001607220960005361,0.0014253346002224133,0.0017023911003198008
ablation,ablation,full_depth1_branch1_mean,opaque_dependency_l6,tabular_online,training,opaque,real_transitions,30,6.0,0.0,6.0,6.0,6.0,6.0
ablation,ablation,full_depth1_branch1_mean,opaque_dependency_l6,tabular_online,training,opaque,imagined_transitions,30,9.115633333333333,0.03982763148726094,9.101033333333334,9.129233333333334,9.035,9.18
ablation,ablation,full_depth1_branch1_mean,opaque_dependency_l6,tabular_online,training,opaque,action_proposals,30,6.0,0.0,6.0,6.0,6.0,6.0
ablation,ablation,full_depth1_branch1_mean,opaque_dependency_l6,tabular_online,training,opaque,repeat_rate,30,0.0,0.0,0.0,0.0,0.0,0.0
ablation,ablation,full_depth1_branch1_mean,opaque_dependency_l6,tabular_online,training,opaque,error_rate,30,0.0,0.0,0.0,0.0,0.0,0.0
ablation,ablation,full_depth1_branch1_mean,opaque_dependency_l6,tabular_online,training,opaque,learning_auc,30,0.33526763381690844,0.07129862756311883,0.3108804402201101,0.36021344005336,0.21710855427713857,0.4932466233116558
ablation,ablation,full_depth1_branch1_mean,opaque_dependency_l6,tabular_online,training,opaque,final_tail_success,30,0.4995,0.10892381076570971,0.46016666666666667,0.5366666666666667,0.31,0.705
ablation,ablation,full_depth1_branch1_mean,opaque_dependency_l6,tabular_online,training,opaque,first_success_real_transitions,30,282.2,212.5148919731152,207.4,360.4,6.0,678.0
ablation,ablation,full_depth1_branch1_risk-adjusted,opaque_dependency_l6,tabular_online,evaluation_seen,opaque,success,30,0.0,0.0,0.0,0.0,0.0,0.0
ablation,ablation,full_depth1_branch1_risk-adjusted,opaque_dependency_l6,tabular_online,evaluation_seen,opaque,steps,30,6.0,0.0,6.0,6.0,6.0,6.0
ablation,ablation,full_depth1_branch1_risk-adjusted,opaque_dependency_l6,tabular_online,evaluation_seen,opaque,high_level_steps,30,6.0,0.0,6.0,6.0,6.0,6.0
ablation,ablation,full_depth1_branch1_risk-adjusted,opaque_dependency_l6,tabular_online,evaluation_seen,opaque,primitive_steps,30,6.0,0.0,6.0,6.0,6.0,6.0
ablation,ablation,full_depth1_branch1_risk-adjusted,opaque_dependency_l6,tabular_online,evaluation_seen,opaque,reward,30,0.0,0.0,0.0,0.0,0.0,0.0
ablation,ablation,full_depth1_branch1_risk-adjusted,opaque_dependency_l6,tabular_online,evaluation_seen,opaque,errors,30,0.0,0.0,0.0,0.0,0.0,0.0
ablation,ablation,full_depth1_branch1_risk-adjusted,opaque_dependency_l6,tabular_online,evaluation_seen,opaque,repeats,30,0.0,0.0,0.0,0.0,0.0,0.0
ablation,ablation,full_depth1_branch1_risk-adjusted,opaque_dependency_l6,tabular_online,evaluation_seen,opaque,prediction_score,30,0.0,0.0,0.0,0.0,0.0,0.0
ablation,ablation,full_depth1_branch1_risk-adjusted,opaque_dependency_l6,tabular_online,evaluation_seen,opaque,holdout_score,30,1.0,0.0,1.0,1.0,1.0,1.0
ablation,ablation,full_depth1_branch1_risk-adjusted,opaque_dependency_l6,tabular_online,evaluation_seen,opaque,imagined_nodes,30,0.0,0.0,0.0,0.0,0.0,0.0
ablation,ablation,full_depth1_branch1_risk-adjusted,opaque_dependency_l6,tabular_online,evaluation_seen,opaque,imagination_depth,30,0.0,0.0,0.0,0.0,0.0,0.0
ablation,ablation,full_depth1_branch1_risk-adjusted,opaque_dependency_l6,tabular_online,evaluation_seen,opaque,actual_return,30,0.0,0.0,0.0,0.0,0.0,0.0
ablation,ablation,full_depth1_branch1_risk-adjusted,opaque_dependency_l6,tabular_online,evaluation_seen,opaque,runtime_seconds,30,0.0034327045332853837,0.0004456702464234325,0.003278535216653836,0.0035892397834250004,0.002837532998964889,0.004501379000867018
ablation,ablation,full_depth1_branch1_risk-adjusted,opaque_dependency_l6,tabular_online,evaluation_seen,opaque,real_transitions,30,6.0,0.0,6.0,6.0,6.0,6.0
ablation,ablation,full_depth1_branch1_risk-adjusted,opaque_dependency_l6,tabular_online,evaluation_seen,opaque,imagined_transitions,30,0.0,0.0,0.0,0.0,0.0,0.0
ablation,ablation,full_depth1_branch1_risk-adjusted,opaque_dependency_l6,tabular_online,evaluation_seen,opaque,action_proposals,30,6.0,0.0,6.0,6.0,6.0,6.0
ablation,ablation,full_depth1_branch1_risk-adjusted,opaque_dependency_l6,tabular_online,evaluation_seen,opaque,repeat_rate,30,0.0,0.0,0.0,0.0,0.0,0.0
ablation,ablation,full_depth1_branch1_risk-adjusted,opaque_dependency_l6,tabular_online,evaluation_seen,opaque,error_rate,30,0.0,0.0,0.0,0.0,0.0,0.0
ablation,ablation,full_depth1_branch1_risk-adjusted,opaque_dependency_l6,tabular_online,evaluation_unseen_zero_shot,opaque,success,30,0.0,0.0,0.0,0.0,0.0,0.0
ablation,ablation,full_depth1_branch1_risk-adjusted,opaque_dependency_l6,tabular_online,evaluation_unseen_zero_shot,opaque,steps,30,6.0,0.0,6.0,6.0,6.0,6.0
ablation,ablation,full_depth1_branch1_risk-adjusted,opaque_dependency_l6,tabular_online,evaluation_unseen_zero_shot,opaque,high_level_steps,30,6.0,0.0,6.0,6.0,6.0,6.0
ablation,ablation,full_depth1_branch1_risk-adjusted,opaque_dependency_l6,tabular_online,evaluation_unseen_zero_shot,opaque,primitive_steps,30,6.0,0.0,6.0,6.0,6.0,6.0
ablation,ablation,full_depth1_branch1_risk-adjusted,opaque_dependency_l6,tabular_online,evaluation_unseen_zero_shot,opaque,reward,30,0.0,0.0,0.0,0.0,0.0,0.0
ablation,ablation,full_depth1_branch1_risk-adjusted,opaque_dependency_l6,tabular_online,evaluation_unseen_zero_shot,opaque,errors,30,0.0,0.0,0.0,0.0,0.0,0.0
ablation,ablation,full_depth1_branch1_risk-adjusted,opaque_dependency_l6,tabular_online,evaluation_unseen_zero_shot,opaque,repeats,30,0.0,0.0,0.0,0.0,0.0,0.0
ablation,ablation,full_depth1_branch1_risk-adjusted,opaque_dependency_l6,tabular_online,evaluation_unseen_zero_shot,opaque,prediction_score,30,0.0,0.0,0.0,0.0,0.0,0.0
ablation,ablation,full_depth1_branch1_risk-adjusted,opaque_dependency_l6,tabular_online,evaluation_unseen_zero_shot,opaque,holdout_score,30,1.0,0.0,1.0,1.0,1.0,1.0
ablation,ablation,full_depth1_branch1_risk-adjusted,opaque_dependency_l6,tabular_online,evaluation_unseen_zero_shot,opaque,imagined_nodes,30,0.0,0.0,0.0,0.0,0.0,0.0
ablation,ablation,full_depth1_branch1_risk-adjusted,opaque_dependency_l6,tabular_online,evaluation_unseen_zero_shot,opaque,imagination_depth,30,0.0,0.0,0.0,0.0,0.0,0.0
ablation,ablation,full_depth1_branch1_risk-adjusted,opaque_dependency_l6,tabular_online,evaluation_unseen_zero_shot,opaque,actual_return,30,0.0,0.0,0.0,0.0,0.0,0.0
ablation,ablation,full_depth1_branch1_risk-adjusted,opaque_dependency_l6,tabular_online,evaluation_unseen_zero_shot,opaque,runtime_seconds,30,0.0035510331333013403,0.0006322637713461994,0.0033525466497909898,0.0037841313166039376,0.0028059225001197774,0.005952244500804227
ablation,ablation,full_depth1_branch1_risk-adjusted,opaque_dependency_l6,tabular_online,evaluation_unseen_zero_shot,opaque,real_transitions,30,6.0,0.0,6.0,6.0,6.0,6.0
ablation,ablation,full_depth1_branch1_risk-adjusted,opaque_dependency_l6,tabular_online,evaluation_unseen_zero_shot,opaque,imagined_transitions,30,0.0,0.0,0.0,0.0,0.0,0.0
ablation,ablation,full_depth1_branch1_risk-adjusted,opaque_dependency_l6,tabular_online,evaluation_unseen_zero_shot,opaque,action_proposals,30,6.0,0.0,6.0,6.0,6.0,6.0
ablation,ablation,full_depth1_branch1_risk-adjusted,opaque_dependency_l6,tabular_online,evaluation_unseen_zero_shot,opaque,repeat_rate,30,0.0,0.0,0.0,0.0,0.0,0.0
ablation,ablation,full_depth1_branch1_risk-adjusted,opaque_dependency_l6,tabular_online,evaluation_unseen_zero_shot,opaque,error_rate,30,0.0,0.0,0.0,0.0,0.0,0.0
ablation,ablation,full_depth1_branch1_risk-adjusted,opaque_dependency_l6,tabular_online,training,opaque,success,30,0.33521666666666666,0.07133779325943883,0.3104333333333333,0.3611333333333333,0.217,0.493
ablation,ablation,full_depth1_branch1_risk-adjusted,opaque_dependency_l6,tabular_online,training,opaque,steps,30,6.0,0.0,6.0,6.0,6.0,6.0
ablation,ablation,full_depth1_branch1_risk-adjusted,opaque_dependency_l6,tabular_online,training,opaque,high_level_steps,30,6.0,0.0,6.0,6.0,6.0,6.0
ablation,ablation,full_depth1_branch1_risk-adjusted,opaque_dependency_l6,tabular_online,training,opaque,primitive_steps,30,6.0,0.0,6.0,6.0,6.0,6.0
ablation,ablation,full_depth1_branch1_risk-adjusted,opaque_dependency_l6,tabular_online,training,opaque,reward,30,0.33521666666666666,0.07133779325943883,0.31120000000000003,0.36033333333333334,0.217,0.493
ablation,ablation,full_depth1_branch1_risk-adjusted,opaque_dependency_l6,tabular_online,training,opaque,errors,30,0.0,0.0,0.0,0.0,0.0,0.0
ablation,ablation,full_depth1_branch1_risk-adjusted,opaque_dependency_l6,tabular_online,training,opaque,repeats,30,0.0,0.0,0.0,0.0,0.0,0.0
ablation,ablation,full_depth1_branch1_risk-adjusted,opaque_dependency_l6,tabular_online,training,opaque,prediction_score,30,0.9899944444444445,0.0005587742011924325,0.9897972222222222,0.9901888888888889,0.98875,0.9909166666666667
ablation,ablation,full_depth1_branch1_risk-adjusted,opaque_dependency_l6,tabular_online,training,opaque,holdout_score,30,0.12354595175287926,0.00021976011280834515,0.12346426230842676,0.1236211555593544,0.12305159026929598,0.1239719795736979
ablation,ablation,full_depth1_branch1_risk-adjusted,opaque_dependency_l6,tabular_online,training,opaque,holdout_gain,30,6.3778436010959445e-06,4.876738246617554e-06,4.736393437480393e-06,8.168619770042403e-06,0.0,1.7361111111111104e-05
ablation,ablation,full_depth1_branch1_risk-adjusted,opaque_dependency_l6,tabular_online,training,opaque,imagined_nodes,30,9.115633333333333,0.03982763148726094,9.101666666666667,9.129199999999999,9.035,9.18
ablation,ablation,full_depth1_branch1_risk-adjusted,opaque_dependency_l6,tabular_online,training,opaque,imagination_depth,30,0.9708666666666667,0.002438673089362663,0.9700333333333333,0.9717333333333333,0.966,0.9755
ablation,ablation,full_depth1_branch1_risk-adjusted,opaque_dependency_l6,tabular_online,training,opaque,actual_return,30,0.33521666666666666,0.07133779325943883,0.31001666666666666,0.36106666666666665,0.217,0.493
ablation,ablation,full_depth1_branch1_risk-adjusted,opaque_dependency_l6,tabular_online,training,opaque,runtime_seconds,30,0.0015779825333879368,9.644475635752881e-05,0.001544024835090386,0.0016125379550988629,0.0014211660000000848,0.001828424250590615
ablation,ablation,full_depth1_branch1_risk-adjusted,opaque_dependency_l6,tabular_online,training,opaque,real_transitions,30,6.0,0.0,6.0,6.0,6.0,6.0
ablation,ablation,full_depth1_branch1_risk-adjusted,opaque_dependency_l6,tabular_online,training,opaque,imagined_transitions,30,9.115633333333333,0.03982763148726094,9.101066666666666,9.129766666666667,9.035,9.18
ablation,ablation,full_depth1_branch1_risk-adjusted,opaque_dependency_l6,tabular_online,training,opaque,action_proposals,30,6.0,0.0,6.0,6.0,6.0,6.0
ablation,ablation,full_depth1_branch1_risk-adjusted,opaque_dependency_l6,tabular_online,training,opaque,repeat_rate,30,0.0,0.0,0.0,0.0,0.0,0.0
ablation,ablation,full_depth1_branch1_risk-adjusted,opaque_dependency_l6,tabular_online,training,opaque,error_rate,30,0.0,0.0,0.0,0.0,0.0,0.0
ablation,ablation,full_depth1_branch1_risk-adjusted,opaque_dependency_l6,tabular_online,training,opaque,learning_auc,30,0.33526763381690844,0.07129862756311883,0.3105219276304819,0.3608554277138569,0.21710855427713857,0.4932466233116558
ablation,ablation,full_depth1_branch1_risk-adjusted,opaque_dependency_l6,tabular_online,training,opaque,final_tail_success,30,0.4995,0.10892381076570971,0.4625,0.5381666666666667,0.31,0.705
ablation,ablation,full_depth1_branch1_risk-adjusted,opaque_dependency_l6,tabular_online,training,opaque,first_success_real_transitions,30,282.2,212.5148919731152,209.2,357.6,6.0,678.0
ablation,ablation,full_depth1_branch2_max,opaque_dependency_l6,tabular_online,evaluation_seen,opaque,success,30,0.0,0.0,0.0,0.0,0.0,0.0
ablation,ablation,full_depth1_branch2_max,opaque_dependency_l6,tabular_online,evaluation_seen,opaque,steps,30,6.0,0.0,6.0,6.0,6.0,6.0
ablation,ablation,full_depth1_branch2_max,opaque_dependency_l6,tabular_online,evaluation_seen,opaque,high_level_steps,30,6.0,0.0,6.0,6.0,6.0,6.0
ablation,ablation,full_depth1_branch2_max,opaque_dependency_l6,tabular_online,evaluation_seen,opaque,primitive_steps,30,6.0,0.0,6.0,6.0,6.0,6.0
ablation,ablation,full_depth1_branch2_max,opaque_dependency_l6,tabular_online,evaluation_seen,opaque,reward,30,0.0,0.0,0.0,0.0,0.0,0.0
ablation,ablation,full_depth1_branch2_max,opaque_dependency_l6,tabular_online,evaluation_seen,opaque,errors,30,0.0,0.0,0.0,0.0,0.0,0.0
ablation,ablation,full_depth1_branch2_max,opaque_dependency_l6,tabular_online,evaluation_seen,opaque,repeats,30,0.0,0.0,0.0,0.0,0.0,0.0
ablation,ablation,full_depth1_branch2_max,opaque_dependency_l6,tabular_online,evaluation_seen,opaque,prediction_score,30,0.0,0.0,0.0,0.0,0.0,0.0
ablation,ablation,full_depth1_branch2_max,opaque_dependency_l6,tabular_online,evaluation_seen,opaque,holdout_score,30,1.0,0.0,1.0,1.0,1.0,1.0
ablation,ablation,full_depth1_branch2_max,opaque_dependency_l6,tabular_online,evaluation_seen,opaque,imagined_nodes,30,0.0,0.0,0.0,0.0,0.0,0.0
ablation,ablation,full_depth1_branch2_max,opaque_dependency_l6,tabular_online,evaluation_seen,opaque,imagination_depth,30,0.0,0.0,0.0,0.0,0.0,0.0
ablation,ablation,full_depth1_branch2_max,opaque_dependency_l6,tabular_online,evaluation_seen,opaque,actual_return,30,0.0,0.0,0.0,0.0,0.0,0.0
ablation,ablation,full_depth1_branch2_max,opaque_dependency_l6,tabular_online,evaluation_seen,opaque,runtime_seconds,30,0.003627874866845862,0.00047613085971463033,0.0034647501832466027,0.0037964762169285676,0.0028785664997121787,0.004746184999821708
ablation,ablation,full_depth1_branch2_max,opaque_dependency_l6,tabular_online,evaluation_seen,opaque,real_transitions,30,6.0,0.0,6.0,6.0,6.0,6.0
ablation,ablation,full_depth1_branch2_max,opaque_dependency_l6,tabular_online,evaluation_seen,opaque,imagined_transitions,30,0.0,0.0,0.0,0.0,0.0,0.0
ablation,ablation,full_depth1_branch2_max,opaque_dependency_l6,tabular_online,evaluation_seen,opaque,action_proposals,30,6.0,0.0,6.0,6.0,6.0,6.0
ablation,ablation,full_depth1_branch2_max,opaque_dependency_l6,tabular_online,evaluation_seen,opaque,repeat_rate,30,0.0,0.0,0.0,0.0,0.0,0.0
ablation,ablation,full_depth1_branch2_max,opaque_dependency_l6,tabular_online,evaluation_seen,opaque,error_rate,30,0.0,0.0,0.0,0.0,0.0,0.0
ablation,ablation,full_depth1_branch2_max,opaque_dependency_l6,tabular_online,evaluation_unseen_zero_shot,opaque,success,30,0.0,0.0,0.0,0.0,0.0,0.0
ablation,ablation,full_depth1_branch2_max,opaque_dependency_l6,tabular_online,evaluation_unseen_zero_shot,opaque,steps,30,6.0,0.0,6.0,6.0,6.0,6.0
ablation,ablation,full_depth1_branch2_max,opaque_dependency_l6,tabular_online,evaluation_unseen_zero_shot,opaque,high_level_steps,30,6.0,0.0,6.0,6.0,6.0,6.0
ablation,ablation,full_depth1_branch2_max,opaque_dependency_l6,tabular_online,evaluation_unseen_zero_shot,opaque,primitive_steps,30,6.0,0.0,6.0,6.0,6.0,6.0
ablation,ablation,full_depth1_branch2_max,opaque_dependency_l6,tabular_online,evaluation_unseen_zero_shot,opaque,reward,30,0.0,0.0,0.0,0.0,0.0,0.0
ablation,ablation,full_depth1_branch2_max,opaque_dependency_l6,tabular_online,evaluation_unseen_zero_shot,opaque,errors,30,0.0,0.0,0.0,0.0,0.0,0.0
ablation,ablation,full_depth1_branch2_max,opaque_dependency_l6,tabular_online,evaluation_unseen_zero_shot,opaque,repeats,30,0.0,0.0,0.0,0.0,0.0,0.0
ablation,ablation,full_depth1_branch2_max,opaque_dependency_l6,tabular_online,evaluation_unseen_zero_shot,opaque,prediction_score,30,0.0,0.0,0.0,0.0,0.0,0.0
ablation,ablation,full_depth1_branch2_max,opaque_dependency_l6,tabular_online,evaluation_unseen_zero_shot,opaque,holdout_score,30,1.0,0.0,1.0,1.0,1.0,1.0
ablation,ablation,full_depth1_branch2_max,opaque_dependency_l6,tabular_online,evaluation_unseen_zero_shot,opaque,imagined_nodes,30,0.0,0.0,0.0,0.0,0.0,0.0
ablation,ablation,full_depth1_branch2_max,opaque_dependency_l6,tabular_online,evaluation_unseen_zero_shot,opaque,imagination_depth,30,0.0,0.0,0.0,0.0,0.0,0.0
ablation,ablation,full_depth1_branch2_max,opaque_dependency_l6,tabular_online,evaluation_unseen_zero_shot,opaque,actual_return,30,0.0,0.0,0.0,0.0,0.0,0.0
ablation,ablation,full_depth1_branch2_max,opaque_dependency_l6,tabular_online,evaluation_unseen_zero_shot,opaque,runtime_seconds,30,0.0035159190667909566,0.0004475285711216796,0.0033642119835324896,0.0036757117168745024,0.0028428389999317007,0.005072787501412677
ablation,ablation,full_depth1_branch2_max,opaque_dependency_l6,tabular_online,evaluation_unseen_zero_shot,opaque,real_transitions,30,6.0,0.0,6.0,6.0,6.0,6.0
ablation,ablation,full_depth1_branch2_max,opaque_dependency_l6,tabular_online,evaluation_unseen_zero_shot,opaque,imagined_transitions,30,0.0,0.0,0.0,0.0,0.0,0.0
ablation,ablation,full_depth1_branch2_max,opaque_dependency_l6,tabular_online,evaluation_unseen_zero_shot,opaque,action_proposals,30,6.0,0.0,6.0,6.0,6.0,6.0
ablation,ablation,full_depth1_branch2_max,opaque_dependency_l6,tabular_online,evaluation_unseen_zero_shot,opaque,repeat_rate,30,0.0,0.0,0.0,0.0,0.0,0.0
ablation,ablation,full_depth1_branch2_max,opaque_dependency_l6,tabular_online,evaluation_unseen_zero_shot,opaque,error_rate,30,0.0,0.0,0.0,0.0,0.0,0.0
ablation,ablation,full_depth1_branch2_max,opaque_dependency_l6,tabular_online,training,opaque,success,30,0.33521666666666666,0.07133779325943883,0.31120000000000003,0.35973333333333335,0.217,0.493
ablation,ablation,full_depth1_branch2_max,opaque_dependency_l6,tabular_online,training,opaque,steps,30,6.0,0.0,6.0,6.0,6.0,6.0
ablation,ablation,full_depth1_branch2_max,opaque_dependency_l6,tabular_online,training,opaque,high_level_steps,30,6.0,0.0,6.0,6.0,6.0,6.0
ablation,ablation,full_depth1_branch2_max,opaque_dependency_l6,tabular_online,training,opaque,primitive_steps,30,6.0,0.0,6.0,6.0,6.0,6.0
ablation,ablation,full_depth1_branch2_max,opaque_dependency_l6,tabular_online,training,opaque,reward,30,0.33521666666666666,0.07133779325943883,0.3108333333333333,0.36023333333333335,0.217,0.493
ablation,ablation,full_depth1_branch2_max,opaque_dependency_l6,tabular_online,training,opaque,errors,30,0.0,0.0,0.0,0.0,0.0,0.0
ablation,ablation,full_depth1_branch2_max,opaque_dependency_l6,tabular_online,training,opaque,repeats,30,0.0,0.0,0.0,0.0,0.0,0.0
ablation,ablation,full_depth1_branch2_max,opaque_dependency_l6,tabular_online,training,opaque,prediction_score,30,0.9899944444444445,0.0005587742011924325,0.9897972222222222,0.9901833333333333,0.98875,0.9909166666666667
ablation,ablation,full_depth1_branch2_max,opaque_dependency_l6,tabular_online,training,opaque,holdout_score,30,0.12354595175287926,0.00021976011280834515,0.12346615714458099,0.12361842638223987,0.12305159026929598,0.1239719795736979
ablation,ablation,full_depth1_branch2_max,opaque_dependency_l6,tabular_online,training,opaque,holdout_gain,30,6.3778436010959445e-06,4.876738246617554e-06,4.694218181963279e-06,8.061927264346274e-06,0.0,1.7361111111111104e-05
ablation,ablation,full_depth1_branch2_max,opaque_dependency_l6,tabular_online,training,opaque,imagined_nodes,30,13.67345,0.05974144723089135,13.652199999999999,13.6943,13.5525,13.77
ablation,ablation,full_depth1_branch2_max,opaque_dependency_l6,tabular_online,training,opaque,imagination_depth,30,0.9708666666666667,0.002438673089362663,0.9700000000000001,0.9717166666666667,0.966,0.9755
ablation,ablation,full_depth1_branch2_max,opaque_dependency_l6,tabular_online,training,opaque,actual_return,30,0.33521666666666666,0.07133779325943883,0.3099166666666667,0.3609833333333333,0.217,0.493
ablation,ablation,full_depth1_branch2_max,opaque_dependency_l6,tabular_online,training,opaque,runtime_seconds,30,0.0017166432933309504,7.598128448403945e-05,0.0016883213633113578,0.0017421573250297417,0.0014587442494812422,0.0018384756001469213
ablation,ablation,full_depth1_branch2_max,opaque_dependency_l6,tabular_online,training,opaque,real_transitions,30,6.0,0.0,6.0,6.0,6.0,6.0
ablation,ablation,full_depth1_branch2_max,opaque_dependency_l6,tabular_online,training,opaque,imagined_transitions,30,13.67345,0.05974144723089135,13.652199999999999,13.694700000000001,13.5525,13.77
ablation,ablation,full_depth1_branch2_max,opaque_dependency_l6,tabular_online,training,opaque,action_proposals,30,6.0,0.0,6.0,6.0,6.0,6.0
ablation,ablation,full_depth1_branch2_max,opaque_dependency_l6,tabular_online,training,opaque,repeat_rate,30,0.0,0.0,0.0,0.0,0.0,0.0
ablation,ablation,full_depth1_branch2_max,opaque_dependency_l6,tabular_online,training,opaque,error_rate,30,0.0,0.0,0.0,0.0,0.0,0.0
ablation,ablation,full_depth1_branch2_max,opaque_dependency_l6,tabular_online,training,opaque,learning_auc,30,0.33526763381690844,0.07129862756311883,0.3107553776888444,0.35982991495747874,0.21710855427713857,0.4932466233116558
ablation,ablation,full_depth1_branch2_max,opaque_dependency_l6,tabular_online,training,opaque,final_tail_success,30,0.4995,0.10892381076570971,0.461,0.5378333333333334,0.31,0.705
ablation,ablation,full_depth1_branch2_max,opaque_dependency_l6,tabular_online,training,opaque,first_success_real_transitions,30,282.2,212.5148919731152,208.6,356.2,6.0,678.0
ablation,ablation,full_depth1_branch2_mean,opaque_dependency_l6,tabular_online,evaluation_seen,opaque,success,30,0.0,0.0,0.0,0.0,0.0,0.0
ablation,ablation,full_depth1_branch2_mean,opaque_dependency_l6,tabular_online,evaluation_seen,opaque,steps,30,6.0,0.0,6.0,6.0,6.0,6.0
ablation,ablation,full_depth1_branch2_mean,opaque_dependency_l6,tabular_online,evaluation_seen,opaque,high_level_steps,30,6.0,0.0,6.0,6.0,6.0,6.0
ablation,ablation,full_depth1_branch2_mean,opaque_dependency_l6,tabular_online,evaluation_seen,opaque,primitive_steps,30,6.0,0.0,6.0,6.0,6.0,6.0
ablation,ablation,full_depth1_branch2_mean,opaque_dependency_l6,tabular_online,evaluation_seen,opaque,reward,30,0.0,0.0,0.0,0.0,0.0,0.0
ablation,ablation,full_depth1_branch2_mean,opaque_dependency_l6,tabular_online,evaluation_seen,opaque,errors,30,0.0,0.0,0.0,0.0,0.0,0.0
ablation,ablation,full_depth1_branch2_mean,opaque_dependency_l6,tabular_online,evaluation_seen,opaque,repeats,30,0.0,0.0,0.0,0.0,0.0,0.0
ablation,ablation,full_depth1_branch2_mean,opaque_dependency_l6,tabular_online,evaluation_seen,opaque,prediction_score,30,0.0,0.0,0.0,0.0,0.0,0.0
ablation,ablation,full_depth1_branch2_mean,opaque_dependency_l6,tabular_online,evaluation_seen,opaque,holdout_score,30,1.0,0.0,1.0,1.0,1.0,1.0
ablation,ablation,full_depth1_branch2_mean,opaque_dependency_l6,tabular_online,evaluation_seen,opaque,imagined_nodes,30,0.0,0.0,0.0,0.0,0.0,0.0
ablation,ablation,full_depth1_branch2_mean,opaque_dependency_l6,tabular_online,evaluation_seen,opaque,imagination_depth,30,0.0,0.0,0.0,0.0,0.0,0.0
ablation,ablation,full_depth1_branch2_mean,opaque_dependency_l6,tabular_online,evaluation_seen,opaque,actual_return,30,0.0,0.0,0.0,0.0,0.0,0.0
ablation,ablation,full_depth1_branch2_mean,opaque_dependency_l6,tabular_online,evaluation_seen,opaque,runtime_seconds,30,0.0034898933832737387,0.0005017048984642389,0.003323940133491609,0.0036786463830940194,0.002848865999985719,0.004942698999366257
ablation,ablation,full_depth1_branch2_mean,opaque_dependency_l6,tabular_online,evaluation_seen,opaque,real_transitions,30,6.0,0.0,6.0,6.0,6.0,6.0
ablation,ablation,full_depth1_branch2_mean,opaque_dependency_l6,tabular_online,evaluation_seen,opaque,imagined_transitions,30,0.0,0.0,0.0,0.0,0.0,0.0
ablation,ablation,full_depth1_branch2_mean,opaque_dependency_l6,tabular_online,evaluation_seen,opaque,action_proposals,30,6.0,0.0,6.0,6.0,6.0,6.0
ablation,ablation,full_depth1_branch2_mean,opaque_dependency_l6,tabular_online,evaluation_seen,opaque,repeat_rate,30,0.0,0.0,0.0,0.0,0.0,0.0
ablation,ablation,full_depth1_branch2_mean,opaque_dependency_l6,tabular_online,evaluation_seen,opaque,error_rate,30,0.0,0.0,0.0,0.0,0.0,0.0
ablation,ablation,full_depth1_branch2_mean,opaque_dependency_l6,tabular_online,evaluation_unseen_zero_shot,opaque,success,30,0.0,0.0,0.0,0.0,0.0,0.0
ablation,ablation,full_depth1_branch2_mean,opaque_dependency_l6,tabular_online,evaluation_unseen_zero_shot,opaque,steps,30,6.0,0.0,6.0,6.0,6.0,6.0
ablation,ablation,full_depth1_branch2_mean,opaque_dependency_l6,tabular_online,evaluation_unseen_zero_shot,opaque,high_level_steps,30,6.0,0.0,6.0,6.0,6.0,6.0
ablation,ablation,full_depth1_branch2_mean,opaque_dependency_l6,tabular_online,evaluation_unseen_zero_shot,opaque,primitive_steps,30,6.0,0.0,6.0,6.0,6.0,6.0
ablation,ablation,full_depth1_branch2_mean,opaque_dependency_l6,tabular_online,evaluation_unseen_zero_shot,opaque,reward,30,0.0,0.0,0.0,0.0,0.0,0.0
ablation,ablation,full_depth1_branch2_mean,opaque_dependency_l6,tabular_online,evaluation_unseen_zero_shot,opaque,errors,30,0.0,0.0,0.0,0.0,0.0,0.0
ablation,ablation,full_depth1_branch2_mean,opaque_dependency_l6,tabular_online,evaluation_unseen_zero_shot,opaque,repeats,30,0.0,0.0,0.0,0.0,0.0,0.0
ablation,ablation,full_depth1_branch2_mean,opaque_dependency_l6,tabular_online,evaluation_unseen_zero_shot,opaque,prediction_score,30,0.0,0.0,0.0,0.0,0.0,0.0
ablation,ablation,full_depth1_branch2_mean,opaque_dependency_l6,tabular_online,evaluation_unseen_zero_shot,opaque,holdout_score,30,1.0,0.0,1.0,1.0,1.0,1.0
ablation,ablation,full_depth1_branch2_mean,opaque_dependency_l6,tabular_online,evaluation_unseen_zero_shot,opaque,imagined_nodes,30,0.0,0.0,0.0,0.0,0.0,0.0
ablation,ablation,full_depth1_branch2_mean,opaque_dependency_l6,tabular_online,evaluation_unseen_zero_shot,opaque,imagination_depth,30,0.0,0.0,0.0,0.0,0.0,0.0
ablation,ablation,full_depth1_branch2_mean,opaque_dependency_l6,tabular_online,evaluation_unseen_zero_shot,opaque,actual_return,30,0.0,0.0,0.0,0.0,0.0,0.0
ablation,ablation,full_depth1_branch2_mean,opaque_dependency_l6,tabular_online,evaluation_unseen_zero_shot,opaque,runtime_seconds,30,0.003493061766867565,0.0004905017005689611,0.0033269865667049695,0.003674655833601719,0.002806304001423996,0.005040419000433758
ablation,ablation,full_depth1_branch2_mean,opaque_dependency_l6,tabular_online,evaluation_unseen_zero_shot,opaque,real_transitions,30,6.0,0.0,6.0,6.0,6.0,6.0
ablation,ablation,full_depth1_branch2_mean,opaque_dependency_l6,tabular_online,evaluation_unseen_zero_shot,opaque,imagined_transitions,30,0.0,0.0,0.0,0.0,0.0,0.0
ablation,ablation,full_depth1_branch2_mean,opaque_dependency_l6,tabular_online,evaluation_unseen_zero_shot,opaque,action_proposals,30,6.0,0.0,6.0,6.0,6.0,6.0
ablation,ablation,full_depth1_branch2_mean,opaque_dependency_l6,tabular_online,evaluation_unseen_zero_shot,opaque,repeat_rate,30,0.0,0.0,0.0,0.0,0.0,0.0
ablation,ablation,full_depth1_branch2_mean,opaque_dependency_l6,tabular_online,evaluation_unseen_zero_shot,opaque,error_rate,30,0.0,0.0,0.0,0.0,0.0,0.0
ablation,ablation,full_depth1_branch2_mean,opaque_dependency_l6,tabular_online,training,opaque,success,30,0.33521666666666666,0.07133779325943883,0.3105,0.3606166666666667,0.217,0.493
ablation,ablation,full_depth1_branch2_mean,opaque_dependency_l6,tabular_online,training,opaque,steps,30,6.0,0.0,6.0,6.0,6.0,6.0
ablation,ablation,full_depth1_branch2_mean,opaque_dependency_l6,tabular_online,training,opaque,high_level_steps,30,6.0,0.0,6.0,6.0,6.0,6.0
ablation,ablation,full_depth1_branch2_mean,opaque_dependency_l6,tabular_online,training,opaque,primitive_steps,30,6.0,0.0,6.0,6.0,6.0,6.0
ablation,ablation,full_depth1_branch2_mean,opaque_dependency_l6,tabular_online,training,opaque,reward,30,0.33521666666666666,0.07133779325943883,0.30966666666666665,0.3598166666666666,0.217,0.493
ablation,ablation,full_depth1_branch2_mean,opaque_dependency_l6,tabular_online,training,opaque,errors,30,0.0,0.0,0.0,0.0,0.0,0.0
ablation,ablation,full_depth1_branch2_mean,opaque_dependency_l6,tabular_online,training,opaque,repeats,30,0.0,0.0,0.0,0.0,0.0,0.0
ablation,ablation,full_depth1_branch2_mean,opaque_dependency_l6,tabular_online,training,opaque,prediction_score,30,0.9899944444444445,0.0005587742011924325,0.9897972222222222,0.9901916666666666,0.98875,0.9909166666666667
ablation,ablation,full_depth1_branch2_mean,opaque_dependency_l6,tabular_online,training,opaque,holdout_score,30,0.12354595175287926,0.00021976011280834515,0.12346871230605162,0.12362174912758171,0.12305159026929598,0.1239719795736979
ablation,ablation,full_depth1_branch2_mean,opaque_dependency_l6,tabular_online,training,opaque,holdout_gain,30,6.3778436010959445e-06,4.876738246617554e-06,4.7679083747391495e-06,8.09079755456567e-06,0.0,1.7361111111111104e-05
ablation,ablation,full_depth1_branch2_mean,opaque_dependency_l6,tabular_online,training,opaque,imagined_nodes,30,13.67345,0.05974144723089135,13.65235,13.6943,13.5525,13.77
ablation,ablation,full_depth1_branch2_mean,opaque_dependency_l6,tabular_online,training,opaque,imagination_depth,30,0.9708666666666667,0.002438673089362663,0.9700166666666666,0.9717333333333333,0.966,0.9755
ablation,ablation,full_depth1_branch2_mean,opaque_dependency_l6,tabular_online,training,opaque,actual_return,30,0.33521666666666666,0.07133779325943883,0.31033333333333335,0.36064999999999997,0.217,0.493
ablation,ablation,full_depth1_branch2_mean,opaque_dependency_l6,tabular_online,training,opaque,runtime_seconds,30,0.001722226143377581,0.00010530616422595752,0.0016867773116997949,0.0017607886867132038,0.0015334889502555597,0.0019849574502295584
ablation,ablation,full_depth1_branch2_mean,opaque_dependency_l6,tabular_online,training,opaque,real_transitions,30,6.0,0.0,6.0,6.0,6.0,6.0
ablation,ablation,full_depth1_branch2_mean,opaque_dependency_l6,tabular_online,training,opaque,imagined_transitions,30,13.67345,0.05974144723089135,13.652700000000001,13.6945,13.5525,13.77
ablation,ablation,full_depth1_branch2_mean,opaque_dependency_l6,tabular_online,training,opaque,action_proposals,30,6.0,0.0,6.0,6.0,6.0,6.0
ablation,ablation,full_depth1_branch2_mean,opaque_dependency_l6,tabular_online,training,opaque,repeat_rate,30,0.0,0.0,0.0,0.0,0.0,0.0
ablation,ablation,full_depth1_branch2_mean,opaque_dependency_l6,tabular_online,training,opaque,error_rate,30,0.0,0.0,0.0,0.0,0.0,0.0
ablation,ablation,full_depth1_branch2_mean,opaque_dependency_l6,tabular_online,training,opaque,learning_auc,30,0.33526763381690844,0.07129862756311883,0.31019676504919125,0.3608887777221944,0.21710855427713857,0.4932466233116558
ablation,ablation,full_depth1_branch2_mean,opaque_dependency_l6,tabular_online,training,opaque,final_tail_success,30,0.4995,0.10892381076570971,0.46166666666666667,0.5366666666666667,0.31,0.705
ablation,ablation,full_depth1_branch2_mean,opaque_dependency_l6,tabular_online,training,opaque,first_success_real_transitions,30,282.2,212.5148919731152,207.2,359.4,6.0,678.0
ablation,ablation,full_depth1_branch2_risk-adjusted,opaque_dependency_l6,tabular_online,evaluation_seen,opaque,success,30,0.0,0.0,0.0,0.0,0.0,0.0
ablation,ablation,full_depth1_branch2_risk-adjusted,opaque_dependency_l6,tabular_online,evaluation_seen,opaque,steps,30,6.0,0.0,6.0,6.0,6.0,6.0
ablation,ablation,full_depth1_branch2_risk-adjusted,opaque_dependency_l6,tabular_online,evaluation_seen,opaque,high_level_steps,30,6.0,0.0,6.0,6.0,6.0,6.0
ablation,ablation,full_depth1_branch2_risk-adjusted,opaque_dependency_l6,tabular_online,evaluation_seen,opaque,primitive_steps,30,6.0,0.0,6.0,6.0,6.0,6.0
ablation,ablation,full_depth1_branch2_risk-adjusted,opaque_dependency_l6,tabular_online,evaluation_seen,opaque,reward,30,0.0,0.0,0.0,0.0,0.0,0.0
ablation,ablation,full_depth1_branch2_risk-adjusted,opaque_dependency_l6,tabular_online,evaluation_seen,opaque,errors,30,0.0,0.0,0.0,0.0,0.0,0.0
ablation,ablation,full_depth1_branch2_risk-adjusted,opaque_dependency_l6,tabular_online,evaluation_seen,opaque,repeats,30,0.0,0.0,0.0,0.0,0.0,0.0
ablation,ablation,full_depth1_branch2_risk-adjusted,opaque_dependency_l6,tabular_online,evaluation_seen,opaque,prediction_score,30,0.0,0.0,0.0,0.0,0.0,0.0
ablation,ablation,full_depth1_branch2_risk-adjusted,opaque_dependency_l6,tabular_online,evaluation_seen,opaque,holdout_score,30,1.0,0.0,1.0,1.0,1.0,1.0
ablation,ablation,full_depth1_branch2_risk-adjusted,opaque_dependency_l6,tabular_online,evaluation_seen,opaque,imagined_nodes,30,0.0,0.0,0.0,0.0,0.0,0.0
ablation,ablation,full_depth1_branch2_risk-adjusted,opaque_dependency_l6,tabular_online,evaluation_seen,opaque,imagination_depth,30,0.0,0.0,0.0,0.0,0.0,0.0
ablation,ablation,full_depth1_branch2_risk-adjusted,opaque_dependency_l6,tabular_online,evaluation_seen,opaque,actual_return,30,0.0,0.0,0.0,0.0,0.0,0.0
ablation,ablation,full_depth1_branch2_risk-adjusted,opaque_dependency_l6,tabular_online,evaluation_seen,opaque,runtime_seconds,30,0.0037015333665234114,0.0004300122654839331,0.0035522169164614753,0.0038503308664027524,0.0029456795009900815,0.005010419499594718
ablation,ablation,full_depth1_branch2_risk-adjusted,opaque_dependency_l6,tabular_online,evaluation_seen,opaque,real_transitions,30,6.0,0.0,6.0,6.0,6.0,6.0
ablation,ablation,full_depth1_branch2_risk-adjusted,opaque_dependency_l6,tabular_online,evaluation_seen,opaque,imagined_transitions,30,0.0,0.0,0.0,0.0,0.0,0.0
ablation,ablation,full_depth1_branch2_risk-adjusted,opaque_dependency_l6,tabular_online,evaluation_seen,opaque,action_proposals,30,6.0,0.0,6.0,6.0,6.0,6.0
ablation,ablation,full_depth1_branch2_risk-adjusted,opaque_dependency_l6,tabular_online,evaluation_seen,opaque,repeat_rate,30,0.0,0.0,0.0,0.0,0.0,0.0
ablation,ablation,full_depth1_branch2_risk-adjusted,opaque_dependency_l6,tabular_online,evaluation_seen,opaque,error_rate,30,0.0,0.0,0.0,0.0,0.0,0.0
ablation,ablation,full_depth1_branch2_risk-adjusted,opaque_dependency_l6,tabular_online,evaluation_unseen_zero_shot,opaque,success,30,0.0,0.0,0.0,0.0,0.0,0.0
ablation,ablation,full_depth1_branch2_risk-adjusted,opaque_dependency_l6,tabular_online,evaluation_unseen_zero_shot,opaque,steps,30,6.0,0.0,6.0,6.0,6.0,6.0
ablation,ablation,full_depth1_branch2_risk-adjusted,opaque_dependency_l6,tabular_online,evaluation_unseen_zero_shot,opaque,high_level_steps,30,6.0,0.0,6.0,6.0,6.0,6.0
ablation,ablation,full_depth1_branch2_risk-adjusted,opaque_dependency_l6,tabular_online,evaluation_unseen_zero_shot,opaque,primitive_steps,30,6.0,0.0,6.0,6.0,6.0,6.0
ablation,ablation,full_depth1_branch2_risk-adjusted,opaque_dependency_l6,tabular_online,evaluation_unseen_zero_shot,opaque,reward,30,0.0,0.0,0.0,0.0,0.0,0.0
ablation,ablation,full_depth1_branch2_risk-adjusted,opaque_dependency_l6,tabular_online,evaluation_unseen_zero_shot,opaque,errors,30,0.0,0.0,0.0,0.0,0.0,0.0
ablation,ablation,full_depth1_branch2_risk-adjusted,opaque_dependency_l6,tabular_online,evaluation_unseen_zero_shot,opaque,repeats,30,0.0,0.0,0.0,0.0,0.0,0.0
ablation,ablation,full_depth1_branch2_risk-adjusted,opaque_dependency_l6,tabular_online,evaluation_unseen_zero_shot,opaque,prediction_score,30,0.0,0.0,0.0,0.0,0.0,0.0
ablation,ablation,full_depth1_branch2_risk-adjusted,opaque_dependency_l6,tabular_online,evaluation_unseen_zero_shot,opaque,holdout_score,30,1.0,0.0,1.0,1.0,1.0,1.0
ablation,ablation,full_depth1_branch2_risk-adjusted,opaque_dependency_l6,tabular_online,evaluation_unseen_zero_shot,opaque,imagined_nodes,30,0.0,0.0,0.0,0.0,0.0,0.0
ablation,ablation,full_depth1_branch2_risk-adjusted,opaque_dependency_l6,tabular_online,evaluation_unseen_zero_shot,opaque,imagination_depth,30,0.0,0.0,0.0,0.0,0.0,0.0
ablation,ablation,full_depth1_branch2_risk-adjusted,opaque_dependency_l6,tabular_online,evaluation_unseen_zero_shot,opaque,actual_return,30,0.0,0.0,0.0,0.0,0.0,0.0
ablation,ablation,full_depth1_branch2_risk-adjusted,opaque_dependency_l6,tabular_online,evaluation_unseen_zero_shot,opaque,runtime_seconds,30,0.0035441473335085906,0.0005448583102049801,0.003359562133482541,0.003750057849606189,0.0027896295009122696,0.004929029499035096
ablation,ablation,full_depth1_branch2_risk-adjusted,opaque_dependency_l6,tabular_online,evaluation_unseen_zero_shot,opaque,real_transitions,30,6.0,0.0,6.0,6.0,6.0,6.0
ablation,ablation,full_depth1_branch2_risk-adjusted,opaque_dependency_l6,tabular_online,evaluation_unseen_zero_shot,opaque,imagined_transitions,30,0.0,0.0,0.0,0.0,0.0,0.0
ablation,ablation,full_depth1_branch2_risk-adjusted,opaque_dependency_l6,tabular_online,evaluation_unseen_zero_shot,opaque,action_proposals,30,6.0,0.0,6.0,6.0,6.0,6.0
ablation,ablation,full_depth1_branch2_risk-adjusted,opaque_dependency_l6,tabular_online,evaluation_unseen_zero_shot,opaque,repeat_rate,30,0.0,0.0,0.0,0.0,0.0,0.0
ablation,ablation,full_depth1_branch2_risk-adjusted,opaque_dependency_l6,tabular_online,evaluation_unseen_zero_shot,opaque,error_rate,30,0.0,0.0,0.0,0.0,0.0,0.0
ablation,ablation,full_depth1_branch2_risk-adjusted,opaque_dependency_l6,tabular_online,training,opaque,success,30,0.33521666666666666,0.07133779325943883,0.3095333333333333,0.36086666666666667,0.217,0.493
ablation,ablation,full_depth1_branch2_risk-adjusted,opaque_dependency_l6,tabular_online,training,opaque,steps,30,6.0,0.0,6.0,6.0,6.0,6.0
ablation,ablation,full_depth1_branch2_risk-adjusted,opaque_dependency_l6,tabular_online,training,opaque,high_level_steps,30,6.0,0.0,6.0,6.0,6.0,6.0
ablation,ablation,full_depth1_branch2_risk-adjusted,opaque_dependency_l6,tabular_online,training,opaque,primitive_steps,30,6.0,0.0,6.0,6.0,6.0,6.0
ablation,ablation,full_depth1_branch2_risk-adjusted,opaque_dependency_l6,tabular_online,training,opaque,reward,30,0.33521666666666666,0.07133779325943883,0.31001666666666666,0.36018333333333336,0.217,0.493
ablation,ablation,full_depth1_branch2_risk-adjusted,opaque_dependency_l6,tabular_online,training,opaque,errors,30,0.0,0.0,0.0,0.0,0.0,0.0
ablation,ablation,full_depth1_branch2_risk-adjusted,opaque_dependency_l6,tabular_online,training,opaque,repeats,30,0.0,0.0,0.0,0.0,0.0,0.0
ablation,ablation,full_depth1_branch2_risk-adjusted,opaque_dependency_l6,tabular_online,training,opaque,prediction_score,30,0.9899944444444445,0.0005587742011924325,0.9897972222222222,0.9901833333333333,0.98875,0.9909166666666667
ablation,ablation,full_depth1_branch2_risk-adjusted,opaque_dependency_l6,tabular_online,training,opaque,holdout_score,30,0.12354595175287926,0.00021976011280834515,0.12346873757131273,0.12362123939294391,0.12305159026929598,0.1239719795736979
ablation,ablation,full_depth1_branch2_risk-adjusted,opaque_dependency_l6,tabular_online,training,opaque,holdout_gain,30,6.3778436010959445e-06,4.876738246617554e-06,4.680684301608214e-06,8.108212768965113e-06,0.0,1.7361111111111104e-05
ablation,ablation,full_depth1_branch2_risk-adjusted,opaque_dependency_l6,tabular_online,training,opaque,imagined_nodes,30,13.67345,0.05974144723089135,13.652999999999999,13.69455,13.5525,13.77
ablation,ablation,full_depth1_branch2_risk-adjusted,opaque_dependency_l6,tabular_online,training,opaque,imagination_depth,30,0.9708666666666667,0.002438673089362663,0.9700000000000001,0.9717333333333333,0.966,0.9755
ablation,ablation,full_depth1_branch2_risk-adjusted,opaque_dependency_l6,tabular_online,training,opaque,actual_return,30,0.33521666666666666,0.07133779325943883,0.3106666666666667,0.36110000000000003,0.217,0.493
ablation,ablation,full_depth1_branch2_risk-adjusted,opaque_dependency_l6,tabular_online,training,opaque,runtime_seconds,30,0.0017293197033373872,8.503054214021785e-05,0.001699858306652459,0.0017599468200613045,0.0015664150501397672,0.0019657278003869577
ablation,ablation,full_depth1_branch2_risk-adjusted,opaque_dependency_l6,tabular_online,training,opaque,real_transitions,30,6.0,0.0,6.0,6.0,6.0,6.0
ablation,ablation,full_depth1_branch2_risk-adjusted,opaque_dependency_l6,tabular_online,training,opaque,imagined_transitions,30,13.67345,0.05974144723089135,13.6517,13.694799999999999,13.5525,13.77
ablation,ablation,full_depth1_branch2_risk-adjusted,opaque_dependency_l6,tabular_online,training,opaque,action_proposals,30,6.0,0.0,6.0,6.0,6.0,6.0
ablation,ablation,full_depth1_branch2_risk-adjusted,opaque_dependency_l6,tabular_online,training,opaque,repeat_rate,30,0.0,0.0,0.0,0.0,0.0,0.0
ablation,ablation,full_depth1_branch2_risk-adjusted,opaque_dependency_l6,tabular_online,training,opaque,error_rate,30,0.0,0.0,0.0,0.0,0.0,0.0
ablation,ablation,full_depth1_branch2_risk-adjusted,opaque_dependency_l6,tabular_online,training,opaque,learning_auc,30,0.33526763381690844,0.07129862756311883,0.31098049024512253,0.36048024012006,0.21710855427713857,0.4932466233116558
ablation,ablation,full_depth1_branch2_risk-adjusted,opaque_dependency_l6,tabular_online,training,opaque,final_tail_success,30,0.4995,0.10892381076570971,0.4618333333333334,0.5383333333333334,0.31,0.705
ablation,ablation,full_depth1_branch2_risk-adjusted,opaque_dependency_l6,tabular_online,training,opaque,first_success_real_transitions,30,282.2,212.5148919731152,211.6,359.0,6.0,678.0
ablation,ablation,full_depth1_branch4_max,opaque_dependency_l6,tabular_online,evaluation_seen,opaque,success,30,0.0,0.0,0.0,0.0,0.0,0.0
ablation,ablation,full_depth1_branch4_max,opaque_dependency_l6,tabular_online,evaluation_seen,opaque,steps,30,6.0,0.0,6.0,6.0,6.0,6.0
ablation,ablation,full_depth1_branch4_max,opaque_dependency_l6,tabular_online,evaluation_seen,opaque,high_level_steps,30,6.0,0.0,6.0,6.0,6.0,6.0
ablation,ablation,full_depth1_branch4_max,opaque_dependency_l6,tabular_online,evaluation_seen,opaque,primitive_steps,30,6.0,0.0,6.0,6.0,6.0,6.0
ablation,ablation,full_depth1_branch4_max,opaque_dependency_l6,tabular_online,evaluation_seen,opaque,reward,30,0.0,0.0,0.0,0.0,0.0,0.0
ablation,ablation,full_depth1_branch4_max,opaque_dependency_l6,tabular_online,evaluation_seen,opaque,errors,30,0.0,0.0,0.0,0.0,0.0,0.0
ablation,ablation,full_depth1_branch4_max,opaque_dependency_l6,tabular_online,evaluation_seen,opaque,repeats,30,0.0,0.0,0.0,0.0,0.0,0.0
ablation,ablation,full_depth1_branch4_max,opaque_dependency_l6,tabular_online,evaluation_seen,opaque,prediction_score,30,0.0,0.0,0.0,0.0,0.0,0.0
ablation,ablation,full_depth1_branch4_max,opaque_dependency_l6,tabular_online,evaluation_seen,opaque,holdout_score,30,1.0,0.0,1.0,1.0,1.0,1.0
ablation,ablation,full_depth1_branch4_max,opaque_dependency_l6,tabular_online,evaluation_seen,opaque,imagined_nodes,30,0.0,0.0,0.0,0.0,0.0,0.0
ablation,ablation,full_depth1_branch4_max,opaque_dependency_l6,tabular_online,evaluation_seen,opaque,imagination_depth,30,0.0,0.0,0.0,0.0,0.0,0.0
ablation,ablation,full_depth1_branch4_max,opaque_dependency_l6,tabular_online,evaluation_seen,opaque,actual_return,30,0.0,0.0,0.0,0.0,0.0,0.0
ablation,ablation,full_depth1_branch4_max,opaque_dependency_l6,tabular_online,evaluation_seen,opaque,runtime_seconds,30,0.003445390099984555,0.00044206524622852043,0.003293727333298496,0.0036032707666599894,0.002792239498521667,0.004285463000705932
ablation,ablation,full_depth1_branch4_max,opaque_dependency_l6,tabular_online,evaluation_seen,opaque,real_transitions,30,6.0,0.0,6.0,6.0,6.0,6.0
ablation,ablation,full_depth1_branch4_max,opaque_dependency_l6,tabular_online,evaluation_seen,opaque,imagined_transitions,30,0.0,0.0,0.0,0.0,0.0,0.0
ablation,ablation,full_depth1_branch4_max,opaque_dependency_l6,tabular_online,evaluation_seen,opaque,action_proposals,30,6.0,0.0,6.0,6.0,6.0,6.0
ablation,ablation,full_depth1_branch4_max,opaque_dependency_l6,tabular_online,evaluation_seen,opaque,repeat_rate,30,0.0,0.0,0.0,0.0,0.0,0.0
ablation,ablation,full_depth1_branch4_max,opaque_dependency_l6,tabular_online,evaluation_seen,opaque,error_rate,30,0.0,0.0,0.0,0.0,0.0,0.0
ablation,ablation,full_depth1_branch4_max,opaque_dependency_l6,tabular_online,evaluation_unseen_zero_shot,opaque,success,30,0.0,0.0,0.0,0.0,0.0,0.0
ablation,ablation,full_depth1_branch4_max,opaque_dependency_l6,tabular_online,evaluation_unseen_zero_shot,opaque,steps,30,6.0,0.0,6.0,6.0,6.0,6.0
ablation,ablation,full_depth1_branch4_max,opaque_dependency_l6,tabular_online,evaluation_unseen_zero_shot,opaque,high_level_steps,30,6.0,0.0,6.0,6.0,6.0,6.0
ablation,ablation,full_depth1_branch4_max,opaque_dependency_l6,tabular_online,evaluation_unseen_zero_shot,opaque,primitive_steps,30,6.0,0.0,6.0,6.0,6.0,6.0
ablation,ablation,full_depth1_branch4_max,opaque_dependency_l6,tabular_online,evaluation_unseen_zero_shot,opaque,reward,30,0.0,0.0,0.0,0.0,0.0,0.0
ablation,ablation,full_depth1_branch4_max,opaque_dependency_l6,tabular_online,evaluation_unseen_zero_shot,opaque,errors,30,0.0,0.0,0.0,0.0,0.0,0.0
ablation,ablation,full_depth1_branch4_max,opaque_dependency_l6,tabular_online,evaluation_unseen_zero_shot,opaque,repeats,30,0.0,0.0,0.0,0.0,0.0,0.0
ablation,ablation,full_depth1_branch4_max,opaque_dependency_l6,tabular_online,evaluation_unseen_zero_shot,opaque,prediction_score,30,0.0,0.0,0.0,0.0,0.0,0.0
ablation,ablation,full_depth1_branch4_max,opaque_dependency_l6,tabular_online,evaluation_unseen_zero_shot,opaque,holdout_score,30,1.0,0.0,1.0,1.0,1.0,1.0
ablation,ablation,full_depth1_branch4_max,opaque_dependency_l6,tabular_online,evaluation_unseen_zero_shot,opaque,imagined_nodes,30,0.0,0.0,0.0,0.0,0.0,0.0
ablation,ablation,full_depth1_branch4_max,opaque_dependency_l6,tabular_online,evaluation_unseen_zero_shot,opaque,imagination_depth,30,0.0,0.0,0.0,0.0,0.0,0.0
ablation,ablation,full_depth1_branch4_max,opaque_dependency_l6,tabular_online,evaluation_unseen_zero_shot,opaque,actual_return,30,0.0,0.0,0.0,0.0,0.0,0.0
ablation,ablation,full_depth1_branch4_max,opaque_dependency_l6,tabular_online,evaluation_unseen_zero_shot,opaque,runtime_seconds,30,0.003401229550208275,0.0004454452558779796,0.0032478095669842633,0.003557299000172255,0.002777212998335017,0.0043817080005828755
ablation,ablation,full_depth1_branch4_max,opaque_dependency_l6,tabular_online,evaluation_unseen_zero_shot,opaque,real_transitions,30,6.0,0.0,6.0,6.0,6.0,6.0
ablation,ablation,full_depth1_branch4_max,opaque_dependency_l6,tabular_online,evaluation_unseen_zero_shot,opaque,imagined_transitions,30,0.0,0.0,0.0,0.0,0.0,0.0
ablation,ablation,full_depth1_branch4_max,opaque_dependency_l6,tabular_online,evaluation_unseen_zero_shot,opaque,action_proposals,30,6.0,0.0,6.0,6.0,6.0,6.0
ablation,ablation,full_depth1_branch4_max,opaque_dependency_l6,tabular_online,evaluation_unseen_zero_shot,opaque,repeat_rate,30,0.0,0.0,0.0,0.0,0.0,0.0
ablation,ablation,full_depth1_branch4_max,opaque_dependency_l6,tabular_online,evaluation_unseen_zero_shot,opaque,error_rate,30,0.0,0.0,0.0,0.0,0.0,0.0
ablation,ablation,full_depth1_branch4_max,opaque_dependency_l6,tabular_online,training,opaque,success,30,0.33521666666666666,0.07133779325943883,0.3106833333333333,0.3606666666666667,0.217,0.493
ablation,ablation,full_depth1_branch4_max,opaque_dependency_l6,tabular_online,training,opaque,steps,30,6.0,0.0,6.0,6.0,6.0,6.0
ablation,ablation,full_depth1_branch4_max,opaque_dependency_l6,tabular_online,training,opaque,high_level_steps,30,6.0,0.0,6.0,6.0,6.0,6.0
ablation,ablation,full_depth1_branch4_max,opaque_dependency_l6,tabular_online,training,opaque,primitive_steps,30,6.0,0.0,6.0,6.0,6.0,6.0
ablation,ablation,full_depth1_branch4_max,opaque_dependency_l6,tabular_online,training,opaque,reward,30,0.33521666666666666,0.07133779325943883,0.31024999999999997,0.36041666666666666,0.217,0.493
ablation,ablation,full_depth1_branch4_max,opaque_dependency_l6,tabular_online,training,opaque,errors,30,0.0,0.0,0.0,0.0,0.0,0.0
ablation,ablation,full_depth1_branch4_max,opaque_dependency_l6,tabular_online,training,opaque,repeats,30,0.0,0.0,0.0,0.0,0.0,0.0
ablation,ablation,full_depth1_branch4_max,opaque_dependency_l6,tabular_online,training,opaque,prediction_score,30,0.9899944444444445,0.0005587742011924325,0.9897972222222222,0.9901944444444445,0.98875,0.9909166666666667
ablation,ablation,full_depth1_branch4_max,opaque_dependency_l6,tabular_online,training,opaque,holdout_score,30,0.12354595175287926,0.00021976011280834515,0.12346524379789581,0.12362015934388235,0.12305159026929598,0.1239719795736979
ablation,ablation,full_depth1_branch4_max,opaque_dependency_l6,tabular_online,training,opaque,holdout_gain,30,6.3778436010959445e-06,4.876738246617554e-06,4.6543548816833125e-06,8.109943682860348e-06,0.0,1.7361111111111104e-05
ablation,ablation,full_depth1_branch4_max,opaque_dependency_l6,tabular_online,training,opaque,imagined_nodes,30,13.67345,0.05974144723089135,13.65185,13.69405,13.5525,13.77
ablation,ablation,full_depth1_branch4_max,opaque_dependency_l6,tabular_online,training,opaque,imagination_depth,30,0.9708666666666667,0.002438673089362663,0.9699833333333333,0.9716833333333333,0.966,0.9755
ablation,ablation,full_depth1_branch4_max,opaque_dependency_l6,tabular_online,training,opaque,actual_return,30,0.33521666666666666,0.07133779325943883,0.3113,0.35975,0.217,0.493
ablation,ablation,full_depth1_branch4_max,opaque_dependency_l6,tabular_online,training,opaque,runtime_seconds,30,0.0017484206900427429,9.99659561890327e-05,0.0017153627383430527,0.0017852766701112464,0.0015999337999382988,0.002039443750254577
ablation,ablation,full_depth1_branch4_max,opaque_dependency_l6,tabular_online,training,opaque,real_transitions,30,6.0,0.0,6.0,6.0,6.0,6.0
ablation,ablation,full_depth1_branch4_max,opaque_dependency_l6,tabular_online,training,opaque,imagined_transitions,30,13.67345,0.05974144723089135,13.652,13.694350000000002,13.5525,13.77
ablation,ablation,full_depth1_branch4_max,opaque_dependency_l6,tabular_online,training,opaque,action_proposals,30,6.0,0.0,6.0,6.0,6.0,6.0
ablation,ablation,full_depth1_branch4_max,opaque_dependency_l6,tabular_online,training,opaque,repeat_rate,30,0.0,0.0,0.0,0.0,0.0,0.0
ablation,ablation,full_depth1_branch4_max,opaque_dependency_l6,tabular_online,training,opaque,error_rate,30,0.0,0.0,0.0,0.0,0.0,0.0
ablation,ablation,full_depth1_branch4_max,opaque_dependency_l6,tabular_online,training,opaque,learning_auc,30,0.33526763381690844,0.07129862756311883,0.3099049524762381,0.3608637652159413,0.21710855427713857,0.4932466233116558
ablation,ablation,full_depth1_branch4_max,opaque_dependency_l6,tabular_online,training,opaque,final_tail_success,30,0.4995,0.10892381076570971,0.46216666666666667,0.538,0.31,0.705
ablation,ablation,full_depth1_branch4_max,opaque_dependency_l6,tabular_online,training,opaque,first_success_real_transitions,30,282.2,212.5148919731152,206.6,359.0,6.0,678.0
ablation,ablation,full_depth1_branch4_mean,opaque_dependency_l6,tabular_online,evaluation_seen,opaque,success,30,0.0,0.0,0.0,0.0,0.0,0.0
ablation,ablation,full_depth1_branch4_mean,opaque_dependency_l6,tabular_online,evaluation_seen,opaque,steps,30,6.0,0.0,6.0,6.0,6.0,6.0
ablation,ablation,full_depth1_branch4_mean,opaque_dependency_l6,tabular_online,evaluation_seen,opaque,high_level_steps,30,6.0,0.0,6.0,6.0,6.0,6.0
ablation,ablation,full_depth1_branch4_mean,opaque_dependency_l6,tabular_online,evaluation_seen,opaque,primitive_steps,30,6.0,0.0,6.0,6.0,6.0,6.0
ablation,ablation,full_depth1_branch4_mean,opaque_dependency_l6,tabular_online,evaluation_seen,opaque,reward,30,0.0,0.0,0.0,0.0,0.0,0.0
ablation,ablation,full_depth1_branch4_mean,opaque_dependency_l6,tabular_online,evaluation_seen,opaque,errors,30,0.0,0.0,0.0,0.0,0.0,0.0
ablation,ablation,full_depth1_branch4_mean,opaque_dependency_l6,tabular_online,evaluation_seen,opaque,repeats,30,0.0,0.0,0.0,0.0,0.0,0.0
ablation,ablation,full_depth1_branch4_mean,opaque_dependency_l6,tabular_online,evaluation_seen,opaque,prediction_score,30,0.0,0.0,0.0,0.0,0.0,0.0
ablation,ablation,full_depth1_branch4_mean,opaque_dependency_l6,tabular_online,evaluation_seen,opaque,holdout_score,30,1.0,0.0,1.0,1.0,1.0,1.0
ablation,ablation,full_depth1_branch4_mean,opaque_dependency_l6,tabular_online,evaluation_seen,opaque,imagined_nodes,30,0.0,0.0,0.0,0.0,0.0,0.0
ablation,ablation,full_depth1_branch4_mean,opaque_dependency_l6,tabular_online,evaluation_seen,opaque,imagination_depth,30,0.0,0.0,0.0,0.0,0.0,0.0
ablation,ablation,full_depth1_branch4_mean,opaque_dependency_l6,tabular_online,evaluation_seen,opaque,actual_return,30,0.0,0.0,0.0,0.0,0.0,0.0
ablation,ablation,full_depth1_branch4_mean,opaque_dependency_l6,tabular_online,evaluation_seen,opaque,runtime_seconds,30,0.003565009166763048,0.00044763208323054377,0.0034033631001317796,0.0037232397167729987,0.0028311324995593167,0.004650070498464629
ablation,ablation,full_depth1_branch4_mean,opaque_dependency_l6,tabular_online,evaluation_seen,opaque,real_transitions,30,6.0,0.0,6.0,6.0,6.0,6.0
ablation,ablation,full_depth1_branch4_mean,opaque_dependency_l6,tabular_online,evaluation_seen,opaque,imagined_transitions,30,0.0,0.0,0.0,0.0,0.0,0.0
ablation,ablation,full_depth1_branch4_mean,opaque_dependency_l6,tabular_online,evaluation_seen,opaque,action_proposals,30,6.0,0.0,6.0,6.0,6.0,6.0
ablation,ablation,full_depth1_branch4_mean,opaque_dependency_l6,tabular_online,evaluation_seen,opaque,repeat_rate,30,0.0,0.0,0.0,0.0,0.0,0.0
ablation,ablation,full_depth1_branch4_mean,opaque_dependency_l6,tabular_online,evaluation_seen,opaque,error_rate,30,0.0,0.0,0.0,0.0,0.0,0.0
ablation,ablation,full_depth1_branch4_mean,opaque_dependency_l6,tabular_online,evaluation_unseen_zero_shot,opaque,success,30,0.0,0.0,0.0,0.0,0.0,0.0
ablation,ablation,full_depth1_branch4_mean,opaque_dependency_l6,tabular_online,evaluation_unseen_zero_shot,opaque,steps,30,6.0,0.0,6.0,6.0,6.0,6.0
ablation,ablation,full_depth1_branch4_mean,opaque_dependency_l6,tabular_online,evaluation_unseen_zero_shot,opaque,high_level_steps,30,6.0,0.0,6.0,6.0,6.0,6.0
ablation,ablation,full_depth1_branch4_mean,opaque_dependency_l6,tabular_online,evaluation_unseen_zero_shot,opaque,primitive_steps,30,6.0,0.0,6.0,6.0,6.0,6.0
ablation,ablation,full_depth1_branch4_mean,opaque_dependency_l6,tabular_online,evaluation_unseen_zero_shot,opaque,reward,30,0.0,0.0,0.0,0.0,0.0,0.0
ablation,ablation,full_depth1_branch4_mean,opaque_dependency_l6,tabular_online,evaluation_unseen_zero_shot,opaque,errors,30,0.0,0.0,0.0,0.0,0.0,0.0
ablation,ablation,full_depth1_branch4_mean,opaque_dependency_l6,tabular_online,evaluation_unseen_zero_shot,opaque,repeats,30,0.0,0.0,0.0,0.0,0.0,0.0
ablation,ablation,full_depth1_branch4_mean,opaque_dependency_l6,tabular_online,evaluation_unseen_zero_shot,opaque,prediction_score,30,0.0,0.0,0.0,0.0,0.0,0.0
ablation,ablation,full_depth1_branch4_mean,opaque_dependency_l6,tabular_online,evaluation_unseen_zero_shot,opaque,holdout_score,30,1.0,0.0,1.0,1.0,1.0,1.0
ablation,ablation,full_depth1_branch4_mean,opaque_dependency_l6,tabular_online,evaluation_unseen_zero_shot,opaque,imagined_nodes,30,0.0,0.0,0.0,0.0,0.0,0.0
ablation,ablation,full_depth1_branch4_mean,opaque_dependency_l6,tabular_online,evaluation_unseen_zero_shot,opaque,imagination_depth,30,0.0,0.0,0.0,0.0,0.0,0.0
ablation,ablation,full_depth1_branch4_mean,opaque_dependency_l6,tabular_online,evaluation_unseen_zero_shot,opaque,actual_return,30,0.0,0.0,0.0,0.0,0.0,0.0
ablation,ablation,full_depth1_branch4_mean,opaque_dependency_l6,tabular_online,evaluation_unseen_zero_shot,opaque,runtime_seconds,30,0.00358445074990838,0.0004983381002752189,0.0034079070165219795,0.0037645957501614854,0.0027836939982080365,0.004993820500094444
ablation,ablation,full_depth1_branch4_mean,opaque_dependency_l6,tabular_online,evaluation_unseen_zero_shot,opaque,real_transitions,30,6.0,0.0,6.0,6.0,6.0,6.0
ablation,ablation,full_depth1_branch4_mean,opaque_dependency_l6,tabular_online,evaluation_unseen_zero_shot,opaque,imagined_transitions,30,0.0,0.0,0.0,0.0,0.0,0.0
ablation,ablation,full_depth1_branch4_mean,opaque_dependency_l6,tabular_online,evaluation_unseen_zero_shot,opaque,action_proposals,30,6.0,0.0,6.0,6.0,6.0,6.0
ablation,ablation,full_depth1_branch4_mean,opaque_dependency_l6,tabular_online,evaluation_unseen_zero_shot,opaque,repeat_rate,30,0.0,0.0,0.0,0.0,0.0,0.0
ablation,ablation,full_depth1_branch4_mean,opaque_dependency_l6,tabular_online,evaluation_unseen_zero_shot,opaque,error_rate,30,0.0,0.0,0.0,0.0,0.0,0.0
ablation,ablation,full_depth1_branch4_mean,opaque_dependency_l6,tabular_online,training,opaque,success,30,0.33521666666666666,0.07133779325943883,0.31001666666666666,0.3604,0.217,0.493
ablation,ablation,full_depth1_branch4_mean,opaque_dependency_l6,tabular_online,training,opaque,steps,30,6.0,0.0,6.0,6.0,6.0,6.0
ablation,ablation,full_depth1_branch4_mean,opaque_dependency_l6,tabular_online,training,opaque,high_level_steps,30,6.0,0.0,6.0,6.0,6.0,6.0
ablation,ablation,full_depth1_branch4_mean,opaque_dependency_l6,tabular_online,training,opaque,primitive_steps,30,6.0,0.0,6.0,6.0,6.0,6.0
ablation,ablation,full_depth1_branch4_mean,opaque_dependency_l6,tabular_online,training,opaque,reward,30,0.33521666666666666,0.07133779325943883,0.3107833333333333,0.3599833333333333,0.217,0.493
ablation,ablation,full_depth1_branch4_mean,opaque_dependency_l6,tabular_online,training,opaque,errors,30,0.0,0.0,0.0,0.0,0.0,0.0
ablation,ablation,full_depth1_branch4_mean,opaque_dependency_l6,tabular_online,training,opaque,repeats,30,0.0,0.0,0.0,0.0,0.0,0.0
ablation,ablation,full_depth1_branch4_mean,opaque_dependency_l6,tabular_online,training,opaque,prediction_score,30,0.9899944444444445,0.0005587742011924325,0.9897944444444444,0.9901861111111111,0.98875,0.9909166666666667
ablation,ablation,full_depth1_branch4_mean,opaque_dependency_l6,tabular_online,training,opaque,holdout_score,30,0.12354595175287926,0.00021976011280834515,0.12346723913760119,0.12361958902678905,0.12305159026929598,0.1239719795736979
ablation,ablation,full_depth1_branch4_mean,opaque_dependency_l6,tabular_online,training,opaque,holdout_gain,30,6.3778436010959445e-06,4.876738246617554e-06,4.713156050991728e-06,8.07527311736604e-06,0.0,1.7361111111111104e-05
ablation,ablation,full_depth1_branch4_mean,opaque_dependency_l6,tabular_online,training,opaque,imagined_nodes,30,13.67345,0.05974144723089135,13.65215,13.69455,13.5525,13.77
ablation,ablation,full_depth1_branch4_mean,opaque_dependency_l6,tabular_online,training,opaque,imagination_depth,30,0.9708666666666667,0.002438673089362663,0.9700166666666666,0.97175,0.966,0.9755
ablation,ablation,full_depth1_branch4_mean,opaque_dependency_l6,tabular_online,training,opaque,actual_return,30,0.33521666666666666,0.07133779325943883,0.3098666666666666,0.361,0.217,0.493
ablation,ablation,full_depth1_branch4_mean,opaque_dependency_l6,tabular_online,training,opaque,runtime_seconds,30,0.0017200836883062343,9.88552345180081e-05,0.0016847831283099367,0.001754050938349974,0.001503034749737708,0.0018811454496899386
ablation,ablation,full_depth1_branch4_mean,opaque_dependency_l6,tabular_online,training,opaque,real_transitions,30,6.0,0.0,6.0,6.0,6.0,6.0
ablation,ablation,full_depth1_branch4_mean,opaque_dependency_l6,tabular_online,training,opaque,imagined_transitions,30,13.67345,0.05974144723089135,13.65185,13.69525,13.5525,13.77
ablation,ablation,full_depth1_branch4_mean,opaque_dependency_l6,tabular_online,training,opaque,action_proposals,30,6.0,0.0,6.0,6.0,6.0,6.0
ablation,ablation,full_depth1_branch4_mean,opaque_dependency_l6,tabular_online,training,opaque,repeat_rate,30,0.0,0.0,0.0,0.0,0.0,0.0
ablation,ablation,full_depth1_branch4_mean,opaque_dependency_l6,tabular_online,training,opaque,error_rate,30,0.0,0.0,0.0,0.0,0.0,0.0
ablation,ablation,full_depth1_branch4_mean,opaque_dependency_l6,tabular_online,training,opaque,learning_auc,30,0.33526763381690844,0.07129862756311883,0.31110555277638824,0.36095547773886943,0.21710855427713857,0.4932466233116558
ablation,ablation,full_depth1_branch4_mean,opaque_dependency_l6,tabular_online,training,opaque,final_tail_success,30,0.4995,0.10892381076570971,0.4615,0.5368333333333334,0.31,0.705
ablation,ablation,full_depth1_branch4_mean,opaque_dependency_l6,tabular_online,training,opaque,first_success_real_transitions,30,282.2,212.5148919731152,208.8,354.0,6.0,678.0
ablation,ablation,full_depth1_branch4_risk-adjusted,opaque_dependency_l6,tabular_online,evaluation_seen,opaque,success,30,0.0,0.0,0.0,0.0,0.0,0.0
ablation,ablation,full_depth1_branch4_risk-adjusted,opaque_dependency_l6,tabular_online,evaluation_seen,opaque,steps,30,6.0,0.0,6.0,6.0,6.0,6.0
ablation,ablation,full_depth1_branch4_risk-adjusted,opaque_dependency_l6,tabular_online,evaluation_seen,opaque,high_level_steps,30,6.0,0.0,6.0,6.0,6.0,6.0
ablation,ablation,full_depth1_branch4_risk-adjusted,opaque_dependency_l6,tabular_online,evaluation_seen,opaque,primitive_steps,30,6.0,0.0,6.0,6.0,6.0,6.0
ablation,ablation,full_depth1_branch4_risk-adjusted,opaque_dependency_l6,tabular_online,evaluation_seen,opaque,reward,30,0.0,0.0,0.0,0.0,0.0,0.0
ablation,ablation,full_depth1_branch4_risk-adjusted,opaque_dependency_l6,tabular_online,evaluation_seen,opaque,errors,30,0.0,0.0,0.0,0.0,0.0,0.0
ablation,ablation,full_depth1_branch4_risk-adjusted,opaque_dependency_l6,tabular_online,evaluation_seen,opaque,repeats,30,0.0,0.0,0.0,0.0,0.0,0.0
ablation,ablation,full_depth1_branch4_risk-adjusted,opaque_dependency_l6,tabular_online,evaluation_seen,opaque,prediction_score,30,0.0,0.0,0.0,0.0,0.0,0.0
ablation,ablation,full_depth1_branch4_risk-adjusted,opaque_dependency_l6,tabular_online,evaluation_seen,opaque,holdout_score,30,1.0,0.0,1.0,1.0,1.0,1.0
ablation,ablation,full_depth1_branch4_risk-adjusted,opaque_dependency_l6,tabular_online,evaluation_seen,opaque,imagined_nodes,30,0.0,0.0,0.0,0.0,0.0,0.0
ablation,ablation,full_depth1_branch4_risk-adjusted,opaque_dependency_l6,tabular_online,evaluation_seen,opaque,imagination_depth,30,0.0,0.0,0.0,0.0,0.0,0.0
ablation,ablation,full_depth1_branch4_risk-adjusted,opaque_dependency_l6,tabular_online,evaluation_seen,opaque,actual_return,30,0.0,0.0,0.0,0.0,0.0,0.0
ablation,ablation,full_depth1_branch4_risk-adjusted,opaque_dependency_l6,tabular_online,evaluation_seen,opaque,runtime_seconds,30,0.0035256436332856537,0.00043154872297970125,0.003375474199948561,0.00367755873320372,0.0027746614998613948,0.004654959999170387
ablation,ablation,full_depth1_branch4_risk-adjusted,opaque_dependency_l6,tabular_online,evaluation_seen,opaque,real_transitions,30,6.0,0.0,6.0,6.0,6.0,6.0
ablation,ablation,full_depth1_branch4_risk-adjusted,opaque_dependency_l6,tabular_online,evaluation_seen,opaque,imagined_transitions,30,0.0,0.0,0.0,0.0,0.0,0.0
ablation,ablation,full_depth1_branch4_risk-adjusted,opaque_dependency_l6,tabular_online,evaluation_seen,opaque,action_proposals,30,6.0,0.0,6.0,6.0,6.0,6.0
ablation,ablation,full_depth1_branch4_risk-adjusted,opaque_dependency_l6,tabular_online,evaluation_seen,opaque,repeat_rate,30,0.0,0.0,0.0,0.0,0.0,0.0
ablation,ablation,full_depth1_branch4_risk-adjusted,opaque_dependency_l6,tabular_online,evaluation_seen,opaque,error_rate,30,0.0,0.0,0.0,0.0,0.0,0.0
ablation,ablation,full_depth1_branch4_risk-adjusted,opaque_dependency_l6,tabular_online,evaluation_unseen_zero_shot,opaque,success,30,0.0,0.0,0.0,0.0,0.0,0.0
ablation,ablation,full_depth1_branch4_risk-adjusted,opaque_dependency_l6,tabular_online,evaluation_unseen_zero_shot,opaque,steps,30,6.0,0.0,6.0,6.0,6.0,6.0
ablation,ablation,full_depth1_branch4_risk-adjusted,opaque_dependency_l6,tabular_online,evaluation_unseen_zero_shot,opaque,high_level_steps,30,6.0,0.0,6.0,6.0,6.0,6.0
ablation,ablation,full_depth1_branch4_risk-adjusted,opaque_dependency_l6,tabular_online,evaluation_unseen_zero_shot,opaque,primitive_steps,30,6.0,0.0,6.0,6.0,6.0,6.0
ablation,ablation,full_depth1_branch4_risk-adjusted,opaque_dependency_l6,tabular_online,evaluation_unseen_zero_shot,opaque,reward,30,0.0,0.0,0.0,0.0,0.0,0.0
ablation,ablation,full_depth1_branch4_risk-adjusted,opaque_dependency_l6,tabular_online,evaluation_unseen_zero_shot,opaque,errors,30,0.0,0.0,0.0,0.0,0.0,0.0
ablation,ablation,full_depth1_branch4_risk-adjusted,opaque_dependency_l6,tabular_online,evaluation_unseen_zero_shot,opaque,repeats,30,0.0,0.0,0.0,0.0,0.0,0.0
ablation,ablation,full_depth1_branch4_risk-adjusted,opaque_dependency_l6,tabular_online,evaluation_unseen_zero_shot,opaque,prediction_score,30,0.0,0.0,0.0,0.0,0.0,0.0
ablation,ablation,full_depth1_branch4_risk-adjusted,opaque_dependency_l6,tabular_online,evaluation_unseen_zero_shot,opaque,holdout_score,30,1.0,0.0,1.0,1.0,1.0,1.0
ablation,ablation,full_depth1_branch4_risk-adjusted,opaque_dependency_l6,tabular_online,evaluation_unseen_zero_shot,opaque,imagined_nodes,30,0.0,0.0,0.0,0.0,0.0,0.0
ablation,ablation,full_depth1_branch4_risk-adjusted,opaque_dependency_l6,tabular_online,evaluation_unseen_zero_shot,opaque,imagination_depth,30,0.0,0.0,0.0,0.0,0.0,0.0
ablation,ablation,full_depth1_branch4_risk-adjusted,opaque_dependency_l6,tabular_online,evaluation_unseen_zero_shot,opaque,actual_return,30,0.0,0.0,0.0,0.0,0.0,0.0
ablation,ablation,full_depth1_branch4_risk-adjusted,opaque_dependency_l6,tabular_online,evaluation_unseen_zero_shot,opaque,runtime_seconds,30,0.0033800461666639117,0.00036038494532700303,0.003251682783617677,0.0035087332502686574,0.0027911669996683484,0.004081800000130897
ablation,ablation,full_depth1_branch4_risk-adjusted,opaque_dependency_l6,tabular_online,evaluation_unseen_zero_shot,opaque,real_transitions,30,6.0,0.0,6.0,6.0,6.0,6.0
ablation,ablation,full_depth1_branch4_risk-adjusted,opaque_dependency_l6,tabular_online,evaluation_unseen_zero_shot,opaque,imagined_transitions,30,0.0,0.0,0.0,0.0,0.0,0.0
ablation,ablation,full_depth1_branch4_risk-adjusted,opaque_dependency_l6,tabular_online,evaluation_unseen_zero_shot,opaque,action_proposals,30,6.0,0.0,6.0,6.0,6.0,6.0
ablation,ablation,full_depth1_branch4_risk-adjusted,opaque_dependency_l6,tabular_online,evaluation_unseen_zero_shot,opaque,repeat_rate,30,0.0,0.0,0.0,0.0,0.0,0.0
ablation,ablation,full_depth1_branch4_risk-adjusted,opaque_dependency_l6,tabular_online,evaluation_unseen_zero_shot,opaque,error_rate,30,0.0,0.0,0.0,0.0,0.0,0.0
ablation,ablation,full_depth1_branch4_risk-adjusted,opaque_dependency_l6,tabular_online,training,opaque,success,30,0.33521666666666666,0.07133779325943883,0.31056666666666666,0.3607333333333333,0.217,0.493
ablation,ablation,full_depth1_branch4_risk-adjusted,opaque_dependency_l6,tabular_online,training,opaque,steps,30,6.0,0.0,6.0,6.0,6.0,6.0
ablation,ablation,full_depth1_branch4_risk-adjusted,opaque_dependency_l6,tabular_online,training,opaque,high_level_steps,30,6.0,0.0,6.0,6.0,6.0,6.0
ablation,ablation,full_depth1_branch4_risk-adjusted,opaque_dependency_l6,tabular_online,training,opaque,primitive_steps,30,6.0,0.0,6.0,6.0,6.0,6.0
ablation,ablation,full_depth1_branch4_risk-adjusted,opaque_dependency_l6,tabular_online,training,opaque,reward,30,0.33521666666666666,0.07133779325943883,0.31018333333333337,0.3611333333333333,0.217,0.493
ablation,ablation,full_depth1_branch4_risk-adjusted,opaque_dependency_l6,tabular_online,training,opaque,errors,30,0.0,0.0,0.0,0.0,0.0,0.0
ablation,ablation,full_depth1_branch4_risk-adjusted,opaque_dependency_l6,tabular_online,training,opaque,repeats,30,0.0,0.0,0.0,0.0,0.0,0.0
ablation,ablation,full_depth1_branch4_risk-adjusted,opaque_dependency_l6,tabular_online,training,opaque,prediction_score,30,0.9899944444444445,0.0005587742011924325,0.9897972222222222,0.9901833333333333,0.98875,0.9909166666666667
ablation,ablation,full_depth1_branch4_risk-adjusted,opaque_dependency_l6,tabular_online,training,opaque,holdout_score,30,0.12354595175287926,0.00021976011280834515,0.12346628142083446,0.12362185820365568,0.12305159026929598,0.1239719795736979
ablation,ablation,full_depth1_branch4_risk-adjusted,opaque_dependency_l6,tabular_online,training,opaque,holdout_gain,30,6.3778436010959445e-06,4.876738246617554e-06,4.737086964415395e-06,8.15055470306429e-06,0.0,1.7361111111111104e-05
ablation,ablation,full_depth1_branch4_risk-adjusted,opaque_dependency_l6,tabular_online,training,opaque,imagined_nodes,30,13.67345,0.05974144723089135,13.652050000000001,13.693999999999999,13.5525,13.77
ablation,ablation,full_depth1_branch4_risk-adjusted,opaque_dependency_l6,tabular_online,training,opaque,imagination_depth,30,0.9708666666666667,0.002438673089362663,0.9700333333333333,0.9717333333333333,0.966,0.9755
ablation,ablation,full_depth1_branch4_risk-adjusted,opaque_dependency_l6,tabular_online,training,opaque,actual_return,30,0.33521666666666666,0.07133779325943883,0.31051666666666666,0.3605,0.217,0.493
ablation,ablation,full_depth1_branch4_risk-adjusted,opaque_dependency_l6,tabular_online,training,opaque,runtime_seconds,30,0.001759010536701438,0.00012373538956552226,0.0017176668266979203,0.0018035606466267685,0.0014746002004103502,0.002223990650221822
ablation,ablation,full_depth1_branch4_risk-adjusted,opaque_dependency_l6,tabular_online,training,opaque,real_transitions,30,6.0,0.0,6.0,6.0,6.0,6.0
ablation,ablation,full_depth1_branch4_risk-adjusted,opaque_dependency_l6,tabular_online,training,opaque,imagined_transitions,30,13.67345,0.05974144723089135,13.6516,13.6945,13.5525,13.77
ablation,ablation,full_depth1_branch4_risk-adjusted,opaque_dependency_l6,tabular_online,training,opaque,action_proposals,30,6.0,0.0,6.0,6.0,6.0,6.0
ablation,ablation,full_depth1_branch4_risk-adjusted,opaque_dependency_l6,tabular_online,training,opaque,repeat_rate,30,0.0,0.0,0.0,0.0,0.0,0.0
ablation,ablation,full_depth1_branch4_risk-adjusted,opaque_dependency_l6,tabular_online,training,opaque,error_rate,30,0.0,0.0,0.0,0.0,0.0,0.0
ablation,ablation,full_depth1_branch4_risk-adjusted,opaque_dependency_l6,tabular_online,training,opaque,learning_auc,30,0.33526763381690844,0.07129862756311883,0.30950475237618813,0.3608637652159413,0.21710855427713857,0.4932466233116558
ablation,ablation,full_depth1_branch4_risk-adjusted,opaque_dependency_l6,tabular_online,training,opaque,final_tail_success,30,0.4995,0.10892381076570971,0.46116666666666667,0.5381666666666667,0.31,0.705
ablation,ablation,full_depth1_branch4_risk-adjusted,opaque_dependency_l6,tabular_online,training,opaque,first_success_real_transitions,30,282.2,212.5148919731152,212.4,357.6,6.0,678.0
ablation,ablation,full_depth2_branch1_max,opaque_dependency_l6,tabular_online,evaluation_seen,opaque,success,30,0.0,0.0,0.0,0.0,0.0,0.0
ablation,ablation,full_depth2_branch1_max,opaque_dependency_l6,tabular_online,evaluation_seen,opaque,steps,30,6.0,0.0,6.0,6.0,6.0,6.0
ablation,ablation,full_depth2_branch1_max,opaque_dependency_l6,tabular_online,evaluation_seen,opaque,high_level_steps,30,6.0,0.0,6.0,6.0,6.0,6.0
ablation,ablation,full_depth2_branch1_max,opaque_dependency_l6,tabular_online,evaluation_seen,opaque,primitive_steps,30,6.0,0.0,6.0,6.0,6.0,6.0
ablation,ablation,full_depth2_branch1_max,opaque_dependency_l6,tabular_online,evaluation_seen,opaque,reward,30,0.0,0.0,0.0,0.0,0.0,0.0
ablation,ablation,full_depth2_branch1_max,opaque_dependency_l6,tabular_online,evaluation_seen,opaque,errors,30,0.0,0.0,0.0,0.0,0.0,0.0
ablation,ablation,full_depth2_branch1_max,opaque_dependency_l6,tabular_online,evaluation_seen,opaque,repeats,30,0.0,0.0,0.0,0.0,0.0,0.0
ablation,ablation,full_depth2_branch1_max,opaque_dependency_l6,tabular_online,evaluation_seen,opaque,prediction_score,30,0.0,0.0,0.0,0.0,0.0,0.0
ablation,ablation,full_depth2_branch1_max,opaque_dependency_l6,tabular_online,evaluation_seen,opaque,holdout_score,30,1.0,0.0,1.0,1.0,1.0,1.0
ablation,ablation,full_depth2_branch1_max,opaque_dependency_l6,tabular_online,evaluation_seen,opaque,imagined_nodes,30,0.0,0.0,0.0,0.0,0.0,0.0
ablation,ablation,full_depth2_branch1_max,opaque_dependency_l6,tabular_online,evaluation_seen,opaque,imagination_depth,30,0.0,0.0,0.0,0.0,0.0,0.0
ablation,ablation,full_depth2_branch1_max,opaque_dependency_l6,tabular_online,evaluation_seen,opaque,actual_return,30,0.0,0.0,0.0,0.0,0.0,0.0
ablation,ablation,full_depth2_branch1_max,opaque_dependency_l6,tabular_online,evaluation_seen,opaque,runtime_seconds,30,0.0033871816834531877,0.0003982075180202549,0.003250809216910663,0.003528562650181508,0.002786699498828966,0.0040622775006340815
ablation,ablation,full_depth2_branch1_max,opaque_dependency_l6,tabular_online,evaluation_seen,opaque,real_transitions,30,6.0,0.0,6.0,6.0,6.0,6.0
ablation,ablation,full_depth2_branch1_max,opaque_dependency_l6,tabular_online,evaluation_seen,opaque,imagined_transitions,30,0.0,0.0,0.0,0.0,0.0,0.0
ablation,ablation,full_depth2_branch1_max,opaque_dependency_l6,tabular_online,evaluation_seen,opaque,action_proposals,30,6.0,0.0,6.0,6.0,6.0,6.0
ablation,ablation,full_depth2_branch1_max,opaque_dependency_l6,tabular_online,evaluation_seen,opaque,repeat_rate,30,0.0,0.0,0.0,0.0,0.0,0.0
ablation,ablation,full_depth2_branch1_max,opaque_dependency_l6,tabular_online,evaluation_seen,opaque,error_rate,30,0.0,0.0,0.0,0.0,0.0,0.0
ablation,ablation,full_depth2_branch1_max,opaque_dependency_l6,tabular_online,evaluation_unseen_zero_shot,opaque,success,30,0.0,0.0,0.0,0.0,0.0,0.0
ablation,ablation,full_depth2_branch1_max,opaque_dependency_l6,tabular_online,evaluation_unseen_zero_shot,opaque,steps,30,6.0,0.0,6.0,6.0,6.0,6.0
ablation,ablation,full_depth2_branch1_max,opaque_dependency_l6,tabular_online,evaluation_unseen_zero_shot,opaque,high_level_steps,30,6.0,0.0,6.0,6.0,6.0,6.0
ablation,ablation,full_depth2_branch1_max,opaque_dependency_l6,tabular_online,evaluation_unseen_zero_shot,opaque,primitive_steps,30,6.0,0.0,6.0,6.0,6.0,6.0
ablation,ablation,full_depth2_branch1_max,opaque_dependency_l6,tabular_online,evaluation_unseen_zero_shot,opaque,reward,30,0.0,0.0,0.0,0.0,0.0,0.0
ablation,ablation,full_depth2_branch1_max,opaque_dependency_l6,tabular_online,evaluation_unseen_zero_shot,opaque,errors,30,0.0,0.0,0.0,0.0,0.0,0.0
ablation,ablation,full_depth2_branch1_max,opaque_dependency_l6,tabular_online,evaluation_unseen_zero_shot,opaque,repeats,30,0.0,0.0,0.0,0.0,0.0,0.0
ablation,ablation,full_depth2_branch1_max,opaque_dependency_l6,tabular_online,evaluation_unseen_zero_shot,opaque,prediction_score,30,0.0,0.0,0.0,0.0,0.0,0.0
ablation,ablation,full_depth2_branch1_max,opaque_dependency_l6,tabular_online,evaluation_unseen_zero_shot,opaque,holdout_score,30,1.0,0.0,1.0,1.0,1.0,1.0
ablation,ablation,full_depth2_branch1_max,opaque_dependency_l6,tabular_online,evaluation_unseen_zero_shot,opaque,imagined_nodes,30,0.0,0.0,0.0,0.0,0.0,0.0
ablation,ablation,full_depth2_branch1_max,opaque_dependency_l6,tabular_online,evaluation_unseen_zero_shot,opaque,imagination_depth,30,0.0,0.0,0.0,0.0,0.0,0.0
ablation,ablation,full_depth2_branch1_max,opaque_dependency_l6,tabular_online,evaluation_unseen_zero_shot,opaque,actual_return,30,0.0,0.0,0.0,0.0,0.0,0.0
ablation,ablation,full_depth2_branch1_max,opaque_dependency_l6,tabular_online,evaluation_unseen_zero_shot,opaque,runtime_seconds,30,0.003448268116553663,0.00037505707314959417,0.00331675231680371,0.003581662849455218,0.0028493149991845714,0.004111438998370432
ablation,ablation,full_depth2_branch1_max,opaque_dependency_l6,tabular_online,evaluation_unseen_zero_shot,opaque,real_transitions,30,6.0,0.0,6.0,6.0,6.0,6.0
ablation,ablation,full_depth2_branch1_max,opaque_dependency_l6,tabular_online,evaluation_unseen_zero_shot,opaque,imagined_transitions,30,0.0,0.0,0.0,0.0,0.0,0.0
ablation,ablation,full_depth2_branch1_max,opaque_dependency_l6,tabular_online,evaluation_unseen_zero_shot,opaque,action_proposals,30,6.0,0.0,6.0,6.0,6.0,6.0
ablation,ablation,full_depth2_branch1_max,opaque_dependency_l6,tabular_online,evaluation_unseen_zero_shot,opaque,repeat_rate,30,0.0,0.0,0.0,0.0,0.0,0.0
ablation,ablation,full_depth2_branch1_max,opaque_dependency_l6,tabular_online,evaluation_unseen_zero_shot,opaque,error_rate,30,0.0,0.0,0.0,0.0,0.0,0.0
ablation,ablation,full_depth2_branch1_max,opaque_dependency_l6,tabular_online,training,opaque,success,30,0.33521666666666666,0.07133779325943883,0.30970000000000003,0.3608166666666667,0.217,0.493
ablation,ablation,full_depth2_branch1_max,opaque_dependency_l6,tabular_online,training,opaque,steps,30,6.0,0.0,6.0,6.0,6.0,6.0
ablation,ablation,full_depth2_branch1_max,opaque_dependency_l6,tabular_online,training,opaque,high_level_steps,30,6.0,0.0,6.0,6.0,6.0,6.0
ablation,ablation,full_depth2_branch1_max,opaque_dependency_l6,tabular_online,training,opaque,primitive_steps,30,6.0,0.0,6.0,6.0,6.0,6.0
ablation,ablation,full_depth2_branch1_max,opaque_dependency_l6,tabular_online,training,opaque,reward,30,0.33521666666666666,0.07133779325943883,0.31085,0.35994999999999994,0.217,0.493
ablation,ablation,full_depth2_branch1_max,opaque_dependency_l6,tabular_online,training,opaque,errors,30,0.0,0.0,0.0,0.0,0.0,0.0
ablation,ablation,full_depth2_branch1_max,opaque_dependency_l6,tabular_online,training,opaque,repeats,30,0.0,0.0,0.0,0.0,0.0,0.0
ablation,ablation,full_depth2_branch1_max,opaque_dependency_l6,tabular_online,training,opaque,prediction_score,30,0.9899944444444445,0.0005587742011924325,0.9897888888888888,0.9901833333333333,0.98875,0.9909166666666667
ablation,ablation,full_depth2_branch1_max,opaque_dependency_l6,tabular_online,training,opaque,holdout_score,30,0.12354595175287926,0.00021976011280834515,0.12347007753229476,0.12362241537866496,0.12305159026929598,0.1239719795736979
ablation,ablation,full_depth2_branch1_max,opaque_dependency_l6,tabular_online,training,opaque,holdout_gain,30,6.3778436010959445e-06,4.876738246617554e-06,4.7012512890869666e-06,8.135069192986924e-06,0.0,1.7361111111111104e-05
ablation,ablation,full_depth2_branch1_max,opaque_dependency_l6,tabular_online,training,opaque,imagined_nodes,30,12.91235,0.055945347407552345,12.892483333333333,12.931099999999999,12.7985,12.9945
ablation,ablation,full_depth2_branch1_max,opaque_dependency_l6,tabular_online,training,opaque,imagination_depth,30,1.9334333333333333,0.005384737904378493,1.9316,1.9353666666666667,1.9195,1.9455
ablation,ablation,full_depth2_branch1_max,opaque_dependency_l6,tabular_online,training,opaque,actual_return,30,0.33521666666666666,0.07133779325943883,0.311,0.36064999999999997,0.217,0.493
ablation,ablation,full_depth2_branch1_max,opaque_dependency_l6,tabular_online,training,opaque,runtime_seconds,30,0.0017498479800080531,0.00013492234618120457,0.0017089983200591328,0.0018031963266626312,0.0015584143500454956,0.0023408101496752353
ablation,ablation,full_depth2_branch1_max,opaque_dependency_l6,tabular_online,training,opaque,real_transitions,30,6.0,0.0,6.0,6.0,6.0,6.0
ablation,ablation,full_depth2_branch1_max,opaque_dependency_l6,tabular_online,training,opaque,imagined_transitions,30,12.91235,0.055945347407552345,12.893,12.932083333333333,12.7985,12.9945
ablation,ablation,full_depth2_branch1_max,opaque_dependency_l6,tabular_online,training,opaque,action_proposals,30,6.0,0.0,6.0,6.0,6.0,6.0
ablation,ablation,full_depth2_branch1_max,opaque_dependency_l6,tabular_online,training,opaque,repeat_rate,30,0.0,0.0,0.0,0.0,0.0,0.0
ablation,ablation,full_depth2_branch1_max,opaque_dependency_l6,tabular_online,training,opaque,error_rate,30,0.0,0.0,0.0,0.0,0.0,0.0
ablation,ablation,full_depth2_branch1_max,opaque_dependency_l6,tabular_online,training,opaque,learning_auc,30,0.33526763381690844,0.07129862756311883,0.3110638652659663,0.3612056028014007,0.21710855427713857,0.4932466233116558
ablation,ablation,full_depth2_branch1_max,opaque_dependency_l6,tabular_online,training,opaque,final_tail_success,30,0.4995,0.10892381076570971,0.46199999999999997,0.5371666666666667,0.31,0.705
ablation,ablation,full_depth2_branch1_max,opaque_dependency_l6,tabular_online,training,opaque,first_success_real_transitions,30,282.2,212.5148919731152,208.6,358.6,6.0,678.0
ablation,ablation,full_depth2_branch1_mean,opaque_dependency_l6,tabular_online,evaluation_seen,opaque,success,30,0.0,0.0,0.0,0.0,0.0,0.0
ablation,ablation,full_depth2_branch1_mean,opaque_dependency_l6,tabular_online,evaluation_seen,opaque,steps,30,6.0,0.0,6.0,6.0,6.0,6.0
ablation,ablation,full_depth2_branch1_mean,opaque_dependency_l6,tabular_online,evaluation_seen,opaque,high_level_steps,30,6.0,0.0,6.0,6.0,6.0,6.0
ablation,ablation,full_depth2_branch1_mean,opaque_dependency_l6,tabular_online,evaluation_seen,opaque,primitive_steps,30,6.0,0.0,6.0,6.0,6.0,6.0
ablation,ablation,full_depth2_branch1_mean,opaque_dependency_l6,tabular_online,evaluation_seen,opaque,reward,30,0.0,0.0,0.0,0.0,0.0,0.0
ablation,ablation,full_depth2_branch1_mean,opaque_dependency_l6,tabular_online,evaluation_seen,opaque,errors,30,0.0,0.0,0.0,0.0,0.0,0.0
ablation,ablation,full_depth2_branch1_mean,opaque_dependency_l6,tabular_online,evaluation_seen,opaque,repeats,30,0.0,0.0,0.0,0.0,0.0,0.0
ablation,ablation,full_depth2_branch1_mean,opaque_dependency_l6,tabular_online,evaluation_seen,opaque,prediction_score,30,0.0,0.0,0.0,0.0,0.0,0.0
ablation,ablation,full_depth2_branch1_mean,opaque_dependency_l6,tabular_online,evaluation_seen,opaque,holdout_score,30,1.0,0.0,1.0,1.0,1.0,1.0
ablation,ablation,full_depth2_branch1_mean,opaque_dependency_l6,tabular_online,evaluation_seen,opaque,imagined_nodes,30,0.0,0.0,0.0,0.0,0.0,0.0
ablation,ablation,full_depth2_branch1_mean,opaque_dependency_l6,tabular_online,evaluation_seen,opaque,imagination_depth,30,0.0,0.0,0.0,0.0,0.0,0.0
ablation,ablation,full_depth2_branch1_mean,opaque_dependency_l6,tabular_online,evaluation_seen,opaque,actual_return,30,0.0,0.0,0.0,0.0,0.0,0.0
ablation,ablation,full_depth2_branch1_mean,opaque_dependency_l6,tabular_online,evaluation_seen,opaque,runtime_seconds,30,0.0035756635000191938,0.0004272792155321696,0.0034236822832026522,0.003720340366809978,0.0027830484994046858,0.004178416000504512
ablation,ablation,full_depth2_branch1_mean,opaque_dependency_l6,tabular_online,evaluation_seen,opaque,real_transitions,30,6.0,0.0,6.0,6.0,6.0,6.0
ablation,ablation,full_depth2_branch1_mean,opaque_dependency_l6,tabular_online,evaluation_seen,opaque,imagined_transitions,30,0.0,0.0,0.0,0.0,0.0,0.0
ablation,ablation,full_depth2_branch1_mean,opaque_dependency_l6,tabular_online,evaluation_seen,opaque,action_proposals,30,6.0,0.0,6.0,6.0,6.0,6.0
ablation,ablation,full_depth2_branch1_mean,opaque_dependency_l6,tabular_online,evaluation_seen,opaque,repeat_rate,30,0.0,0.0,0.0,0.0,0.0,0.0
ablation,ablation,full_depth2_branch1_mean,opaque_dependency_l6,tabular_online,evaluation_seen,opaque,error_rate,30,0.0,0.0,0.0,0.0,0.0,0.0
ablation,ablation,full_depth2_branch1_mean,opaque_dependency_l6,tabular_online,evaluation_unseen_zero_shot,opaque,success,30,0.0,0.0,0.0,0.0,0.0,0.0
ablation,ablation,full_depth2_branch1_mean,opaque_dependency_l6,tabular_online,evaluation_unseen_zero_shot,opaque,steps,30,6.0,0.0,6.0,6.0,6.0,6.0
ablation,ablation,full_depth2_branch1_mean,opaque_dependency_l6,tabular_online,evaluation_unseen_zero_shot,opaque,high_level_steps,30,6.0,0.0,6.0,6.0,6.0,6.0
ablation,ablation,full_depth2_branch1_mean,opaque_dependency_l6,tabular_online,evaluation_unseen_zero_shot,opaque,primitive_steps,30,6.0,0.0,6.0,6.0,6.0,6.0
ablation,ablation,full_depth2_branch1_mean,opaque_dependency_l6,tabular_online,evaluation_unseen_zero_shot,opaque,reward,30,0.0,0.0,0.0,0.0,0.0,0.0
ablation,ablation,full_depth2_branch1_mean,opaque_dependency_l6,tabular_online,evaluation_unseen_zero_shot,opaque,errors,30,0.0,0.0,0.0,0.0,0.0,0.0
ablation,ablation,full_depth2_branch1_mean,opaque_dependency_l6,tabular_online,evaluation_unseen_zero_shot,opaque,repeats,30,0.0,0.0,0.0,0.0,0.0,0.0
ablation,ablation,full_depth2_branch1_mean,opaque_dependency_l6,tabular_online,evaluation_unseen_zero_shot,opaque,prediction_score,30,0.0,0.0,0.0,0.0,0.0,0.0
ablation,ablation,full_depth2_branch1_mean,opaque_dependency_l6,tabular_online,evaluation_unseen_zero_shot,opaque,holdout_score,30,1.0,0.0,1.0,1.0,1.0,1.0
ablation,ablation,full_depth2_branch1_mean,opaque_dependency_l6,tabular_online,evaluation_unseen_zero_shot,opaque,imagined_nodes,30,0.0,0.0,0.0,0.0,0.0,0.0
ablation,ablation,full_depth2_branch1_mean,opaque_dependency_l6,tabular_online,evaluation_unseen_zero_shot,opaque,imagination_depth,30,0.0,0.0,0.0,0.0,0.0,0.0
ablation,ablation,full_depth2_branch1_mean,opaque_dependency_l6,tabular_online,evaluation_unseen_zero_shot,opaque,actual_return,30,0.0,0.0,0.0,0.0,0.0,0.0
ablation,ablation,full_depth2_branch1_mean,opaque_dependency_l6,tabular_online,evaluation_unseen_zero_shot,opaque,runtime_seconds,30,0.003550152683329846,0.00047151185148493647,0.003390118833621576,0.0037229322166725375,0.002909832501900382,0.004927105500537436
ablation,ablation,full_depth2_branch1_mean,opaque_dependency_l6,tabular_online,evaluation_unseen_zero_shot,opaque,real_transitions,30,6.0,0.0,6.0,6.0,6.0,6.0
ablation,ablation,full_depth2_branch1_mean,opaque_dependency_l6,tabular_online,evaluation_unseen_zero_shot,opaque,imagined_transitions,30,0.0,0.0,0.0,0.0,0.0,0.0
ablation,ablation,full_depth2_branch1_mean,opaque_dependency_l6,tabular_online,evaluation_unseen_zero_shot,opaque,action_proposals,30,6.0,0.0,6.0,6.0,6.0,6.0
ablation,ablation,full_depth2_branch1_mean,opaque_dependency_l6,tabular_online,evaluation_unseen_zero_shot,opaque,repeat_rate,30,0.0,0.0,0.0,0.0,0.0,0.0
ablation,ablation,full_depth2_branch1_mean,opaque_dependency_l6,tabular_online,evaluation_unseen_zero_shot,opaque,error_rate,30,0.0,0.0,0.0,0.0,0.0,0.0
ablation,ablation,full_depth2_branch1_mean,opaque_dependency_l6,tabular_online,training,opaque,success,30,0.33521666666666666,0.07133779325943883,0.31028333333333336,0.3605833333333333,0.217,0.493
ablation,ablation,full_depth2_branch1_mean,opaque_dependency_l6,tabular_online,training,opaque,steps,30,6.0,0.0,6.0,6.0,6.0,6.0
ablation,ablation,full_depth2_branch1_mean,opaque_dependency_l6,tabular_online,training,opaque,high_level_steps,30,6.0,0.0,6.0,6.0,6.0,6.0
ablation,ablation,full_depth2_branch1_mean,opaque_dependency_l6,tabular_online,training,opaque,primitive_steps,30,6.0,0.0,6.0,6.0,6.0,6.0
ablation,ablation,full_depth2_branch1_mean,opaque_dependency_l6,tabular_online,training,opaque,reward,30,0.33521666666666666,0.07133779325943883,0.31046666666666667,0.3610666666666667,0.217,0.493
ablation,ablation,full_depth2_branch1_mean,opaque_dependency_l6,tabular_online,training,opaque,errors,30,0.0,0.0,0.0,0.0,0.0,0.0
ablation,ablation,full_depth2_branch1_mean,opaque_dependency_l6,tabular_online,training,opaque,repeats,30,0.0,0.0,0.0,0.0,0.0,0.0
ablation,ablation,full_depth2_branch1_mean,opaque_dependency_l6,tabular_online,training,opaque,prediction_score,30,0.9899944444444445,0.0005587742011924325,0.9898,0.9901888888888889,0.98875,0.9909166666666667
ablation,ablation,full_depth2_branch1_mean,opaque_dependency_l6,tabular_online,training,opaque,holdout_score,30,0.12354595175287926,0.00021976011280834515,0.1234691244231463,0.12362001350996403,0.12305159026929598,0.1239719795736979
ablation,ablation,full_depth2_branch1_mean,opaque_dependency_l6,tabular_online,training,opaque,holdout_gain,30,6.3778436010959445e-06,4.876738246617554e-06,4.759856834105554e-06,8.119780307706565e-06,0.0,1.7361111111111104e-05
ablation,ablation,full_depth2_branch1_mean,opaque_dependency_l6,tabular_online,training,opaque,imagined_nodes,30,12.91235,0.055945347407552345,12.891733333333333,12.932166666666667,12.7985,12.9945
ablation,ablation,full_depth2_branch1_mean,opaque_dependency_l6,tabular_online,training,opaque,imagination_depth,30,1.9334333333333333,0.005384737904378493,1.9315,1.9353333333333333,1.9195,1.9455
ablation,ablation,full_depth2_branch1_mean,opaque_dependency_l6,tabular_online,training,opaque,actual_return,30,0.33521666666666666,0.07133779325943883,0.3107833333333333,0.3604833333333333,0.217,0.493
ablation,ablation,full_depth2_branch1_mean,opaque_dependency_l6,tabular_online,training,opaque,runtime_seconds,30,0.0017398027032638006,0.00012134219257297549,0.001703325368205454,0.0017879560482436014,0.0015810050998261431,0.0022649698002060177
ablation,ablation,full_depth2_branch1_mean,opaque_dependency_l6,tabular_online,training,opaque,real_transitions,30,6.0,0.0,6.0,6.0,6.0,6.0
ablation,ablation,full_depth2_branch1_mean,opaque_dependency_l6,tabular_online,training,opaque,imagined_transitions,30,12.91235,0.055945347407552345,12.892433333333335,12.932216666666667,12.7985,12.9945
ablation,ablation,full_depth2_branch1_mean,opaque_dependency_l6,tabular_online,training,opaque,action_proposals,30,6.0,0.0,6.0,6.0,6.0,6.0
ablation,ablation,full_depth2_branch1_mean,opaque_dependency_l6,tabular_online,training,opaque,repeat_rate,30,0.0,0.0,0.0,0.0,0.0,0.0
ablation,ablation,full_depth2_branch1_mean,opaque_dependency_l6,tabular_online,training,opaque,error_rate,30,0.0,0.0,0.0,0.0,0.0,0.0
ablation,ablation,full_depth2_branch1_mean,opaque_dependency_l6,tabular_online,training,opaque,learning_auc,30,0.33526763381690844,0.07129862756311883,0.30972152743038184,0.3605219276304819,0.21710855427713857,0.4932466233116558
ablation,ablation,full_depth2_branch1_mean,opaque_dependency_l6,tabular_online,training,opaque,final_tail_success,30,0.4995,0.10892381076570971,0.4608333333333334,0.537,0.31,0.705
ablation,ablation,full_depth2_branch1_mean,opaque_dependency_l6,tabular_online,training,opaque,first_success_real_transitions,30,282.2,212.5148919731152,206.8,358.6,6.0,678.0
ablation,ablation,full_depth2_branch1_risk-adjusted,opaque_dependency_l6,tabular_online,evaluation_seen,opaque,success,30,0.0,0.0,0.0,0.0,0.0,0.0
ablation,ablation,full_depth2_branch1_risk-adjusted,opaque_dependency_l6,tabular_online,evaluation_seen,opaque,steps,30,6.0,0.0,6.0,6.0,6.0,6.0
ablation,ablation,full_depth2_branch1_risk-adjusted,opaque_dependency_l6,tabular_online,evaluation_seen,opaque,high_level_steps,30,6.0,0.0,6.0,6.0,6.0,6.0
ablation,ablation,full_depth2_branch1_risk-adjusted,opaque_dependency_l6,tabular_online,evaluation_seen,opaque,primitive_steps,30,6.0,0.0,6.0,6.0,6.0,6.0
ablation,ablation,full_depth2_branch1_risk-adjusted,opaque_dependency_l6,tabular_online,evaluation_seen,opaque,reward,30,0.0,0.0,0.0,0.0,0.0,0.0
ablation,ablation,full_depth2_branch1_risk-adjusted,opaque_dependency_l6,tabular_online,evaluation_seen,opaque,errors,30,0.0,0.0,0.0,0.0,0.0,0.0
ablation,ablation,full_depth2_branch1_risk-adjusted,opaque_dependency_l6,tabular_online,evaluation_seen,opaque,repeats,30,0.0,0.0,0.0,0.0,0.0,0.0
ablation,ablation,full_depth2_branch1_risk-adjusted,opaque_dependency_l6,tabular_online,evaluation_seen,opaque,prediction_score,30,0.0,0.0,0.0,0.0,0.0,0.0
ablation,ablation,full_depth2_branch1_risk-adjusted,opaque_dependency_l6,tabular_online,evaluation_seen,opaque,holdout_score,30,1.0,0.0,1.0,1.0,1.0,1.0
ablation,ablation,full_depth2_branch1_risk-adjusted,opaque_dependency_l6,tabular_online,evaluation_seen,opaque,imagined_nodes,30,0.0,0.0,0.0,0.0,0.0,0.0
ablation,ablation,full_depth2_branch1_risk-adjusted,opaque_dependency_l6,tabular_online,evaluation_seen,opaque,imagination_depth,30,0.0,0.0,0.0,0.0,0.0,0.0
ablation,ablation,full_depth2_branch1_risk-adjusted,opaque_dependency_l6,tabular_online,evaluation_seen,opaque,actual_return,30,0.0,0.0,0.0,0.0,0.0,0.0
ablation,ablation,full_depth2_branch1_risk-adjusted,opaque_dependency_l6,tabular_online,evaluation_seen,opaque,runtime_seconds,30,0.0034515735666306377,0.0003592792299631336,0.003325078317022417,0.0035777394000421434,0.002885546000616159,0.0040158520005934405
ablation,ablation,full_depth2_branch1_risk-adjusted,opaque_dependency_l6,tabular_online,evaluation_seen,opaque,real_transitions,30,6.0,0.0,6.0,6.0,6.0,6.0
ablation,ablation,full_depth2_branch1_risk-adjusted,opaque_dependency_l6,tabular_online,evaluation_seen,opaque,imagined_transitions,30,0.0,0.0,0.0,0.0,0.0,0.0
ablation,ablation,full_depth2_branch1_risk-adjusted,opaque_dependency_l6,tabular_online,evaluation_seen,opaque,action_proposals,30,6.0,0.0,6.0,6.0,6.0,6.0
ablation,ablation,full_depth2_branch1_risk-adjusted,opaque_dependency_l6,tabular_online,evaluation_seen,opaque,repeat_rate,30,0.0,0.0,0.0,0.0,0.0,0.0
ablation,ablation,full_depth2_branch1_risk-adjusted,opaque_dependency_l6,tabular_online,evaluation_seen,opaque,error_rate,30,0.0,0.0,0.0,0.0,0.0,0.0
ablation,ablation,full_depth2_branch1_risk-adjusted,opaque_dependency_l6,tabular_online,evaluation_unseen_zero_shot,opaque,success,30,0.0,0.0,0.0,0.0,0.0,0.0
ablation,ablation,full_depth2_branch1_risk-adjusted,opaque_dependency_l6,tabular_online,evaluation_unseen_zero_shot,opaque,steps,30,6.0,0.0,6.0,6.0,6.0,6.0
ablation,ablation,full_depth2_branch1_risk-adjusted,opaque_dependency_l6,tabular_online,evaluation_unseen_zero_shot,opaque,high_level_steps,30,6.0,0.0,6.0,6.0,6.0,6.0
ablation,ablation,full_depth2_branch1_risk-adjusted,opaque_dependency_l6,tabular_online,evaluation_unseen_zero_shot,opaque,primitive_steps,30,6.0,0.0,6.0,6.0,6.0,6.0
ablation,ablation,full_depth2_branch1_risk-adjusted,opaque_dependency_l6,tabular_online,evaluation_unseen_zero_shot,opaque,reward,30,0.0,0.0,0.0,0.0,0.0,0.0
ablation,ablation,full_depth2_branch1_risk-adjusted,opaque_dependency_l6,tabular_online,evaluation_unseen_zero_shot,opaque,errors,30,0.0,0.0,0.0,0.0,0.0,0.0
ablation,ablation,full_depth2_branch1_risk-adjusted,opaque_dependency_l6,tabular_online,evaluation_unseen_zero_shot,opaque,repeats,30,0.0,0.0,0.0,0.0,0.0,0.0
ablation,ablation,full_depth2_branch1_risk-adjusted,opaque_dependency_l6,tabular_online,evaluation_unseen_zero_shot,opaque,prediction_score,30,0.0,0.0,0.0,0.0,0.0,0.0
ablation,ablation,full_depth2_branch1_risk-adjusted,opaque_dependency_l6,tabular_online,evaluation_unseen_zero_shot,opaque,holdout_score,30,1.0,0.0,1.0,1.0,1.0,1.0
ablation,ablation,full_depth2_branch1_risk-adjusted,opaque_dependency_l6,tabular_online,evaluation_unseen_zero_shot,opaque,imagined_nodes,30,0.0,0.0,0.0,0.0,0.0,0.0
ablation,ablation,full_depth2_branch1_risk-adjusted,opaque_dependency_l6,tabular_online,evaluation_unseen_zero_shot,opaque,imagination_depth,30,0.0,0.0,0.0,0.0,0.0,0.0
ablation,ablation,full_depth2_branch1_risk-adjusted,opaque_dependency_l6,tabular_online,evaluation_unseen_zero_shot,opaque,actual_return,30,0.0,0.0,0.0,0.0,0.0,0.0
ablation,ablation,full_depth2_branch1_risk-adjusted,opaque_dependency_l6,tabular_online,evaluation_unseen_zero_shot,opaque,runtime_seconds,30,0.003483785149937224,0.00045759630327733765,0.0033194799831932566,0.0036456990001315715,0.002777228998747887,0.00428217200023937
ablation,ablation,full_depth2_branch1_risk-adjusted,opaque_dependency_l6,tabular_online,evaluation_unseen_zero_shot,opaque,real_transitions,30,6.0,0.0,6.0,6.0,6.0,6.0
ablation,ablation,full_depth2_branch1_risk-adjusted,opaque_dependency_l6,tabular_online,evaluation_unseen_zero_shot,opaque,imagined_transitions,30,0.0,0.0,0.0,0.0,0.0,0.0
ablation,ablation,full_depth2_branch1_risk-adjusted,opaque_dependency_l6,tabular_online,evaluation_unseen_zero_shot,opaque,action_proposals,30,6.0,0.0,6.0,6.0,6.0,6.0
ablation,ablation,full_depth2_branch1_risk-adjusted,opaque_dependency_l6,tabular_online,evaluation_unseen_zero_shot,opaque,repeat_rate,30,0.0,0.0,0.0,0.0,0.0,0.0
ablation,ablation,full_depth2_branch1_risk-adjusted,opaque_dependency_l6,tabular_online,evaluation_unseen_zero_shot,opaque,error_rate,30,0.0,0.0,0.0,0.0,0.0,0.0
ablation,ablation,full_depth2_branch1_risk-adjusted,opaque_dependency_l6,tabular_online,training,opaque,success,30,0.33521666666666666,0.07133779325943883,0.3105333333333333,0.36019999999999996,0.217,0.493
ablation,ablation,full_depth2_branch1_risk-adjusted,opaque_dependency_l6,tabular_online,training,opaque,steps,30,6.0,0.0,6.0,6.0,6.0,6.0
ablation,ablation,full_depth2_branch1_risk-adjusted,opaque_dependency_l6,tabular_online,training,opaque,high_level_steps,30,6.0,0.0,6.0,6.0,6.0,6.0
ablation,ablation,full_depth2_branch1_risk-adjusted,opaque_dependency_l6,tabular_online,training,opaque,primitive_steps,30,6.0,0.0,6.0,6.0,6.0,6.0
ablation,ablation,full_depth2_branch1_risk-adjusted,opaque_dependency_l6,tabular_online,training,opaque,reward,30,0.33521666666666666,0.07133779325943883,0.31043333333333334,0.36128333333333335,0.217,0.493
ablation,ablation,full_depth2_branch1_risk-adjusted,opaque_dependency_l6,tabular_online,training,opaque,errors,30,0.0,0.0,0.0,0.0,0.0,0.0
ablation,ablation,full_depth2_branch1_risk-adjusted,opaque_dependency_l6,tabular_online,training,opaque,repeats,30,0.0,0.0,0.0,0.0,0.0,0.0
ablation,ablation,full_depth2_branch1_risk-adjusted,opaque_dependency_l6,tabular_online,training,opaque,prediction_score,30,0.9899944444444445,0.0005587742011924325,0.9897944444444444,0.9901916666666666,0.98875,0.9909166666666667
ablation,ablation,full_depth2_branch1_risk-adjusted,opaque_dependency_l6,tabular_online,training,opaque,holdout_score,30,0.12354595175287926,0.00021976011280834515,0.12346764264492817,0.12362157507664015,0.12305159026929598,0.1239719795736979
ablation,ablation,full_depth2_branch1_risk-adjusted,opaque_dependency_l6,tabular_online,training,opaque,holdout_gain,30,6.3778436010959445e-06,4.876738246617554e-06,4.731603474357097e-06,8.151213888452806e-06,0.0,1.7361111111111104e-05
ablation,ablation,full_depth2_branch1_risk-adjusted,opaque_dependency_l6,tabular_online,training,opaque,imagined_nodes,30,12.91235,0.055945347407552345,12.892750000000001,12.932250000000002,12.7985,12.9945
ablation,ablation,full_depth2_branch1_risk-adjusted,opaque_dependency_l6,tabular_online,training,opaque,imagination_depth,30,1.9334333333333333,0.005384737904378493,1.9315,1.9353,1.9195,1.9455
ablation,ablation,full_depth2_branch1_risk-adjusted,opaque_dependency_l6,tabular_online,training,opaque,actual_return,30,0.33521666666666666,0.07133779325943883,0.31029999999999996,0.3605,0.217,0.493
ablation,ablation,full_depth2_branch1_risk-adjusted,opaque_dependency_l6,tabular_online,training,opaque,runtime_seconds,30,0.0017515717667207355,0.00011933323406006997,0.0017164001766665023,0.0017967851317439152,0.0016197295001766179,0.002278455750099965
ablation,ablation,full_depth2_branch1_risk-adjusted,opaque_dependency_l6,tabular_online,training,opaque,real_transitions,30,6.0,0.0,6.0,6.0,6.0,6.0
ablation,ablation,full_depth2_branch1_risk-adjusted,opaque_dependency_l6,tabular_online,training,opaque,imagined_transitions,30,12.91235,0.055945347407552345,12.89245,12.932216666666667,12.7985,12.9945
ablation,ablation,full_depth2_branch1_risk-adjusted,opaque_dependency_l6,tabular_online,training,opaque,action_proposals,30,6.0,0.0,6.0,6.0,6.0,6.0
ablation,ablation,full_depth2_branch1_risk-adjusted,opaque_dependency_l6,tabular_online,training,opaque,repeat_rate,30,0.0,0.0,0.0,0.0,0.0,0.0
ablation,ablation,full_depth2_branch1_risk-adjusted,opaque_dependency_l6,tabular_online,training,opaque,error_rate,30,0.0,0.0,0.0,0.0,0.0,0.0
ablation,ablation,full_depth2_branch1_risk-adjusted,opaque_dependency_l6,tabular_online,training,opaque,learning_auc,30,0.33526763381690844,0.07129862756311883,0.3106303151575788,0.36194764048691014,0.21710855427713857,0.4932466233116558
ablation,ablation,full_depth2_branch1_risk-adjusted,opaque_dependency_l6,tabular_online,training,opaque,final_tail_success,30,0.4995,0.10892381076570971,0.46,0.5386666666666666,0.31,0.705
ablation,ablation,full_depth2_branch1_risk-adjusted,opaque_dependency_l6,tabular_online,training,opaque,first_success_real_transitions,30,282.2,212.5148919731152,208.2,355.4,6.0,678.0
ablation,ablation,full_depth2_branch2_max,opaque_dependency_l6,tabular_online,evaluation_seen,opaque,success,30,0.0,0.0,0.0,0.0,0.0,0.0
ablation,ablation,full_depth2_branch2_max,opaque_dependency_l6,tabular_online,evaluation_seen,opaque,steps,30,6.0,0.0,6.0,6.0,6.0,6.0
ablation,ablation,full_depth2_branch2_max,opaque_dependency_l6,tabular_online,evaluation_seen,opaque,high_level_steps,30,6.0,0.0,6.0,6.0,6.0,6.0
ablation,ablation,full_depth2_branch2_max,opaque_dependency_l6,tabular_online,evaluation_seen,opaque,primitive_steps,30,6.0,0.0,6.0,6.0,6.0,6.0
ablation,ablation,full_depth2_branch2_max,opaque_dependency_l6,tabular_online,evaluation_seen,opaque,reward,30,0.0,0.0,0.0,0.0,0.0,0.0
ablation,ablation,full_depth2_branch2_max,opaque_dependency_l6,tabular_online,evaluation_seen,opaque,errors,30,0.0,0.0,0.0,0.0,0.0,0.0
ablation,ablation,full_depth2_branch2_max,opaque_dependency_l6,tabular_online,evaluation_seen,opaque,repeats,30,0.0,0.0,0.0,0.0,0.0,0.0
ablation,ablation,full_depth2_branch2_max,opaque_dependency_l6,tabular_online,evaluation_seen,opaque,prediction_score,30,0.0,0.0,0.0,0.0,0.0,0.0
ablation,ablation,full_depth2_branch2_max,opaque_dependency_l6,tabular_online,evaluation_seen,opaque,holdout_score,30,1.0,0.0,1.0,1.0,1.0,1.0
ablation,ablation,full_depth2_branch2_max,opaque_dependency_l6,tabular_online,evaluation_seen,opaque,imagined_nodes,30,0.0,0.0,0.0,0.0,0.0,0.0
ablation,ablation,full_depth2_branch2_max,opaque_dependency_l6,tabular_online,evaluation_seen,opaque,imagination_depth,30,0.0,0.0,0.0,0.0,0.0,0.0
ablation,ablation,full_depth2_branch2_max,opaque_dependency_l6,tabular_online,evaluation_seen,opaque,actual_return,30,0.0,0.0,0.0,0.0,0.0,0.0
ablation,ablation,full_depth2_branch2_max,opaque_dependency_l6,tabular_online,evaluation_seen,opaque,runtime_seconds,30,0.0035249418665334814,0.0003814215515758332,0.003392981866495878,0.0036592226830689466,0.002864290500874631,0.004105604998476338
ablation,ablation,full_depth2_branch2_max,opaque_dependency_l6,tabular_online,evaluation_seen,opaque,real_transitions,30,6.0,0.0,6.0,6.0,6.0,6.0
ablation,ablation,full_depth2_branch2_max,opaque_dependency_l6,tabular_online,evaluation_seen,opaque,imagined_transitions,30,0.0,0.0,0.0,0.0,0.0,0.0
ablation,ablation,full_depth2_branch2_max,opaque_dependency_l6,tabular_online,evaluation_seen,opaque,action_proposals,30,6.0,0.0,6.0,6.0,6.0,6.0
ablation,ablation,full_depth2_branch2_max,opaque_dependency_l6,tabular_online,evaluation_seen,opaque,repeat_rate,30,0.0,0.0,0.0,0.0,0.0,0.0
ablation,ablation,full_depth2_branch2_max,opaque_dependency_l6,tabular_online,evaluation_seen,opaque,error_rate,30,0.0,0.0,0.0,0.0,0.0,0.0
ablation,ablation,full_depth2_branch2_max,opaque_dependency_l6,tabular_online,evaluation_unseen_zero_shot,opaque,success,30,0.0,0.0,0.0,0.0,0.0,0.0
ablation,ablation,full_depth2_branch2_max,opaque_dependency_l6,tabular_online,evaluation_unseen_zero_shot,opaque,steps,30,6.0,0.0,6.0,6.0,6.0,6.0
ablation,ablation,full_depth2_branch2_max,opaque_dependency_l6,tabular_online,evaluation_unseen_zero_shot,opaque,high_level_steps,30,6.0,0.0,6.0,6.0,6.0,6.0
ablation,ablation,full_depth2_branch2_max,opaque_dependency_l6,tabular_online,evaluation_unseen_zero_shot,opaque,primitive_steps,30,6.0,0.0,6.0,6.0,6.0,6.0
ablation,ablation,full_depth2_branch2_max,opaque_dependency_l6,tabular_online,evaluation_unseen_zero_shot,opaque,reward,30,0.0,0.0,0.0,0.0,0.0,0.0
ablation,ablation,full_depth2_branch2_max,opaque_dependency_l6,tabular_online,evaluation_unseen_zero_shot,opaque,errors,30,0.0,0.0,0.0,0.0,0.0,0.0
ablation,ablation,full_depth2_branch2_max,opaque_dependency_l6,tabular_online,evaluation_unseen_zero_shot,opaque,repeats,30,0.0,0.0,0.0,0.0,0.0,0.0
ablation,ablation,full_depth2_branch2_max,opaque_dependency_l6,tabular_online,evaluation_unseen_zero_shot,opaque,prediction_score,30,0.0,0.0,0.0,0.0,0.0,0.0
ablation,ablation,full_depth2_branch2_max,opaque_dependency_l6,tabular_online,evaluation_unseen_zero_shot,opaque,holdout_score,30,1.0,0.0,1.0,1.0,1.0,1.0
ablation,ablation,full_depth2_branch2_max,opaque_dependency_l6,tabular_online,evaluation_unseen_zero_shot,opaque,imagined_nodes,30,0.0,0.0,0.0,0.0,0.0,0.0
ablation,ablation,full_depth2_branch2_max,opaque_dependency_l6,tabular_online,evaluation_unseen_zero_shot,opaque,imagination_depth,30,0.0,0.0,0.0,0.0,0.0,0.0
ablation,ablation,full_depth2_branch2_max,opaque_dependency_l6,tabular_online,evaluation_unseen_zero_shot,opaque,actual_return,30,0.0,0.0,0.0,0.0,0.0,0.0
ablation,ablation,full_depth2_branch2_max,opaque_dependency_l6,tabular_online,evaluation_unseen_zero_shot,opaque,runtime_seconds,30,0.003501739300312086,0.0005026556450355714,0.0033221202168788296,0.003682315183740381,0.002856691500346642,0.004253657500521512
ablation,ablation,full_depth2_branch2_max,opaque_dependency_l6,tabular_online,evaluation_unseen_zero_shot,opaque,real_transitions,30,6.0,0.0,6.0,6.0,6.0,6.0
ablation,ablation,full_depth2_branch2_max,opaque_dependency_l6,tabular_online,evaluation_unseen_zero_shot,opaque,imagined_transitions,30,0.0,0.0,0.0,0.0,0.0,0.0
ablation,ablation,full_depth2_branch2_max,opaque_dependency_l6,tabular_online,evaluation_unseen_zero_shot,opaque,action_proposals,30,6.0,0.0,6.0,6.0,6.0,6.0
ablation,ablation,full_depth2_branch2_max,opaque_dependency_l6,tabular_online,evaluation_unseen_zero_shot,opaque,repeat_rate,30,0.0,0.0,0.0,0.0,0.0,0.0
ablation,ablation,full_depth2_branch2_max,opaque_dependency_l6,tabular_online,evaluation_unseen_zero_shot,opaque,error_rate,30,0.0,0.0,0.0,0.0,0.0,0.0
ablation,ablation,full_depth2_branch2_max,opaque_dependency_l6,tabular_online,training,opaque,success,30,0.33521666666666666,0.07133779325943883,0.31065,0.36041666666666666,0.217,0.493
ablation,ablation,full_depth2_branch2_max,opaque_dependency_l6,tabular_online,training,opaque,steps,30,6.0,0.0,6.0,6.0,6.0,6.0
ablation,ablation,full_depth2_branch2_max,opaque_dependency_l6,tabular_online,training,opaque,high_level_steps,30,6.0,0.0,6.0,6.0,6.0,6.0
ablation,ablation,full_depth2_branch2_max,opaque_dependency_l6,tabular_online,training,opaque,primitive_steps,30,6.0,0.0,6.0,6.0,6.0,6.0
ablation,ablation,full_depth2_branch2_max,opaque_dependency_l6,tabular_online,training,opaque,reward,30,0.33521666666666666,0.07133779325943883,0.31006666666666666,0.36041666666666666,0.217,0.493
ablation,ablation,full_depth2_branch2_max,opaque_dependency_l6,tabular_online,training,opaque,errors,30,0.0,0.0,0.0,0.0,0.0,0.0
ablation,ablation,full_depth2_branch2_max,opaque_dependency_l6,tabular_online,training,opaque,repeats,30,0.0,0.0,0.0,0.0,0.0,0.0
ablation,ablation,full_depth2_branch2_max,opaque_dependency_l6,tabular_online,training,opaque,prediction_score,30,0.9899944444444445,0.0005587742011924325,0.9898027777777777,0.9901888888888889,0.98875,0.9909166666666667
ablation,ablation,full_depth2_branch2_max,opaque_dependency_l6,tabular_online,training,opaque,holdout_score,30,0.12354595175287926,0.00021976011280834515,0.12346855189572906,0.1236210710829894,0.12305159026929598,0.1239719795736979
ablation,ablation,full_depth2_branch2_max,opaque_dependency_l6,tabular_online,training,opaque,holdout_gain,30,6.3778436010959445e-06,4.876738246617554e-06,4.6532489752598435e-06,8.151043210799177e-06,0.0,1.7361111111111104e-05
ablation,ablation,full_depth2_branch2_max,opaque_dependency_l6,tabular_online,training,opaque,imagined_nodes,30,28.860316666666666,0.12596581934667073,28.816266666666667,28.903983333333333,28.6065,29.048
ablation,ablation,full_depth2_branch2_max,opaque_dependency_l6,tabular_online,training,opaque,imagination_depth,30,1.9334333333333333,0.005384737904378493,1.9314833333333332,1.9353,1.9195,1.9455
ablation,ablation,full_depth2_branch2_max,opaque_dependency_l6,tabular_online,training,opaque,actual_return,30,0.33521666666666666,0.07133779325943883,0.30981666666666663,0.36055,0.217,0.493
ablation,ablation,full_depth2_branch2_max,opaque_dependency_l6,tabular_online,training,opaque,runtime_seconds,30,0.0022358043733149923,0.0001500181420840512,0.0021884475083614233,0.0022953296834083933,0.002075497450190596,0.002839111600173055
ablation,ablation,full_depth2_branch2_max,opaque_dependency_l6,tabular_online,training,opaque,real_transitions,30,6.0,0.0,6.0,6.0,6.0,6.0
ablation,ablation,full_depth2_branch2_max,opaque_dependency_l6,tabular_online,training,opaque,imagined_transitions,30,28.860316666666666,0.12596581934667073,28.81586666666667,28.903666666666666,28.6065,29.048
ablation,ablation,full_depth2_branch2_max,opaque_dependency_l6,tabular_online,training,opaque,action_proposals,30,6.0,0.0,6.0,6.0,6.0,6.0
ablation,ablation,full_depth2_branch2_max,opaque_dependency_l6,tabular_online,training,opaque,repeat_rate,30,0.0,0.0,0.0,0.0,0.0,0.0
ablation,ablation,full_depth2_branch2_max,opaque_dependency_l6,tabular_online,training,opaque,error_rate,30,0.0,0.0,0.0,0.0,0.0,0.0
ablation,ablation,full_depth2_branch2_max,opaque_dependency_l6,tabular_online,training,opaque,learning_auc,30,0.33526763381690844,0.07129862756311883,0.31071369017842254,0.36133066533266633,0.21710855427713857,0.4932466233116558
ablation,ablation,full_depth2_branch2_max,opaque_dependency_l6,tabular_online,training,opaque,final_tail_success,30,0.4995,0.10892381076570971,0.461,0.5373333333333333,0.31,0.705
ablation,ablation,full_depth2_branch2_max,opaque_dependency_l6,tabular_online,training,opaque,first_success_real_transitions,30,282.2,212.5148919731152,208.4,359.4,6.0,678.0
ablation,ablation,full_depth2_branch2_mean,opaque_dependency_l6,tabular_online,evaluation_seen,opaque,success,30,0.0,0.0,0.0,0.0,0.0,0.0
ablation,ablation,full_depth2_branch2_mean,opaque_dependency_l6,tabular_online,evaluation_seen,opaque,steps,30,6.0,0.0,6.0,6.0,6.0,6.0
ablation,ablation,full_depth2_branch2_mean,opaque_dependency_l6,tabular_online,evaluation_seen,opaque,high_level_steps,30,6.0,0.0,6.0,6.0,6.0,6.0
ablation,ablation,full_depth2_branch2_mean,opaque_dependency_l6,tabular_online,evaluation_seen,opaque,primitive_steps,30,6.0,0.0,6.0,6.0,6.0,6.0
ablation,ablation,full_depth2_branch2_mean,opaque_dependency_l6,tabular_online,evaluation_seen,opaque,reward,30,0.0,0.0,0.0,0.0,0.0,0.0
ablation,ablation,full_depth2_branch2_mean,opaque_dependency_l6,tabular_online,evaluation_seen,opaque,errors,30,0.0,0.0,0.0,0.0,0.0,0.0
ablation,ablation,full_depth2_branch2_mean,opaque_dependency_l6,tabular_online,evaluation_seen,opaque,repeats,30,0.0,0.0,0.0,0.0,0.0,0.0
ablation,ablation,full_depth2_branch2_mean,opaque_dependency_l6,tabular_online,evaluation_seen,opaque,prediction_score,30,0.0,0.0,0.0,0.0,0.0,0.0
ablation,ablation,full_depth2_branch2_mean,opaque_dependency_l6,tabular_online,evaluation_seen,opaque,holdout_score,30,1.0,0.0,1.0,1.0,1.0,1.0
ablation,ablation,full_depth2_branch2_mean,opaque_dependency_l6,tabular_online,evaluation_seen,opaque,imagined_nodes,30,0.0,0.0,0.0,0.0,0.0,0.0
ablation,ablation,full_depth2_branch2_mean,opaque_dependency_l6,tabular_online,evaluation_seen,opaque,imagination_depth,30,0.0,0.0,0.0,0.0,0.0,0.0
ablation,ablation,full_depth2_branch2_mean,opaque_dependency_l6,tabular_online,evaluation_seen,opaque,actual_return,30,0.0,0.0,0.0,0.0,0.0,0.0
ablation,ablation,full_depth2_branch2_mean,opaque_dependency_l6,tabular_online,evaluation_seen,opaque,runtime_seconds,30,0.0035709567666102277,0.0003976806976847833,0.003433306116630168,0.0037083033831004286,0.0028053215002000796,0.004190919498505537
ablation,ablation,full_depth2_branch2_mean,opaque_dependency_l6,tabular_online,evaluation_seen,opaque,real_transitions,30,6.0,0.0,6.0,6.0,6.0,6.0
ablation,ablation,full_depth2_branch2_mean,opaque_dependency_l6,tabular_online,evaluation_seen,opaque,imagined_transitions,30,0.0,0.0,0.0,0.0,0.0,0.0
ablation,ablation,full_depth2_branch2_mean,opaque_dependency_l6,tabular_online,evaluation_seen,opaque,action_proposals,30,6.0,0.0,6.0,6.0,6.0,6.0
ablation,ablation,full_depth2_branch2_mean,opaque_dependency_l6,tabular_online,evaluation_seen,opaque,repeat_rate,30,0.0,0.0,0.0,0.0,0.0,0.0
ablation,ablation,full_depth2_branch2_mean,opaque_dependency_l6,tabular_online,evaluation_seen,opaque,error_rate,30,0.0,0.0,0.0,0.0,0.0,0.0
ablation,ablation,full_depth2_branch2_mean,opaque_dependency_l6,tabular_online,evaluation_unseen_zero_shot,opaque,success,30,0.0,0.0,0.0,0.0,0.0,0.0
ablation,ablation,full_depth2_branch2_mean,opaque_dependency_l6,tabular_online,evaluation_unseen_zero_shot,opaque,steps,30,6.0,0.0,6.0,6.0,6.0,6.0
ablation,ablation,full_depth2_branch2_mean,opaque_dependency_l6,tabular_online,evaluation_unseen_zero_shot,opaque,high_level_steps,30,6.0,0.0,6.0,6.0,6.0,6.0
ablation,ablation,full_depth2_branch2_mean,opaque_dependency_l6,tabular_online,evaluation_unseen_zero_shot,opaque,primitive_steps,30,6.0,0.0,6.0,6.0,6.0,6.0
ablation,ablation,full_depth2_branch2_mean,opaque_dependency_l6,tabular_online,evaluation_unseen_zero_shot,opaque,reward,30,0.0,0.0,0.0,0.0,0.0,0.0
ablation,ablation,full_depth2_branch2_mean,opaque_dependency_l6,tabular_online,evaluation_unseen_zero_shot,opaque,errors,30,0.0,0.0,0.0,0.0,0.0,0.0
ablation,ablation,full_depth2_branch2_mean,opaque_dependency_l6,tabular_online,evaluation_unseen_zero_shot,opaque,repeats,30,0.0,0.0,0.0,0.0,0.0,0.0
ablation,ablation,full_depth2_branch2_mean,opaque_dependency_l6,tabular_online,evaluation_unseen_zero_shot,opaque,prediction_score,30,0.0,0.0,0.0,0.0,0.0,0.0
ablation,ablation,full_depth2_branch2_mean,opaque_dependency_l6,tabular_online,evaluation_unseen_zero_shot,opaque,holdout_score,30,1.0,0.0,1.0,1.0,1.0,1.0
ablation,ablation,full_depth2_branch2_mean,opaque_dependency_l6,tabular_online,evaluation_unseen_zero_shot,opaque,imagined_nodes,30,0.0,0.0,0.0,0.0,0.0,0.0
ablation,ablation,full_depth2_branch2_mean,opaque_dependency_l6,tabular_online,evaluation_unseen_zero_shot,opaque,imagination_depth,30,0.0,0.0,0.0,0.0,0.0,0.0
ablation,ablation,full_depth2_branch2_mean,opaque_dependency_l6,tabular_online,evaluation_unseen_zero_shot,opaque,actual_return,30,0.0,0.0,0.0,0.0,0.0,0.0
ablation,ablation,full_depth2_branch2_mean,opaque_dependency_l6,tabular_online,evaluation_unseen_zero_shot,opaque,runtime_seconds,30,0.0036486978499112106,0.0004697083580271571,0.003482997783275399,0.0038140405167262845,0.0027850364983896727,0.004460852999909548
ablation,ablation,full_depth2_branch2_mean,opaque_dependency_l6,tabular_online,evaluation_unseen_zero_shot,opaque,real_transitions,30,6.0,0.0,6.0,6.0,6.0,6.0
ablation,ablation,full_depth2_branch2_mean,opaque_dependency_l6,tabular_online,evaluation_unseen_zero_shot,opaque,imagined_transitions,30,0.0,0.0,0.0,0.0,0.0,0.0
ablation,ablation,full_depth2_branch2_mean,opaque_dependency_l6,tabular_online,evaluation_unseen_zero_shot,opaque,action_proposals,30,6.0,0.0,6.0,6.0,6.0,6.0
ablation,ablation,full_depth2_branch2_mean,opaque_dependency_l6,tabular_online,evaluation_unseen_zero_shot,opaque,repeat_rate,30,0.0,0.0,0.0,0.0,0.0,0.0
ablation,ablation,full_depth2_branch2_mean,opaque_dependency_l6,tabular_online,evaluation_unseen_zero_shot,opaque,error_rate,30,0.0,0.0,0.0,0.0,0.0,0.0
ablation,ablation,full_depth2_branch2_mean,opaque_dependency_l6,tabular_online,training,opaque,success,30,0.33521666666666666,0.07133779325943883,0.31039999999999995,0.3606666666666667,0.217,0.493
ablation,ablation,full_depth2_branch2_mean,opaque_dependency_l6,tabular_online,training,opaque,steps,30,6.0,0.0,6.0,6.0,6.0,6.0
ablation,ablation,full_depth2_branch2_mean,opaque_dependency_l6,tabular_online,training,opaque,high_level_steps,30,6.0,0.0,6.0,6.0,6.0,6.0
ablation,ablation,full_depth2_branch2_mean,opaque_dependency_l6,tabular_online,training,opaque,primitive_steps,30,6.0,0.0,6.0,6.0,6.0,6.0
ablation,ablation,full_depth2_branch2_mean,opaque_dependency_l6,tabular_online,training,opaque,reward,30,0.33521666666666666,0.07133779325943883,0.3106333333333333,0.361,0.217,0.493
ablation,ablation,full_depth2_branch2_mean,opaque_dependency_l6,tabular_online,training,opaque,errors,30,0.0,0.0,0.0,0.0,0.0,0.0
ablation,ablation,full_depth2_branch2_mean,opaque_dependency_l6,tabular_online,training,opaque,repeats,30,0.0,0.0,0.0,0.0,0.0,0.0
ablation,ablation,full_depth2_branch2_mean,opaque_dependency_l6,tabular_online,training,opaque,prediction_score,30,0.9899944444444445,0.0005587742011924325,0.9897972222222222,0.9901916666666666,0.98875,0.9909166666666667
ablation,ablation,full_depth2_branch2_mean,opaque_dependency_l6,tabular_online,training,opaque,holdout_score,30,0.12354595175287926,0.00021976011280834515,0.12346639241929032,0.1236227866393191,0.12305159026929598,0.1239719795736979
ablation,ablation,full_depth2_branch2_mean,opaque_dependency_l6,tabular_online,training,opaque,holdout_gain,30,6.3778436010959445e-06,4.876738246617554e-06,4.712878171211504e-06,8.161913329006251e-06,0.0,1.7361111111111104e-05
ablation,ablation,full_depth2_branch2_mean,opaque_dependency_l6,tabular_online,training,opaque,imagined_nodes,30,28.860316666666666,0.12596581934667073,28.81501666666667,28.904666666666667,28.6065,29.048
ablation,ablation,full_depth2_branch2_mean,opaque_dependency_l6,tabular_online,training,opaque,imagination_depth,30,1.9334333333333333,0.005384737904378493,1.93155,1.9353333333333333,1.9195,1.9455
ablation,ablation,full_depth2_branch2_mean,opaque_dependency_l6,tabular_online,training,opaque,actual_return,30,0.33521666666666666,0.07133779325943883,0.31065,0.3607833333333333,0.217,0.493
ablation,ablation,full_depth2_branch2_mean,opaque_dependency_l6,tabular_online,training,opaque,runtime_seconds,30,0.0022027876882969094,0.00015023286373520167,0.0021547496332665708,0.002258900133316638,0.001994478649823577,0.002791582100035157
ablation,ablation,full_depth2_branch2_mean,opaque_dependency_l6,tabular_online,training,opaque,real_transitions,30,6.0,0.0,6.0,6.0,6.0,6.0
ablation,ablation,full_depth2_branch2_mean,opaque_dependency_l6,tabular_online,training,opaque,imagined_transitions,30,28.860316666666666,0.12596581934667073,28.8146,28.902916666666666,28.6065,29.048
ablation,ablation,full_depth2_branch2_mean,opaque_dependency_l6,tabular_online,training,opaque,action_proposals,30,6.0,0.0,6.0,6.0,6.0,6.0
ablation,ablation,full_depth2_branch2_mean,opaque_dependency_l6,tabular_online,training,opaque,repeat_rate,30,0.0,0.0,0.0,0.0,0.0,0.0
ablation,ablation,full_depth2_branch2_mean,opaque_dependency_l6,tabular_online,training,opaque,error_rate,30,0.0,0.0,0.0,0.0,0.0,0.0
ablation,ablation,full_depth2_branch2_mean,opaque_dependency_l6,tabular_online,training,opaque,learning_auc,30,0.33526763381690844,0.07129862756311883,0.31043855260963815,0.36048857762214437,0.21710855427713857,0.4932466233116558
ablation,ablation,full_depth2_branch2_mean,opaque_dependency_l6,tabular_online,training,opaque,final_tail_success,30,0.4995,0.10892381076570971,0.46166666666666667,0.5388333333333333,0.31,0.705
ablation,ablation,full_depth2_branch2_mean,opaque_dependency_l6,tabular_online,training,opaque,first_success_real_transitions,30,282.2,212.5148919731152,207.2,355.6,6.0,678.0
ablation,ablation,full_depth2_branch2_risk-adjusted,opaque_dependency_l6,tabular_online,evaluation_seen,opaque,success,30,0.0,0.0,0.0,0.0,0.0,0.0
ablation,ablation,full_depth2_branch2_risk-adjusted,opaque_dependency_l6,tabular_online,evaluation_seen,opaque,steps,30,6.0,0.0,6.0,6.0,6.0,6.0
ablation,ablation,full_depth2_branch2_risk-adjusted,opaque_dependency_l6,tabular_online,evaluation_seen,opaque,high_level_steps,30,6.0,0.0,6.0,6.0,6.0,6.0
ablation,ablation,full_depth2_branch2_risk-adjusted,opaque_dependency_l6,tabular_online,evaluation_seen,opaque,primitive_steps,30,6.0,0.0,6.0,6.0,6.0,6.0
ablation,ablation,full_depth2_branch2_risk-adjusted,opaque_dependency_l6,tabular_online,evaluation_seen,opaque,reward,30,0.0,0.0,0.0,0.0,0.0,0.0
ablation,ablation,full_depth2_branch2_risk-adjusted,opaque_dependency_l6,tabular_online,evaluation_seen,opaque,errors,30,0.0,0.0,0.0,0.0,0.0,0.0
ablation,ablation,full_depth2_branch2_risk-adjusted,opaque_dependency_l6,tabular_online,evaluation_seen,opaque,repeats,30,0.0,0.0,0.0,0.0,0.0,0.0
ablation,ablation,full_depth2_branch2_risk-adjusted,opaque_dependency_l6,tabular_online,evaluation_seen,opaque,prediction_score,30,0.0,0.0,0.0,0.0,0.0,0.0
ablation,ablation,full_depth2_branch2_risk-adjusted,opaque_dependency_l6,tabular_online,evaluation_seen,opaque,holdout_score,30,1.0,0.0,1.0,1.0,1.0,1.0
ablation,ablation,full_depth2_branch2_risk-adjusted,opaque_dependency_l6,tabular_online,evaluation_seen,opaque,imagined_nodes,30,0.0,0.0,0.0,0.0,0.0,0.0
ablation,ablation,full_depth2_branch2_risk-adjusted,opaque_dependency_l6,tabular_online,evaluation_seen,opaque,imagination_depth,30,0.0,0.0,0.0,0.0,0.0,0.0
ablation,ablation,full_depth2_branch2_risk-adjusted,opaque_dependency_l6,tabular_online,evaluation_seen,opaque,actual_return,30,0.0,0.0,0.0,0.0,0.0,0.0
ablation,ablation,full_depth2_branch2_risk-adjusted,opaque_dependency_l6,tabular_online,evaluation_seen,opaque,runtime_seconds,30,0.003678581233209116,0.00043697037336753406,0.0035214318665724325,0.003831460749633455,0.0028711465009837412,0.004362687999382615
ablation,ablation,full_depth2_branch2_risk-adjusted,opaque_dependency_l6,tabular_online,evaluation_seen,opaque,real_transitions,30,6.0,0.0,6.0,6.0,6.0,6.0
ablation,ablation,full_depth2_branch2_risk-adjusted,opaque_dependency_l6,tabular_online,evaluation_seen,opaque,imagined_transitions,30,0.0,0.0,0.0,0.0,0.0,0.0
ablation,ablation,full_depth2_branch2_risk-adjusted,opaque_dependency_l6,tabular_online,evaluation_seen,opaque,action_proposals,30,6.0,0.0,6.0,6.0,6.0,6.0
ablation,ablation,full_depth2_branch2_risk-adjusted,opaque_dependency_l6,tabular_online,evaluation_seen,opaque,repeat_rate,30,0.0,0.0,0.0,0.0,0.0,0.0
ablation,ablation,full_depth2_branch2_risk-adjusted,opaque_dependency_l6,tabular_online,evaluation_seen,opaque,error_rate,30,0.0,0.0,0.0,0.0,0.0,0.0
ablation,ablation,full_depth2_branch2_risk-adjusted,opaque_dependency_l6,tabular_online,evaluation_unseen_zero_shot,opaque,success,30,0.0,0.0,0.0,0.0,0.0,0.0
ablation,ablation,full_depth2_branch2_risk-adjusted,opaque_dependency_l6,tabular_online,evaluation_unseen_zero_shot,opaque,steps,30,6.0,0.0,6.0,6.0,6.0,6.0
ablation,ablation,full_depth2_branch2_risk-adjusted,opaque_dependency_l6,tabular_online,evaluation_unseen_zero_shot,opaque,high_level_steps,30,6.0,0.0,6.0,6.0,6.0,6.0
ablation,ablation,full_depth2_branch2_risk-adjusted,opaque_dependency_l6,tabular_online,evaluation_unseen_zero_shot,opaque,primitive_steps,30,6.0,0.0,6.0,6.0,6.0,6.0
ablation,ablation,full_depth2_branch2_risk-adjusted,opaque_dependency_l6,tabular_online,evaluation_unseen_zero_shot,opaque,reward,30,0.0,0.0,0.0,0.0,0.0,0.0
ablation,ablation,full_depth2_branch2_risk-adjusted,opaque_dependency_l6,tabular_online,evaluation_unseen_zero_shot,opaque,errors,30,0.0,0.0,0.0,0.0,0.0,0.0
ablation,ablation,full_depth2_branch2_risk-adjusted,opaque_dependency_l6,tabular_online,evaluation_unseen_zero_shot,opaque,repeats,30,0.0,0.0,0.0,0.0,0.0,0.0
ablation,ablation,full_depth2_branch2_risk-adjusted,opaque_dependency_l6,tabular_online,evaluation_unseen_zero_shot,opaque,prediction_score,30,0.0,0.0,0.0,0.0,0.0,0.0
ablation,ablation,full_depth2_branch2_risk-adjusted,opaque_dependency_l6,tabular_online,evaluation_unseen_zero_shot,opaque,holdout_score,30,1.0,0.0,1.0,1.0,1.0,1.0
ablation,ablation,full_depth2_branch2_risk-adjusted,opaque_dependency_l6,tabular_online,evaluation_unseen_zero_shot,opaque,imagined_nodes,30,0.0,0.0,0.0,0.0,0.0,0.0
ablation,ablation,full_depth2_branch2_risk-adjusted,opaque_dependency_l6,tabular_online,evaluation_unseen_zero_shot,opaque,imagination_depth,30,0.0,0.0,0.0,0.0,0.0,0.0
ablation,ablation,full_depth2_branch2_risk-adjusted,opaque_dependency_l6,tabular_online,evaluation_unseen_zero_shot,opaque,actual_return,30,0.0,0.0,0.0,0.0,0.0,0.0
ablation,ablation,full_depth2_branch2_risk-adjusted,opaque_dependency_l6,tabular_online,evaluation_unseen_zero_shot,opaque,runtime_seconds,30,0.0035283600835003506,0.0004529040075277834,0.00337060540021533,0.003691963333452198,0.002781284001248423,0.004372144500375725
ablation,ablation,full_depth2_branch2_risk-adjusted,opaque_dependency_l6,tabular_online,evaluation_unseen_zero_shot,opaque,real_transitions,30,6.0,0.0,6.0,6.0,6.0,6.0
ablation,ablation,full_depth2_branch2_risk-adjusted,opaque_dependency_l6,tabular_online,evaluation_unseen_zero_shot,opaque,imagined_transitions,30,0.0,0.0,0.0,0.0,0.0,0.0
ablation,ablation,full_depth2_branch2_risk-adjusted,opaque_dependency_l6,tabular_online,evaluation_unseen_zero_shot,opaque,action_proposals,30,6.0,0.0,6.0,6.0,6.0,6.0
ablation,ablation,full_depth2_branch2_risk-adjusted,opaque_dependency_l6,tabular_online,evaluation_unseen_zero_shot,opaque,repeat_rate,30,0.0,0.0,0.0,0.0,0.0,0.0
ablation,ablation,full_depth2_branch2_risk-adjusted,opaque_dependency_l6,tabular_online,evaluation_unseen_zero_shot,opaque,error_rate,30,0.0,0.0,0.0,0.0,0.0,0.0
ablation,ablation,full_depth2_branch2_risk-adjusted,opaque_dependency_l6,tabular_online,training,opaque,success,30,0.33521666666666666,0.07133779325943883,0.30981666666666663,0.3604,0.217,0.493
ablation,ablation,full_depth2_branch2_risk-adjusted,opaque_dependency_l6,tabular_online,training,opaque,steps,30,6.0,0.0,6.0,6.0,6.0,6.0
ablation,ablation,full_depth2_branch2_risk-adjusted,opaque_dependency_l6,tabular_online,training,opaque,high_level_steps,30,6.0,0.0,6.0,6.0,6.0,6.0
ablation,ablation,full_depth2_branch2_risk-adjusted,opaque_dependency_l6,tabular_online,training,opaque,primitive_steps,30,6.0,0.0,6.0,6.0,6.0,6.0
ablation,ablation,full_depth2_branch2_risk-adjusted,opaque_dependency_l6,tabular_online,training,opaque,reward,30,0.33521666666666666,0.07133779325943883,0.31039999999999995,0.36019999999999996,0.217,0.493
ablation,ablation,full_depth2_branch2_risk-adjusted,opaque_dependency_l6,tabular_online,training,opaque,errors,30,0.0,0.0,0.0,0.0,0.0,0.0
ablation,ablation,full_depth2_branch2_risk-adjusted,opaque_dependency_l6,tabular_online,training,opaque,repeats,30,0.0,0.0,0.0,0.0,0.0,0.0
ablation,ablation,full_depth2_branch2_risk-adjusted,opaque_dependency_l6,tabular_online,training,opaque,prediction_score,30,0.9899944444444445,0.0005587742011924325,0.9897944444444444,0.9901861111111111,0.98875,0.9909166666666667
ablation,ablation,full_depth2_branch2_risk-adjusted,opaque_dependency_l6,tabular_online,training,opaque,holdout_score,30,0.12354595175287926,0.00021976011280834515,0.12346930748858072,0.1236206107654839,0.12305159026929598,0.1239719795736979
ablation,ablation,full_depth2_branch2_risk-adjusted,opaque_dependency_l6,tabular_online,training,opaque,holdout_gain,30,6.3778436010959445e-06,4.876738246617554e-06,4.689165202752158e-06,8.231636804553468e-06,0.0,1.7361111111111104e-05
ablation,ablation,full_depth2_branch2_risk-adjusted,opaque_dependency_l6,tabular_online,training,opaque,imagined_nodes,30,28.860316666666666,0.12596581934667073,28.816233333333333,28.904483333333335,28.6065,29.048
ablation,ablation,full_depth2_branch2_risk-adjusted,opaque_dependency_l6,tabular_online,training,opaque,imagination_depth,30,1.9334333333333333,0.005384737904378493,1.93155,1.9353333333333333,1.9195,1.9455
ablation,ablation,full_depth2_branch2_risk-adjusted,opaque_dependency_l6,tabular_online,training,opaque,actual_return,30,0.33521666666666666,0.07133779325943883,0.3106333333333333,0.3607833333333333,0.217,0.493
ablation,ablation,full_depth2_branch2_risk-adjusted,opaque_dependency_l6,tabular_online,training,opaque,runtime_seconds,30,0.002444152401654477,0.00013771098640292278,0.0023993420334304876,0.002496886440141922,0.0021556756500212943,0.0029937543000414734
ablation,ablation,full_depth2_branch2_risk-adjusted,opaque_dependency_l6,tabular_online,training,opaque,real_transitions,30,6.0,0.0,6.0,6.0,6.0,6.0
ablation,ablation,full_depth2_branch2_risk-adjusted,opaque_dependency_l6,tabular_online,training,opaque,imagined_transitions,30,28.860316666666666,0.12596581934667073,28.816266666666667,28.906316666666665,28.6065,29.048
ablation,ablation,full_depth2_branch2_risk-adjusted,opaque_dependency_l6,tabular_online,training,opaque,action_proposals,30,6.0,0.0,6.0,6.0,6.0,6.0
ablation,ablation,full_depth2_branch2_risk-adjusted,opaque_dependency_l6,tabular_online,training,opaque,repeat_rate,30,0.0,0.0,0.0,0.0,0.0,0.0
ablation,ablation,full_depth2_branch2_risk-adjusted,opaque_dependency_l6,tabular_online,training,opaque,error_rate,30,0.0,0.0,0.0,0.0,0.0,0.0
ablation,ablation,full_depth2_branch2_risk-adjusted,opaque_dependency_l6,tabular_online,training,opaque,learning_auc,30,0.33526763381690844,0.07129862756311883,0.3111639152909788,0.36087210271802567,0.21710855427713857,0.4932466233116558
ablation,ablation,full_depth2_branch2_risk-adjusted,opaque_dependency_l6,tabular_online,training,opaque,final_tail_success,30,0.4995,0.10892381076570971,0.46166666666666667,0.538,0.31,0.705
ablation,ablation,full_depth2_branch2_risk-adjusted,opaque_dependency_l6,tabular_online,training,opaque,first_success_real_transitions,30,282.2,212.5148919731152,207.8,356.2,6.0,678.0
ablation,ablation,full_depth2_branch4_max,opaque_dependency_l6,tabular_online,evaluation_seen,opaque,success,30,0.0,0.0,0.0,0.0,0.0,0.0
ablation,ablation,full_depth2_branch4_max,opaque_dependency_l6,tabular_online,evaluation_seen,opaque,steps,30,6.0,0.0,6.0,6.0,6.0,6.0
ablation,ablation,full_depth2_branch4_max,opaque_dependency_l6,tabular_online,evaluation_seen,opaque,high_level_steps,30,6.0,0.0,6.0,6.0,6.0,6.0
ablation,ablation,full_depth2_branch4_max,opaque_dependency_l6,tabular_online,evaluation_seen,opaque,primitive_steps,30,6.0,0.0,6.0,6.0,6.0,6.0
ablation,ablation,full_depth2_branch4_max,opaque_dependency_l6,tabular_online,evaluation_seen,opaque,reward,30,0.0,0.0,0.0,0.0,0.0,0.0
ablation,ablation,full_depth2_branch4_max,opaque_dependency_l6,tabular_online,evaluation_seen,opaque,errors,30,0.0,0.0,0.0,0.0,0.0,0.0
ablation,ablation,full_depth2_branch4_max,opaque_dependency_l6,tabular_online,evaluation_seen,opaque,repeats,30,0.0,0.0,0.0,0.0,0.0,0.0
ablation,ablation,full_depth2_branch4_max,opaque_dependency_l6,tabular_online,evaluation_seen,opaque,prediction_score,30,0.0,0.0,0.0,0.0,0.0,0.0
ablation,ablation,full_depth2_branch4_max,opaque_dependency_l6,tabular_online,evaluation_seen,opaque,holdout_score,30,1.0,0.0,1.0,1.0,1.0,1.0
ablation,ablation,full_depth2_branch4_max,opaque_dependency_l6,tabular_online,evaluation_seen,opaque,imagined_nodes,30,0.0,0.0,0.0,0.0,0.0,0.0
ablation,ablation,full_depth2_branch4_max,opaque_dependency_l6,tabular_online,evaluation_seen,opaque,imagination_depth,30,0.0,0.0,0.0,0.0,0.0,0.0
ablation,ablation,full_depth2_branch4_max,opaque_dependency_l6,tabular_online,evaluation_seen,opaque,actual_return,30,0.0,0.0,0.0,0.0,0.0,0.0
ablation,ablation,full_depth2_branch4_max,opaque_dependency_l6,tabular_online,evaluation_seen,opaque,runtime_seconds,30,0.0034705208832456263,0.0004316386395760282,0.003322125466618066,0.003620737766463814,0.0028243679991282987,0.004258268998673884
ablation,ablation,full_depth2_branch4_max,opaque_dependency_l6,tabular_online,evaluation_seen,opaque,real_transitions,30,6.0,0.0,6.0,6.0,6.0,6.0
ablation,ablation,full_depth2_branch4_max,opaque_dependency_l6,tabular_online,evaluation_seen,opaque,imagined_transitions,30,0.0,0.0,0.0,0.0,0.0,0.0
ablation,ablation,full_depth2_branch4_max,opaque_dependency_l6,tabular_online,evaluation_seen,opaque,action_proposals,30,6.0,0.0,6.0,6.0,6.0,6.0
ablation,ablation,full_depth2_branch4_max,opaque_dependency_l6,tabular_online,evaluation_seen,opaque,repeat_rate,30,0.0,0.0,0.0,0.0,0.0,0.0
ablation,ablation,full_depth2_branch4_max,opaque_dependency_l6,tabular_online,evaluation_seen,opaque,error_rate,30,0.0,0.0,0.0,0.0,0.0,0.0
ablation,ablation,full_depth2_branch4_max,opaque_dependency_l6,tabular_online,evaluation_unseen_zero_shot,opaque,success,30,0.0,0.0,0.0,0.0,0.0,0.0
ablation,ablation,full_depth2_branch4_max,opaque_dependency_l6,tabular_online,evaluation_unseen_zero_shot,opaque,steps,30,6.0,0.0,6.0,6.0,6.0,6.0
ablation,ablation,full_depth2_branch4_max,opaque_dependency_l6,tabular_online,evaluation_unseen_zero_shot,opaque,high_level_steps,30,6.0,0.0,6.0,6.0,6.0,6.0
ablation,ablation,full_depth2_branch4_max,opaque_dependency_l6,tabular_online,evaluation_unseen_zero_shot,opaque,primitive_steps,30,6.0,0.0,6.0,6.0,6.0,6.0
ablation,ablation,full_depth2_branch4_max,opaque_dependency_l6,tabular_online,evaluation_unseen_zero_shot,opaque,reward,30,0.0,0.0,0.0,0.0,0.0,0.0
ablation,ablation,full_depth2_branch4_max,opaque_dependency_l6,tabular_online,evaluation_unseen_zero_shot,opaque,errors,30,0.0,0.0,0.0,0.0,0.0,0.0
ablation,ablation,full_depth2_branch4_max,opaque_dependency_l6,tabular_online,evaluation_unseen_zero_shot,opaque,repeats,30,0.0,0.0,0.0,0.0,0.0,0.0
ablation,ablation,full_depth2_branch4_max,opaque_dependency_l6,tabular_online,evaluation_unseen_zero_shot,opaque,prediction_score,30,0.0,0.0,0.0,0.0,0.0,0.0
ablation,ablation,full_depth2_branch4_max,opaque_dependency_l6,tabular_online,evaluation_unseen_zero_shot,opaque,holdout_score,30,1.0,0.0,1.0,1.0,1.0,1.0
ablation,ablation,full_depth2_branch4_max,opaque_dependency_l6,tabular_online,evaluation_unseen_zero_shot,opaque,imagined_nodes,30,0.0,0.0,0.0,0.0,0.0,0.0
ablation,ablation,full_depth2_branch4_max,opaque_dependency_l6,tabular_online,evaluation_unseen_zero_shot,opaque,imagination_depth,30,0.0,0.0,0.0,0.0,0.0,0.0
ablation,ablation,full_depth2_branch4_max,opaque_dependency_l6,tabular_online,evaluation_unseen_zero_shot,opaque,actual_return,30,0.0,0.0,0.0,0.0,0.0,0.0
ablation,ablation,full_depth2_branch4_max,opaque_dependency_l6,tabular_online,evaluation_unseen_zero_shot,opaque,runtime_seconds,30,0.003590560033262591,0.0004996456255715743,0.0034275145498346925,0.003768898399823229,0.0028295654998510143,0.005071195999480551
ablation,ablation,full_depth2_branch4_max,opaque_dependency_l6,tabular_online,evaluation_unseen_zero_shot,opaque,real_transitions,30,6.0,0.0,6.0,6.0,6.0,6.0
ablation,ablation,full_depth2_branch4_max,opaque_dependency_l6,tabular_online,evaluation_unseen_zero_shot,opaque,imagined_transitions,30,0.0,0.0,0.0,0.0,0.0,0.0
ablation,ablation,full_depth2_branch4_max,opaque_dependency_l6,tabular_online,evaluation_unseen_zero_shot,opaque,action_proposals,30,6.0,0.0,6.0,6.0,6.0,6.0
ablation,ablation,full_depth2_branch4_max,opaque_dependency_l6,tabular_online,evaluation_unseen_zero_shot,opaque,repeat_rate,30,0.0,0.0,0.0,0.0,0.0,0.0
ablation,ablation,full_depth2_branch4_max,opaque_dependency_l6,tabular_online,evaluation_unseen_zero_shot,opaque,error_rate,30,0.0,0.0,0.0,0.0,0.0,0.0
ablation,ablation,full_depth2_branch4_max,opaque_dependency_l6,tabular_online,training,opaque,success,30,0.33521666666666666,0.07133779325943883,0.3107666666666667,0.3605833333333333,0.217,0.493
ablation,ablation,full_depth2_branch4_max,opaque_dependency_l6,tabular_online,training,opaque,steps,30,6.0,0.0,6.0,6.0,6.0,6.0
ablation,ablation,full_depth2_branch4_max,opaque_dependency_l6,tabular_online,training,opaque,high_level_steps,30,6.0,0.0,6.0,6.0,6.0,6.0
ablation,ablation,full_depth2_branch4_max,opaque_dependency_l6,tabular_online,training,opaque,primitive_steps,30,6.0,0.0,6.0,6.0,6.0,6.0
ablation,ablation,full_depth2_branch4_max,opaque_dependency_l6,tabular_online,training,opaque,reward,30,0.33521666666666666,0.07133779325943883,0.3097333333333333,0.3605833333333333,0.217,0.493
ablation,ablation,full_depth2_branch4_max,opaque_dependency_l6,tabular_online,training,opaque,errors,30,0.0,0.0,0.0,0.0,0.0,0.0
ablation,ablation,full_depth2_branch4_max,opaque_dependency_l6,tabular_online,training,opaque,repeats,30,0.0,0.0,0.0,0.0,0.0,0.0
ablation,ablation,full_depth2_branch4_max,opaque_dependency_l6,tabular_online,training,opaque,prediction_score,30,0.9899944444444445,0.0005587742011924325,0.9897944444444444,0.9901888888888889,0.98875,0.9909166666666667
ablation,ablation,full_depth2_branch4_max,opaque_dependency_l6,tabular_online,training,opaque,holdout_score,30,0.12354595175287926,0.00021976011280834515,0.12346497735725125,0.12362254725598748,0.12305159026929598,0.1239719795736979
ablation,ablation,full_depth2_branch4_max,opaque_dependency_l6,tabular_online,training,opaque,holdout_gain,30,6.3778436010959445e-06,4.876738246617554e-06,4.715382973961404e-06,8.136057642824478e-06,0.0,1.7361111111111104e-05
ablation,ablation,full_depth2_branch4_max,opaque_dependency_l6,tabular_online,training,opaque,imagined_nodes,30,28.860316666666666,0.12596581934667073,28.816166666666668,28.90485,28.6065,29.048
ablation,ablation,full_depth2_branch4_max,opaque_dependency_l6,tabular_online,training,opaque,imagination_depth,30,1.9334333333333333,0.005384737904378493,1.9315333333333333,1.9353166666666666,1.9195,1.9455
ablation,ablation,full_depth2_branch4_max,opaque_dependency_l6,tabular_online,training,opaque,actual_return,30,0.33521666666666666,0.07133779325943883,0.31018333333333337,0.36029999999999995,0.217,0.493
ablation,ablation,full_depth2_branch4_max,opaque_dependency_l6,tabular_online,training,opaque,runtime_seconds,30,0.0021986411199065815,0.0001267895570669824,0.002156502069950996,0.002245943661635101,0.001956277049626806,0.002634549050068017
ablation,ablation,full_depth2_branch4_max,opaque_dependency_l6,tabular_online,training,opaque,real_transitions,30,6.0,0.0,6.0,6.0,6.0,6.0
ablation,ablation,full_depth2_branch4_max,opaque_dependency_l6,tabular_online,training,opaque,imagined_transitions,30,28.860316666666666,0.12596581934667073,28.816716666666665,28.904433333333333,28.6065,29.048
ablation,ablation,full_depth2_branch4_max,opaque_dependency_l6,tabular_online,training,opaque,action_proposals,30,6.0,0.0,6.0,6.0,6.0,6.0
ablation,ablation,full_depth2_branch4_max,opaque_dependency_l6,tabular_online,training,opaque,repeat_rate,30,0.0,0.0,0.0,0.0,0.0,0.0
ablation,ablation,full_depth2_branch4_max,opaque_dependency_l6,tabular_online,training,opaque,error_rate,30,0.0,0.0,0.0,0.0,0.0,0.0
ablation,ablation,full_depth2_branch4_max,opaque_dependency_l6,tabular_online,training,opaque,learning_auc,30,0.33526763381690844,0.07129862756311883,0.3096715024178756,0.3615891278972819,0.21710855427713857,0.4932466233116558
ablation,ablation,full_depth2_branch4_max,opaque_dependency_l6,tabular_online,training,opaque,final_tail_success,30,0.4995,0.10892381076570971,0.4615,0.538,0.31,0.705
ablation,ablation,full_depth2_branch4_max,opaque_dependency_l6,tabular_online,training,opaque,first_success_real_transitions,30,282.2,212.5148919731152,207.8,357.6,6.0,678.0
ablation,ablation,full_depth2_branch4_mean,opaque_dependency_l6,tabular_online,evaluation_seen,opaque,success,30,0.0,0.0,0.0,0.0,0.0,0.0
ablation,ablation,full_depth2_branch4_mean,opaque_dependency_l6,tabular_online,evaluation_seen,opaque,steps,30,6.0,0.0,6.0,6.0,6.0,6.0
ablation,ablation,full_depth2_branch4_mean,opaque_dependency_l6,tabular_online,evaluation_seen,opaque,high_level_steps,30,6.0,0.0,6.0,6.0,6.0,6.0
ablation,ablation,full_depth2_branch4_mean,opaque_dependency_l6,tabular_online,evaluation_seen,opaque,primitive_steps,30,6.0,0.0,6.0,6.0,6.0,6.0
ablation,ablation,full_depth2_branch4_mean,opaque_dependency_l6,tabular_online,evaluation_seen,opaque,reward,30,0.0,0.0,0.0,0.0,0.0,0.0
ablation,ablation,full_depth2_branch4_mean,opaque_dependency_l6,tabular_online,evaluation_seen,opaque,errors,30,0.0,0.0,0.0,0.0,0.0,0.0
ablation,ablation,full_depth2_branch4_mean,opaque_dependency_l6,tabular_online,evaluation_seen,opaque,repeats,30,0.0,0.0,0.0,0.0,0.0,0.0
ablation,ablation,full_depth2_branch4_mean,opaque_dependency_l6,tabular_online,evaluation_seen,opaque,prediction_score,30,0.0,0.0,0.0,0.0,0.0,0.0
ablation,ablation,full_depth2_branch4_mean,opaque_dependency_l6,tabular_online,evaluation_seen,opaque,holdout_score,30,1.0,0.0,1.0,1.0,1.0,1.0
ablation,ablation,full_depth2_branch4_mean,opaque_dependency_l6,tabular_online,evaluation_seen,opaque,imagined_nodes,30,0.0,0.0,0.0,0.0,0.0,0.0
ablation,ablation,full_depth2_branch4_mean,opaque_dependency_l6,tabular_online,evaluation_seen,opaque,imagination_depth,30,0.0,0.0,0.0,0.0,0.0,0.0
ablation,ablation,full_depth2_branch4_mean,opaque_dependency_l6,tabular_online,evaluation_seen,opaque,actual_return,30,0.0,0.0,0.0,0.0,0.0,0.0
ablation,ablation,full_depth2_branch4_mean,opaque_dependency_l6,tabular_online,evaluation_seen,opaque,runtime_seconds,30,0.003446657716636158,0.00040414635145277696,0.00330366751679685,0.0035936072166174804,0.0028056975001527463,0.004458244000852573
ablation,ablation,full_depth2_branch4_mean,opaque_dependency_l6,tabular_online,evaluation_seen,opaque,real_transitions,30,6.0,0.0,6.0,6.0,6.0,6.0
ablation,ablation,full_depth2_branch4_mean,opaque_dependency_l6,tabular_online,evaluation_seen,opaque,imagined_transitions,30,0.0,0.0,0.0,0.0,0.0,0.0
ablation,ablation,full_depth2_branch4_mean,opaque_dependency_l6,tabular_online,evaluation_seen,opaque,action_proposals,30,6.0,0.0,6.0,6.0,6.0,6.0
ablation,ablation,full_depth2_branch4_mean,opaque_dependency_l6,tabular_online,evaluation_seen,opaque,repeat_rate,30,0.0,0.0,0.0,0.0,0.0,0.0
ablation,ablation,full_depth2_branch4_mean,opaque_dependency_l6,tabular_online,evaluation_seen,opaque,error_rate,30,0.0,0.0,0.0,0.0,0.0,0.0
ablation,ablation,full_depth2_branch4_mean,opaque_dependency_l6,tabular_online,evaluation_unseen_zero_shot,opaque,success,30,0.0,0.0,0.0,0.0,0.0,0.0
ablation,ablation,full_depth2_branch4_mean,opaque_dependency_l6,tabular_online,evaluation_unseen_zero_shot,opaque,steps,30,6.0,0.0,6.0,6.0,6.0,6.0
ablation,ablation,full_depth2_branch4_mean,opaque_dependency_l6,tabular_online,evaluation_unseen_zero_shot,opaque,high_level_steps,30,6.0,0.0,6.0,6.0,6.0,6.0
ablation,ablation,full_depth2_branch4_mean,opaque_dependency_l6,tabular_online,evaluation_unseen_zero_shot,opaque,primitive_steps,30,6.0,0.0,6.0,6.0,6.0,6.0
ablation,ablation,full_depth2_branch4_mean,opaque_dependency_l6,tabular_online,evaluation_unseen_zero_shot,opaque,reward,30,0.0,0.0,0.0,0.0,0.0,0.0
ablation,ablation,full_depth2_branch4_mean,opaque_dependency_l6,tabular_online,evaluation_unseen_zero_shot,opaque,errors,30,0.0,0.0,0.0,0.0,0.0,0.0
ablation,ablation,full_depth2_branch4_mean,opaque_dependency_l6,tabular_online,evaluation_unseen_zero_shot,opaque,repeats,30,0.0,0.0,0.0,0.0,0.0,0.0
ablation,ablation,full_depth2_branch4_mean,opaque_dependency_l6,tabular_online,evaluation_unseen_zero_shot,opaque,prediction_score,30,0.0,0.0,0.0,0.0,0.0,0.0
ablation,ablation,full_depth2_branch4_mean,opaque_dependency_l6,tabular_online,evaluation_unseen_zero_shot,opaque,holdout_score,30,1.0,0.0,1.0,1.0,1.0,1.0
ablation,ablation,full_depth2_branch4_mean,opaque_dependency_l6,tabular_online,evaluation_unseen_zero_shot,opaque,imagined_nodes,30,0.0,0.0,0.0,0.0,0.0,0.0
ablation,ablation,full_depth2_branch4_mean,opaque_dependency_l6,tabular_online,evaluation_unseen_zero_shot,opaque,imagination_depth,30,0.0,0.0,0.0,0.0,0.0,0.0
ablation,ablation,full_depth2_branch4_mean,opaque_dependency_l6,tabular_online,evaluation_unseen_zero_shot,opaque,actual_return,30,0.0,0.0,0.0,0.0,0.0,0.0
ablation,ablation,full_depth2_branch4_mean,opaque_dependency_l6,tabular_online,evaluation_unseen_zero_shot,opaque,runtime_seconds,30,0.0036719878832712615,0.0005672799363531673,0.00348292779980208,0.0038764574000088032,0.0028474989997630475,0.005525975498749176
ablation,ablation,full_depth2_branch4_mean,opaque_dependency_l6,tabular_online,evaluation_unseen_zero_shot,opaque,real_transitions,30,6.0,0.0,6.0,6.0,6.0,6.0
ablation,ablation,full_depth2_branch4_mean,opaque_dependency_l6,tabular_online,evaluation_unseen_zero_shot,opaque,imagined_transitions,30,0.0,0.0,0.0,0.0,0.0,0.0
ablation,ablation,full_depth2_branch4_mean,opaque_dependency_l6,tabular_online,evaluation_unseen_zero_shot,opaque,action_proposals,30,6.0,0.0,6.0,6.0,6.0,6.0
ablation,ablation,full_depth2_branch4_mean,opaque_dependency_l6,tabular_online,evaluation_unseen_zero_shot,opaque,repeat_rate,30,0.0,0.0,0.0,0.0,0.0,0.0
ablation,ablation,full_depth2_branch4_mean,opaque_dependency_l6,tabular_online,evaluation_unseen_zero_shot,opaque,error_rate,30,0.0,0.0,0.0,0.0,0.0,0.0
ablation,ablation,full_depth2_branch4_mean,opaque_dependency_l6,tabular_online,training,opaque,success,30,0.33521666666666666,0.07133779325943883,0.31074999999999997,0.36055,0.217,0.493
ablation,ablation,full_depth2_branch4_mean,opaque_dependency_l6,tabular_online,training,opaque,steps,30,6.0,0.0,6.0,6.0,6.0,6.0
ablation,ablation,full_depth2_branch4_mean,opaque_dependency_l6,tabular_online,training,opaque,high_level_steps,30,6.0,0.0,6.0,6.0,6.0,6.0
ablation,ablation,full_depth2_branch4_mean,opaque_dependency_l6,tabular_online,training,opaque,primitive_steps,30,6.0,0.0,6.0,6.0,6.0,6.0
ablation,ablation,full_depth2_branch4_mean,opaque_dependency_l6,tabular_online,training,opaque,reward,30,0.33521666666666666,0.07133779325943883,0.3107333333333333,0.36075,0.217,0.493
ablation,ablation,full_depth2_branch4_mean,opaque_dependency_l6,tabular_online,training,opaque,errors,30,0.0,0.0,0.0,0.0,0.0,0.0
ablation,ablation,full_depth2_branch4_mean,opaque_dependency_l6,tabular_online,training,opaque,repeats,30,0.0,0.0,0.0,0.0,0.0,0.0
ablation,ablation,full_depth2_branch4_mean,opaque_dependency_l6,tabular_online,training,opaque,prediction_score,30,0.9899944444444445,0.0005587742011924325,0.9897916666666667,0.9901888888888889,0.98875,0.9909166666666667
ablation,ablation,full_depth2_branch4_mean,opaque_dependency_l6,tabular_online,training,opaque,holdout_score,30,0.12354595175287926,0.00021976011280834515,0.12346896393925873,0.12362045157058275,0.12305159026929598,0.1239719795736979
ablation,ablation,full_depth2_branch4_mean,opaque_dependency_l6,tabular_online,training,opaque,holdout_gain,30,6.3778436010959445e-06,4.876738246617554e-06,4.698590933591999e-06,8.224211347799368e-06,0.0,1.7361111111111104e-05
ablation,ablation,full_depth2_branch4_mean,opaque_dependency_l6,tabular_online,training,opaque,imagined_nodes,30,28.860316666666666,0.12596581934667073,28.81475,28.903833333333335,28.6065,29.048
ablation,ablation,full_depth2_branch4_mean,opaque_dependency_l6,tabular_online,training,opaque,imagination_depth,30,1.9334333333333333,0.005384737904378493,1.93155,1.9353,1.9195,1.9455
ablation,ablation,full_depth2_branch4_mean,opaque_dependency_l6,tabular_online,training,opaque,actual_return,30,0.33521666666666666,0.07133779325943883,0.31024999999999997,0.36045,0.217,0.493
ablation,ablation,full_depth2_branch4_mean,opaque_dependency_l6,tabular_online,training,opaque,runtime_seconds,30,0.002215273006692102,0.0001181074392550689,0.0021770684816869714,0.0022585694733522057,0.002042552650600555,0.002618519550000201
ablation,ablation,full_depth2_branch4_mean,opaque_dependency_l6,tabular_online,training,opaque,real_transitions,30,6.0,0.0,6.0,6.0,6.0,6.0
ablation,ablation,full_depth2_branch4_mean,opaque_dependency_l6,tabular_online,training,opaque,imagined_transitions,30,28.860316666666666,0.12596581934667073,28.81525,28.903383333333334,28.6065,29.048
ablation,ablation,full_depth2_branch4_mean,opaque_dependency_l6,tabular_online,training,opaque,action_proposals,30,6.0,0.0,6.0,6.0,6.0,6.0
ablation,ablation,full_depth2_branch4_mean,opaque_dependency_l6,tabular_online,training,opaque,repeat_rate,30,0.0,0.0,0.0,0.0,0.0,0.0
ablation,ablation,full_depth2_branch4_mean,opaque_dependency_l6,tabular_online,training,opaque,error_rate,30,0.0,0.0,0.0,0.0,0.0,0.0
ablation,ablation,full_depth2_branch4_mean,opaque_dependency_l6,tabular_online,training,opaque,learning_auc,30,0.33526763381690844,0.07129862756311883,0.3103635150908788,0.36068867767216944,0.21710855427713857,0.4932466233116558
ablation,ablation,full_depth2_branch4_mean,opaque_dependency_l6,tabular_online,training,opaque,final_tail_success,30,0.4995,0.10892381076570971,0.4625,0.5391666666666667,0.31,0.705
ablation,ablation,full_depth2_branch4_mean,opaque_dependency_l6,tabular_online,training,opaque,first_success_real_transitions,30,282.2,212.5148919731152,208.6,356.6,6.0,678.0
ablation,ablation,full_depth2_branch4_risk-adjusted,opaque_dependency_l6,tabular_online,evaluation_seen,opaque,success,30,0.0,0.0,0.0,0.0,0.0,0.0
ablation,ablation,full_depth2_branch4_risk-adjusted,opaque_dependency_l6,tabular_online,evaluation_seen,opaque,steps,30,6.0,0.0,6.0,6.0,6.0,6.0
ablation,ablation,full_depth2_branch4_risk-adjusted,opaque_dependency_l6,tabular_online,evaluation_seen,opaque,high_level_steps,30,6.0,0.0,6.0,6.0,6.0,6.0
ablation,ablation,full_depth2_branch4_risk-adjusted,opaque_dependency_l6,tabular_online,evaluation_seen,opaque,primitive_steps,30,6.0,0.0,6.0,6.0,6.0,6.0
ablation,ablation,full_depth2_branch4_risk-adjusted,opaque_dependency_l6,tabular_online,evaluation_seen,opaque,reward,30,0.0,0.0,0.0,0.0,0.0,0.0
ablation,ablation,full_depth2_branch4_risk-adjusted,opaque_dependency_l6,tabular_online,evaluation_seen,opaque,errors,30,0.0,0.0,0.0,0.0,0.0,0.0
ablation,ablation,full_depth2_branch4_risk-adjusted,opaque_dependency_l6,tabular_online,evaluation_seen,opaque,repeats,30,0.0,0.0,0.0,0.0,0.0,0.0
ablation,ablation,full_depth2_branch4_risk-adjusted,opaque_dependency_l6,tabular_online,evaluation_seen,opaque,prediction_score,30,0.0,0.0,0.0,0.0,0.0,0.0
ablation,ablation,full_depth2_branch4_risk-adjusted,opaque_dependency_l6,tabular_online,evaluation_seen,opaque,holdout_score,30,1.0,0.0,1.0,1.0,1.0,1.0
ablation,ablation,full_depth2_branch4_risk-adjusted,opaque_dependency_l6,tabular_online,evaluation_seen,opaque,imagined_nodes,30,0.0,0.0,0.0,0.0,0.0,0.0
ablation,ablation,full_depth2_branch4_risk-adjusted,opaque_dependency_l6,tabular_online,evaluation_seen,opaque,imagination_depth,30,0.0,0.0,0.0,0.0,0.0,0.0
ablation,ablation,full_depth2_branch4_risk-adjusted,opaque_dependency_l6,tabular_online,evaluation_seen,opaque,actual_return,30,0.0,0.0,0.0,0.0,0.0,0.0
ablation,ablation,full_depth2_branch4_risk-adjusted,opaque_dependency_l6,tabular_online,evaluation_seen,opaque,runtime_seconds,30,0.00356685833336572,0.00048223407558793365,0.0034017447999309903,0.0037379007668059783,0.002797003499872517,0.004876870000152848
ablation,ablation,full_depth2_branch4_risk-adjusted,opaque_dependency_l6,tabular_online,evaluation_seen,opaque,real_transitions,30,6.0,0.0,6.0,6.0,6.0,6.0
ablation,ablation,full_depth2_branch4_risk-adjusted,opaque_dependency_l6,tabular_online,evaluation_seen,opaque,imagined_transitions,30,0.0,0.0,0.0,0.0,0.0,0.0
ablation,ablation,full_depth2_branch4_risk-adjusted,opaque_dependency_l6,tabular_online,evaluation_seen,opaque,action_proposals,30,6.0,0.0,6.0,6.0,6.0,6.0
ablation,ablation,full_depth2_branch4_risk-adjusted,opaque_dependency_l6,tabular_online,evaluation_seen,opaque,repeat_rate,30,0.0,0.0,0.0,0.0,0.0,0.0
ablation,ablation,full_depth2_branch4_risk-adjusted,opaque_dependency_l6,tabular_online,evaluation_seen,opaque,error_rate,30,0.0,0.0,0.0,0.0,0.0,0.0
ablation,ablation,full_depth2_branch4_risk-adjusted,opaque_dependency_l6,tabular_online,evaluation_unseen_zero_shot,opaque,success,30,0.0,0.0,0.0,0.0,0.0,0.0
ablation,ablation,full_depth2_branch4_risk-adjusted,opaque_dependency_l6,tabular_online,evaluation_unseen_zero_shot,opaque,steps,30,6.0,0.0,6.0,6.0,6.0,6.0
ablation,ablation,full_depth2_branch4_risk-adjusted,opaque_dependency_l6,tabular_online,evaluation_unseen_zero_shot,opaque,high_level_steps,30,6.0,0.0,6.0,6.0,6.0,6.0
ablation,ablation,full_depth2_branch4_risk-adjusted,opaque_dependency_l6,tabular_online,evaluation_unseen_zero_shot,opaque,primitive_steps,30,6.0,0.0,6.0,6.0,6.0,6.0
ablation,ablation,full_depth2_branch4_risk-adjusted,opaque_dependency_l6,tabular_online,evaluation_unseen_zero_shot,opaque,reward,30,0.0,0.0,0.0,0.0,0.0,0.0
ablation,ablation,full_depth2_branch4_risk-adjusted,opaque_dependency_l6,tabular_online,evaluation_unseen_zero_shot,opaque,errors,30,0.0,0.0,0.0,0.0,0.0,0.0
ablation,ablation,full_depth2_branch4_risk-adjusted,opaque_dependency_l6,tabular_online,evaluation_unseen_zero_shot,opaque,repeats,30,0.0,0.0,0.0,0.0,0.0,0.0
ablation,ablation,full_depth2_branch4_risk-adjusted,opaque_dependency_l6,tabular_online,evaluation_unseen_zero_shot,opaque,prediction_score,30,0.0,0.0,0.0,0.0,0.0,0.0
ablation,ablation,full_depth2_branch4_risk-adjusted,opaque_dependency_l6,tabular_online,evaluation_unseen_zero_shot,opaque,holdout_score,30,1.0,0.0,1.0,1.0,1.0,1.0
ablation,ablation,full_depth2_branch4_risk-adjusted,opaque_dependency_l6,tabular_online,evaluation_unseen_zero_shot,opaque,imagined_nodes,30,0.0,0.0,0.0,0.0,0.0,0.0
ablation,ablation,full_depth2_branch4_risk-adjusted,opaque_dependency_l6,tabular_online,evaluation_unseen_zero_shot,opaque,imagination_depth,30,0.0,0.0,0.0,0.0,0.0,0.0
ablation,ablation,full_depth2_branch4_risk-adjusted,opaque_dependency_l6,tabular_online,evaluation_unseen_zero_shot,opaque,actual_return,30,0.0,0.0,0.0,0.0,0.0,0.0
ablation,ablation,full_depth2_branch4_risk-adjusted,opaque_dependency_l6,tabular_online,evaluation_unseen_zero_shot,opaque,runtime_seconds,30,0.0035108849332415653,0.0004794460791264582,0.0033494969328700486,0.003687183533300413,0.0028190934982558246,0.005060736499581253
ablation,ablation,full_depth2_branch4_risk-adjusted,opaque_dependency_l6,tabular_online,evaluation_unseen_zero_shot,opaque,real_transitions,30,6.0,0.0,6.0,6.0,6.0,6.0
ablation,ablation,full_depth2_branch4_risk-adjusted,opaque_dependency_l6,tabular_online,evaluation_unseen_zero_shot,opaque,imagined_transitions,30,0.0,0.0,0.0,0.0,0.0,0.0
ablation,ablation,full_depth2_branch4_risk-adjusted,opaque_dependency_l6,tabular_online,evaluation_unseen_zero_shot,opaque,action_proposals,30,6.0,0.0,6.0,6.0,6.0,6.0
ablation,ablation,full_depth2_branch4_risk-adjusted,opaque_dependency_l6,tabular_online,evaluation_unseen_zero_shot,opaque,repeat_rate,30,0.0,0.0,0.0,0.0,0.0,0.0
ablation,ablation,full_depth2_branch4_risk-adjusted,opaque_dependency_l6,tabular_online,evaluation_unseen_zero_shot,opaque,error_rate,30,0.0,0.0,0.0,0.0,0.0,0.0
ablation,ablation,full_depth2_branch4_risk-adjusted,opaque_dependency_l6,tabular_online,training,opaque,success,30,0.33521666666666666,0.07133779325943883,0.3107333333333333,0.3610833333333333,0.217,0.493
ablation,ablation,full_depth2_branch4_risk-adjusted,opaque_dependency_l6,tabular_online,training,opaque,steps,30,6.0,0.0,6.0,6.0,6.0,6.0
ablation,ablation,full_depth2_branch4_risk-adjusted,opaque_dependency_l6,tabular_online,training,opaque,high_level_steps,30,6.0,0.0,6.0,6.0,6.0,6.0
ablation,ablation,full_depth2_branch4_risk-adjusted,opaque_dependency_l6,tabular_online,training,opaque,primitive_steps,30,6.0,0.0,6.0,6.0,6.0,6.0
ablation,ablation,full_depth2_branch4_risk-adjusted,opaque_dependency_l6,tabular_online,training,opaque,reward,30,0.33521666666666666,0.07133779325943883,0.31115,0.36045,0.217,0.493
ablation,ablation,full_depth2_branch4_risk-adjusted,opaque_dependency_l6,tabular_online,training,opaque,errors,30,0.0,0.0,0.0,0.0,0.0,0.0
ablation,ablation,full_depth2_branch4_risk-adjusted,opaque_dependency_l6,tabular_online,training,opaque,repeats,30,0.0,0.0,0.0,0.0,0.0,0.0
ablation,ablation,full_depth2_branch4_risk-adjusted,opaque_dependency_l6,tabular_online,training,opaque,prediction_score,30,0.9899944444444445,0.0005587742011924325,0.9897972222222222,0.9901944444444444,0.98875,0.9909166666666667
ablation,ablation,full_depth2_branch4_risk-adjusted,opaque_dependency_l6,tabular_online,training,opaque,holdout_score,30,0.12354595175287926,0.00021976011280834515,0.1234663804074339,0.12362217277518253,0.12305159026929598,0.1239719795736979
ablation,ablation,full_depth2_branch4_risk-adjusted,opaque_dependency_l6,tabular_online,training,opaque,holdout_gain,30,6.3778436010959445e-06,4.876738246617554e-06,4.730661515081804e-06,8.143055241307585e-06,0.0,1.7361111111111104e-05
ablation,ablation,full_depth2_branch4_risk-adjusted,opaque_dependency_l6,tabular_online,training,opaque,imagined_nodes,30,28.860316666666666,0.12596581934667073,28.816466666666667,28.904116666666667,28.6065,29.048
ablation,ablation,full_depth2_branch4_risk-adjusted,opaque_dependency_l6,tabular_online,training,opaque,imagination_depth,30,1.9334333333333333,0.005384737904378493,1.9315666666666667,1.9353,1.9195,1.9455
ablation,ablation,full_depth2_branch4_risk-adjusted,opaque_dependency_l6,tabular_online,training,opaque,actual_return,30,0.33521666666666666,0.07133779325943883,0.31085,0.3601,0.217,0.493
ablation,ablation,full_depth2_branch4_risk-adjusted,opaque_dependency_l6,tabular_online,training,opaque,runtime_seconds,30,0.002428461288230028,0.00012582498479161947,0.0023848002965426228,0.0024730294198239185,0.0021883701998740433,0.002770973299877369
ablation,ablation,full_depth2_branch4_risk-adjusted,opaque_dependency_l6,tabular_online,training,opaque,real_transitions,30,6.0,0.0,6.0,6.0,6.0,6.0
ablation,ablation,full_depth2_branch4_risk-adjusted,opaque_dependency_l6,tabular_online,training,opaque,imagined_transitions,30,28.860316666666666,0.12596581934667073,28.816266666666667,28.903650000000003,28.6065,29.048
ablation,ablation,full_depth2_branch4_risk-adjusted,opaque_dependency_l6,tabular_online,training,opaque,action_proposals,30,6.0,0.0,6.0,6.0,6.0,6.0
ablation,ablation,full_depth2_branch4_risk-adjusted,opaque_dependency_l6,tabular_online,training,opaque,repeat_rate,30,0.0,0.0,0.0,0.0,0.0,0.0
ablation,ablation,full_depth2_branch4_risk-adjusted,opaque_dependency_l6,tabular_online,training,opaque,error_rate,30,0.0,0.0,0.0,0.0,0.0,0.0
ablation,ablation,full_depth2_branch4_risk-adjusted,opaque_dependency_l6,tabular_online,training,opaque,learning_auc,30,0.33526763381690844,0.07129862756311883,0.31078039019509757,0.36002167750541936,0.21710855427713857,0.4932466233116558
ablation,ablation,full_depth2_branch4_risk-adjusted,opaque_dependency_l6,tabular_online,training,opaque,final_tail_success,30,0.4995,0.10892381076570971,0.4615,0.537,0.31,0.705
ablation,ablation,full_depth2_branch4_risk-adjusted,opaque_dependency_l6,tabular_online,training,opaque,first_success_real_transitions,30,282.2,212.5148919731152,206.6,357.8,6.0,678.0
ablation,ablation,full_depth4_branch1_max,opaque_dependency_l6,tabular_online,evaluation_seen,opaque,success,30,0.0,0.0,0.0,0.0,0.0,0.0
ablation,ablation,full_depth4_branch1_max,opaque_dependency_l6,tabular_online,evaluation_seen,opaque,steps,30,6.0,0.0,6.0,6.0,6.0,6.0
ablation,ablation,full_depth4_branch1_max,opaque_dependency_l6,tabular_online,evaluation_seen,opaque,high_level_steps,30,6.0,0.0,6.0,6.0,6.0,6.0
ablation,ablation,full_depth4_branch1_max,opaque_dependency_l6,tabular_online,evaluation_seen,opaque,primitive_steps,30,6.0,0.0,6.0,6.0,6.0,6.0
ablation,ablation,full_depth4_branch1_max,opaque_dependency_l6,tabular_online,evaluation_seen,opaque,reward,30,0.0,0.0,0.0,0.0,0.0,0.0
ablation,ablation,full_depth4_branch1_max,opaque_dependency_l6,tabular_online,evaluation_seen,opaque,errors,30,0.0,0.0,0.0,0.0,0.0,0.0
ablation,ablation,full_depth4_branch1_max,opaque_dependency_l6,tabular_online,evaluation_seen,opaque,repeats,30,0.0,0.0,0.0,0.0,0.0,0.0
ablation,ablation,full_depth4_branch1_max,opaque_dependency_l6,tabular_online,evaluation_seen,opaque,prediction_score,30,0.0,0.0,0.0,0.0,0.0,0.0
ablation,ablation,full_depth4_branch1_max,opaque_dependency_l6,tabular_online,evaluation_seen,opaque,holdout_score,30,1.0,0.0,1.0,1.0,1.0,1.0
ablation,ablation,full_depth4_branch1_max,opaque_dependency_l6,tabular_online,evaluation_seen,opaque,imagined_nodes,30,0.0,0.0,0.0,0.0,0.0,0.0
ablation,ablation,full_depth4_branch1_max,opaque_dependency_l6,tabular_online,evaluation_seen,opaque,imagination_depth,30,0.0,0.0,0.0,0.0,0.0,0.0
ablation,ablation,full_depth4_branch1_max,opaque_dependency_l6,tabular_online,evaluation_seen,opaque,actual_return,30,0.0,0.0,0.0,0.0,0.0,0.0
ablation,ablation,full_depth4_branch1_max,opaque_dependency_l6,tabular_online,evaluation_seen,opaque,runtime_seconds,30,0.00357159518332143,0.0004917913575455158,0.00340612083315015,0.003744737799812962,0.0028115154994884507,0.005079019499535206
ablation,ablation,full_depth4_branch1_max,opaque_dependency_l6,tabular_online,evaluation_seen,opaque,real_transitions,30,6.0,0.0,6.0,6.0,6.0,6.0
ablation,ablation,full_depth4_branch1_max,opaque_dependency_l6,tabular_online,evaluation_seen,opaque,imagined_transitions,30,0.0,0.0,0.0,0.0,0.0,0.0
ablation,ablation,full_depth4_branch1_max,opaque_dependency_l6,tabular_online,evaluation_seen,opaque,action_proposals,30,6.0,0.0,6.0,6.0,6.0,6.0
ablation,ablation,full_depth4_branch1_max,opaque_dependency_l6,tabular_online,evaluation_seen,opaque,repeat_rate,30,0.0,0.0,0.0,0.0,0.0,0.0
ablation,ablation,full_depth4_branch1_max,opaque_dependency_l6,tabular_online,evaluation_seen,opaque,error_rate,30,0.0,0.0,0.0,0.0,0.0,0.0
ablation,ablation,full_depth4_branch1_max,opaque_dependency_l6,tabular_online,evaluation_unseen_zero_shot,opaque,success,30,0.0,0.0,0.0,0.0,0.0,0.0
ablation,ablation,full_depth4_branch1_max,opaque_dependency_l6,tabular_online,evaluation_unseen_zero_shot,opaque,steps,30,6.0,0.0,6.0,6.0,6.0,6.0
ablation,ablation,full_depth4_branch1_max,opaque_dependency_l6,tabular_online,evaluation_unseen_zero_shot,opaque,high_level_steps,30,6.0,0.0,6.0,6.0,6.0,6.0
ablation,ablation,full_depth4_branch1_max,opaque_dependency_l6,tabular_online,evaluation_unseen_zero_shot,opaque,primitive_steps,30,6.0,0.0,6.0,6.0,6.0,6.0
ablation,ablation,full_depth4_branch1_max,opaque_dependency_l6,tabular_online,evaluation_unseen_zero_shot,opaque,reward,30,0.0,0.0,0.0,0.0,0.0,0.0
ablation,ablation,full_depth4_branch1_max,opaque_dependency_l6,tabular_online,evaluation_unseen_zero_shot,opaque,errors,30,0.0,0.0,0.0,0.0,0.0,0.0
ablation,ablation,full_depth4_branch1_max,opaque_dependency_l6,tabular_online,evaluation_unseen_zero_shot,opaque,repeats,30,0.0,0.0,0.0,0.0,0.0,0.0
ablation,ablation,full_depth4_branch1_max,opaque_dependency_l6,tabular_online,evaluation_unseen_zero_shot,opaque,prediction_score,30,0.0,0.0,0.0,0.0,0.0,0.0
ablation,ablation,full_depth4_branch1_max,opaque_dependency_l6,tabular_online,evaluation_unseen_zero_shot,opaque,holdout_score,30,1.0,0.0,1.0,1.0,1.0,1.0
ablation,ablation,full_depth4_branch1_max,opaque_dependency_l6,tabular_online,evaluation_unseen_zero_shot,opaque,imagined_nodes,30,0.0,0.0,0.0,0.0,0.0,0.0
ablation,ablation,full_depth4_branch1_max,opaque_dependency_l6,tabular_online,evaluation_unseen_zero_shot,opaque,imagination_depth,30,0.0,0.0,0.0,0.0,0.0,0.0
ablation,ablation,full_depth4_branch1_max,opaque_dependency_l6,tabular_online,evaluation_unseen_zero_shot,opaque,actual_return,30,0.0,0.0,0.0,0.0,0.0,0.0
ablation,ablation,full_depth4_branch1_max,opaque_dependency_l6,tabular_online,evaluation_unseen_zero_shot,opaque,runtime_seconds,30,0.0035320136331623265,0.000550934515293124,0.0033463159168071193,0.003734018950044022,0.002775250999693526,0.005161250499804737
ablation,ablation,full_depth4_branch1_max,opaque_dependency_l6,tabular_online,evaluation_unseen_zero_shot,opaque,real_transitions,30,6.0,0.0,6.0,6.0,6.0,6.0
ablation,ablation,full_depth4_branch1_max,opaque_dependency_l6,tabular_online,evaluation_unseen_zero_shot,opaque,imagined_transitions,30,0.0,0.0,0.0,0.0,0.0,0.0
ablation,ablation,full_depth4_branch1_max,opaque_dependency_l6,tabular_online,evaluation_unseen_zero_shot,opaque,action_proposals,30,6.0,0.0,6.0,6.0,6.0,6.0
ablation,ablation,full_depth4_branch1_max,opaque_dependency_l6,tabular_online,evaluation_unseen_zero_shot,opaque,repeat_rate,30,0.0,0.0,0.0,0.0,0.0,0.0
ablation,ablation,full_depth4_branch1_max,opaque_dependency_l6,tabular_online,evaluation_unseen_zero_shot,opaque,error_rate,30,0.0,0.0,0.0,0.0,0.0,0.0
ablation,ablation,full_depth4_branch1_max,opaque_dependency_l6,tabular_online,training,opaque,success,30,0.33521666666666666,0.07133779325943883,0.31046666666666667,0.36014999999999997,0.217,0.493
ablation,ablation,full_depth4_branch1_max,opaque_dependency_l6,tabular_online,training,opaque,steps,30,6.0,0.0,6.0,6.0,6.0,6.0
ablation,ablation,full_depth4_branch1_max,opaque_dependency_l6,tabular_online,training,opaque,high_level_steps,30,6.0,0.0,6.0,6.0,6.0,6.0
ablation,ablation,full_depth4_branch1_max,opaque_dependency_l6,tabular_online,training,opaque,primitive_steps,30,6.0,0.0,6.0,6.0,6.0,6.0
ablation,ablation,full_depth4_branch1_max,opaque_dependency_l6,tabular_online,training,opaque,reward,30,0.33521666666666666,0.07133779325943883,0.31065,0.3606666666666667,0.217,0.493
ablation,ablation,full_depth4_branch1_max,opaque_dependency_l6,tabular_online,training,opaque,errors,30,0.0,0.0,0.0,0.0,0.0,0.0
ablation,ablation,full_depth4_branch1_max,opaque_dependency_l6,tabular_online,training,opaque,repeats,30,0.0,0.0,0.0,0.0,0.0,0.0
ablation,ablation,full_depth4_branch1_max,opaque_dependency_l6,tabular_online,training,opaque,prediction_score,30,0.9899944444444445,0.0005587742011924325,0.9897972222222222,0.9901944444444444,0.98875,0.9909166666666667
ablation,ablation,full_depth4_branch1_max,opaque_dependency_l6,tabular_online,training,opaque,holdout_score,30,0.12354595175287926,0.00021976011280834515,0.12346546040655884,0.12362036469884365,0.12305159026929598,0.1239719795736979
ablation,ablation,full_depth4_branch1_max,opaque_dependency_l6,tabular_online,training,opaque,holdout_gain,30,6.3778436010959445e-06,4.876738246617554e-06,4.733371359703414e-06,8.089047330388974e-06,0.0,1.7361111111111104e-05
ablation,ablation,full_depth4_branch1_max,opaque_dependency_l6,tabular_online,training,opaque,imagined_nodes,30,18.22605,0.08448141501394617,18.195983333333334,18.254833333333334,18.0585,18.3595
ablation,ablation,full_depth4_branch1_max,opaque_dependency_l6,tabular_online,training,opaque,imagination_depth,30,3.8053000000000003,0.012559238940263086,3.8007666666666666,3.8095833333333333,3.7715,3.827
ablation,ablation,full_depth4_branch1_max,opaque_dependency_l6,tabular_online,training,opaque,actual_return,30,0.33521666666666666,0.07133779325943883,0.31105,0.3604,0.217,0.493
ablation,ablation,full_depth4_branch1_max,opaque_dependency_l6,tabular_online,training,opaque,runtime_seconds,30,0.001955759269873185,0.00011712949894770888,0.0019148371082017548,0.0019955287881428378,0.001748795549836359,0.0021523699500539807
ablation,ablation,full_depth4_branch1_max,opaque_dependency_l6,tabular_online,training,opaque,real_transitions,30,6.0,0.0,6.0,6.0,6.0,6.0
ablation,ablation,full_depth4_branch1_max,opaque_dependency_l6,tabular_online,training,opaque,imagined_transitions,30,18.22605,0.08448141501394617,18.19561666666667,18.25575,18.0585,18.3595
ablation,ablation,full_depth4_branch1_max,opaque_dependency_l6,tabular_online,training,opaque,action_proposals,30,6.0,0.0,6.0,6.0,6.0,6.0
ablation,ablation,full_depth4_branch1_max,opaque_dependency_l6,tabular_online,training,opaque,repeat_rate,30,0.0,0.0,0.0,0.0,0.0,0.0
ablation,ablation,full_depth4_branch1_max,opaque_dependency_l6,tabular_online,training,opaque,error_rate,30,0.0,0.0,0.0,0.0,0.0,0.0
ablation,ablation,full_depth4_branch1_max,opaque_dependency_l6,tabular_online,training,opaque,learning_auc,30,0.33526763381690844,0.07129862756311883,0.31033850258462564,0.36044689011172254,0.21710855427713857,0.4932466233116558
ablation,ablation,full_depth4_branch1_max,opaque_dependency_l6,tabular_online,training,opaque,final_tail_success,30,0.4995,0.10892381076570971,0.461,0.5383333333333334,0.31,0.705
ablation,ablation,full_depth4_branch1_max,opaque_dependency_l6,tabular_online,training,opaque,first_success_real_transitions,30,282.2,212.5148919731152,209.4,358.6,6.0,678.0
ablation,ablation,full_depth4_branch1_mean,opaque_dependency_l6,tabular_online,evaluation_seen,opaque,success,30,0.0,0.0,0.0,0.0,0.0,0.0
ablation,ablation,full_depth4_branch1_mean,opaque_dependency_l6,tabular_online,evaluation_seen,opaque,steps,30,6.0,0.0,6.0,6.0,6.0,6.0
ablation,ablation,full_depth4_branch1_mean,opaque_dependency_l6,tabular_online,evaluation_seen,opaque,high_level_steps,30,6.0,0.0,6.0,6.0,6.0,6.0
ablation,ablation,full_depth4_branch1_mean,opaque_dependency_l6,tabular_online,evaluation_seen,opaque,primitive_steps,30,6.0,0.0,6.0,6.0,6.0,6.0
ablation,ablation,full_depth4_branch1_mean,opaque_dependency_l6,tabular_online,evaluation_seen,opaque,reward,30,0.0,0.0,0.0,0.0,0.0,0.0
ablation,ablation,full_depth4_branch1_mean,opaque_dependency_l6,tabular_online,evaluation_seen,opaque,errors,30,0.0,0.0,0.0,0.0,0.0,0.0
ablation,ablation,full_depth4_branch1_mean,opaque_dependency_l6,tabular_online,evaluation_seen,opaque,repeats,30,0.0,0.0,0.0,0.0,0.0,0.0
ablation,ablation,full_depth4_branch1_mean,opaque_dependency_l6,tabular_online,evaluation_seen,opaque,prediction_score,30,0.0,0.0,0.0,0.0,0.0,0.0
ablation,ablation,full_depth4_branch1_mean,opaque_dependency_l6,tabular_online,evaluation_seen,opaque,holdout_score,30,1.0,0.0,1.0,1.0,1.0,1.0
ablation,ablation,full_depth4_branch1_mean,opaque_dependency_l6,tabular_online,evaluation_seen,opaque,imagined_nodes,30,0.0,0.0,0.0,0.0,0.0,0.0
ablation,ablation,full_depth4_branch1_mean,opaque_dependency_l6,tabular_online,evaluation_seen,opaque,imagination_depth,30,0.0,0.0,0.0,0.0,0.0,0.0
ablation,ablation,full_depth4_branch1_mean,opaque_dependency_l6,tabular_online,evaluation_seen,opaque,actual_return,30,0.0,0.0,0.0,0.0,0.0,0.0
ablation,ablation,full_depth4_branch1_mean,opaque_dependency_l6,tabular_online,evaluation_seen,opaque,runtime_seconds,30,0.003499825183088736,0.0005093858440404638,0.0033268296330206796,0.0036826459997925365,0.002764922000351362,0.00468317650113022
ablation,ablation,full_depth4_branch1_mean,opaque_dependency_l6,tabular_online,evaluation_seen,opaque,real_transitions,30,6.0,0.0,6.0,6.0,6.0,6.0
ablation,ablation,full_depth4_branch1_mean,opaque_dependency_l6,tabular_online,evaluation_seen,opaque,imagined_transitions,30,0.0,0.0,0.0,0.0,0.0,0.0
ablation,ablation,full_depth4_branch1_mean,opaque_dependency_l6,tabular_online,evaluation_seen,opaque,action_proposals,30,6.0,0.0,6.0,6.0,6.0,6.0
ablation,ablation,full_depth4_branch1_mean,opaque_dependency_l6,tabular_online,evaluation_seen,opaque,repeat_rate,30,0.0,0.0,0.0,0.0,0.0,0.0
ablation,ablation,full_depth4_branch1_mean,opaque_dependency_l6,tabular_online,evaluation_seen,opaque,error_rate,30,0.0,0.0,0.0,0.0,0.0,0.0
ablation,ablation,full_depth4_branch1_mean,opaque_dependency_l6,tabular_online,evaluation_unseen_zero_shot,opaque,success,30,0.0,0.0,0.0,0.0,0.0,0.0
ablation,ablation,full_depth4_branch1_mean,opaque_dependency_l6,tabular_online,evaluation_unseen_zero_shot,opaque,steps,30,6.0,0.0,6.0,6.0,6.0,6.0
ablation,ablation,full_depth4_branch1_mean,opaque_dependency_l6,tabular_online,evaluation_unseen_zero_shot,opaque,high_level_steps,30,6.0,0.0,6.0,6.0,6.0,6.0
ablation,ablation,full_depth4_branch1_mean,opaque_dependency_l6,tabular_online,evaluation_unseen_zero_shot,opaque,primitive_steps,30,6.0,0.0,6.0,6.0,6.0,6.0
ablation,ablation,full_depth4_branch1_mean,opaque_dependency_l6,tabular_online,evaluation_unseen_zero_shot,opaque,reward,30,0.0,0.0,0.0,0.0,0.0,0.0
ablation,ablation,full_depth4_branch1_mean,opaque_dependency_l6,tabular_online,evaluation_unseen_zero_shot,opaque,errors,30,0.0,0.0,0.0,0.0,0.0,0.0
ablation,ablation,full_depth4_branch1_mean,opaque_dependency_l6,tabular_online,evaluation_unseen_zero_shot,opaque,repeats,30,0.0,0.0,0.0,0.0,0.0,0.0
ablation,ablation,full_depth4_branch1_mean,opaque_dependency_l6,tabular_online,evaluation_unseen_zero_shot,opaque,prediction_score,30,0.0,0.0,0.0,0.0,0.0,0.0
ablation,ablation,full_depth4_branch1_mean,opaque_dependency_l6,tabular_online,evaluation_unseen_zero_shot,opaque,holdout_score,30,1.0,0.0,1.0,1.0,1.0,1.0
ablation,ablation,full_depth4_branch1_mean,opaque_dependency_l6,tabular_online,evaluation_unseen_zero_shot,opaque,imagined_nodes,30,0.0,0.0,0.0,0.0,0.0,0.0
ablation,ablation,full_depth4_branch1_mean,opaque_dependency_l6,tabular_online,evaluation_unseen_zero_shot,opaque,imagination_depth,30,0.0,0.0,0.0,0.0,0.0,0.0
ablation,ablation,full_depth4_branch1_mean,opaque_dependency_l6,tabular_online,evaluation_unseen_zero_shot,opaque,actual_return,30,0.0,0.0,0.0,0.0,0.0,0.0
ablation,ablation,full_depth4_branch1_mean,opaque_dependency_l6,tabular_online,evaluation_unseen_zero_shot,opaque,runtime_seconds,30,0.0035575508002366404,0.0005108354840817714,0.0033789447835539856,0.003737612116819946,0.0028510745013772976,0.0049320945009822025
ablation,ablation,full_depth4_branch1_mean,opaque_dependency_l6,tabular_online,evaluation_unseen_zero_shot,opaque,real_transitions,30,6.0,0.0,6.0,6.0,6.0,6.0
ablation,ablation,full_depth4_branch1_mean,opaque_dependency_l6,tabular_online,evaluation_unseen_zero_shot,opaque,imagined_transitions,30,0.0,0.0,0.0,0.0,0.0,0.0
ablation,ablation,full_depth4_branch1_mean,opaque_dependency_l6,tabular_online,evaluation_unseen_zero_shot,opaque,action_proposals,30,6.0,0.0,6.0,6.0,6.0,6.0
ablation,ablation,full_depth4_branch1_mean,opaque_dependency_l6,tabular_online,evaluation_unseen_zero_shot,opaque,repeat_rate,30,0.0,0.0,0.0,0.0,0.0,0.0
ablation,ablation,full_depth4_branch1_mean,opaque_dependency_l6,tabular_online,evaluation_unseen_zero_shot,opaque,error_rate,30,0.0,0.0,0.0,0.0,0.0,0.0
ablation,ablation,full_depth4_branch1_mean,opaque_dependency_l6,tabular_online,training,opaque,success,30,0.33521666666666666,0.07133779325943883,0.30996666666666667,0.35925,0.217,0.493
ablation,ablation,full_depth4_branch1_mean,opaque_dependency_l6,tabular_online,training,opaque,steps,30,6.0,0.0,6.0,6.0,6.0,6.0
ablation,ablation,full_depth4_branch1_mean,opaque_dependency_l6,tabular_online,training,opaque,high_level_steps,30,6.0,0.0,6.0,6.0,6.0,6.0
ablation,ablation,full_depth4_branch1_mean,opaque_dependency_l6,tabular_online,training,opaque,primitive_steps,30,6.0,0.0,6.0,6.0,6.0,6.0
ablation,ablation,full_depth4_branch1_mean,opaque_dependency_l6,tabular_online,training,opaque,reward,30,0.33521666666666666,0.07133779325943883,0.3096833333333333,0.3607833333333333,0.217,0.493
ablation,ablation,full_depth4_branch1_mean,opaque_dependency_l6,tabular_online,training,opaque,errors,30,0.0,0.0,0.0,0.0,0.0,0.0
ablation,ablation,full_depth4_branch1_mean,opaque_dependency_l6,tabular_online,training,opaque,repeats,30,0.0,0.0,0.0,0.0,0.0,0.0
ablation,ablation,full_depth4_branch1_mean,opaque_dependency_l6,tabular_online,training,opaque,prediction_score,30,0.9899944444444445,0.0005587742011924325,0.9897944444444444,0.9901888888888889,0.98875,0.9909166666666667
ablation,ablation,full_depth4_branch1_mean,opaque_dependency_l6,tabular_online,training,opaque,holdout_score,30,0.12354595175287926,0.00021976011280834515,0.12346848556965533,0.12362206515923115,0.12305159026929598,0.1239719795736979
ablation,ablation,full_depth4_branch1_mean,opaque_dependency_l6,tabular_online,training,opaque,holdout_gain,30,6.3778436010959445e-06,4.876738246617554e-06,4.71514553438573e-06,8.168211837142997e-06,0.0,1.7361111111111104e-05
ablation,ablation,full_depth4_branch1_mean,opaque_dependency_l6,tabular_online,training,opaque,imagined_nodes,30,18.22605,0.08448141501394617,18.19591666666667,18.255433333333333,18.0585,18.3595
ablation,ablation,full_depth4_branch1_mean,opaque_dependency_l6,tabular_online,training,opaque,imagination_depth,30,3.8053000000000003,0.012559238940263086,3.8007333333333335,3.8096,3.7715,3.827
ablation,ablation,full_depth4_branch1_mean,opaque_dependency_l6,tabular_online,training,opaque,actual_return,30,0.33521666666666666,0.07133779325943883,0.30996666666666667,0.36051666666666665,0.217,0.493
ablation,ablation,full_depth4_branch1_mean,opaque_dependency_l6,tabular_online,training,opaque,runtime_seconds,30,0.001962735203333917,7.397966367908198e-05,0.0019374409250279617,0.0019885212300267694,0.0017963368000491755,0.002106909100257326
ablation,ablation,full_depth4_branch1_mean,opaque_dependency_l6,tabular_online,training,opaque,real_transitions,30,6.0,0.0,6.0,6.0,6.0,6.0
ablation,ablation,full_depth4_branch1_mean,opaque_dependency_l6,tabular_online,training,opaque,imagined_transitions,30,18.22605,0.08448141501394617,18.195833333333333,18.255583333333334,18.0585,18.3595
ablation,ablation,full_depth4_branch1_mean,opaque_dependency_l6,tabular_online,training,opaque,action_proposals,30,6.0,0.0,6.0,6.0,6.0,6.0
ablation,ablation,full_depth4_branch1_mean,opaque_dependency_l6,tabular_online,training,opaque,repeat_rate,30,0.0,0.0,0.0,0.0,0.0,0.0
ablation,ablation,full_depth4_branch1_mean,opaque_dependency_l6,tabular_online,training,opaque,error_rate,30,0.0,0.0,0.0,0.0,0.0,0.0
ablation,ablation,full_depth4_branch1_mean,opaque_dependency_l6,tabular_online,training,opaque,learning_auc,30,0.33526763381690844,0.07129862756311883,0.3104552276138069,0.36114724028681006,0.21710855427713857,0.4932466233116558
ablation,ablation,full_depth4_branch1_mean,opaque_dependency_l6,tabular_online,training,opaque,final_tail_success,30,0.4995,0.10892381076570971,0.4615,0.5386666666666666,0.31,0.705
ablation,ablation,full_depth4_branch1_mean,opaque_dependency_l6,tabular_online,training,opaque,first_success_real_transitions,30,282.2,212.5148919731152,209.0,358.6,6.0,678.0
ablation,ablation,full_depth4_branch1_risk-adjusted,opaque_dependency_l6,tabular_online,evaluation_seen,opaque,success,30,0.0,0.0,0.0,0.0,0.0,0.0
ablation,ablation,full_depth4_branch1_risk-adjusted,opaque_dependency_l6,tabular_online,evaluation_seen,opaque,steps,30,6.0,0.0,6.0,6.0,6.0,6.0
ablation,ablation,full_depth4_branch1_risk-adjusted,opaque_dependency_l6,tabular_online,evaluation_seen,opaque,high_level_steps,30,6.0,0.0,6.0,6.0,6.0,6.0
ablation,ablation,full_depth4_branch1_risk-adjusted,opaque_dependency_l6,tabular_online,evaluation_seen,opaque,primitive_steps,30,6.0,0.0,6.0,6.0,6.0,6.0
ablation,ablation,full_depth4_branch1_risk-adjusted,opaque_dependency_l6,tabular_online,evaluation_seen,opaque,reward,30,0.0,0.0,0.0,0.0,0.0,0.0
ablation,ablation,full_depth4_branch1_risk-adjusted,opaque_dependency_l6,tabular_online,evaluation_seen,opaque,errors,30,0.0,0.0,0.0,0.0,0.0,0.0
ablation,ablation,full_depth4_branch1_risk-adjusted,opaque_dependency_l6,tabular_online,evaluation_seen,opaque,repeats,30,0.0,0.0,0.0,0.0,0.0,0.0
ablation,ablation,full_depth4_branch1_risk-adjusted,opaque_dependency_l6,tabular_online,evaluation_seen,opaque,prediction_score,30,0.0,0.0,0.0,0.0,0.0,0.0
ablation,ablation,full_depth4_branch1_risk-adjusted,opaque_dependency_l6,tabular_online,evaluation_seen,opaque,holdout_score,30,1.0,0.0,1.0,1.0,1.0,1.0
ablation,ablation,full_depth4_branch1_risk-adjusted,opaque_dependency_l6,tabular_online,evaluation_seen,opaque,imagined_nodes,30,0.0,0.0,0.0,0.0,0.0,0.0
ablation,ablation,full_depth4_branch1_risk-adjusted,opaque_dependency_l6,tabular_online,evaluation_seen,opaque,imagination_depth,30,0.0,0.0,0.0,0.0,0.0,0.0
ablation,ablation,full_depth4_branch1_risk-adjusted,opaque_dependency_l6,tabular_online,evaluation_seen,opaque,actual_return,30,0.0,0.0,0.0,0.0,0.0,0.0
ablation,ablation,full_depth4_branch1_risk-adjusted,opaque_dependency_l6,tabular_online,evaluation_seen,opaque,runtime_seconds,30,0.0036331947667398103,0.0005665863929390192,0.003439629999930427,0.0038384460503196657,0.0028497834999870976,0.005324774002074264
ablation,ablation,full_depth4_branch1_risk-adjusted,opaque_dependency_l6,tabular_online,evaluation_seen,opaque,real_transitions,30,6.0,0.0,6.0,6.0,6.0,6.0
ablation,ablation,full_depth4_branch1_risk-adjusted,opaque_dependency_l6,tabular_online,evaluation_seen,opaque,imagined_transitions,30,0.0,0.0,0.0,0.0,0.0,0.0
ablation,ablation,full_depth4_branch1_risk-adjusted,opaque_dependency_l6,tabular_online,evaluation_seen,opaque,action_proposals,30,6.0,0.0,6.0,6.0,6.0,6.0
ablation,ablation,full_depth4_branch1_risk-adjusted,opaque_dependency_l6,tabular_online,evaluation_seen,opaque,repeat_rate,30,0.0,0.0,0.0,0.0,0.0,0.0
ablation,ablation,full_depth4_branch1_risk-adjusted,opaque_dependency_l6,tabular_online,evaluation_seen,opaque,error_rate,30,0.0,0.0,0.0,0.0,0.0,0.0
ablation,ablation,full_depth4_branch1_risk-adjusted,opaque_dependency_l6,tabular_online,evaluation_unseen_zero_shot,opaque,success,30,0.0,0.0,0.0,0.0,0.0,0.0
ablation,ablation,full_depth4_branch1_risk-adjusted,opaque_dependency_l6,tabular_online,evaluation_unseen_zero_shot,opaque,steps,30,6.0,0.0,6.0,6.0,6.0,6.0
ablation,ablation,full_depth4_branch1_risk-adjusted,opaque_dependency_l6,tabular_online,evaluation_unseen_zero_shot,opaque,high_level_steps,30,6.0,0.0,6.0,6.0,6.0,6.0
ablation,ablation,full_depth4_branch1_risk-adjusted,opaque_dependency_l6,tabular_online,evaluation_unseen_zero_shot,opaque,primitive_steps,30,6.0,0.0,6.0,6.0,6.0,6.0
ablation,ablation,full_depth4_branch1_risk-adjusted,opaque_dependency_l6,tabular_online,evaluation_unseen_zero_shot,opaque,reward,30,0.0,0.0,0.0,0.0,0.0,0.0
ablation,ablation,full_depth4_branch1_risk-adjusted,opaque_dependency_l6,tabular_online,evaluation_unseen_zero_shot,opaque,errors,30,0.0,0.0,0.0,0.0,0.0,0.0
ablation,ablation,full_depth4_branch1_risk-adjusted,opaque_dependency_l6,tabular_online,evaluation_unseen_zero_shot,opaque,repeats,30,0.0,0.0,0.0,0.0,0.0,0.0
ablation,ablation,full_depth4_branch1_risk-adjusted,opaque_dependency_l6,tabular_online,evaluation_unseen_zero_shot,opaque,prediction_score,30,0.0,0.0,0.0,0.0,0.0,0.0
ablation,ablation,full_depth4_branch1_risk-adjusted,opaque_dependency_l6,tabular_online,evaluation_unseen_zero_shot,opaque,holdout_score,30,1.0,0.0,1.0,1.0,1.0,1.0
ablation,ablation,full_depth4_branch1_risk-adjusted,opaque_dependency_l6,tabular_online,evaluation_unseen_zero_shot,opaque,imagined_nodes,30,0.0,0.0,0.0,0.0,0.0,0.0
ablation,ablation,full_depth4_branch1_risk-adjusted,opaque_dependency_l6,tabular_online,evaluation_unseen_zero_shot,opaque,imagination_depth,30,0.0,0.0,0.0,0.0,0.0,0.0
ablation,ablation,full_depth4_branch1_risk-adjusted,opaque_dependency_l6,tabular_online,evaluation_unseen_zero_shot,opaque,actual_return,30,0.0,0.0,0.0,0.0,0.0,0.0
ablation,ablation,full_depth4_branch1_risk-adjusted,opaque_dependency_l6,tabular_online,evaluation_unseen_zero_shot,opaque,runtime_seconds,30,0.0035969282167206983,0.0004888125523372082,0.0034220226832549086,0.0037684109165614546,0.0028714715009846258,0.004783165499975439
ablation,ablation,full_depth4_branch1_risk-adjusted,opaque_dependency_l6,tabular_online,evaluation_unseen_zero_shot,opaque,real_transitions,30,6.0,0.0,6.0,6.0,6.0,6.0
ablation,ablation,full_depth4_branch1_risk-adjusted,opaque_dependency_l6,tabular_online,evaluation_unseen_zero_shot,opaque,imagined_transitions,30,0.0,0.0,0.0,0.0,0.0,0.0
ablation,ablation,full_depth4_branch1_risk-adjusted,opaque_dependency_l6,tabular_online,evaluation_unseen_zero_shot,opaque,action_proposals,30,6.0,0.0,6.0,6.0,6.0,6.0
ablation,ablation,full_depth4_branch1_risk-adjusted,opaque_dependency_l6,tabular_online,evaluation_unseen_zero_shot,opaque,repeat_rate,30,0.0,0.0,0.0,0.0,0.0,0.0
ablation,ablation,full_depth4_branch1_risk-adjusted,opaque_dependency_l6,tabular_online,evaluation_unseen_zero_shot,opaque,error_rate,30,0.0,0.0,0.0,0.0,0.0,0.0
ablation,ablation,full_depth4_branch1_risk-adjusted,opaque_dependency_l6,tabular_online,training,opaque,success,30,0.33521666666666666,0.07133779325943883,0.3107666666666667,0.3605,0.217,0.493
ablation,ablation,full_depth4_branch1_risk-adjusted,opaque_dependency_l6,tabular_online,training,opaque,steps,30,6.0,0.0,6.0,6.0,6.0,6.0
ablation,ablation,full_depth4_branch1_risk-adjusted,opaque_dependency_l6,tabular_online,training,opaque,high_level_steps,30,6.0,0.0,6.0,6.0,6.0,6.0
ablation,ablation,full_depth4_branch1_risk-adjusted,opaque_dependency_l6,tabular_online,training,opaque,primitive_steps,30,6.0,0.0,6.0,6.0,6.0,6.0
ablation,ablation,full_depth4_branch1_risk-adjusted,opaque_dependency_l6,tabular_online,training,opaque,reward,30,0.33521666666666666,0.07133779325943883,0.3107666666666667,0.3607666666666667,0.217,0.493
ablation,ablation,full_depth4_branch1_risk-adjusted,opaque_dependency_l6,tabular_online,training,opaque,errors,30,0.0,0.0,0.0,0.0,0.0,0.0
ablation,ablation,full_depth4_branch1_risk-adjusted,opaque_dependency_l6,tabular_online,training,opaque,repeats,30,0.0,0.0,0.0,0.0,0.0,0.0
ablation,ablation,full_depth4_branch1_risk-adjusted,opaque_dependency_l6,tabular_online,training,opaque,prediction_score,30,0.9899944444444445,0.0005587742011924325,0.9897916666666667,0.9901833333333333,0.98875,0.9909166666666667
ablation,ablation,full_depth4_branch1_risk-adjusted,opaque_dependency_l6,tabular_online,training,opaque,holdout_score,30,0.12354595175287926,0.00021976011280834515,0.1234647187869431,0.12362304938961705,0.12305159026929598,0.1239719795736979
ablation,ablation,full_depth4_branch1_risk-adjusted,opaque_dependency_l6,tabular_online,training,opaque,holdout_gain,30,6.3778436010959445e-06,4.876738246617554e-06,4.645646422820335e-06,8.148238899570954e-06,0.0,1.7361111111111104e-05
ablation,ablation,full_depth4_branch1_risk-adjusted,opaque_dependency_l6,tabular_online,training,opaque,imagined_nodes,30,18.22605,0.08448141501394617,18.196316666666668,18.254733333333334,18.0585,18.3595
ablation,ablation,full_depth4_branch1_risk-adjusted,opaque_dependency_l6,tabular_online,training,opaque,imagination_depth,30,3.8053000000000003,0.012559238940263086,3.8007833333333334,3.80965,3.7715,3.827
ablation,ablation,full_depth4_branch1_risk-adjusted,opaque_dependency_l6,tabular_online,training,opaque,actual_return,30,0.33521666666666666,0.07133779325943883,0.30956666666666666,0.36051666666666665,0.217,0.493
ablation,ablation,full_depth4_branch1_risk-adjusted,opaque_dependency_l6,tabular_online,training,opaque,runtime_seconds,30,0.0019719651316661233,0.00011041028047174259,0.0019332149382734012,0.0020114174916981333,0.0017064465500588994,0.0021818283503234853
ablation,ablation,full_depth4_branch1_risk-adjusted,opaque_dependency_l6,tabular_online,training,opaque,real_transitions,30,6.0,0.0,6.0,6.0,6.0,6.0
ablation,ablation,full_depth4_branch1_risk-adjusted,opaque_dependency_l6,tabular_online,training,opaque,imagined_transitions,30,18.22605,0.08448141501394617,18.196933333333334,18.2557,18.0585,18.3595
ablation,ablation,full_depth4_branch1_risk-adjusted,opaque_dependency_l6,tabular_online,training,opaque,action_proposals,30,6.0,0.0,6.0,6.0,6.0,6.0
ablation,ablation,full_depth4_branch1_risk-adjusted,opaque_dependency_l6,tabular_online,training,opaque,repeat_rate,30,0.0,0.0,0.0,0.0,0.0,0.0
ablation,ablation,full_depth4_branch1_risk-adjusted,opaque_dependency_l6,tabular_online,training,opaque,error_rate,30,0.0,0.0,0.0,0.0,0.0,0.0
ablation,ablation,full_depth4_branch1_risk-adjusted,opaque_dependency_l6,tabular_online,training,opaque,learning_auc,30,0.33526763381690844,0.07129862756311883,0.31098049024512253,0.35997165249291313,0.21710855427713857,0.4932466233116558
ablation,ablation,full_depth4_branch1_risk-adjusted,opaque_dependency_l6,tabular_online,training,opaque,final_tail_success,30,0.4995,0.10892381076570971,0.46199999999999997,0.5368333333333334,0.31,0.705
ablation,ablation,full_depth4_branch1_risk-adjusted,opaque_dependency_l6,tabular_online,training,opaque,first_success_real_transitions,30,282.2,212.5148919731152,209.6,357.8,6.0,678.0
ablation,ablation,full_depth4_branch2_max,opaque_dependency_l6,tabular_online,evaluation_seen,opaque,success,30,0.0,0.0,0.0,0.0,0.0,0.0
ablation,ablation,full_depth4_branch2_max,opaque_dependency_l6,tabular_online,evaluation_seen,opaque,steps,30,6.0,0.0,6.0,6.0,6.0,6.0
ablation,ablation,full_depth4_branch2_max,opaque_dependency_l6,tabular_online,evaluation_seen,opaque,high_level_steps,30,6.0,0.0,6.0,6.0,6.0,6.0
ablation,ablation,full_depth4_branch2_max,opaque_dependency_l6,tabular_online,evaluation_seen,opaque,primitive_steps,30,6.0,0.0,6.0,6.0,6.0,6.0
ablation,ablation,full_depth4_branch2_max,opaque_dependency_l6,tabular_online,evaluation_seen,opaque,reward,30,0.0,0.0,0.0,0.0,0.0,0.0
ablation,ablation,full_depth4_branch2_max,opaque_dependency_l6,tabular_online,evaluation_seen,opaque,errors,30,0.0,0.0,0.0,0.0,0.0,0.0
ablation,ablation,full_depth4_branch2_max,opaque_dependency_l6,tabular_online,evaluation_seen,opaque,repeats,30,0.0,0.0,0.0,0.0,0.0,0.0
ablation,ablation,full_depth4_branch2_max,opaque_dependency_l6,tabular_online,evaluation_seen,opaque,prediction_score,30,0.0,0.0,0.0,0.0,0.0,0.0
ablation,ablation,full_depth4_branch2_max,opaque_dependency_l6,tabular_online,evaluation_seen,opaque,holdout_score,30,1.0,0.0,1.0,1.0,1.0,1.0
ablation,ablation,full_depth4_branch2_max,opaque_dependency_l6,tabular_online,evaluation_seen,opaque,imagined_nodes,30,0.0,0.0,0.0,0.0,0.0,0.0
ablation,ablation,full_depth4_branch2_max,opaque_dependency_l6,tabular_online,evaluation_seen,opaque,imagination_depth,30,0.0,0.0,0.0,0.0,0.0,0.0
ablation,ablation,full_depth4_branch2_max,opaque_dependency_l6,tabular_online,evaluation_seen,opaque,actual_return,30,0.0,0.0,0.0,0.0,0.0,0.0
ablation,ablation,full_depth4_branch2_max,opaque_dependency_l6,tabular_online,evaluation_seen,opaque,runtime_seconds,30,0.0035438575500641796,0.00041450600275898274,0.003393318599972796,0.003683492100079699,0.002707500999968033,0.004097632999910275
ablation,ablation,full_depth4_branch2_max,opaque_dependency_l6,tabular_online,evaluation_seen,opaque,real_transitions,30,6.0,0.0,6.0,6.0,6.0,6.0
ablation,ablation,full_depth4_branch2_max,opaque_dependency_l6,tabular_online,evaluation_seen,opaque,imagined_transitions,30,0.0,0.0,0.0,0.0,0.0,0.0
ablation,ablation,full_depth4_branch2_max,opaque_dependency_l6,tabular_online,evaluation_seen,opaque,action_proposals,30,6.0,0.0,6.0,6.0,6.0,6.0
ablation,ablation,full_depth4_branch2_max,opaque_dependency_l6,tabular_online,evaluation_seen,opaque,repeat_rate,30,0.0,0.0,0.0,0.0,0.0,0.0
ablation,ablation,full_depth4_branch2_max,opaque_dependency_l6,tabular_online,evaluation_seen,opaque,error_rate,30,0.0,0.0,0.0,0.0,0.0,0.0
ablation,ablation,full_depth4_branch2_max,opaque_dependency_l6,tabular_online,evaluation_unseen_zero_shot,opaque,success,30,0.0,0.0,0.0,0.0,0.0,0.0
ablation,ablation,full_depth4_branch2_max,opaque_dependency_l6,tabular_online,evaluation_unseen_zero_shot,opaque,steps,30,6.0,0.0,6.0,6.0,6.0,6.0
ablation,ablation,full_depth4_branch2_max,opaque_dependency_l6,tabular_online,evaluation_unseen_zero_shot,opaque,high_level_steps,30,6.0,0.0,6.0,6.0,6.0,6.0
ablation,ablation,full_depth4_branch2_max,opaque_dependency_l6,tabular_online,evaluation_unseen_zero_shot,opaque,primitive_steps,30,6.0,0.0,6.0,6.0,6.0,6.0
ablation,ablation,full_depth4_branch2_max,opaque_dependency_l6,tabular_online,evaluation_unseen_zero_shot,opaque,reward,30,0.0,0.0,0.0,0.0,0.0,0.0
ablation,ablation,full_depth4_branch2_max,opaque_dependency_l6,tabular_online,evaluation_unseen_zero_shot,opaque,errors,30,0.0,0.0,0.0,0.0,0.0,0.0
ablation,ablation,full_depth4_branch2_max,opaque_dependency_l6,tabular_online,evaluation_unseen_zero_shot,opaque,repeats,30,0.0,0.0,0.0,0.0,0.0,0.0
ablation,ablation,full_depth4_branch2_max,opaque_dependency_l6,tabular_online,evaluation_unseen_zero_shot,opaque,prediction_score,30,0.0,0.0,0.0,0.0,0.0,0.0
ablation,ablation,full_depth4_branch2_max,opaque_dependency_l6,tabular_online,evaluation_unseen_zero_shot,opaque,holdout_score,30,1.0,0.0,1.0,1.0,1.0,1.0
ablation,ablation,full_depth4_branch2_max,opaque_dependency_l6,tabular_online,evaluation_unseen_zero_shot,opaque,imagined_nodes,30,0.0,0.0,0.0,0.0,0.0,0.0
ablation,ablation,full_depth4_branch2_max,opaque_dependency_l6,tabular_online,evaluation_unseen_zero_shot,opaque,imagination_depth,30,0.0,0.0,0.0,0.0,0.0,0.0
ablation,ablation,full_depth4_branch2_max,opaque_dependency_l6,tabular_online,evaluation_unseen_zero_shot,opaque,actual_return,30,0.0,0.0,0.0,0.0,0.0,0.0
ablation,ablation,full_depth4_branch2_max,opaque_dependency_l6,tabular_online,evaluation_unseen_zero_shot,opaque,runtime_seconds,30,0.0033935195167044485,0.00038052793637465113,0.003261815883112528,0.00352776778350138,0.00278752500002156,0.004117679502087412
ablation,ablation,full_depth4_branch2_max,opaque_dependency_l6,tabular_online,evaluation_unseen_zero_shot,opaque,real_transitions,30,6.0,0.0,6.0,6.0,6.0,6.0
ablation,ablation,full_depth4_branch2_max,opaque_dependency_l6,tabular_online,evaluation_unseen_zero_shot,opaque,imagined_transitions,30,0.0,0.0,0.0,0.0,0.0,0.0
ablation,ablation,full_depth4_branch2_max,opaque_dependency_l6,tabular_online,evaluation_unseen_zero_shot,opaque,action_proposals,30,6.0,0.0,6.0,6.0,6.0,6.0
ablation,ablation,full_depth4_branch2_max,opaque_dependency_l6,tabular_online,evaluation_unseen_zero_shot,opaque,repeat_rate,30,0.0,0.0,0.0,0.0,0.0,0.0
ablation,ablation,full_depth4_branch2_max,opaque_dependency_l6,tabular_online,evaluation_unseen_zero_shot,opaque,error_rate,30,0.0,0.0,0.0,0.0,0.0,0.0
ablation,ablation,full_depth4_branch2_max,opaque_dependency_l6,tabular_online,training,opaque,success,30,0.33521666666666666,0.07133779325943883,0.31126666666666664,0.36019999999999996,0.217,0.493
ablation,ablation,full_depth4_branch2_max,opaque_dependency_l6,tabular_online,training,opaque,steps,30,6.0,0.0,6.0,6.0,6.0,6.0
ablation,ablation,full_depth4_branch2_max,opaque_dependency_l6,tabular_online,training,opaque,high_level_steps,30,6.0,0.0,6.0,6.0,6.0,6.0
ablation,ablation,full_depth4_branch2_max,opaque_dependency_l6,tabular_online,training,opaque,primitive_steps,30,6.0,0.0,6.0,6.0,6.0,6.0
ablation,ablation,full_depth4_branch2_max,opaque_dependency_l6,tabular_online,training,opaque,reward,30,0.33521666666666666,0.07133779325943883,0.3105833333333333,0.3605,0.217,0.493
ablation,ablation,full_depth4_branch2_max,opaque_dependency_l6,tabular_online,training,opaque,errors,30,0.0,0.0,0.0,0.0,0.0,0.0
ablation,ablation,full_depth4_branch2_max,opaque_dependency_l6,tabular_online,training,opaque,repeats,30,0.0,0.0,0.0,0.0,0.0,0.0
ablation,ablation,full_depth4_branch2_max,opaque_dependency_l6,tabular_online,training,opaque,prediction_score,30,0.9899944444444445,0.0005587742011924325,0.9897888888888888,0.9901916666666666,0.98875,0.9909166666666667
ablation,ablation,full_depth4_branch2_max,opaque_dependency_l6,tabular_online,training,opaque,holdout_score,30,0.12354595175287926,0.00021976011280834515,0.12346647150528542,0.1236227671329328,0.12305159026929598,0.1239719795736979
ablation,ablation,full_depth4_branch2_max,opaque_dependency_l6,tabular_online,training,opaque,holdout_gain,30,6.3778436010959445e-06,4.876738246617554e-06,4.759050564304186e-06,8.103686615435335e-06,0.0,1.7361111111111104e-05
ablation,ablation,full_depth4_branch2_max,opaque_dependency_l6,tabular_online,training,opaque,imagined_nodes,30,89.57891666666666,0.49387811010782756,89.40599999999999,89.75351666666667,88.6785,90.436
ablation,ablation,full_depth4_branch2_max,opaque_dependency_l6,tabular_online,training,opaque,imagination_depth,30,3.8075833333333335,0.012527269106408107,3.8031,3.8120166666666666,3.7755,3.83
ablation,ablation,full_depth4_branch2_max,opaque_dependency_l6,tabular_online,training,opaque,actual_return,30,0.33521666666666666,0.07133779325943883,0.3099166666666667,0.36121666666666663,0.217,0.493
ablation,ablation,full_depth4_branch2_max,opaque_dependency_l6,tabular_online,training,opaque,runtime_seconds,30,0.003987192019970583,0.00024026024199862584,0.0039032841883202005,0.004069520664921826,0.0035306126498180672,0.004502634649485117
ablation,ablation,full_depth4_branch2_max,opaque_dependency_l6,tabular_online,training,opaque,real_transitions,30,6.0,0.0,6.0,6.0,6.0,6.0
ablation,ablation,full_depth4_branch2_max,opaque_dependency_l6,tabular_online,training,opaque,imagined_transitions,30,89.57891666666666,0.49387811010782756,89.40425,89.75338333333335,88.6785,90.436
ablation,ablation,full_depth4_branch2_max,opaque_dependency_l6,tabular_online,training,opaque,action_proposals,30,6.0,0.0,6.0,6.0,6.0,6.0
ablation,ablation,full_depth4_branch2_max,opaque_dependency_l6,tabular_online,training,opaque,repeat_rate,30,0.0,0.0,0.0,0.0,0.0,0.0
ablation,ablation,full_depth4_branch2_max,opaque_dependency_l6,tabular_online,training,opaque,error_rate,30,0.0,0.0,0.0,0.0,0.0,0.0
ablation,ablation,full_depth4_branch2_max,opaque_dependency_l6,tabular_online,training,opaque,learning_auc,30,0.33526763381690844,0.07129862756311883,0.31020510255127565,0.35969651492412874,0.21710855427713857,0.4932466233116558
ablation,ablation,full_depth4_branch2_max,opaque_dependency_l6,tabular_online,training,opaque,final_tail_success,30,0.4995,0.10892381076570971,0.4623333333333334,0.5391666666666667,0.31,0.705
ablation,ablation,full_depth4_branch2_max,opaque_dependency_l6,tabular_online,training,opaque,first_success_real_transitions,30,282.2,212.5148919731152,206.8,357.8,6.0,678.0
ablation,ablation,full_depth4_branch2_mean,opaque_dependency_l6,tabular_online,evaluation_seen,opaque,success,30,0.0,0.0,0.0,0.0,0.0,0.0
ablation,ablation,full_depth4_branch2_mean,opaque_dependency_l6,tabular_online,evaluation_seen,opaque,steps,30,6.0,0.0,6.0,6.0,6.0,6.0
ablation,ablation,full_depth4_branch2_mean,opaque_dependency_l6,tabular_online,evaluation_seen,opaque,high_level_steps,30,6.0,0.0,6.0,6.0,6.0,6.0
ablation,ablation,full_depth4_branch2_mean,opaque_dependency_l6,tabular_online,evaluation_seen,opaque,primitive_steps,30,6.0,0.0,6.0,6.0,6.0,6.0
ablation,ablation,full_depth4_branch2_mean,opaque_dependency_l6,tabular_online,evaluation_seen,opaque,reward,30,0.0,0.0,0.0,0.0,0.0,0.0
ablation,ablation,full_depth4_branch2_mean,opaque_dependency_l6,tabular_online,evaluation_seen,opaque,errors,30,0.0,0.0,0.0,0.0,0.0,0.0
ablation,ablation,full_depth4_branch2_mean,opaque_dependency_l6,tabular_online,evaluation_seen,opaque,repeats,30,0.0,0.0,0.0,0.0,0.0,0.0
ablation,ablation,full_depth4_branch2_mean,opaque_dependency_l6,tabular_online,evaluation_seen,opaque,prediction_score,30,0.0,0.0,0.0,0.0,0.0,0.0
ablation,ablation,full_depth4_branch2_mean,opaque_dependency_l6,tabular_online,evaluation_seen,opaque,holdout_score,30,1.0,0.0,1.0,1.0,1.0,1.0
ablation,ablation,full_depth4_branch2_mean,opaque_dependency_l6,tabular_online,evaluation_seen,opaque,imagined_nodes,30,0.0,0.0,0.0,0.0,0.0,0.0
ablation,ablation,full_depth4_branch2_mean,opaque_dependency_l6,tabular_online,evaluation_seen,opaque,imagination_depth,30,0.0,0.0,0.0,0.0,0.0,0.0
ablation,ablation,full_depth4_branch2_mean,opaque_dependency_l6,tabular_online,evaluation_seen,opaque,actual_return,30,0.0,0.0,0.0,0.0,0.0,0.0
ablation,ablation,full_depth4_branch2_mean,opaque_dependency_l6,tabular_online,evaluation_seen,opaque,runtime_seconds,30,0.0033998607834995107,0.00041006532682469864,0.0032562583000302157,0.0035422185668867313,0.002768575001246063,0.004035344999283552
ablation,ablation,full_depth4_branch2_mean,opaque_dependency_l6,tabular_online,evaluation_seen,opaque,real_transitions,30,6.0,0.0,6.0,6.0,6.0,6.0
ablation,ablation,full_depth4_branch2_mean,opaque_dependency_l6,tabular_online,evaluation_seen,opaque,imagined_transitions,30,0.0,0.0,0.0,0.0,0.0,0.0
ablation,ablation,full_depth4_branch2_mean,opaque_dependency_l6,tabular_online,evaluation_seen,opaque,action_proposals,30,6.0,0.0,6.0,6.0,6.0,6.0
ablation,ablation,full_depth4_branch2_mean,opaque_dependency_l6,tabular_online,evaluation_seen,opaque,repeat_rate,30,0.0,0.0,0.0,0.0,0.0,0.0
ablation,ablation,full_depth4_branch2_mean,opaque_dependency_l6,tabular_online,evaluation_seen,opaque,error_rate,30,0.0,0.0,0.0,0.0,0.0,0.0
ablation,ablation,full_depth4_branch2_mean,opaque_dependency_l6,tabular_online,evaluation_unseen_zero_shot,opaque,success,30,0.0,0.0,0.0,0.0,0.0,0.0
ablation,ablation,full_depth4_branch2_mean,opaque_dependency_l6,tabular_online,evaluation_unseen_zero_shot,opaque,steps,30,6.0,0.0,6.0,6.0,6.0,6.0
ablation,ablation,full_depth4_branch2_mean,opaque_dependency_l6,tabular_online,evaluation_unseen_zero_shot,opaque,high_level_steps,30,6.0,0.0,6.0,6.0,6.0,6.0
ablation,ablation,full_depth4_branch2_mean,opaque_dependency_l6,tabular_online,evaluation_unseen_zero_shot,opaque,primitive_steps,30,6.0,0.0,6.0,6.0,6.0,6.0
ablation,ablation,full_depth4_branch2_mean,opaque_dependency_l6,tabular_online,evaluation_unseen_zero_shot,opaque,reward,30,0.0,0.0,0.0,0.0,0.0,0.0
ablation,ablation,full_depth4_branch2_mean,opaque_dependency_l6,tabular_online,evaluation_unseen_zero_shot,opaque,errors,30,0.0,0.0,0.0,0.0,0.0,0.0
ablation,ablation,full_depth4_branch2_mean,opaque_dependency_l6,tabular_online,evaluation_unseen_zero_shot,opaque,repeats,30,0.0,0.0,0.0,0.0,0.0,0.0
ablation,ablation,full_depth4_branch2_mean,opaque_dependency_l6,tabular_online,evaluation_unseen_zero_shot,opaque,prediction_score,30,0.0,0.0,0.0,0.0,0.0,0.0
ablation,ablation,full_depth4_branch2_mean,opaque_dependency_l6,tabular_online,evaluation_unseen_zero_shot,opaque,holdout_score,30,1.0,0.0,1.0,1.0,1.0,1.0
ablation,ablation,full_depth4_branch2_mean,opaque_dependency_l6,tabular_online,evaluation_unseen_zero_shot,opaque,imagined_nodes,30,0.0,0.0,0.0,0.0,0.0,0.0
ablation,ablation,full_depth4_branch2_mean,opaque_dependency_l6,tabular_online,evaluation_unseen_zero_shot,opaque,imagination_depth,30,0.0,0.0,0.0,0.0,0.0,0.0
ablation,ablation,full_depth4_branch2_mean,opaque_dependency_l6,tabular_online,evaluation_unseen_zero_shot,opaque,actual_return,30,0.0,0.0,0.0,0.0,0.0,0.0
ablation,ablation,full_depth4_branch2_mean,opaque_dependency_l6,tabular_online,evaluation_unseen_zero_shot,opaque,runtime_seconds,30,0.003418196800116372,0.00042683215691574053,0.003265461583422924,0.0035661119834840063,0.0027814290006062947,0.004039811000257032
ablation,ablation,full_depth4_branch2_mean,opaque_dependency_l6,tabular_online,evaluation_unseen_zero_shot,opaque,real_transitions,30,6.0,0.0,6.0,6.0,6.0,6.0
ablation,ablation,full_depth4_branch2_mean,opaque_dependency_l6,tabular_online,evaluation_unseen_zero_shot,opaque,imagined_transitions,30,0.0,0.0,0.0,0.0,0.0,0.0
ablation,ablation,full_depth4_branch2_mean,opaque_dependency_l6,tabular_online,evaluation_unseen_zero_shot,opaque,action_proposals,30,6.0,0.0,6.0,6.0,6.0,6.0
ablation,ablation,full_depth4_branch2_mean,opaque_dependency_l6,tabular_online,evaluation_unseen_zero_shot,opaque,repeat_rate,30,0.0,0.0,0.0,0.0,0.0,0.0
ablation,ablation,full_depth4_branch2_mean,opaque_dependency_l6,tabular_online,evaluation_unseen_zero_shot,opaque,error_rate,30,0.0,0.0,0.0,0.0,0.0,0.0
ablation,ablation,full_depth4_branch2_mean,opaque_dependency_l6,tabular_online,training,opaque,success,30,0.33521666666666666,0.07133779325943883,0.3103833333333333,0.35986666666666667,0.217,0.493
ablation,ablation,full_depth4_branch2_mean,opaque_dependency_l6,tabular_online,training,opaque,steps,30,6.0,0.0,6.0,6.0,6.0,6.0
ablation,ablation,full_depth4_branch2_mean,opaque_dependency_l6,tabular_online,training,opaque,high_level_steps,30,6.0,0.0,6.0,6.0,6.0,6.0
ablation,ablation,full_depth4_branch2_mean,opaque_dependency_l6,tabular_online,training,opaque,primitive_steps,30,6.0,0.0,6.0,6.0,6.0,6.0
ablation,ablation,full_depth4_branch2_mean,opaque_dependency_l6,tabular_online,training,opaque,reward,30,0.33521666666666666,0.07133779325943883,0.31024999999999997,0.36125,0.217,0.493
ablation,ablation,full_depth4_branch2_mean,opaque_dependency_l6,tabular_online,training,opaque,errors,30,0.0,0.0,0.0,0.0,0.0,0.0
ablation,ablation,full_depth4_branch2_mean,opaque_dependency_l6,tabular_online,training,opaque,repeats,30,0.0,0.0,0.0,0.0,0.0,0.0
ablation,ablation,full_depth4_branch2_mean,opaque_dependency_l6,tabular_online,training,opaque,prediction_score,30,0.9899944444444445,0.0005587742011924325,0.9898027777777778,0.9901805555555556,0.98875,0.9909166666666667
ablation,ablation,full_depth4_branch2_mean,opaque_dependency_l6,tabular_online,training,opaque,holdout_score,30,0.12354595175287926,0.00021976011280834515,0.12346593665602326,0.12362100918979525,0.12305159026929598,0.1239719795736979
ablation,ablation,full_depth4_branch2_mean,opaque_dependency_l6,tabular_online,training,opaque,holdout_gain,30,6.3778436010959445e-06,4.876738246617554e-06,4.740753839006182e-06,8.08711191085445e-06,0.0,1.7361111111111104e-05
ablation,ablation,full_depth4_branch2_mean,opaque_dependency_l6,tabular_online,training,opaque,imagined_nodes,30,89.57891666666666,0.49387811010782756,89.40443333333333,89.75013333333332,88.6785,90.436
ablation,ablation,full_depth4_branch2_mean,opaque_dependency_l6,tabular_online,training,opaque,imagination_depth,30,3.8075833333333335,0.012527269106408107,3.8032,3.81195,3.7755,3.83
ablation,ablation,full_depth4_branch2_mean,opaque_dependency_l6,tabular_online,training,opaque,actual_return,30,0.33521666666666666,0.07133779325943883,0.3110166666666666,0.36179999999999995,0.217,0.493
ablation,ablation,full_depth4_branch2_mean,opaque_dependency_l6,tabular_online,training,opaque,runtime_seconds,30,0.0040620286699714295,0.0002805097731293287,0.003962666188285221,0.004159615066567494,0.003453702399710892,0.00466300735042023
ablation,ablation,full_depth4_branch2_mean,opaque_dependency_l6,tabular_online,training,opaque,real_transitions,30,6.0,0.0,6.0,6.0,6.0,6.0
ablation,ablation,full_depth4_branch2_mean,opaque_dependency_l6,tabular_online,training,opaque,imagined_transitions,30,89.57891666666666,0.49387811010782756,89.39511666666667,89.74871666666667,88.6785,90.436
ablation,ablation,full_depth4_branch2_mean,opaque_dependency_l6,tabular_online,training,opaque,action_proposals,30,6.0,0.0,6.0,6.0,6.0,6.0
ablation,ablation,full_depth4_branch2_mean,opaque_dependency_l6,tabular_online,training,opaque,repeat_rate,30,0.0,0.0,0.0,0.0,0.0,0.0
ablation,ablation,full_depth4_branch2_mean,opaque_dependency_l6,tabular_online,training,opaque,error_rate,30,0.0,0.0,0.0,0.0,0.0,0.0
ablation,ablation,full_depth4_branch2_mean,opaque_dependency_l6,tabular_online,training,opaque,learning_auc,30,0.33526763381690844,0.07129862756311883,0.3114057028514257,0.36038852759713186,0.21710855427713857,0.4932466233116558
ablation,ablation,full_depth4_branch2_mean,opaque_dependency_l6,tabular_online,training,opaque,final_tail_success,30,0.4995,0.10892381076570971,0.4618333333333334,0.5383333333333334,0.31,0.705
ablation,ablation,full_depth4_branch2_mean,opaque_dependency_l6,tabular_online,training,opaque,first_success_real_transitions,30,282.2,212.5148919731152,211.6,358.4,6.0,678.0
ablation,ablation,full_depth4_branch2_risk-adjusted,opaque_dependency_l6,tabular_online,evaluation_seen,opaque,success,30,0.0,0.0,0.0,0.0,0.0,0.0
ablation,ablation,full_depth4_branch2_risk-adjusted,opaque_dependency_l6,tabular_online,evaluation_seen,opaque,steps,30,6.0,0.0,6.0,6.0,6.0,6.0
ablation,ablation,full_depth4_branch2_risk-adjusted,opaque_dependency_l6,tabular_online,evaluation_seen,opaque,high_level_steps,30,6.0,0.0,6.0,6.0,6.0,6.0
ablation,ablation,full_depth4_branch2_risk-adjusted,opaque_dependency_l6,tabular_online,evaluation_seen,opaque,primitive_steps,30,6.0,0.0,6.0,6.0,6.0,6.0
ablation,ablation,full_depth4_branch2_risk-adjusted,opaque_dependency_l6,tabular_online,evaluation_seen,opaque,reward,30,0.0,0.0,0.0,0.0,0.0,0.0
ablation,ablation,full_depth4_branch2_risk-adjusted,opaque_dependency_l6,tabular_online,evaluation_seen,opaque,errors,30,0.0,0.0,0.0,0.0,0.0,0.0
ablation,ablation,full_depth4_branch2_risk-adjusted,opaque_dependency_l6,tabular_online,evaluation_seen,opaque,repeats,30,0.0,0.0,0.0,0.0,0.0,0.0
ablation,ablation,full_depth4_branch2_risk-adjusted,opaque_dependency_l6,tabular_online,evaluation_seen,opaque,prediction_score,30,0.0,0.0,0.0,0.0,0.0,0.0
ablation,ablation,full_depth4_branch2_risk-adjusted,opaque_dependency_l6,tabular_online,evaluation_seen,opaque,holdout_score,30,1.0,0.0,1.0,1.0,1.0,1.0
ablation,ablation,full_depth4_branch2_risk-adjusted,opaque_dependency_l6,tabular_online,evaluation_seen,opaque,imagined_nodes,30,0.0,0.0,0.0,0.0,0.0,0.0
ablation,ablation,full_depth4_branch2_risk-adjusted,opaque_dependency_l6,tabular_online,evaluation_seen,opaque,imagination_depth,30,0.0,0.0,0.0,0.0,0.0,0.0
ablation,ablation,full_depth4_branch2_risk-adjusted,opaque_dependency_l6,tabular_online,evaluation_seen,opaque,actual_return,30,0.0,0.0,0.0,0.0,0.0,0.0
ablation,ablation,full_depth4_branch2_risk-adjusted,opaque_dependency_l6,tabular_online,evaluation_seen,opaque,runtime_seconds,30,0.0033306899166782385,0.00043650418906720394,0.0031766369333684754,0.0034854038499470335,0.0027781390004383865,0.004082210498891073
ablation,ablation,full_depth4_branch2_risk-adjusted,opaque_dependency_l6,tabular_online,evaluation_seen,opaque,real_transitions,30,6.0,0.0,6.0,6.0,6.0,6.0
ablation,ablation,full_depth4_branch2_risk-adjusted,opaque_dependency_l6,tabular_online,evaluation_seen,opaque,imagined_transitions,30,0.0,0.0,0.0,0.0,0.0,0.0
ablation,ablation,full_depth4_branch2_risk-adjusted,opaque_dependency_l6,tabular_online,evaluation_seen,opaque,action_proposals,30,6.0,0.0,6.0,6.0,6.0,6.0
ablation,ablation,full_depth4_branch2_risk-adjusted,opaque_dependency_l6,tabular_online,evaluation_seen,opaque,repeat_rate,30,0.0,0.0,0.0,0.0,0.0,0.0
ablation,ablation,full_depth4_branch2_risk-adjusted,opaque_dependency_l6,tabular_online,evaluation_seen,opaque,error_rate,30,0.0,0.0,0.0,0.0,0.0,0.0
ablation,ablation,full_depth4_branch2_risk-adjusted,opaque_dependency_l6,tabular_online,evaluation_unseen_zero_shot,opaque,success,30,0.0,0.0,0.0,0.0,0.0,0.0
ablation,ablation,full_depth4_branch2_risk-adjusted,opaque_dependency_l6,tabular_online,evaluation_unseen_zero_shot,opaque,steps,30,6.0,0.0,6.0,6.0,6.0,6.0
ablation,ablation,full_depth4_branch2_risk-adjusted,opaque_dependency_l6,tabular_online,evaluation_unseen_zero_shot,opaque,high_level_steps,30,6.0,0.0,6.0,6.0,6.0,6.0
ablation,ablation,full_depth4_branch2_risk-adjusted,opaque_dependency_l6,tabular_online,evaluation_unseen_zero_shot,opaque,primitive_steps,30,6.0,0.0,6.0,6.0,6.0,6.0
ablation,ablation,full_depth4_branch2_risk-adjusted,opaque_dependency_l6,tabular_online,evaluation_unseen_zero_shot,opaque,reward,30,0.0,0.0,0.0,0.0,0.0,0.0
ablation,ablation,full_depth4_branch2_risk-adjusted,opaque_dependency_l6,tabular_online,evaluation_unseen_zero_shot,opaque,errors,30,0.0,0.0,0.0,0.0,0.0,0.0
ablation,ablation,full_depth4_branch2_risk-adjusted,opaque_dependency_l6,tabular_online,evaluation_unseen_zero_shot,opaque,repeats,30,0.0,0.0,0.0,0.0,0.0,0.0
ablation,ablation,full_depth4_branch2_risk-adjusted,opaque_dependency_l6,tabular_online,evaluation_unseen_zero_shot,opaque,prediction_score,30,0.0,0.0,0.0,0.0,0.0,0.0
ablation,ablation,full_depth4_branch2_risk-adjusted,opaque_dependency_l6,tabular_online,evaluation_unseen_zero_shot,opaque,holdout_score,30,1.0,0.0,1.0,1.0,1.0,1.0
ablation,ablation,full_depth4_branch2_risk-adjusted,opaque_dependency_l6,tabular_online,evaluation_unseen_zero_shot,opaque,imagined_nodes,30,0.0,0.0,0.0,0.0,0.0,0.0
ablation,ablation,full_depth4_branch2_risk-adjusted,opaque_dependency_l6,tabular_online,evaluation_unseen_zero_shot,opaque,imagination_depth,30,0.0,0.0,0.0,0.0,0.0,0.0
ablation,ablation,full_depth4_branch2_risk-adjusted,opaque_dependency_l6,tabular_online,evaluation_unseen_zero_shot,opaque,actual_return,30,0.0,0.0,0.0,0.0,0.0,0.0
ablation,ablation,full_depth4_branch2_risk-adjusted,opaque_dependency_l6,tabular_online,evaluation_unseen_zero_shot,opaque,runtime_seconds,30,0.0033389218833035556,0.0004904225291586149,0.0031668432997830676,0.0035143596998483797,0.0027728169987676667,0.004074140500015346
ablation,ablation,full_depth4_branch2_risk-adjusted,opaque_dependency_l6,tabular_online,evaluation_unseen_zero_shot,opaque,real_transitions,30,6.0,0.0,6.0,6.0,6.0,6.0
ablation,ablation,full_depth4_branch2_risk-adjusted,opaque_dependency_l6,tabular_online,evaluation_unseen_zero_shot,opaque,imagined_transitions,30,0.0,0.0,0.0,0.0,0.0,0.0
ablation,ablation,full_depth4_branch2_risk-adjusted,opaque_dependency_l6,tabular_online,evaluation_unseen_zero_shot,opaque,action_proposals,30,6.0,0.0,6.0,6.0,6.0,6.0
ablation,ablation,full_depth4_branch2_risk-adjusted,opaque_dependency_l6,tabular_online,evaluation_unseen_zero_shot,opaque,repeat_rate,30,0.0,0.0,0.0,0.0,0.0,0.0
ablation,ablation,full_depth4_branch2_risk-adjusted,opaque_dependency_l6,tabular_online,evaluation_unseen_zero_shot,opaque,error_rate,30,0.0,0.0,0.0,0.0,0.0,0.0
ablation,ablation,full_depth4_branch2_risk-adjusted,opaque_dependency_l6,tabular_online,training,opaque,success,30,0.33521666666666666,0.07133779325943883,0.30956666666666666,0.3603333333333333,0.217,0.493
ablation,ablation,full_depth4_branch2_risk-adjusted,opaque_dependency_l6,tabular_online,training,opaque,steps,30,6.0,0.0,6.0,6.0,6.0,6.0
ablation,ablation,full_depth4_branch2_risk-adjusted,opaque_dependency_l6,tabular_online,training,opaque,high_level_steps,30,6.0,0.0,6.0,6.0,6.0,6.0
ablation,ablation,full_depth4_branch2_risk-adjusted,opaque_dependency_l6,tabular_online,training,opaque,primitive_steps,30,6.0,0.0,6.0,6.0,6.0,6.0
ablation,ablation,full_depth4_branch2_risk-adjusted,opaque_dependency_l6,tabular_online,training,opaque,reward,30,0.33521666666666666,0.07133779325943883,0.3106666666666667,0.35991666666666666,0.217,0.493
ablation,ablation,full_depth4_branch2_risk-adjusted,opaque_dependency_l6,tabular_online,training,opaque,errors,30,0.0,0.0,0.0,0.0,0.0,0.0
ablation,ablation,full_depth4_branch2_risk-adjusted,opaque_dependency_l6,tabular_online,training,opaque,repeats,30,0.0,0.0,0.0,0.0,0.0,0.0
ablation,ablation,full_depth4_branch2_risk-adjusted,opaque_dependency_l6,tabular_online,training,opaque,prediction_score,30,0.9899944444444445,0.0005587742011924325,0.9897972222222222,0.9901861111111111,0.98875,0.9909166666666667
ablation,ablation,full_depth4_branch2_risk-adjusted,opaque_dependency_l6,tabular_online,training,opaque,holdout_score,30,0.12354595175287926,0.00021976011280834515,0.12346662581778242,0.12362042810675003,0.12305159026929598,0.1239719795736979
ablation,ablation,full_depth4_branch2_risk-adjusted,opaque_dependency_l6,tabular_online,training,opaque,holdout_gain,30,6.3778436010959445e-06,4.876738246617554e-06,4.70985149110149e-06,8.116508669924058e-06,0.0,1.7361111111111104e-05
ablation,ablation,full_depth4_branch2_risk-adjusted,opaque_dependency_l6,tabular_online,training,opaque,imagined_nodes,30,89.57891666666666,0.49387811010782756,89.40691666666666,89.75368333333334,88.6785,90.436
ablation,ablation,full_depth4_branch2_risk-adjusted,opaque_dependency_l6,tabular_online,training,opaque,imagination_depth,30,3.8075833333333335,0.012527269106408107,3.8031333333333337,3.812,3.7755,3.83
ablation,ablation,full_depth4_branch2_risk-adjusted,opaque_dependency_l6,tabular_online,training,opaque,actual_return,30,0.33521666666666666,0.07133779325943883,0.31065,0.36016666666666663,0.217,0.493
ablation,ablation,full_depth4_branch2_risk-adjusted,opaque_dependency_l6,tabular_online,training,opaque,runtime_seconds,30,0.004235664046608629,0.0002542538772256303,0.004149934649958353,0.0043318720149322565,0.0037820243498135823,0.004926492599668563
ablation,ablation,full_depth4_branch2_risk-adjusted,opaque_dependency_l6,tabular_online,training,opaque,real_transitions,30,6.0,0.0,6.0,6.0,6.0,6.0
ablation,ablation,full_depth4_branch2_risk-adjusted,opaque_dependency_l6,tabular_online,training,opaque,imagined_transitions,30,89.57891666666666,0.49387811010782756,89.4037,89.74849999999999,88.6785,90.436
ablation,ablation,full_depth4_branch2_risk-adjusted,opaque_dependency_l6,tabular_online,training,opaque,action_proposals,30,6.0,0.0,6.0,6.0,6.0,6.0
ablation,ablation,full_depth4_branch2_risk-adjusted,opaque_dependency_l6,tabular_online,training,opaque,repeat_rate,30,0.0,0.0,0.0,0.0,0.0,0.0
ablation,ablation,full_depth4_branch2_risk-adjusted,opaque_dependency_l6,tabular_online,training,opaque,error_rate,30,0.0,0.0,0.0,0.0,0.0,0.0
ablation,ablation,full_depth4_branch2_risk-adjusted,opaque_dependency_l6,tabular_online,training,opaque,learning_auc,30,0.33526763381690844,0.07129862756311883,0.31138902784725697,0.3604552276138069,0.21710855427713857,0.4932466233116558
ablation,ablation,full_depth4_branch2_risk-adjusted,opaque_dependency_l6,tabular_online,training,opaque,final_tail_success,30,0.4995,0.10892381076570971,0.46216666666666667,0.5383333333333333,0.31,0.705
ablation,ablation,full_depth4_branch2_risk-adjusted,opaque_dependency_l6,tabular_online,training,opaque,first_success_real_transitions,30,282.2,212.5148919731152,208.8,358.8,6.0,678.0
ablation,ablation,full_depth4_branch4_max,opaque_dependency_l6,tabular_online,evaluation_seen,opaque,success,30,0.0,0.0,0.0,0.0,0.0,0.0
ablation,ablation,full_depth4_branch4_max,opaque_dependency_l6,tabular_online,evaluation_seen,opaque,steps,30,6.0,0.0,6.0,6.0,6.0,6.0
ablation,ablation,full_depth4_branch4_max,opaque_dependency_l6,tabular_online,evaluation_seen,opaque,high_level_steps,30,6.0,0.0,6.0,6.0,6.0,6.0
ablation,ablation,full_depth4_branch4_max,opaque_dependency_l6,tabular_online,evaluation_seen,opaque,primitive_steps,30,6.0,0.0,6.0,6.0,6.0,6.0
ablation,ablation,full_depth4_branch4_max,opaque_dependency_l6,tabular_online,evaluation_seen,opaque,reward,30,0.0,0.0,0.0,0.0,0.0,0.0
ablation,ablation,full_depth4_branch4_max,opaque_dependency_l6,tabular_online,evaluation_seen,opaque,errors,30,0.0,0.0,0.0,0.0,0.0,0.0
ablation,ablation,full_depth4_branch4_max,opaque_dependency_l6,tabular_online,evaluation_seen,opaque,repeats,30,0.0,0.0,0.0,0.0,0.0,0.0
ablation,ablation,full_depth4_branch4_max,opaque_dependency_l6,tabular_online,evaluation_seen,opaque,prediction_score,30,0.0,0.0,0.0,0.0,0.0,0.0
ablation,ablation,full_depth4_branch4_max,opaque_dependency_l6,tabular_online,evaluation_seen,opaque,holdout_score,30,1.0,0.0,1.0,1.0,1.0,1.0
ablation,ablation,full_depth4_branch4_max,opaque_dependency_l6,tabular_online,evaluation_seen,opaque,imagined_nodes,30,0.0,0.0,0.0,0.0,0.0,0.0
ablation,ablation,full_depth4_branch4_max,opaque_dependency_l6,tabular_online,evaluation_seen,opaque,imagination_depth,30,0.0,0.0,0.0,0.0,0.0,0.0
ablation,ablation,full_depth4_branch4_max,opaque_dependency_l6,tabular_online,evaluation_seen,opaque,actual_return,30,0.0,0.0,0.0,0.0,0.0,0.0
ablation,ablation,full_depth4_branch4_max,opaque_dependency_l6,tabular_online,evaluation_seen,opaque,runtime_seconds,30,0.003378678099878016,0.0004222522657894822,0.0032366293164862634,0.0035315797332538448,0.0027854999994451645,0.004176019998558331
ablation,ablation,full_depth4_branch4_max,opaque_dependency_l6,tabular_online,evaluation_seen,opaque,real_transitions,30,6.0,0.0,6.0,6.0,6.0,6.0
ablation,ablation,full_depth4_branch4_max,opaque_dependency_l6,tabular_online,evaluation_seen,opaque,imagined_transitions,30,0.0,0.0,0.0,0.0,0.0,0.0
ablation,ablation,full_depth4_branch4_max,opaque_dependency_l6,tabular_online,evaluation_seen,opaque,action_proposals,30,6.0,0.0,6.0,6.0,6.0,6.0
ablation,ablation,full_depth4_branch4_max,opaque_dependency_l6,tabular_online,evaluation_seen,opaque,repeat_rate,30,0.0,0.0,0.0,0.0,0.0,0.0
ablation,ablation,full_depth4_branch4_max,opaque_dependency_l6,tabular_online,evaluation_seen,opaque,error_rate,30,0.0,0.0,0.0,0.0,0.0,0.0
ablation,ablation,full_depth4_branch4_max,opaque_dependency_l6,tabular_online,evaluation_unseen_zero_shot,opaque,success,30,0.0,0.0,0.0,0.0,0.0,0.0
ablation,ablation,full_depth4_branch4_max,opaque_dependency_l6,tabular_online,evaluation_unseen_zero_shot,opaque,steps,30,6.0,0.0,6.0,6.0,6.0,6.0
ablation,ablation,full_depth4_branch4_max,opaque_dependency_l6,tabular_online,evaluation_unseen_zero_shot,opaque,high_level_steps,30,6.0,0.0,6.0,6.0,6.0,6.0
ablation,ablation,full_depth4_branch4_max,opaque_dependency_l6,tabular_online,evaluation_unseen_zero_shot,opaque,primitive_steps,30,6.0,0.0,6.0,6.0,6.0,6.0
ablation,ablation,full_depth4_branch4_max,opaque_dependency_l6,tabular_online,evaluation_unseen_zero_shot,opaque,reward,30,0.0,0.0,0.0,0.0,0.0,0.0
ablation,ablation,full_depth4_branch4_max,opaque_dependency_l6,tabular_online,evaluation_unseen_zero_shot,opaque,errors,30,0.0,0.0,0.0,0.0,0.0,0.0
ablation,ablation,full_depth4_branch4_max,opaque_dependency_l6,tabular_online,evaluation_unseen_zero_shot,opaque,repeats,30,0.0,0.0,0.0,0.0,0.0,0.0
ablation,ablation,full_depth4_branch4_max,opaque_dependency_l6,tabular_online,evaluation_unseen_zero_shot,opaque,prediction_score,30,0.0,0.0,0.0,0.0,0.0,0.0
ablation,ablation,full_depth4_branch4_max,opaque_dependency_l6,tabular_online,evaluation_unseen_zero_shot,opaque,holdout_score,30,1.0,0.0,1.0,1.0,1.0,1.0
ablation,ablation,full_depth4_branch4_max,opaque_dependency_l6,tabular_online,evaluation_unseen_zero_shot,opaque,imagined_nodes,30,0.0,0.0,0.0,0.0,0.0,0.0
ablation,ablation,full_depth4_branch4_max,opaque_dependency_l6,tabular_online,evaluation_unseen_zero_shot,opaque,imagination_depth,30,0.0,0.0,0.0,0.0,0.0,0.0
ablation,ablation,full_depth4_branch4_max,opaque_dependency_l6,tabular_online,evaluation_unseen_zero_shot,opaque,actual_return,30,0.0,0.0,0.0,0.0,0.0,0.0
ablation,ablation,full_depth4_branch4_max,opaque_dependency_l6,tabular_online,evaluation_unseen_zero_shot,opaque,runtime_seconds,30,0.0034688522834524825,0.0003836262618709729,0.003334835266757485,0.0036013958999489355,0.002767478500754805,0.004073593500943389
ablation,ablation,full_depth4_branch4_max,opaque_dependency_l6,tabular_online,evaluation_unseen_zero_shot,opaque,real_transitions,30,6.0,0.0,6.0,6.0,6.0,6.0
ablation,ablation,full_depth4_branch4_max,opaque_dependency_l6,tabular_online,evaluation_unseen_zero_shot,opaque,imagined_transitions,30,0.0,0.0,0.0,0.0,0.0,0.0
ablation,ablation,full_depth4_branch4_max,opaque_dependency_l6,tabular_online,evaluation_unseen_zero_shot,opaque,action_proposals,30,6.0,0.0,6.0,6.0,6.0,6.0
ablation,ablation,full_depth4_branch4_max,opaque_dependency_l6,tabular_online,evaluation_unseen_zero_shot,opaque,repeat_rate,30,0.0,0.0,0.0,0.0,0.0,0.0
ablation,ablation,full_depth4_branch4_max,opaque_dependency_l6,tabular_online,evaluation_unseen_zero_shot,opaque,error_rate,30,0.0,0.0,0.0,0.0,0.0,0.0
ablation,ablation,full_depth4_branch4_max,opaque_dependency_l6,tabular_online,training,opaque,success,30,0.33521666666666666,0.07133779325943883,0.3103666666666667,0.3604,0.217,0.493
ablation,ablation,full_depth4_branch4_max,opaque_dependency_l6,tabular_online,training,opaque,steps,30,6.0,0.0,6.0,6.0,6.0,6.0
ablation,ablation,full_depth4_branch4_max,opaque_dependency_l6,tabular_online,training,opaque,high_level_steps,30,6.0,0.0,6.0,6.0,6.0,6.0
ablation,ablation,full_depth4_branch4_max,opaque_dependency_l6,tabular_online,training,opaque,primitive_steps,30,6.0,0.0,6.0,6.0,6.0,6.0
ablation,ablation,full_depth4_branch4_max,opaque_dependency_l6,tabular_online,training,opaque,reward,30,0.33521666666666666,0.07133779325943883,0.3108,0.3603833333333333,0.217,0.493
ablation,ablation,full_depth4_branch4_max,opaque_dependency_l6,tabular_online,training,opaque,errors,30,0.0,0.0,0.0,0.0,0.0,0.0
ablation,ablation,full_depth4_branch4_max,opaque_dependency_l6,tabular_online,training,opaque,repeats,30,0.0,0.0,0.0,0.0,0.0,0.0
ablation,ablation,full_depth4_branch4_max,opaque_dependency_l6,tabular_online,training,opaque,prediction_score,30,0.9899944444444445,0.0005587742011924325,0.9897972222222222,0.9901888888888889,0.98875,0.9909166666666667
ablation,ablation,full_depth4_branch4_max,opaque_dependency_l6,tabular_online,training,opaque,holdout_score,30,0.12354595175287926,0.00021976011280834515,0.12346607133943173,0.12362008639733957,0.12305159026929598,0.1239719795736979
ablation,ablation,full_depth4_branch4_max,opaque_dependency_l6,tabular_online,training,opaque,holdout_gain,30,6.3778436010959445e-06,4.876738246617554e-06,4.740565375982043e-06,8.121103405017514e-06,0.0,1.7361111111111104e-05
ablation,ablation,full_depth4_branch4_max,opaque_dependency_l6,tabular_online,training,opaque,imagined_nodes,30,89.57891666666666,0.49387811010782756,89.39863333333332,89.74605,88.6785,90.436
ablation,ablation,full_depth4_branch4_max,opaque_dependency_l6,tabular_online,training,opaque,imagination_depth,30,3.8075833333333335,0.012527269106408107,3.8030166666666667,3.811916666666667,3.7755,3.83
ablation,ablation,full_depth4_branch4_max,opaque_dependency_l6,tabular_online,training,opaque,actual_return,30,0.33521666666666666,0.07133779325943883,0.3103666666666667,0.36013333333333336,0.217,0.493
ablation,ablation,full_depth4_branch4_max,opaque_dependency_l6,tabular_online,training,opaque,runtime_seconds,30,0.0040569867200014416,0.0002659980133828691,0.003966049189974729,0.0041502072749945605,0.0033730288001825102,0.004686487149840104
ablation,ablation,full_depth4_branch4_max,opaque_dependency_l6,tabular_online,training,opaque,real_transitions,30,6.0,0.0,6.0,6.0,6.0,6.0
ablation,ablation,full_depth4_branch4_max,opaque_dependency_l6,tabular_online,training,opaque,imagined_transitions,30,89.57891666666666,0.49387811010782756,89.40256666666667,89.75266666666667,88.6785,90.436
ablation,ablation,full_depth4_branch4_max,opaque_dependency_l6,tabular_online,training,opaque,action_proposals,30,6.0,0.0,6.0,6.0,6.0,6.0
ablation,ablation,full_depth4_branch4_max,opaque_dependency_l6,tabular_online,training,opaque,repeat_rate,30,0.0,0.0,0.0,0.0,0.0,0.0
ablation,ablation,full_depth4_branch4_max,opaque_dependency_l6,tabular_online,training,opaque,error_rate,30,0.0,0.0,0.0,0.0,0.0,0.0
ablation,ablation,full_depth4_branch4_max,opaque_dependency_l6,tabular_online,training,opaque,learning_auc,30,0.33526763381690844,0.07129862756311883,0.31033016508254124,0.36030515257628815,0.21710855427713857,0.4932466233116558
ablation,ablation,full_depth4_branch4_max,opaque_dependency_l6,tabular_online,training,opaque,final_tail_success,30,0.4995,0.10892381076570971,0.46066666666666667,0.538,0.31,0.705
ablation,ablation,full_depth4_branch4_max,opaque_dependency_l6,tabular_online,training,opaque,first_success_real_transitions,30,282.2,212.5148919731152,209.0,359.8,6.0,678.0
ablation,ablation,full_depth4_branch4_mean,opaque_dependency_l6,tabular_online,evaluation_seen,opaque,success,30,0.0,0.0,0.0,0.0,0.0,0.0
ablation,ablation,full_depth4_branch4_mean,opaque_dependency_l6,tabular_online,evaluation_seen,opaque,steps,30,6.0,0.0,6.0,6.0,6.0,6.0
ablation,ablation,full_depth4_branch4_mean,opaque_dependency_l6,tabular_online,evaluation_seen,opaque,high_level_steps,30,6.0,0.0,6.0,6.0,6.0,6.0
ablation,ablation,full_depth4_branch4_mean,opaque_dependency_l6,tabular_online,evaluation_seen,opaque,primitive_steps,30,6.0,0.0,6.0,6.0,6.0,6.0
ablation,ablation,full_depth4_branch4_mean,opaque_dependency_l6,tabular_online,evaluation_seen,opaque,reward,30,0.0,0.0,0.0,0.0,0.0,0.0
ablation,ablation,full_depth4_branch4_mean,opaque_dependency_l6,tabular_online,evaluation_seen,opaque,errors,30,0.0,0.0,0.0,0.0,0.0,0.0
ablation,ablation,full_depth4_branch4_mean,opaque_dependency_l6,tabular_online,evaluation_seen,opaque,repeats,30,0.0,0.0,0.0,0.0,0.0,0.0
ablation,ablation,full_depth4_branch4_mean,opaque_dependency_l6,tabular_online,evaluation_seen,opaque,prediction_score,30,0.0,0.0,0.0,0.0,0.0,0.0
ablation,ablation,full_depth4_branch4_mean,opaque_dependency_l6,tabular_online,evaluation_seen,opaque,holdout_score,30,1.0,0.0,1.0,1.0,1.0,1.0
ablation,ablation,full_depth4_branch4_mean,opaque_dependency_l6,tabular_online,evaluation_seen,opaque,imagined_nodes,30,0.0,0.0,0.0,0.0,0.0,0.0
ablation,ablation,full_depth4_branch4_mean,opaque_dependency_l6,tabular_online,evaluation_seen,opaque,imagination_depth,30,0.0,0.0,0.0,0.0,0.0,0.0
ablation,ablation,full_depth4_branch4_mean,opaque_dependency_l6,tabular_online,evaluation_seen,opaque,actual_return,30,0.0,0.0,0.0,0.0,0.0,0.0
ablation,ablation,full_depth4_branch4_mean,opaque_dependency_l6,tabular_online,evaluation_seen,opaque,runtime_seconds,30,0.003372621299926929,0.0004225996263449617,0.003226007999862001,0.0035226970000367145,0.0027562820001912768,0.004024983999115648
ablation,ablation,full_depth4_branch4_mean,opaque_dependency_l6,tabular_online,evaluation_seen,opaque,real_transitions,30,6.0,0.0,6.0,6.0,6.0,6.0
ablation,ablation,full_depth4_branch4_mean,opaque_dependency_l6,tabular_online,evaluation_seen,opaque,imagined_transitions,30,0.0,0.0,0.0,0.0,0.0,0.0
ablation,ablation,full_depth4_branch4_mean,opaque_dependency_l6,tabular_online,evaluation_seen,opaque,action_proposals,30,6.0,0.0,6.0,6.0,6.0,6.0
ablation,ablation,full_depth4_branch4_mean,opaque_dependency_l6,tabular_online,evaluation_seen,opaque,repeat_rate,30,0.0,0.0,0.0,0.0,0.0,0.0
ablation,ablation,full_depth4_branch4_mean,opaque_dependency_l6,tabular_online,evaluation_seen,opaque,error_rate,30,0.0,0.0,0.0,0.0,0.0,0.0
ablation,ablation,full_depth4_branch4_mean,opaque_dependency_l6,tabular_online,evaluation_unseen_zero_shot,opaque,success,30,0.0,0.0,0.0,0.0,0.0,0.0
ablation,ablation,full_depth4_branch4_mean,opaque_dependency_l6,tabular_online,evaluation_unseen_zero_shot,opaque,steps,30,6.0,0.0,6.0,6.0,6.0,6.0
ablation,ablation,full_depth4_branch4_mean,opaque_dependency_l6,tabular_online,evaluation_unseen_zero_shot,opaque,high_level_steps,30,6.0,0.0,6.0,6.0,6.0,6.0
ablation,ablation,full_depth4_branch4_mean,opaque_dependency_l6,tabular_online,evaluation_unseen_zero_shot,opaque,primitive_steps,30,6.0,0.0,6.0,6.0,6.0,6.0
ablation,ablation,full_depth4_branch4_mean,opaque_dependency_l6,tabular_online,evaluation_unseen_zero_shot,opaque,reward,30,0.0,0.0,0.0,0.0,0.0,0.0
ablation,ablation,full_depth4_branch4_mean,opaque_dependency_l6,tabular_online,evaluation_unseen_zero_shot,opaque,errors,30,0.0,0.0,0.0,0.0,0.0,0.0
ablation,ablation,full_depth4_branch4_mean,opaque_dependency_l6,tabular_online,evaluation_unseen_zero_shot,opaque,repeats,30,0.0,0.0,0.0,0.0,0.0,0.0
ablation,ablation,full_depth4_branch4_mean,opaque_dependency_l6,tabular_online,evaluation_unseen_zero_shot,opaque,prediction_score,30,0.0,0.0,0.0,0.0,0.0,0.0
ablation,ablation,full_depth4_branch4_mean,opaque_dependency_l6,tabular_online,evaluation_unseen_zero_shot,opaque,holdout_score,30,1.0,0.0,1.0,1.0,1.0,1.0
ablation,ablation,full_depth4_branch4_mean,opaque_dependency_l6,tabular_online,evaluation_unseen_zero_shot,opaque,imagined_nodes,30,0.0,0.0,0.0,0.0,0.0,0.0
ablation,ablation,full_depth4_branch4_mean,opaque_dependency_l6,tabular_online,evaluation_unseen_zero_shot,opaque,imagination_depth,30,0.0,0.0,0.0,0.0,0.0,0.0
ablation,ablation,full_depth4_branch4_mean,opaque_dependency_l6,tabular_online,evaluation_unseen_zero_shot,opaque,actual_return,30,0.0,0.0,0.0,0.0,0.0,0.0
ablation,ablation,full_depth4_branch4_mean,opaque_dependency_l6,tabular_online,evaluation_unseen_zero_shot,opaque,runtime_seconds,30,0.0033735515996910787,0.00039105290875816705,0.0032343752331847405,0.003510240066592814,0.0026912094990257174,0.0040095630011637694
ablation,ablation,full_depth4_branch4_mean,opaque_dependency_l6,tabular_online,evaluation_unseen_zero_shot,opaque,real_transitions,30,6.0,0.0,6.0,6.0,6.0,6.0
ablation,ablation,full_depth4_branch4_mean,opaque_dependency_l6,tabular_online,evaluation_unseen_zero_shot,opaque,imagined_transitions,30,0.0,0.0,0.0,0.0,0.0,0.0
ablation,ablation,full_depth4_branch4_mean,opaque_dependency_l6,tabular_online,evaluation_unseen_zero_shot,opaque,action_proposals,30,6.0,0.0,6.0,6.0,6.0,6.0
ablation,ablation,full_depth4_branch4_mean,opaque_dependency_l6,tabular_online,evaluation_unseen_zero_shot,opaque,repeat_rate,30,0.0,0.0,0.0,0.0,0.0,0.0
ablation,ablation,full_depth4_branch4_mean,opaque_dependency_l6,tabular_online,evaluation_unseen_zero_shot,opaque,error_rate,30,0.0,0.0,0.0,0.0,0.0,0.0
ablation,ablation,full_depth4_branch4_mean,opaque_dependency_l6,tabular_online,training,opaque,success,30,0.33521666666666666,0.07133779325943883,0.31056666666666666,0.3606333333333333,0.217,0.493
ablation,ablation,full_depth4_branch4_mean,opaque_dependency_l6,tabular_online,training,opaque,steps,30,6.0,0.0,6.0,6.0,6.0,6.0
ablation,ablation,full_depth4_branch4_mean,opaque_dependency_l6,tabular_online,training,opaque,high_level_steps,30,6.0,0.0,6.0,6.0,6.0,6.0
ablation,ablation,full_depth4_branch4_mean,opaque_dependency_l6,tabular_online,training,opaque,primitive_steps,30,6.0,0.0,6.0,6.0,6.0,6.0
ablation,ablation,full_depth4_branch4_mean,opaque_dependency_l6,tabular_online,training,opaque,reward,30,0.33521666666666666,0.07133779325943883,0.3110166666666666,0.3599333333333333,0.217,0.493
ablation,ablation,full_depth4_branch4_mean,opaque_dependency_l6,tabular_online,training,opaque,errors,30,0.0,0.0,0.0,0.0,0.0,0.0
ablation,ablation,full_depth4_branch4_mean,opaque_dependency_l6,tabular_online,training,opaque,repeats,30,0.0,0.0,0.0,0.0,0.0,0.0
ablation,ablation,full_depth4_branch4_mean,opaque_dependency_l6,tabular_online,training,opaque,prediction_score,30,0.9899944444444445,0.0005587742011924325,0.9898,0.9901805555555555,0.98875,0.9909166666666667
ablation,ablation,full_depth4_branch4_mean,opaque_dependency_l6,tabular_online,training,opaque,holdout_score,30,0.12354595175287926,0.00021976011280834515,0.12346705066736426,0.12362220997101599,0.12305159026929598,0.1239719795736979
ablation,ablation,full_depth4_branch4_mean,opaque_dependency_l6,tabular_online,training,opaque,holdout_gain,30,6.3778436010959445e-06,4.876738246617554e-06,4.675709338299917e-06,8.172763210353788e-06,0.0,1.7361111111111104e-05
ablation,ablation,full_depth4_branch4_mean,opaque_dependency_l6,tabular_online,training,opaque,imagined_nodes,30,89.57891666666666,0.49387811010782756,89.408,89.75143333333334,88.6785,90.436
ablation,ablation,full_depth4_branch4_mean,opaque_dependency_l6,tabular_online,training,opaque,imagination_depth,30,3.8075833333333335,0.012527269106408107,3.80305,3.8121333333333336,3.7755,3.83
ablation,ablation,full_depth4_branch4_mean,opaque_dependency_l6,tabular_online,training,opaque,actual_return,30,0.33521666666666666,0.07133779325943883,0.3106,0.3598166666666666,0.217,0.493
ablation,ablation,full_depth4_branch4_mean,opaque_dependency_l6,tabular_online,training,opaque,runtime_seconds,30,0.003983695748381433,0.00022953606098992155,0.003899422086763661,0.00405930455000004,0.0033583660001459065,0.004325727000075858
ablation,ablation,full_depth4_branch4_mean,opaque_dependency_l6,tabular_online,training,opaque,real_transitions,30,6.0,0.0,6.0,6.0,6.0,6.0
ablation,ablation,full_depth4_branch4_mean,opaque_dependency_l6,tabular_online,training,opaque,imagined_transitions,30,89.57891666666666,0.49387811010782756,89.40653333333333,89.75818333333333,88.6785,90.436
ablation,ablation,full_depth4_branch4_mean,opaque_dependency_l6,tabular_online,training,opaque,action_proposals,30,6.0,0.0,6.0,6.0,6.0,6.0
ablation,ablation,full_depth4_branch4_mean,opaque_dependency_l6,tabular_online,training,opaque,repeat_rate,30,0.0,0.0,0.0,0.0,0.0,0.0
ablation,ablation,full_depth4_branch4_mean,opaque_dependency_l6,tabular_online,training,opaque,error_rate,30,0.0,0.0,0.0,0.0,0.0,0.0
ablation,ablation,full_depth4_branch4_mean,opaque_dependency_l6,tabular_online,training,opaque,learning_auc,30,0.33526763381690844,0.07129862756311883,0.3098299149574787,0.35994663998666,0.21710855427713857,0.4932466233116558
ablation,ablation,full_depth4_branch4_mean,opaque_dependency_l6,tabular_online,training,opaque,final_tail_success,30,0.4995,0.10892381076570971,0.46049999999999996,0.538,0.31,0.705
ablation,ablation,full_depth4_branch4_mean,opaque_dependency_l6,tabular_online,training,opaque,first_success_real_transitions,30,282.2,212.5148919731152,208.8,360.6,6.0,678.0
ablation,ablation,full_depth4_branch4_risk-adjusted,opaque_dependency_l6,tabular_online,evaluation_seen,opaque,success,30,0.0,0.0,0.0,0.0,0.0,0.0
ablation,ablation,full_depth4_branch4_risk-adjusted,opaque_dependency_l6,tabular_online,evaluation_seen,opaque,steps,30,6.0,0.0,6.0,6.0,6.0,6.0
ablation,ablation,full_depth4_branch4_risk-adjusted,opaque_dependency_l6,tabular_online,evaluation_seen,opaque,high_level_steps,30,6.0,0.0,6.0,6.0,6.0,6.0
ablation,ablation,full_depth4_branch4_risk-adjusted,opaque_dependency_l6,tabular_online,evaluation_seen,opaque,primitive_steps,30,6.0,0.0,6.0,6.0,6.0,6.0
ablation,ablation,full_depth4_branch4_risk-adjusted,opaque_dependency_l6,tabular_online,evaluation_seen,opaque,reward,30,0.0,0.0,0.0,0.0,0.0,0.0
ablation,ablation,full_depth4_branch4_risk-adjusted,opaque_dependency_l6,tabular_online,evaluation_seen,opaque,errors,30,0.0,0.0,0.0,0.0,0.0,0.0
ablation,ablation,full_depth4_branch4_risk-adjusted,opaque_dependency_l6,tabular_online,evaluation_seen,opaque,repeats,30,0.0,0.0,0.0,0.0,0.0,0.0
ablation,ablation,full_depth4_branch4_risk-adjusted,opaque_dependency_l6,tabular_online,evaluation_seen,opaque,prediction_score,30,0.0,0.0,0.0,0.0,0.0,0.0
ablation,ablation,full_depth4_branch4_risk-adjusted,opaque_dependency_l6,tabular_online,evaluation_seen,opaque,holdout_score,30,1.0,0.0,1.0,1.0,1.0,1.0
ablation,ablation,full_depth4_branch4_risk-adjusted,opaque_dependency_l6,tabular_online,evaluation_seen,opaque,imagined_nodes,30,0.0,0.0,0.0,0.0,0.0,0.0
ablation,ablation,full_depth4_branch4_risk-adjusted,opaque_dependency_l6,tabular_online,evaluation_seen,opaque,imagination_depth,30,0.0,0.0,0.0,0.0,0.0,0.0
ablation,ablation,full_depth4_branch4_risk-adjusted,opaque_dependency_l6,tabular_online,evaluation_seen,opaque,actual_return,30,0.0,0.0,0.0,0.0,0.0,0.0
ablation,ablation,full_depth4_branch4_risk-adjusted,opaque_dependency_l6,tabular_online,evaluation_seen,opaque,runtime_seconds,30,0.003463195099810643,0.00042452459540006054,0.0033160836164946284,0.003614957516624903,0.0027743274996464605,0.004411291999858804
ablation,ablation,full_depth4_branch4_risk-adjusted,opaque_dependency_l6,tabular_online,evaluation_seen,opaque,real_transitions,30,6.0,0.0,6.0,6.0,6.0,6.0
ablation,ablation,full_depth4_branch4_risk-adjusted,opaque_dependency_l6,tabular_online,evaluation_seen,opaque,imagined_transitions,30,0.0,0.0,0.0,0.0,0.0,0.0
ablation,ablation,full_depth4_branch4_risk-adjusted,opaque_dependency_l6,tabular_online,evaluation_seen,opaque,action_proposals,30,6.0,0.0,6.0,6.0,6.0,6.0
ablation,ablation,full_depth4_branch4_risk-adjusted,opaque_dependency_l6,tabular_online,evaluation_seen,opaque,repeat_rate,30,0.0,0.0,0.0,0.0,0.0,0.0
ablation,ablation,full_depth4_branch4_risk-adjusted,opaque_dependency_l6,tabular_online,evaluation_seen,opaque,error_rate,30,0.0,0.0,0.0,0.0,0.0,0.0
ablation,ablation,full_depth4_branch4_risk-adjusted,opaque_dependency_l6,tabular_online,evaluation_unseen_zero_shot,opaque,success,30,0.0,0.0,0.0,0.0,0.0,0.0
ablation,ablation,full_depth4_branch4_risk-adjusted,opaque_dependency_l6,tabular_online,evaluation_unseen_zero_shot,opaque,steps,30,6.0,0.0,6.0,6.0,6.0,6.0
ablation,ablation,full_depth4_branch4_risk-adjusted,opaque_dependency_l6,tabular_online,evaluation_unseen_zero_shot,opaque,high_level_steps,30,6.0,0.0,6.0,6.0,6.0,6.0
ablation,ablation,full_depth4_branch4_risk-adjusted,opaque_dependency_l6,tabular_online,evaluation_unseen_zero_shot,opaque,primitive_steps,30,6.0,0.0,6.0,6.0,6.0,6.0
ablation,ablation,full_depth4_branch4_risk-adjusted,opaque_dependency_l6,tabular_online,evaluation_unseen_zero_shot,opaque,reward,30,0.0,0.0,0.0,0.0,0.0,0.0
ablation,ablation,full_depth4_branch4_risk-adjusted,opaque_dependency_l6,tabular_online,evaluation_unseen_zero_shot,opaque,errors,30,0.0,0.0,0.0,0.0,0.0,0.0
ablation,ablation,full_depth4_branch4_risk-adjusted,opaque_dependency_l6,tabular_online,evaluation_unseen_zero_shot,opaque,repeats,30,0.0,0.0,0.0,0.0,0.0,0.0
ablation,ablation,full_depth4_branch4_risk-adjusted,opaque_dependency_l6,tabular_online,evaluation_unseen_zero_shot,opaque,prediction_score,30,0.0,0.0,0.0,0.0,0.0,0.0
ablation,ablation,full_depth4_branch4_risk-adjusted,opaque_dependency_l6,tabular_online,evaluation_unseen_zero_shot,opaque,holdout_score,30,1.0,0.0,1.0,1.0,1.0,1.0
ablation,ablation,full_depth4_branch4_risk-adjusted,opaque_dependency_l6,tabular_online,evaluation_unseen_zero_shot,opaque,imagined_nodes,30,0.0,0.0,0.0,0.0,0.0,0.0
ablation,ablation,full_depth4_branch4_risk-adjusted,opaque_dependency_l6,tabular_online,evaluation_unseen_zero_shot,opaque,imagination_depth,30,0.0,0.0,0.0,0.0,0.0,0.0
ablation,ablation,full_depth4_branch4_risk-adjusted,opaque_dependency_l6,tabular_online,evaluation_unseen_zero_shot,opaque,actual_return,30,0.0,0.0,0.0,0.0,0.0,0.0
ablation,ablation,full_depth4_branch4_risk-adjusted,opaque_dependency_l6,tabular_online,evaluation_unseen_zero_shot,opaque,runtime_seconds,30,0.0034186382333427903,0.00040148579434716317,0.0032768054000625853,0.003567940800082094,0.0027255265004350803,0.004182256000349298
ablation,ablation,full_depth4_branch4_risk-adjusted,opaque_dependency_l6,tabular_online,evaluation_unseen_zero_shot,opaque,real_transitions,30,6.0,0.0,6.0,6.0,6.0,6.0
ablation,ablation,full_depth4_branch4_risk-adjusted,opaque_dependency_l6,tabular_online,evaluation_unseen_zero_shot,opaque,imagined_transitions,30,0.0,0.0,0.0,0.0,0.0,0.0
ablation,ablation,full_depth4_branch4_risk-adjusted,opaque_dependency_l6,tabular_online,evaluation_unseen_zero_shot,opaque,action_proposals,30,6.0,0.0,6.0,6.0,6.0,6.0
ablation,ablation,full_depth4_branch4_risk-adjusted,opaque_dependency_l6,tabular_online,evaluation_unseen_zero_shot,opaque,repeat_rate,30,0.0,0.0,0.0,0.0,0.0,0.0
ablation,ablation,full_depth4_branch4_risk-adjusted,opaque_dependency_l6,tabular_online,evaluation_unseen_zero_shot,opaque,error_rate,30,0.0,0.0,0.0,0.0,0.0,0.0
ablation,ablation,full_depth4_branch4_risk-adjusted,opaque_dependency_l6,tabular_online,training,opaque,success,30,0.33521666666666666,0.07133779325943883,0.3101,0.3608166666666667,0.217,0.493
ablation,ablation,full_depth4_branch4_risk-adjusted,opaque_dependency_l6,tabular_online,training,opaque,steps,30,6.0,0.0,6.0,6.0,6.0,6.0
ablation,ablation,full_depth4_branch4_risk-adjusted,opaque_dependency_l6,tabular_online,training,opaque,high_level_steps,30,6.0,0.0,6.0,6.0,6.0,6.0
ablation,ablation,full_depth4_branch4_risk-adjusted,opaque_dependency_l6,tabular_online,training,opaque,primitive_steps,30,6.0,0.0,6.0,6.0,6.0,6.0
ablation,ablation,full_depth4_branch4_risk-adjusted,opaque_dependency_l6,tabular_online,training,opaque,reward,30,0.33521666666666666,0.07133779325943883,0.31006666666666666,0.3597666666666666,0.217,0.493
ablation,ablation,full_depth4_branch4_risk-adjusted,opaque_dependency_l6,tabular_online,training,opaque,errors,30,0.0,0.0,0.0,0.0,0.0,0.0
ablation,ablation,full_depth4_branch4_risk-adjusted,opaque_dependency_l6,tabular_online,training,opaque,repeats,30,0.0,0.0,0.0,0.0,0.0,0.0
ablation,ablation,full_depth4_branch4_risk-adjusted,opaque_dependency_l6,tabular_online,training,opaque,prediction_score,30,0.9899944444444445,0.0005587742011924325,0.9897972222222222,0.9901833333333333,0.98875,0.9909166666666667
ablation,ablation,full_depth4_branch4_risk-adjusted,opaque_dependency_l6,tabular_online,training,opaque,holdout_score,30,0.12354595175287926,0.00021976011280834515,0.12346797687344638,0.12361981870389568,0.12305159026929598,0.1239719795736979
ablation,ablation,full_depth4_branch4_risk-adjusted,opaque_dependency_l6,tabular_online,training,opaque,holdout_gain,30,6.3778436010959445e-06,4.876738246617554e-06,4.69903629728864e-06,8.103356184877921e-06,0.0,1.7361111111111104e-05
ablation,ablation,full_depth4_branch4_risk-adjusted,opaque_dependency_l6,tabular_online,training,opaque,imagined_nodes,30,89.57891666666666,0.49387811010782756,89.40761666666667,89.75318333333333,88.6785,90.436
ablation,ablation,full_depth4_branch4_risk-adjusted,opaque_dependency_l6,tabular_online,training,opaque,imagination_depth,30,3.8075833333333335,0.012527269106408107,3.80335,3.81205,3.7755,3.83
ablation,ablation,full_depth4_branch4_risk-adjusted,opaque_dependency_l6,tabular_online,training,opaque,actual_return,30,0.33521666666666666,0.07133779325943883,0.31033333333333335,0.36038333333333333,0.217,0.493
ablation,ablation,full_depth4_branch4_risk-adjusted,opaque_dependency_l6,tabular_online,training,opaque,runtime_seconds,30,0.004242137368307157,0.00024353187873186777,0.004153347653253877,0.0043264859866098656,0.003582641850152868,0.004776620699849445
ablation,ablation,full_depth4_branch4_risk-adjusted,opaque_dependency_l6,tabular_online,training,opaque,real_transitions,30,6.0,0.0,6.0,6.0,6.0,6.0
ablation,ablation,full_depth4_branch4_risk-adjusted,opaque_dependency_l6,tabular_online,training,opaque,imagined_transitions,30,89.57891666666666,0.49387811010782756,89.40438333333333,89.7517,88.6785,90.436
ablation,ablation,full_depth4_branch4_risk-adjusted,opaque_dependency_l6,tabular_online,training,opaque,action_proposals,30,6.0,0.0,6.0,6.0,6.0,6.0
ablation,ablation,full_depth4_branch4_risk-adjusted,opaque_dependency_l6,tabular_online,training,opaque,repeat_rate,30,0.0,0.0,0.0,0.0,0.0,0.0
ablation,ablation,full_depth4_branch4_risk-adjusted,opaque_dependency_l6,tabular_online,training,opaque,error_rate,30,0.0,0.0,0.0,0.0,0.0,0.0
ablation,ablation,full_depth4_branch4_risk-adjusted,opaque_dependency_l6,tabular_online,training,opaque,learning_auc,30,0.33526763381690844,0.07129862756311883,0.3107303651825913,0.36026346506586626,0.21710855427713857,0.4932466233116558
ablation,ablation,full_depth4_branch4_risk-adjusted,opaque_dependency_l6,tabular_online,training,opaque,final_tail_success,30,0.4995,0.10892381076570971,0.46166666666666667,0.5381666666666667,0.31,0.705
ablation,ablation,full_depth4_branch4_risk-adjusted,opaque_dependency_l6,tabular_online,training,opaque,first_success_real_transitions,30,282.2,212.5148919731152,208.6,357.4,6.0,678.0
ablation,ablation,full_depth6_branch1_max,opaque_dependency_l6,tabular_online,evaluation_seen,opaque,success,30,0.0,0.0,0.0,0.0,0.0,0.0
ablation,ablation,full_depth6_branch1_max,opaque_dependency_l6,tabular_online,evaluation_seen,opaque,steps,30,6.0,0.0,6.0,6.0,6.0,6.0
ablation,ablation,full_depth6_branch1_max,opaque_dependency_l6,tabular_online,evaluation_seen,opaque,high_level_steps,30,6.0,0.0,6.0,6.0,6.0,6.0
ablation,ablation,full_depth6_branch1_max,opaque_dependency_l6,tabular_online,evaluation_seen,opaque,primitive_steps,30,6.0,0.0,6.0,6.0,6.0,6.0
ablation,ablation,full_depth6_branch1_max,opaque_dependency_l6,tabular_online,evaluation_seen,opaque,reward,30,0.0,0.0,0.0,0.0,0.0,0.0
ablation,ablation,full_depth6_branch1_max,opaque_dependency_l6,tabular_online,evaluation_seen,opaque,errors,30,0.0,0.0,0.0,0.0,0.0,0.0
ablation,ablation,full_depth6_branch1_max,opaque_dependency_l6,tabular_online,evaluation_seen,opaque,repeats,30,0.0,0.0,0.0,0.0,0.0,0.0
ablation,ablation,full_depth6_branch1_max,opaque_dependency_l6,tabular_online,evaluation_seen,opaque,prediction_score,30,0.0,0.0,0.0,0.0,0.0,0.0
ablation,ablation,full_depth6_branch1_max,opaque_dependency_l6,tabular_online,evaluation_seen,opaque,holdout_score,30,1.0,0.0,1.0,1.0,1.0,1.0
ablation,ablation,full_depth6_branch1_max,opaque_dependency_l6,tabular_online,evaluation_seen,opaque,imagined_nodes,30,0.0,0.0,0.0,0.0,0.0,0.0
ablation,ablation,full_depth6_branch1_max,opaque_dependency_l6,tabular_online,evaluation_seen,opaque,imagination_depth,30,0.0,0.0,0.0,0.0,0.0,0.0
ablation,ablation,full_depth6_branch1_max,opaque_dependency_l6,tabular_online,evaluation_seen,opaque,actual_return,30,0.0,0.0,0.0,0.0,0.0,0.0
ablation,ablation,full_depth6_branch1_max,opaque_dependency_l6,tabular_online,evaluation_seen,opaque,runtime_seconds,30,0.003454508116459086,0.00039976238283855666,0.0033100437831065695,0.0035915665665622026,0.002815735999465687,0.004172402501280885
ablation,ablation,full_depth6_branch1_max,opaque_dependency_l6,tabular_online,evaluation_seen,opaque,real_transitions,30,6.0,0.0,6.0,6.0,6.0,6.0
ablation,ablation,full_depth6_branch1_max,opaque_dependency_l6,tabular_online,evaluation_seen,opaque,imagined_transitions,30,0.0,0.0,0.0,0.0,0.0,0.0
ablation,ablation,full_depth6_branch1_max,opaque_dependency_l6,tabular_online,evaluation_seen,opaque,action_proposals,30,6.0,0.0,6.0,6.0,6.0,6.0
ablation,ablation,full_depth6_branch1_max,opaque_dependency_l6,tabular_online,evaluation_seen,opaque,repeat_rate,30,0.0,0.0,0.0,0.0,0.0,0.0
ablation,ablation,full_depth6_branch1_max,opaque_dependency_l6,tabular_online,evaluation_seen,opaque,error_rate,30,0.0,0.0,0.0,0.0,0.0,0.0
ablation,ablation,full_depth6_branch1_max,opaque_dependency_l6,tabular_online,evaluation_unseen_zero_shot,opaque,success,30,0.0,0.0,0.0,0.0,0.0,0.0
ablation,ablation,full_depth6_branch1_max,opaque_dependency_l6,tabular_online,evaluation_unseen_zero_shot,opaque,steps,30,6.0,0.0,6.0,6.0,6.0,6.0
ablation,ablation,full_depth6_branch1_max,opaque_dependency_l6,tabular_online,evaluation_unseen_zero_shot,opaque,high_level_steps,30,6.0,0.0,6.0,6.0,6.0,6.0
ablation,ablation,full_depth6_branch1_max,opaque_dependency_l6,tabular_online,evaluation_unseen_zero_shot,opaque,primitive_steps,30,6.0,0.0,6.0,6.0,6.0,6.0
ablation,ablation,full_depth6_branch1_max,opaque_dependency_l6,tabular_online,evaluation_unseen_zero_shot,opaque,reward,30,0.0,0.0,0.0,0.0,0.0,0.0
ablation,ablation,full_depth6_branch1_max,opaque_dependency_l6,tabular_online,evaluation_unseen_zero_shot,opaque,errors,30,0.0,0.0,0.0,0.0,0.0,0.0
ablation,ablation,full_depth6_branch1_max,opaque_dependency_l6,tabular_online,evaluation_unseen_zero_shot,opaque,repeats,30,0.0,0.0,0.0,0.0,0.0,0.0
ablation,ablation,full_depth6_branch1_max,opaque_dependency_l6,tabular_online,evaluation_unseen_zero_shot,opaque,prediction_score,30,0.0,0.0,0.0,0.0,0.0,0.0
ablation,ablation,full_depth6_branch1_max,opaque_dependency_l6,tabular_online,evaluation_unseen_zero_shot,opaque,holdout_score,30,1.0,0.0,1.0,1.0,1.0,1.0
ablation,ablation,full_depth6_branch1_max,opaque_dependency_l6,tabular_online,evaluation_unseen_zero_shot,opaque,imagined_nodes,30,0.0,0.0,0.0,0.0,0.0,0.0
ablation,ablation,full_depth6_branch1_max,opaque_dependency_l6,tabular_online,evaluation_unseen_zero_shot,opaque,imagination_depth,30,0.0,0.0,0.0,0.0,0.0,0.0
ablation,ablation,full_depth6_branch1_max,opaque_dependency_l6,tabular_online,evaluation_unseen_zero_shot,opaque,actual_return,30,0.0,0.0,0.0,0.0,0.0,0.0
ablation,ablation,full_depth6_branch1_max,opaque_dependency_l6,tabular_online,evaluation_unseen_zero_shot,opaque,runtime_seconds,30,0.003356709883349443,0.0004071895105779427,0.0032155804835104695,0.003498678566820066,0.0027814814998419024,0.004165654000680661
ablation,ablation,full_depth6_branch1_max,opaque_dependency_l6,tabular_online,evaluation_unseen_zero_shot,opaque,real_transitions,30,6.0,0.0,6.0,6.0,6.0,6.0
ablation,ablation,full_depth6_branch1_max,opaque_dependency_l6,tabular_online,evaluation_unseen_zero_shot,opaque,imagined_transitions,30,0.0,0.0,0.0,0.0,0.0,0.0
ablation,ablation,full_depth6_branch1_max,opaque_dependency_l6,tabular_online,evaluation_unseen_zero_shot,opaque,action_proposals,30,6.0,0.0,6.0,6.0,6.0,6.0
ablation,ablation,full_depth6_branch1_max,opaque_dependency_l6,tabular_online,evaluation_unseen_zero_shot,opaque,repeat_rate,30,0.0,0.0,0.0,0.0,0.0,0.0
ablation,ablation,full_depth6_branch1_max,opaque_dependency_l6,tabular_online,evaluation_unseen_zero_shot,opaque,error_rate,30,0.0,0.0,0.0,0.0,0.0,0.0
ablation,ablation,full_depth6_branch1_max,opaque_dependency_l6,tabular_online,training,opaque,success,30,0.33521666666666666,0.07133779325943883,0.3108666666666667,0.36041666666666666,0.217,0.493
ablation,ablation,full_depth6_branch1_max,opaque_dependency_l6,tabular_online,training,opaque,steps,30,6.0,0.0,6.0,6.0,6.0,6.0
ablation,ablation,full_depth6_branch1_max,opaque_dependency_l6,tabular_online,training,opaque,high_level_steps,30,6.0,0.0,6.0,6.0,6.0,6.0
ablation,ablation,full_depth6_branch1_max,opaque_dependency_l6,tabular_online,training,opaque,primitive_steps,30,6.0,0.0,6.0,6.0,6.0,6.0
ablation,ablation,full_depth6_branch1_max,opaque_dependency_l6,tabular_online,training,opaque,reward,30,0.33521666666666666,0.07133779325943883,0.3111833333333333,0.3604833333333333,0.217,0.493
ablation,ablation,full_depth6_branch1_max,opaque_dependency_l6,tabular_online,training,opaque,errors,30,0.0,0.0,0.0,0.0,0.0,0.0
ablation,ablation,full_depth6_branch1_max,opaque_dependency_l6,tabular_online,training,opaque,repeats,30,0.0,0.0,0.0,0.0,0.0,0.0
ablation,ablation,full_depth6_branch1_max,opaque_dependency_l6,tabular_online,training,opaque,prediction_score,30,0.9899944444444445,0.0005587742011924325,0.9897972222222222,0.9901861111111111,0.98875,0.9909166666666667
ablation,ablation,full_depth6_branch1_max,opaque_dependency_l6,tabular_online,training,opaque,holdout_score,30,0.12354595175287926,0.00021976011280834515,0.12346824684836011,0.12362196131285778,0.12305159026929598,0.1239719795736979
ablation,ablation,full_depth6_branch1_max,opaque_dependency_l6,tabular_online,training,opaque,holdout_gain,30,6.3778436010959445e-06,4.876738246617554e-06,4.694184287934287e-06,8.088054139231675e-06,0.0,1.7361111111111104e-05
ablation,ablation,full_depth6_branch1_max,opaque_dependency_l6,tabular_online,training,opaque,imagined_nodes,30,20.497416666666666,0.10055827640737998,20.462016666666667,20.534066666666668,20.3205,20.668
ablation,ablation,full_depth6_branch1_max,opaque_dependency_l6,tabular_online,training,opaque,imagination_depth,30,5.439533333333333,0.02417462809803205,5.430983333333333,5.448016666666667,5.379,5.493
ablation,ablation,full_depth6_branch1_max,opaque_dependency_l6,tabular_online,training,opaque,actual_return,30,0.33521666666666666,0.07133779325943883,0.31028333333333336,0.36041666666666666,0.217,0.493
ablation,ablation,full_depth6_branch1_max,opaque_dependency_l6,tabular_online,training,opaque,runtime_seconds,30,0.0020366867117520694,0.00013341072747212308,0.001992358380020111,0.0020866439933680037,0.0018021291999320965,0.0024923016498360085
ablation,ablation,full_depth6_branch1_max,opaque_dependency_l6,tabular_online,training,opaque,real_transitions,30,6.0,0.0,6.0,6.0,6.0,6.0
ablation,ablation,full_depth6_branch1_max,opaque_dependency_l6,tabular_online,training,opaque,imagined_transitions,30,20.497416666666666,0.10055827640737998,20.46173333333333,20.532766666666664,20.3205,20.668
ablation,ablation,full_depth6_branch1_max,opaque_dependency_l6,tabular_online,training,opaque,action_proposals,30,6.0,0.0,6.0,6.0,6.0,6.0
ablation,ablation,full_depth6_branch1_max,opaque_dependency_l6,tabular_online,training,opaque,repeat_rate,30,0.0,0.0,0.0,0.0,0.0,0.0
ablation,ablation,full_depth6_branch1_max,opaque_dependency_l6,tabular_online,training,opaque,error_rate,30,0.0,0.0,0.0,0.0,0.0,0.0
ablation,ablation,full_depth6_branch1_max,opaque_dependency_l6,tabular_online,training,opaque,learning_auc,30,0.33526763381690844,0.07129862756311883,0.3101217275304319,0.36066366516591625,0.21710855427713857,0.4932466233116558
ablation,ablation,full_depth6_branch1_max,opaque_dependency_l6,tabular_online,training,opaque,final_tail_success,30,0.4995,0.10892381076570971,0.4623333333333334,0.539,0.31,0.705
ablation,ablation,full_depth6_branch1_max,opaque_dependency_l6,tabular_online,training,opaque,first_success_real_transitions,30,282.2,212.5148919731152,209.0,358.0,6.0,678.0
ablation,ablation,full_depth6_branch1_mean,opaque_dependency_l6,tabular_online,evaluation_seen,opaque,success,30,0.0,0.0,0.0,0.0,0.0,0.0
ablation,ablation,full_depth6_branch1_mean,opaque_dependency_l6,tabular_online,evaluation_seen,opaque,steps,30,6.0,0.0,6.0,6.0,6.0,6.0
ablation,ablation,full_depth6_branch1_mean,opaque_dependency_l6,tabular_online,evaluation_seen,opaque,high_level_steps,30,6.0,0.0,6.0,6.0,6.0,6.0
ablation,ablation,full_depth6_branch1_mean,opaque_dependency_l6,tabular_online,evaluation_seen,opaque,primitive_steps,30,6.0,0.0,6.0,6.0,6.0,6.0
ablation,ablation,full_depth6_branch1_mean,opaque_dependency_l6,tabular_online,evaluation_seen,opaque,reward,30,0.0,0.0,0.0,0.0,0.0,0.0
ablation,ablation,full_depth6_branch1_mean,opaque_dependency_l6,tabular_online,evaluation_seen,opaque,errors,30,0.0,0.0,0.0,0.0,0.0,0.0
ablation,ablation,full_depth6_branch1_mean,opaque_dependency_l6,tabular_online,evaluation_seen,opaque,repeats,30,0.0,0.0,0.0,0.0,0.0,0.0
ablation,ablation,full_depth6_branch1_mean,opaque_dependency_l6,tabular_online,evaluation_seen,opaque,prediction_score,30,0.0,0.0,0.0,0.0,0.0,0.0
ablation,ablation,full_depth6_branch1_mean,opaque_dependency_l6,tabular_online,evaluation_seen,opaque,holdout_score,30,1.0,0.0,1.0,1.0,1.0,1.0
ablation,ablation,full_depth6_branch1_mean,opaque_dependency_l6,tabular_online,evaluation_seen,opaque,imagined_nodes,30,0.0,0.0,0.0,0.0,0.0,0.0
ablation,ablation,full_depth6_branch1_mean,opaque_dependency_l6,tabular_online,evaluation_seen,opaque,imagination_depth,30,0.0,0.0,0.0,0.0,0.0,0.0
ablation,ablation,full_depth6_branch1_mean,opaque_dependency_l6,tabular_online,evaluation_seen,opaque,actual_return,30,0.0,0.0,0.0,0.0,0.0,0.0
ablation,ablation,full_depth6_branch1_mean,opaque_dependency_l6,tabular_online,evaluation_seen,opaque,runtime_seconds,30,0.0034231505334998175,0.00045081251770161463,0.003267422183348875,0.0035785202333839454,0.0027794450015062467,0.004299608499422902
ablation,ablation,full_depth6_branch1_mean,opaque_dependency_l6,tabular_online,evaluation_seen,opaque,real_transitions,30,6.0,0.0,6.0,6.0,6.0,6.0
ablation,ablation,full_depth6_branch1_mean,opaque_dependency_l6,tabular_online,evaluation_seen,opaque,imagined_transitions,30,0.0,0.0,0.0,0.0,0.0,0.0
ablation,ablation,full_depth6_branch1_mean,opaque_dependency_l6,tabular_online,evaluation_seen,opaque,action_proposals,30,6.0,0.0,6.0,6.0,6.0,6.0
ablation,ablation,full_depth6_branch1_mean,opaque_dependency_l6,tabular_online,evaluation_seen,opaque,repeat_rate,30,0.0,0.0,0.0,0.0,0.0,0.0
ablation,ablation,full_depth6_branch1_mean,opaque_dependency_l6,tabular_online,evaluation_seen,opaque,error_rate,30,0.0,0.0,0.0,0.0,0.0,0.0
ablation,ablation,full_depth6_branch1_mean,opaque_dependency_l6,tabular_online,evaluation_unseen_zero_shot,opaque,success,30,0.0,0.0,0.0,0.0,0.0,0.0
ablation,ablation,full_depth6_branch1_mean,opaque_dependency_l6,tabular_online,evaluation_unseen_zero_shot,opaque,steps,30,6.0,0.0,6.0,6.0,6.0,6.0
ablation,ablation,full_depth6_branch1_mean,opaque_dependency_l6,tabular_online,evaluation_unseen_zero_shot,opaque,high_level_steps,30,6.0,0.0,6.0,6.0,6.0,6.0
ablation,ablation,full_depth6_branch1_mean,opaque_dependency_l6,tabular_online,evaluation_unseen_zero_shot,opaque,primitive_steps,30,6.0,0.0,6.0,6.0,6.0,6.0
ablation,ablation,full_depth6_branch1_mean,opaque_dependency_l6,tabular_online,evaluation_unseen_zero_shot,opaque,reward,30,0.0,0.0,0.0,0.0,0.0,0.0
ablation,ablation,full_depth6_branch1_mean,opaque_dependency_l6,tabular_online,evaluation_unseen_zero_shot,opaque,errors,30,0.0,0.0,0.0,0.0,0.0,0.0
ablation,ablation,full_depth6_branch1_mean,opaque_dependency_l6,tabular_online,evaluation_unseen_zero_shot,opaque,repeats,30,0.0,0.0,0.0,0.0,0.0,0.0
ablation,ablation,full_depth6_branch1_mean,opaque_dependency_l6,tabular_online,evaluation_unseen_zero_shot,opaque,prediction_score,30,0.0,0.0,0.0,0.0,0.0,0.0
ablation,ablation,full_depth6_branch1_mean,opaque_dependency_l6,tabular_online,evaluation_unseen_zero_shot,opaque,holdout_score,30,1.0,0.0,1.0,1.0,1.0,1.0
ablation,ablation,full_depth6_branch1_mean,opaque_dependency_l6,tabular_online,evaluation_unseen_zero_shot,opaque,imagined_nodes,30,0.0,0.0,0.0,0.0,0.0,0.0
ablation,ablation,full_depth6_branch1_mean,opaque_dependency_l6,tabular_online,evaluation_unseen_zero_shot,opaque,imagination_depth,30,0.0,0.0,0.0,0.0,0.0,0.0
ablation,ablation,full_depth6_branch1_mean,opaque_dependency_l6,tabular_online,evaluation_unseen_zero_shot,opaque,actual_return,30,0.0,0.0,0.0,0.0,0.0,0.0
ablation,ablation,full_depth6_branch1_mean,opaque_dependency_l6,tabular_online,evaluation_unseen_zero_shot,opaque,runtime_seconds,30,0.0034527698999978988,0.00041419684687289297,0.003306522016495971,0.003598294850167197,0.002844676500244532,0.004148652999137994
ablation,ablation,full_depth6_branch1_mean,opaque_dependency_l6,tabular_online,evaluation_unseen_zero_shot,opaque,real_transitions,30,6.0,0.0,6.0,6.0,6.0,6.0
ablation,ablation,full_depth6_branch1_mean,opaque_dependency_l6,tabular_online,evaluation_unseen_zero_shot,opaque,imagined_transitions,30,0.0,0.0,0.0,0.0,0.0,0.0
ablation,ablation,full_depth6_branch1_mean,opaque_dependency_l6,tabular_online,evaluation_unseen_zero_shot,opaque,action_proposals,30,6.0,0.0,6.0,6.0,6.0,6.0
ablation,ablation,full_depth6_branch1_mean,opaque_dependency_l6,tabular_online,evaluation_unseen_zero_shot,opaque,repeat_rate,30,0.0,0.0,0.0,0.0,0.0,0.0
ablation,ablation,full_depth6_branch1_mean,opaque_dependency_l6,tabular_online,evaluation_unseen_zero_shot,opaque,error_rate,30,0.0,0.0,0.0,0.0,0.0,0.0
ablation,ablation,full_depth6_branch1_mean,opaque_dependency_l6,tabular_online,training,opaque,success,30,0.33521666666666666,0.07133779325943883,0.3096833333333333,0.36038333333333333,0.217,0.493
ablation,ablation,full_depth6_branch1_mean,opaque_dependency_l6,tabular_online,training,opaque,steps,30,6.0,0.0,6.0,6.0,6.0,6.0
ablation,ablation,full_depth6_branch1_mean,opaque_dependency_l6,tabular_online,training,opaque,high_level_steps,30,6.0,0.0,6.0,6.0,6.0,6.0
ablation,ablation,full_depth6_branch1_mean,opaque_dependency_l6,tabular_online,training,opaque,primitive_steps,30,6.0,0.0,6.0,6.0,6.0,6.0
ablation,ablation,full_depth6_branch1_mean,opaque_dependency_l6,tabular_online,training,opaque,reward,30,0.33521666666666666,0.07133779325943883,0.31038333333333334,0.36024999999999996,0.217,0.493
ablation,ablation,full_depth6_branch1_mean,opaque_dependency_l6,tabular_online,training,opaque,errors,30,0.0,0.0,0.0,0.0,0.0,0.0
ablation,ablation,full_depth6_branch1_mean,opaque_dependency_l6,tabular_online,training,opaque,repeats,30,0.0,0.0,0.0,0.0,0.0,0.0
ablation,ablation,full_depth6_branch1_mean,opaque_dependency_l6,tabular_online,training,opaque,prediction_score,30,0.9899944444444445,0.0005587742011924325,0.9897944444444444,0.9901861111111111,0.98875,0.9909166666666667
ablation,ablation,full_depth6_branch1_mean,opaque_dependency_l6,tabular_online,training,opaque,holdout_score,30,0.12354595175287926,0.00021976011280834515,0.12346702940344148,0.12362367517206735,0.12305159026929598,0.1239719795736979
ablation,ablation,full_depth6_branch1_mean,opaque_dependency_l6,tabular_online,training,opaque,holdout_gain,30,6.3778436010959445e-06,4.876738246617554e-06,4.700111795193849e-06,8.085111496796277e-06,0.0,1.7361111111111104e-05
ablation,ablation,full_depth6_branch1_mean,opaque_dependency_l6,tabular_online,training,opaque,imagined_nodes,30,20.497416666666666,0.10055827640737998,20.461666666666666,20.53308333333333,20.3205,20.668
ablation,ablation,full_depth6_branch1_mean,opaque_dependency_l6,tabular_online,training,opaque,imagination_depth,30,5.439533333333333,0.02417462809803205,5.431033333333333,5.4479,5.379,5.493
ablation,ablation,full_depth6_branch1_mean,opaque_dependency_l6,tabular_online,training,opaque,actual_return,30,0.33521666666666666,0.07133779325943883,0.31074999999999997,0.3606333333333333,0.217,0.493
ablation,ablation,full_depth6_branch1_mean,opaque_dependency_l6,tabular_online,training,opaque,runtime_seconds,30,0.0020222204749811984,0.00016241716451770741,0.0019678182966813133,0.002079901731664722,0.0017200921002513496,0.0026006598498497626
ablation,ablation,full_depth6_branch1_mean,opaque_dependency_l6,tabular_online,training,opaque,real_transitions,30,6.0,0.0,6.0,6.0,6.0,6.0
ablation,ablation,full_depth6_branch1_mean,opaque_dependency_l6,tabular_online,training,opaque,imagined_transitions,30,20.497416666666666,0.10055827640737998,20.461866666666666,20.531983333333336,20.3205,20.668
ablation,ablation,full_depth6_branch1_mean,opaque_dependency_l6,tabular_online,training,opaque,action_proposals,30,6.0,0.0,6.0,6.0,6.0,6.0
ablation,ablation,full_depth6_branch1_mean,opaque_dependency_l6,tabular_online,training,opaque,repeat_rate,30,0.0,0.0,0.0,0.0,0.0,0.0
ablation,ablation,full_depth6_branch1_mean,opaque_dependency_l6,tabular_online,training,opaque,error_rate,30,0.0,0.0,0.0,0.0,0.0,0.0
ablation,ablation,full_depth6_branch1_mean,opaque_dependency_l6,tabular_online,training,opaque,learning_auc,30,0.33526763381690844,0.07129862756311883,0.31054694013673506,0.36080540270135064,0.21710855427713857,0.4932466233116558
ablation,ablation,full_depth6_branch1_mean,opaque_dependency_l6,tabular_online,training,opaque,final_tail_success,30,0.4995,0.10892381076570971,0.4613333333333333,0.5376666666666666,0.31,0.705
ablation,ablation,full_depth6_branch1_mean,opaque_dependency_l6,tabular_online,training,opaque,first_success_real_transitions,30,282.2,212.5148919731152,205.6,358.4,6.0,678.0
ablation,ablation,full_depth6_branch1_risk-adjusted,opaque_dependency_l6,tabular_online,evaluation_seen,opaque,success,30,0.0,0.0,0.0,0.0,0.0,0.0
ablation,ablation,full_depth6_branch1_risk-adjusted,opaque_dependency_l6,tabular_online,evaluation_seen,opaque,steps,30,6.0,0.0,6.0,6.0,6.0,6.0
ablation,ablation,full_depth6_branch1_risk-adjusted,opaque_dependency_l6,tabular_online,evaluation_seen,opaque,high_level_steps,30,6.0,0.0,6.0,6.0,6.0,6.0
ablation,ablation,full_depth6_branch1_risk-adjusted,opaque_dependency_l6,tabular_online,evaluation_seen,opaque,primitive_steps,30,6.0,0.0,6.0,6.0,6.0,6.0
ablation,ablation,full_depth6_branch1_risk-adjusted,opaque_dependency_l6,tabular_online,evaluation_seen,opaque,reward,30,0.0,0.0,0.0,0.0,0.0,0.0
ablation,ablation,full_depth6_branch1_risk-adjusted,opaque_dependency_l6,tabular_online,evaluation_seen,opaque,errors,30,0.0,0.0,0.0,0.0,0.0,0.0
ablation,ablation,full_depth6_branch1_risk-adjusted,opaque_dependency_l6,tabular_online,evaluation_seen,opaque,repeats,30,0.0,0.0,0.0,0.0,0.0,0.0
ablation,ablation,full_depth6_branch1_risk-adjusted,opaque_dependency_l6,tabular_online,evaluation_seen,opaque,prediction_score,30,0.0,0.0,0.0,0.0,0.0,0.0
ablation,ablation,full_depth6_branch1_risk-adjusted,opaque_dependency_l6,tabular_online,evaluation_seen,opaque,holdout_score,30,1.0,0.0,1.0,1.0,1.0,1.0
ablation,ablation,full_depth6_branch1_risk-adjusted,opaque_dependency_l6,tabular_online,evaluation_seen,opaque,imagined_nodes,30,0.0,0.0,0.0,0.0,0.0,0.0
ablation,ablation,full_depth6_branch1_risk-adjusted,opaque_dependency_l6,tabular_online,evaluation_seen,opaque,imagination_depth,30,0.0,0.0,0.0,0.0,0.0,0.0
ablation,ablation,full_depth6_branch1_risk-adjusted,opaque_dependency_l6,tabular_online,evaluation_seen,opaque,actual_return,30,0.0,0.0,0.0,0.0,0.0,0.0
ablation,ablation,full_depth6_branch1_risk-adjusted,opaque_dependency_l6,tabular_online,evaluation_seen,opaque,runtime_seconds,30,0.0033970495167401776,0.00044202581668385945,0.003244530033446305,0.0035550666497826265,0.002804792000679299,0.004248242000612663
ablation,ablation,full_depth6_branch1_risk-adjusted,opaque_dependency_l6,tabular_online,evaluation_seen,opaque,real_transitions,30,6.0,0.0,6.0,6.0,6.0,6.0
ablation,ablation,full_depth6_branch1_risk-adjusted,opaque_dependency_l6,tabular_online,evaluation_seen,opaque,imagined_transitions,30,0.0,0.0,0.0,0.0,0.0,0.0
ablation,ablation,full_depth6_branch1_risk-adjusted,opaque_dependency_l6,tabular_online,evaluation_seen,opaque,action_proposals,30,6.0,0.0,6.0,6.0,6.0,6.0
ablation,ablation,full_depth6_branch1_risk-adjusted,opaque_dependency_l6,tabular_online,evaluation_seen,opaque,repeat_rate,30,0.0,0.0,0.0,0.0,0.0,0.0
ablation,ablation,full_depth6_branch1_risk-adjusted,opaque_dependency_l6,tabular_online,evaluation_seen,opaque,error_rate,30,0.0,0.0,0.0,0.0,0.0,0.0
ablation,ablation,full_depth6_branch1_risk-adjusted,opaque_dependency_l6,tabular_online,evaluation_unseen_zero_shot,opaque,success,30,0.0,0.0,0.0,0.0,0.0,0.0
ablation,ablation,full_depth6_branch1_risk-adjusted,opaque_dependency_l6,tabular_online,evaluation_unseen_zero_shot,opaque,steps,30,6.0,0.0,6.0,6.0,6.0,6.0
ablation,ablation,full_depth6_branch1_risk-adjusted,opaque_dependency_l6,tabular_online,evaluation_unseen_zero_shot,opaque,high_level_steps,30,6.0,0.0,6.0,6.0,6.0,6.0
ablation,ablation,full_depth6_branch1_risk-adjusted,opaque_dependency_l6,tabular_online,evaluation_unseen_zero_shot,opaque,primitive_steps,30,6.0,0.0,6.0,6.0,6.0,6.0
ablation,ablation,full_depth6_branch1_risk-adjusted,opaque_dependency_l6,tabular_online,evaluation_unseen_zero_shot,opaque,reward,30,0.0,0.0,0.0,0.0,0.0,0.0
ablation,ablation,full_depth6_branch1_risk-adjusted,opaque_dependency_l6,tabular_online,evaluation_unseen_zero_shot,opaque,errors,30,0.0,0.0,0.0,0.0,0.0,0.0
ablation,ablation,full_depth6_branch1_risk-adjusted,opaque_dependency_l6,tabular_online,evaluation_unseen_zero_shot,opaque,repeats,30,0.0,0.0,0.0,0.0,0.0,0.0
ablation,ablation,full_depth6_branch1_risk-adjusted,opaque_dependency_l6,tabular_online,evaluation_unseen_zero_shot,opaque,prediction_score,30,0.0,0.0,0.0,0.0,0.0,0.0
ablation,ablation,full_depth6_branch1_risk-adjusted,opaque_dependency_l6,tabular_online,evaluation_unseen_zero_shot,opaque,holdout_score,30,1.0,0.0,1.0,1.0,1.0,1.0
ablation,ablation,full_depth6_branch1_risk-adjusted,opaque_dependency_l6,tabular_online,evaluation_unseen_zero_shot,opaque,imagined_nodes,30,0.0,0.0,0.0,0.0,0.0,0.0
ablation,ablation,full_depth6_branch1_risk-adjusted,opaque_dependency_l6,tabular_online,evaluation_unseen_zero_shot,opaque,imagination_depth,30,0.0,0.0,0.0,0.0,0.0,0.0
ablation,ablation,full_depth6_branch1_risk-adjusted,opaque_dependency_l6,tabular_online,evaluation_unseen_zero_shot,opaque,actual_return,30,0.0,0.0,0.0,0.0,0.0,0.0
ablation,ablation,full_depth6_branch1_risk-adjusted,opaque_dependency_l6,tabular_online,evaluation_unseen_zero_shot,opaque,runtime_seconds,30,0.003420848816608971,0.00047657534515060056,0.0032559305665733214,0.003588242649983537,0.0027858879997802433,0.00418251200040686
ablation,ablation,full_depth6_branch1_risk-adjusted,opaque_dependency_l6,tabular_online,evaluation_unseen_zero_shot,opaque,real_transitions,30,6.0,0.0,6.0,6.0,6.0,6.0
ablation,ablation,full_depth6_branch1_risk-adjusted,opaque_dependency_l6,tabular_online,evaluation_unseen_zero_shot,opaque,imagined_transitions,30,0.0,0.0,0.0,0.0,0.0,0.0
ablation,ablation,full_depth6_branch1_risk-adjusted,opaque_dependency_l6,tabular_online,evaluation_unseen_zero_shot,opaque,action_proposals,30,6.0,0.0,6.0,6.0,6.0,6.0
ablation,ablation,full_depth6_branch1_risk-adjusted,opaque_dependency_l6,tabular_online,evaluation_unseen_zero_shot,opaque,repeat_rate,30,0.0,0.0,0.0,0.0,0.0,0.0
ablation,ablation,full_depth6_branch1_risk-adjusted,opaque_dependency_l6,tabular_online,evaluation_unseen_zero_shot,opaque,error_rate,30,0.0,0.0,0.0,0.0,0.0,0.0
ablation,ablation,full_depth6_branch1_risk-adjusted,opaque_dependency_l6,tabular_online,training,opaque,success,30,0.33521666666666666,0.07133779325943883,0.3108833333333333,0.3592333333333333,0.217,0.493
ablation,ablation,full_depth6_branch1_risk-adjusted,opaque_dependency_l6,tabular_online,training,opaque,steps,30,6.0,0.0,6.0,6.0,6.0,6.0
ablation,ablation,full_depth6_branch1_risk-adjusted,opaque_dependency_l6,tabular_online,training,opaque,high_level_steps,30,6.0,0.0,6.0,6.0,6.0,6.0
ablation,ablation,full_depth6_branch1_risk-adjusted,opaque_dependency_l6,tabular_online,training,opaque,primitive_steps,30,6.0,0.0,6.0,6.0,6.0,6.0
ablation,ablation,full_depth6_branch1_risk-adjusted,opaque_dependency_l6,tabular_online,training,opaque,reward,30,0.33521666666666666,0.07133779325943883,0.31093333333333334,0.3604833333333333,0.217,0.493
ablation,ablation,full_depth6_branch1_risk-adjusted,opaque_dependency_l6,tabular_online,training,opaque,errors,30,0.0,0.0,0.0,0.0,0.0,0.0
ablation,ablation,full_depth6_branch1_risk-adjusted,opaque_dependency_l6,tabular_online,training,opaque,repeats,30,0.0,0.0,0.0,0.0,0.0,0.0
ablation,ablation,full_depth6_branch1_risk-adjusted,opaque_dependency_l6,tabular_online,training,opaque,prediction_score,30,0.9899944444444445,0.0005587742011924325,0.9897888888888888,0.9901888888888889,0.98875,0.9909166666666667
ablation,ablation,full_depth6_branch1_risk-adjusted,opaque_dependency_l6,tabular_online,training,opaque,holdout_score,30,0.12354595175287926,0.00021976011280834515,0.12346510884615934,0.12361828314574659,0.12305159026929598,0.1239719795736979
ablation,ablation,full_depth6_branch1_risk-adjusted,opaque_dependency_l6,tabular_online,training,opaque,holdout_gain,30,6.3778436010959445e-06,4.876738246617554e-06,4.677464689213411e-06,8.133108582357301e-06,0.0,1.7361111111111104e-05
ablation,ablation,full_depth6_branch1_risk-adjusted,opaque_dependency_l6,tabular_online,training,opaque,imagined_nodes,30,20.497416666666666,0.10055827640737998,20.461666666666666,20.532116666666663,20.3205,20.668
ablation,ablation,full_depth6_branch1_risk-adjusted,opaque_dependency_l6,tabular_online,training,opaque,imagination_depth,30,5.439533333333333,0.02417462809803205,5.431116666666667,5.4483500000000005,5.379,5.493
ablation,ablation,full_depth6_branch1_risk-adjusted,opaque_dependency_l6,tabular_online,training,opaque,actual_return,30,0.33521666666666666,0.07133779325943883,0.31001666666666666,0.35986666666666667,0.217,0.493
ablation,ablation,full_depth6_branch1_risk-adjusted,opaque_dependency_l6,tabular_online,training,opaque,runtime_seconds,30,0.0020280114349758758,0.00012214876583187267,0.0019890178465803423,0.0020728315050306265,0.001873974100468331,0.002471110350030358
ablation,ablation,full_depth6_branch1_risk-adjusted,opaque_dependency_l6,tabular_online,training,opaque,real_transitions,30,6.0,0.0,6.0,6.0,6.0,6.0
ablation,ablation,full_depth6_branch1_risk-adjusted,opaque_dependency_l6,tabular_online,training,opaque,imagined_transitions,30,20.497416666666666,0.10055827640737998,20.462866666666667,20.53275,20.3205,20.668
ablation,ablation,full_depth6_branch1_risk-adjusted,opaque_dependency_l6,tabular_online,training,opaque,action_proposals,30,6.0,0.0,6.0,6.0,6.0,6.0
ablation,ablation,full_depth6_branch1_risk-adjusted,opaque_dependency_l6,tabular_online,training,opaque,repeat_rate,30,0.0,0.0,0.0,0.0,0.0,0.0
ablation,ablation,full_depth6_branch1_risk-adjusted,opaque_dependency_l6,tabular_online,training,opaque,error_rate,30,0.0,0.0,0.0,0.0,0.0,0.0
ablation,ablation,full_depth6_branch1_risk-adjusted,opaque_dependency_l6,tabular_online,training,opaque,learning_auc,30,0.33526763381690844,0.07129862756311883,0.310280140070035,0.3608554277138569,0.21710855427713857,0.4932466233116558
ablation,ablation,full_depth6_branch1_risk-adjusted,opaque_dependency_l6,tabular_online,training,opaque,final_tail_success,30,0.4995,0.10892381076570971,0.46066666666666667,0.539,0.31,0.705
ablation,ablation,full_depth6_branch1_risk-adjusted,opaque_dependency_l6,tabular_online,training,opaque,first_success_real_transitions,30,282.2,212.5148919731152,208.4,356.8,6.0,678.0
ablation,ablation,full_depth6_branch2_max,opaque_dependency_l6,tabular_online,evaluation_seen,opaque,success,30,0.0,0.0,0.0,0.0,0.0,0.0
ablation,ablation,full_depth6_branch2_max,opaque_dependency_l6,tabular_online,evaluation_seen,opaque,steps,30,6.0,0.0,6.0,6.0,6.0,6.0
ablation,ablation,full_depth6_branch2_max,opaque_dependency_l6,tabular_online,evaluation_seen,opaque,high_level_steps,30,6.0,0.0,6.0,6.0,6.0,6.0
ablation,ablation,full_depth6_branch2_max,opaque_dependency_l6,tabular_online,evaluation_seen,opaque,primitive_steps,30,6.0,0.0,6.0,6.0,6.0,6.0
ablation,ablation,full_depth6_branch2_max,opaque_dependency_l6,tabular_online,evaluation_seen,opaque,reward,30,0.0,0.0,0.0,0.0,0.0,0.0
ablation,ablation,full_depth6_branch2_max,opaque_dependency_l6,tabular_online,evaluation_seen,opaque,errors,30,0.0,0.0,0.0,0.0,0.0,0.0
ablation,ablation,full_depth6_branch2_max,opaque_dependency_l6,tabular_online,evaluation_seen,opaque,repeats,30,0.0,0.0,0.0,0.0,0.0,0.0
ablation,ablation,full_depth6_branch2_max,opaque_dependency_l6,tabular_online,evaluation_seen,opaque,prediction_score,30,0.0,0.0,0.0,0.0,0.0,0.0
ablation,ablation,full_depth6_branch2_max,opaque_dependency_l6,tabular_online,evaluation_seen,opaque,holdout_score,30,1.0,0.0,1.0,1.0,1.0,1.0
ablation,ablation,full_depth6_branch2_max,opaque_dependency_l6,tabular_online,evaluation_seen,opaque,imagined_nodes,30,0.0,0.0,0.0,0.0,0.0,0.0
ablation,ablation,full_depth6_branch2_max,opaque_dependency_l6,tabular_online,evaluation_seen,opaque,imagination_depth,30,0.0,0.0,0.0,0.0,0.0,0.0
ablation,ablation,full_depth6_branch2_max,opaque_dependency_l6,tabular_online,evaluation_seen,opaque,actual_return,30,0.0,0.0,0.0,0.0,0.0,0.0
ablation,ablation,full_depth6_branch2_max,opaque_dependency_l6,tabular_online,evaluation_seen,opaque,runtime_seconds,30,0.0035078580665334207,0.0005948539728371766,0.0033122830165278477,0.003729149000069204,0.002792524998658337,0.005825870001572185
ablation,ablation,full_depth6_branch2_max,opaque_dependency_l6,tabular_online,evaluation_seen,opaque,real_transitions,30,6.0,0.0,6.0,6.0,6.0,6.0
ablation,ablation,full_depth6_branch2_max,opaque_dependency_l6,tabular_online,evaluation_seen,opaque,imagined_transitions,30,0.0,0.0,0.0,0.0,0.0,0.0
ablation,ablation,full_depth6_branch2_max,opaque_dependency_l6,tabular_online,evaluation_seen,opaque,action_proposals,30,6.0,0.0,6.0,6.0,6.0,6.0
ablation,ablation,full_depth6_branch2_max,opaque_dependency_l6,tabular_online,evaluation_seen,opaque,repeat_rate,30,0.0,0.0,0.0,0.0,0.0,0.0
ablation,ablation,full_depth6_branch2_max,opaque_dependency_l6,tabular_online,evaluation_seen,opaque,error_rate,30,0.0,0.0,0.0,0.0,0.0,0.0
ablation,ablation,full_depth6_branch2_max,opaque_dependency_l6,tabular_online,evaluation_unseen_zero_shot,opaque,success,30,0.0,0.0,0.0,0.0,0.0,0.0
ablation,ablation,full_depth6_branch2_max,opaque_dependency_l6,tabular_online,evaluation_unseen_zero_shot,opaque,steps,30,6.0,0.0,6.0,6.0,6.0,6.0
ablation,ablation,full_depth6_branch2_max,opaque_dependency_l6,tabular_online,evaluation_unseen_zero_shot,opaque,high_level_steps,30,6.0,0.0,6.0,6.0,6.0,6.0
ablation,ablation,full_depth6_branch2_max,opaque_dependency_l6,tabular_online,evaluation_unseen_zero_shot,opaque,primitive_steps,30,6.0,0.0,6.0,6.0,6.0,6.0
ablation,ablation,full_depth6_branch2_max,opaque_dependency_l6,tabular_online,evaluation_unseen_zero_shot,opaque,reward,30,0.0,0.0,0.0,0.0,0.0,0.0
ablation,ablation,full_depth6_branch2_max,opaque_dependency_l6,tabular_online,evaluation_unseen_zero_shot,opaque,errors,30,0.0,0.0,0.0,0.0,0.0,0.0
ablation,ablation,full_depth6_branch2_max,opaque_dependency_l6,tabular_online,evaluation_unseen_zero_shot,opaque,repeats,30,0.0,0.0,0.0,0.0,0.0,0.0
ablation,ablation,full_depth6_branch2_max,opaque_dependency_l6,tabular_online,evaluation_unseen_zero_shot,opaque,prediction_score,30,0.0,0.0,0.0,0.0,0.0,0.0
ablation,ablation,full_depth6_branch2_max,opaque_dependency_l6,tabular_online,evaluation_unseen_zero_shot,opaque,holdout_score,30,1.0,0.0,1.0,1.0,1.0,1.0
ablation,ablation,full_depth6_branch2_max,opaque_dependency_l6,tabular_online,evaluation_unseen_zero_shot,opaque,imagined_nodes,30,0.0,0.0,0.0,0.0,0.0,0.0
ablation,ablation,full_depth6_branch2_max,opaque_dependency_l6,tabular_online,evaluation_unseen_zero_shot,opaque,imagination_depth,30,0.0,0.0,0.0,0.0,0.0,0.0
ablation,ablation,full_depth6_branch2_max,opaque_dependency_l6,tabular_online,evaluation_unseen_zero_shot,opaque,actual_return,30,0.0,0.0,0.0,0.0,0.0,0.0
ablation,ablation,full_depth6_branch2_max,opaque_dependency_l6,tabular_online,evaluation_unseen_zero_shot,opaque,runtime_seconds,30,0.003340821416578062,0.00044342155249189457,0.0031877973331089983,0.003498611866831197,0.0027770395009429193,0.004196635000262176
ablation,ablation,full_depth6_branch2_max,opaque_dependency_l6,tabular_online,evaluation_unseen_zero_shot,opaque,real_transitions,30,6.0,0.0,6.0,6.0,6.0,6.0
ablation,ablation,full_depth6_branch2_max,opaque_dependency_l6,tabular_online,evaluation_unseen_zero_shot,opaque,imagined_transitions,30,0.0,0.0,0.0,0.0,0.0,0.0
ablation,ablation,full_depth6_branch2_max,opaque_dependency_l6,tabular_online,evaluation_unseen_zero_shot,opaque,action_proposals,30,6.0,0.0,6.0,6.0,6.0,6.0
ablation,ablation,full_depth6_branch2_max,opaque_dependency_l6,tabular_online,evaluation_unseen_zero_shot,opaque,repeat_rate,30,0.0,0.0,0.0,0.0,0.0,0.0
ablation,ablation,full_depth6_branch2_max,opaque_dependency_l6,tabular_online,evaluation_unseen_zero_shot,opaque,error_rate,30,0.0,0.0,0.0,0.0,0.0,0.0
ablation,ablation,full_depth6_branch2_max,opaque_dependency_l6,tabular_online,training,opaque,success,30,0.33521666666666666,0.07133779325943883,0.3105,0.36008333333333337,0.217,0.493
ablation,ablation,full_depth6_branch2_max,opaque_dependency_l6,tabular_online,training,opaque,steps,30,6.0,0.0,6.0,6.0,6.0,6.0
ablation,ablation,full_depth6_branch2_max,opaque_dependency_l6,tabular_online,training,opaque,high_level_steps,30,6.0,0.0,6.0,6.0,6.0,6.0
ablation,ablation,full_depth6_branch2_max,opaque_dependency_l6,tabular_online,training,opaque,primitive_steps,30,6.0,0.0,6.0,6.0,6.0,6.0
ablation,ablation,full_depth6_branch2_max,opaque_dependency_l6,tabular_online,training,opaque,reward,30,0.33521666666666666,0.07133779325943883,0.31098333333333333,0.36051666666666665,0.217,0.493
ablation,ablation,full_depth6_branch2_max,opaque_dependency_l6,tabular_online,training,opaque,errors,30,0.0,0.0,0.0,0.0,0.0,0.0
ablation,ablation,full_depth6_branch2_max,opaque_dependency_l6,tabular_online,training,opaque,repeats,30,0.0,0.0,0.0,0.0,0.0,0.0
ablation,ablation,full_depth6_branch2_max,opaque_dependency_l6,tabular_online,training,opaque,prediction_score,30,0.9899944444444445,0.0005587742011924325,0.9897944444444444,0.9901861111111111,0.98875,0.9909166666666667
ablation,ablation,full_depth6_branch2_max,opaque_dependency_l6,tabular_online,training,opaque,holdout_score,30,0.12354595175287926,0.00021976011280834515,0.1234675758287316,0.12362130827159996,0.12305159026929598,0.1239719795736979
ablation,ablation,full_depth6_branch2_max,opaque_dependency_l6,tabular_online,training,opaque,holdout_gain,30,6.3778436010959445e-06,4.876738246617554e-06,4.722543453042173e-06,8.18526185459263e-06,0.0,1.7361111111111104e-05
ablation,ablation,full_depth6_branch2_max,opaque_dependency_l6,tabular_online,training,opaque,imagined_nodes,30,186.45551666666668,1.3531526182708795,185.99519999999998,186.94096666666667,184.146,189.0
ablation,ablation,full_depth6_branch2_max,opaque_dependency_l6,tabular_online,training,opaque,imagination_depth,30,5.4443166666666665,0.024828544242371495,5.435583333333333,5.452983333333333,5.386,5.5005
ablation,ablation,full_depth6_branch2_max,opaque_dependency_l6,tabular_online,training,opaque,actual_return,30,0.33521666666666666,0.07133779325943883,0.3107333333333333,0.36088333333333333,0.217,0.493
ablation,ablation,full_depth6_branch2_max,opaque_dependency_l6,tabular_online,training,opaque,runtime_seconds,30,0.0066809857933214515,0.00043287194826157986,0.00653230661507696,0.006835294773360269,0.005636296799973934,0.0077358836005441845
ablation,ablation,full_depth6_branch2_max,opaque_dependency_l6,tabular_online,training,opaque,real_transitions,30,6.0,0.0,6.0,6.0,6.0,6.0
ablation,ablation,full_depth6_branch2_max,opaque_dependency_l6,tabular_online,training,opaque,imagined_transitions,30,186.45551666666668,1.3531526182708795,185.97841666666667,186.93181666666666,184.146,189.0
ablation,ablation,full_depth6_branch2_max,opaque_dependency_l6,tabular_online,training,opaque,action_proposals,30,6.0,0.0,6.0,6.0,6.0,6.0
ablation,ablation,full_depth6_branch2_max,opaque_dependency_l6,tabular_online,training,opaque,repeat_rate,30,0.0,0.0,0.0,0.0,0.0,0.0
ablation,ablation,full_depth6_branch2_max,opaque_dependency_l6,tabular_online,training,opaque,error_rate,30,0.0,0.0,0.0,0.0,0.0,0.0
ablation,ablation,full_depth6_branch2_max,opaque_dependency_l6,tabular_online,training,opaque,learning_auc,30,0.33526763381690844,0.07129862756311883,0.31005502751375685,0.3601133900283475,0.21710855427713857,0.4932466233116558
ablation,ablation,full_depth6_branch2_max,opaque_dependency_l6,tabular_online,training,opaque,final_tail_success,30,0.4995,0.10892381076570971,0.4613333333333333,0.5378333333333334,0.31,0.705
ablation,ablation,full_depth6_branch2_max,opaque_dependency_l6,tabular_online,training,opaque,first_success_real_transitions,30,282.2,212.5148919731152,207.8,356.8,6.0,678.0
ablation,ablation,full_depth6_branch2_mean,opaque_dependency_l6,tabular_online,evaluation_seen,opaque,success,30,0.0,0.0,0.0,0.0,0.0,0.0
ablation,ablation,full_depth6_branch2_mean,opaque_dependency_l6,tabular_online,evaluation_seen,opaque,steps,30,6.0,0.0,6.0,6.0,6.0,6.0
ablation,ablation,full_depth6_branch2_mean,opaque_dependency_l6,tabular_online,evaluation_seen,opaque,high_level_steps,30,6.0,0.0,6.0,6.0,6.0,6.0
ablation,ablation,full_depth6_branch2_mean,opaque_dependency_l6,tabular_online,evaluation_seen,opaque,primitive_steps,30,6.0,0.0,6.0,6.0,6.0,6.0
ablation,ablation,full_depth6_branch2_mean,opaque_dependency_l6,tabular_online,evaluation_seen,opaque,reward,30,0.0,0.0,0.0,0.0,0.0,0.0
ablation,ablation,full_depth6_branch2_mean,opaque_dependency_l6,tabular_online,evaluation_seen,opaque,errors,30,0.0,0.0,0.0,0.0,0.0,0.0
ablation,ablation,full_depth6_branch2_mean,opaque_dependency_l6,tabular_online,evaluation_seen,opaque,repeats,30,0.0,0.0,0.0,0.0,0.0,0.0
ablation,ablation,full_depth6_branch2_mean,opaque_dependency_l6,tabular_online,evaluation_seen,opaque,prediction_score,30,0.0,0.0,0.0,0.0,0.0,0.0
ablation,ablation,full_depth6_branch2_mean,opaque_dependency_l6,tabular_online,evaluation_seen,opaque,holdout_score,30,1.0,0.0,1.0,1.0,1.0,1.0
ablation,ablation,full_depth6_branch2_mean,opaque_dependency_l6,tabular_online,evaluation_seen,opaque,imagined_nodes,30,0.0,0.0,0.0,0.0,0.0,0.0
ablation,ablation,full_depth6_branch2_mean,opaque_dependency_l6,tabular_online,evaluation_seen,opaque,imagination_depth,30,0.0,0.0,0.0,0.0,0.0,0.0
ablation,ablation,full_depth6_branch2_mean,opaque_dependency_l6,tabular_online,evaluation_seen,opaque,actual_return,30,0.0,0.0,0.0,0.0,0.0,0.0
ablation,ablation,full_depth6_branch2_mean,opaque_dependency_l6,tabular_online,evaluation_seen,opaque,runtime_seconds,30,0.0033823748999081238,0.00048243018657997575,0.0032171814166019126,0.003554493849970944,0.0027305989993328694,0.004899870999070117
ablation,ablation,full_depth6_branch2_mean,opaque_dependency_l6,tabular_online,evaluation_seen,opaque,real_transitions,30,6.0,0.0,6.0,6.0,6.0,6.0
ablation,ablation,full_depth6_branch2_mean,opaque_dependency_l6,tabular_online,evaluation_seen,opaque,imagined_transitions,30,0.0,0.0,0.0,0.0,0.0,0.0
ablation,ablation,full_depth6_branch2_mean,opaque_dependency_l6,tabular_online,evaluation_seen,opaque,action_proposals,30,6.0,0.0,6.0,6.0,6.0,6.0
ablation,ablation,full_depth6_branch2_mean,opaque_dependency_l6,tabular_online,evaluation_seen,opaque,repeat_rate,30,0.0,0.0,0.0,0.0,0.0,0.0
ablation,ablation,full_depth6_branch2_mean,opaque_dependency_l6,tabular_online,evaluation_seen,opaque,error_rate,30,0.0,0.0,0.0,0.0,0.0,0.0
ablation,ablation,full_depth6_branch2_mean,opaque_dependency_l6,tabular_online,evaluation_unseen_zero_shot,opaque,success,30,0.0,0.0,0.0,0.0,0.0,0.0
ablation,ablation,full_depth6_branch2_mean,opaque_dependency_l6,tabular_online,evaluation_unseen_zero_shot,opaque,steps,30,6.0,0.0,6.0,6.0,6.0,6.0
ablation,ablation,full_depth6_branch2_mean,opaque_dependency_l6,tabular_online,evaluation_unseen_zero_shot,opaque,high_level_steps,30,6.0,0.0,6.0,6.0,6.0,6.0
ablation,ablation,full_depth6_branch2_mean,opaque_dependency_l6,tabular_online,evaluation_unseen_zero_shot,opaque,primitive_steps,30,6.0,0.0,6.0,6.0,6.0,6.0
ablation,ablation,full_depth6_branch2_mean,opaque_dependency_l6,tabular_online,evaluation_unseen_zero_shot,opaque,reward,30,0.0,0.0,0.0,0.0,0.0,0.0
ablation,ablation,full_depth6_branch2_mean,opaque_dependency_l6,tabular_online,evaluation_unseen_zero_shot,opaque,errors,30,0.0,0.0,0.0,0.0,0.0,0.0
ablation,ablation,full_depth6_branch2_mean,opaque_dependency_l6,tabular_online,evaluation_unseen_zero_shot,opaque,repeats,30,0.0,0.0,0.0,0.0,0.0,0.0
ablation,ablation,full_depth6_branch2_mean,opaque_dependency_l6,tabular_online,evaluation_unseen_zero_shot,opaque,prediction_score,30,0.0,0.0,0.0,0.0,0.0,0.0
ablation,ablation,full_depth6_branch2_mean,opaque_dependency_l6,tabular_online,evaluation_unseen_zero_shot,opaque,holdout_score,30,1.0,0.0,1.0,1.0,1.0,1.0
ablation,ablation,full_depth6_branch2_mean,opaque_dependency_l6,tabular_online,evaluation_unseen_zero_shot,opaque,imagined_nodes,30,0.0,0.0,0.0,0.0,0.0,0.0
ablation,ablation,full_depth6_branch2_mean,opaque_dependency_l6,tabular_online,evaluation_unseen_zero_shot,opaque,imagination_depth,30,0.0,0.0,0.0,0.0,0.0,0.0
ablation,ablation,full_depth6_branch2_mean,opaque_dependency_l6,tabular_online,evaluation_unseen_zero_shot,opaque,actual_return,30,0.0,0.0,0.0,0.0,0.0,0.0
ablation,ablation,full_depth6_branch2_mean,opaque_dependency_l6,tabular_online,evaluation_unseen_zero_shot,opaque,runtime_seconds,30,0.0035097025998256865,0.00045079945337715547,0.003348103750104201,0.0036621436829542896,0.0027720594994025305,0.004229356000141706
ablation,ablation,full_depth6_branch2_mean,opaque_dependency_l6,tabular_online,evaluation_unseen_zero_shot,opaque,real_transitions,30,6.0,0.0,6.0,6.0,6.0,6.0
ablation,ablation,full_depth6_branch2_mean,opaque_dependency_l6,tabular_online,evaluation_unseen_zero_shot,opaque,imagined_transitions,30,0.0,0.0,0.0,0.0,0.0,0.0
ablation,ablation,full_depth6_branch2_mean,opaque_dependency_l6,tabular_online,evaluation_unseen_zero_shot,opaque,action_proposals,30,6.0,0.0,6.0,6.0,6.0,6.0
ablation,ablation,full_depth6_branch2_mean,opaque_dependency_l6,tabular_online,evaluation_unseen_zero_shot,opaque,repeat_rate,30,0.0,0.0,0.0,0.0,0.0,0.0
ablation,ablation,full_depth6_branch2_mean,opaque_dependency_l6,tabular_online,evaluation_unseen_zero_shot,opaque,error_rate,30,0.0,0.0,0.0,0.0,0.0,0.0
ablation,ablation,full_depth6_branch2_mean,opaque_dependency_l6,tabular_online,training,opaque,success,30,0.33521666666666666,0.07133779325943883,0.311,0.3607166666666667,0.217,0.493
ablation,ablation,full_depth6_branch2_mean,opaque_dependency_l6,tabular_online,training,opaque,steps,30,6.0,0.0,6.0,6.0,6.0,6.0
ablation,ablation,full_depth6_branch2_mean,opaque_dependency_l6,tabular_online,training,opaque,high_level_steps,30,6.0,0.0,6.0,6.0,6.0,6.0
ablation,ablation,full_depth6_branch2_mean,opaque_dependency_l6,tabular_online,training,opaque,primitive_steps,30,6.0,0.0,6.0,6.0,6.0,6.0
ablation,ablation,full_depth6_branch2_mean,opaque_dependency_l6,tabular_online,training,opaque,reward,30,0.33521666666666666,0.07133779325943883,0.3105,0.3607333333333333,0.217,0.493
ablation,ablation,full_depth6_branch2_mean,opaque_dependency_l6,tabular_online,training,opaque,errors,30,0.0,0.0,0.0,0.0,0.0,0.0
ablation,ablation,full_depth6_branch2_mean,opaque_dependency_l6,tabular_online,training,opaque,repeats,30,0.0,0.0,0.0,0.0,0.0,0.0
ablation,ablation,full_depth6_branch2_mean,opaque_dependency_l6,tabular_online,training,opaque,prediction_score,30,0.9899944444444445,0.0005587742011924325,0.9897888888888888,0.9901833333333333,0.98875,0.9909166666666667
ablation,ablation,full_depth6_branch2_mean,opaque_dependency_l6,tabular_online,training,opaque,holdout_score,30,0.12354595175287926,0.00021976011280834515,0.12346655191614204,0.12361919997950599,0.12305159026929598,0.1239719795736979
ablation,ablation,full_depth6_branch2_mean,opaque_dependency_l6,tabular_online,training,opaque,holdout_gain,30,6.3778436010959445e-06,4.876738246617554e-06,4.666529066864743e-06,8.108164585919274e-06,0.0,1.7361111111111104e-05
ablation,ablation,full_depth6_branch2_mean,opaque_dependency_l6,tabular_online,training,opaque,imagined_nodes,30,186.45551666666668,1.3531526182708795,185.98506666666665,186.92238333333333,184.146,189.0
ablation,ablation,full_depth6_branch2_mean,opaque_dependency_l6,tabular_online,training,opaque,imagination_depth,30,5.4443166666666665,0.024828544242371495,5.4353,5.453333333333333,5.386,5.5005
ablation,ablation,full_depth6_branch2_mean,opaque_dependency_l6,tabular_online,training,opaque,actual_return,30,0.33521666666666666,0.07133779325943883,0.31048333333333333,0.35965,0.217,0.493
ablation,ablation,full_depth6_branch2_mean,opaque_dependency_l6,tabular_online,training,opaque,runtime_seconds,30,0.006597798188295564,0.00041655911538096324,0.006452932083247288,0.006738144268241497,0.005615954949578736,0.0076130554000410485
ablation,ablation,full_depth6_branch2_mean,opaque_dependency_l6,tabular_online,training,opaque,real_transitions,30,6.0,0.0,6.0,6.0,6.0,6.0
ablation,ablation,full_depth6_branch2_mean,opaque_dependency_l6,tabular_online,training,opaque,imagined_transitions,30,186.45551666666668,1.3531526182708795,185.97699999999998,186.92104999999998,184.146,189.0
ablation,ablation,full_depth6_branch2_mean,opaque_dependency_l6,tabular_online,training,opaque,action_proposals,30,6.0,0.0,6.0,6.0,6.0,6.0
ablation,ablation,full_depth6_branch2_mean,opaque_dependency_l6,tabular_online,training,opaque,repeat_rate,30,0.0,0.0,0.0,0.0,0.0,0.0
ablation,ablation,full_depth6_branch2_mean,opaque_dependency_l6,tabular_online,training,opaque,error_rate,30,0.0,0.0,0.0,0.0,0.0,0.0
ablation,ablation,full_depth6_branch2_mean,opaque_dependency_l6,tabular_online,training,opaque,learning_auc,30,0.33526763381690844,0.07129862756311883,0.3104969151242288,0.3608304152076038,0.21710855427713857,0.4932466233116558
ablation,ablation,full_depth6_branch2_mean,opaque_dependency_l6,tabular_online,training,opaque,final_tail_success,30,0.4995,0.10892381076570971,0.46,0.5378333333333334,0.31,0.705
ablation,ablation,full_depth6_branch2_mean,opaque_dependency_l6,tabular_online,training,opaque,first_success_real_transitions,30,282.2,212.5148919731152,210.2,360.4,6.0,678.0
ablation,ablation,full_depth6_branch2_risk-adjusted,opaque_dependency_l6,tabular_online,evaluation_seen,opaque,success,30,0.0,0.0,0.0,0.0,0.0,0.0
ablation,ablation,full_depth6_branch2_risk-adjusted,opaque_dependency_l6,tabular_online,evaluation_seen,opaque,steps,30,6.0,0.0,6.0,6.0,6.0,6.0
ablation,ablation,full_depth6_branch2_risk-adjusted,opaque_dependency_l6,tabular_online,evaluation_seen,opaque,high_level_steps,30,6.0,0.0,6.0,6.0,6.0,6.0
ablation,ablation,full_depth6_branch2_risk-adjusted,opaque_dependency_l6,tabular_online,evaluation_seen,opaque,primitive_steps,30,6.0,0.0,6.0,6.0,6.0,6.0
ablation,ablation,full_depth6_branch2_risk-adjusted,opaque_dependency_l6,tabular_online,evaluation_seen,opaque,reward,30,0.0,0.0,0.0,0.0,0.0,0.0
ablation,ablation,full_depth6_branch2_risk-adjusted,opaque_dependency_l6,tabular_online,evaluation_seen,opaque,errors,30,0.0,0.0,0.0,0.0,0.0,0.0
ablation,ablation,full_depth6_branch2_risk-adjusted,opaque_dependency_l6,tabular_online,evaluation_seen,opaque,repeats,30,0.0,0.0,0.0,0.0,0.0,0.0
ablation,ablation,full_depth6_branch2_risk-adjusted,opaque_dependency_l6,tabular_online,evaluation_seen,opaque,prediction_score,30,0.0,0.0,0.0,0.0,0.0,0.0
ablation,ablation,full_depth6_branch2_risk-adjusted,opaque_dependency_l6,tabular_online,evaluation_seen,opaque,holdout_score,30,1.0,0.0,1.0,1.0,1.0,1.0
ablation,ablation,full_depth6_branch2_risk-adjusted,opaque_dependency_l6,tabular_online,evaluation_seen,opaque,imagined_nodes,30,0.0,0.0,0.0,0.0,0.0,0.0
ablation,ablation,full_depth6_branch2_risk-adjusted,opaque_dependency_l6,tabular_online,evaluation_seen,opaque,imagination_depth,30,0.0,0.0,0.0,0.0,0.0,0.0
ablation,ablation,full_depth6_branch2_risk-adjusted,opaque_dependency_l6,tabular_online,evaluation_seen,opaque,actual_return,30,0.0,0.0,0.0,0.0,0.0,0.0
ablation,ablation,full_depth6_branch2_risk-adjusted,opaque_dependency_l6,tabular_online,evaluation_seen,opaque,runtime_seconds,30,0.0034551377832540307,0.0004355956009761123,0.003305732483480824,0.0036102074001149354,0.0027823295003327076,0.004422590499307262
ablation,ablation,full_depth6_branch2_risk-adjusted,opaque_dependency_l6,tabular_online,evaluation_seen,opaque,real_transitions,30,6.0,0.0,6.0,6.0,6.0,6.0
ablation,ablation,full_depth6_branch2_risk-adjusted,opaque_dependency_l6,tabular_online,evaluation_seen,opaque,imagined_transitions,30,0.0,0.0,0.0,0.0,0.0,0.0
ablation,ablation,full_depth6_branch2_risk-adjusted,opaque_dependency_l6,tabular_online,evaluation_seen,opaque,action_proposals,30,6.0,0.0,6.0,6.0,6.0,6.0
ablation,ablation,full_depth6_branch2_risk-adjusted,opaque_dependency_l6,tabular_online,evaluation_seen,opaque,repeat_rate,30,0.0,0.0,0.0,0.0,0.0,0.0
ablation,ablation,full_depth6_branch2_risk-adjusted,opaque_dependency_l6,tabular_online,evaluation_seen,opaque,error_rate,30,0.0,0.0,0.0,0.0,0.0,0.0
ablation,ablation,full_depth6_branch2_risk-adjusted,opaque_dependency_l6,tabular_online,evaluation_unseen_zero_shot,opaque,success,30,0.0,0.0,0.0,0.0,0.0,0.0
ablation,ablation,full_depth6_branch2_risk-adjusted,opaque_dependency_l6,tabular_online,evaluation_unseen_zero_shot,opaque,steps,30,6.0,0.0,6.0,6.0,6.0,6.0
ablation,ablation,full_depth6_branch2_risk-adjusted,opaque_dependency_l6,tabular_online,evaluation_unseen_zero_shot,opaque,high_level_steps,30,6.0,0.0,6.0,6.0,6.0,6.0
ablation,ablation,full_depth6_branch2_risk-adjusted,opaque_dependency_l6,tabular_online,evaluation_unseen_zero_shot,opaque,primitive_steps,30,6.0,0.0,6.0,6.0,6.0,6.0
ablation,ablation,full_depth6_branch2_risk-adjusted,opaque_dependency_l6,tabular_online,evaluation_unseen_zero_shot,opaque,reward,30,0.0,0.0,0.0,0.0,0.0,0.0
ablation,ablation,full_depth6_branch2_risk-adjusted,opaque_dependency_l6,tabular_online,evaluation_unseen_zero_shot,opaque,errors,30,0.0,0.0,0.0,0.0,0.0,0.0
ablation,ablation,full_depth6_branch2_risk-adjusted,opaque_dependency_l6,tabular_online,evaluation_unseen_zero_shot,opaque,repeats,30,0.0,0.0,0.0,0.0,0.0,0.0
ablation,ablation,full_depth6_branch2_risk-adjusted,opaque_dependency_l6,tabular_online,evaluation_unseen_zero_shot,opaque,prediction_score,30,0.0,0.0,0.0,0.0,0.0,0.0
ablation,ablation,full_depth6_branch2_risk-adjusted,opaque_dependency_l6,tabular_online,evaluation_unseen_zero_shot,opaque,holdout_score,30,1.0,0.0,1.0,1.0,1.0,1.0
ablation,ablation,full_depth6_branch2_risk-adjusted,opaque_dependency_l6,tabular_online,evaluation_unseen_zero_shot,opaque,imagined_nodes,30,0.0,0.0,0.0,0.0,0.0,0.0
ablation,ablation,full_depth6_branch2_risk-adjusted,opaque_dependency_l6,tabular_online,evaluation_unseen_zero_shot,opaque,imagination_depth,30,0.0,0.0,0.0,0.0,0.0,0.0
ablation,ablation,full_depth6_branch2_risk-adjusted,opaque_dependency_l6,tabular_online,evaluation_unseen_zero_shot,opaque,actual_return,30,0.0,0.0,0.0,0.0,0.0,0.0
ablation,ablation,full_depth6_branch2_risk-adjusted,opaque_dependency_l6,tabular_online,evaluation_unseen_zero_shot,opaque,runtime_seconds,30,0.003563177550235802,0.0004954375782048069,0.0033908018332149364,0.00373369223367384,0.002746447500248905,0.004423568501224508
ablation,ablation,full_depth6_branch2_risk-adjusted,opaque_dependency_l6,tabular_online,evaluation_unseen_zero_shot,opaque,real_transitions,30,6.0,0.0,6.0,6.0,6.0,6.0
ablation,ablation,full_depth6_branch2_risk-adjusted,opaque_dependency_l6,tabular_online,evaluation_unseen_zero_shot,opaque,imagined_transitions,30,0.0,0.0,0.0,0.0,0.0,0.0
ablation,ablation,full_depth6_branch2_risk-adjusted,opaque_dependency_l6,tabular_online,evaluation_unseen_zero_shot,opaque,action_proposals,30,6.0,0.0,6.0,6.0,6.0,6.0
ablation,ablation,full_depth6_branch2_risk-adjusted,opaque_dependency_l6,tabular_online,evaluation_unseen_zero_shot,opaque,repeat_rate,30,0.0,0.0,0.0,0.0,0.0,0.0
ablation,ablation,full_depth6_branch2_risk-adjusted,opaque_dependency_l6,tabular_online,evaluation_unseen_zero_shot,opaque,error_rate,30,0.0,0.0,0.0,0.0,0.0,0.0
ablation,ablation,full_depth6_branch2_risk-adjusted,opaque_dependency_l6,tabular_online,training,opaque,success,30,0.33521666666666666,0.07133779325943883,0.3110833333333333,0.35996666666666666,0.217,0.493
ablation,ablation,full_depth6_branch2_risk-adjusted,opaque_dependency_l6,tabular_online,training,opaque,steps,30,6.0,0.0,6.0,6.0,6.0,6.0
ablation,ablation,full_depth6_branch2_risk-adjusted,opaque_dependency_l6,tabular_online,training,opaque,high_level_steps,30,6.0,0.0,6.0,6.0,6.0,6.0
ablation,ablation,full_depth6_branch2_risk-adjusted,opaque_dependency_l6,tabular_online,training,opaque,primitive_steps,30,6.0,0.0,6.0,6.0,6.0,6.0
ablation,ablation,full_depth6_branch2_risk-adjusted,opaque_dependency_l6,tabular_online,training,opaque,reward,30,0.33521666666666666,0.07133779325943883,0.31001666666666666,0.3609666666666667,0.217,0.493
ablation,ablation,full_depth6_branch2_risk-adjusted,opaque_dependency_l6,tabular_online,training,opaque,errors,30,0.0,0.0,0.0,0.0,0.0,0.0
ablation,ablation,full_depth6_branch2_risk-adjusted,opaque_dependency_l6,tabular_online,training,opaque,repeats,30,0.0,0.0,0.0,0.0,0.0,0.0
ablation,ablation,full_depth6_branch2_risk-adjusted,opaque_dependency_l6,tabular_online,training,opaque,prediction_score,30,0.9899944444444445,0.0005587742011924325,0.9897972222222222,0.9901944444444445,0.98875,0.9909166666666667
ablation,ablation,full_depth6_branch2_risk-adjusted,opaque_dependency_l6,tabular_online,training,opaque,holdout_score,30,0.12354595175287926,0.00021976011280834515,0.1234670623390489,0.1236225696820578,0.12305159026929598,0.1239719795736979
ablation,ablation,full_depth6_branch2_risk-adjusted,opaque_dependency_l6,tabular_online,training,opaque,holdout_gain,30,6.3778436010959445e-06,4.876738246617554e-06,4.702845742674174e-06,8.10078231361799e-06,0.0,1.7361111111111104e-05
ablation,ablation,full_depth6_branch2_risk-adjusted,opaque_dependency_l6,tabular_online,training,opaque,imagined_nodes,30,186.45551666666668,1.3531526182708795,185.99021666666667,186.93075,184.146,189.0
ablation,ablation,full_depth6_branch2_risk-adjusted,opaque_dependency_l6,tabular_online,training,opaque,imagination_depth,30,5.4443166666666665,0.024828544242371495,5.435566666666667,5.453133333333333,5.386,5.5005
ablation,ablation,full_depth6_branch2_risk-adjusted,opaque_dependency_l6,tabular_online,training,opaque,actual_return,30,0.33521666666666666,0.07133779325943883,0.3100833333333333,0.36075,0.217,0.493
ablation,ablation,full_depth6_branch2_risk-adjusted,opaque_dependency_l6,tabular_online,training,opaque,runtime_seconds,30,0.006832737059992602,0.00039651104668600884,0.0066882793650472495,0.006968331678329074,0.005889524350306602,0.0077703243998257674
ablation,ablation,full_depth6_branch2_risk-adjusted,opaque_dependency_l6,tabular_online,training,opaque,real_transitions,30,6.0,0.0,6.0,6.0,6.0,6.0
ablation,ablation,full_depth6_branch2_risk-adjusted,opaque_dependency_l6,tabular_online,training,opaque,imagined_transitions,30,186.45551666666668,1.3531526182708795,185.99339999999998,186.92344999999997,184.146,189.0
ablation,ablation,full_depth6_branch2_risk-adjusted,opaque_dependency_l6,tabular_online,training,opaque,action_proposals,30,6.0,0.0,6.0,6.0,6.0,6.0
ablation,ablation,full_depth6_branch2_risk-adjusted,opaque_dependency_l6,tabular_online,training,opaque,repeat_rate,30,0.0,0.0,0.0,0.0,0.0,0.0
ablation,ablation,full_depth6_branch2_risk-adjusted,opaque_dependency_l6,tabular_online,training,opaque,error_rate,30,0.0,0.0,0.0,0.0,0.0,0.0
ablation,ablation,full_depth6_branch2_risk-adjusted,opaque_dependency_l6,tabular_online,training,opaque,learning_auc,30,0.33526763381690844,0.07129862756311883,0.3109971652492913,0.3597215274303818,0.21710855427713857,0.4932466233116558
ablation,ablation,full_depth6_branch2_risk-adjusted,opaque_dependency_l6,tabular_online,training,opaque,final_tail_success,30,0.4995,0.10892381076570971,0.4623333333333334,0.5375,0.31,0.705
ablation,ablation,full_depth6_branch2_risk-adjusted,opaque_dependency_l6,tabular_online,training,opaque,first_success_real_transitions,30,282.2,212.5148919731152,210.2,358.8,6.0,678.0
ablation,ablation,full_depth6_branch4_max,opaque_dependency_l6,tabular_online,evaluation_seen,opaque,success,30,0.0,0.0,0.0,0.0,0.0,0.0
ablation,ablation,full_depth6_branch4_max,opaque_dependency_l6,tabular_online,evaluation_seen,opaque,steps,30,6.0,0.0,6.0,6.0,6.0,6.0
ablation,ablation,full_depth6_branch4_max,opaque_dependency_l6,tabular_online,evaluation_seen,opaque,high_level_steps,30,6.0,0.0,6.0,6.0,6.0,6.0
ablation,ablation,full_depth6_branch4_max,opaque_dependency_l6,tabular_online,evaluation_seen,opaque,primitive_steps,30,6.0,0.0,6.0,6.0,6.0,6.0
ablation,ablation,full_depth6_branch4_max,opaque_dependency_l6,tabular_online,evaluation_seen,opaque,reward,30,0.0,0.0,0.0,0.0,0.0,0.0
ablation,ablation,full_depth6_branch4_max,opaque_dependency_l6,tabular_online,evaluation_seen,opaque,errors,30,0.0,0.0,0.0,0.0,0.0,0.0
ablation,ablation,full_depth6_branch4_max,opaque_dependency_l6,tabular_online,evaluation_seen,opaque,repeats,30,0.0,0.0,0.0,0.0,0.0,0.0
ablation,ablation,full_depth6_branch4_max,opaque_dependency_l6,tabular_online,evaluation_seen,opaque,prediction_score,30,0.0,0.0,0.0,0.0,0.0,0.0
ablation,ablation,full_depth6_branch4_max,opaque_dependency_l6,tabular_online,evaluation_seen,opaque,holdout_score,30,1.0,0.0,1.0,1.0,1.0,1.0
ablation,ablation,full_depth6_branch4_max,opaque_dependency_l6,tabular_online,evaluation_seen,opaque,imagined_nodes,30,0.0,0.0,0.0,0.0,0.0,0.0
ablation,ablation,full_depth6_branch4_max,opaque_dependency_l6,tabular_online,evaluation_seen,opaque,imagination_depth,30,0.0,0.0,0.0,0.0,0.0,0.0
ablation,ablation,full_depth6_branch4_max,opaque_dependency_l6,tabular_online,evaluation_seen,opaque,actual_return,30,0.0,0.0,0.0,0.0,0.0,0.0
ablation,ablation,full_depth6_branch4_max,opaque_dependency_l6,tabular_online,evaluation_seen,opaque,runtime_seconds,30,0.0034217485333356305,0.0004361601667575458,0.0032702235168302046,0.0035797607501978444,0.002734081499511376,0.004199259501911001
ablation,ablation,full_depth6_branch4_max,opaque_dependency_l6,tabular_online,evaluation_seen,opaque,real_transitions,30,6.0,0.0,6.0,6.0,6.0,6.0
ablation,ablation,full_depth6_branch4_max,opaque_dependency_l6,tabular_online,evaluation_seen,opaque,imagined_transitions,30,0.0,0.0,0.0,0.0,0.0,0.0
ablation,ablation,full_depth6_branch4_max,opaque_dependency_l6,tabular_online,evaluation_seen,opaque,action_proposals,30,6.0,0.0,6.0,6.0,6.0,6.0
ablation,ablation,full_depth6_branch4_max,opaque_dependency_l6,tabular_online,evaluation_seen,opaque,repeat_rate,30,0.0,0.0,0.0,0.0,0.0,0.0
ablation,ablation,full_depth6_branch4_max,opaque_dependency_l6,tabular_online,evaluation_seen,opaque,error_rate,30,0.0,0.0,0.0,0.0,0.0,0.0
ablation,ablation,full_depth6_branch4_max,opaque_dependency_l6,tabular_online,evaluation_unseen_zero_shot,opaque,success,30,0.0,0.0,0.0,0.0,0.0,0.0
ablation,ablation,full_depth6_branch4_max,opaque_dependency_l6,tabular_online,evaluation_unseen_zero_shot,opaque,steps,30,6.0,0.0,6.0,6.0,6.0,6.0
ablation,ablation,full_depth6_branch4_max,opaque_dependency_l6,tabular_online,evaluation_unseen_zero_shot,opaque,high_level_steps,30,6.0,0.0,6.0,6.0,6.0,6.0
ablation,ablation,full_depth6_branch4_max,opaque_dependency_l6,tabular_online,evaluation_unseen_zero_shot,opaque,primitive_steps,30,6.0,0.0,6.0,6.0,6.0,6.0
ablation,ablation,full_depth6_branch4_max,opaque_dependency_l6,tabular_online,evaluation_unseen_zero_shot,opaque,reward,30,0.0,0.0,0.0,0.0,0.0,0.0
ablation,ablation,full_depth6_branch4_max,opaque_dependency_l6,tabular_online,evaluation_unseen_zero_shot,opaque,errors,30,0.0,0.0,0.0,0.0,0.0,0.0
ablation,ablation,full_depth6_branch4_max,opaque_dependency_l6,tabular_online,evaluation_unseen_zero_shot,opaque,repeats,30,0.0,0.0,0.0,0.0,0.0,0.0
ablation,ablation,full_depth6_branch4_max,opaque_dependency_l6,tabular_online,evaluation_unseen_zero_shot,opaque,prediction_score,30,0.0,0.0,0.0,0.0,0.0,0.0
ablation,ablation,full_depth6_branch4_max,opaque_dependency_l6,tabular_online,evaluation_unseen_zero_shot,opaque,holdout_score,30,1.0,0.0,1.0,1.0,1.0,1.0
ablation,ablation,full_depth6_branch4_max,opaque_dependency_l6,tabular_online,evaluation_unseen_zero_shot,opaque,imagined_nodes,30,0.0,0.0,0.0,0.0,0.0,0.0
ablation,ablation,full_depth6_branch4_max,opaque_dependency_l6,tabular_online,evaluation_unseen_zero_shot,opaque,imagination_depth,30,0.0,0.0,0.0,0.0,0.0,0.0
ablation,ablation,full_depth6_branch4_max,opaque_dependency_l6,tabular_online,evaluation_unseen_zero_shot,opaque,actual_return,30,0.0,0.0,0.0,0.0,0.0,0.0
ablation,ablation,full_depth6_branch4_max,opaque_dependency_l6,tabular_online,evaluation_unseen_zero_shot,opaque,runtime_seconds,30,0.003462086850001166,0.000407278945003682,0.0033175109000973557,0.0036012818832386983,0.0027418235006916804,0.004221045498998138
ablation,ablation,full_depth6_branch4_max,opaque_dependency_l6,tabular_online,evaluation_unseen_zero_shot,opaque,real_transitions,30,6.0,0.0,6.0,6.0,6.0,6.0
ablation,ablation,full_depth6_branch4_max,opaque_dependency_l6,tabular_online,evaluation_unseen_zero_shot,opaque,imagined_transitions,30,0.0,0.0,0.0,0.0,0.0,0.0
ablation,ablation,full_depth6_branch4_max,opaque_dependency_l6,tabular_online,evaluation_unseen_zero_shot,opaque,action_proposals,30,6.0,0.0,6.0,6.0,6.0,6.0
ablation,ablation,full_depth6_branch4_max,opaque_dependency_l6,tabular_online,evaluation_unseen_zero_shot,opaque,repeat_rate,30,0.0,0.0,0.0,0.0,0.0,0.0
ablation,ablation,full_depth6_branch4_max,opaque_dependency_l6,tabular_online,evaluation_unseen_zero_shot,opaque,error_rate,30,0.0,0.0,0.0,0.0,0.0,0.0
ablation,ablation,full_depth6_branch4_max,opaque_dependency_l6,tabular_online,training,opaque,success,30,0.33521666666666666,0.07133779325943883,0.31095,0.3605833333333333,0.217,0.493
ablation,ablation,full_depth6_branch4_max,opaque_dependency_l6,tabular_online,training,opaque,steps,30,6.0,0.0,6.0,6.0,6.0,6.0
ablation,ablation,full_depth6_branch4_max,opaque_dependency_l6,tabular_online,training,opaque,high_level_steps,30,6.0,0.0,6.0,6.0,6.0,6.0
ablation,ablation,full_depth6_branch4_max,opaque_dependency_l6,tabular_online,training,opaque,primitive_steps,30,6.0,0.0,6.0,6.0,6.0,6.0
ablation,ablation,full_depth6_branch4_max,opaque_dependency_l6,tabular_online,training,opaque,reward,30,0.33521666666666666,0.07133779325943883,0.3100833333333333,0.3607166666666667,0.217,0.493
ablation,ablation,full_depth6_branch4_max,opaque_dependency_l6,tabular_online,training,opaque,errors,30,0.0,0.0,0.0,0.0,0.0,0.0
ablation,ablation,full_depth6_branch4_max,opaque_dependency_l6,tabular_online,training,opaque,repeats,30,0.0,0.0,0.0,0.0,0.0,0.0
ablation,ablation,full_depth6_branch4_max,opaque_dependency_l6,tabular_online,training,opaque,prediction_score,30,0.9899944444444445,0.0005587742011924325,0.9897861111111111,0.9901861111111111,0.98875,0.9909166666666667
ablation,ablation,full_depth6_branch4_max,opaque_dependency_l6,tabular_online,training,opaque,holdout_score,30,0.12354595175287926,0.00021976011280834515,0.12346878408456705,0.12362367902121957,0.12305159026929598,0.1239719795736979
ablation,ablation,full_depth6_branch4_max,opaque_dependency_l6,tabular_online,training,opaque,holdout_gain,30,6.3778436010959445e-06,4.876738246617554e-06,4.72279724179234e-06,8.146640229067764e-06,0.0,1.7361111111111104e-05
ablation,ablation,full_depth6_branch4_max,opaque_dependency_l6,tabular_online,training,opaque,imagined_nodes,30,186.45551666666668,1.3531526182708795,185.9933,186.92568333333332,184.146,189.0
ablation,ablation,full_depth6_branch4_max,opaque_dependency_l6,tabular_online,training,opaque,imagination_depth,30,5.4443166666666665,0.024828544242371495,5.4355166666666666,5.45305,5.386,5.5005
ablation,ablation,full_depth6_branch4_max,opaque_dependency_l6,tabular_online,training,opaque,actual_return,30,0.33521666666666666,0.07133779325943883,0.3107333333333333,0.35988333333333333,0.217,0.493
ablation,ablation,full_depth6_branch4_max,opaque_dependency_l6,tabular_online,training,opaque,runtime_seconds,30,0.0066678427150055845,0.00036545021715415546,0.006537932946631918,0.006796003093342976,0.005845096599950921,0.007429113400154165
ablation,ablation,full_depth6_branch4_max,opaque_dependency_l6,tabular_online,training,opaque,real_transitions,30,6.0,0.0,6.0,6.0,6.0,6.0
ablation,ablation,full_depth6_branch4_max,opaque_dependency_l6,tabular_online,training,opaque,imagined_transitions,30,186.45551666666668,1.3531526182708795,185.98098333333334,186.9388,184.146,189.0
ablation,ablation,full_depth6_branch4_max,opaque_dependency_l6,tabular_online,training,opaque,action_proposals,30,6.0,0.0,6.0,6.0,6.0,6.0
ablation,ablation,full_depth6_branch4_max,opaque_dependency_l6,tabular_online,training,opaque,repeat_rate,30,0.0,0.0,0.0,0.0,0.0,0.0
ablation,ablation,full_depth6_branch4_max,opaque_dependency_l6,tabular_online,training,opaque,error_rate,30,0.0,0.0,0.0,0.0,0.0,0.0
ablation,ablation,full_depth6_branch4_max,opaque_dependency_l6,tabular_online,training,opaque,learning_auc,30,0.33526763381690844,0.07129862756311883,0.3100967150241788,0.36088044022011007,0.21710855427713857,0.4932466233116558
ablation,ablation,full_depth6_branch4_max,opaque_dependency_l6,tabular_online,training,opaque,final_tail_success,30,0.4995,0.10892381076570971,0.4618333333333334,0.5386666666666666,0.31,0.705
ablation,ablation,full_depth6_branch4_max,opaque_dependency_l6,tabular_online,training,opaque,first_success_real_transitions,30,282.2,212.5148919731152,207.0,357.8,6.0,678.0
ablation,ablation,full_depth6_branch4_mean,opaque_dependency_l6,tabular_online,evaluation_seen,opaque,success,30,0.0,0.0,0.0,0.0,0.0,0.0
ablation,ablation,full_depth6_branch4_mean,opaque_dependency_l6,tabular_online,evaluation_seen,opaque,steps,30,6.0,0.0,6.0,6.0,6.0,6.0
ablation,ablation,full_depth6_branch4_mean,opaque_dependency_l6,tabular_online,evaluation_seen,opaque,high_level_steps,30,6.0,0.0,6.0,6.0,6.0,6.0
ablation,ablation,full_depth6_branch4_mean,opaque_dependency_l6,tabular_online,evaluation_seen,opaque,primitive_steps,30,6.0,0.0,6.0,6.0,6.0,6.0
ablation,ablation,full_depth6_branch4_mean,opaque_dependency_l6,tabular_online,evaluation_seen,opaque,reward,30,0.0,0.0,0.0,0.0,0.0,0.0
ablation,ablation,full_depth6_branch4_mean,opaque_dependency_l6,tabular_online,evaluation_seen,opaque,errors,30,0.0,0.0,0.0,0.0,0.0,0.0
ablation,ablation,full_depth6_branch4_mean,opaque_dependency_l6,tabular_online,evaluation_seen,opaque,repeats,30,0.0,0.0,0.0,0.0,0.0,0.0
ablation,ablation,full_depth6_branch4_mean,opaque_dependency_l6,tabular_online,evaluation_seen,opaque,prediction_score,30,0.0,0.0,0.0,0.0,0.0,0.0
ablation,ablation,full_depth6_branch4_mean,opaque_dependency_l6,tabular_online,evaluation_seen,opaque,holdout_score,30,1.0,0.0,1.0,1.0,1.0,1.0
ablation,ablation,full_depth6_branch4_mean,opaque_dependency_l6,tabular_online,evaluation_seen,opaque,imagined_nodes,30,0.0,0.0,0.0,0.0,0.0,0.0
ablation,ablation,full_depth6_branch4_mean,opaque_dependency_l6,tabular_online,evaluation_seen,opaque,imagination_depth,30,0.0,0.0,0.0,0.0,0.0,0.0
ablation,ablation,full_depth6_branch4_mean,opaque_dependency_l6,tabular_online,evaluation_seen,opaque,actual_return,30,0.0,0.0,0.0,0.0,0.0,0.0
ablation,ablation,full_depth6_branch4_mean,opaque_dependency_l6,tabular_online,evaluation_seen,opaque,runtime_seconds,30,0.003416272400286592,0.00044690391776099894,0.00326527951710644,0.003573718283795946,0.0027611919997434595,0.004198578499199357
ablation,ablation,full_depth6_branch4_mean,opaque_dependency_l6,tabular_online,evaluation_seen,opaque,real_transitions,30,6.0,0.0,6.0,6.0,6.0,6.0
ablation,ablation,full_depth6_branch4_mean,opaque_dependency_l6,tabular_online,evaluation_seen,opaque,imagined_transitions,30,0.0,0.0,0.0,0.0,0.0,0.0
ablation,ablation,full_depth6_branch4_mean,opaque_dependency_l6,tabular_online,evaluation_seen,opaque,action_proposals,30,6.0,0.0,6.0,6.0,6.0,6.0
ablation,ablation,full_depth6_branch4_mean,opaque_dependency_l6,tabular_online,evaluation_seen,opaque,repeat_rate,30,0.0,0.0,0.0,0.0,0.0,0.0
ablation,ablation,full_depth6_branch4_mean,opaque_dependency_l6,tabular_online,evaluation_seen,opaque,error_rate,30,0.0,0.0,0.0,0.0,0.0,0.0
ablation,ablation,full_depth6_branch4_mean,opaque_dependency_l6,tabular_online,evaluation_unseen_zero_shot,opaque,success,30,0.0,0.0,0.0,0.0,0.0,0.0
ablation,ablation,full_depth6_branch4_mean,opaque_dependency_l6,tabular_online,evaluation_unseen_zero_shot,opaque,steps,30,6.0,0.0,6.0,6.0,6.0,6.0
ablation,ablation,full_depth6_branch4_mean,opaque_dependency_l6,tabular_online,evaluation_unseen_zero_shot,opaque,high_level_steps,30,6.0,0.0,6.0,6.0,6.0,6.0
ablation,ablation,full_depth6_branch4_mean,opaque_dependency_l6,tabular_online,evaluation_unseen_zero_shot,opaque,primitive_steps,30,6.0,0.0,6.0,6.0,6.0,6.0
ablation,ablation,full_depth6_branch4_mean,opaque_dependency_l6,tabular_online,evaluation_unseen_zero_shot,opaque,reward,30,0.0,0.0,0.0,0.0,0.0,0.0
ablation,ablation,full_depth6_branch4_mean,opaque_dependency_l6,tabular_online,evaluation_unseen_zero_shot,opaque,errors,30,0.0,0.0,0.0,0.0,0.0,0.0
ablation,ablation,full_depth6_branch4_mean,opaque_dependency_l6,tabular_online,evaluation_unseen_zero_shot,opaque,repeats,30,0.0,0.0,0.0,0.0,0.0,0.0
ablation,ablation,full_depth6_branch4_mean,opaque_dependency_l6,tabular_online,evaluation_unseen_zero_shot,opaque,prediction_score,30,0.0,0.0,0.0,0.0,0.0,0.0
ablation,ablation,full_depth6_branch4_mean,opaque_dependency_l6,tabular_online,evaluation_unseen_zero_shot,opaque,holdout_score,30,1.0,0.0,1.0,1.0,1.0,1.0
ablation,ablation,full_depth6_branch4_mean,opaque_dependency_l6,tabular_online,evaluation_unseen_zero_shot,opaque,imagined_nodes,30,0.0,0.0,0.0,0.0,0.0,0.0
ablation,ablation,full_depth6_branch4_mean,opaque_dependency_l6,tabular_online,evaluation_unseen_zero_shot,opaque,imagination_depth,30,0.0,0.0,0.0,0.0,0.0,0.0
ablation,ablation,full_depth6_branch4_mean,opaque_dependency_l6,tabular_online,evaluation_unseen_zero_shot,opaque,actual_return,30,0.0,0.0,0.0,0.0,0.0,0.0
ablation,ablation,full_depth6_branch4_mean,opaque_dependency_l6,tabular_online,evaluation_unseen_zero_shot,opaque,runtime_seconds,30,0.0035145210999520107,0.0003806125176110094,0.003379866549861617,0.003647776066456572,0.002770421498280484,0.004233612999232719
ablation,ablation,full_depth6_branch4_mean,opaque_dependency_l6,tabular_online,evaluation_unseen_zero_shot,opaque,real_transitions,30,6.0,0.0,6.0,6.0,6.0,6.0
ablation,ablation,full_depth6_branch4_mean,opaque_dependency_l6,tabular_online,evaluation_unseen_zero_shot,opaque,imagined_transitions,30,0.0,0.0,0.0,0.0,0.0,0.0
ablation,ablation,full_depth6_branch4_mean,opaque_dependency_l6,tabular_online,evaluation_unseen_zero_shot,opaque,action_proposals,30,6.0,0.0,6.0,6.0,6.0,6.0
ablation,ablation,full_depth6_branch4_mean,opaque_dependency_l6,tabular_online,evaluation_unseen_zero_shot,opaque,repeat_rate,30,0.0,0.0,0.0,0.0,0.0,0.0
ablation,ablation,full_depth6_branch4_mean,opaque_dependency_l6,tabular_online,evaluation_unseen_zero_shot,opaque,error_rate,30,0.0,0.0,0.0,0.0,0.0,0.0
ablation,ablation,full_depth6_branch4_mean,opaque_dependency_l6,tabular_online,training,opaque,success,30,0.33521666666666666,0.07133779325943883,0.3103666666666667,0.3608166666666667,0.217,0.493
ablation,ablation,full_depth6_branch4_mean,opaque_dependency_l6,tabular_online,training,opaque,steps,30,6.0,0.0,6.0,6.0,6.0,6.0
ablation,ablation,full_depth6_branch4_mean,opaque_dependency_l6,tabular_online,training,opaque,high_level_steps,30,6.0,0.0,6.0,6.0,6.0,6.0
ablation,ablation,full_depth6_branch4_mean,opaque_dependency_l6,tabular_online,training,opaque,primitive_steps,30,6.0,0.0,6.0,6.0,6.0,6.0
ablation,ablation,full_depth6_branch4_mean,opaque_dependency_l6,tabular_online,training,opaque,reward,30,0.33521666666666666,0.07133779325943883,0.31005,0.36045,0.217,0.493
ablation,ablation,full_depth6_branch4_mean,opaque_dependency_l6,tabular_online,training,opaque,errors,30,0.0,0.0,0.0,0.0,0.0,0.0
ablation,ablation,full_depth6_branch4_mean,opaque_dependency_l6,tabular_online,training,opaque,repeats,30,0.0,0.0,0.0,0.0,0.0,0.0
ablation,ablation,full_depth6_branch4_mean,opaque_dependency_l6,tabular_online,training,opaque,prediction_score,30,0.9899944444444445,0.0005587742011924325,0.9897944444444444,0.9901916666666666,0.98875,0.9909166666666667
ablation,ablation,full_depth6_branch4_mean,opaque_dependency_l6,tabular_online,training,opaque,holdout_score,30,0.12354595175287926,0.00021976011280834515,0.12346768568274132,0.12362175177302197,0.12305159026929598,0.1239719795736979
ablation,ablation,full_depth6_branch4_mean,opaque_dependency_l6,tabular_online,training,opaque,holdout_gain,30,6.3778436010959445e-06,4.876738246617554e-06,4.790803349227261e-06,8.155257360846661e-06,0.0,1.7361111111111104e-05
ablation,ablation,full_depth6_branch4_mean,opaque_dependency_l6,tabular_online,training,opaque,imagined_nodes,30,186.45551666666668,1.3531526182708795,185.98183333333333,186.94234999999998,184.146,189.0
ablation,ablation,full_depth6_branch4_mean,opaque_dependency_l6,tabular_online,training,opaque,imagination_depth,30,5.4443166666666665,0.024828544242371495,5.436033333333333,5.4531,5.386,5.5005
ablation,ablation,full_depth6_branch4_mean,opaque_dependency_l6,tabular_online,training,opaque,actual_return,30,0.33521666666666666,0.07133779325943883,0.3108666666666666,0.3611833333333333,0.217,0.493
ablation,ablation,full_depth6_branch4_mean,opaque_dependency_l6,tabular_online,training,opaque,runtime_seconds,30,0.00654453818006344,0.0004144031187922494,0.006401063908394523,0.00668925021172181,0.005592118550150189,0.007755397950357292
ablation,ablation,full_depth6_branch4_mean,opaque_dependency_l6,tabular_online,training,opaque,real_transitions,30,6.0,0.0,6.0,6.0,6.0,6.0
ablation,ablation,full_depth6_branch4_mean,opaque_dependency_l6,tabular_online,training,opaque,imagined_transitions,30,186.45551666666668,1.3531526182708795,185.97676666666666,186.92818333333332,184.146,189.0
ablation,ablation,full_depth6_branch4_mean,opaque_dependency_l6,tabular_online,training,opaque,action_proposals,30,6.0,0.0,6.0,6.0,6.0,6.0
ablation,ablation,full_depth6_branch4_mean,opaque_dependency_l6,tabular_online,training,opaque,repeat_rate,30,0.0,0.0,0.0,0.0,0.0,0.0
ablation,ablation,full_depth6_branch4_mean,opaque_dependency_l6,tabular_online,training,opaque,error_rate,30,0.0,0.0,0.0,0.0,0.0,0.0
ablation,ablation,full_depth6_branch4_mean,opaque_dependency_l6,tabular_online,training,opaque,learning_auc,30,0.33526763381690844,0.07129862756311883,0.31034684008671004,0.36026346506586626,0.21710855427713857,0.4932466233116558
ablation,ablation,full_depth6_branch4_mean,opaque_dependency_l6,tabular_online,training,opaque,final_tail_success,30,0.4995,0.10892381076570971,0.4618333333333334,0.5376666666666666,0.31,0.705
ablation,ablation,full_depth6_branch4_mean,opaque_dependency_l6,tabular_online,training,opaque,first_success_real_transitions,30,282.2,212.5148919731152,206.8,358.8,6.0,678.0
ablation,ablation,full_depth6_branch4_risk-adjusted,opaque_dependency_l6,tabular_online,evaluation_seen,opaque,success,30,0.0,0.0,0.0,0.0,0.0,0.0
ablation,ablation,full_depth6_branch4_risk-adjusted,opaque_dependency_l6,tabular_online,evaluation_seen,opaque,steps,30,6.0,0.0,6.0,6.0,6.0,6.0
ablation,ablation,full_depth6_branch4_risk-adjusted,opaque_dependency_l6,tabular_online,evaluation_seen,opaque,high_level_steps,30,6.0,0.0,6.0,6.0,6.0,6.0
ablation,ablation,full_depth6_branch4_risk-adjusted,opaque_dependency_l6,tabular_online,evaluation_seen,opaque,primitive_steps,30,6.0,0.0,6.0,6.0,6.0,6.0
ablation,ablation,full_depth6_branch4_risk-adjusted,opaque_dependency_l6,tabular_online,evaluation_seen,opaque,reward,30,0.0,0.0,0.0,0.0,0.0,0.0
ablation,ablation,full_depth6_branch4_risk-adjusted,opaque_dependency_l6,tabular_online,evaluation_seen,opaque,errors,30,0.0,0.0,0.0,0.0,0.0,0.0
ablation,ablation,full_depth6_branch4_risk-adjusted,opaque_dependency_l6,tabular_online,evaluation_seen,opaque,repeats,30,0.0,0.0,0.0,0.0,0.0,0.0
ablation,ablation,full_depth6_branch4_risk-adjusted,opaque_dependency_l6,tabular_online,evaluation_seen,opaque,prediction_score,30,0.0,0.0,0.0,0.0,0.0,0.0
ablation,ablation,full_depth6_branch4_risk-adjusted,opaque_dependency_l6,tabular_online,evaluation_seen,opaque,holdout_score,30,1.0,0.0,1.0,1.0,1.0,1.0
ablation,ablation,full_depth6_branch4_risk-adjusted,opaque_dependency_l6,tabular_online,evaluation_seen,opaque,imagined_nodes,30,0.0,0.0,0.0,0.0,0.0,0.0
ablation,ablation,full_depth6_branch4_risk-adjusted,opaque_dependency_l6,tabular_online,evaluation_seen,opaque,imagination_depth,30,0.0,0.0,0.0,0.0,0.0,0.0
ablation,ablation,full_depth6_branch4_risk-adjusted,opaque_dependency_l6,tabular_online,evaluation_seen,opaque,actual_return,30,0.0,0.0,0.0,0.0,0.0,0.0
ablation,ablation,full_depth6_branch4_risk-adjusted,opaque_dependency_l6,tabular_online,evaluation_seen,opaque,runtime_seconds,30,0.0033360098331856234,0.0004542761437580109,0.003183146949687701,0.0034991149833610204,0.0027675490007095503,0.004189318000717321
ablation,ablation,full_depth6_branch4_risk-adjusted,opaque_dependency_l6,tabular_online,evaluation_seen,opaque,real_transitions,30,6.0,0.0,6.0,6.0,6.0,6.0
ablation,ablation,full_depth6_branch4_risk-adjusted,opaque_dependency_l6,tabular_online,evaluation_seen,opaque,imagined_transitions,30,0.0,0.0,0.0,0.0,0.0,0.0
ablation,ablation,full_depth6_branch4_risk-adjusted,opaque_dependency_l6,tabular_online,evaluation_seen,opaque,action_proposals,30,6.0,0.0,6.0,6.0,6.0,6.0
ablation,ablation,full_depth6_branch4_risk-adjusted,opaque_dependency_l6,tabular_online,evaluation_seen,opaque,repeat_rate,30,0.0,0.0,0.0,0.0,0.0,0.0
ablation,ablation,full_depth6_branch4_risk-adjusted,opaque_dependency_l6,tabular_online,evaluation_seen,opaque,error_rate,30,0.0,0.0,0.0,0.0,0.0,0.0
ablation,ablation,full_depth6_branch4_risk-adjusted,opaque_dependency_l6,tabular_online,evaluation_unseen_zero_shot,opaque,success,30,0.0,0.0,0.0,0.0,0.0,0.0
ablation,ablation,full_depth6_branch4_risk-adjusted,opaque_dependency_l6,tabular_online,evaluation_unseen_zero_shot,opaque,steps,30,6.0,0.0,6.0,6.0,6.0,6.0
ablation,ablation,full_depth6_branch4_risk-adjusted,opaque_dependency_l6,tabular_online,evaluation_unseen_zero_shot,opaque,high_level_steps,30,6.0,0.0,6.0,6.0,6.0,6.0
ablation,ablation,full_depth6_branch4_risk-adjusted,opaque_dependency_l6,tabular_online,evaluation_unseen_zero_shot,opaque,primitive_steps,30,6.0,0.0,6.0,6.0,6.0,6.0
ablation,ablation,full_depth6_branch4_risk-adjusted,opaque_dependency_l6,tabular_online,evaluation_unseen_zero_shot,opaque,reward,30,0.0,0.0,0.0,0.0,0.0,0.0
ablation,ablation,full_depth6_branch4_risk-adjusted,opaque_dependency_l6,tabular_online,evaluation_unseen_zero_shot,opaque,errors,30,0.0,0.0,0.0,0.0,0.0,0.0
ablation,ablation,full_depth6_branch4_risk-adjusted,opaque_dependency_l6,tabular_online,evaluation_unseen_zero_shot,opaque,repeats,30,0.0,0.0,0.0,0.0,0.0,0.0
ablation,ablation,full_depth6_branch4_risk-adjusted,opaque_dependency_l6,tabular_online,evaluation_unseen_zero_shot,opaque,prediction_score,30,0.0,0.0,0.0,0.0,0.0,0.0
ablation,ablation,full_depth6_branch4_risk-adjusted,opaque_dependency_l6,tabular_online,evaluation_unseen_zero_shot,opaque,holdout_score,30,1.0,0.0,1.0,1.0,1.0,1.0
ablation,ablation,full_depth6_branch4_risk-adjusted,opaque_dependency_l6,tabular_online,evaluation_unseen_zero_shot,opaque,imagined_nodes,30,0.0,0.0,0.0,0.0,0.0,0.0
ablation,ablation,full_depth6_branch4_risk-adjusted,opaque_dependency_l6,tabular_online,evaluation_unseen_zero_shot,opaque,imagination_depth,30,0.0,0.0,0.0,0.0,0.0,0.0
ablation,ablation,full_depth6_branch4_risk-adjusted,opaque_dependency_l6,tabular_online,evaluation_unseen_zero_shot,opaque,actual_return,30,0.0,0.0,0.0,0.0,0.0,0.0
ablation,ablation,full_depth6_branch4_risk-adjusted,opaque_dependency_l6,tabular_online,evaluation_unseen_zero_shot,opaque,runtime_seconds,30,0.0034333782665780742,0.0004503992860040967,0.0032780995832921082,0.003591762383002788,0.002765227499330649,0.004168248499336186
ablation,ablation,full_depth6_branch4_risk-adjusted,opaque_dependency_l6,tabular_online,evaluation_unseen_zero_shot,opaque,real_transitions,30,6.0,0.0,6.0,6.0,6.0,6.0
ablation,ablation,full_depth6_branch4_risk-adjusted,opaque_dependency_l6,tabular_online,evaluation_unseen_zero_shot,opaque,imagined_transitions,30,0.0,0.0,0.0,0.0,0.0,0.0
ablation,ablation,full_depth6_branch4_risk-adjusted,opaque_dependency_l6,tabular_online,evaluation_unseen_zero_shot,opaque,action_proposals,30,6.0,0.0,6.0,6.0,6.0,6.0
ablation,ablation,full_depth6_branch4_risk-adjusted,opaque_dependency_l6,tabular_online,evaluation_unseen_zero_shot,opaque,repeat_rate,30,0.0,0.0,0.0,0.0,0.0,0.0
ablation,ablation,full_depth6_branch4_risk-adjusted,opaque_dependency_l6,tabular_online,evaluation_unseen_zero_shot,opaque,error_rate,30,0.0,0.0,0.0,0.0,0.0,0.0
ablation,ablation,full_depth6_branch4_risk-adjusted,opaque_dependency_l6,tabular_online,training,opaque,success,30,0.33521666666666666,0.07133779325943883,0.31056666666666666,0.36035,0.217,0.493
ablation,ablation,full_depth6_branch4_risk-adjusted,opaque_dependency_l6,tabular_online,training,opaque,steps,30,6.0,0.0,6.0,6.0,6.0,6.0
ablation,ablation,full_depth6_branch4_risk-adjusted,opaque_dependency_l6,tabular_online,training,opaque,high_level_steps,30,6.0,0.0,6.0,6.0,6.0,6.0
ablation,ablation,full_depth6_branch4_risk-adjusted,opaque_dependency_l6,tabular_online,training,opaque,primitive_steps,30,6.0,0.0,6.0,6.0,6.0,6.0
ablation,ablation,full_depth6_branch4_risk-adjusted,opaque_dependency_l6,tabular_online,training,opaque,reward,30,0.33521666666666666,0.07133779325943883,0.31105,0.35996666666666666,0.217,0.493
ablation,ablation,full_depth6_branch4_risk-adjusted,opaque_dependency_l6,tabular_online,training,opaque,errors,30,0.0,0.0,0.0,0.0,0.0,0.0
ablation,ablation,full_depth6_branch4_risk-adjusted,opaque_dependency_l6,tabular_online,training,opaque,repeats,30,0.0,0.0,0.0,0.0,0.0,0.0
ablation,ablation,full_depth6_branch4_risk-adjusted,opaque_dependency_l6,tabular_online,training,opaque,prediction_score,30,0.9899944444444445,0.0005587742011924325,0.9897972222222222,0.9901861111111111,0.98875,0.9909166666666667
ablation,ablation,full_depth6_branch4_risk-adjusted,opaque_dependency_l6,tabular_online,training,opaque,holdout_score,30,0.12354595175287926,0.00021976011280834515,0.12346859800491645,0.12362007203929698,0.12305159026929598,0.1239719795736979
ablation,ablation,full_depth6_branch4_risk-adjusted,opaque_dependency_l6,tabular_online,training,opaque,holdout_gain,30,6.3778436010959445e-06,4.876738246617554e-06,4.730237371994618e-06,8.13267713310339e-06,0.0,1.7361111111111104e-05
ablation,ablation,full_depth6_branch4_risk-adjusted,opaque_dependency_l6,tabular_online,training,opaque,imagined_nodes,30,186.45551666666668,1.3531526182708795,185.99411666666666,186.92683333333335,184.146,189.0
ablation,ablation,full_depth6_branch4_risk-adjusted,opaque_dependency_l6,tabular_online,training,opaque,imagination_depth,30,5.4443166666666665,0.024828544242371495,5.435866666666667,5.452916666666667,5.386,5.5005
ablation,ablation,full_depth6_branch4_risk-adjusted,opaque_dependency_l6,tabular_online,training,opaque,actual_return,30,0.33521666666666666,0.07133779325943883,0.31006666666666666,0.36038333333333333,0.217,0.493
ablation,ablation,full_depth6_branch4_risk-adjusted,opaque_dependency_l6,tabular_online,training,opaque,runtime_seconds,30,0.006825443746537106,0.0004000910030121854,0.006682902679902811,0.006959530309852077,0.005865917999879457,0.007622874299864634
ablation,ablation,full_depth6_branch4_risk-adjusted,opaque_dependency_l6,tabular_online,training,opaque,real_transitions,30,6.0,0.0,6.0,6.0,6.0,6.0
ablation,ablation,full_depth6_branch4_risk-adjusted,opaque_dependency_l6,tabular_online,training,opaque,imagined_transitions,30,186.45551666666668,1.3531526182708795,185.98916666666668,186.93596666666664,184.146,189.0
ablation,ablation,full_depth6_branch4_risk-adjusted,opaque_dependency_l6,tabular_online,training,opaque,action_proposals,30,6.0,0.0,6.0,6.0,6.0,6.0
ablation,ablation,full_depth6_branch4_risk-adjusted,opaque_dependency_l6,tabular_online,training,opaque,repeat_rate,30,0.0,0.0,0.0,0.0,0.0,0.0
ablation,ablation,full_depth6_branch4_risk-adjusted,opaque_dependency_l6,tabular_online,training,opaque,error_rate,30,0.0,0.0,0.0,0.0,0.0,0.0
ablation,ablation,full_depth6_branch4_risk-adjusted,opaque_dependency_l6,tabular_online,training,opaque,learning_auc,30,0.33526763381690844,0.07129862756311883,0.3110972152743038,0.36006336501584124,0.21710855427713857,0.4932466233116558
ablation,ablation,full_depth6_branch4_risk-adjusted,opaque_dependency_l6,tabular_online,training,opaque,final_tail_success,30,0.4995,0.10892381076570971,0.4618333333333334,0.538,0.31,0.705
ablation,ablation,full_depth6_branch4_risk-adjusted,opaque_dependency_l6,tabular_online,training,opaque,first_success_real_transitions,30,282.2,212.5148919731152,209.0,357.8,6.0,678.0
ablation,ablation,full_no_error_penalty,opaque_dependency_l6,tabular_online,evaluation_seen,opaque,success,30,0.0,0.0,0.0,0.0,0.0,0.0
ablation,ablation,full_no_error_penalty,opaque_dependency_l6,tabular_online,evaluation_seen,opaque,steps,30,6.0,0.0,6.0,6.0,6.0,6.0
ablation,ablation,full_no_error_penalty,opaque_dependency_l6,tabular_online,evaluation_seen,opaque,high_level_steps,30,6.0,0.0,6.0,6.0,6.0,6.0
ablation,ablation,full_no_error_penalty,opaque_dependency_l6,tabular_online,evaluation_seen,opaque,primitive_steps,30,6.0,0.0,6.0,6.0,6.0,6.0
ablation,ablation,full_no_error_penalty,opaque_dependency_l6,tabular_online,evaluation_seen,opaque,reward,30,0.0,0.0,0.0,0.0,0.0,0.0
ablation,ablation,full_no_error_penalty,opaque_dependency_l6,tabular_online,evaluation_seen,opaque,errors,30,0.0,0.0,0.0,0.0,0.0,0.0
ablation,ablation,full_no_error_penalty,opaque_dependency_l6,tabular_online,evaluation_seen,opaque,repeats,30,0.0,0.0,0.0,0.0,0.0,0.0
ablation,ablation,full_no_error_penalty,opaque_dependency_l6,tabular_online,evaluation_seen,opaque,prediction_score,30,0.0,0.0,0.0,0.0,0.0,0.0
ablation,ablation,full_no_error_penalty,opaque_dependency_l6,tabular_online,evaluation_seen,opaque,holdout_score,30,1.0,0.0,1.0,1.0,1.0,1.0
ablation,ablation,full_no_error_penalty,opaque_dependency_l6,tabular_online,evaluation_seen,opaque,imagined_nodes,30,0.0,0.0,0.0,0.0,0.0,0.0
ablation,ablation,full_no_error_penalty,opaque_dependency_l6,tabular_online,evaluation_seen,opaque,imagination_depth,30,0.0,0.0,0.0,0.0,0.0,0.0
ablation,ablation,full_no_error_penalty,opaque_dependency_l6,tabular_online,evaluation_seen,opaque,actual_return,30,0.0,0.0,0.0,0.0,0.0,0.0
ablation,ablation,full_no_error_penalty,opaque_dependency_l6,tabular_online,evaluation_seen,opaque,runtime_seconds,30,0.003616136699982841,0.0004048416990971694,0.0034734505668166096,0.00375889219980066,0.0028546284994808956,0.004387900999427074
ablation,ablation,full_no_error_penalty,opaque_dependency_l6,tabular_online,evaluation_seen,opaque,real_transitions,30,6.0,0.0,6.0,6.0,6.0,6.0
ablation,ablation,full_no_error_penalty,opaque_dependency_l6,tabular_online,evaluation_seen,opaque,imagined_transitions,30,0.0,0.0,0.0,0.0,0.0,0.0
ablation,ablation,full_no_error_penalty,opaque_dependency_l6,tabular_online,evaluation_seen,opaque,action_proposals,30,6.0,0.0,6.0,6.0,6.0,6.0
ablation,ablation,full_no_error_penalty,opaque_dependency_l6,tabular_online,evaluation_seen,opaque,repeat_rate,30,0.0,0.0,0.0,0.0,0.0,0.0
ablation,ablation,full_no_error_penalty,opaque_dependency_l6,tabular_online,evaluation_seen,opaque,error_rate,30,0.0,0.0,0.0,0.0,0.0,0.0
ablation,ablation,full_no_error_penalty,opaque_dependency_l6,tabular_online,evaluation_unseen_zero_shot,opaque,success,30,0.0,0.0,0.0,0.0,0.0,0.0
ablation,ablation,full_no_error_penalty,opaque_dependency_l6,tabular_online,evaluation_unseen_zero_shot,opaque,steps,30,6.0,0.0,6.0,6.0,6.0,6.0
ablation,ablation,full_no_error_penalty,opaque_dependency_l6,tabular_online,evaluation_unseen_zero_shot,opaque,high_level_steps,30,6.0,0.0,6.0,6.0,6.0,6.0
ablation,ablation,full_no_error_penalty,opaque_dependency_l6,tabular_online,evaluation_unseen_zero_shot,opaque,primitive_steps,30,6.0,0.0,6.0,6.0,6.0,6.0
ablation,ablation,full_no_error_penalty,opaque_dependency_l6,tabular_online,evaluation_unseen_zero_shot,opaque,reward,30,0.0,0.0,0.0,0.0,0.0,0.0
ablation,ablation,full_no_error_penalty,opaque_dependency_l6,tabular_online,evaluation_unseen_zero_shot,opaque,errors,30,0.0,0.0,0.0,0.0,0.0,0.0
ablation,ablation,full_no_error_penalty,opaque_dependency_l6,tabular_online,evaluation_unseen_zero_shot,opaque,repeats,30,0.0,0.0,0.0,0.0,0.0,0.0
ablation,ablation,full_no_error_penalty,opaque_dependency_l6,tabular_online,evaluation_unseen_zero_shot,opaque,prediction_score,30,0.0,0.0,0.0,0.0,0.0,0.0
ablation,ablation,full_no_error_penalty,opaque_dependency_l6,tabular_online,evaluation_unseen_zero_shot,opaque,holdout_score,30,1.0,0.0,1.0,1.0,1.0,1.0
ablation,ablation,full_no_error_penalty,opaque_dependency_l6,tabular_online,evaluation_unseen_zero_shot,opaque,imagined_nodes,30,0.0,0.0,0.0,0.0,0.0,0.0
ablation,ablation,full_no_error_penalty,opaque_dependency_l6,tabular_online,evaluation_unseen_zero_shot,opaque,imagination_depth,30,0.0,0.0,0.0,0.0,0.0,0.0
ablation,ablation,full_no_error_penalty,opaque_dependency_l6,tabular_online,evaluation_unseen_zero_shot,opaque,actual_return,30,0.0,0.0,0.0,0.0,0.0,0.0
ablation,ablation,full_no_error_penalty,opaque_dependency_l6,tabular_online,evaluation_unseen_zero_shot,opaque,runtime_seconds,30,0.003498681250178682,0.0005246282778274359,0.003326639416860416,0.0036958076667845795,0.002863727000221843,0.0053029600021545775
ablation,ablation,full_no_error_penalty,opaque_dependency_l6,tabular_online,evaluation_unseen_zero_shot,opaque,real_transitions,30,6.0,0.0,6.0,6.0,6.0,6.0
ablation,ablation,full_no_error_penalty,opaque_dependency_l6,tabular_online,evaluation_unseen_zero_shot,opaque,imagined_transitions,30,0.0,0.0,0.0,0.0,0.0,0.0
ablation,ablation,full_no_error_penalty,opaque_dependency_l6,tabular_online,evaluation_unseen_zero_shot,opaque,action_proposals,30,6.0,0.0,6.0,6.0,6.0,6.0
ablation,ablation,full_no_error_penalty,opaque_dependency_l6,tabular_online,evaluation_unseen_zero_shot,opaque,repeat_rate,30,0.0,0.0,0.0,0.0,0.0,0.0
ablation,ablation,full_no_error_penalty,opaque_dependency_l6,tabular_online,evaluation_unseen_zero_shot,opaque,error_rate,30,0.0,0.0,0.0,0.0,0.0,0.0
ablation,ablation,full_no_error_penalty,opaque_dependency_l6,tabular_online,training,opaque,success,30,0.33521666666666666,0.07133779325943883,0.31028333333333336,0.35978333333333334,0.217,0.493
ablation,ablation,full_no_error_penalty,opaque_dependency_l6,tabular_online,training,opaque,steps,30,6.0,0.0,6.0,6.0,6.0,6.0
ablation,ablation,full_no_error_penalty,opaque_dependency_l6,tabular_online,training,opaque,high_level_steps,30,6.0,0.0,6.0,6.0,6.0,6.0
ablation,ablation,full_no_error_penalty,opaque_dependency_l6,tabular_online,training,opaque,primitive_steps,30,6.0,0.0,6.0,6.0,6.0,6.0
ablation,ablation,full_no_error_penalty,opaque_dependency_l6,tabular_online,training,opaque,reward,30,0.33521666666666666,0.07133779325943883,0.31024999999999997,0.3602166666666667,0.217,0.493
ablation,ablation,full_no_error_penalty,opaque_dependency_l6,tabular_online,training,opaque,errors,30,0.0,0.0,0.0,0.0,0.0,0.0
ablation,ablation,full_no_error_penalty,opaque_dependency_l6,tabular_online,training,opaque,repeats,30,0.0,0.0,0.0,0.0,0.0,0.0
ablation,ablation,full_no_error_penalty,opaque_dependency_l6,tabular_online,training,opaque,prediction_score,30,0.9899944444444445,0.0005587742011924325,0.9897888888888888,0.9901833333333333,0.98875,0.9909166666666667
ablation,ablation,full_no_error_penalty,opaque_dependency_l6,tabular_online,training,opaque,holdout_score,30,0.12354595175287926,0.00021976011280834515,0.1234688002711875,0.12361958487689903,0.12305159026929598,0.1239719795736979
ablation,ablation,full_no_error_penalty,opaque_dependency_l6,tabular_online,training,opaque,holdout_gain,30,6.3778436010959445e-06,4.876738246617554e-06,4.677392800554566e-06,8.108354239694818e-06,0.0,1.7361111111111104e-05
ablation,ablation,full_no_error_penalty,opaque_dependency_l6,tabular_online,training,opaque,imagined_nodes,30,186.45551666666668,1.3531526182708795,185.98371666666665,186.92603333333332,184.146,189.0
ablation,ablation,full_no_error_penalty,opaque_dependency_l6,tabular_online,training,opaque,imagination_depth,30,5.4443166666666665,0.024828544242371495,5.435633333333333,5.453116666666667,5.386,5.5005
ablation,ablation,full_no_error_penalty,opaque_dependency_l6,tabular_online,training,opaque,actual_return,30,0.33521666666666666,0.07133779325943883,0.3106833333333333,0.36088333333333333,0.217,0.493
ablation,ablation,full_no_error_penalty,opaque_dependency_l6,tabular_online,training,opaque,runtime_seconds,30,0.006728963691666043,0.0002915212261688119,0.0066324425516325084,0.00683527234664119,0.006320428150313091,0.007668518299338757
ablation,ablation,full_no_error_penalty,opaque_dependency_l6,tabular_online,training,opaque,real_transitions,30,6.0,0.0,6.0,6.0,6.0,6.0
ablation,ablation,full_no_error_penalty,opaque_dependency_l6,tabular_online,training,opaque,imagined_transitions,30,186.45551666666668,1.3531526182708795,185.98418333333333,186.92759999999998,184.146,189.0
ablation,ablation,full_no_error_penalty,opaque_dependency_l6,tabular_online,training,opaque,action_proposals,30,6.0,0.0,6.0,6.0,6.0,6.0
ablation,ablation,full_no_error_penalty,opaque_dependency_l6,tabular_online,training,opaque,repeat_rate,30,0.0,0.0,0.0,0.0,0.0,0.0
ablation,ablation,full_no_error_penalty,opaque_dependency_l6,tabular_online,training,opaque,error_rate,30,0.0,0.0,0.0,0.0,0.0,0.0
ablation,ablation,full_no_error_penalty,opaque_dependency_l6,tabular_online,training,opaque,learning_auc,30,0.33526763381690844,0.07129862756311883,0.3095881273970319,0.3608554277138569,0.21710855427713857,0.4932466233116558
ablation,ablation,full_no_error_penalty,opaque_dependency_l6,tabular_online,training,opaque,final_tail_success,30,0.4995,0.10892381076570971,0.4615,0.5368333333333334,0.31,0.705
ablation,ablation,full_no_error_penalty,opaque_dependency_l6,tabular_online,training,opaque,first_success_real_transitions,30,282.2,212.5148919731152,208.0,357.8,6.0,678.0
ablation,ablation,full_no_repeat_penalty,opaque_dependency_l6,tabular_online,evaluation_seen,opaque,success,30,0.0,0.0,0.0,0.0,0.0,0.0
ablation,ablation,full_no_repeat_penalty,opaque_dependency_l6,tabular_online,evaluation_seen,opaque,steps,30,6.0,0.0,6.0,6.0,6.0,6.0
ablation,ablation,full_no_repeat_penalty,opaque_dependency_l6,tabular_online,evaluation_seen,opaque,high_level_steps,30,6.0,0.0,6.0,6.0,6.0,6.0
ablation,ablation,full_no_repeat_penalty,opaque_dependency_l6,tabular_online,evaluation_seen,opaque,primitive_steps,30,6.0,0.0,6.0,6.0,6.0,6.0
ablation,ablation,full_no_repeat_penalty,opaque_dependency_l6,tabular_online,evaluation_seen,opaque,reward,30,0.0,0.0,0.0,0.0,0.0,0.0
ablation,ablation,full_no_repeat_penalty,opaque_dependency_l6,tabular_online,evaluation_seen,opaque,errors,30,0.0,0.0,0.0,0.0,0.0,0.0
ablation,ablation,full_no_repeat_penalty,opaque_dependency_l6,tabular_online,evaluation_seen,opaque,repeats,30,0.0,0.0,0.0,0.0,0.0,0.0
ablation,ablation,full_no_repeat_penalty,opaque_dependency_l6,tabular_online,evaluation_seen,opaque,prediction_score,30,0.0,0.0,0.0,0.0,0.0,0.0
ablation,ablation,full_no_repeat_penalty,opaque_dependency_l6,tabular_online,evaluation_seen,opaque,holdout_score,30,1.0,0.0,1.0,1.0,1.0,1.0
ablation,ablation,full_no_repeat_penalty,opaque_dependency_l6,tabular_online,evaluation_seen,opaque,imagined_nodes,30,0.0,0.0,0.0,0.0,0.0,0.0
ablation,ablation,full_no_repeat_penalty,opaque_dependency_l6,tabular_online,evaluation_seen,opaque,imagination_depth,30,0.0,0.0,0.0,0.0,0.0,0.0
ablation,ablation,full_no_repeat_penalty,opaque_dependency_l6,tabular_online,evaluation_seen,opaque,actual_return,30,0.0,0.0,0.0,0.0,0.0,0.0
ablation,ablation,full_no_repeat_penalty,opaque_dependency_l6,tabular_online,evaluation_seen,opaque,runtime_seconds,30,0.0034525191498638984,0.0004565689890554603,0.003291793500010196,0.0036111338830766425,0.002815720998769393,0.004305286500020884
ablation,ablation,full_no_repeat_penalty,opaque_dependency_l6,tabular_online,evaluation_seen,opaque,real_transitions,30,6.0,0.0,6.0,6.0,6.0,6.0
ablation,ablation,full_no_repeat_penalty,opaque_dependency_l6,tabular_online,evaluation_seen,opaque,imagined_transitions,30,0.0,0.0,0.0,0.0,0.0,0.0
ablation,ablation,full_no_repeat_penalty,opaque_dependency_l6,tabular_online,evaluation_seen,opaque,action_proposals,30,6.0,0.0,6.0,6.0,6.0,6.0
ablation,ablation,full_no_repeat_penalty,opaque_dependency_l6,tabular_online,evaluation_seen,opaque,repeat_rate,30,0.0,0.0,0.0,0.0,0.0,0.0
ablation,ablation,full_no_repeat_penalty,opaque_dependency_l6,tabular_online,evaluation_seen,opaque,error_rate,30,0.0,0.0,0.0,0.0,0.0,0.0
ablation,ablation,full_no_repeat_penalty,opaque_dependency_l6,tabular_online,evaluation_unseen_zero_shot,opaque,success,30,0.0,0.0,0.0,0.0,0.0,0.0
ablation,ablation,full_no_repeat_penalty,opaque_dependency_l6,tabular_online,evaluation_unseen_zero_shot,opaque,steps,30,6.0,0.0,6.0,6.0,6.0,6.0
ablation,ablation,full_no_repeat_penalty,opaque_dependency_l6,tabular_online,evaluation_unseen_zero_shot,opaque,high_level_steps,30,6.0,0.0,6.0,6.0,6.0,6.0
ablation,ablation,full_no_repeat_penalty,opaque_dependency_l6,tabular_online,evaluation_unseen_zero_shot,opaque,primitive_steps,30,6.0,0.0,6.0,6.0,6.0,6.0
ablation,ablation,full_no_repeat_penalty,opaque_dependency_l6,tabular_online,evaluation_unseen_zero_shot,opaque,reward,30,0.0,0.0,0.0,0.0,0.0,0.0
ablation,ablation,full_no_repeat_penalty,opaque_dependency_l6,tabular_online,evaluation_unseen_zero_shot,opaque,errors,30,0.0,0.0,0.0,0.0,0.0,0.0
ablation,ablation,full_no_repeat_penalty,opaque_dependency_l6,tabular_online,evaluation_unseen_zero_shot,opaque,repeats,30,0.0,0.0,0.0,0.0,0.0,0.0
ablation,ablation,full_no_repeat_penalty,opaque_dependency_l6,tabular_online,evaluation_unseen_zero_shot,opaque,prediction_score,30,0.0,0.0,0.0,0.0,0.0,0.0
ablation,ablation,full_no_repeat_penalty,opaque_dependency_l6,tabular_online,evaluation_unseen_zero_shot,opaque,holdout_score,30,1.0,0.0,1.0,1.0,1.0,1.0
ablation,ablation,full_no_repeat_penalty,opaque_dependency_l6,tabular_online,evaluation_unseen_zero_shot,opaque,imagined_nodes,30,0.0,0.0,0.0,0.0,0.0,0.0
ablation,ablation,full_no_repeat_penalty,opaque_dependency_l6,tabular_online,evaluation_unseen_zero_shot,opaque,imagination_depth,30,0.0,0.0,0.0,0.0,0.0,0.0
ablation,ablation,full_no_repeat_penalty,opaque_dependency_l6,tabular_online,evaluation_unseen_zero_shot,opaque,actual_return,30,0.0,0.0,0.0,0.0,0.0,0.0
ablation,ablation,full_no_repeat_penalty,opaque_dependency_l6,tabular_online,evaluation_unseen_zero_shot,opaque,runtime_seconds,30,0.0034586646000194982,0.00045502743371388576,0.003303203083424402,0.003616977550103911,0.0028794134996132925,0.004363573000155156
ablation,ablation,full_no_repeat_penalty,opaque_dependency_l6,tabular_online,evaluation_unseen_zero_shot,opaque,real_transitions,30,6.0,0.0,6.0,6.0,6.0,6.0
ablation,ablation,full_no_repeat_penalty,opaque_dependency_l6,tabular_online,evaluation_unseen_zero_shot,opaque,imagined_transitions,30,0.0,0.0,0.0,0.0,0.0,0.0
ablation,ablation,full_no_repeat_penalty,opaque_dependency_l6,tabular_online,evaluation_unseen_zero_shot,opaque,action_proposals,30,6.0,0.0,6.0,6.0,6.0,6.0
ablation,ablation,full_no_repeat_penalty,opaque_dependency_l6,tabular_online,evaluation_unseen_zero_shot,opaque,repeat_rate,30,0.0,0.0,0.0,0.0,0.0,0.0
ablation,ablation,full_no_repeat_penalty,opaque_dependency_l6,tabular_online,evaluation_unseen_zero_shot,opaque,error_rate,30,0.0,0.0,0.0,0.0,0.0,0.0
ablation,ablation,full_no_repeat_penalty,opaque_dependency_l6,tabular_online,training,opaque,success,30,0.33521666666666666,0.07133779325943883,0.3107333333333333,0.36075,0.217,0.493
ablation,ablation,full_no_repeat_penalty,opaque_dependency_l6,tabular_online,training,opaque,steps,30,6.0,0.0,6.0,6.0,6.0,6.0
ablation,ablation,full_no_repeat_penalty,opaque_dependency_l6,tabular_online,training,opaque,high_level_steps,30,6.0,0.0,6.0,6.0,6.0,6.0
ablation,ablation,full_no_repeat_penalty,opaque_dependency_l6,tabular_online,training,opaque,primitive_steps,30,6.0,0.0,6.0,6.0,6.0,6.0
ablation,ablation,full_no_repeat_penalty,opaque_dependency_l6,tabular_online,training,opaque,reward,30,0.33521666666666666,0.07133779325943883,0.31024999999999997,0.3611333333333333,0.217,0.493
ablation,ablation,full_no_repeat_penalty,opaque_dependency_l6,tabular_online,training,opaque,errors,30,0.0,0.0,0.0,0.0,0.0,0.0
ablation,ablation,full_no_repeat_penalty,opaque_dependency_l6,tabular_online,training,opaque,repeats,30,0.0,0.0,0.0,0.0,0.0,0.0
ablation,ablation,full_no_repeat_penalty,opaque_dependency_l6,tabular_online,training,opaque,prediction_score,30,0.9899944444444445,0.0005587742011924325,0.9898027777777777,0.9901916666666666,0.98875,0.9909166666666667
ablation,ablation,full_no_repeat_penalty,opaque_dependency_l6,tabular_online,training,opaque,holdout_score,30,0.12354595175287926,0.00021976011280834515,0.12346502748470549,0.12362244423693834,0.12305159026929598,0.1239719795736979
ablation,ablation,full_no_repeat_penalty,opaque_dependency_l6,tabular_online,training,opaque,holdout_gain,30,6.3778436010959445e-06,4.876738246617554e-06,4.747735059728878e-06,8.072300988061857e-06,0.0,1.7361111111111104e-05
ablation,ablation,full_no_repeat_penalty,opaque_dependency_l6,tabular_online,training,opaque,imagined_nodes,30,186.45551666666668,1.3531526182708795,185.9912666666667,186.95305,184.146,189.0
ablation,ablation,full_no_repeat_penalty,opaque_dependency_l6,tabular_online,training,opaque,imagination_depth,30,5.4443166666666665,0.024828544242371495,5.435833333333333,5.45295,5.386,5.5005
ablation,ablation,full_no_repeat_penalty,opaque_dependency_l6,tabular_online,training,opaque,actual_return,30,0.33521666666666666,0.07133779325943883,0.3103166666666667,0.36024999999999996,0.217,0.493
ablation,ablation,full_no_repeat_penalty,opaque_dependency_l6,tabular_online,training,opaque,runtime_seconds,30,0.006662433460034663,0.0003117632378624874,0.006564684665019254,0.006777358111712966,0.006167672700059483,0.007833118850176107
ablation,ablation,full_no_repeat_penalty,opaque_dependency_l6,tabular_online,training,opaque,real_transitions,30,6.0,0.0,6.0,6.0,6.0,6.0
ablation,ablation,full_no_repeat_penalty,opaque_dependency_l6,tabular_online,training,opaque,imagined_transitions,30,186.45551666666668,1.3531526182708795,185.99173333333331,186.93701666666666,184.146,189.0
ablation,ablation,full_no_repeat_penalty,opaque_dependency_l6,tabular_online,training,opaque,action_proposals,30,6.0,0.0,6.0,6.0,6.0,6.0
ablation,ablation,full_no_repeat_penalty,opaque_dependency_l6,tabular_online,training,opaque,repeat_rate,30,0.0,0.0,0.0,0.0,0.0,0.0
ablation,ablation,full_no_repeat_penalty,opaque_dependency_l6,tabular_online,training,opaque,error_rate,30,0.0,0.0,0.0,0.0,0.0,0.0
ablation,ablation,full_no_repeat_penalty,opaque_dependency_l6,tabular_online,training,opaque,learning_auc,30,0.33526763381690844,0.07129862756311883,0.31018009004502256,0.36218942804735704,0.21710855427713857,0.4932466233116558
ablation,ablation,full_no_repeat_penalty,opaque_dependency_l6,tabular_online,training,opaque,final_tail_success,30,0.4995,0.10892381076570971,0.463,0.5391666666666667,0.31,0.705
ablation,ablation,full_no_repeat_penalty,opaque_dependency_l6,tabular_online,training,opaque,first_success_real_transitions,30,282.2,212.5148919731152,206.4,356.2,6.0,678.0
ablation,ablation,full_no_validated_information,opaque_dependency_l6,tabular_online,evaluation_seen,opaque,success,30,0.0,0.0,0.0,0.0,0.0,0.0
ablation,ablation,full_no_validated_information,opaque_dependency_l6,tabular_online,evaluation_seen,opaque,steps,30,6.0,0.0,6.0,6.0,6.0,6.0
ablation,ablation,full_no_validated_information,opaque_dependency_l6,tabular_online,evaluation_seen,opaque,high_level_steps,30,6.0,0.0,6.0,6.0,6.0,6.0
ablation,ablation,full_no_validated_information,opaque_dependency_l6,tabular_online,evaluation_seen,opaque,primitive_steps,30,6.0,0.0,6.0,6.0,6.0,6.0
ablation,ablation,full_no_validated_information,opaque_dependency_l6,tabular_online,evaluation_seen,opaque,reward,30,0.0,0.0,0.0,0.0,0.0,0.0
ablation,ablation,full_no_validated_information,opaque_dependency_l6,tabular_online,evaluation_seen,opaque,errors,30,0.0,0.0,0.0,0.0,0.0,0.0
ablation,ablation,full_no_validated_information,opaque_dependency_l6,tabular_online,evaluation_seen,opaque,repeats,30,0.0,0.0,0.0,0.0,0.0,0.0
ablation,ablation,full_no_validated_information,opaque_dependency_l6,tabular_online,evaluation_seen,opaque,prediction_score,30,0.0,0.0,0.0,0.0,0.0,0.0
ablation,ablation,full_no_validated_information,opaque_dependency_l6,tabular_online,evaluation_seen,opaque,holdout_score,30,1.0,0.0,1.0,1.0,1.0,1.0
ablation,ablation,full_no_validated_information,opaque_dependency_l6,tabular_online,evaluation_seen,opaque,imagined_nodes,30,0.0,0.0,0.0,0.0,0.0,0.0
ablation,ablation,full_no_validated_information,opaque_dependency_l6,tabular_online,evaluation_seen,opaque,imagination_depth,30,0.0,0.0,0.0,0.0,0.0,0.0
ablation,ablation,full_no_validated_information,opaque_dependency_l6,tabular_online,evaluation_seen,opaque,actual_return,30,0.0,0.0,0.0,0.0,0.0,0.0
ablation,ablation,full_no_validated_information,opaque_dependency_l6,tabular_online,evaluation_seen,opaque,runtime_seconds,30,0.003463118766715828,0.0004525178240937211,0.0032988275502090496,0.003623045766532111,0.0027823344997887035,0.004191694999171887
ablation,ablation,full_no_validated_information,opaque_dependency_l6,tabular_online,evaluation_seen,opaque,real_transitions,30,6.0,0.0,6.0,6.0,6.0,6.0
ablation,ablation,full_no_validated_information,opaque_dependency_l6,tabular_online,evaluation_seen,opaque,imagined_transitions,30,0.0,0.0,0.0,0.0,0.0,0.0
ablation,ablation,full_no_validated_information,opaque_dependency_l6,tabular_online,evaluation_seen,opaque,action_proposals,30,6.0,0.0,6.0,6.0,6.0,6.0
ablation,ablation,full_no_validated_information,opaque_dependency_l6,tabular_online,evaluation_seen,opaque,repeat_rate,30,0.0,0.0,0.0,0.0,0.0,0.0
ablation,ablation,full_no_validated_information,opaque_dependency_l6,tabular_online,evaluation_seen,opaque,error_rate,30,0.0,0.0,0.0,0.0,0.0,0.0
ablation,ablation,full_no_validated_information,opaque_dependency_l6,tabular_online,evaluation_unseen_zero_shot,opaque,success,30,0.0,0.0,0.0,0.0,0.0,0.0
ablation,ablation,full_no_validated_information,opaque_dependency_l6,tabular_online,evaluation_unseen_zero_shot,opaque,steps,30,6.0,0.0,6.0,6.0,6.0,6.0
ablation,ablation,full_no_validated_information,opaque_dependency_l6,tabular_online,evaluation_unseen_zero_shot,opaque,high_level_steps,30,6.0,0.0,6.0,6.0,6.0,6.0
ablation,ablation,full_no_validated_information,opaque_dependency_l6,tabular_online,evaluation_unseen_zero_shot,opaque,primitive_steps,30,6.0,0.0,6.0,6.0,6.0,6.0
ablation,ablation,full_no_validated_information,opaque_dependency_l6,tabular_online,evaluation_unseen_zero_shot,opaque,reward,30,0.0,0.0,0.0,0.0,0.0,0.0
ablation,ablation,full_no_validated_information,opaque_dependency_l6,tabular_online,evaluation_unseen_zero_shot,opaque,errors,30,0.0,0.0,0.0,0.0,0.0,0.0
ablation,ablation,full_no_validated_information,opaque_dependency_l6,tabular_online,evaluation_unseen_zero_shot,opaque,repeats,30,0.0,0.0,0.0,0.0,0.0,0.0
ablation,ablation,full_no_validated_information,opaque_dependency_l6,tabular_online,evaluation_unseen_zero_shot,opaque,prediction_score,30,0.0,0.0,0.0,0.0,0.0,0.0
ablation,ablation,full_no_validated_information,opaque_dependency_l6,tabular_online,evaluation_unseen_zero_shot,opaque,holdout_score,30,1.0,0.0,1.0,1.0,1.0,1.0
ablation,ablation,full_no_validated_information,opaque_dependency_l6,tabular_online,evaluation_unseen_zero_shot,opaque,imagined_nodes,30,0.0,0.0,0.0,0.0,0.0,0.0
ablation,ablation,full_no_validated_information,opaque_dependency_l6,tabular_online,evaluation_unseen_zero_shot,opaque,imagination_depth,30,0.0,0.0,0.0,0.0,0.0,0.0
ablation,ablation,full_no_validated_information,opaque_dependency_l6,tabular_online,evaluation_unseen_zero_shot,opaque,actual_return,30,0.0,0.0,0.0,0.0,0.0,0.0
ablation,ablation,full_no_validated_information,opaque_dependency_l6,tabular_online,evaluation_unseen_zero_shot,opaque,runtime_seconds,30,0.0034603060668353764,0.0004507576561068224,0.0033042288666086583,0.00362223726666222,0.0028279169993766116,0.004361463500390528
ablation,ablation,full_no_validated_information,opaque_dependency_l6,tabular_online,evaluation_unseen_zero_shot,opaque,real_transitions,30,6.0,0.0,6.0,6.0,6.0,6.0
ablation,ablation,full_no_validated_information,opaque_dependency_l6,tabular_online,evaluation_unseen_zero_shot,opaque,imagined_transitions,30,0.0,0.0,0.0,0.0,0.0,0.0
ablation,ablation,full_no_validated_information,opaque_dependency_l6,tabular_online,evaluation_unseen_zero_shot,opaque,action_proposals,30,6.0,0.0,6.0,6.0,6.0,6.0
ablation,ablation,full_no_validated_information,opaque_dependency_l6,tabular_online,evaluation_unseen_zero_shot,opaque,repeat_rate,30,0.0,0.0,0.0,0.0,0.0,0.0
ablation,ablation,full_no_validated_information,opaque_dependency_l6,tabular_online,evaluation_unseen_zero_shot,opaque,error_rate,30,0.0,0.0,0.0,0.0,0.0,0.0
ablation,ablation,full_no_validated_information,opaque_dependency_l6,tabular_online,training,opaque,success,30,0.33554999999999996,0.06895955211271465,0.31165,0.3595833333333333,0.217,0.493
ablation,ablation,full_no_validated_information,opaque_dependency_l6,tabular_online,training,opaque,steps,30,6.0,0.0,6.0,6.0,6.0,6.0
ablation,ablation,full_no_validated_information,opaque_dependency_l6,tabular_online,training,opaque,high_level_steps,30,6.0,0.0,6.0,6.0,6.0,6.0
ablation,ablation,full_no_validated_information,opaque_dependency_l6,tabular_online,training,opaque,primitive_steps,30,6.0,0.0,6.0,6.0,6.0,6.0
ablation,ablation,full_no_validated_information,opaque_dependency_l6,tabular_online,training,opaque,reward,30,0.33554999999999996,0.06895955211271465,0.3112333333333333,0.3600333333333333,0.217,0.493
ablation,ablation,full_no_validated_information,opaque_dependency_l6,tabular_online,training,opaque,errors,30,0.0,0.0,0.0,0.0,0.0,0.0
ablation,ablation,full_no_validated_information,opaque_dependency_l6,tabular_online,training,opaque,repeats,30,0.0,0.0,0.0,0.0,0.0,0.0
ablation,ablation,full_no_validated_information,opaque_dependency_l6,tabular_online,training,opaque,prediction_score,30,0.9899944444444445,0.0005587742011924325,0.9897944444444444,0.9901916666666666,0.98875,0.9909166666666667
ablation,ablation,full_no_validated_information,opaque_dependency_l6,tabular_online,training,opaque,holdout_score,30,0.0,0.0,0.0,0.0,0.0,0.0
ablation,ablation,full_no_validated_information,opaque_dependency_l6,tabular_online,training,opaque,holdout_gain,30,0.0,0.0,0.0,0.0,0.0,0.0
ablation,ablation,full_no_validated_information,opaque_dependency_l6,tabular_online,training,opaque,imagined_nodes,30,186.45433333333332,1.3525469737099551,185.98253333333332,186.93245,184.146,189.0
ablation,ablation,full_no_validated_information,opaque_dependency_l6,tabular_online,training,opaque,imagination_depth,30,5.4443166666666665,0.024828544242371495,5.435866666666667,5.453116666666667,5.386,5.5005
ablation,ablation,full_no_validated_information,opaque_dependency_l6,tabular_online,training,opaque,actual_return,30,0.33554999999999996,0.06895955211271465,0.3123166666666667,0.3595333333333333,0.217,0.493
ablation,ablation,full_no_validated_information,opaque_dependency_l6,tabular_online,training,opaque,runtime_seconds,30,0.00585996925495856,0.00028575855917440036,0.005765596444983385,0.005964552884965087,0.005297017200049595,0.006935853499919176
ablation,ablation,full_no_validated_information,opaque_dependency_l6,tabular_online,training,opaque,real_transitions,30,6.0,0.0,6.0,6.0,6.0,6.0
ablation,ablation,full_no_validated_information,opaque_dependency_l6,tabular_online,training,opaque,imagined_transitions,30,186.45433333333332,1.3525469737099551,185.98208333333332,186.92688333333334,184.146,189.0
ablation,ablation,full_no_validated_information,opaque_dependency_l6,tabular_online,training,opaque,action_proposals,30,6.0,0.0,6.0,6.0,6.0,6.0
ablation,ablation,full_no_validated_information,opaque_dependency_l6,tabular_online,training,opaque,repeat_rate,30,0.0,0.0,0.0,0.0,0.0,0.0
ablation,ablation,full_no_validated_information,opaque_dependency_l6,tabular_online,training,opaque,error_rate,30,0.0,0.0,0.0,0.0,0.0,0.0
ablation,ablation,full_no_validated_information,opaque_dependency_l6,tabular_online,training,opaque,learning_auc,30,0.33560113390028345,0.06891625760334048,0.31129731532432886,0.35965482741370686,0.21710855427713857,0.4932466233116558
ablation,ablation,full_no_validated_information,opaque_dependency_l6,tabular_online,training,opaque,final_tail_success,30,0.49983333333333335,0.10569542557985066,0.46266666666666667,0.5365,0.31,0.705
ablation,ablation,full_no_validated_information,opaque_dependency_l6,tabular_online,training,opaque,first_success_real_transitions,30,280.4,210.84617697465512,206.6,353.4,6.0,678.0
ablation,ablation,imagination_no_validated_value,opaque_dependency_l6,tabular_online,evaluation_seen,opaque,success,30,0.0,0.0,0.0,0.0,0.0,0.0
ablation,ablation,imagination_no_validated_value,opaque_dependency_l6,tabular_online,evaluation_seen,opaque,steps,30,6.0,0.0,6.0,6.0,6.0,6.0
ablation,ablation,imagination_no_validated_value,opaque_dependency_l6,tabular_online,evaluation_seen,opaque,high_level_steps,30,6.0,0.0,6.0,6.0,6.0,6.0
ablation,ablation,imagination_no_validated_value,opaque_dependency_l6,tabular_online,evaluation_seen,opaque,primitive_steps,30,6.0,0.0,6.0,6.0,6.0,6.0
ablation,ablation,imagination_no_validated_value,opaque_dependency_l6,tabular_online,evaluation_seen,opaque,reward,30,0.0,0.0,0.0,0.0,0.0,0.0
ablation,ablation,imagination_no_validated_value,opaque_dependency_l6,tabular_online,evaluation_seen,opaque,errors,30,0.0,0.0,0.0,0.0,0.0,0.0
ablation,ablation,imagination_no_validated_value,opaque_dependency_l6,tabular_online,evaluation_seen,opaque,repeats,30,0.0,0.0,0.0,0.0,0.0,0.0
ablation,ablation,imagination_no_validated_value,opaque_dependency_l6,tabular_online,evaluation_seen,opaque,prediction_score,30,0.0,0.0,0.0,0.0,0.0,0.0
ablation,ablation,imagination_no_validated_value,opaque_dependency_l6,tabular_online,evaluation_seen,opaque,holdout_score,30,1.0,0.0,1.0,1.0,1.0,1.0
ablation,ablation,imagination_no_validated_value,opaque_dependency_l6,tabular_online,evaluation_seen,opaque,imagined_nodes,30,0.0,0.0,0.0,0.0,0.0,0.0
ablation,ablation,imagination_no_validated_value,opaque_dependency_l6,tabular_online,evaluation_seen,opaque,imagination_depth,30,0.0,0.0,0.0,0.0,0.0,0.0
ablation,ablation,imagination_no_validated_value,opaque_dependency_l6,tabular_online,evaluation_seen,opaque,actual_return,30,0.0,0.0,0.0,0.0,0.0,0.0
ablation,ablation,imagination_no_validated_value,opaque_dependency_l6,tabular_online,evaluation_seen,opaque,runtime_seconds,30,0.0035368936332427743,0.0004241530022155464,0.003388158850080799,0.0036827264831905877,0.0028302264990634285,0.004474365000060061
ablation,ablation,imagination_no_validated_value,opaque_dependency_l6,tabular_online,evaluation_seen,opaque,real_transitions,30,6.0,0.0,6.0,6.0,6.0,6.0
ablation,ablation,imagination_no_validated_value,opaque_dependency_l6,tabular_online,evaluation_seen,opaque,imagined_transitions,30,0.0,0.0,0.0,0.0,0.0,0.0
ablation,ablation,imagination_no_validated_value,opaque_dependency_l6,tabular_online,evaluation_seen,opaque,action_proposals,30,6.0,0.0,6.0,6.0,6.0,6.0
ablation,ablation,imagination_no_validated_value,opaque_dependency_l6,tabular_online,evaluation_seen,opaque,repeat_rate,30,0.0,0.0,0.0,0.0,0.0,0.0
ablation,ablation,imagination_no_validated_value,opaque_dependency_l6,tabular_online,evaluation_seen,opaque,error_rate,30,0.0,0.0,0.0,0.0,0.0,0.0
ablation,ablation,imagination_no_validated_value,opaque_dependency_l6,tabular_online,evaluation_unseen_zero_shot,opaque,success,30,0.0,0.0,0.0,0.0,0.0,0.0
ablation,ablation,imagination_no_validated_value,opaque_dependency_l6,tabular_online,evaluation_unseen_zero_shot,opaque,steps,30,6.0,0.0,6.0,6.0,6.0,6.0
ablation,ablation,imagination_no_validated_value,opaque_dependency_l6,tabular_online,evaluation_unseen_zero_shot,opaque,high_level_steps,30,6.0,0.0,6.0,6.0,6.0,6.0
ablation,ablation,imagination_no_validated_value,opaque_dependency_l6,tabular_online,evaluation_unseen_zero_shot,opaque,primitive_steps,30,6.0,0.0,6.0,6.0,6.0,6.0
ablation,ablation,imagination_no_validated_value,opaque_dependency_l6,tabular_online,evaluation_unseen_zero_shot,opaque,reward,30,0.0,0.0,0.0,0.0,0.0,0.0
ablation,ablation,imagination_no_validated_value,opaque_dependency_l6,tabular_online,evaluation_unseen_zero_shot,opaque,errors,30,0.0,0.0,0.0,0.0,0.0,0.0
ablation,ablation,imagination_no_validated_value,opaque_dependency_l6,tabular_online,evaluation_unseen_zero_shot,opaque,repeats,30,0.0,0.0,0.0,0.0,0.0,0.0
ablation,ablation,imagination_no_validated_value,opaque_dependency_l6,tabular_online,evaluation_unseen_zero_shot,opaque,prediction_score,30,0.0,0.0,0.0,0.0,0.0,0.0
ablation,ablation,imagination_no_validated_value,opaque_dependency_l6,tabular_online,evaluation_unseen_zero_shot,opaque,holdout_score,30,1.0,0.0,1.0,1.0,1.0,1.0
ablation,ablation,imagination_no_validated_value,opaque_dependency_l6,tabular_online,evaluation_unseen_zero_shot,opaque,imagined_nodes,30,0.0,0.0,0.0,0.0,0.0,0.0
ablation,ablation,imagination_no_validated_value,opaque_dependency_l6,tabular_online,evaluation_unseen_zero_shot,opaque,imagination_depth,30,0.0,0.0,0.0,0.0,0.0,0.0
ablation,ablation,imagination_no_validated_value,opaque_dependency_l6,tabular_online,evaluation_unseen_zero_shot,opaque,actual_return,30,0.0,0.0,0.0,0.0,0.0,0.0
ablation,ablation,imagination_no_validated_value,opaque_dependency_l6,tabular_online,evaluation_unseen_zero_shot,opaque,runtime_seconds,30,0.003376748916717285,0.0004010870244265857,0.00324020108312349,0.0035218678166759974,0.002834712500916794,0.0043501214985735715
ablation,ablation,imagination_no_validated_value,opaque_dependency_l6,tabular_online,evaluation_unseen_zero_shot,opaque,real_transitions,30,6.0,0.0,6.0,6.0,6.0,6.0
ablation,ablation,imagination_no_validated_value,opaque_dependency_l6,tabular_online,evaluation_unseen_zero_shot,opaque,imagined_transitions,30,0.0,0.0,0.0,0.0,0.0,0.0
ablation,ablation,imagination_no_validated_value,opaque_dependency_l6,tabular_online,evaluation_unseen_zero_shot,opaque,action_proposals,30,6.0,0.0,6.0,6.0,6.0,6.0
ablation,ablation,imagination_no_validated_value,opaque_dependency_l6,tabular_online,evaluation_unseen_zero_shot,opaque,repeat_rate,30,0.0,0.0,0.0,0.0,0.0,0.0
ablation,ablation,imagination_no_validated_value,opaque_dependency_l6,tabular_online,evaluation_unseen_zero_shot,opaque,error_rate,30,0.0,0.0,0.0,0.0,0.0,0.0
ablation,ablation,imagination_no_validated_value,opaque_dependency_l6,tabular_online,training,opaque,success,30,0.33554999999999996,0.06895955211271465,0.31151666666666666,0.36056666666666665,0.217,0.493
ablation,ablation,imagination_no_validated_value,opaque_dependency_l6,tabular_online,training,opaque,steps,30,6.0,0.0,6.0,6.0,6.0,6.0
ablation,ablation,imagination_no_validated_value,opaque_dependency_l6,tabular_online,training,opaque,high_level_steps,30,6.0,0.0,6.0,6.0,6.0,6.0
ablation,ablation,imagination_no_validated_value,opaque_dependency_l6,tabular_online,training,opaque,primitive_steps,30,6.0,0.0,6.0,6.0,6.0,6.0
ablation,ablation,imagination_no_validated_value,opaque_dependency_l6,tabular_online,training,opaque,reward,30,0.33554999999999996,0.06895955211271465,0.31165,0.3592,0.217,0.493
ablation,ablation,imagination_no_validated_value,opaque_dependency_l6,tabular_online,training,opaque,errors,30,0.0,0.0,0.0,0.0,0.0,0.0
ablation,ablation,imagination_no_validated_value,opaque_dependency_l6,tabular_online,training,opaque,repeats,30,0.0,0.0,0.0,0.0,0.0,0.0
ablation,ablation,imagination_no_validated_value,opaque_dependency_l6,tabular_online,training,opaque,prediction_score,30,0.9899944444444445,0.0005587742011924325,0.9897888888888889,0.9901916666666666,0.98875,0.9909166666666667
ablation,ablation,imagination_no_validated_value,opaque_dependency_l6,tabular_online,training,opaque,holdout_score,30,0.0,0.0,0.0,0.0,0.0,0.0
ablation,ablation,imagination_no_validated_value,opaque_dependency_l6,tabular_online,training,opaque,holdout_gain,30,0.0,0.0,0.0,0.0,0.0,0.0
ablation,ablation,imagination_no_validated_value,opaque_dependency_l6,tabular_online,training,opaque,imagined_nodes,30,186.45433333333332,1.3525469737099551,185.99931666666666,186.94458333333333,184.146,189.0
ablation,ablation,imagination_no_validated_value,opaque_dependency_l6,tabular_online,training,opaque,imagination_depth,30,5.4443166666666665,0.024828544242371495,5.435666666666666,5.453166666666666,5.386,5.5005
ablation,ablation,imagination_no_validated_value,opaque_dependency_l6,tabular_online,training,opaque,actual_return,30,0.33554999999999996,0.06895955211271465,0.31148333333333333,0.36046666666666666,0.217,0.493
ablation,ablation,imagination_no_validated_value,opaque_dependency_l6,tabular_online,training,opaque,runtime_seconds,30,0.005824977868378725,0.00027970696140789937,0.005724115296774835,0.005925910705081089,0.00515880685004231,0.0063819668000360255
ablation,ablation,imagination_no_validated_value,opaque_dependency_l6,tabular_online,training,opaque,real_transitions,30,6.0,0.0,6.0,6.0,6.0,6.0
ablation,ablation,imagination_no_validated_value,opaque_dependency_l6,tabular_online,training,opaque,imagined_transitions,30,186.45433333333332,1.3525469737099551,185.98411666666667,186.9207,184.146,189.0
ablation,ablation,imagination_no_validated_value,opaque_dependency_l6,tabular_online,training,opaque,action_proposals,30,6.0,0.0,6.0,6.0,6.0,6.0
ablation,ablation,imagination_no_validated_value,opaque_dependency_l6,tabular_online,training,opaque,repeat_rate,30,0.0,0.0,0.0,0.0,0.0,0.0
ablation,ablation,imagination_no_validated_value,opaque_dependency_l6,tabular_online,training,opaque,error_rate,30,0.0,0.0,0.0,0.0,0.0,0.0
ablation,ablation,imagination_no_validated_value,opaque_dependency_l6,tabular_online,training,opaque,learning_auc,30,0.33560113390028345,0.06891625760334048,0.3112639653159913,0.35990495247623816,0.21710855427713857,0.4932466233116558
ablation,ablation,imagination_no_validated_value,opaque_dependency_l6,tabular_online,training,opaque,final_tail_success,30,0.49983333333333335,0.10569542557985066,0.46366666666666667,0.5373333333333333,0.31,0.705
ablation,ablation,imagination_no_validated_value,opaque_dependency_l6,tabular_online,training,opaque,first_success_real_transitions,30,280.4,210.84617697465512,207.2,355.8,6.0,678.0
ablation,ablation,prophecy_no_imagination,opaque_dependency_l6,tabular_online,evaluation_seen,opaque,success,30,0.0,0.0,0.0,0.0,0.0,0.0
ablation,ablation,prophecy_no_imagination,opaque_dependency_l6,tabular_online,evaluation_seen,opaque,steps,30,6.0,0.0,6.0,6.0,6.0,6.0
ablation,ablation,prophecy_no_imagination,opaque_dependency_l6,tabular_online,evaluation_seen,opaque,high_level_steps,30,6.0,0.0,6.0,6.0,6.0,6.0
ablation,ablation,prophecy_no_imagination,opaque_dependency_l6,tabular_online,evaluation_seen,opaque,primitive_steps,30,6.0,0.0,6.0,6.0,6.0,6.0
ablation,ablation,prophecy_no_imagination,opaque_dependency_l6,tabular_online,evaluation_seen,opaque,reward,30,0.0,0.0,0.0,0.0,0.0,0.0
ablation,ablation,prophecy_no_imagination,opaque_dependency_l6,tabular_online,evaluation_seen,opaque,errors,30,0.0,0.0,0.0,0.0,0.0,0.0
ablation,ablation,prophecy_no_imagination,opaque_dependency_l6,tabular_online,evaluation_seen,opaque,repeats,30,0.0,0.0,0.0,0.0,0.0,0.0
ablation,ablation,prophecy_no_imagination,opaque_dependency_l6,tabular_online,evaluation_seen,opaque,prediction_score,30,0.0,0.0,0.0,0.0,0.0,0.0
ablation,ablation,prophecy_no_imagination,opaque_dependency_l6,tabular_online,evaluation_seen,opaque,holdout_score,30,1.0,0.0,1.0,1.0,1.0,1.0
ablation,ablation,prophecy_no_imagination,opaque_dependency_l6,tabular_online,evaluation_seen,opaque,imagined_nodes,30,0.0,0.0,0.0,0.0,0.0,0.0
ablation,ablation,prophecy_no_imagination,opaque_dependency_l6,tabular_online,evaluation_seen,opaque,imagination_depth,30,0.0,0.0,0.0,0.0,0.0,0.0
ablation,ablation,prophecy_no_imagination,opaque_dependency_l6,tabular_online,evaluation_seen,opaque,actual_return,30,0.0,0.0,0.0,0.0,0.0,0.0
ablation,ablation,prophecy_no_imagination,opaque_dependency_l6,tabular_online,evaluation_seen,opaque,runtime_seconds,30,0.003405727000266779,0.00036840615291377197,0.003276508866760802,0.003532685900320454,0.002757805499859387,0.003947451001877198
ablation,ablation,prophecy_no_imagination,opaque_dependency_l6,tabular_online,evaluation_seen,opaque,real_transitions,30,6.0,0.0,6.0,6.0,6.0,6.0
ablation,ablation,prophecy_no_imagination,opaque_dependency_l6,tabular_online,evaluation_seen,opaque,imagined_transitions,30,0.0,0.0,0.0,0.0,0.0,0.0
ablation,ablation,prophecy_no_imagination,opaque_dependency_l6,tabular_online,evaluation_seen,opaque,action_proposals,30,6.0,0.0,6.0,6.0,6.0,6.0
ablation,ablation,prophecy_no_imagination,opaque_dependency_l6,tabular_online,evaluation_seen,opaque,repeat_rate,30,0.0,0.0,0.0,0.0,0.0,0.0
ablation,ablation,prophecy_no_imagination,opaque_dependency_l6,tabular_online,evaluation_seen,opaque,error_rate,30,0.0,0.0,0.0,0.0,0.0,0.0
ablation,ablation,prophecy_no_imagination,opaque_dependency_l6,tabular_online,evaluation_unseen_zero_shot,opaque,success,30,0.0,0.0,0.0,0.0,0.0,0.0
ablation,ablation,prophecy_no_imagination,opaque_dependency_l6,tabular_online,evaluation_unseen_zero_shot,opaque,steps,30,6.0,0.0,6.0,6.0,6.0,6.0
ablation,ablation,prophecy_no_imagination,opaque_dependency_l6,tabular_online,evaluation_unseen_zero_shot,opaque,high_level_steps,30,6.0,0.0,6.0,6.0,6.0,6.0
ablation,ablation,prophecy_no_imagination,opaque_dependency_l6,tabular_online,evaluation_unseen_zero_shot,opaque,primitive_steps,30,6.0,0.0,6.0,6.0,6.0,6.0
ablation,ablation,prophecy_no_imagination,opaque_dependency_l6,tabular_online,evaluation_unseen_zero_shot,opaque,reward,30,0.0,0.0,0.0,0.0,0.0,0.0
ablation,ablation,prophecy_no_imagination,opaque_dependency_l6,tabular_online,evaluation_unseen_zero_shot,opaque,errors,30,0.0,0.0,0.0,0.0,0.0,0.0
ablation,ablation,prophecy_no_imagination,opaque_dependency_l6,tabular_online,evaluation_unseen_zero_shot,opaque,repeats,30,0.0,0.0,0.0,0.0,0.0,0.0
ablation,ablation,prophecy_no_imagination,opaque_dependency_l6,tabular_online,evaluation_unseen_zero_shot,opaque,prediction_score,30,0.0,0.0,0.0,0.0,0.0,0.0
ablation,ablation,prophecy_no_imagination,opaque_dependency_l6,tabular_online,evaluation_unseen_zero_shot,opaque,holdout_score,30,1.0,0.0,1.0,1.0,1.0,1.0
ablation,ablation,prophecy_no_imagination,opaque_dependency_l6,tabular_online,evaluation_unseen_zero_shot,opaque,imagined_nodes,30,0.0,0.0,0.0,0.0,0.0,0.0
ablation,ablation,prophecy_no_imagination,opaque_dependency_l6,tabular_online,evaluation_unseen_zero_shot,opaque,imagination_depth,30,0.0,0.0,0.0,0.0,0.0,0.0
ablation,ablation,prophecy_no_imagination,opaque_dependency_l6,tabular_online,evaluation_unseen_zero_shot,opaque,actual_return,30,0.0,0.0,0.0,0.0,0.0,0.0
ablation,ablation,prophecy_no_imagination,opaque_dependency_l6,tabular_online,evaluation_unseen_zero_shot,opaque,runtime_seconds,30,0.003275758416891525,0.00040730607799000244,0.00313969128364018,0.003426520299957095,0.0027771830005804076,0.0039189495002210605
ablation,ablation,prophecy_no_imagination,opaque_dependency_l6,tabular_online,evaluation_unseen_zero_shot,opaque,real_transitions,30,6.0,0.0,6.0,6.0,6.0,6.0
ablation,ablation,prophecy_no_imagination,opaque_dependency_l6,tabular_online,evaluation_unseen_zero_shot,opaque,imagined_transitions,30,0.0,0.0,0.0,0.0,0.0,0.0
ablation,ablation,prophecy_no_imagination,opaque_dependency_l6,tabular_online,evaluation_unseen_zero_shot,opaque,action_proposals,30,6.0,0.0,6.0,6.0,6.0,6.0
ablation,ablation,prophecy_no_imagination,opaque_dependency_l6,tabular_online,evaluation_unseen_zero_shot,opaque,repeat_rate,30,0.0,0.0,0.0,0.0,0.0,0.0
ablation,ablation,prophecy_no_imagination,opaque_dependency_l6,tabular_online,evaluation_unseen_zero_shot,opaque,error_rate,30,0.0,0.0,0.0,0.0,0.0,0.0
ablation,ablation,prophecy_no_imagination,opaque_dependency_l6,tabular_online,training,opaque,success,30,0.4724833333333333,0.07137135561483228,0.44653333333333334,0.49835,0.35,0.5735
ablation,ablation,prophecy_no_imagination,opaque_dependency_l6,tabular_online,training,opaque,steps,30,6.0,0.0,6.0,6.0,6.0,6.0
ablation,ablation,prophecy_no_imagination,opaque_dependency_l6,tabular_online,training,opaque,high_level_steps,30,6.0,0.0,6.0,6.0,6.0,6.0
ablation,ablation,prophecy_no_imagination,opaque_dependency_l6,tabular_online,training,opaque,primitive_steps,30,6.0,0.0,6.0,6.0,6.0,6.0
ablation,ablation,prophecy_no_imagination,opaque_dependency_l6,tabular_online,training,opaque,reward,30,0.4724833333333333,0.07137135561483228,0.44706666666666667,0.4972333333333333,0.35,0.5735
ablation,ablation,prophecy_no_imagination,opaque_dependency_l6,tabular_online,training,opaque,errors,30,0.0,0.0,0.0,0.0,0.0,0.0
ablation,ablation,prophecy_no_imagination,opaque_dependency_l6,tabular_online,training,opaque,repeats,30,0.0,0.0,0.0,0.0,0.0,0.0
ablation,ablation,prophecy_no_imagination,opaque_dependency_l6,tabular_online,training,opaque,prediction_score,30,0.9899944444444445,0.0005587742011924325,0.9898027777777778,0.9901888888888889,0.98875,0.9909166666666667
ablation,ablation,prophecy_no_imagination,opaque_dependency_l6,tabular_online,training,opaque,holdout_score,30,0.12354595175287926,0.00021976011280834515,0.12346789304671095,0.12362122683197985,0.12305159026929598,0.1239719795736979
ablation,ablation,prophecy_no_imagination,opaque_dependency_l6,tabular_online,training,opaque,holdout_gain,30,6.3778436010959445e-06,4.876738246617554e-06,4.703142754320289e-06,8.093711647553292e-06,0.0,1.7361111111111104e-05
ablation,ablation,prophecy_no_imagination,opaque_dependency_l6,tabular_online,training,opaque,imagined_nodes,30,0.0,0.0,0.0,0.0,0.0,0.0
ablation,ablation,prophecy_no_imagination,opaque_dependency_l6,tabular_online,training,opaque,imagination_depth,30,0.0,0.0,0.0,0.0,0.0,0.0
ablation,ablation,prophecy_no_imagination,opaque_dependency_l6,tabular_online,training,opaque,actual_return,30,0.4724833333333333,0.07137135561483228,0.44731666666666664,0.4981333333333334,0.35,0.5735
ablation,ablation,prophecy_no_imagination,opaque_dependency_l6,tabular_online,training,opaque,runtime_seconds,30,0.0012584974617260742,9.402889055702469e-05,0.0012228660250815059,0.0012903983633514144,0.0010985550001641968,0.0014160737004422117
ablation,ablation,prophecy_no_imagination,opaque_dependency_l6,tabular_online,training,opaque,real_transitions,30,6.0,0.0,6.0,6.0,6.0,6.0
ablation,ablation,prophecy_no_imagination,opaque_dependency_l6,tabular_online,training,opaque,imagined_transitions,30,0.0,0.0,0.0,0.0,0.0,0.0
ablation,ablation,prophecy_no_imagination,opaque_dependency_l6,tabular_online,training,opaque,action_proposals,30,6.0,0.0,6.0,6.0,6.0,6.0
ablation,ablation,prophecy_no_imagination,opaque_dependency_l6,tabular_online,training,opaque,repeat_rate,30,0.0,0.0,0.0,0.0,0.0,0.0
ablation,ablation,prophecy_no_imagination,opaque_dependency_l6,tabular_online,training,opaque,error_rate,30,0.0,0.0,0.0,0.0,0.0,0.0
ablation,ablation,prophecy_no_imagination,opaque_dependency_l6,tabular_online,training,opaque,learning_auc,30,0.4725862931465733,0.07133096566163788,0.44781557445389364,0.49773219943304986,0.3501750875437719,0.5735367683841921
ablation,ablation,prophecy_no_imagination,opaque_dependency_l6,tabular_online,training,opaque,final_tail_success,30,0.753,0.10258385972394521,0.7163333333333334,0.7895,0.525,0.91
ablation,ablation,prophecy_no_imagination,opaque_dependency_l6,tabular_online,training,opaque,first_success_real_transitions,30,416.2,508.18577922537,256.6,605.2,6.0,1998.0
