condition,seed,episode,step,action,template,action_signature,total_reward,external_reward,intrinsic_reward,semantic_gain,prophecy_error,error,flag_found,done,imagination_score,imagination_candidate_count
ORACLE_MDP,0,0,1,DOWN,MDP_PRIMITIVE_ACTION,MDP|DOWN,0.0,0.0,0.0,0,0.0,False,False,False,0.0,0
ORACLE_MDP,0,0,2,RIGHT,MDP_PRIMITIVE_ACTION,MDP|RIGHT,0.0,0.0,0.0,0,0.0,False,False,False,0.0,0
ORACLE_MDP,0,0,3,DOWN,MDP_PRIMITIVE_ACTION,MDP|DOWN,0.0,0.0,0.0,0,0.0,False,False,False,0.0,0
ORACLE_MDP,0,0,4,DOWN,MDP_PRIMITIVE_ACTION,MDP|DOWN,0.0,0.0,0.0,0,0.0,False,False,False,0.0,0
ORACLE_MDP,0,0,5,DOWN,MDP_PRIMITIVE_ACTION,MDP|DOWN,0.0,0.0,0.0,0,0.0,False,False,False,0.0,0
ORACLE_MDP,0,0,6,RIGHT,MDP_PRIMITIVE_ACTION,MDP|RIGHT,0.0,0.0,0.0,0,0.0,False,False,False,0.0,0
ORACLE_MDP,0,0,7,RIGHT,MDP_PRIMITIVE_ACTION,MDP|RIGHT,1.0,1.0,0.0,0,0.0,False,True,True,0.0,0
ORACLE_MDP,0,1,1,RIGHT,MDP_PRIMITIVE_ACTION,MDP|RIGHT,0.0,0.0,0.0,0,0.0,False,False,False,0.0,0
ORACLE_MDP,0,1,2,RIGHT,MDP_PRIMITIVE_ACTION,MDP|RIGHT,0.0,0.0,0.0,0,0.0,False,False,False,0.0,0
ORACLE_MDP,0,1,3,RIGHT,MDP_PRIMITIVE_ACTION,MDP|RIGHT,0.0,0.0,0.0,0,0.0,False,False,False,0.0,0
ORACLE_MDP,0,1,4,DOWN,MDP_PRIMITIVE_ACTION,MDP|DOWN,0.0,0.0,0.0,0,0.0,False,False,False,0.0,0
ORACLE_MDP,0,1,5,RIGHT,MDP_PRIMITIVE_ACTION,MDP|RIGHT,0.0,0.0,0.0,0,0.0,False,False,False,0.0,0
ORACLE_MDP,0,1,6,RIGHT,MDP_PRIMITIVE_ACTION,MDP|RIGHT,0.0,0.0,0.0,0,0.0,False,False,False,0.0,0
ORACLE_MDP,0,1,7,RIGHT,MDP_PRIMITIVE_ACTION,MDP|RIGHT,0.0,0.0,0.0,0,0.0,False,False,False,0.0,0
ORACLE_MDP,0,1,8,RIGHT,MDP_PRIMITIVE_ACTION,MDP|RIGHT,1.0,1.0,0.0,0,0.0,False,True,True,0.0,0
ORACLE_MDP,0,2,1,RIGHT,MDP_PRIMITIVE_ACTION,MDP|RIGHT,0.0,0.0,0.0,0,0.0,False,False,False,0.0,0
ORACLE_MDP,0,2,2,RIGHT,MDP_PRIMITIVE_ACTION,MDP|RIGHT,0.0,0.0,0.0,0,0.0,False,False,False,0.0,0
ORACLE_MDP,0,2,3,DOWN,MDP_PRIMITIVE_ACTION,MDP|DOWN,0.0,0.0,0.0,0,0.0,False,False,False,0.0,0
ORACLE_MDP,0,2,4,DOWN,MDP_PRIMITIVE_ACTION,MDP|DOWN,0.0,0.0,0.0,0,0.0,False,False,False,0.0,0
ORACLE_MDP,0,2,5,RIGHT,MDP_PRIMITIVE_ACTION,MDP|RIGHT,0.0,0.0,0.0,0,0.0,False,False,False,0.0,0
ORACLE_MDP,0,2,6,RIGHT,MDP_PRIMITIVE_ACTION,MDP|RIGHT,0.0,0.0,0.0,0,0.0,False,False,False,0.0,0
ORACLE_MDP,0,2,7,RIGHT,MDP_PRIMITIVE_ACTION,MDP|RIGHT,0.0,0.0,0.0,0,0.0,False,False,False,0.0,0
ORACLE_MDP,0,2,8,RIGHT,MDP_PRIMITIVE_ACTION,MDP|RIGHT,0.0,0.0,0.0,0,0.0,False,False,False,0.0,0
ORACLE_MDP,0,2,9,RIGHT,MDP_PRIMITIVE_ACTION,MDP|RIGHT,0.0,0.0,0.0,0,0.0,False,False,False,0.0,0
ORACLE_MDP,0,2,10,UP,MDP_PRIMITIVE_ACTION,MDP|UP,0.0,0.0,0.0,0,0.0,False,False,False,0.0,0
ORACLE_MDP,0,2,11,UP,MDP_PRIMITIVE_ACTION,MDP|UP,0.0,0.0,0.0,0,0.0,False,False,False,0.0,0
ORACLE_MDP,0,2,12,UP,MDP_PRIMITIVE_ACTION,MDP|UP,1.0,1.0,0.0,0,0.0,False,True,True,0.0,0
ORACLE_MDP,0,3,1,DOWN,MDP_PRIMITIVE_ACTION,MDP|DOWN,0.0,0.0,0.0,0,0.0,False,False,False,0.0,0
ORACLE_MDP,0,3,2,RIGHT,MDP_PRIMITIVE_ACTION,MDP|RIGHT,0.0,0.0,0.0,0,0.0,False,False,False,0.0,0
ORACLE_MDP,0,3,3,DOWN,MDP_PRIMITIVE_ACTION,MDP|DOWN,0.0,0.0,0.0,0,0.0,False,False,False,0.0,0
ORACLE_MDP,0,3,4,RIGHT,MDP_PRIMITIVE_ACTION,MDP|RIGHT,0.0,0.0,0.0,0,0.0,False,False,False,0.0,0
ORACLE_MDP,0,3,5,RIGHT,MDP_PRIMITIVE_ACTION,MDP|RIGHT,0.0,0.0,0.0,0,0.0,False,False,False,0.0,0
ORACLE_MDP,0,3,6,RIGHT,MDP_PRIMITIVE_ACTION,MDP|RIGHT,0.0,0.0,0.0,0,0.0,False,False,False,0.0,0
ORACLE_MDP,0,3,7,RIGHT,MDP_PRIMITIVE_ACTION,MDP|RIGHT,0.0,0.0,0.0,0,0.0,False,False,False,0.0,0
ORACLE_MDP,0,3,8,RIGHT,MDP_PRIMITIVE_ACTION,MDP|RIGHT,0.0,0.0,0.0,0,0.0,False,False,False,0.0,0
ORACLE_MDP,0,3,9,RIGHT,MDP_PRIMITIVE_ACTION,MDP|RIGHT,1.0,1.0,0.0,0,0.0,False,True,True,0.0,0
ORACLE_MDP,0,4,1,DOWN,MDP_PRIMITIVE_ACTION,MDP|DOWN,0.0,0.0,0.0,0,0.0,False,False,False,0.0,0
ORACLE_MDP,0,4,2,RIGHT,MDP_PRIMITIVE_ACTION,MDP|RIGHT,0.0,0.0,0.0,0,0.0,False,False,False,0.0,0
ORACLE_MDP,0,4,3,RIGHT,MDP_PRIMITIVE_ACTION,MDP|RIGHT,0.0,0.0,0.0,0,0.0,False,False,False,0.0,0
ORACLE_MDP,0,4,4,RIGHT,MDP_PRIMITIVE_ACTION,MDP|RIGHT,0.0,0.0,0.0,0,0.0,False,False,False,0.0,0
ORACLE_MDP,0,4,5,DOWN,MDP_PRIMITIVE_ACTION,MDP|DOWN,0.0,0.0,0.0,0,0.0,False,False,False,0.0,0
ORACLE_MDP,0,4,6,RIGHT,MDP_PRIMITIVE_ACTION,MDP|RIGHT,0.0,0.0,0.0,0,0.0,False,False,False,0.0,0
ORACLE_MDP,0,4,7,RIGHT,MDP_PRIMITIVE_ACTION,MDP|RIGHT,0.0,0.0,0.0,0,0.0,False,False,False,0.0,0
ORACLE_MDP,0,4,8,RIGHT,MDP_PRIMITIVE_ACTION,MDP|RIGHT,0.0,0.0,0.0,0,0.0,False,False,False,0.0,0
ORACLE_MDP,0,4,9,RIGHT,MDP_PRIMITIVE_ACTION,MDP|RIGHT,1.0,1.0,0.0,0,0.0,False,True,True,0.0,0
ORACLE_MDP,0,5,1,DOWN,MDP_PRIMITIVE_ACTION,MDP|DOWN,0.0,0.0,0.0,0,0.0,False,False,False,0.0,0
ORACLE_MDP,0,5,2,DOWN,MDP_PRIMITIVE_ACTION,MDP|DOWN,0.0,0.0,0.0,0,0.0,False,False,False,0.0,0
ORACLE_MDP,0,5,3,RIGHT,MDP_PRIMITIVE_ACTION,MDP|RIGHT,0.0,0.0,0.0,0,0.0,False,False,False,0.0,0
ORACLE_MDP,0,5,4,RIGHT,MDP_PRIMITIVE_ACTION,MDP|RIGHT,0.0,0.0,0.0,0,0.0,False,False,False,0.0,0
ORACLE_MDP,0,5,5,DOWN,MDP_PRIMITIVE_ACTION,MDP|DOWN,0.0,0.0,0.0,0,0.0,False,False,False,0.0,0
ORACLE_MDP,0,5,6,RIGHT,MDP_PRIMITIVE_ACTION,MDP|RIGHT,0.0,0.0,0.0,0,0.0,False,False,False,0.0,0
ORACLE_MDP,0,5,7,RIGHT,MDP_PRIMITIVE_ACTION,MDP|RIGHT,1.0,1.0,0.0,0,0.0,False,True,True,0.0,0
ORACLE_MDP,0,6,1,DOWN,MDP_PRIMITIVE_ACTION,MDP|DOWN,0.0,0.0,0.0,0,0.0,False,False,False,0.0,0
ORACLE_MDP,0,6,2,RIGHT,MDP_PRIMITIVE_ACTION,MDP|RIGHT,0.0,0.0,0.0,0,0.0,False,False,False,0.0,0
ORACLE_MDP,0,6,3,RIGHT,MDP_PRIMITIVE_ACTION,MDP|RIGHT,0.0,0.0,0.0,0,0.0,False,False,False,0.0,0
ORACLE_MDP,0,6,4,DOWN,MDP_PRIMITIVE_ACTION,MDP|DOWN,0.0,0.0,0.0,0,0.0,False,False,False,0.0,0
ORACLE_MDP,0,6,5,RIGHT,MDP_PRIMITIVE_ACTION,MDP|RIGHT,0.0,0.0,0.0,0,0.0,False,False,False,0.0,0
ORACLE_MDP,0,6,6,RIGHT,MDP_PRIMITIVE_ACTION,MDP|RIGHT,0.0,0.0,0.0,0,0.0,False,False,False,0.0,0
ORACLE_MDP,0,6,7,RIGHT,MDP_PRIMITIVE_ACTION,MDP|RIGHT,0.0,0.0,0.0,0,0.0,False,False,False,0.0,0
ORACLE_MDP,0,6,8,UP,MDP_PRIMITIVE_ACTION,MDP|UP,0.0,0.0,0.0,0,0.0,False,False,False,0.0,0
ORACLE_MDP,0,6,9,UP,MDP_PRIMITIVE_ACTION,MDP|UP,0.0,0.0,0.0,0,0.0,False,False,False,0.0,0
ORACLE_MDP,0,6,10,RIGHT,MDP_PRIMITIVE_ACTION,MDP|RIGHT,0.0,0.0,0.0,0,0.0,False,False,False,0.0,0
ORACLE_MDP,0,6,11,RIGHT,MDP_PRIMITIVE_ACTION,MDP|RIGHT,1.0,1.0,0.0,0,0.0,False,True,True,0.0,0
ORACLE_MDP,0,7,1,DOWN,MDP_PRIMITIVE_ACTION,MDP|DOWN,0.0,0.0,0.0,0,0.0,False,False,False,0.0,0
ORACLE_MDP,0,7,2,RIGHT,MDP_PRIMITIVE_ACTION,MDP|RIGHT,0.0,0.0,0.0,0,0.0,False,False,False,0.0,0
ORACLE_MDP,0,7,3,RIGHT,MDP_PRIMITIVE_ACTION,MDP|RIGHT,0.0,0.0,0.0,0,0.0,False,False,False,0.0,0
ORACLE_MDP,0,7,4,RIGHT,MDP_PRIMITIVE_ACTION,MDP|RIGHT,0.0,0.0,0.0,0,0.0,False,False,False,0.0,0
ORACLE_MDP,0,7,5,DOWN,MDP_PRIMITIVE_ACTION,MDP|DOWN,0.0,0.0,0.0,0,0.0,False,False,False,0.0,0
ORACLE_MDP,0,7,6,RIGHT,MDP_PRIMITIVE_ACTION,MDP|RIGHT,0.0,0.0,0.0,0,0.0,False,False,False,0.0,0
ORACLE_MDP,0,7,7,RIGHT,MDP_PRIMITIVE_ACTION,MDP|RIGHT,0.0,0.0,0.0,0,0.0,False,False,False,0.0,0
ORACLE_MDP,0,7,8,RIGHT,MDP_PRIMITIVE_ACTION,MDP|RIGHT,0.0,0.0,0.0,0,0.0,False,False,False,0.0,0
ORACLE_MDP,0,7,9,DOWN,MDP_PRIMITIVE_ACTION,MDP|DOWN,1.0,1.0,0.0,0,0.0,False,True,True,0.0,0
ORACLE_MDP,0,8,1,UP,MDP_PRIMITIVE_ACTION,MDP|UP,0.0,0.0,0.0,0,0.0,False,False,False,0.0,0
ORACLE_MDP,0,8,2,RIGHT,MDP_PRIMITIVE_ACTION,MDP|RIGHT,0.0,0.0,0.0,0,0.0,False,False,False,0.0,0
ORACLE_MDP,0,8,3,DOWN,MDP_PRIMITIVE_ACTION,MDP|DOWN,0.0,0.0,0.0,0,0.0,False,False,False,0.0,0
ORACLE_MDP,0,8,4,LEFT,MDP_PRIMITIVE_ACTION,MDP|LEFT,0.0,0.0,0.0,0,0.0,False,False,False,0.0,0
ORACLE_MDP,0,8,5,DOWN,MDP_PRIMITIVE_ACTION,MDP|DOWN,0.0,0.0,0.0,0,0.0,False,False,False,0.0,0
ORACLE_MDP,0,8,6,LEFT,MDP_PRIMITIVE_ACTION,MDP|LEFT,0.0,0.0,0.0,0,0.0,False,False,False,0.0,0
ORACLE_MDP,0,8,7,DOWN,MDP_PRIMITIVE_ACTION,MDP|DOWN,0.0,0.0,0.0,0,0.0,False,False,False,0.0,0
ORACLE_MDP,0,8,8,DOWN,MDP_PRIMITIVE_ACTION,MDP|DOWN,0.0,0.0,0.0,0,0.0,False,False,False,0.0,0
ORACLE_MDP,0,8,9,DOWN,MDP_PRIMITIVE_ACTION,MDP|DOWN,0.0,0.0,0.0,0,0.0,False,False,False,0.0,0
ORACLE_MDP,0,8,10,"OPEN (1, 5)",MDP_PRIMITIVE_ACTION,"MDP|OPEN (1, 5)",0.0,0.0,0.0,0,0.0,False,False,False,0.0,0
ORACLE_MDP,0,8,11,RIGHT,MDP_PRIMITIVE_ACTION,MDP|RIGHT,0.0,0.0,0.0,0,0.0,False,False,False,0.0,0
ORACLE_MDP,0,8,12,RIGHT,MDP_PRIMITIVE_ACTION,MDP|RIGHT,0.0,0.0,0.0,0,0.0,False,False,False,0.0,0
ORACLE_MDP,0,8,13,"OPEN (3, 5)",MDP_PRIMITIVE_ACTION,"MDP|OPEN (3, 5)",0.0,0.0,0.0,0,0.0,False,False,False,0.0,0
ORACLE_MDP,0,8,14,RIGHT,MDP_PRIMITIVE_ACTION,MDP|RIGHT,0.0,0.0,0.0,0,0.0,False,False,False,0.0,0
ORACLE_MDP,0,8,15,UP,MDP_PRIMITIVE_ACTION,MDP|UP,0.0,0.0,0.0,0,0.0,False,False,False,0.0,0
ORACLE_MDP,0,8,16,UP,MDP_PRIMITIVE_ACTION,MDP|UP,0.0,0.0,0.0,0,0.0,False,False,False,0.0,0
ORACLE_MDP,0,8,17,RIGHT,MDP_PRIMITIVE_ACTION,MDP|RIGHT,0.0,0.0,0.0,0,0.0,False,False,False,0.0,0
ORACLE_MDP,0,8,18,RIGHT,MDP_PRIMITIVE_ACTION,MDP|RIGHT,0.0,0.0,0.0,0,0.0,False,False,False,0.0,0
ORACLE_MDP,0,8,19,RIGHT,MDP_PRIMITIVE_ACTION,MDP|RIGHT,0.0,0.0,0.0,0,0.0,False,False,False,0.0,0
ORACLE_MDP,0,8,20,RIGHT,MDP_PRIMITIVE_ACTION,MDP|RIGHT,0.0,0.0,0.0,0,0.0,False,False,False,0.0,0
ORACLE_MDP,0,8,21,RIGHT,MDP_PRIMITIVE_ACTION,MDP|RIGHT,1.0,1.0,0.0,0,0.0,False,True,True,0.0,0
ORACLE_MDP,0,9,1,DOWN,MDP_PRIMITIVE_ACTION,MDP|DOWN,0.0,0.0,0.0,0,0.0,False,False,False,0.0,0
ORACLE_MDP,0,9,2,RIGHT,MDP_PRIMITIVE_ACTION,MDP|RIGHT,0.0,0.0,0.0,0,0.0,False,False,False,0.0,0
ORACLE_MDP,0,9,3,DOWN,MDP_PRIMITIVE_ACTION,MDP|DOWN,0.0,0.0,0.0,0,0.0,False,False,False,0.0,0
ORACLE_MDP,0,9,4,DOWN,MDP_PRIMITIVE_ACTION,MDP|DOWN,0.0,0.0,0.0,0,0.0,False,False,False,0.0,0
ORACLE_MDP,0,9,5,DOWN,MDP_PRIMITIVE_ACTION,MDP|DOWN,0.0,0.0,0.0,0,0.0,False,False,False,0.0,0
ORACLE_MDP,0,9,6,RIGHT,MDP_PRIMITIVE_ACTION,MDP|RIGHT,0.0,0.0,0.0,0,0.0,False,False,False,0.0,0
ORACLE_MDP,0,9,7,RIGHT,MDP_PRIMITIVE_ACTION,MDP|RIGHT,0.0,0.0,0.0,0,0.0,False,False,False,0.0,0
ORACLE_MDP,0,9,8,RIGHT,MDP_PRIMITIVE_ACTION,MDP|RIGHT,0.0,0.0,0.0,0,0.0,False,False,False,0.0,0
ORACLE_MDP,0,9,9,RIGHT,MDP_PRIMITIVE_ACTION,MDP|RIGHT,1.0,1.0,0.0,0,0.0,False,True,True,0.0,0
ORACLE_MDP,0,10,1,DOWN,MDP_PRIMITIVE_ACTION,MDP|DOWN,0.0,0.0,0.0,0,0.0,False,False,False,0.0,0
ORACLE_MDP,0,10,2,DOWN,MDP_PRIMITIVE_ACTION,MDP|DOWN,0.0,0.0,0.0,0,0.0,False,False,False,0.0,0
ORACLE_MDP,0,10,3,RIGHT,MDP_PRIMITIVE_ACTION,MDP|RIGHT,0.0,0.0,0.0,0,0.0,False,False,False,0.0,0
ORACLE_MDP,0,10,4,DOWN,MDP_PRIMITIVE_ACTION,MDP|DOWN,0.0,0.0,0.0,0,0.0,False,False,False,0.0,0
ORACLE_MDP,0,10,5,DOWN,MDP_PRIMITIVE_ACTION,MDP|DOWN,0.0,0.0,0.0,0,0.0,False,False,False,0.0,0
ORACLE_MDP,0,10,6,RIGHT,MDP_PRIMITIVE_ACTION,MDP|RIGHT,0.0,0.0,0.0,0,0.0,False,False,False,0.0,0
ORACLE_MDP,0,10,7,RIGHT,MDP_PRIMITIVE_ACTION,MDP|RIGHT,0.0,0.0,0.0,0,0.0,False,False,False,0.0,0
ORACLE_MDP,0,10,8,RIGHT,MDP_PRIMITIVE_ACTION,MDP|RIGHT,0.0,0.0,0.0,0,0.0,False,False,False,0.0,0
ORACLE_MDP,0,10,9,RIGHT,MDP_PRIMITIVE_ACTION,MDP|RIGHT,0.0,0.0,0.0,0,0.0,False,False,False,0.0,0
ORACLE_MDP,0,10,10,RIGHT,MDP_PRIMITIVE_ACTION,MDP|RIGHT,0.0,0.0,0.0,0,0.0,False,False,False,0.0,0
ORACLE_MDP,0,10,11,UP,MDP_PRIMITIVE_ACTION,MDP|UP,0.0,0.0,0.0,0,0.0,False,False,False,0.0,0
ORACLE_MDP,0,10,12,UP,MDP_PRIMITIVE_ACTION,MDP|UP,0.0,0.0,0.0,0,0.0,False,False,False,0.0,0
ORACLE_MDP,0,10,13,UP,MDP_PRIMITIVE_ACTION,MDP|UP,0.0,0.0,0.0,0,0.0,False,False,False,0.0,0
ORACLE_MDP,0,10,14,UP,MDP_PRIMITIVE_ACTION,MDP|UP,0.0,0.0,0.0,0,0.0,False,False,False,0.0,0
ORACLE_MDP,0,10,15,RIGHT,MDP_PRIMITIVE_ACTION,MDP|RIGHT,0.0,0.0,0.0,0,0.0,False,False,False,0.0,0
ORACLE_MDP,0,10,16,UP,MDP_PRIMITIVE_ACTION,MDP|UP,1.0,1.0,0.0,0,0.0,False,True,True,0.0,0
ORACLE_MDP,0,11,1,DOWN,MDP_PRIMITIVE_ACTION,MDP|DOWN,0.0,0.0,0.0,0,0.0,False,False,False,0.0,0
ORACLE_MDP,0,11,2,DOWN,MDP_PRIMITIVE_ACTION,MDP|DOWN,0.0,0.0,0.0,0,0.0,False,False,False,0.0,0
ORACLE_MDP,0,11,3,RIGHT,MDP_PRIMITIVE_ACTION,MDP|RIGHT,0.0,0.0,0.0,0,0.0,False,False,False,0.0,0
ORACLE_MDP,0,11,4,RIGHT,MDP_PRIMITIVE_ACTION,MDP|RIGHT,0.0,0.0,0.0,0,0.0,False,False,False,0.0,0
ORACLE_MDP,0,11,5,RIGHT,MDP_PRIMITIVE_ACTION,MDP|RIGHT,0.0,0.0,0.0,0,0.0,False,False,False,0.0,0
ORACLE_MDP,0,11,6,RIGHT,MDP_PRIMITIVE_ACTION,MDP|RIGHT,0.0,0.0,0.0,0,0.0,False,False,False,0.0,0
ORACLE_MDP,0,11,7,DOWN,MDP_PRIMITIVE_ACTION,MDP|DOWN,0.0,0.0,0.0,0,0.0,False,False,False,0.0,0
ORACLE_MDP,0,11,8,DOWN,MDP_PRIMITIVE_ACTION,MDP|DOWN,0.0,0.0,0.0,0,0.0,False,False,False,0.0,0
ORACLE_MDP,0,11,9,RIGHT,MDP_PRIMITIVE_ACTION,MDP|RIGHT,1.0,1.0,0.0,0,0.0,False,True,True,0.0,0
ORACLE_MDP,0,12,1,UP,MDP_PRIMITIVE_ACTION,MDP|UP,0.0,0.0,0.0,0,0.0,False,False,False,0.0,0
ORACLE_MDP,0,12,2,RIGHT,MDP_PRIMITIVE_ACTION,MDP|RIGHT,0.0,0.0,0.0,0,0.0,False,False,False,0.0,0
ORACLE_MDP,0,12,3,RIGHT,MDP_PRIMITIVE_ACTION,MDP|RIGHT,0.0,0.0,0.0,0,0.0,False,False,False,0.0,0
ORACLE_MDP,0,12,4,RIGHT,MDP_PRIMITIVE_ACTION,MDP|RIGHT,0.0,0.0,0.0,0,0.0,False,False,False,0.0,0
ORACLE_MDP,0,12,5,RIGHT,MDP_PRIMITIVE_ACTION,MDP|RIGHT,0.0,0.0,0.0,0,0.0,False,False,False,0.0,0
ORACLE_MDP,0,12,6,DOWN,MDP_PRIMITIVE_ACTION,MDP|DOWN,0.0,0.0,0.0,0,0.0,False,False,False,0.0,0
ORACLE_MDP,0,12,7,DOWN,MDP_PRIMITIVE_ACTION,MDP|DOWN,0.0,0.0,0.0,0,0.0,False,False,False,0.0,0
ORACLE_MDP,0,12,8,DOWN,MDP_PRIMITIVE_ACTION,MDP|DOWN,0.0,0.0,0.0,0,0.0,False,False,False,0.0,0
ORACLE_MDP,0,12,9,DOWN,MDP_PRIMITIVE_ACTION,MDP|DOWN,0.0,0.0,0.0,0,0.0,False,False,False,0.0,0
ORACLE_MDP,0,12,10,RIGHT,MDP_PRIMITIVE_ACTION,MDP|RIGHT,0.0,0.0,0.0,0,0.0,False,False,False,0.0,0
ORACLE_MDP,0,12,11,RIGHT,MDP_PRIMITIVE_ACTION,MDP|RIGHT,0.0,0.0,0.0,0,0.0,False,False,False,0.0,0
ORACLE_MDP,0,12,12,DOWN,MDP_PRIMITIVE_ACTION,MDP|DOWN,1.0,1.0,0.0,0,0.0,False,True,True,0.0,0
ORACLE_MDP,0,13,1,DOWN,MDP_PRIMITIVE_ACTION,MDP|DOWN,0.0,0.0,0.0,0,0.0,False,False,False,0.0,0
ORACLE_MDP,0,13,2,DOWN,MDP_PRIMITIVE_ACTION,MDP|DOWN,0.0,0.0,0.0,0,0.0,False,False,False,0.0,0
ORACLE_MDP,0,13,3,DOWN,MDP_PRIMITIVE_ACTION,MDP|DOWN,0.0,0.0,0.0,0,0.0,False,False,False,0.0,0
ORACLE_MDP,0,13,4,RIGHT,MDP_PRIMITIVE_ACTION,MDP|RIGHT,0.0,0.0,0.0,0,0.0,False,False,False,0.0,0
ORACLE_MDP,0,13,5,RIGHT,MDP_PRIMITIVE_ACTION,MDP|RIGHT,0.0,0.0,0.0,0,0.0,False,False,False,0.0,0
ORACLE_MDP,0,13,6,RIGHT,MDP_PRIMITIVE_ACTION,MDP|RIGHT,0.0,0.0,0.0,0,0.0,False,False,False,0.0,0
ORACLE_MDP,0,13,7,RIGHT,MDP_PRIMITIVE_ACTION,MDP|RIGHT,1.0,1.0,0.0,0,0.0,False,True,True,0.0,0
ORACLE_MDP,0,14,1,UP,MDP_PRIMITIVE_ACTION,MDP|UP,0.0,0.0,0.0,0,0.0,False,False,False,0.0,0
ORACLE_MDP,0,14,2,RIGHT,MDP_PRIMITIVE_ACTION,MDP|RIGHT,0.0,0.0,0.0,0,0.0,False,False,False,0.0,0
ORACLE_MDP,0,14,3,RIGHT,MDP_PRIMITIVE_ACTION,MDP|RIGHT,0.0,0.0,0.0,0,0.0,False,False,False,0.0,0
ORACLE_MDP,0,14,4,RIGHT,MDP_PRIMITIVE_ACTION,MDP|RIGHT,0.0,0.0,0.0,0,0.0,False,False,False,0.0,0
ORACLE_MDP,0,14,5,DOWN,MDP_PRIMITIVE_ACTION,MDP|DOWN,0.0,0.0,0.0,0,0.0,False,False,False,0.0,0
ORACLE_MDP,0,14,6,RIGHT,MDP_PRIMITIVE_ACTION,MDP|RIGHT,0.0,0.0,0.0,0,0.0,False,False,False,0.0,0
ORACLE_MDP,0,14,7,RIGHT,MDP_PRIMITIVE_ACTION,MDP|RIGHT,0.0,0.0,0.0,0,0.0,False,False,False,0.0,0
ORACLE_MDP,0,14,8,DOWN,MDP_PRIMITIVE_ACTION,MDP|DOWN,0.0,0.0,0.0,0,0.0,False,False,False,0.0,0
ORACLE_MDP,0,14,9,RIGHT,MDP_PRIMITIVE_ACTION,MDP|RIGHT,1.0,1.0,0.0,0,0.0,False,True,True,0.0,0
ORACLE_MDP,0,15,1,RIGHT,MDP_PRIMITIVE_ACTION,MDP|RIGHT,0.0,0.0,0.0,0,0.0,False,False,False,0.0,0
ORACLE_MDP,0,15,2,RIGHT,MDP_PRIMITIVE_ACTION,MDP|RIGHT,0.0,0.0,0.0,0,0.0,False,False,False,0.0,0
ORACLE_MDP,0,15,3,DOWN,MDP_PRIMITIVE_ACTION,MDP|DOWN,0.0,0.0,0.0,0,0.0,False,False,False,0.0,0
ORACLE_MDP,0,15,4,DOWN,MDP_PRIMITIVE_ACTION,MDP|DOWN,0.0,0.0,0.0,0,0.0,False,False,False,0.0,0
ORACLE_MDP,0,15,5,RIGHT,MDP_PRIMITIVE_ACTION,MDP|RIGHT,0.0,0.0,0.0,0,0.0,False,False,False,0.0,0
ORACLE_MDP,0,15,6,RIGHT,MDP_PRIMITIVE_ACTION,MDP|RIGHT,0.0,0.0,0.0,0,0.0,False,False,False,0.0,0
ORACLE_MDP,0,15,7,RIGHT,MDP_PRIMITIVE_ACTION,MDP|RIGHT,0.0,0.0,0.0,0,0.0,False,False,False,0.0,0
ORACLE_MDP,0,15,8,RIGHT,MDP_PRIMITIVE_ACTION,MDP|RIGHT,1.0,1.0,0.0,0,0.0,False,True,True,0.0,0
ORACLE_MDP,0,16,1,DOWN,MDP_PRIMITIVE_ACTION,MDP|DOWN,0.0,0.0,0.0,0,0.0,False,False,False,0.0,0
ORACLE_MDP,0,16,2,DOWN,MDP_PRIMITIVE_ACTION,MDP|DOWN,0.0,0.0,0.0,0,0.0,False,False,False,0.0,0
ORACLE_MDP,0,16,3,DOWN,MDP_PRIMITIVE_ACTION,MDP|DOWN,0.0,0.0,0.0,0,0.0,False,False,False,0.0,0
ORACLE_MDP,0,16,4,RIGHT,MDP_PRIMITIVE_ACTION,MDP|RIGHT,0.0,0.0,0.0,0,0.0,False,False,False,0.0,0
ORACLE_MDP,0,16,5,RIGHT,MDP_PRIMITIVE_ACTION,MDP|RIGHT,0.0,0.0,0.0,0,0.0,False,False,False,0.0,0
ORACLE_MDP,0,16,6,RIGHT,MDP_PRIMITIVE_ACTION,MDP|RIGHT,0.0,0.0,0.0,0,0.0,False,False,False,0.0,0
ORACLE_MDP,0,16,7,RIGHT,MDP_PRIMITIVE_ACTION,MDP|RIGHT,0.0,0.0,0.0,0,0.0,False,False,False,0.0,0
ORACLE_MDP,0,16,8,RIGHT,MDP_PRIMITIVE_ACTION,MDP|RIGHT,0.0,0.0,0.0,0,0.0,False,False,False,0.0,0
ORACLE_MDP,0,16,9,RIGHT,MDP_PRIMITIVE_ACTION,MDP|RIGHT,0.0,0.0,0.0,0,0.0,False,False,False,0.0,0
ORACLE_MDP,0,16,10,RIGHT,MDP_PRIMITIVE_ACTION,MDP|RIGHT,1.0,1.0,0.0,0,0.0,False,True,True,0.0,0
ORACLE_MDP,0,17,1,RIGHT,MDP_PRIMITIVE_ACTION,MDP|RIGHT,0.0,0.0,0.0,0,0.0,False,False,False,0.0,0
ORACLE_MDP,0,17,2,RIGHT,MDP_PRIMITIVE_ACTION,MDP|RIGHT,0.0,0.0,0.0,0,0.0,False,False,False,0.0,0
ORACLE_MDP,0,17,3,UP,MDP_PRIMITIVE_ACTION,MDP|UP,0.0,0.0,0.0,0,0.0,False,False,False,0.0,0
ORACLE_MDP,0,17,4,RIGHT,MDP_PRIMITIVE_ACTION,MDP|RIGHT,0.0,0.0,0.0,0,0.0,False,False,False,0.0,0
ORACLE_MDP,0,17,5,RIGHT,MDP_PRIMITIVE_ACTION,MDP|RIGHT,0.0,0.0,0.0,0,0.0,False,False,False,0.0,0
ORACLE_MDP,0,17,6,RIGHT,MDP_PRIMITIVE_ACTION,MDP|RIGHT,0.0,0.0,0.0,0,0.0,False,False,False,0.0,0
ORACLE_MDP,0,17,7,RIGHT,MDP_PRIMITIVE_ACTION,MDP|RIGHT,0.0,0.0,0.0,0,0.0,False,False,False,0.0,0
ORACLE_MDP,0,17,8,DOWN,MDP_PRIMITIVE_ACTION,MDP|DOWN,0.0,0.0,0.0,0,0.0,False,False,False,0.0,0
ORACLE_MDP,0,17,9,DOWN,MDP_PRIMITIVE_ACTION,MDP|DOWN,0.0,0.0,0.0,0,0.0,False,False,False,0.0,0
ORACLE_MDP,0,17,10,DOWN,MDP_PRIMITIVE_ACTION,MDP|DOWN,0.0,0.0,0.0,0,0.0,False,False,False,0.0,0
ORACLE_MDP,0,17,11,DOWN,MDP_PRIMITIVE_ACTION,MDP|DOWN,0.0,0.0,0.0,0,0.0,False,False,False,0.0,0
ORACLE_MDP,0,17,12,DOWN,MDP_PRIMITIVE_ACTION,MDP|DOWN,0.0,0.0,0.0,0,0.0,False,False,False,0.0,0
ORACLE_MDP,0,17,13,RIGHT,MDP_PRIMITIVE_ACTION,MDP|RIGHT,1.0,1.0,0.0,0,0.0,False,True,True,0.0,0
ORACLE_MDP,0,18,1,DOWN,MDP_PRIMITIVE_ACTION,MDP|DOWN,0.0,0.0,0.0,0,0.0,False,False,False,0.0,0
ORACLE_MDP,0,18,2,DOWN,MDP_PRIMITIVE_ACTION,MDP|DOWN,0.0,0.0,0.0,0,0.0,False,False,False,0.0,0
ORACLE_MDP,0,18,3,RIGHT,MDP_PRIMITIVE_ACTION,MDP|RIGHT,0.0,0.0,0.0,0,0.0,False,False,False,0.0,0
ORACLE_MDP,0,18,4,RIGHT,MDP_PRIMITIVE_ACTION,MDP|RIGHT,0.0,0.0,0.0,0,0.0,False,False,False,0.0,0
ORACLE_MDP,0,18,5,RIGHT,MDP_PRIMITIVE_ACTION,MDP|RIGHT,0.0,0.0,0.0,0,0.0,False,False,False,0.0,0
ORACLE_MDP,0,18,6,RIGHT,MDP_PRIMITIVE_ACTION,MDP|RIGHT,0.0,0.0,0.0,0,0.0,False,False,False,0.0,0
ORACLE_MDP,0,18,7,RIGHT,MDP_PRIMITIVE_ACTION,MDP|RIGHT,1.0,1.0,0.0,0,0.0,False,True,True,0.0,0
ORACLE_MDP,0,19,1,UP,MDP_PRIMITIVE_ACTION,MDP|UP,0.0,0.0,0.0,0,0.0,False,False,False,0.0,0
ORACLE_MDP,0,19,2,RIGHT,MDP_PRIMITIVE_ACTION,MDP|RIGHT,0.0,0.0,0.0,0,0.0,False,False,False,0.0,0
ORACLE_MDP,0,19,3,RIGHT,MDP_PRIMITIVE_ACTION,MDP|RIGHT,0.0,0.0,0.0,0,0.0,False,False,False,0.0,0
ORACLE_MDP,0,19,4,RIGHT,MDP_PRIMITIVE_ACTION,MDP|RIGHT,0.0,0.0,0.0,0,0.0,False,False,False,0.0,0
ORACLE_MDP,0,19,5,RIGHT,MDP_PRIMITIVE_ACTION,MDP|RIGHT,0.0,0.0,0.0,0,0.0,False,False,False,0.0,0
ORACLE_MDP,0,19,6,RIGHT,MDP_PRIMITIVE_ACTION,MDP|RIGHT,0.0,0.0,0.0,0,0.0,False,False,False,0.0,0
ORACLE_MDP,0,19,7,RIGHT,MDP_PRIMITIVE_ACTION,MDP|RIGHT,0.0,0.0,0.0,0,0.0,False,False,False,0.0,0
ORACLE_MDP,0,19,8,RIGHT,MDP_PRIMITIVE_ACTION,MDP|RIGHT,1.0,1.0,0.0,0,0.0,False,True,True,0.0,0
ORACLE_MDP,0,20,1,RIGHT,MDP_PRIMITIVE_ACTION,MDP|RIGHT,0.0,0.0,0.0,0,0.0,False,False,False,0.0,0
ORACLE_MDP,0,20,2,RIGHT,MDP_PRIMITIVE_ACTION,MDP|RIGHT,0.0,0.0,0.0,0,0.0,False,False,False,0.0,0
ORACLE_MDP,0,20,3,UP,MDP_PRIMITIVE_ACTION,MDP|UP,0.0,0.0,0.0,0,0.0,False,False,False,0.0,0
ORACLE_MDP,0,20,4,RIGHT,MDP_PRIMITIVE_ACTION,MDP|RIGHT,0.0,0.0,0.0,0,0.0,False,False,False,0.0,0
ORACLE_MDP,0,20,5,RIGHT,MDP_PRIMITIVE_ACTION,MDP|RIGHT,0.0,0.0,0.0,0,0.0,False,False,False,0.0,0
ORACLE_MDP,0,20,6,RIGHT,MDP_PRIMITIVE_ACTION,MDP|RIGHT,0.0,0.0,0.0,0,0.0,False,False,False,0.0,0
ORACLE_MDP,0,20,7,DOWN,MDP_PRIMITIVE_ACTION,MDP|DOWN,0.0,0.0,0.0,0,0.0,False,False,False,0.0,0
ORACLE_MDP,0,20,8,RIGHT,MDP_PRIMITIVE_ACTION,MDP|RIGHT,0.0,0.0,0.0,0,0.0,False,False,False,0.0,0
ORACLE_MDP,0,20,9,"OPEN (8, 1)",MDP_PRIMITIVE_ACTION,"MDP|OPEN (8, 1)",0.0,0.0,0.0,0,0.0,False,False,False,0.0,0
ORACLE_MDP,0,20,10,RIGHT,MDP_PRIMITIVE_ACTION,MDP|RIGHT,0.0,0.0,0.0,0,0.0,False,False,False,0.0,0
ORACLE_MDP,0,20,11,DOWN,MDP_PRIMITIVE_ACTION,MDP|DOWN,1.0,1.0,0.0,0,0.0,False,True,True,0.0,0
ORACLE_MDP,0,21,1,DOWN,MDP_PRIMITIVE_ACTION,MDP|DOWN,0.0,0.0,0.0,0,0.0,False,False,False,0.0,0
ORACLE_MDP,0,21,2,DOWN,MDP_PRIMITIVE_ACTION,MDP|DOWN,0.0,0.0,0.0,0,0.0,False,False,False,0.0,0
ORACLE_MDP,0,21,3,RIGHT,MDP_PRIMITIVE_ACTION,MDP|RIGHT,0.0,0.0,0.0,0,0.0,False,False,False,0.0,0
ORACLE_MDP,0,21,4,RIGHT,MDP_PRIMITIVE_ACTION,MDP|RIGHT,0.0,0.0,0.0,0,0.0,False,False,False,0.0,0
ORACLE_MDP,0,21,5,DOWN,MDP_PRIMITIVE_ACTION,MDP|DOWN,0.0,0.0,0.0,0,0.0,False,False,False,0.0,0
ORACLE_MDP,0,21,6,RIGHT,MDP_PRIMITIVE_ACTION,MDP|RIGHT,0.0,0.0,0.0,0,0.0,False,False,False,0.0,0
ORACLE_MDP,0,21,7,RIGHT,MDP_PRIMITIVE_ACTION,MDP|RIGHT,0.0,0.0,0.0,0,0.0,False,False,False,0.0,0
ORACLE_MDP,0,21,8,UP,MDP_PRIMITIVE_ACTION,MDP|UP,0.0,0.0,0.0,0,0.0,False,False,False,0.0,0
ORACLE_MDP,0,21,9,RIGHT,MDP_PRIMITIVE_ACTION,MDP|RIGHT,1.0,1.0,0.0,0,0.0,False,True,True,0.0,0
ORACLE_MDP,0,22,1,RIGHT,MDP_PRIMITIVE_ACTION,MDP|RIGHT,0.0,0.0,0.0,0,0.0,False,False,False,0.0,0
ORACLE_MDP,0,22,2,RIGHT,MDP_PRIMITIVE_ACTION,MDP|RIGHT,0.0,0.0,0.0,0,0.0,False,False,False,0.0,0
ORACLE_MDP,0,22,3,DOWN,MDP_PRIMITIVE_ACTION,MDP|DOWN,0.0,0.0,0.0,0,0.0,False,False,False,0.0,0
ORACLE_MDP,0,22,4,DOWN,MDP_PRIMITIVE_ACTION,MDP|DOWN,0.0,0.0,0.0,0,0.0,False,False,False,0.0,0
ORACLE_MDP,0,22,5,RIGHT,MDP_PRIMITIVE_ACTION,MDP|RIGHT,0.0,0.0,0.0,0,0.0,False,False,False,0.0,0
ORACLE_MDP,0,22,6,RIGHT,MDP_PRIMITIVE_ACTION,MDP|RIGHT,0.0,0.0,0.0,0,0.0,False,False,False,0.0,0
ORACLE_MDP,0,22,7,RIGHT,MDP_PRIMITIVE_ACTION,MDP|RIGHT,0.0,0.0,0.0,0,0.0,False,False,False,0.0,0
ORACLE_MDP,0,22,8,UP,MDP_PRIMITIVE_ACTION,MDP|UP,0.0,0.0,0.0,0,0.0,False,False,False,0.0,0
ORACLE_MDP,0,22,9,RIGHT,MDP_PRIMITIVE_ACTION,MDP|RIGHT,0.0,0.0,0.0,0,0.0,False,False,False,0.0,0
ORACLE_MDP,0,22,10,RIGHT,MDP_PRIMITIVE_ACTION,MDP|RIGHT,1.0,1.0,0.0,0,0.0,False,True,True,0.0,0
ORACLE_MDP,0,23,1,DOWN,MDP_PRIMITIVE_ACTION,MDP|DOWN,0.0,0.0,0.0,0,0.0,False,False,False,0.0,0
ORACLE_MDP,0,23,2,RIGHT,MDP_PRIMITIVE_ACTION,MDP|RIGHT,0.0,0.0,0.0,0,0.0,False,False,False,0.0,0
ORACLE_MDP,0,23,3,RIGHT,MDP_PRIMITIVE_ACTION,MDP|RIGHT,0.0,0.0,0.0,0,0.0,False,False,False,0.0,0
ORACLE_MDP,0,23,4,DOWN,MDP_PRIMITIVE_ACTION,MDP|DOWN,0.0,0.0,0.0,0,0.0,False,False,False,0.0,0
ORACLE_MDP,0,23,5,DOWN,MDP_PRIMITIVE_ACTION,MDP|DOWN,0.0,0.0,0.0,0,0.0,False,False,False,0.0,0
ORACLE_MDP,0,23,6,RIGHT,MDP_PRIMITIVE_ACTION,MDP|RIGHT,0.0,0.0,0.0,0,0.0,False,False,False,0.0,0
ORACLE_MDP,0,23,7,RIGHT,MDP_PRIMITIVE_ACTION,MDP|RIGHT,0.0,0.0,0.0,0,0.0,False,False,False,0.0,0
ORACLE_MDP,0,23,8,RIGHT,MDP_PRIMITIVE_ACTION,MDP|RIGHT,1.0,1.0,0.0,0,0.0,False,True,True,0.0,0
ORACLE_MDP,0,24,1,DOWN,MDP_PRIMITIVE_ACTION,MDP|DOWN,0.0,0.0,0.0,0,0.0,False,False,False,0.0,0
ORACLE_MDP,0,24,2,DOWN,MDP_PRIMITIVE_ACTION,MDP|DOWN,0.0,0.0,0.0,0,0.0,False,False,False,0.0,0
ORACLE_MDP,0,24,3,DOWN,MDP_PRIMITIVE_ACTION,MDP|DOWN,0.0,0.0,0.0,0,0.0,False,False,False,0.0,0
ORACLE_MDP,0,24,4,DOWN,MDP_PRIMITIVE_ACTION,MDP|DOWN,0.0,0.0,0.0,0,0.0,False,False,False,0.0,0
ORACLE_MDP,0,24,5,RIGHT,MDP_PRIMITIVE_ACTION,MDP|RIGHT,0.0,0.0,0.0,0,0.0,False,False,False,0.0,0
ORACLE_MDP,0,24,6,RIGHT,MDP_PRIMITIVE_ACTION,MDP|RIGHT,0.0,0.0,0.0,0,0.0,False,False,False,0.0,0
ORACLE_MDP,0,24,7,RIGHT,MDP_PRIMITIVE_ACTION,MDP|RIGHT,1.0,1.0,0.0,0,0.0,False,True,True,0.0,0
ORACLE_MDP,0,25,1,DOWN,MDP_PRIMITIVE_ACTION,MDP|DOWN,0.0,0.0,0.0,0,0.0,False,False,False,0.0,0
ORACLE_MDP,0,25,2,DOWN,MDP_PRIMITIVE_ACTION,MDP|DOWN,0.0,0.0,0.0,0,0.0,False,False,False,0.0,0
ORACLE_MDP,0,25,3,DOWN,MDP_PRIMITIVE_ACTION,MDP|DOWN,0.0,0.0,0.0,0,0.0,False,False,False,0.0,0
ORACLE_MDP,0,25,4,RIGHT,MDP_PRIMITIVE_ACTION,MDP|RIGHT,0.0,0.0,0.0,0,0.0,False,False,False,0.0,0
ORACLE_MDP,0,25,5,RIGHT,MDP_PRIMITIVE_ACTION,MDP|RIGHT,0.0,0.0,0.0,0,0.0,False,False,False,0.0,0
ORACLE_MDP,0,25,6,DOWN,MDP_PRIMITIVE_ACTION,MDP|DOWN,0.0,0.0,0.0,0,0.0,False,False,False,0.0,0
ORACLE_MDP,0,25,7,RIGHT,MDP_PRIMITIVE_ACTION,MDP|RIGHT,1.0,1.0,0.0,0,0.0,False,True,True,0.0,0
ORACLE_MDP,0,26,1,DOWN,MDP_PRIMITIVE_ACTION,MDP|DOWN,0.0,0.0,0.0,0,0.0,False,False,False,0.0,0
ORACLE_MDP,0,26,2,RIGHT,MDP_PRIMITIVE_ACTION,MDP|RIGHT,0.0,0.0,0.0,0,0.0,False,False,False,0.0,0
ORACLE_MDP,0,26,3,RIGHT,MDP_PRIMITIVE_ACTION,MDP|RIGHT,0.0,0.0,0.0,0,0.0,False,False,False,0.0,0
ORACLE_MDP,0,26,4,RIGHT,MDP_PRIMITIVE_ACTION,MDP|RIGHT,0.0,0.0,0.0,0,0.0,False,False,False,0.0,0
ORACLE_MDP,0,26,5,RIGHT,MDP_PRIMITIVE_ACTION,MDP|RIGHT,0.0,0.0,0.0,0,0.0,False,False,False,0.0,0
ORACLE_MDP,0,26,6,RIGHT,MDP_PRIMITIVE_ACTION,MDP|RIGHT,0.0,0.0,0.0,0,0.0,False,False,False,0.0,0
ORACLE_MDP,0,26,7,DOWN,MDP_PRIMITIVE_ACTION,MDP|DOWN,0.0,0.0,0.0,0,0.0,False,False,False,0.0,0
ORACLE_MDP,0,26,8,RIGHT,MDP_PRIMITIVE_ACTION,MDP|RIGHT,1.0,1.0,0.0,0,0.0,False,True,True,0.0,0
ORACLE_MDP,0,27,1,DOWN,MDP_PRIMITIVE_ACTION,MDP|DOWN,0.0,0.0,0.0,0,0.0,False,False,False,0.0,0
ORACLE_MDP,0,27,2,DOWN,MDP_PRIMITIVE_ACTION,MDP|DOWN,0.0,0.0,0.0,0,0.0,False,False,False,0.0,0
ORACLE_MDP,0,27,3,RIGHT,MDP_PRIMITIVE_ACTION,MDP|RIGHT,0.0,0.0,0.0,0,0.0,False,False,False,0.0,0
ORACLE_MDP,0,27,4,RIGHT,MDP_PRIMITIVE_ACTION,MDP|RIGHT,0.0,0.0,0.0,0,0.0,False,False,False,0.0,0
ORACLE_MDP,0,27,5,RIGHT,MDP_PRIMITIVE_ACTION,MDP|RIGHT,0.0,0.0,0.0,0,0.0,False,False,False,0.0,0
ORACLE_MDP,0,27,6,DOWN,MDP_PRIMITIVE_ACTION,MDP|DOWN,0.0,0.0,0.0,0,0.0,False,False,False,0.0,0
ORACLE_MDP,0,27,7,RIGHT,MDP_PRIMITIVE_ACTION,MDP|RIGHT,0.0,0.0,0.0,0,0.0,False,False,False,0.0,0
ORACLE_MDP,0,27,8,DOWN,MDP_PRIMITIVE_ACTION,MDP|DOWN,0.0,0.0,0.0,0,0.0,False,False,False,0.0,0
ORACLE_MDP,0,27,9,RIGHT,MDP_PRIMITIVE_ACTION,MDP|RIGHT,0.0,0.0,0.0,0,0.0,False,False,False,0.0,0
ORACLE_MDP,0,27,10,RIGHT,MDP_PRIMITIVE_ACTION,MDP|RIGHT,1.0,1.0,0.0,0,0.0,False,True,True,0.0,0
ORACLE_MDP,0,28,1,DOWN,MDP_PRIMITIVE_ACTION,MDP|DOWN,0.0,0.0,0.0,0,0.0,False,False,False,0.0,0
ORACLE_MDP,0,28,2,RIGHT,MDP_PRIMITIVE_ACTION,MDP|RIGHT,0.0,0.0,0.0,0,0.0,False,False,False,0.0,0
ORACLE_MDP,0,28,3,RIGHT,MDP_PRIMITIVE_ACTION,MDP|RIGHT,0.0,0.0,0.0,0,0.0,False,False,False,0.0,0
ORACLE_MDP,0,28,4,RIGHT,MDP_PRIMITIVE_ACTION,MDP|RIGHT,0.0,0.0,0.0,0,0.0,False,False,False,0.0,0
ORACLE_MDP,0,28,5,RIGHT,MDP_PRIMITIVE_ACTION,MDP|RIGHT,0.0,0.0,0.0,0,0.0,False,False,False,0.0,0
ORACLE_MDP,0,28,6,RIGHT,MDP_PRIMITIVE_ACTION,MDP|RIGHT,0.0,0.0,0.0,0,0.0,False,False,False,0.0,0
ORACLE_MDP,0,28,7,RIGHT,MDP_PRIMITIVE_ACTION,MDP|RIGHT,1.0,1.0,0.0,0,0.0,False,True,True,0.0,0
ORACLE_MDP,0,29,1,RIGHT,MDP_PRIMITIVE_ACTION,MDP|RIGHT,0.0,0.0,0.0,0,0.0,False,False,False,0.0,0
ORACLE_MDP,0,29,2,RIGHT,MDP_PRIMITIVE_ACTION,MDP|RIGHT,0.0,0.0,0.0,0,0.0,False,False,False,0.0,0
ORACLE_MDP,0,29,3,RIGHT,MDP_PRIMITIVE_ACTION,MDP|RIGHT,0.0,0.0,0.0,0,0.0,False,False,False,0.0,0
ORACLE_MDP,0,29,4,RIGHT,MDP_PRIMITIVE_ACTION,MDP|RIGHT,0.0,0.0,0.0,0,0.0,False,False,False,0.0,0
ORACLE_MDP,0,29,5,RIGHT,MDP_PRIMITIVE_ACTION,MDP|RIGHT,0.0,0.0,0.0,0,0.0,False,False,False,0.0,0
ORACLE_MDP,0,29,6,RIGHT,MDP_PRIMITIVE_ACTION,MDP|RIGHT,0.0,0.0,0.0,0,0.0,False,False,False,0.0,0
ORACLE_MDP,0,29,7,RIGHT,MDP_PRIMITIVE_ACTION,MDP|RIGHT,1.0,1.0,0.0,0,0.0,False,True,True,0.0,0
ORACLE_MDP,1,0,1,RIGHT,MDP_PRIMITIVE_ACTION,MDP|RIGHT,0.0,0.0,0.0,0,0.0,False,False,False,0.0,0
ORACLE_MDP,1,0,2,RIGHT,MDP_PRIMITIVE_ACTION,MDP|RIGHT,0.0,0.0,0.0,0,0.0,False,False,False,0.0,0
ORACLE_MDP,1,0,3,RIGHT,MDP_PRIMITIVE_ACTION,MDP|RIGHT,0.0,0.0,0.0,0,0.0,False,False,False,0.0,0
ORACLE_MDP,1,0,4,RIGHT,MDP_PRIMITIVE_ACTION,MDP|RIGHT,0.0,0.0,0.0,0,0.0,False,False,False,0.0,0
ORACLE_MDP,1,0,5,RIGHT,MDP_PRIMITIVE_ACTION,MDP|RIGHT,0.0,0.0,0.0,0,0.0,False,False,False,0.0,0
ORACLE_MDP,1,0,6,RIGHT,MDP_PRIMITIVE_ACTION,MDP|RIGHT,0.0,0.0,0.0,0,0.0,False,False,False,0.0,0
ORACLE_MDP,1,0,7,RIGHT,MDP_PRIMITIVE_ACTION,MDP|RIGHT,1.0,1.0,0.0,0,0.0,False,True,True,0.0,0
ORACLE_MDP,1,1,1,DOWN,MDP_PRIMITIVE_ACTION,MDP|DOWN,0.0,0.0,0.0,0,0.0,False,False,False,0.0,0
ORACLE_MDP,1,1,2,DOWN,MDP_PRIMITIVE_ACTION,MDP|DOWN,0.0,0.0,0.0,0,0.0,False,False,False,0.0,0
ORACLE_MDP,1,1,3,DOWN,MDP_PRIMITIVE_ACTION,MDP|DOWN,0.0,0.0,0.0,0,0.0,False,False,False,0.0,0
ORACLE_MDP,1,1,4,RIGHT,MDP_PRIMITIVE_ACTION,MDP|RIGHT,0.0,0.0,0.0,0,0.0,False,False,False,0.0,0
ORACLE_MDP,1,1,5,RIGHT,MDP_PRIMITIVE_ACTION,MDP|RIGHT,0.0,0.0,0.0,0,0.0,False,False,False,0.0,0
ORACLE_MDP,1,1,6,DOWN,MDP_PRIMITIVE_ACTION,MDP|DOWN,0.0,0.0,0.0,0,0.0,False,False,False,0.0,0
ORACLE_MDP,1,1,7,RIGHT,MDP_PRIMITIVE_ACTION,MDP|RIGHT,0.0,0.0,0.0,0,0.0,False,False,False,0.0,0
ORACLE_MDP,1,1,8,RIGHT,MDP_PRIMITIVE_ACTION,MDP|RIGHT,0.0,0.0,0.0,0,0.0,False,False,False,0.0,0
ORACLE_MDP,1,1,9,UP,MDP_PRIMITIVE_ACTION,MDP|UP,1.0,1.0,0.0,0,0.0,False,True,True,0.0,0
ORACLE_MDP,1,2,1,DOWN,MDP_PRIMITIVE_ACTION,MDP|DOWN,0.0,0.0,0.0,0,0.0,False,False,False,0.0,0
ORACLE_MDP,1,2,2,DOWN,MDP_PRIMITIVE_ACTION,MDP|DOWN,0.0,0.0,0.0,0,0.0,False,False,False,0.0,0
ORACLE_MDP,1,2,3,DOWN,MDP_PRIMITIVE_ACTION,MDP|DOWN,0.0,0.0,0.0,0,0.0,False,False,False,0.0,0
ORACLE_MDP,1,2,4,RIGHT,MDP_PRIMITIVE_ACTION,MDP|RIGHT,0.0,0.0,0.0,0,0.0,False,False,False,0.0,0
ORACLE_MDP,1,2,5,RIGHT,MDP_PRIMITIVE_ACTION,MDP|RIGHT,0.0,0.0,0.0,0,0.0,False,False,False,0.0,0
ORACLE_MDP,1,2,6,RIGHT,MDP_PRIMITIVE_ACTION,MDP|RIGHT,0.0,0.0,0.0,0,0.0,False,False,False,0.0,0
ORACLE_MDP,1,2,7,RIGHT,MDP_PRIMITIVE_ACTION,MDP|RIGHT,0.0,0.0,0.0,0,0.0,False,False,False,0.0,0
ORACLE_MDP,1,2,8,DOWN,MDP_PRIMITIVE_ACTION,MDP|DOWN,1.0,1.0,0.0,0,0.0,False,True,True,0.0,0
ORACLE_MDP,1,3,1,DOWN,MDP_PRIMITIVE_ACTION,MDP|DOWN,0.0,0.0,0.0,0,0.0,False,False,False,0.0,0
ORACLE_MDP,1,3,2,DOWN,MDP_PRIMITIVE_ACTION,MDP|DOWN,0.0,0.0,0.0,0,0.0,False,False,False,0.0,0
ORACLE_MDP,1,3,3,RIGHT,MDP_PRIMITIVE_ACTION,MDP|RIGHT,0.0,0.0,0.0,0,0.0,False,False,False,0.0,0
ORACLE_MDP,1,3,4,DOWN,MDP_PRIMITIVE_ACTION,MDP|DOWN,0.0,0.0,0.0,0,0.0,False,False,False,0.0,0
ORACLE_MDP,1,3,5,RIGHT,MDP_PRIMITIVE_ACTION,MDP|RIGHT,0.0,0.0,0.0,0,0.0,False,False,False,0.0,0
ORACLE_MDP,1,3,6,RIGHT,MDP_PRIMITIVE_ACTION,MDP|RIGHT,0.0,0.0,0.0,0,0.0,False,False,False,0.0,0
ORACLE_MDP,1,3,7,RIGHT,MDP_PRIMITIVE_ACTION,MDP|RIGHT,0.0,0.0,0.0,0,0.0,False,False,False,0.0,0
ORACLE_MDP,1,3,8,RIGHT,MDP_PRIMITIVE_ACTION,MDP|RIGHT,0.0,0.0,0.0,0,0.0,False,False,False,0.0,0
ORACLE_MDP,1,3,9,RIGHT,MDP_PRIMITIVE_ACTION,MDP|RIGHT,0.0,0.0,0.0,0,0.0,False,False,False,0.0,0
ORACLE_MDP,1,3,10,RIGHT,MDP_PRIMITIVE_ACTION,MDP|RIGHT,1.0,1.0,0.0,0,0.0,False,True,True,0.0,0
ORACLE_MDP,1,4,1,UP,MDP_PRIMITIVE_ACTION,MDP|UP,0.0,0.0,0.0,0,0.0,False,False,False,0.0,0
ORACLE_MDP,1,4,2,RIGHT,MDP_PRIMITIVE_ACTION,MDP|RIGHT,0.0,0.0,0.0,0,0.0,False,False,False,0.0,0
ORACLE_MDP,1,4,3,RIGHT,MDP_PRIMITIVE_ACTION,MDP|RIGHT,0.0,0.0,0.0,0,0.0,False,False,False,0.0,0
ORACLE_MDP,1,4,4,RIGHT,MDP_PRIMITIVE_ACTION,MDP|RIGHT,0.0,0.0,0.0,0,0.0,False,False,False,0.0,0
ORACLE_MDP,1,4,5,RIGHT,MDP_PRIMITIVE_ACTION,MDP|RIGHT,0.0,0.0,0.0,0,0.0,False,False,False,0.0,0
ORACLE_MDP,1,4,6,RIGHT,MDP_PRIMITIVE_ACTION,MDP|RIGHT,0.0,0.0,0.0,0,0.0,False,False,False,0.0,0
ORACLE_MDP,1,4,7,RIGHT,MDP_PRIMITIVE_ACTION,MDP|RIGHT,0.0,0.0,0.0,0,0.0,False,False,False,0.0,0
ORACLE_MDP,1,4,8,RIGHT,MDP_PRIMITIVE_ACTION,MDP|RIGHT,1.0,1.0,0.0,0,0.0,False,True,True,0.0,0
ORACLE_MDP,1,5,1,DOWN,MDP_PRIMITIVE_ACTION,MDP|DOWN,0.0,0.0,0.0,0,0.0,False,False,False,0.0,0
ORACLE_MDP,1,5,2,DOWN,MDP_PRIMITIVE_ACTION,MDP|DOWN,0.0,0.0,0.0,0,0.0,False,False,False,0.0,0
ORACLE_MDP,1,5,3,RIGHT,MDP_PRIMITIVE_ACTION,MDP|RIGHT,0.0,0.0,0.0,0,0.0,False,False,False,0.0,0
ORACLE_MDP,1,5,4,DOWN,MDP_PRIMITIVE_ACTION,MDP|DOWN,0.0,0.0,0.0,0,0.0,False,False,False,0.0,0
ORACLE_MDP,1,5,5,RIGHT,MDP_PRIMITIVE_ACTION,MDP|RIGHT,0.0,0.0,0.0,0,0.0,False,False,False,0.0,0
ORACLE_MDP,1,5,6,RIGHT,MDP_PRIMITIVE_ACTION,MDP|RIGHT,0.0,0.0,0.0,0,0.0,False,False,False,0.0,0
ORACLE_MDP,1,5,7,RIGHT,MDP_PRIMITIVE_ACTION,MDP|RIGHT,0.0,0.0,0.0,0,0.0,False,False,False,0.0,0
ORACLE_MDP,1,5,8,RIGHT,MDP_PRIMITIVE_ACTION,MDP|RIGHT,0.0,0.0,0.0,0,0.0,False,False,False,0.0,0
ORACLE_MDP,1,5,9,RIGHT,MDP_PRIMITIVE_ACTION,MDP|RIGHT,0.0,0.0,0.0,0,0.0,False,False,False,0.0,0
ORACLE_MDP,1,5,10,RIGHT,MDP_PRIMITIVE_ACTION,MDP|RIGHT,1.0,1.0,0.0,0,0.0,False,True,True,0.0,0
ORACLE_MDP,1,6,1,DOWN,MDP_PRIMITIVE_ACTION,MDP|DOWN,0.0,0.0,0.0,0,0.0,False,False,False,0.0,0
ORACLE_MDP,1,6,2,RIGHT,MDP_PRIMITIVE_ACTION,MDP|RIGHT,0.0,0.0,0.0,0,0.0,False,False,False,0.0,0
ORACLE_MDP,1,6,3,RIGHT,MDP_PRIMITIVE_ACTION,MDP|RIGHT,0.0,0.0,0.0,0,0.0,False,False,False,0.0,0
ORACLE_MDP,1,6,4,RIGHT,MDP_PRIMITIVE_ACTION,MDP|RIGHT,0.0,0.0,0.0,0,0.0,False,False,False,0.0,0
ORACLE_MDP,1,6,5,UP,MDP_PRIMITIVE_ACTION,MDP|UP,0.0,0.0,0.0,0,0.0,False,False,False,0.0,0
ORACLE_MDP,1,6,6,RIGHT,MDP_PRIMITIVE_ACTION,MDP|RIGHT,0.0,0.0,0.0,0,0.0,False,False,False,0.0,0
ORACLE_MDP,1,6,7,UP,MDP_PRIMITIVE_ACTION,MDP|UP,0.0,0.0,0.0,0,0.0,False,False,False,0.0,0
ORACLE_MDP,1,6,8,RIGHT,MDP_PRIMITIVE_ACTION,MDP|RIGHT,0.0,0.0,0.0,0,0.0,False,False,False,0.0,0
ORACLE_MDP,1,6,9,RIGHT,MDP_PRIMITIVE_ACTION,MDP|RIGHT,0.0,0.0,0.0,0,0.0,False,False,False,0.0,0
ORACLE_MDP,1,6,10,RIGHT,MDP_PRIMITIVE_ACTION,MDP|RIGHT,1.0,1.0,0.0,0,0.0,False,True,True,0.0,0
ORACLE_MDP,1,7,1,UP,MDP_PRIMITIVE_ACTION,MDP|UP,0.0,0.0,0.0,0,0.0,False,False,False,0.0,0
ORACLE_MDP,1,7,2,LEFT,MDP_PRIMITIVE_ACTION,MDP|LEFT,0.0,0.0,0.0,0,0.0,False,False,False,0.0,0
ORACLE_MDP,1,7,3,DOWN,MDP_PRIMITIVE_ACTION,MDP|DOWN,0.0,0.0,0.0,0,0.0,False,False,False,0.0,0
ORACLE_MDP,1,7,4,RIGHT,MDP_PRIMITIVE_ACTION,MDP|RIGHT,0.0,0.0,0.0,0,0.0,False,False,False,0.0,0
ORACLE_MDP,1,7,5,RIGHT,MDP_PRIMITIVE_ACTION,MDP|RIGHT,0.0,0.0,0.0,0,0.0,False,False,False,0.0,0
ORACLE_MDP,1,7,6,"OPEN (3, 1)",MDP_PRIMITIVE_ACTION,"MDP|OPEN (3, 1)",0.0,0.0,0.0,0,0.0,False,False,False,0.0,0
ORACLE_MDP,1,7,7,RIGHT,MDP_PRIMITIVE_ACTION,MDP|RIGHT,0.0,0.0,0.0,0,0.0,False,False,False,0.0,0
ORACLE_MDP,1,7,8,RIGHT,MDP_PRIMITIVE_ACTION,MDP|RIGHT,0.0,0.0,0.0,0,0.0,False,False,False,0.0,0
ORACLE_MDP,1,7,9,RIGHT,MDP_PRIMITIVE_ACTION,MDP|RIGHT,0.0,0.0,0.0,0,0.0,False,False,False,0.0,0
ORACLE_MDP,1,7,10,RIGHT,MDP_PRIMITIVE_ACTION,MDP|RIGHT,0.0,0.0,0.0,0,0.0,False,False,False,0.0,0
ORACLE_MDP,1,7,11,RIGHT,MDP_PRIMITIVE_ACTION,MDP|RIGHT,0.0,0.0,0.0,0,0.0,False,False,False,0.0,0
ORACLE_MDP,1,7,12,DOWN,MDP_PRIMITIVE_ACTION,MDP|DOWN,1.0,1.0,0.0,0,0.0,False,True,True,0.0,0
ORACLE_MDP,1,8,1,RIGHT,MDP_PRIMITIVE_ACTION,MDP|RIGHT,0.0,0.0,0.0,0,0.0,False,False,False,0.0,0
ORACLE_MDP,1,8,2,RIGHT,MDP_PRIMITIVE_ACTION,MDP|RIGHT,0.0,0.0,0.0,0,0.0,False,False,False,0.0,0
ORACLE_MDP,1,8,3,UP,MDP_PRIMITIVE_ACTION,MDP|UP,0.0,0.0,0.0,0,0.0,False,False,False,0.0,0
ORACLE_MDP,1,8,4,RIGHT,MDP_PRIMITIVE_ACTION,MDP|RIGHT,0.0,0.0,0.0,0,0.0,False,False,False,0.0,0
ORACLE_MDP,1,8,5,RIGHT,MDP_PRIMITIVE_ACTION,MDP|RIGHT,0.0,0.0,0.0,0,0.0,False,False,False,0.0,0
ORACLE_MDP,1,8,6,RIGHT,MDP_PRIMITIVE_ACTION,MDP|RIGHT,0.0,0.0,0.0,0,0.0,False,False,False,0.0,0
ORACLE_MDP,1,8,7,RIGHT,MDP_PRIMITIVE_ACTION,MDP|RIGHT,0.0,0.0,0.0,0,0.0,False,False,False,0.0,0
ORACLE_MDP,1,8,8,DOWN,MDP_PRIMITIVE_ACTION,MDP|DOWN,0.0,0.0,0.0,0,0.0,False,False,False,0.0,0
ORACLE_MDP,1,8,9,DOWN,MDP_PRIMITIVE_ACTION,MDP|DOWN,0.0,0.0,0.0,0,0.0,False,False,False,0.0,0
ORACLE_MDP,1,8,10,DOWN,MDP_PRIMITIVE_ACTION,MDP|DOWN,0.0,0.0,0.0,0,0.0,False,False,False,0.0,0
ORACLE_MDP,1,8,11,LEFT,MDP_PRIMITIVE_ACTION,MDP|LEFT,1.0,1.0,0.0,0,0.0,False,True,True,0.0,0
ORACLE_MDP,1,9,1,RIGHT,MDP_PRIMITIVE_ACTION,MDP|RIGHT,0.0,0.0,0.0,0,0.0,False,False,False,0.0,0
ORACLE_MDP,1,9,2,RIGHT,MDP_PRIMITIVE_ACTION,MDP|RIGHT,0.0,0.0,0.0,0,0.0,False,False,False,0.0,0
ORACLE_MDP,1,9,3,RIGHT,MDP_PRIMITIVE_ACTION,MDP|RIGHT,0.0,0.0,0.0,0,0.0,False,False,False,0.0,0
ORACLE_MDP,1,9,4,RIGHT,MDP_PRIMITIVE_ACTION,MDP|RIGHT,0.0,0.0,0.0,0,0.0,False,False,False,0.0,0
ORACLE_MDP,1,9,5,RIGHT,MDP_PRIMITIVE_ACTION,MDP|RIGHT,0.0,0.0,0.0,0,0.0,False,False,False,0.0,0
ORACLE_MDP,1,9,6,RIGHT,MDP_PRIMITIVE_ACTION,MDP|RIGHT,0.0,0.0,0.0,0,0.0,False,False,False,0.0,0
ORACLE_MDP,1,9,7,DOWN,MDP_PRIMITIVE_ACTION,MDP|DOWN,0.0,0.0,0.0,0,0.0,False,False,False,0.0,0
ORACLE_MDP,1,9,8,RIGHT,MDP_PRIMITIVE_ACTION,MDP|RIGHT,0.0,0.0,0.0,0,0.0,False,False,False,0.0,0
ORACLE_MDP,1,9,9,DOWN,MDP_PRIMITIVE_ACTION,MDP|DOWN,0.0,0.0,0.0,0,0.0,False,False,False,0.0,0
ORACLE_MDP,1,9,10,DOWN,MDP_PRIMITIVE_ACTION,MDP|DOWN,0.0,0.0,0.0,0,0.0,False,False,False,0.0,0
ORACLE_MDP,1,9,11,DOWN,MDP_PRIMITIVE_ACTION,MDP|DOWN,0.0,0.0,0.0,0,0.0,False,False,False,0.0,0
ORACLE_MDP,1,9,12,LEFT,MDP_PRIMITIVE_ACTION,MDP|LEFT,0.0,0.0,0.0,0,0.0,False,False,False,0.0,0
ORACLE_MDP,1,9,13,"OPEN (6, 5)",MDP_PRIMITIVE_ACTION,"MDP|OPEN (6, 5)",0.0,0.0,0.0,0,0.0,False,False,False,0.0,0
ORACLE_MDP,1,9,14,LEFT,MDP_PRIMITIVE_ACTION,MDP|LEFT,0.0,0.0,0.0,0,0.0,False,False,False,0.0,0
ORACLE_MDP,1,9,15,UP,MDP_PRIMITIVE_ACTION,MDP|UP,0.0,0.0,0.0,0,0.0,False,False,False,0.0,0
ORACLE_MDP,1,9,16,UP,MDP_PRIMITIVE_ACTION,MDP|UP,1.0,1.0,0.0,0,0.0,False,True,True,0.0,0
ORACLE_MDP,1,10,1,DOWN,MDP_PRIMITIVE_ACTION,MDP|DOWN,0.0,0.0,0.0,0,0.0,False,False,False,0.0,0
ORACLE_MDP,1,10,2,RIGHT,MDP_PRIMITIVE_ACTION,MDP|RIGHT,0.0,0.0,0.0,0,0.0,False,False,False,0.0,0
ORACLE_MDP,1,10,3,RIGHT,MDP_PRIMITIVE_ACTION,MDP|RIGHT,0.0,0.0,0.0,0,0.0,False,False,False,0.0,0
ORACLE_MDP,1,10,4,RIGHT,MDP_PRIMITIVE_ACTION,MDP|RIGHT,0.0,0.0,0.0,0,0.0,False,False,False,0.0,0
ORACLE_MDP,1,10,5,RIGHT,MDP_PRIMITIVE_ACTION,MDP|RIGHT,0.0,0.0,0.0,0,0.0,False,False,False,0.0,0
ORACLE_MDP,1,10,6,DOWN,MDP_PRIMITIVE_ACTION,MDP|DOWN,0.0,0.0,0.0,0,0.0,False,False,False,0.0,0
ORACLE_MDP,1,10,7,RIGHT,MDP_PRIMITIVE_ACTION,MDP|RIGHT,0.0,0.0,0.0,0,0.0,False,False,False,0.0,0
ORACLE_MDP,1,10,8,DOWN,MDP_PRIMITIVE_ACTION,MDP|DOWN,0.0,0.0,0.0,0,0.0,False,False,False,0.0,0
ORACLE_MDP,1,10,9,DOWN,MDP_PRIMITIVE_ACTION,MDP|DOWN,0.0,0.0,0.0,0,0.0,False,False,False,0.0,0
ORACLE_MDP,1,10,10,RIGHT,MDP_PRIMITIVE_ACTION,MDP|RIGHT,0.0,0.0,0.0,0,0.0,False,False,False,0.0,0
ORACLE_MDP,1,10,11,RIGHT,MDP_PRIMITIVE_ACTION,MDP|RIGHT,1.0,1.0,0.0,0,0.0,False,True,True,0.0,0
ORACLE_MDP,1,11,1,DOWN,MDP_PRIMITIVE_ACTION,MDP|DOWN,0.0,0.0,0.0,0,0.0,False,False,False,0.0,0
ORACLE_MDP,1,11,2,RIGHT,MDP_PRIMITIVE_ACTION,MDP|RIGHT,0.0,0.0,0.0,0,0.0,False,False,False,0.0,0
ORACLE_MDP,1,11,3,RIGHT,MDP_PRIMITIVE_ACTION,MDP|RIGHT,0.0,0.0,0.0,0,0.0,False,False,False,0.0,0
ORACLE_MDP,1,11,4,DOWN,MDP_PRIMITIVE_ACTION,MDP|DOWN,0.0,0.0,0.0,0,0.0,False,False,False,0.0,0
ORACLE_MDP,1,11,5,DOWN,MDP_PRIMITIVE_ACTION,MDP|DOWN,0.0,0.0,0.0,0,0.0,False,False,False,0.0,0
ORACLE_MDP,1,11,6,RIGHT,MDP_PRIMITIVE_ACTION,MDP|RIGHT,0.0,0.0,0.0,0,0.0,False,False,False,0.0,0
ORACLE_MDP,1,11,7,RIGHT,MDP_PRIMITIVE_ACTION,MDP|RIGHT,1.0,1.0,0.0,0,0.0,False,True,True,0.0,0
ORACLE_MDP,1,12,1,DOWN,MDP_PRIMITIVE_ACTION,MDP|DOWN,0.0,0.0,0.0,0,0.0,False,False,False,0.0,0
ORACLE_MDP,1,12,2,RIGHT,MDP_PRIMITIVE_ACTION,MDP|RIGHT,0.0,0.0,0.0,0,0.0,False,False,False,0.0,0
ORACLE_MDP,1,12,3,RIGHT,MDP_PRIMITIVE_ACTION,MDP|RIGHT,0.0,0.0,0.0,0,0.0,False,False,False,0.0,0
ORACLE_MDP,1,12,4,RIGHT,MDP_PRIMITIVE_ACTION,MDP|RIGHT,0.0,0.0,0.0,0,0.0,False,False,False,0.0,0
ORACLE_MDP,1,12,5,RIGHT,MDP_PRIMITIVE_ACTION,MDP|RIGHT,0.0,0.0,0.0,0,0.0,False,False,False,0.0,0
ORACLE_MDP,1,12,6,RIGHT,MDP_PRIMITIVE_ACTION,MDP|RIGHT,0.0,0.0,0.0,0,0.0,False,False,False,0.0,0
ORACLE_MDP,1,12,7,RIGHT,MDP_PRIMITIVE_ACTION,MDP|RIGHT,0.0,0.0,0.0,0,0.0,False,False,False,0.0,0
ORACLE_MDP,1,12,8,UP,MDP_PRIMITIVE_ACTION,MDP|UP,0.0,0.0,0.0,0,0.0,False,False,False,0.0,0
ORACLE_MDP,1,12,9,UP,MDP_PRIMITIVE_ACTION,MDP|UP,0.0,0.0,0.0,0,0.0,False,False,False,0.0,0
ORACLE_MDP,1,12,10,RIGHT,MDP_PRIMITIVE_ACTION,MDP|RIGHT,1.0,1.0,0.0,0,0.0,False,True,True,0.0,0
ORACLE_MDP,1,13,1,RIGHT,MDP_PRIMITIVE_ACTION,MDP|RIGHT,0.0,0.0,0.0,0,0.0,False,False,False,0.0,0
ORACLE_MDP,1,13,2,RIGHT,MDP_PRIMITIVE_ACTION,MDP|RIGHT,0.0,0.0,0.0,0,0.0,False,False,False,0.0,0
ORACLE_MDP,1,13,3,DOWN,MDP_PRIMITIVE_ACTION,MDP|DOWN,0.0,0.0,0.0,0,0.0,False,False,False,0.0,0
ORACLE_MDP,1,13,4,RIGHT,MDP_PRIMITIVE_ACTION,MDP|RIGHT,0.0,0.0,0.0,0,0.0,False,False,False,0.0,0
ORACLE_MDP,1,13,5,RIGHT,MDP_PRIMITIVE_ACTION,MDP|RIGHT,0.0,0.0,0.0,0,0.0,False,False,False,0.0,0
ORACLE_MDP,1,13,6,RIGHT,MDP_PRIMITIVE_ACTION,MDP|RIGHT,0.0,0.0,0.0,0,0.0,False,False,False,0.0,0
ORACLE_MDP,1,13,7,RIGHT,MDP_PRIMITIVE_ACTION,MDP|RIGHT,0.0,0.0,0.0,0,0.0,False,False,False,0.0,0
ORACLE_MDP,1,13,8,RIGHT,MDP_PRIMITIVE_ACTION,MDP|RIGHT,1.0,1.0,0.0,0,0.0,False,True,True,0.0,0
ORACLE_MDP,1,14,1,RIGHT,MDP_PRIMITIVE_ACTION,MDP|RIGHT,0.0,0.0,0.0,0,0.0,False,False,False,0.0,0
ORACLE_MDP,1,14,2,RIGHT,MDP_PRIMITIVE_ACTION,MDP|RIGHT,0.0,0.0,0.0,0,0.0,False,False,False,0.0,0
ORACLE_MDP,1,14,3,DOWN,MDP_PRIMITIVE_ACTION,MDP|DOWN,0.0,0.0,0.0,0,0.0,False,False,False,0.0,0
ORACLE_MDP,1,14,4,RIGHT,MDP_PRIMITIVE_ACTION,MDP|RIGHT,0.0,0.0,0.0,0,0.0,False,False,False,0.0,0
ORACLE_MDP,1,14,5,RIGHT,MDP_PRIMITIVE_ACTION,MDP|RIGHT,0.0,0.0,0.0,0,0.0,False,False,False,0.0,0
ORACLE_MDP,1,14,6,RIGHT,MDP_PRIMITIVE_ACTION,MDP|RIGHT,0.0,0.0,0.0,0,0.0,False,False,False,0.0,0
ORACLE_MDP,1,14,7,RIGHT,MDP_PRIMITIVE_ACTION,MDP|RIGHT,0.0,0.0,0.0,0,0.0,False,False,False,0.0,0
ORACLE_MDP,1,14,8,RIGHT,MDP_PRIMITIVE_ACTION,MDP|RIGHT,1.0,1.0,0.0,0,0.0,False,True,True,0.0,0
ORACLE_MDP,1,15,1,RIGHT,MDP_PRIMITIVE_ACTION,MDP|RIGHT,0.0,0.0,0.0,0,0.0,False,False,False,0.0,0
ORACLE_MDP,1,15,2,RIGHT,MDP_PRIMITIVE_ACTION,MDP|RIGHT,0.0,0.0,0.0,0,0.0,False,False,False,0.0,0
ORACLE_MDP,1,15,3,DOWN,MDP_PRIMITIVE_ACTION,MDP|DOWN,0.0,0.0,0.0,0,0.0,False,False,False,0.0,0
ORACLE_MDP,1,15,4,DOWN,MDP_PRIMITIVE_ACTION,MDP|DOWN,0.0,0.0,0.0,0,0.0,False,False,False,0.0,0
ORACLE_MDP,1,15,5,RIGHT,MDP_PRIMITIVE_ACTION,MDP|RIGHT,0.0,0.0,0.0,0,0.0,False,False,False,0.0,0
ORACLE_MDP,1,15,6,DOWN,MDP_PRIMITIVE_ACTION,MDP|DOWN,0.0,0.0,0.0,0,0.0,False,False,False,0.0,0
ORACLE_MDP,1,15,7,DOWN,MDP_PRIMITIVE_ACTION,MDP|DOWN,1.0,1.0,0.0,0,0.0,False,True,True,0.0,0
ORACLE_MDP,1,16,1,DOWN,MDP_PRIMITIVE_ACTION,MDP|DOWN,0.0,0.0,0.0,0,0.0,False,False,False,0.0,0
ORACLE_MDP,1,16,2,RIGHT,MDP_PRIMITIVE_ACTION,MDP|RIGHT,0.0,0.0,0.0,0,0.0,False,False,False,0.0,0
ORACLE_MDP,1,16,3,RIGHT,MDP_PRIMITIVE_ACTION,MDP|RIGHT,0.0,0.0,0.0,0,0.0,False,False,False,0.0,0
ORACLE_MDP,1,16,4,DOWN,MDP_PRIMITIVE_ACTION,MDP|DOWN,0.0,0.0,0.0,0,0.0,False,False,False,0.0,0
ORACLE_MDP,1,16,5,DOWN,MDP_PRIMITIVE_ACTION,MDP|DOWN,0.0,0.0,0.0,0,0.0,False,False,False,0.0,0
ORACLE_MDP,1,16,6,RIGHT,MDP_PRIMITIVE_ACTION,MDP|RIGHT,0.0,0.0,0.0,0,0.0,False,False,False,0.0,0
ORACLE_MDP,1,16,7,RIGHT,MDP_PRIMITIVE_ACTION,MDP|RIGHT,0.0,0.0,0.0,0,0.0,False,False,False,0.0,0
ORACLE_MDP,1,16,8,RIGHT,MDP_PRIMITIVE_ACTION,MDP|RIGHT,0.0,0.0,0.0,0,0.0,False,False,False,0.0,0
ORACLE_MDP,1,16,9,RIGHT,MDP_PRIMITIVE_ACTION,MDP|RIGHT,0.0,0.0,0.0,0,0.0,False,False,False,0.0,0
ORACLE_MDP,1,16,10,DOWN,MDP_PRIMITIVE_ACTION,MDP|DOWN,0.0,0.0,0.0,0,0.0,False,False,False,0.0,0
ORACLE_MDP,1,16,11,RIGHT,MDP_PRIMITIVE_ACTION,MDP|RIGHT,1.0,1.0,0.0,0,0.0,False,True,True,0.0,0
ORACLE_MDP,1,17,1,RIGHT,MDP_PRIMITIVE_ACTION,MDP|RIGHT,0.0,0.0,0.0,0,0.0,False,False,False,0.0,0
ORACLE_MDP,1,17,2,RIGHT,MDP_PRIMITIVE_ACTION,MDP|RIGHT,0.0,0.0,0.0,0,0.0,False,False,False,0.0,0
ORACLE_MDP,1,17,3,DOWN,MDP_PRIMITIVE_ACTION,MDP|DOWN,0.0,0.0,0.0,0,0.0,False,False,False,0.0,0
ORACLE_MDP,1,17,4,RIGHT,MDP_PRIMITIVE_ACTION,MDP|RIGHT,0.0,0.0,0.0,0,0.0,False,False,False,0.0,0
ORACLE_MDP,1,17,5,RIGHT,MDP_PRIMITIVE_ACTION,MDP|RIGHT,0.0,0.0,0.0,0,0.0,False,False,False,0.0,0
ORACLE_MDP,1,17,6,RIGHT,MDP_PRIMITIVE_ACTION,MDP|RIGHT,0.0,0.0,0.0,0,0.0,False,False,False,0.0,0
ORACLE_MDP,1,17,7,RIGHT,MDP_PRIMITIVE_ACTION,MDP|RIGHT,0.0,0.0,0.0,0,0.0,False,False,False,0.0,0
ORACLE_MDP,1,17,8,RIGHT,MDP_PRIMITIVE_ACTION,MDP|RIGHT,1.0,1.0,0.0,0,0.0,False,True,True,0.0,0
ORACLE_MDP,1,18,1,DOWN,MDP_PRIMITIVE_ACTION,MDP|DOWN,0.0,0.0,0.0,0,0.0,False,False,False,0.0,0
ORACLE_MDP,1,18,2,LEFT,MDP_PRIMITIVE_ACTION,MDP|LEFT,0.0,0.0,0.0,0,0.0,False,False,False,0.0,0
ORACLE_MDP,1,18,3,DOWN,MDP_PRIMITIVE_ACTION,MDP|DOWN,0.0,0.0,0.0,0,0.0,False,False,False,0.0,0
ORACLE_MDP,1,18,4,DOWN,MDP_PRIMITIVE_ACTION,MDP|DOWN,0.0,0.0,0.0,0,0.0,False,False,False,0.0,0
ORACLE_MDP,1,18,5,DOWN,MDP_PRIMITIVE_ACTION,MDP|DOWN,0.0,0.0,0.0,0,0.0,False,False,False,0.0,0
ORACLE_MDP,1,18,6,RIGHT,MDP_PRIMITIVE_ACTION,MDP|RIGHT,0.0,0.0,0.0,0,0.0,False,False,False,0.0,0
ORACLE_MDP,1,18,7,RIGHT,MDP_PRIMITIVE_ACTION,MDP|RIGHT,0.0,0.0,0.0,0,0.0,False,False,False,0.0,0
ORACLE_MDP,1,18,8,RIGHT,MDP_PRIMITIVE_ACTION,MDP|RIGHT,0.0,0.0,0.0,0,0.0,False,False,False,0.0,0
ORACLE_MDP,1,18,9,RIGHT,MDP_PRIMITIVE_ACTION,MDP|RIGHT,0.0,0.0,0.0,0,0.0,False,False,False,0.0,0
ORACLE_MDP,1,18,10,UP,MDP_PRIMITIVE_ACTION,MDP|UP,0.0,0.0,0.0,0,0.0,False,False,False,0.0,0
ORACLE_MDP,1,18,11,UP,MDP_PRIMITIVE_ACTION,MDP|UP,0.0,0.0,0.0,0,0.0,False,False,False,0.0,0
ORACLE_MDP,1,18,12,RIGHT,MDP_PRIMITIVE_ACTION,MDP|RIGHT,0.0,0.0,0.0,0,0.0,False,False,False,0.0,0
ORACLE_MDP,1,18,13,UP,MDP_PRIMITIVE_ACTION,MDP|UP,0.0,0.0,0.0,0,0.0,False,False,False,0.0,0
ORACLE_MDP,1,18,14,RIGHT,MDP_PRIMITIVE_ACTION,MDP|RIGHT,0.0,0.0,0.0,0,0.0,False,False,False,0.0,0
ORACLE_MDP,1,18,15,RIGHT,MDP_PRIMITIVE_ACTION,MDP|RIGHT,0.0,0.0,0.0,0,0.0,False,False,False,0.0,0
ORACLE_MDP,1,18,16,RIGHT,MDP_PRIMITIVE_ACTION,MDP|RIGHT,1.0,1.0,0.0,0,0.0,False,True,True,0.0,0
ORACLE_MDP,1,19,1,DOWN,MDP_PRIMITIVE_ACTION,MDP|DOWN,0.0,0.0,0.0,0,0.0,False,False,False,0.0,0
ORACLE_MDP,1,19,2,RIGHT,MDP_PRIMITIVE_ACTION,MDP|RIGHT,0.0,0.0,0.0,0,0.0,False,False,False,0.0,0
ORACLE_MDP,1,19,3,RIGHT,MDP_PRIMITIVE_ACTION,MDP|RIGHT,0.0,0.0,0.0,0,0.0,False,False,False,0.0,0
ORACLE_MDP,1,19,4,RIGHT,MDP_PRIMITIVE_ACTION,MDP|RIGHT,0.0,0.0,0.0,0,0.0,False,False,False,0.0,0
ORACLE_MDP,1,19,5,UP,MDP_PRIMITIVE_ACTION,MDP|UP,0.0,0.0,0.0,0,0.0,False,False,False,0.0,0
ORACLE_MDP,1,19,6,UP,MDP_PRIMITIVE_ACTION,MDP|UP,0.0,0.0,0.0,0,0.0,False,False,False,0.0,0
ORACLE_MDP,1,19,7,RIGHT,MDP_PRIMITIVE_ACTION,MDP|RIGHT,0.0,0.0,0.0,0,0.0,False,False,False,0.0,0
ORACLE_MDP,1,19,8,"OPEN (6, 0)",MDP_PRIMITIVE_ACTION,"MDP|OPEN (6, 0)",0.0,0.0,0.0,0,0.0,False,False,False,0.0,0
ORACLE_MDP,1,19,9,RIGHT,MDP_PRIMITIVE_ACTION,MDP|RIGHT,0.0,0.0,0.0,0,0.0,False,False,False,0.0,0
ORACLE_MDP,1,19,10,RIGHT,MDP_PRIMITIVE_ACTION,MDP|RIGHT,0.0,0.0,0.0,0,0.0,False,False,False,0.0,0
ORACLE_MDP,1,19,11,RIGHT,MDP_PRIMITIVE_ACTION,MDP|RIGHT,1.0,1.0,0.0,0,0.0,False,True,True,0.0,0
ORACLE_MDP,1,20,1,RIGHT,MDP_PRIMITIVE_ACTION,MDP|RIGHT,0.0,0.0,0.0,0,0.0,False,False,False,0.0,0
ORACLE_MDP,1,20,2,RIGHT,MDP_PRIMITIVE_ACTION,MDP|RIGHT,0.0,0.0,0.0,0,0.0,False,False,False,0.0,0
ORACLE_MDP,1,20,3,UP,MDP_PRIMITIVE_ACTION,MDP|UP,0.0,0.0,0.0,0,0.0,False,False,False,0.0,0
ORACLE_MDP,1,20,4,RIGHT,MDP_PRIMITIVE_ACTION,MDP|RIGHT,0.0,0.0,0.0,0,0.0,False,False,False,0.0,0
ORACLE_MDP,1,20,5,RIGHT,MDP_PRIMITIVE_ACTION,MDP|RIGHT,0.0,0.0,0.0,0,0.0,False,False,False,0.0,0
ORACLE_MDP,1,20,6,RIGHT,MDP_PRIMITIVE_ACTION,MDP|RIGHT,0.0,0.0,0.0,0,0.0,False,False,False,0.0,0
ORACLE_MDP,1,20,7,RIGHT,MDP_PRIMITIVE_ACTION,MDP|RIGHT,0.0,0.0,0.0,0,0.0,False,False,False,0.0,0
ORACLE_MDP,1,20,8,RIGHT,MDP_PRIMITIVE_ACTION,MDP|RIGHT,1.0,1.0,0.0,0,0.0,False,True,True,0.0,0
ORACLE_MDP,1,21,1,DOWN,MDP_PRIMITIVE_ACTION,MDP|DOWN,0.0,0.0,0.0,0,0.0,False,False,False,0.0,0
ORACLE_MDP,1,21,2,RIGHT,MDP_PRIMITIVE_ACTION,MDP|RIGHT,0.0,0.0,0.0,0,0.0,False,False,False,0.0,0
ORACLE_MDP,1,21,3,RIGHT,MDP_PRIMITIVE_ACTION,MDP|RIGHT,0.0,0.0,0.0,0,0.0,False,False,False,0.0,0
ORACLE_MDP,1,21,4,RIGHT,MDP_PRIMITIVE_ACTION,MDP|RIGHT,0.0,0.0,0.0,0,0.0,False,False,False,0.0,0
ORACLE_MDP,1,21,5,RIGHT,MDP_PRIMITIVE_ACTION,MDP|RIGHT,0.0,0.0,0.0,0,0.0,False,False,False,0.0,0
ORACLE_MDP,1,21,6,RIGHT,MDP_PRIMITIVE_ACTION,MDP|RIGHT,0.0,0.0,0.0,0,0.0,False,False,False,0.0,0
ORACLE_MDP,1,21,7,RIGHT,MDP_PRIMITIVE_ACTION,MDP|RIGHT,0.0,0.0,0.0,0,0.0,False,False,False,0.0,0
ORACLE_MDP,1,21,8,RIGHT,MDP_PRIMITIVE_ACTION,MDP|RIGHT,0.0,0.0,0.0,0,0.0,False,False,False,0.0,0
ORACLE_MDP,1,21,9,UP,MDP_PRIMITIVE_ACTION,MDP|UP,1.0,1.0,0.0,0,0.0,False,True,True,0.0,0
ORACLE_MDP,1,22,1,DOWN,MDP_PRIMITIVE_ACTION,MDP|DOWN,0.0,0.0,0.0,0,0.0,False,False,False,0.0,0
ORACLE_MDP,1,22,2,RIGHT,MDP_PRIMITIVE_ACTION,MDP|RIGHT,0.0,0.0,0.0,0,0.0,False,False,False,0.0,0
ORACLE_MDP,1,22,3,RIGHT,MDP_PRIMITIVE_ACTION,MDP|RIGHT,0.0,0.0,0.0,0,0.0,False,False,False,0.0,0
ORACLE_MDP,1,22,4,DOWN,MDP_PRIMITIVE_ACTION,MDP|DOWN,0.0,0.0,0.0,0,0.0,False,False,False,0.0,0
ORACLE_MDP,1,22,5,DOWN,MDP_PRIMITIVE_ACTION,MDP|DOWN,0.0,0.0,0.0,0,0.0,False,False,False,0.0,0
ORACLE_MDP,1,22,6,DOWN,MDP_PRIMITIVE_ACTION,MDP|DOWN,0.0,0.0,0.0,0,0.0,False,False,False,0.0,0
ORACLE_MDP,1,22,7,RIGHT,MDP_PRIMITIVE_ACTION,MDP|RIGHT,1.0,1.0,0.0,0,0.0,False,True,True,0.0,0
ORACLE_MDP,1,23,1,UP,MDP_PRIMITIVE_ACTION,MDP|UP,0.0,0.0,0.0,0,0.0,False,False,False,0.0,0
ORACLE_MDP,1,23,2,RIGHT,MDP_PRIMITIVE_ACTION,MDP|RIGHT,0.0,0.0,0.0,0,0.0,False,False,False,0.0,0
ORACLE_MDP,1,23,3,RIGHT,MDP_PRIMITIVE_ACTION,MDP|RIGHT,0.0,0.0,0.0,0,0.0,False,False,False,0.0,0
ORACLE_MDP,1,23,4,RIGHT,MDP_PRIMITIVE_ACTION,MDP|RIGHT,0.0,0.0,0.0,0,0.0,False,False,False,0.0,0
ORACLE_MDP,1,23,5,RIGHT,MDP_PRIMITIVE_ACTION,MDP|RIGHT,0.0,0.0,0.0,0,0.0,False,False,False,0.0,0
ORACLE_MDP,1,23,6,DOWN,MDP_PRIMITIVE_ACTION,MDP|DOWN,0.0,0.0,0.0,0,0.0,False,False,False,0.0,0
ORACLE_MDP,1,23,7,RIGHT,MDP_PRIMITIVE_ACTION,MDP|RIGHT,0.0,0.0,0.0,0,0.0,False,False,False,0.0,0
ORACLE_MDP,1,23,8,DOWN,MDP_PRIMITIVE_ACTION,MDP|DOWN,0.0,0.0,0.0,0,0.0,False,False,False,0.0,0
ORACLE_MDP,1,23,9,RIGHT,MDP_PRIMITIVE_ACTION,MDP|RIGHT,0.0,0.0,0.0,0,0.0,False,False,False,0.0,0
ORACLE_MDP,1,23,10,RIGHT,MDP_PRIMITIVE_ACTION,MDP|RIGHT,0.0,0.0,0.0,0,0.0,False,False,False,0.0,0
ORACLE_MDP,1,23,11,UP,MDP_PRIMITIVE_ACTION,MDP|UP,1.0,1.0,0.0,0,0.0,False,True,True,0.0,0
ORACLE_MDP,1,24,1,RIGHT,MDP_PRIMITIVE_ACTION,MDP|RIGHT,0.0,0.0,0.0,0,0.0,False,False,False,0.0,0
ORACLE_MDP,1,24,2,RIGHT,MDP_PRIMITIVE_ACTION,MDP|RIGHT,0.0,0.0,0.0,0,0.0,False,False,False,0.0,0
ORACLE_MDP,1,24,3,DOWN,MDP_PRIMITIVE_ACTION,MDP|DOWN,0.0,0.0,0.0,0,0.0,False,False,False,0.0,0
ORACLE_MDP,1,24,4,RIGHT,MDP_PRIMITIVE_ACTION,MDP|RIGHT,0.0,0.0,0.0,0,0.0,False,False,False,0.0,0
ORACLE_MDP,1,24,5,DOWN,MDP_PRIMITIVE_ACTION,MDP|DOWN,0.0,0.0,0.0,0,0.0,False,False,False,0.0,0
ORACLE_MDP,1,24,6,RIGHT,MDP_PRIMITIVE_ACTION,MDP|RIGHT,0.0,0.0,0.0,0,0.0,False,False,False,0.0,0
ORACLE_MDP,1,24,7,RIGHT,MDP_PRIMITIVE_ACTION,MDP|RIGHT,0.0,0.0,0.0,0,0.0,False,False,False,0.0,0
ORACLE_MDP,1,24,8,RIGHT,MDP_PRIMITIVE_ACTION,MDP|RIGHT,0.0,0.0,0.0,0,0.0,False,False,False,0.0,0
ORACLE_MDP,1,24,9,RIGHT,MDP_PRIMITIVE_ACTION,MDP|RIGHT,0.0,0.0,0.0,0,0.0,False,False,False,0.0,0
ORACLE_MDP,1,24,10,DOWN,MDP_PRIMITIVE_ACTION,MDP|DOWN,0.0,0.0,0.0,0,0.0,False,False,False,0.0,0
ORACLE_MDP,1,24,11,DOWN,MDP_PRIMITIVE_ACTION,MDP|DOWN,1.0,1.0,0.0,0,0.0,False,True,True,0.0,0
ORACLE_MDP,1,25,1,RIGHT,MDP_PRIMITIVE_ACTION,MDP|RIGHT,0.0,0.0,0.0,0,0.0,False,False,False,0.0,0
ORACLE_MDP,1,25,2,RIGHT,MDP_PRIMITIVE_ACTION,MDP|RIGHT,0.0,0.0,0.0,0,0.0,False,False,False,0.0,0
ORACLE_MDP,1,25,3,RIGHT,MDP_PRIMITIVE_ACTION,MDP|RIGHT,0.0,0.0,0.0,0,0.0,False,False,False,0.0,0
ORACLE_MDP,1,25,4,RIGHT,MDP_PRIMITIVE_ACTION,MDP|RIGHT,0.0,0.0,0.0,0,0.0,False,False,False,0.0,0
ORACLE_MDP,1,25,5,RIGHT,MDP_PRIMITIVE_ACTION,MDP|RIGHT,0.0,0.0,0.0,0,0.0,False,False,False,0.0,0
ORACLE_MDP,1,25,6,DOWN,MDP_PRIMITIVE_ACTION,MDP|DOWN,0.0,0.0,0.0,0,0.0,False,False,False,0.0,0
ORACLE_MDP,1,25,7,DOWN,MDP_PRIMITIVE_ACTION,MDP|DOWN,0.0,0.0,0.0,0,0.0,False,False,False,0.0,0
ORACLE_MDP,1,25,8,DOWN,MDP_PRIMITIVE_ACTION,MDP|DOWN,0.0,0.0,0.0,0,0.0,False,False,False,0.0,0
ORACLE_MDP,1,25,9,RIGHT,MDP_PRIMITIVE_ACTION,MDP|RIGHT,0.0,0.0,0.0,0,0.0,False,False,False,0.0,0
ORACLE_MDP,1,25,10,RIGHT,MDP_PRIMITIVE_ACTION,MDP|RIGHT,1.0,1.0,0.0,0,0.0,False,True,True,0.0,0
ORACLE_MDP,1,26,1,DOWN,MDP_PRIMITIVE_ACTION,MDP|DOWN,0.0,0.0,0.0,0,0.0,False,False,False,0.0,0
ORACLE_MDP,1,26,2,RIGHT,MDP_PRIMITIVE_ACTION,MDP|RIGHT,0.0,0.0,0.0,0,0.0,False,False,False,0.0,0
ORACLE_MDP,1,26,3,RIGHT,MDP_PRIMITIVE_ACTION,MDP|RIGHT,0.0,0.0,0.0,0,0.0,False,False,False,0.0,0
ORACLE_MDP,1,26,4,DOWN,MDP_PRIMITIVE_ACTION,MDP|DOWN,0.0,0.0,0.0,0,0.0,False,False,False,0.0,0
ORACLE_MDP,1,26,5,RIGHT,MDP_PRIMITIVE_ACTION,MDP|RIGHT,0.0,0.0,0.0,0,0.0,False,False,False,0.0,0
ORACLE_MDP,1,26,6,RIGHT,MDP_PRIMITIVE_ACTION,MDP|RIGHT,0.0,0.0,0.0,0,0.0,False,False,False,0.0,0
ORACLE_MDP,1,26,7,RIGHT,MDP_PRIMITIVE_ACTION,MDP|RIGHT,0.0,0.0,0.0,0,0.0,False,False,False,0.0,0
ORACLE_MDP,1,26,8,DOWN,MDP_PRIMITIVE_ACTION,MDP|DOWN,0.0,0.0,0.0,0,0.0,False,False,False,0.0,0
ORACLE_MDP,1,26,9,RIGHT,MDP_PRIMITIVE_ACTION,MDP|RIGHT,0.0,0.0,0.0,0,0.0,False,False,False,0.0,0
ORACLE_MDP,1,26,10,RIGHT,MDP_PRIMITIVE_ACTION,MDP|RIGHT,1.0,1.0,0.0,0,0.0,False,True,True,0.0,0
ORACLE_MDP,1,27,1,RIGHT,MDP_PRIMITIVE_ACTION,MDP|RIGHT,0.0,0.0,0.0,0,0.0,False,False,False,0.0,0
ORACLE_MDP,1,27,2,RIGHT,MDP_PRIMITIVE_ACTION,MDP|RIGHT,0.0,0.0,0.0,0,0.0,False,False,False,0.0,0
ORACLE_MDP,1,27,3,RIGHT,MDP_PRIMITIVE_ACTION,MDP|RIGHT,0.0,0.0,0.0,0,0.0,False,False,False,0.0,0
ORACLE_MDP,1,27,4,DOWN,MDP_PRIMITIVE_ACTION,MDP|DOWN,0.0,0.0,0.0,0,0.0,False,False,False,0.0,0
ORACLE_MDP,1,27,5,DOWN,MDP_PRIMITIVE_ACTION,MDP|DOWN,0.0,0.0,0.0,0,0.0,False,False,False,0.0,0
ORACLE_MDP,1,27,6,DOWN,MDP_PRIMITIVE_ACTION,MDP|DOWN,0.0,0.0,0.0,0,0.0,False,False,False,0.0,0
ORACLE_MDP,1,27,7,RIGHT,MDP_PRIMITIVE_ACTION,MDP|RIGHT,0.0,0.0,0.0,0,0.0,False,False,False,0.0,0
ORACLE_MDP,1,27,8,RIGHT,MDP_PRIMITIVE_ACTION,MDP|RIGHT,0.0,0.0,0.0,0,0.0,False,False,False,0.0,0
ORACLE_MDP,1,27,9,RIGHT,MDP_PRIMITIVE_ACTION,MDP|RIGHT,0.0,0.0,0.0,0,0.0,False,False,False,0.0,0
ORACLE_MDP,1,27,10,DOWN,MDP_PRIMITIVE_ACTION,MDP|DOWN,0.0,0.0,0.0,0,0.0,False,False,False,0.0,0
ORACLE_MDP,1,27,11,RIGHT,MDP_PRIMITIVE_ACTION,MDP|RIGHT,1.0,1.0,0.0,0,0.0,False,True,True,0.0,0
ORACLE_MDP,1,28,1,UP,MDP_PRIMITIVE_ACTION,MDP|UP,0.0,0.0,0.0,0,0.0,False,False,False,0.0,0
ORACLE_MDP,1,28,2,LEFT,MDP_PRIMITIVE_ACTION,MDP|LEFT,0.0,0.0,0.0,0,0.0,False,False,False,0.0,0
ORACLE_MDP,1,28,3,DOWN,MDP_PRIMITIVE_ACTION,MDP|DOWN,0.0,0.0,0.0,0,0.0,False,False,False,0.0,0
ORACLE_MDP,1,28,4,RIGHT,MDP_PRIMITIVE_ACTION,MDP|RIGHT,0.0,0.0,0.0,0,0.0,False,False,False,0.0,0
ORACLE_MDP,1,28,5,RIGHT,MDP_PRIMITIVE_ACTION,MDP|RIGHT,0.0,0.0,0.0,0,0.0,False,False,False,0.0,0
ORACLE_MDP,1,28,6,RIGHT,MDP_PRIMITIVE_ACTION,MDP|RIGHT,0.0,0.0,0.0,0,0.0,False,False,False,0.0,0
ORACLE_MDP,1,28,7,RIGHT,MDP_PRIMITIVE_ACTION,MDP|RIGHT,0.0,0.0,0.0,0,0.0,False,False,False,0.0,0
ORACLE_MDP,1,28,8,RIGHT,MDP_PRIMITIVE_ACTION,MDP|RIGHT,0.0,0.0,0.0,0,0.0,False,False,False,0.0,0
ORACLE_MDP,1,28,9,RIGHT,MDP_PRIMITIVE_ACTION,MDP|RIGHT,0.0,0.0,0.0,0,0.0,False,False,False,0.0,0
ORACLE_MDP,1,28,10,DOWN,MDP_PRIMITIVE_ACTION,MDP|DOWN,0.0,0.0,0.0,0,0.0,False,False,False,0.0,0
ORACLE_MDP,1,28,11,RIGHT,MDP_PRIMITIVE_ACTION,MDP|RIGHT,0.0,0.0,0.0,0,0.0,False,False,False,0.0,0
ORACLE_MDP,1,28,12,RIGHT,MDP_PRIMITIVE_ACTION,MDP|RIGHT,0.0,0.0,0.0,0,0.0,False,False,False,0.0,0
ORACLE_MDP,1,28,13,"OPEN (8, 3)",MDP_PRIMITIVE_ACTION,"MDP|OPEN (8, 3)",0.0,0.0,0.0,0,0.0,False,False,False,0.0,0
ORACLE_MDP,1,28,14,DOWN,MDP_PRIMITIVE_ACTION,MDP|DOWN,0.0,0.0,0.0,0,0.0,False,False,False,0.0,0
ORACLE_MDP,1,28,15,DOWN,MDP_PRIMITIVE_ACTION,MDP|DOWN,0.0,0.0,0.0,0,0.0,False,False,False,0.0,0
ORACLE_MDP,1,28,16,LEFT,MDP_PRIMITIVE_ACTION,MDP|LEFT,0.0,0.0,0.0,0,0.0,False,False,False,0.0,0
ORACLE_MDP,1,28,17,DOWN,MDP_PRIMITIVE_ACTION,MDP|DOWN,1.0,1.0,0.0,0,0.0,False,True,True,0.0,0
ORACLE_MDP,1,29,1,UP,MDP_PRIMITIVE_ACTION,MDP|UP,0.0,0.0,0.0,0,0.0,False,False,False,0.0,0
ORACLE_MDP,1,29,2,RIGHT,MDP_PRIMITIVE_ACTION,MDP|RIGHT,0.0,0.0,0.0,0,0.0,False,False,False,0.0,0
ORACLE_MDP,1,29,3,RIGHT,MDP_PRIMITIVE_ACTION,MDP|RIGHT,0.0,0.0,0.0,0,0.0,False,False,False,0.0,0
ORACLE_MDP,1,29,4,RIGHT,MDP_PRIMITIVE_ACTION,MDP|RIGHT,0.0,0.0,0.0,0,0.0,False,False,False,0.0,0
ORACLE_MDP,1,29,5,RIGHT,MDP_PRIMITIVE_ACTION,MDP|RIGHT,0.0,0.0,0.0,0,0.0,False,False,False,0.0,0
ORACLE_MDP,1,29,6,RIGHT,MDP_PRIMITIVE_ACTION,MDP|RIGHT,0.0,0.0,0.0,0,0.0,False,False,False,0.0,0
ORACLE_MDP,1,29,7,DOWN,MDP_PRIMITIVE_ACTION,MDP|DOWN,0.0,0.0,0.0,0,0.0,False,False,False,0.0,0
ORACLE_MDP,1,29,8,DOWN,MDP_PRIMITIVE_ACTION,MDP|DOWN,0.0,0.0,0.0,0,0.0,False,False,False,0.0,0
ORACLE_MDP,1,29,9,RIGHT,MDP_PRIMITIVE_ACTION,MDP|RIGHT,0.0,0.0,0.0,0,0.0,False,False,False,0.0,0
ORACLE_MDP,1,29,10,RIGHT,MDP_PRIMITIVE_ACTION,MDP|RIGHT,1.0,1.0,0.0,0,0.0,False,True,True,0.0,0
ORACLE_MDP,2,0,1,DOWN,MDP_PRIMITIVE_ACTION,MDP|DOWN,0.0,0.0,0.0,0,0.0,False,False,False,0.0,0
ORACLE_MDP,2,0,2,RIGHT,MDP_PRIMITIVE_ACTION,MDP|RIGHT,0.0,0.0,0.0,0,0.0,False,False,False,0.0,0
ORACLE_MDP,2,0,3,RIGHT,MDP_PRIMITIVE_ACTION,MDP|RIGHT,0.0,0.0,0.0,0,0.0,False,False,False,0.0,0
ORACLE_MDP,2,0,4,DOWN,MDP_PRIMITIVE_ACTION,MDP|DOWN,0.0,0.0,0.0,0,0.0,False,False,False,0.0,0
ORACLE_MDP,2,0,5,DOWN,MDP_PRIMITIVE_ACTION,MDP|DOWN,0.0,0.0,0.0,0,0.0,False,False,False,0.0,0
ORACLE_MDP,2,0,6,RIGHT,MDP_PRIMITIVE_ACTION,MDP|RIGHT,0.0,0.0,0.0,0,0.0,False,False,False,0.0,0
ORACLE_MDP,2,0,7,RIGHT,MDP_PRIMITIVE_ACTION,MDP|RIGHT,0.0,0.0,0.0,0,0.0,False,False,False,0.0,0
ORACLE_MDP,2,0,8,UP,MDP_PRIMITIVE_ACTION,MDP|UP,0.0,0.0,0.0,0,0.0,False,False,False,0.0,0
ORACLE_MDP,2,0,9,RIGHT,MDP_PRIMITIVE_ACTION,MDP|RIGHT,1.0,1.0,0.0,0,0.0,False,True,True,0.0,0
ORACLE_MDP,2,1,1,DOWN,MDP_PRIMITIVE_ACTION,MDP|DOWN,0.0,0.0,0.0,0,0.0,False,False,False,0.0,0
ORACLE_MDP,2,1,2,DOWN,MDP_PRIMITIVE_ACTION,MDP|DOWN,0.0,0.0,0.0,0,0.0,False,False,False,0.0,0
ORACLE_MDP,2,1,3,RIGHT,MDP_PRIMITIVE_ACTION,MDP|RIGHT,0.0,0.0,0.0,0,0.0,False,False,False,0.0,0
ORACLE_MDP,2,1,4,RIGHT,MDP_PRIMITIVE_ACTION,MDP|RIGHT,0.0,0.0,0.0,0,0.0,False,False,False,0.0,0
ORACLE_MDP,2,1,5,RIGHT,MDP_PRIMITIVE_ACTION,MDP|RIGHT,0.0,0.0,0.0,0,0.0,False,False,False,0.0,0
ORACLE_MDP,2,1,6,RIGHT,MDP_PRIMITIVE_ACTION,MDP|RIGHT,0.0,0.0,0.0,0,0.0,False,False,False,0.0,0
ORACLE_MDP,2,1,7,DOWN,MDP_PRIMITIVE_ACTION,MDP|DOWN,0.0,0.0,0.0,0,0.0,False,False,False,0.0,0
ORACLE_MDP,2,1,8,RIGHT,MDP_PRIMITIVE_ACTION,MDP|RIGHT,1.0,1.0,0.0,0,0.0,False,True,True,0.0,0
ORACLE_MDP,2,2,1,UP,MDP_PRIMITIVE_ACTION,MDP|UP,0.0,0.0,0.0,0,0.0,False,False,False,0.0,0
ORACLE_MDP,2,2,2,RIGHT,MDP_PRIMITIVE_ACTION,MDP|RIGHT,0.0,0.0,0.0,0,0.0,False,False,False,0.0,0
ORACLE_MDP,2,2,3,RIGHT,MDP_PRIMITIVE_ACTION,MDP|RIGHT,0.0,0.0,0.0,0,0.0,False,False,False,0.0,0
ORACLE_MDP,2,2,4,RIGHT,MDP_PRIMITIVE_ACTION,MDP|RIGHT,0.0,0.0,0.0,0,0.0,False,False,False,0.0,0
ORACLE_MDP,2,2,5,DOWN,MDP_PRIMITIVE_ACTION,MDP|DOWN,0.0,0.0,0.0,0,0.0,False,False,False,0.0,0
ORACLE_MDP,2,2,6,RIGHT,MDP_PRIMITIVE_ACTION,MDP|RIGHT,0.0,0.0,0.0,0,0.0,False,False,False,0.0,0
ORACLE_MDP,2,2,7,RIGHT,MDP_PRIMITIVE_ACTION,MDP|RIGHT,0.0,0.0,0.0,0,0.0,False,False,False,0.0,0
ORACLE_MDP,2,2,8,UP,MDP_PRIMITIVE_ACTION,MDP|UP,0.0,0.0,0.0,0,0.0,False,False,False,0.0,0
ORACLE_MDP,2,2,9,RIGHT,MDP_PRIMITIVE_ACTION,MDP|RIGHT,1.0,1.0,0.0,0,0.0,False,True,True,0.0,0
ORACLE_MDP,2,3,1,DOWN,MDP_PRIMITIVE_ACTION,MDP|DOWN,0.0,0.0,0.0,0,0.0,False,False,False,0.0,0
ORACLE_MDP,2,3,2,DOWN,MDP_PRIMITIVE_ACTION,MDP|DOWN,0.0,0.0,0.0,0,0.0,False,False,False,0.0,0
ORACLE_MDP,2,3,3,RIGHT,MDP_PRIMITIVE_ACTION,MDP|RIGHT,0.0,0.0,0.0,0,0.0,False,False,False,0.0,0
ORACLE_MDP,2,3,4,DOWN,MDP_PRIMITIVE_ACTION,MDP|DOWN,0.0,0.0,0.0,0,0.0,False,False,False,0.0,0
ORACLE_MDP,2,3,5,RIGHT,MDP_PRIMITIVE_ACTION,MDP|RIGHT,0.0,0.0,0.0,0,0.0,False,False,False,0.0,0
ORACLE_MDP,2,3,6,RIGHT,MDP_PRIMITIVE_ACTION,MDP|RIGHT,0.0,0.0,0.0,0,0.0,False,False,False,0.0,0
ORACLE_MDP,2,3,7,DOWN,MDP_PRIMITIVE_ACTION,MDP|DOWN,0.0,0.0,0.0,0,0.0,False,False,False,0.0,0
ORACLE_MDP,2,3,8,RIGHT,MDP_PRIMITIVE_ACTION,MDP|RIGHT,0.0,0.0,0.0,0,0.0,False,False,False,0.0,0
ORACLE_MDP,2,3,9,RIGHT,MDP_PRIMITIVE_ACTION,MDP|RIGHT,0.0,0.0,0.0,0,0.0,False,False,False,0.0,0
ORACLE_MDP,2,3,10,RIGHT,MDP_PRIMITIVE_ACTION,MDP|RIGHT,0.0,0.0,0.0,0,0.0,False,False,False,0.0,0
ORACLE_MDP,2,3,11,RIGHT,MDP_PRIMITIVE_ACTION,MDP|RIGHT,1.0,1.0,0.0,0,0.0,False,True,True,0.0,0
ORACLE_MDP,2,4,1,DOWN,MDP_PRIMITIVE_ACTION,MDP|DOWN,0.0,0.0,0.0,0,0.0,False,False,False,0.0,0
ORACLE_MDP,2,4,2,DOWN,MDP_PRIMITIVE_ACTION,MDP|DOWN,0.0,0.0,0.0,0,0.0,False,False,False,0.0,0
ORACLE_MDP,2,4,3,DOWN,MDP_PRIMITIVE_ACTION,MDP|DOWN,0.0,0.0,0.0,0,0.0,False,False,False,0.0,0
ORACLE_MDP,2,4,4,RIGHT,MDP_PRIMITIVE_ACTION,MDP|RIGHT,0.0,0.0,0.0,0,0.0,False,False,False,0.0,0
ORACLE_MDP,2,4,5,RIGHT,MDP_PRIMITIVE_ACTION,MDP|RIGHT,0.0,0.0,0.0,0,0.0,False,False,False,0.0,0
ORACLE_MDP,2,4,6,RIGHT,MDP_PRIMITIVE_ACTION,MDP|RIGHT,0.0,0.0,0.0,0,0.0,False,False,False,0.0,0
ORACLE_MDP,2,4,7,RIGHT,MDP_PRIMITIVE_ACTION,MDP|RIGHT,0.0,0.0,0.0,0,0.0,False,False,False,0.0,0
ORACLE_MDP,2,4,8,RIGHT,MDP_PRIMITIVE_ACTION,MDP|RIGHT,1.0,1.0,0.0,0,0.0,False,True,True,0.0,0
ORACLE_MDP,2,5,1,UP,MDP_PRIMITIVE_ACTION,MDP|UP,0.0,0.0,0.0,0,0.0,False,False,False,0.0,0
ORACLE_MDP,2,5,2,RIGHT,MDP_PRIMITIVE_ACTION,MDP|RIGHT,0.0,0.0,0.0,0,0.0,False,False,False,0.0,0
ORACLE_MDP,2,5,3,RIGHT,MDP_PRIMITIVE_ACTION,MDP|RIGHT,0.0,0.0,0.0,0,0.0,False,False,False,0.0,0
ORACLE_MDP,2,5,4,RIGHT,MDP_PRIMITIVE_ACTION,MDP|RIGHT,0.0,0.0,0.0,0,0.0,False,False,False,0.0,0
ORACLE_MDP,2,5,5,RIGHT,MDP_PRIMITIVE_ACTION,MDP|RIGHT,0.0,0.0,0.0,0,0.0,False,False,False,0.0,0
ORACLE_MDP,2,5,6,RIGHT,MDP_PRIMITIVE_ACTION,MDP|RIGHT,0.0,0.0,0.0,0,0.0,False,False,False,0.0,0
ORACLE_MDP,2,5,7,DOWN,MDP_PRIMITIVE_ACTION,MDP|DOWN,0.0,0.0,0.0,0,0.0,False,False,False,0.0,0
ORACLE_MDP,2,5,8,RIGHT,MDP_PRIMITIVE_ACTION,MDP|RIGHT,0.0,0.0,0.0,0,0.0,False,False,False,0.0,0
ORACLE_MDP,2,5,9,DOWN,MDP_PRIMITIVE_ACTION,MDP|DOWN,0.0,0.0,0.0,0,0.0,False,False,False,0.0,0
ORACLE_MDP,2,5,10,RIGHT,MDP_PRIMITIVE_ACTION,MDP|RIGHT,0.0,0.0,0.0,0,0.0,False,False,False,0.0,0
ORACLE_MDP,2,5,11,DOWN,MDP_PRIMITIVE_ACTION,MDP|DOWN,1.0,1.0,0.0,0,0.0,False,True,True,0.0,0
ORACLE_MDP,2,6,1,DOWN,MDP_PRIMITIVE_ACTION,MDP|DOWN,0.0,0.0,0.0,0,0.0,False,False,False,0.0,0
ORACLE_MDP,2,6,2,DOWN,MDP_PRIMITIVE_ACTION,MDP|DOWN,0.0,0.0,0.0,0,0.0,False,False,False,0.0,0
ORACLE_MDP,2,6,3,RIGHT,MDP_PRIMITIVE_ACTION,MDP|RIGHT,0.0,0.0,0.0,0,0.0,False,False,False,0.0,0
ORACLE_MDP,2,6,4,RIGHT,MDP_PRIMITIVE_ACTION,MDP|RIGHT,0.0,0.0,0.0,0,0.0,False,False,False,0.0,0
ORACLE_MDP,2,6,5,RIGHT,MDP_PRIMITIVE_ACTION,MDP|RIGHT,0.0,0.0,0.0,0,0.0,False,False,False,0.0,0
ORACLE_MDP,2,6,6,DOWN,MDP_PRIMITIVE_ACTION,MDP|DOWN,0.0,0.0,0.0,0,0.0,False,False,False,0.0,0
ORACLE_MDP,2,6,7,DOWN,MDP_PRIMITIVE_ACTION,MDP|DOWN,1.0,1.0,0.0,0,0.0,False,True,True,0.0,0
ORACLE_MDP,2,7,1,RIGHT,MDP_PRIMITIVE_ACTION,MDP|RIGHT,0.0,0.0,0.0,0,0.0,False,False,False,0.0,0
ORACLE_MDP,2,7,2,RIGHT,MDP_PRIMITIVE_ACTION,MDP|RIGHT,0.0,0.0,0.0,0,0.0,False,False,False,0.0,0
ORACLE_MDP,2,7,3,RIGHT,MDP_PRIMITIVE_ACTION,MDP|RIGHT,0.0,0.0,0.0,0,0.0,False,False,False,0.0,0
ORACLE_MDP,2,7,4,RIGHT,MDP_PRIMITIVE_ACTION,MDP|RIGHT,0.0,0.0,0.0,0,0.0,False,False,False,0.0,0
ORACLE_MDP,2,7,5,RIGHT,MDP_PRIMITIVE_ACTION,MDP|RIGHT,0.0,0.0,0.0,0,0.0,False,False,False,0.0,0
ORACLE_MDP,2,7,6,LEFT,MDP_PRIMITIVE_ACTION,MDP|LEFT,0.0,0.0,0.0,0,0.0,False,False,False,0.0,0
ORACLE_MDP,2,7,7,DOWN,MDP_PRIMITIVE_ACTION,MDP|DOWN,0.0,0.0,0.0,0,0.0,False,False,False,0.0,0
ORACLE_MDP,2,7,8,DOWN,MDP_PRIMITIVE_ACTION,MDP|DOWN,0.0,0.0,0.0,0,0.0,False,False,False,0.0,0
ORACLE_MDP,2,7,9,DOWN,MDP_PRIMITIVE_ACTION,MDP|DOWN,0.0,0.0,0.0,0,0.0,False,False,False,0.0,0
ORACLE_MDP,2,7,10,DOWN,MDP_PRIMITIVE_ACTION,MDP|DOWN,0.0,0.0,0.0,0,0.0,False,False,False,0.0,0
ORACLE_MDP,2,7,11,RIGHT,MDP_PRIMITIVE_ACTION,MDP|RIGHT,0.0,0.0,0.0,0,0.0,False,False,False,0.0,0
ORACLE_MDP,2,7,12,"OPEN (7, 5)",MDP_PRIMITIVE_ACTION,"MDP|OPEN (7, 5)",0.0,0.0,0.0,0,0.0,False,False,False,0.0,0
ORACLE_MDP,2,7,13,RIGHT,MDP_PRIMITIVE_ACTION,MDP|RIGHT,0.0,0.0,0.0,0,0.0,False,False,False,0.0,0
ORACLE_MDP,2,7,14,RIGHT,MDP_PRIMITIVE_ACTION,MDP|RIGHT,1.0,1.0,0.0,0,0.0,False,True,True,0.0,0
ORACLE_MDP,2,8,1,DOWN,MDP_PRIMITIVE_ACTION,MDP|DOWN,0.0,0.0,0.0,0,0.0,False,False,False,0.0,0
ORACLE_MDP,2,8,2,LEFT,MDP_PRIMITIVE_ACTION,MDP|LEFT,0.0,0.0,0.0,0,0.0,False,False,False,0.0,0
ORACLE_MDP,2,8,3,UP,MDP_PRIMITIVE_ACTION,MDP|UP,0.0,0.0,0.0,0,0.0,False,False,False,0.0,0
ORACLE_MDP,2,8,4,RIGHT,MDP_PRIMITIVE_ACTION,MDP|RIGHT,0.0,0.0,0.0,0,0.0,False,False,False,0.0,0
ORACLE_MDP,2,8,5,RIGHT,MDP_PRIMITIVE_ACTION,MDP|RIGHT,0.0,0.0,0.0,0,0.0,False,False,False,0.0,0
ORACLE_MDP,2,8,6,RIGHT,MDP_PRIMITIVE_ACTION,MDP|RIGHT,0.0,0.0,0.0,0,0.0,False,False,False,0.0,0
ORACLE_MDP,2,8,7,RIGHT,MDP_PRIMITIVE_ACTION,MDP|RIGHT,0.0,0.0,0.0,0,0.0,False,False,False,0.0,0
ORACLE_MDP,2,8,8,RIGHT,MDP_PRIMITIVE_ACTION,MDP|RIGHT,0.0,0.0,0.0,0,0.0,False,False,False,0.0,0
ORACLE_MDP,2,8,9,RIGHT,MDP_PRIMITIVE_ACTION,MDP|RIGHT,0.0,0.0,0.0,0,0.0,False,False,False,0.0,0
ORACLE_MDP,2,8,10,RIGHT,MDP_PRIMITIVE_ACTION,MDP|RIGHT,0.0,0.0,0.0,0,0.0,False,False,False,0.0,0
ORACLE_MDP,2,8,11,"OPEN (8, 1)",MDP_PRIMITIVE_ACTION,"MDP|OPEN (8, 1)",0.0,0.0,0.0,0,0.0,False,False,False,0.0,0
ORACLE_MDP,2,8,12,RIGHT,MDP_PRIMITIVE_ACTION,MDP|RIGHT,0.0,0.0,0.0,0,0.0,False,False,False,0.0,0
ORACLE_MDP,2,8,13,UP,MDP_PRIMITIVE_ACTION,MDP|UP,1.0,1.0,0.0,0,0.0,False,True,True,0.0,0
ORACLE_MDP,2,9,1,RIGHT,MDP_PRIMITIVE_ACTION,MDP|RIGHT,0.0,0.0,0.0,0,0.0,False,False,False,0.0,0
ORACLE_MDP,2,9,2,RIGHT,MDP_PRIMITIVE_ACTION,MDP|RIGHT,0.0,0.0,0.0,0,0.0,False,False,False,0.0,0
ORACLE_MDP,2,9,3,RIGHT,MDP_PRIMITIVE_ACTION,MDP|RIGHT,0.0,0.0,0.0,0,0.0,False,False,False,0.0,0
ORACLE_MDP,2,9,4,DOWN,MDP_PRIMITIVE_ACTION,MDP|DOWN,0.0,0.0,0.0,0,0.0,False,False,False,0.0,0
ORACLE_MDP,2,9,5,DOWN,MDP_PRIMITIVE_ACTION,MDP|DOWN,0.0,0.0,0.0,0,0.0,False,False,False,0.0,0
ORACLE_MDP,2,9,6,RIGHT,MDP_PRIMITIVE_ACTION,MDP|RIGHT,0.0,0.0,0.0,0,0.0,False,False,False,0.0,0
ORACLE_MDP,2,9,7,RIGHT,MDP_PRIMITIVE_ACTION,MDP|RIGHT,0.0,0.0,0.0,0,0.0,False,False,False,0.0,0
ORACLE_MDP,2,9,8,DOWN,MDP_PRIMITIVE_ACTION,MDP|DOWN,1.0,1.0,0.0,0,0.0,False,True,True,0.0,0
ORACLE_MDP,2,10,1,RIGHT,MDP_PRIMITIVE_ACTION,MDP|RIGHT,0.0,0.0,0.0,0,0.0,False,False,False,0.0,0
ORACLE_MDP,2,10,2,RIGHT,MDP_PRIMITIVE_ACTION,MDP|RIGHT,0.0,0.0,0.0,0,0.0,False,False,False,0.0,0
ORACLE_MDP,2,10,3,RIGHT,MDP_PRIMITIVE_ACTION,MDP|RIGHT,0.0,0.0,0.0,0,0.0,False,False,False,0.0,0
ORACLE_MDP,2,10,4,RIGHT,MDP_PRIMITIVE_ACTION,MDP|RIGHT,0.0,0.0,0.0,0,0.0,False,False,False,0.0,0
ORACLE_MDP,2,10,5,RIGHT,MDP_PRIMITIVE_ACTION,MDP|RIGHT,0.0,0.0,0.0,0,0.0,False,False,False,0.0,0
ORACLE_MDP,2,10,6,RIGHT,MDP_PRIMITIVE_ACTION,MDP|RIGHT,0.0,0.0,0.0,0,0.0,False,False,False,0.0,0
ORACLE_MDP,2,10,7,RIGHT,MDP_PRIMITIVE_ACTION,MDP|RIGHT,1.0,1.0,0.0,0,0.0,False,True,True,0.0,0
ORACLE_MDP,2,11,1,RIGHT,MDP_PRIMITIVE_ACTION,MDP|RIGHT,0.0,0.0,0.0,0,0.0,False,False,False,0.0,0
ORACLE_MDP,2,11,2,RIGHT,MDP_PRIMITIVE_ACTION,MDP|RIGHT,0.0,0.0,0.0,0,0.0,False,False,False,0.0,0
ORACLE_MDP,2,11,3,RIGHT,MDP_PRIMITIVE_ACTION,MDP|RIGHT,0.0,0.0,0.0,0,0.0,False,False,False,0.0,0
ORACLE_MDP,2,11,4,DOWN,MDP_PRIMITIVE_ACTION,MDP|DOWN,0.0,0.0,0.0,0,0.0,False,False,False,0.0,0
ORACLE_MDP,2,11,5,DOWN,MDP_PRIMITIVE_ACTION,MDP|DOWN,0.0,0.0,0.0,0,0.0,False,False,False,0.0,0
ORACLE_MDP,2,11,6,RIGHT,MDP_PRIMITIVE_ACTION,MDP|RIGHT,0.0,0.0,0.0,0,0.0,False,False,False,0.0,0
ORACLE_MDP,2,11,7,DOWN,MDP_PRIMITIVE_ACTION,MDP|DOWN,0.0,0.0,0.0,0,0.0,False,False,False,0.0,0
ORACLE_MDP,2,11,8,DOWN,MDP_PRIMITIVE_ACTION,MDP|DOWN,1.0,1.0,0.0,0,0.0,False,True,True,0.0,0
ORACLE_MDP,2,12,1,RIGHT,MDP_PRIMITIVE_ACTION,MDP|RIGHT,0.0,0.0,0.0,0,0.0,False,False,False,0.0,0
ORACLE_MDP,2,12,2,RIGHT,MDP_PRIMITIVE_ACTION,MDP|RIGHT,0.0,0.0,0.0,0,0.0,False,False,False,0.0,0
ORACLE_MDP,2,12,3,RIGHT,MDP_PRIMITIVE_ACTION,MDP|RIGHT,0.0,0.0,0.0,0,0.0,False,False,False,0.0,0
ORACLE_MDP,2,12,4,RIGHT,MDP_PRIMITIVE_ACTION,MDP|RIGHT,0.0,0.0,0.0,0,0.0,False,False,False,0.0,0
ORACLE_MDP,2,12,5,DOWN,MDP_PRIMITIVE_ACTION,MDP|DOWN,0.0,0.0,0.0,0,0.0,False,False,False,0.0,0
ORACLE_MDP,2,12,6,RIGHT,MDP_PRIMITIVE_ACTION,MDP|RIGHT,0.0,0.0,0.0,0,0.0,False,False,False,0.0,0
ORACLE_MDP,2,12,7,DOWN,MDP_PRIMITIVE_ACTION,MDP|DOWN,0.0,0.0,0.0,0,0.0,False,False,False,0.0,0
ORACLE_MDP,2,12,8,RIGHT,MDP_PRIMITIVE_ACTION,MDP|RIGHT,1.0,1.0,0.0,0,0.0,False,True,True,0.0,0
ORACLE_MDP,2,13,1,RIGHT,MDP_PRIMITIVE_ACTION,MDP|RIGHT,0.0,0.0,0.0,0,0.0,False,False,False,0.0,0
ORACLE_MDP,2,13,2,RIGHT,MDP_PRIMITIVE_ACTION,MDP|RIGHT,0.0,0.0,0.0,0,0.0,False,False,False,0.0,0
ORACLE_MDP,2,13,3,RIGHT,MDP_PRIMITIVE_ACTION,MDP|RIGHT,0.0,0.0,0.0,0,0.0,False,False,False,0.0,0
ORACLE_MDP,2,13,4,RIGHT,MDP_PRIMITIVE_ACTION,MDP|RIGHT,0.0,0.0,0.0,0,0.0,False,False,False,0.0,0
ORACLE_MDP,2,13,5,DOWN,MDP_PRIMITIVE_ACTION,MDP|DOWN,0.0,0.0,0.0,0,0.0,False,False,False,0.0,0
ORACLE_MDP,2,13,6,RIGHT,MDP_PRIMITIVE_ACTION,MDP|RIGHT,0.0,0.0,0.0,0,0.0,False,False,False,0.0,0
ORACLE_MDP,2,13,7,RIGHT,MDP_PRIMITIVE_ACTION,MDP|RIGHT,0.0,0.0,0.0,0,0.0,False,False,False,0.0,0
ORACLE_MDP,2,13,8,RIGHT,MDP_PRIMITIVE_ACTION,MDP|RIGHT,0.0,0.0,0.0,0,0.0,False,False,False,0.0,0
ORACLE_MDP,2,13,9,UP,MDP_PRIMITIVE_ACTION,MDP|UP,0.0,0.0,0.0,0,0.0,False,False,False,0.0,0
ORACLE_MDP,2,13,10,UP,MDP_PRIMITIVE_ACTION,MDP|UP,1.0,1.0,0.0,0,0.0,False,True,True,0.0,0
ORACLE_MDP,2,14,1,UP,MDP_PRIMITIVE_ACTION,MDP|UP,0.0,0.0,0.0,0,0.0,False,False,False,0.0,0
ORACLE_MDP,2,14,2,RIGHT,MDP_PRIMITIVE_ACTION,MDP|RIGHT,0.0,0.0,0.0,0,0.0,False,False,False,0.0,0
ORACLE_MDP,2,14,3,RIGHT,MDP_PRIMITIVE_ACTION,MDP|RIGHT,0.0,0.0,0.0,0,0.0,False,False,False,0.0,0
ORACLE_MDP,2,14,4,RIGHT,MDP_PRIMITIVE_ACTION,MDP|RIGHT,0.0,0.0,0.0,0,0.0,False,False,False,0.0,0
ORACLE_MDP,2,14,5,RIGHT,MDP_PRIMITIVE_ACTION,MDP|RIGHT,0.0,0.0,0.0,0,0.0,False,False,False,0.0,0
ORACLE_MDP,2,14,6,RIGHT,MDP_PRIMITIVE_ACTION,MDP|RIGHT,0.0,0.0,0.0,0,0.0,False,False,False,0.0,0
ORACLE_MDP,2,14,7,RIGHT,MDP_PRIMITIVE_ACTION,MDP|RIGHT,1.0,1.0,0.0,0,0.0,False,True,True,0.0,0
ORACLE_MDP,2,15,1,DOWN,MDP_PRIMITIVE_ACTION,MDP|DOWN,0.0,0.0,0.0,0,0.0,False,False,False,0.0,0
ORACLE_MDP,2,15,2,DOWN,MDP_PRIMITIVE_ACTION,MDP|DOWN,0.0,0.0,0.0,0,0.0,False,False,False,0.0,0
ORACLE_MDP,2,15,3,DOWN,MDP_PRIMITIVE_ACTION,MDP|DOWN,0.0,0.0,0.0,0,0.0,False,False,False,0.0,0
ORACLE_MDP,2,15,4,DOWN,MDP_PRIMITIVE_ACTION,MDP|DOWN,0.0,0.0,0.0,0,0.0,False,False,False,0.0,0
ORACLE_MDP,2,15,5,RIGHT,MDP_PRIMITIVE_ACTION,MDP|RIGHT,0.0,0.0,0.0,0,0.0,False,False,False,0.0,0
ORACLE_MDP,2,15,6,RIGHT,MDP_PRIMITIVE_ACTION,MDP|RIGHT,0.0,0.0,0.0,0,0.0,False,False,False,0.0,0
ORACLE_MDP,2,15,7,RIGHT,MDP_PRIMITIVE_ACTION,MDP|RIGHT,0.0,0.0,0.0,0,0.0,False,False,False,0.0,0
ORACLE_MDP,2,15,8,RIGHT,MDP_PRIMITIVE_ACTION,MDP|RIGHT,0.0,0.0,0.0,0,0.0,False,False,False,0.0,0
ORACLE_MDP,2,15,9,RIGHT,MDP_PRIMITIVE_ACTION,MDP|RIGHT,0.0,0.0,0.0,0,0.0,False,False,False,0.0,0
ORACLE_MDP,2,15,10,RIGHT,MDP_PRIMITIVE_ACTION,MDP|RIGHT,0.0,0.0,0.0,0,0.0,False,False,False,0.0,0
ORACLE_MDP,2,15,11,RIGHT,MDP_PRIMITIVE_ACTION,MDP|RIGHT,1.0,1.0,0.0,0,0.0,False,True,True,0.0,0
ORACLE_MDP,2,16,1,RIGHT,MDP_PRIMITIVE_ACTION,MDP|RIGHT,0.0,0.0,0.0,0,0.0,False,False,False,0.0,0
ORACLE_MDP,2,16,2,RIGHT,MDP_PRIMITIVE_ACTION,MDP|RIGHT,0.0,0.0,0.0,0,0.0,False,False,False,0.0,0
ORACLE_MDP,2,16,3,DOWN,MDP_PRIMITIVE_ACTION,MDP|DOWN,0.0,0.0,0.0,0,0.0,False,False,False,0.0,0
ORACLE_MDP,2,16,4,RIGHT,MDP_PRIMITIVE_ACTION,MDP|RIGHT,0.0,0.0,0.0,0,0.0,False,False,False,0.0,0
ORACLE_MDP,2,16,5,RIGHT,MDP_PRIMITIVE_ACTION,MDP|RIGHT,0.0,0.0,0.0,0,0.0,False,False,False,0.0,0
ORACLE_MDP,2,16,6,RIGHT,MDP_PRIMITIVE_ACTION,MDP|RIGHT,0.0,0.0,0.0,0,0.0,False,False,False,0.0,0
ORACLE_MDP,2,16,7,RIGHT,MDP_PRIMITIVE_ACTION,MDP|RIGHT,0.0,0.0,0.0,0,0.0,False,False,False,0.0,0
ORACLE_MDP,2,16,8,DOWN,MDP_PRIMITIVE_ACTION,MDP|DOWN,0.0,0.0,0.0,0,0.0,False,False,False,0.0,0
ORACLE_MDP,2,16,9,RIGHT,MDP_PRIMITIVE_ACTION,MDP|RIGHT,1.0,1.0,0.0,0,0.0,False,True,True,0.0,0
ORACLE_MDP,2,17,1,DOWN,MDP_PRIMITIVE_ACTION,MDP|DOWN,0.0,0.0,0.0,0,0.0,False,False,False,0.0,0
ORACLE_MDP,2,17,2,RIGHT,MDP_PRIMITIVE_ACTION,MDP|RIGHT,0.0,0.0,0.0,0,0.0,False,False,False,0.0,0
ORACLE_MDP,2,17,3,RIGHT,MDP_PRIMITIVE_ACTION,MDP|RIGHT,0.0,0.0,0.0,0,0.0,False,False,False,0.0,0
ORACLE_MDP,2,17,4,RIGHT,MDP_PRIMITIVE_ACTION,MDP|RIGHT,0.0,0.0,0.0,0,0.0,False,False,False,0.0,0
ORACLE_MDP,2,17,5,RIGHT,MDP_PRIMITIVE_ACTION,MDP|RIGHT,0.0,0.0,0.0,0,0.0,False,False,False,0.0,0
ORACLE_MDP,2,17,6,RIGHT,MDP_PRIMITIVE_ACTION,MDP|RIGHT,0.0,0.0,0.0,0,0.0,False,False,False,0.0,0
ORACLE_MDP,2,17,7,RIGHT,MDP_PRIMITIVE_ACTION,MDP|RIGHT,0.0,0.0,0.0,0,0.0,False,False,False,0.0,0
ORACLE_MDP,2,17,8,RIGHT,MDP_PRIMITIVE_ACTION,MDP|RIGHT,1.0,1.0,0.0,0,0.0,False,True,True,0.0,0
ORACLE_MDP,2,18,1,UP,MDP_PRIMITIVE_ACTION,MDP|UP,0.0,0.0,0.0,0,0.0,False,False,False,0.0,0
ORACLE_MDP,2,18,2,RIGHT,MDP_PRIMITIVE_ACTION,MDP|RIGHT,0.0,0.0,0.0,0,0.0,False,False,False,0.0,0
ORACLE_MDP,2,18,3,RIGHT,MDP_PRIMITIVE_ACTION,MDP|RIGHT,0.0,0.0,0.0,0,0.0,False,False,False,0.0,0
ORACLE_MDP,2,18,4,RIGHT,MDP_PRIMITIVE_ACTION,MDP|RIGHT,0.0,0.0,0.0,0,0.0,False,False,False,0.0,0
ORACLE_MDP,2,18,5,RIGHT,MDP_PRIMITIVE_ACTION,MDP|RIGHT,0.0,0.0,0.0,0,0.0,False,False,False,0.0,0
ORACLE_MDP,2,18,6,RIGHT,MDP_PRIMITIVE_ACTION,MDP|RIGHT,0.0,0.0,0.0,0,0.0,False,False,False,0.0,0
ORACLE_MDP,2,18,7,RIGHT,MDP_PRIMITIVE_ACTION,MDP|RIGHT,1.0,1.0,0.0,0,0.0,False,True,True,0.0,0
ORACLE_MDP,2,19,1,DOWN,MDP_PRIMITIVE_ACTION,MDP|DOWN,0.0,0.0,0.0,0,0.0,False,False,False,0.0,0
ORACLE_MDP,2,19,2,DOWN,MDP_PRIMITIVE_ACTION,MDP|DOWN,0.0,0.0,0.0,0,0.0,False,False,False,0.0,0
ORACLE_MDP,2,19,3,DOWN,MDP_PRIMITIVE_ACTION,MDP|DOWN,0.0,0.0,0.0,0,0.0,False,False,False,0.0,0
ORACLE_MDP,2,19,4,RIGHT,MDP_PRIMITIVE_ACTION,MDP|RIGHT,0.0,0.0,0.0,0,0.0,False,False,False,0.0,0
ORACLE_MDP,2,19,5,RIGHT,MDP_PRIMITIVE_ACTION,MDP|RIGHT,0.0,0.0,0.0,0,0.0,False,False,False,0.0,0
ORACLE_MDP,2,19,6,RIGHT,MDP_PRIMITIVE_ACTION,MDP|RIGHT,0.0,0.0,0.0,0,0.0,False,False,False,0.0,0
ORACLE_MDP,2,19,7,RIGHT,MDP_PRIMITIVE_ACTION,MDP|RIGHT,0.0,0.0,0.0,0,0.0,False,False,False,0.0,0
ORACLE_MDP,2,19,8,RIGHT,MDP_PRIMITIVE_ACTION,MDP|RIGHT,0.0,0.0,0.0,0,0.0,False,False,False,0.0,0
ORACLE_MDP,2,19,9,RIGHT,MDP_PRIMITIVE_ACTION,MDP|RIGHT,1.0,1.0,0.0,0,0.0,False,True,True,0.0,0
ORACLE_MDP,2,20,1,DOWN,MDP_PRIMITIVE_ACTION,MDP|DOWN,0.0,0.0,0.0,0,0.0,False,False,False,0.0,0
ORACLE_MDP,2,20,2,RIGHT,MDP_PRIMITIVE_ACTION,MDP|RIGHT,0.0,0.0,0.0,0,0.0,False,False,False,0.0,0
ORACLE_MDP,2,20,3,RIGHT,MDP_PRIMITIVE_ACTION,MDP|RIGHT,0.0,0.0,0.0,0,0.0,False,False,False,0.0,0
ORACLE_MDP,2,20,4,DOWN,MDP_PRIMITIVE_ACTION,MDP|DOWN,0.0,0.0,0.0,0,0.0,False,False,False,0.0,0
ORACLE_MDP,2,20,5,RIGHT,MDP_PRIMITIVE_ACTION,MDP|RIGHT,0.0,0.0,0.0,0,0.0,False,False,False,0.0,0
ORACLE_MDP,2,20,6,RIGHT,MDP_PRIMITIVE_ACTION,MDP|RIGHT,0.0,0.0,0.0,0,0.0,False,False,False,0.0,0
ORACLE_MDP,2,20,7,RIGHT,MDP_PRIMITIVE_ACTION,MDP|RIGHT,0.0,0.0,0.0,0,0.0,False,False,False,0.0,0
ORACLE_MDP,2,20,8,DOWN,MDP_PRIMITIVE_ACTION,MDP|DOWN,0.0,0.0,0.0,0,0.0,False,False,False,0.0,0
ORACLE_MDP,2,20,9,RIGHT,MDP_PRIMITIVE_ACTION,MDP|RIGHT,0.0,0.0,0.0,0,0.0,False,False,False,0.0,0
ORACLE_MDP,2,20,10,RIGHT,MDP_PRIMITIVE_ACTION,MDP|RIGHT,0.0,0.0,0.0,0,0.0,False,False,False,0.0,0
ORACLE_MDP,2,20,11,UP,MDP_PRIMITIVE_ACTION,MDP|UP,0.0,0.0,0.0,0,0.0,False,False,False,0.0,0
ORACLE_MDP,2,20,12,UP,MDP_PRIMITIVE_ACTION,MDP|UP,1.0,1.0,0.0,0,0.0,False,True,True,0.0,0
ORACLE_MDP,2,21,1,RIGHT,MDP_PRIMITIVE_ACTION,MDP|RIGHT,0.0,0.0,0.0,0,0.0,False,False,False,0.0,0
ORACLE_MDP,2,21,2,RIGHT,MDP_PRIMITIVE_ACTION,MDP|RIGHT,0.0,0.0,0.0,0,0.0,False,False,False,0.0,0
ORACLE_MDP,2,21,3,DOWN,MDP_PRIMITIVE_ACTION,MDP|DOWN,0.0,0.0,0.0,0,0.0,False,False,False,0.0,0
ORACLE_MDP,2,21,4,DOWN,MDP_PRIMITIVE_ACTION,MDP|DOWN,0.0,0.0,0.0,0,0.0,False,False,False,0.0,0
ORACLE_MDP,2,21,5,RIGHT,MDP_PRIMITIVE_ACTION,MDP|RIGHT,0.0,0.0,0.0,0,0.0,False,False,False,0.0,0
ORACLE_MDP,2,21,6,RIGHT,MDP_PRIMITIVE_ACTION,MDP|RIGHT,0.0,0.0,0.0,0,0.0,False,False,False,0.0,0
ORACLE_MDP,2,21,7,RIGHT,MDP_PRIMITIVE_ACTION,MDP|RIGHT,0.0,0.0,0.0,0,0.0,False,False,False,0.0,0
ORACLE_MDP,2,21,8,RIGHT,MDP_PRIMITIVE_ACTION,MDP|RIGHT,0.0,0.0,0.0,0,0.0,False,False,False,0.0,0
ORACLE_MDP,2,21,9,DOWN,MDP_PRIMITIVE_ACTION,MDP|DOWN,0.0,0.0,0.0,0,0.0,False,False,False,0.0,0
ORACLE_MDP,2,21,10,RIGHT,MDP_PRIMITIVE_ACTION,MDP|RIGHT,1.0,1.0,0.0,0,0.0,False,True,True,0.0,0
ORACLE_MDP,2,22,1,DOWN,MDP_PRIMITIVE_ACTION,MDP|DOWN,0.0,0.0,0.0,0,0.0,False,False,False,0.0,0
ORACLE_MDP,2,22,2,RIGHT,MDP_PRIMITIVE_ACTION,MDP|RIGHT,0.0,0.0,0.0,0,0.0,False,False,False,0.0,0
ORACLE_MDP,2,22,3,DOWN,MDP_PRIMITIVE_ACTION,MDP|DOWN,0.0,0.0,0.0,0,0.0,False,False,False,0.0,0
ORACLE_MDP,2,22,4,DOWN,MDP_PRIMITIVE_ACTION,MDP|DOWN,0.0,0.0,0.0,0,0.0,False,False,False,0.0,0
ORACLE_MDP,2,22,5,RIGHT,MDP_PRIMITIVE_ACTION,MDP|RIGHT,0.0,0.0,0.0,0,0.0,False,False,False,0.0,0
ORACLE_MDP,2,22,6,RIGHT,MDP_PRIMITIVE_ACTION,MDP|RIGHT,0.0,0.0,0.0,0,0.0,False,False,False,0.0,0
ORACLE_MDP,2,22,7,RIGHT,MDP_PRIMITIVE_ACTION,MDP|RIGHT,1.0,1.0,0.0,0,0.0,False,True,True,0.0,0
ORACLE_MDP,2,23,1,DOWN,MDP_PRIMITIVE_ACTION,MDP|DOWN,0.0,0.0,0.0,0,0.0,False,False,False,0.0,0
ORACLE_MDP,2,23,2,RIGHT,MDP_PRIMITIVE_ACTION,MDP|RIGHT,0.0,0.0,0.0,0,0.0,False,False,False,0.0,0
ORACLE_MDP,2,23,3,DOWN,MDP_PRIMITIVE_ACTION,MDP|DOWN,0.0,0.0,0.0,0,0.0,False,False,False,0.0,0
ORACLE_MDP,2,23,4,DOWN,MDP_PRIMITIVE_ACTION,MDP|DOWN,0.0,0.0,0.0,0,0.0,False,False,False,0.0,0
ORACLE_MDP,2,23,5,RIGHT,MDP_PRIMITIVE_ACTION,MDP|RIGHT,0.0,0.0,0.0,0,0.0,False,False,False,0.0,0
ORACLE_MDP,2,23,6,RIGHT,MDP_PRIMITIVE_ACTION,MDP|RIGHT,0.0,0.0,0.0,0,0.0,False,False,False,0.0,0
ORACLE_MDP,2,23,7,RIGHT,MDP_PRIMITIVE_ACTION,MDP|RIGHT,0.0,0.0,0.0,0,0.0,False,False,False,0.0,0
ORACLE_MDP,2,23,8,"OPEN (6, 4)",MDP_PRIMITIVE_ACTION,"MDP|OPEN (6, 4)",0.0,0.0,0.0,0,0.0,False,False,False,0.0,0
ORACLE_MDP,2,23,9,RIGHT,MDP_PRIMITIVE_ACTION,MDP|RIGHT,0.0,0.0,0.0,0,0.0,False,False,False,0.0,0
ORACLE_MDP,2,23,10,RIGHT,MDP_PRIMITIVE_ACTION,MDP|RIGHT,1.0,1.0,0.0,0,0.0,False,True,True,0.0,0
ORACLE_MDP,2,24,1,UP,MDP_PRIMITIVE_ACTION,MDP|UP,0.0,0.0,0.0,0,0.0,False,False,False,0.0,0
ORACLE_MDP,2,24,2,RIGHT,MDP_PRIMITIVE_ACTION,MDP|RIGHT,0.0,0.0,0.0,0,0.0,False,False,False,0.0,0
ORACLE_MDP,2,24,3,RIGHT,MDP_PRIMITIVE_ACTION,MDP|RIGHT,0.0,0.0,0.0,0,0.0,False,False,False,0.0,0
ORACLE_MDP,2,24,4,RIGHT,MDP_PRIMITIVE_ACTION,MDP|RIGHT,0.0,0.0,0.0,0,0.0,False,False,False,0.0,0
ORACLE_MDP,2,24,5,RIGHT,MDP_PRIMITIVE_ACTION,MDP|RIGHT,0.0,0.0,0.0,0,0.0,False,False,False,0.0,0
ORACLE_MDP,2,24,6,RIGHT,MDP_PRIMITIVE_ACTION,MDP|RIGHT,0.0,0.0,0.0,0,0.0,False,False,False,0.0,0
ORACLE_MDP,2,24,7,RIGHT,MDP_PRIMITIVE_ACTION,MDP|RIGHT,1.0,1.0,0.0,0,0.0,False,True,True,0.0,0
ORACLE_MDP,2,25,1,DOWN,MDP_PRIMITIVE_ACTION,MDP|DOWN,0.0,0.0,0.0,0,0.0,False,False,False,0.0,0
ORACLE_MDP,2,25,2,DOWN,MDP_PRIMITIVE_ACTION,MDP|DOWN,0.0,0.0,0.0,0,0.0,False,False,False,0.0,0
ORACLE_MDP,2,25,3,DOWN,MDP_PRIMITIVE_ACTION,MDP|DOWN,0.0,0.0,0.0,0,0.0,False,False,False,0.0,0
ORACLE_MDP,2,25,4,RIGHT,MDP_PRIMITIVE_ACTION,MDP|RIGHT,0.0,0.0,0.0,0,0.0,False,False,False,0.0,0
ORACLE_MDP,2,25,5,RIGHT,MDP_PRIMITIVE_ACTION,MDP|RIGHT,0.0,0.0,0.0,0,0.0,False,False,False,0.0,0
ORACLE_MDP,2,25,6,RIGHT,MDP_PRIMITIVE_ACTION,MDP|RIGHT,0.0,0.0,0.0,0,0.0,False,False,False,0.0,0
ORACLE_MDP,2,25,7,RIGHT,MDP_PRIMITIVE_ACTION,MDP|RIGHT,1.0,1.0,0.0,0,0.0,False,True,True,0.0,0
ORACLE_MDP,2,26,1,RIGHT,MDP_PRIMITIVE_ACTION,MDP|RIGHT,0.0,0.0,0.0,0,0.0,False,False,False,0.0,0
ORACLE_MDP,2,26,2,RIGHT,MDP_PRIMITIVE_ACTION,MDP|RIGHT,0.0,0.0,0.0,0,0.0,False,False,False,0.0,0
ORACLE_MDP,2,26,3,RIGHT,MDP_PRIMITIVE_ACTION,MDP|RIGHT,0.0,0.0,0.0,0,0.0,False,False,False,0.0,0
ORACLE_MDP,2,26,4,UP,MDP_PRIMITIVE_ACTION,MDP|UP,0.0,0.0,0.0,0,0.0,False,False,False,0.0,0
ORACLE_MDP,2,26,5,RIGHT,MDP_PRIMITIVE_ACTION,MDP|RIGHT,0.0,0.0,0.0,0,0.0,False,False,False,0.0,0
ORACLE_MDP,2,26,6,RIGHT,MDP_PRIMITIVE_ACTION,MDP|RIGHT,0.0,0.0,0.0,0,0.0,False,False,False,0.0,0
ORACLE_MDP,2,26,7,RIGHT,MDP_PRIMITIVE_ACTION,MDP|RIGHT,1.0,1.0,0.0,0,0.0,False,True,True,0.0,0
ORACLE_MDP,2,27,1,RIGHT,MDP_PRIMITIVE_ACTION,MDP|RIGHT,0.0,0.0,0.0,0,0.0,False,False,False,0.0,0
ORACLE_MDP,2,27,2,RIGHT,MDP_PRIMITIVE_ACTION,MDP|RIGHT,0.0,0.0,0.0,0,0.0,False,False,False,0.0,0
ORACLE_MDP,2,27,3,RIGHT,MDP_PRIMITIVE_ACTION,MDP|RIGHT,0.0,0.0,0.0,0,0.0,False,False,False,0.0,0
ORACLE_MDP,2,27,4,DOWN,MDP_PRIMITIVE_ACTION,MDP|DOWN,0.0,0.0,0.0,0,0.0,False,False,False,0.0,0
ORACLE_MDP,2,27,5,RIGHT,MDP_PRIMITIVE_ACTION,MDP|RIGHT,0.0,0.0,0.0,0,0.0,False,False,False,0.0,0
ORACLE_MDP,2,27,6,RIGHT,MDP_PRIMITIVE_ACTION,MDP|RIGHT,0.0,0.0,0.0,0,0.0,False,False,False,0.0,0
ORACLE_MDP,2,27,7,DOWN,MDP_PRIMITIVE_ACTION,MDP|DOWN,0.0,0.0,0.0,0,0.0,False,False,False,0.0,0
ORACLE_MDP,2,27,8,DOWN,MDP_PRIMITIVE_ACTION,MDP|DOWN,0.0,0.0,0.0,0,0.0,False,False,False,0.0,0
ORACLE_MDP,2,27,9,RIGHT,MDP_PRIMITIVE_ACTION,MDP|RIGHT,1.0,1.0,0.0,0,0.0,False,True,True,0.0,0
ORACLE_MDP,2,28,1,DOWN,MDP_PRIMITIVE_ACTION,MDP|DOWN,0.0,0.0,0.0,0,0.0,False,False,False,0.0,0
ORACLE_MDP,2,28,2,DOWN,MDP_PRIMITIVE_ACTION,MDP|DOWN,0.0,0.0,0.0,0,0.0,False,False,False,0.0,0
ORACLE_MDP,2,28,3,RIGHT,MDP_PRIMITIVE_ACTION,MDP|RIGHT,0.0,0.0,0.0,0,0.0,False,False,False,0.0,0
ORACLE_MDP,2,28,4,RIGHT,MDP_PRIMITIVE_ACTION,MDP|RIGHT,0.0,0.0,0.0,0,0.0,False,False,False,0.0,0
ORACLE_MDP,2,28,5,RIGHT,MDP_PRIMITIVE_ACTION,MDP|RIGHT,0.0,0.0,0.0,0,0.0,False,False,False,0.0,0
ORACLE_MDP,2,28,6,RIGHT,MDP_PRIMITIVE_ACTION,MDP|RIGHT,0.0,0.0,0.0,0,0.0,False,False,False,0.0,0
ORACLE_MDP,2,28,7,RIGHT,MDP_PRIMITIVE_ACTION,MDP|RIGHT,0.0,0.0,0.0,0,0.0,False,False,False,0.0,0
ORACLE_MDP,2,28,8,DOWN,MDP_PRIMITIVE_ACTION,MDP|DOWN,0.0,0.0,0.0,0,0.0,False,False,False,0.0,0
ORACLE_MDP,2,28,9,RIGHT,MDP_PRIMITIVE_ACTION,MDP|RIGHT,1.0,1.0,0.0,0,0.0,False,True,True,0.0,0
ORACLE_MDP,2,29,1,DOWN,MDP_PRIMITIVE_ACTION,MDP|DOWN,0.0,0.0,0.0,0,0.0,False,False,False,0.0,0
ORACLE_MDP,2,29,2,DOWN,MDP_PRIMITIVE_ACTION,MDP|DOWN,0.0,0.0,0.0,0,0.0,False,False,False,0.0,0
ORACLE_MDP,2,29,3,RIGHT,MDP_PRIMITIVE_ACTION,MDP|RIGHT,0.0,0.0,0.0,0,0.0,False,False,False,0.0,0
ORACLE_MDP,2,29,4,RIGHT,MDP_PRIMITIVE_ACTION,MDP|RIGHT,0.0,0.0,0.0,0,0.0,False,False,False,0.0,0
ORACLE_MDP,2,29,5,RIGHT,MDP_PRIMITIVE_ACTION,MDP|RIGHT,0.0,0.0,0.0,0,0.0,False,False,False,0.0,0
ORACLE_MDP,2,29,6,UP,MDP_PRIMITIVE_ACTION,MDP|UP,0.0,0.0,0.0,0,0.0,False,False,False,0.0,0
ORACLE_MDP,2,29,7,RIGHT,MDP_PRIMITIVE_ACTION,MDP|RIGHT,0.0,0.0,0.0,0,0.0,False,False,False,0.0,0
ORACLE_MDP,2,29,8,RIGHT,MDP_PRIMITIVE_ACTION,MDP|RIGHT,0.0,0.0,0.0,0,0.0,False,False,False,0.0,0
ORACLE_MDP,2,29,9,RIGHT,MDP_PRIMITIVE_ACTION,MDP|RIGHT,0.0,0.0,0.0,0,0.0,False,False,False,0.0,0
ORACLE_MDP,2,29,10,"OPEN (8, 2)",MDP_PRIMITIVE_ACTION,"MDP|OPEN (8, 2)",0.0,0.0,0.0,0,0.0,False,False,False,0.0,0
ORACLE_MDP,2,29,11,RIGHT,MDP_PRIMITIVE_ACTION,MDP|RIGHT,0.0,0.0,0.0,0,0.0,False,False,False,0.0,0
ORACLE_MDP,2,29,12,DOWN,MDP_PRIMITIVE_ACTION,MDP|DOWN,0.0,0.0,0.0,0,0.0,False,False,False,0.0,0
ORACLE_MDP,2,29,13,DOWN,MDP_PRIMITIVE_ACTION,MDP|DOWN,0.0,0.0,0.0,0,0.0,False,False,False,0.0,0
ORACLE_MDP,2,29,14,LEFT,MDP_PRIMITIVE_ACTION,MDP|LEFT,0.0,0.0,0.0,0,0.0,False,False,False,0.0,0
ORACLE_MDP,2,29,15,DOWN,MDP_PRIMITIVE_ACTION,MDP|DOWN,1.0,1.0,0.0,0,0.0,False,True,True,0.0,0
ORACLE_MDP,3,0,1,DOWN,MDP_PRIMITIVE_ACTION,MDP|DOWN,0.0,0.0,0.0,0,0.0,False,False,False,0.0,0
ORACLE_MDP,3,0,2,DOWN,MDP_PRIMITIVE_ACTION,MDP|DOWN,0.0,0.0,0.0,0,0.0,False,False,False,0.0,0
ORACLE_MDP,3,0,3,DOWN,MDP_PRIMITIVE_ACTION,MDP|DOWN,0.0,0.0,0.0,0,0.0,False,False,False,0.0,0
ORACLE_MDP,3,0,4,DOWN,MDP_PRIMITIVE_ACTION,MDP|DOWN,0.0,0.0,0.0,0,0.0,False,False,False,0.0,0
ORACLE_MDP,3,0,5,RIGHT,MDP_PRIMITIVE_ACTION,MDP|RIGHT,0.0,0.0,0.0,0,0.0,False,False,False,0.0,0
ORACLE_MDP,3,0,6,RIGHT,MDP_PRIMITIVE_ACTION,MDP|RIGHT,0.0,0.0,0.0,0,0.0,False,False,False,0.0,0
ORACLE_MDP,3,0,7,UP,MDP_PRIMITIVE_ACTION,MDP|UP,0.0,0.0,0.0,0,0.0,False,False,False,0.0,0
ORACLE_MDP,3,0,8,RIGHT,MDP_PRIMITIVE_ACTION,MDP|RIGHT,0.0,0.0,0.0,0,0.0,False,False,False,0.0,0
ORACLE_MDP,3,0,9,"OPEN (5, 4)",MDP_PRIMITIVE_ACTION,"MDP|OPEN (5, 4)",0.0,0.0,0.0,0,0.0,False,False,False,0.0,0
ORACLE_MDP,3,0,10,RIGHT,MDP_PRIMITIVE_ACTION,MDP|RIGHT,0.0,0.0,0.0,0,0.0,False,False,False,0.0,0
ORACLE_MDP,3,0,11,UP,MDP_PRIMITIVE_ACTION,MDP|UP,0.0,0.0,0.0,0,0.0,False,False,False,0.0,0
ORACLE_MDP,3,0,12,RIGHT,MDP_PRIMITIVE_ACTION,MDP|RIGHT,0.0,0.0,0.0,0,0.0,False,False,False,0.0,0
ORACLE_MDP,3,0,13,RIGHT,MDP_PRIMITIVE_ACTION,MDP|RIGHT,0.0,0.0,0.0,0,0.0,False,False,False,0.0,0
ORACLE_MDP,3,0,14,UP,MDP_PRIMITIVE_ACTION,MDP|UP,0.0,0.0,0.0,0,0.0,False,False,False,0.0,0
ORACLE_MDP,3,0,15,UP,MDP_PRIMITIVE_ACTION,MDP|UP,0.0,0.0,0.0,0,0.0,False,False,False,0.0,0
ORACLE_MDP,3,0,16,UP,MDP_PRIMITIVE_ACTION,MDP|UP,1.0,1.0,0.0,0,0.0,False,True,True,0.0,0
ORACLE_MDP,3,1,1,DOWN,MDP_PRIMITIVE_ACTION,MDP|DOWN,0.0,0.0,0.0,0,0.0,False,False,False,0.0,0
ORACLE_MDP,3,1,2,DOWN,MDP_PRIMITIVE_ACTION,MDP|DOWN,0.0,0.0,0.0,0,0.0,False,False,False,0.0,0
ORACLE_MDP,3,1,3,DOWN,MDP_PRIMITIVE_ACTION,MDP|DOWN,0.0,0.0,0.0,0,0.0,False,False,False,0.0,0
ORACLE_MDP,3,1,4,RIGHT,MDP_PRIMITIVE_ACTION,MDP|RIGHT,0.0,0.0,0.0,0,0.0,False,False,False,0.0,0
ORACLE_MDP,3,1,5,RIGHT,MDP_PRIMITIVE_ACTION,MDP|RIGHT,0.0,0.0,0.0,0,0.0,False,False,False,0.0,0
ORACLE_MDP,3,1,6,RIGHT,MDP_PRIMITIVE_ACTION,MDP|RIGHT,0.0,0.0,0.0,0,0.0,False,False,False,0.0,0
ORACLE_MDP,3,1,7,RIGHT,MDP_PRIMITIVE_ACTION,MDP|RIGHT,0.0,0.0,0.0,0,0.0,False,False,False,0.0,0
ORACLE_MDP,3,1,8,RIGHT,MDP_PRIMITIVE_ACTION,MDP|RIGHT,1.0,1.0,0.0,0,0.0,False,True,True,0.0,0
ORACLE_MDP,3,2,1,DOWN,MDP_PRIMITIVE_ACTION,MDP|DOWN,0.0,0.0,0.0,0,0.0,False,False,False,0.0,0
ORACLE_MDP,3,2,2,DOWN,MDP_PRIMITIVE_ACTION,MDP|DOWN,0.0,0.0,0.0,0,0.0,False,False,False,0.0,0
ORACLE_MDP,3,2,3,DOWN,MDP_PRIMITIVE_ACTION,MDP|DOWN,0.0,0.0,0.0,0,0.0,False,False,False,0.0,0
ORACLE_MDP,3,2,4,RIGHT,MDP_PRIMITIVE_ACTION,MDP|RIGHT,0.0,0.0,0.0,0,0.0,False,False,False,0.0,0
ORACLE_MDP,3,2,5,RIGHT,MDP_PRIMITIVE_ACTION,MDP|RIGHT,0.0,0.0,0.0,0,0.0,False,False,False,0.0,0
ORACLE_MDP,3,2,6,DOWN,MDP_PRIMITIVE_ACTION,MDP|DOWN,0.0,0.0,0.0,0,0.0,False,False,False,0.0,0
ORACLE_MDP,3,2,7,RIGHT,MDP_PRIMITIVE_ACTION,MDP|RIGHT,0.0,0.0,0.0,0,0.0,False,False,False,0.0,0
ORACLE_MDP,3,2,8,RIGHT,MDP_PRIMITIVE_ACTION,MDP|RIGHT,1.0,1.0,0.0,0,0.0,False,True,True,0.0,0
ORACLE_MDP,3,3,1,DOWN,MDP_PRIMITIVE_ACTION,MDP|DOWN,0.0,0.0,0.0,0,0.0,False,False,False,0.0,0
ORACLE_MDP,3,3,2,DOWN,MDP_PRIMITIVE_ACTION,MDP|DOWN,0.0,0.0,0.0,0,0.0,False,False,False,0.0,0
ORACLE_MDP,3,3,3,RIGHT,MDP_PRIMITIVE_ACTION,MDP|RIGHT,0.0,0.0,0.0,0,0.0,False,False,False,0.0,0
ORACLE_MDP,3,3,4,RIGHT,MDP_PRIMITIVE_ACTION,MDP|RIGHT,0.0,0.0,0.0,0,0.0,False,False,False,0.0,0
ORACLE_MDP,3,3,5,RIGHT,MDP_PRIMITIVE_ACTION,MDP|RIGHT,0.0,0.0,0.0,0,0.0,False,False,False,0.0,0
ORACLE_MDP,3,3,6,DOWN,MDP_PRIMITIVE_ACTION,MDP|DOWN,0.0,0.0,0.0,0,0.0,False,False,False,0.0,0
ORACLE_MDP,3,3,7,RIGHT,MDP_PRIMITIVE_ACTION,MDP|RIGHT,0.0,0.0,0.0,0,0.0,False,False,False,0.0,0
ORACLE_MDP,3,3,8,RIGHT,MDP_PRIMITIVE_ACTION,MDP|RIGHT,0.0,0.0,0.0,0,0.0,False,False,False,0.0,0
ORACLE_MDP,3,3,9,RIGHT,MDP_PRIMITIVE_ACTION,MDP|RIGHT,0.0,0.0,0.0,0,0.0,False,False,False,0.0,0
ORACLE_MDP,3,3,10,RIGHT,MDP_PRIMITIVE_ACTION,MDP|RIGHT,0.0,0.0,0.0,0,0.0,False,False,False,0.0,0
ORACLE_MDP,3,3,11,UP,MDP_PRIMITIVE_ACTION,MDP|UP,1.0,1.0,0.0,0,0.0,False,True,True,0.0,0
ORACLE_MDP,3,4,1,DOWN,MDP_PRIMITIVE_ACTION,MDP|DOWN,0.0,0.0,0.0,0,0.0,False,False,False,0.0,0
ORACLE_MDP,3,4,2,DOWN,MDP_PRIMITIVE_ACTION,MDP|DOWN,0.0,0.0,0.0,0,0.0,False,False,False,0.0,0
ORACLE_MDP,3,4,3,RIGHT,MDP_PRIMITIVE_ACTION,MDP|RIGHT,0.0,0.0,0.0,0,0.0,False,False,False,0.0,0
ORACLE_MDP,3,4,4,RIGHT,MDP_PRIMITIVE_ACTION,MDP|RIGHT,0.0,0.0,0.0,0,0.0,False,False,False,0.0,0
ORACLE_MDP,3,4,5,DOWN,MDP_PRIMITIVE_ACTION,MDP|DOWN,0.0,0.0,0.0,0,0.0,False,False,False,0.0,0
ORACLE_MDP,3,4,6,RIGHT,MDP_PRIMITIVE_ACTION,MDP|RIGHT,0.0,0.0,0.0,0,0.0,False,False,False,0.0,0
ORACLE_MDP,3,4,7,RIGHT,MDP_PRIMITIVE_ACTION,MDP|RIGHT,0.0,0.0,0.0,0,0.0,False,False,False,0.0,0
ORACLE_MDP,3,4,8,RIGHT,MDP_PRIMITIVE_ACTION,MDP|RIGHT,0.0,0.0,0.0,0,0.0,False,False,False,0.0,0
ORACLE_MDP,3,4,9,RIGHT,MDP_PRIMITIVE_ACTION,MDP|RIGHT,0.0,0.0,0.0,0,0.0,False,False,False,0.0,0
ORACLE_MDP,3,4,10,UP,MDP_PRIMITIVE_ACTION,MDP|UP,1.0,1.0,0.0,0,0.0,False,True,True,0.0,0
ORACLE_MDP,3,5,1,RIGHT,MDP_PRIMITIVE_ACTION,MDP|RIGHT,0.0,0.0,0.0,0,0.0,False,False,False,0.0,0
ORACLE_MDP,3,5,2,RIGHT,MDP_PRIMITIVE_ACTION,MDP|RIGHT,0.0,0.0,0.0,0,0.0,False,False,False,0.0,0
ORACLE_MDP,3,5,3,RIGHT,MDP_PRIMITIVE_ACTION,MDP|RIGHT,0.0,0.0,0.0,0,0.0,False,False,False,0.0,0
ORACLE_MDP,3,5,4,RIGHT,MDP_PRIMITIVE_ACTION,MDP|RIGHT,0.0,0.0,0.0,0,0.0,False,False,False,0.0,0
ORACLE_MDP,3,5,5,RIGHT,MDP_PRIMITIVE_ACTION,MDP|RIGHT,0.0,0.0,0.0,0,0.0,False,False,False,0.0,0
ORACLE_MDP,3,5,6,RIGHT,MDP_PRIMITIVE_ACTION,MDP|RIGHT,0.0,0.0,0.0,0,0.0,False,False,False,0.0,0
ORACLE_MDP,3,5,7,RIGHT,MDP_PRIMITIVE_ACTION,MDP|RIGHT,1.0,1.0,0.0,0,0.0,False,True,True,0.0,0
ORACLE_MDP,3,6,1,DOWN,MDP_PRIMITIVE_ACTION,MDP|DOWN,0.0,0.0,0.0,0,0.0,False,False,False,0.0,0
ORACLE_MDP,3,6,2,RIGHT,MDP_PRIMITIVE_ACTION,MDP|RIGHT,0.0,0.0,0.0,0,0.0,False,False,False,0.0,0
ORACLE_MDP,3,6,3,RIGHT,MDP_PRIMITIVE_ACTION,MDP|RIGHT,0.0,0.0,0.0,0,0.0,False,False,False,0.0,0
ORACLE_MDP,3,6,4,RIGHT,MDP_PRIMITIVE_ACTION,MDP|RIGHT,0.0,0.0,0.0,0,0.0,False,False,False,0.0,0
ORACLE_MDP,3,6,5,UP,MDP_PRIMITIVE_ACTION,MDP|UP,0.0,0.0,0.0,0,0.0,False,False,False,0.0,0
ORACLE_MDP,3,6,6,RIGHT,MDP_PRIMITIVE_ACTION,MDP|RIGHT,0.0,0.0,0.0,0,0.0,False,False,False,0.0,0
ORACLE_MDP,3,6,7,RIGHT,MDP_PRIMITIVE_ACTION,MDP|RIGHT,0.0,0.0,0.0,0,0.0,False,False,False,0.0,0
ORACLE_MDP,3,6,8,RIGHT,MDP_PRIMITIVE_ACTION,MDP|RIGHT,0.0,0.0,0.0,0,0.0,False,False,False,0.0,0
ORACLE_MDP,3,6,9,DOWN,MDP_PRIMITIVE_ACTION,MDP|DOWN,0.0,0.0,0.0,0,0.0,False,False,False,0.0,0
ORACLE_MDP,3,6,10,RIGHT,MDP_PRIMITIVE_ACTION,MDP|RIGHT,0.0,0.0,0.0,0,0.0,False,False,False,0.0,0
ORACLE_MDP,3,6,11,DOWN,MDP_PRIMITIVE_ACTION,MDP|DOWN,0.0,0.0,0.0,0,0.0,False,False,False,0.0,0
ORACLE_MDP,3,6,12,DOWN,MDP_PRIMITIVE_ACTION,MDP|DOWN,0.0,0.0,0.0,0,0.0,False,False,False,0.0,0
ORACLE_MDP,3,6,13,LEFT,MDP_PRIMITIVE_ACTION,MDP|LEFT,1.0,1.0,0.0,0,0.0,False,True,True,0.0,0
ORACLE_MDP,3,7,1,DOWN,MDP_PRIMITIVE_ACTION,MDP|DOWN,0.0,0.0,0.0,0,0.0,False,False,False,0.0,0
ORACLE_MDP,3,7,2,RIGHT,MDP_PRIMITIVE_ACTION,MDP|RIGHT,0.0,0.0,0.0,0,0.0,False,False,False,0.0,0
ORACLE_MDP,3,7,3,RIGHT,MDP_PRIMITIVE_ACTION,MDP|RIGHT,0.0,0.0,0.0,0,0.0,False,False,False,0.0,0
ORACLE_MDP,3,7,4,RIGHT,MDP_PRIMITIVE_ACTION,MDP|RIGHT,0.0,0.0,0.0,0,0.0,False,False,False,0.0,0
ORACLE_MDP,3,7,5,RIGHT,MDP_PRIMITIVE_ACTION,MDP|RIGHT,0.0,0.0,0.0,0,0.0,False,False,False,0.0,0
ORACLE_MDP,3,7,6,DOWN,MDP_PRIMITIVE_ACTION,MDP|DOWN,0.0,0.0,0.0,0,0.0,False,False,False,0.0,0
ORACLE_MDP,3,7,7,RIGHT,MDP_PRIMITIVE_ACTION,MDP|RIGHT,1.0,1.0,0.0,0,0.0,False,True,True,0.0,0
ORACLE_MDP,3,8,1,DOWN,MDP_PRIMITIVE_ACTION,MDP|DOWN,0.0,0.0,0.0,0,0.0,False,False,False,0.0,0
ORACLE_MDP,3,8,2,RIGHT,MDP_PRIMITIVE_ACTION,MDP|RIGHT,0.0,0.0,0.0,0,0.0,False,False,False,0.0,0
ORACLE_MDP,3,8,3,RIGHT,MDP_PRIMITIVE_ACTION,MDP|RIGHT,0.0,0.0,0.0,0,0.0,False,False,False,0.0,0
ORACLE_MDP,3,8,4,RIGHT,MDP_PRIMITIVE_ACTION,MDP|RIGHT,0.0,0.0,0.0,0,0.0,False,False,False,0.0,0
ORACLE_MDP,3,8,5,RIGHT,MDP_PRIMITIVE_ACTION,MDP|RIGHT,0.0,0.0,0.0,0,0.0,False,False,False,0.0,0
ORACLE_MDP,3,8,6,DOWN,MDP_PRIMITIVE_ACTION,MDP|DOWN,0.0,0.0,0.0,0,0.0,False,False,False,0.0,0
ORACLE_MDP,3,8,7,DOWN,MDP_PRIMITIVE_ACTION,MDP|DOWN,0.0,0.0,0.0,0,0.0,False,False,False,0.0,0
ORACLE_MDP,3,8,8,RIGHT,MDP_PRIMITIVE_ACTION,MDP|RIGHT,1.0,1.0,0.0,0,0.0,False,True,True,0.0,0
ORACLE_MDP,3,9,1,RIGHT,MDP_PRIMITIVE_ACTION,MDP|RIGHT,0.0,0.0,0.0,0,0.0,False,False,False,0.0,0
ORACLE_MDP,3,9,2,RIGHT,MDP_PRIMITIVE_ACTION,MDP|RIGHT,0.0,0.0,0.0,0,0.0,False,False,False,0.0,0
ORACLE_MDP,3,9,3,RIGHT,MDP_PRIMITIVE_ACTION,MDP|RIGHT,0.0,0.0,0.0,0,0.0,False,False,False,0.0,0
ORACLE_MDP,3,9,4,DOWN,MDP_PRIMITIVE_ACTION,MDP|DOWN,0.0,0.0,0.0,0,0.0,False,False,False,0.0,0
ORACLE_MDP,3,9,5,DOWN,MDP_PRIMITIVE_ACTION,MDP|DOWN,0.0,0.0,0.0,0,0.0,False,False,False,0.0,0
ORACLE_MDP,3,9,6,DOWN,MDP_PRIMITIVE_ACTION,MDP|DOWN,0.0,0.0,0.0,0,0.0,False,False,False,0.0,0
ORACLE_MDP,3,9,7,DOWN,MDP_PRIMITIVE_ACTION,MDP|DOWN,0.0,0.0,0.0,0,0.0,False,False,False,0.0,0
ORACLE_MDP,3,9,8,RIGHT,MDP_PRIMITIVE_ACTION,MDP|RIGHT,1.0,1.0,0.0,0,0.0,False,True,True,0.0,0
ORACLE_MDP,3,10,1,DOWN,MDP_PRIMITIVE_ACTION,MDP|DOWN,0.0,0.0,0.0,0,0.0,False,False,False,0.0,0
ORACLE_MDP,3,10,2,RIGHT,MDP_PRIMITIVE_ACTION,MDP|RIGHT,0.0,0.0,0.0,0,0.0,False,False,False,0.0,0
ORACLE_MDP,3,10,3,RIGHT,MDP_PRIMITIVE_ACTION,MDP|RIGHT,0.0,0.0,0.0,0,0.0,False,False,False,0.0,0
ORACLE_MDP,3,10,4,RIGHT,MDP_PRIMITIVE_ACTION,MDP|RIGHT,0.0,0.0,0.0,0,0.0,False,False,False,0.0,0
ORACLE_MDP,3,10,5,DOWN,MDP_PRIMITIVE_ACTION,MDP|DOWN,0.0,0.0,0.0,0,0.0,False,False,False,0.0,0
ORACLE_MDP,3,10,6,DOWN,MDP_PRIMITIVE_ACTION,MDP|DOWN,0.0,0.0,0.0,0,0.0,False,False,False,0.0,0
ORACLE_MDP,3,10,7,RIGHT,MDP_PRIMITIVE_ACTION,MDP|RIGHT,0.0,0.0,0.0,0,0.0,False,False,False,0.0,0
ORACLE_MDP,3,10,8,RIGHT,MDP_PRIMITIVE_ACTION,MDP|RIGHT,0.0,0.0,0.0,0,0.0,False,False,False,0.0,0
ORACLE_MDP,3,10,9,"OPEN (7, 4)",MDP_PRIMITIVE_ACTION,"MDP|OPEN (7, 4)",0.0,0.0,0.0,0,0.0,False,False,False,0.0,0
ORACLE_MDP,3,10,10,RIGHT,MDP_PRIMITIVE_ACTION,MDP|RIGHT,0.0,0.0,0.0,0,0.0,False,False,False,0.0,0
ORACLE_MDP,3,10,11,UP,MDP_PRIMITIVE_ACTION,MDP|UP,0.0,0.0,0.0,0,0.0,False,False,False,0.0,0
ORACLE_MDP,3,10,12,RIGHT,MDP_PRIMITIVE_ACTION,MDP|RIGHT,0.0,0.0,0.0,0,0.0,False,False,False,0.0,0
ORACLE_MDP,3,10,13,UP,MDP_PRIMITIVE_ACTION,MDP|UP,0.0,0.0,0.0,0,0.0,False,False,False,0.0,0
ORACLE_MDP,3,10,14,UP,MDP_PRIMITIVE_ACTION,MDP|UP,1.0,1.0,0.0,0,0.0,False,True,True,0.0,0
ORACLE_MDP,3,11,1,DOWN,MDP_PRIMITIVE_ACTION,MDP|DOWN,0.0,0.0,0.0,0,0.0,False,False,False,0.0,0
ORACLE_MDP,3,11,2,RIGHT,MDP_PRIMITIVE_ACTION,MDP|RIGHT,0.0,0.0,0.0,0,0.0,False,False,False,0.0,0
ORACLE_MDP,3,11,3,RIGHT,MDP_PRIMITIVE_ACTION,MDP|RIGHT,0.0,0.0,0.0,0,0.0,False,False,False,0.0,0
ORACLE_MDP,3,11,4,DOWN,MDP_PRIMITIVE_ACTION,MDP|DOWN,0.0,0.0,0.0,0,0.0,False,False,False,0.0,0
ORACLE_MDP,3,11,5,DOWN,MDP_PRIMITIVE_ACTION,MDP|DOWN,0.0,0.0,0.0,0,0.0,False,False,False,0.0,0
ORACLE_MDP,3,11,6,DOWN,MDP_PRIMITIVE_ACTION,MDP|DOWN,0.0,0.0,0.0,0,0.0,False,False,False,0.0,0
ORACLE_MDP,3,11,7,RIGHT,MDP_PRIMITIVE_ACTION,MDP|RIGHT,0.0,0.0,0.0,0,0.0,False,False,False,0.0,0
ORACLE_MDP,3,11,8,RIGHT,MDP_PRIMITIVE_ACTION,MDP|RIGHT,0.0,0.0,0.0,0,0.0,False,False,False,0.0,0
ORACLE_MDP,3,11,9,RIGHT,MDP_PRIMITIVE_ACTION,MDP|RIGHT,0.0,0.0,0.0,0,0.0,False,False,False,0.0,0
ORACLE_MDP,3,11,10,UP,MDP_PRIMITIVE_ACTION,MDP|UP,0.0,0.0,0.0,0,0.0,False,False,False,0.0,0
ORACLE_MDP,3,11,11,UP,MDP_PRIMITIVE_ACTION,MDP|UP,0.0,0.0,0.0,0,0.0,False,False,False,0.0,0
ORACLE_MDP,3,11,12,RIGHT,MDP_PRIMITIVE_ACTION,MDP|RIGHT,0.0,0.0,0.0,0,0.0,False,False,False,0.0,0
ORACLE_MDP,3,11,13,UP,MDP_PRIMITIVE_ACTION,MDP|UP,0.0,0.0,0.0,0,0.0,False,False,False,0.0,0
ORACLE_MDP,3,11,14,UP,MDP_PRIMITIVE_ACTION,MDP|UP,0.0,0.0,0.0,0,0.0,False,False,False,0.0,0
ORACLE_MDP,3,11,15,RIGHT,MDP_PRIMITIVE_ACTION,MDP|RIGHT,0.0,0.0,0.0,0,0.0,False,False,False,0.0,0
ORACLE_MDP,3,11,16,UP,MDP_PRIMITIVE_ACTION,MDP|UP,1.0,1.0,0.0,0,0.0,False,True,True,0.0,0
ORACLE_MDP,3,12,1,DOWN,MDP_PRIMITIVE_ACTION,MDP|DOWN,0.0,0.0,0.0,0,0.0,False,False,False,0.0,0
ORACLE_MDP,3,12,2,RIGHT,MDP_PRIMITIVE_ACTION,MDP|RIGHT,0.0,0.0,0.0,0,0.0,False,False,False,0.0,0
ORACLE_MDP,3,12,3,RIGHT,MDP_PRIMITIVE_ACTION,MDP|RIGHT,0.0,0.0,0.0,0,0.0,False,False,False,0.0,0
ORACLE_MDP,3,12,4,RIGHT,MDP_PRIMITIVE_ACTION,MDP|RIGHT,0.0,0.0,0.0,0,0.0,False,False,False,0.0,0
ORACLE_MDP,3,12,5,RIGHT,MDP_PRIMITIVE_ACTION,MDP|RIGHT,0.0,0.0,0.0,0,0.0,False,False,False,0.0,0
ORACLE_MDP,3,12,6,RIGHT,MDP_PRIMITIVE_ACTION,MDP|RIGHT,0.0,0.0,0.0,0,0.0,False,False,False,0.0,0
ORACLE_MDP,3,12,7,RIGHT,MDP_PRIMITIVE_ACTION,MDP|RIGHT,0.0,0.0,0.0,0,0.0,False,False,False,0.0,0
ORACLE_MDP,3,12,8,RIGHT,MDP_PRIMITIVE_ACTION,MDP|RIGHT,1.0,1.0,0.0,0,0.0,False,True,True,0.0,0
ORACLE_MDP,3,13,1,DOWN,MDP_PRIMITIVE_ACTION,MDP|DOWN,0.0,0.0,0.0,0,0.0,False,False,False,0.0,0
ORACLE_MDP,3,13,2,DOWN,MDP_PRIMITIVE_ACTION,MDP|DOWN,0.0,0.0,0.0,0,0.0,False,False,False,0.0,0
ORACLE_MDP,3,13,3,RIGHT,MDP_PRIMITIVE_ACTION,MDP|RIGHT,0.0,0.0,0.0,0,0.0,False,False,False,0.0,0
ORACLE_MDP,3,13,4,RIGHT,MDP_PRIMITIVE_ACTION,MDP|RIGHT,0.0,0.0,0.0,0,0.0,False,False,False,0.0,0
ORACLE_MDP,3,13,5,"OPEN (4, 3)",MDP_PRIMITIVE_ACTION,"MDP|OPEN (4, 3)",0.0,0.0,0.0,0,0.0,False,False,False,0.0,0
ORACLE_MDP,3,13,6,RIGHT,MDP_PRIMITIVE_ACTION,MDP|RIGHT,0.0,0.0,0.0,0,0.0,False,False,False,0.0,0
ORACLE_MDP,3,13,7,RIGHT,MDP_PRIMITIVE_ACTION,MDP|RIGHT,0.0,0.0,0.0,0,0.0,False,False,False,0.0,0
ORACLE_MDP,3,13,8,RIGHT,MDP_PRIMITIVE_ACTION,MDP|RIGHT,0.0,0.0,0.0,0,0.0,False,False,False,0.0,0
ORACLE_MDP,3,13,9,UP,MDP_PRIMITIVE_ACTION,MDP|UP,0.0,0.0,0.0,0,0.0,False,False,False,0.0,0
ORACLE_MDP,3,13,10,UP,MDP_PRIMITIVE_ACTION,MDP|UP,0.0,0.0,0.0,0,0.0,False,False,False,0.0,0
ORACLE_MDP,3,13,11,UP,MDP_PRIMITIVE_ACTION,MDP|UP,0.0,0.0,0.0,0,0.0,False,False,False,0.0,0
ORACLE_MDP,3,13,12,RIGHT,MDP_PRIMITIVE_ACTION,MDP|RIGHT,0.0,0.0,0.0,0,0.0,False,False,False,0.0,0
ORACLE_MDP,3,13,13,RIGHT,MDP_PRIMITIVE_ACTION,MDP|RIGHT,1.0,1.0,0.0,0,0.0,False,True,True,0.0,0
ORACLE_MDP,3,14,1,DOWN,MDP_PRIMITIVE_ACTION,MDP|DOWN,0.0,0.0,0.0,0,0.0,False,False,False,0.0,0
ORACLE_MDP,3,14,2,RIGHT,MDP_PRIMITIVE_ACTION,MDP|RIGHT,0.0,0.0,0.0,0,0.0,False,False,False,0.0,0
ORACLE_MDP,3,14,3,RIGHT,MDP_PRIMITIVE_ACTION,MDP|RIGHT,0.0,0.0,0.0,0,0.0,False,False,False,0.0,0
ORACLE_MDP,3,14,4,DOWN,MDP_PRIMITIVE_ACTION,MDP|DOWN,0.0,0.0,0.0,0,0.0,False,False,False,0.0,0
ORACLE_MDP,3,14,5,DOWN,MDP_PRIMITIVE_ACTION,MDP|DOWN,0.0,0.0,0.0,0,0.0,False,False,False,0.0,0
ORACLE_MDP,3,14,6,RIGHT,MDP_PRIMITIVE_ACTION,MDP|RIGHT,0.0,0.0,0.0,0,0.0,False,False,False,0.0,0
ORACLE_MDP,3,14,7,RIGHT,MDP_PRIMITIVE_ACTION,MDP|RIGHT,1.0,1.0,0.0,0,0.0,False,True,True,0.0,0
ORACLE_MDP,3,15,1,DOWN,MDP_PRIMITIVE_ACTION,MDP|DOWN,0.0,0.0,0.0,0,0.0,False,False,False,0.0,0
ORACLE_MDP,3,15,2,DOWN,MDP_PRIMITIVE_ACTION,MDP|DOWN,0.0,0.0,0.0,0,0.0,False,False,False,0.0,0
ORACLE_MDP,3,15,3,RIGHT,MDP_PRIMITIVE_ACTION,MDP|RIGHT,0.0,0.0,0.0,0,0.0,False,False,False,0.0,0
ORACLE_MDP,3,15,4,RIGHT,MDP_PRIMITIVE_ACTION,MDP|RIGHT,0.0,0.0,0.0,0,0.0,False,False,False,0.0,0
ORACLE_MDP,3,15,5,RIGHT,MDP_PRIMITIVE_ACTION,MDP|RIGHT,0.0,0.0,0.0,0,0.0,False,False,False,0.0,0
ORACLE_MDP,3,15,6,RIGHT,MDP_PRIMITIVE_ACTION,MDP|RIGHT,0.0,0.0,0.0,0,0.0,False,False,False,0.0,0
ORACLE_MDP,3,15,7,RIGHT,MDP_PRIMITIVE_ACTION,MDP|RIGHT,0.0,0.0,0.0,0,0.0,False,False,False,0.0,0
ORACLE_MDP,3,15,8,UP,MDP_PRIMITIVE_ACTION,MDP|UP,0.0,0.0,0.0,0,0.0,False,False,False,0.0,0
ORACLE_MDP,3,15,9,UP,MDP_PRIMITIVE_ACTION,MDP|UP,0.0,0.0,0.0,0,0.0,False,False,False,0.0,0
ORACLE_MDP,3,15,10,UP,MDP_PRIMITIVE_ACTION,MDP|UP,0.0,0.0,0.0,0,0.0,False,False,False,0.0,0
ORACLE_MDP,3,15,11,RIGHT,MDP_PRIMITIVE_ACTION,MDP|RIGHT,1.0,1.0,0.0,0,0.0,False,True,True,0.0,0
ORACLE_MDP,3,16,1,DOWN,MDP_PRIMITIVE_ACTION,MDP|DOWN,0.0,0.0,0.0,0,0.0,False,False,False,0.0,0
ORACLE_MDP,3,16,2,DOWN,MDP_PRIMITIVE_ACTION,MDP|DOWN,0.0,0.0,0.0,0,0.0,False,False,False,0.0,0
ORACLE_MDP,3,16,3,DOWN,MDP_PRIMITIVE_ACTION,MDP|DOWN,0.0,0.0,0.0,0,0.0,False,False,False,0.0,0
ORACLE_MDP,3,16,4,RIGHT,MDP_PRIMITIVE_ACTION,MDP|RIGHT,0.0,0.0,0.0,0,0.0,False,False,False,0.0,0
ORACLE_MDP,3,16,5,RIGHT,MDP_PRIMITIVE_ACTION,MDP|RIGHT,0.0,0.0,0.0,0,0.0,False,False,False,0.0,0
ORACLE_MDP,3,16,6,RIGHT,MDP_PRIMITIVE_ACTION,MDP|RIGHT,0.0,0.0,0.0,0,0.0,False,False,False,0.0,0
ORACLE_MDP,3,16,7,RIGHT,MDP_PRIMITIVE_ACTION,MDP|RIGHT,1.0,1.0,0.0,0,0.0,False,True,True,0.0,0
ORACLE_MDP,3,17,1,UP,MDP_PRIMITIVE_ACTION,MDP|UP,0.0,0.0,0.0,0,0.0,False,False,False,0.0,0
ORACLE_MDP,3,17,2,RIGHT,MDP_PRIMITIVE_ACTION,MDP|RIGHT,0.0,0.0,0.0,0,0.0,False,False,False,0.0,0
ORACLE_MDP,3,17,3,RIGHT,MDP_PRIMITIVE_ACTION,MDP|RIGHT,0.0,0.0,0.0,0,0.0,False,False,False,0.0,0
ORACLE_MDP,3,17,4,RIGHT,MDP_PRIMITIVE_ACTION,MDP|RIGHT,0.0,0.0,0.0,0,0.0,False,False,False,0.0,0
ORACLE_MDP,3,17,5,DOWN,MDP_PRIMITIVE_ACTION,MDP|DOWN,0.0,0.0,0.0,0,0.0,False,False,False,0.0,0
ORACLE_MDP,3,17,6,RIGHT,MDP_PRIMITIVE_ACTION,MDP|RIGHT,0.0,0.0,0.0,0,0.0,False,False,False,0.0,0
ORACLE_MDP,3,17,7,RIGHT,MDP_PRIMITIVE_ACTION,MDP|RIGHT,0.0,0.0,0.0,0,0.0,False,False,False,0.0,0
ORACLE_MDP,3,17,8,RIGHT,MDP_PRIMITIVE_ACTION,MDP|RIGHT,0.0,0.0,0.0,0,0.0,False,False,False,0.0,0
ORACLE_MDP,3,17,9,RIGHT,MDP_PRIMITIVE_ACTION,MDP|RIGHT,1.0,1.0,0.0,0,0.0,False,True,True,0.0,0
ORACLE_MDP,3,18,1,DOWN,MDP_PRIMITIVE_ACTION,MDP|DOWN,0.0,0.0,0.0,0,0.0,False,False,False,0.0,0
ORACLE_MDP,3,18,2,DOWN,MDP_PRIMITIVE_ACTION,MDP|DOWN,0.0,0.0,0.0,0,0.0,False,False,False,0.0,0
ORACLE_MDP,3,18,3,DOWN,MDP_PRIMITIVE_ACTION,MDP|DOWN,0.0,0.0,0.0,0,0.0,False,False,False,0.0,0
ORACLE_MDP,3,18,4,RIGHT,MDP_PRIMITIVE_ACTION,MDP|RIGHT,0.0,0.0,0.0,0,0.0,False,False,False,0.0,0
ORACLE_MDP,3,18,5,DOWN,MDP_PRIMITIVE_ACTION,MDP|DOWN,0.0,0.0,0.0,0,0.0,False,False,False,0.0,0
ORACLE_MDP,3,18,6,RIGHT,MDP_PRIMITIVE_ACTION,MDP|RIGHT,0.0,0.0,0.0,0,0.0,False,False,False,0.0,0
ORACLE_MDP,3,18,7,RIGHT,MDP_PRIMITIVE_ACTION,MDP|RIGHT,0.0,0.0,0.0,0,0.0,False,False,False,0.0,0
ORACLE_MDP,3,18,8,RIGHT,MDP_PRIMITIVE_ACTION,MDP|RIGHT,0.0,0.0,0.0,0,0.0,False,False,False,0.0,0
ORACLE_MDP,3,18,9,RIGHT,MDP_PRIMITIVE_ACTION,MDP|RIGHT,0.0,0.0,0.0,0,0.0,False,False,False,0.0,0
ORACLE_MDP,3,18,10,RIGHT,MDP_PRIMITIVE_ACTION,MDP|RIGHT,0.0,0.0,0.0,0,0.0,False,False,False,0.0,0
ORACLE_MDP,3,18,11,RIGHT,MDP_PRIMITIVE_ACTION,MDP|RIGHT,1.0,1.0,0.0,0,0.0,False,True,True,0.0,0
ORACLE_MDP,3,19,1,DOWN,MDP_PRIMITIVE_ACTION,MDP|DOWN,0.0,0.0,0.0,0,0.0,False,False,False,0.0,0
ORACLE_MDP,3,19,2,DOWN,MDP_PRIMITIVE_ACTION,MDP|DOWN,0.0,0.0,0.0,0,0.0,False,False,False,0.0,0
ORACLE_MDP,3,19,3,RIGHT,MDP_PRIMITIVE_ACTION,MDP|RIGHT,0.0,0.0,0.0,0,0.0,False,False,False,0.0,0
ORACLE_MDP,3,19,4,RIGHT,MDP_PRIMITIVE_ACTION,MDP|RIGHT,0.0,0.0,0.0,0,0.0,False,False,False,0.0,0
ORACLE_MDP,3,19,5,RIGHT,MDP_PRIMITIVE_ACTION,MDP|RIGHT,0.0,0.0,0.0,0,0.0,False,False,False,0.0,0
ORACLE_MDP,3,19,6,RIGHT,MDP_PRIMITIVE_ACTION,MDP|RIGHT,0.0,0.0,0.0,0,0.0,False,False,False,0.0,0
ORACLE_MDP,3,19,7,RIGHT,MDP_PRIMITIVE_ACTION,MDP|RIGHT,0.0,0.0,0.0,0,0.0,False,False,False,0.0,0
ORACLE_MDP,3,19,8,RIGHT,MDP_PRIMITIVE_ACTION,MDP|RIGHT,0.0,0.0,0.0,0,0.0,False,False,False,0.0,0
ORACLE_MDP,3,19,9,DOWN,MDP_PRIMITIVE_ACTION,MDP|DOWN,1.0,1.0,0.0,0,0.0,False,True,True,0.0,0
ORACLE_MDP,3,20,1,DOWN,MDP_PRIMITIVE_ACTION,MDP|DOWN,0.0,0.0,0.0,0,0.0,False,False,False,0.0,0
ORACLE_MDP,3,20,2,DOWN,MDP_PRIMITIVE_ACTION,MDP|DOWN,0.0,0.0,0.0,0,0.0,False,False,False,0.0,0
ORACLE_MDP,3,20,3,DOWN,MDP_PRIMITIVE_ACTION,MDP|DOWN,0.0,0.0,0.0,0,0.0,False,False,False,0.0,0
ORACLE_MDP,3,20,4,RIGHT,MDP_PRIMITIVE_ACTION,MDP|RIGHT,0.0,0.0,0.0,0,0.0,False,False,False,0.0,0
ORACLE_MDP,3,20,5,RIGHT,MDP_PRIMITIVE_ACTION,MDP|RIGHT,0.0,0.0,0.0,0,0.0,False,False,False,0.0,0
ORACLE_MDP,3,20,6,RIGHT,MDP_PRIMITIVE_ACTION,MDP|RIGHT,0.0,0.0,0.0,0,0.0,False,False,False,0.0,0
ORACLE_MDP,3,20,7,RIGHT,MDP_PRIMITIVE_ACTION,MDP|RIGHT,0.0,0.0,0.0,0,0.0,False,False,False,0.0,0
ORACLE_MDP,3,20,8,RIGHT,MDP_PRIMITIVE_ACTION,MDP|RIGHT,0.0,0.0,0.0,0,0.0,False,False,False,0.0,0
ORACLE_MDP,3,20,9,RIGHT,MDP_PRIMITIVE_ACTION,MDP|RIGHT,1.0,1.0,0.0,0,0.0,False,True,True,0.0,0
ORACLE_MDP,3,21,1,RIGHT,MDP_PRIMITIVE_ACTION,MDP|RIGHT,0.0,0.0,0.0,0,0.0,False,False,False,0.0,0
ORACLE_MDP,3,21,2,RIGHT,MDP_PRIMITIVE_ACTION,MDP|RIGHT,0.0,0.0,0.0,0,0.0,False,False,False,0.0,0
ORACLE_MDP,3,21,3,DOWN,MDP_PRIMITIVE_ACTION,MDP|DOWN,0.0,0.0,0.0,0,0.0,False,False,False,0.0,0
ORACLE_MDP,3,21,4,DOWN,MDP_PRIMITIVE_ACTION,MDP|DOWN,0.0,0.0,0.0,0,0.0,False,False,False,0.0,0
ORACLE_MDP,3,21,5,RIGHT,MDP_PRIMITIVE_ACTION,MDP|RIGHT,0.0,0.0,0.0,0,0.0,False,False,False,0.0,0
ORACLE_MDP,3,21,6,RIGHT,MDP_PRIMITIVE_ACTION,MDP|RIGHT,0.0,0.0,0.0,0,0.0,False,False,False,0.0,0
ORACLE_MDP,3,21,7,RIGHT,MDP_PRIMITIVE_ACTION,MDP|RIGHT,0.0,0.0,0.0,0,0.0,False,False,False,0.0,0
ORACLE_MDP,3,21,8,UP,MDP_PRIMITIVE_ACTION,MDP|UP,0.0,0.0,0.0,0,0.0,False,False,False,0.0,0
ORACLE_MDP,3,21,9,UP,MDP_PRIMITIVE_ACTION,MDP|UP,0.0,0.0,0.0,0,0.0,False,False,False,0.0,0
ORACLE_MDP,3,21,10,UP,MDP_PRIMITIVE_ACTION,MDP|UP,0.0,0.0,0.0,0,0.0,False,False,False,0.0,0
ORACLE_MDP,3,21,11,RIGHT,MDP_PRIMITIVE_ACTION,MDP|RIGHT,1.0,1.0,0.0,0,0.0,False,True,True,0.0,0
ORACLE_MDP,3,22,1,DOWN,MDP_PRIMITIVE_ACTION,MDP|DOWN,0.0,0.0,0.0,0,0.0,False,False,False,0.0,0
ORACLE_MDP,3,22,2,DOWN,MDP_PRIMITIVE_ACTION,MDP|DOWN,0.0,0.0,0.0,0,0.0,False,False,False,0.0,0
ORACLE_MDP,3,22,3,RIGHT,MDP_PRIMITIVE_ACTION,MDP|RIGHT,0.0,0.0,0.0,0,0.0,False,False,False,0.0,0
ORACLE_MDP,3,22,4,DOWN,MDP_PRIMITIVE_ACTION,MDP|DOWN,0.0,0.0,0.0,0,0.0,False,False,False,0.0,0
ORACLE_MDP,3,22,5,RIGHT,MDP_PRIMITIVE_ACTION,MDP|RIGHT,0.0,0.0,0.0,0,0.0,False,False,False,0.0,0
ORACLE_MDP,3,22,6,RIGHT,MDP_PRIMITIVE_ACTION,MDP|RIGHT,0.0,0.0,0.0,0,0.0,False,False,False,0.0,0
ORACLE_MDP,3,22,7,RIGHT,MDP_PRIMITIVE_ACTION,MDP|RIGHT,1.0,1.0,0.0,0,0.0,False,True,True,0.0,0
ORACLE_MDP,3,23,1,UP,MDP_PRIMITIVE_ACTION,MDP|UP,0.0,0.0,0.0,0,0.0,False,False,False,0.0,0
ORACLE_MDP,3,23,2,RIGHT,MDP_PRIMITIVE_ACTION,MDP|RIGHT,0.0,0.0,0.0,0,0.0,False,False,False,0.0,0
ORACLE_MDP,3,23,3,RIGHT,MDP_PRIMITIVE_ACTION,MDP|RIGHT,0.0,0.0,0.0,0,0.0,False,False,False,0.0,0
ORACLE_MDP,3,23,4,RIGHT,MDP_PRIMITIVE_ACTION,MDP|RIGHT,0.0,0.0,0.0,0,0.0,False,False,False,0.0,0
ORACLE_MDP,3,23,5,RIGHT,MDP_PRIMITIVE_ACTION,MDP|RIGHT,0.0,0.0,0.0,0,0.0,False,False,False,0.0,0
ORACLE_MDP,3,23,6,RIGHT,MDP_PRIMITIVE_ACTION,MDP|RIGHT,0.0,0.0,0.0,0,0.0,False,False,False,0.0,0
ORACLE_MDP,3,23,7,RIGHT,MDP_PRIMITIVE_ACTION,MDP|RIGHT,0.0,0.0,0.0,0,0.0,False,False,False,0.0,0
ORACLE_MDP,3,23,8,RIGHT,MDP_PRIMITIVE_ACTION,MDP|RIGHT,1.0,1.0,0.0,0,0.0,False,True,True,0.0,0
ORACLE_MDP,3,24,1,DOWN,MDP_PRIMITIVE_ACTION,MDP|DOWN,0.0,0.0,0.0,0,0.0,False,False,False,0.0,0
ORACLE_MDP,3,24,2,DOWN,MDP_PRIMITIVE_ACTION,MDP|DOWN,0.0,0.0,0.0,0,0.0,False,False,False,0.0,0
ORACLE_MDP,3,24,3,LEFT,MDP_PRIMITIVE_ACTION,MDP|LEFT,0.0,0.0,0.0,0,0.0,False,False,False,0.0,0
ORACLE_MDP,3,24,4,DOWN,MDP_PRIMITIVE_ACTION,MDP|DOWN,0.0,0.0,0.0,0,0.0,False,False,False,0.0,0
ORACLE_MDP,3,24,5,DOWN,MDP_PRIMITIVE_ACTION,MDP|DOWN,0.0,0.0,0.0,0,0.0,False,False,False,0.0,0
ORACLE_MDP,3,24,6,RIGHT,MDP_PRIMITIVE_ACTION,MDP|RIGHT,0.0,0.0,0.0,0,0.0,False,False,False,0.0,0
ORACLE_MDP,3,24,7,RIGHT,MDP_PRIMITIVE_ACTION,MDP|RIGHT,0.0,0.0,0.0,0,0.0,False,False,False,0.0,0
ORACLE_MDP,3,24,8,RIGHT,MDP_PRIMITIVE_ACTION,MDP|RIGHT,0.0,0.0,0.0,0,0.0,False,False,False,0.0,0
ORACLE_MDP,3,24,9,RIGHT,MDP_PRIMITIVE_ACTION,MDP|RIGHT,1.0,1.0,0.0,0,0.0,False,True,True,0.0,0
ORACLE_MDP,3,25,1,RIGHT,MDP_PRIMITIVE_ACTION,MDP|RIGHT,0.0,0.0,0.0,0,0.0,False,False,False,0.0,0
ORACLE_MDP,3,25,2,RIGHT,MDP_PRIMITIVE_ACTION,MDP|RIGHT,0.0,0.0,0.0,0,0.0,False,False,False,0.0,0
ORACLE_MDP,3,25,3,RIGHT,MDP_PRIMITIVE_ACTION,MDP|RIGHT,0.0,0.0,0.0,0,0.0,False,False,False,0.0,0
ORACLE_MDP,3,25,4,DOWN,MDP_PRIMITIVE_ACTION,MDP|DOWN,0.0,0.0,0.0,0,0.0,False,False,False,0.0,0
ORACLE_MDP,3,25,5,RIGHT,MDP_PRIMITIVE_ACTION,MDP|RIGHT,0.0,0.0,0.0,0,0.0,False,False,False,0.0,0
ORACLE_MDP,3,25,6,DOWN,MDP_PRIMITIVE_ACTION,MDP|DOWN,0.0,0.0,0.0,0,0.0,False,False,False,0.0,0
ORACLE_MDP,3,25,7,RIGHT,MDP_PRIMITIVE_ACTION,MDP|RIGHT,0.0,0.0,0.0,0,0.0,False,False,False,0.0,0
ORACLE_MDP,3,25,8,DOWN,MDP_PRIMITIVE_ACTION,MDP|DOWN,0.0,0.0,0.0,0,0.0,False,False,False,0.0,0
ORACLE_MDP,3,25,9,DOWN,MDP_PRIMITIVE_ACTION,MDP|DOWN,0.0,0.0,0.0,0,0.0,False,False,False,0.0,0
ORACLE_MDP,3,25,10,RIGHT,MDP_PRIMITIVE_ACTION,MDP|RIGHT,1.0,1.0,0.0,0,0.0,False,True,True,0.0,0
ORACLE_MDP,3,26,1,UP,MDP_PRIMITIVE_ACTION,MDP|UP,0.0,0.0,0.0,0,0.0,False,False,False,0.0,0
ORACLE_MDP,3,26,2,RIGHT,MDP_PRIMITIVE_ACTION,MDP|RIGHT,0.0,0.0,0.0,0,0.0,False,False,False,0.0,0
ORACLE_MDP,3,26,3,RIGHT,MDP_PRIMITIVE_ACTION,MDP|RIGHT,0.0,0.0,0.0,0,0.0,False,False,False,0.0,0
ORACLE_MDP,3,26,4,RIGHT,MDP_PRIMITIVE_ACTION,MDP|RIGHT,0.0,0.0,0.0,0,0.0,False,False,False,0.0,0
ORACLE_MDP,3,26,5,RIGHT,MDP_PRIMITIVE_ACTION,MDP|RIGHT,0.0,0.0,0.0,0,0.0,False,False,False,0.0,0
ORACLE_MDP,3,26,6,DOWN,MDP_PRIMITIVE_ACTION,MDP|DOWN,0.0,0.0,0.0,0,0.0,False,False,False,0.0,0
ORACLE_MDP,3,26,7,DOWN,MDP_PRIMITIVE_ACTION,MDP|DOWN,0.0,0.0,0.0,0,0.0,False,False,False,0.0,0
ORACLE_MDP,3,26,8,RIGHT,MDP_PRIMITIVE_ACTION,MDP|RIGHT,0.0,0.0,0.0,0,0.0,False,False,False,0.0,0
ORACLE_MDP,3,26,9,DOWN,MDP_PRIMITIVE_ACTION,MDP|DOWN,0.0,0.0,0.0,0,0.0,False,False,False,0.0,0
ORACLE_MDP,3,26,10,DOWN,MDP_PRIMITIVE_ACTION,MDP|DOWN,0.0,0.0,0.0,0,0.0,False,False,False,0.0,0
ORACLE_MDP,3,26,11,RIGHT,MDP_PRIMITIVE_ACTION,MDP|RIGHT,0.0,0.0,0.0,0,0.0,False,False,False,0.0,0
ORACLE_MDP,3,26,12,RIGHT,MDP_PRIMITIVE_ACTION,MDP|RIGHT,1.0,1.0,0.0,0,0.0,False,True,True,0.0,0
ORACLE_MDP,3,27,1,UP,MDP_PRIMITIVE_ACTION,MDP|UP,0.0,0.0,0.0,0,0.0,False,False,False,0.0,0
ORACLE_MDP,3,27,2,RIGHT,MDP_PRIMITIVE_ACTION,MDP|RIGHT,0.0,0.0,0.0,0,0.0,False,False,False,0.0,0
ORACLE_MDP,3,27,3,RIGHT,MDP_PRIMITIVE_ACTION,MDP|RIGHT,0.0,0.0,0.0,0,0.0,False,False,False,0.0,0
ORACLE_MDP,3,27,4,RIGHT,MDP_PRIMITIVE_ACTION,MDP|RIGHT,0.0,0.0,0.0,0,0.0,False,False,False,0.0,0
ORACLE_MDP,3,27,5,DOWN,MDP_PRIMITIVE_ACTION,MDP|DOWN,0.0,0.0,0.0,0,0.0,False,False,False,0.0,0
ORACLE_MDP,3,27,6,DOWN,MDP_PRIMITIVE_ACTION,MDP|DOWN,0.0,0.0,0.0,0,0.0,False,False,False,0.0,0
ORACLE_MDP,3,27,7,DOWN,MDP_PRIMITIVE_ACTION,MDP|DOWN,0.0,0.0,0.0,0,0.0,False,False,False,0.0,0
ORACLE_MDP,3,27,8,RIGHT,MDP_PRIMITIVE_ACTION,MDP|RIGHT,0.0,0.0,0.0,0,0.0,False,False,False,0.0,0
ORACLE_MDP,3,27,9,DOWN,MDP_PRIMITIVE_ACTION,MDP|DOWN,0.0,0.0,0.0,0,0.0,False,False,False,0.0,0
ORACLE_MDP,3,27,10,DOWN,MDP_PRIMITIVE_ACTION,MDP|DOWN,1.0,1.0,0.0,0,0.0,False,True,True,0.0,0
ORACLE_MDP,3,28,1,RIGHT,MDP_PRIMITIVE_ACTION,MDP|RIGHT,0.0,0.0,0.0,0,0.0,False,False,False,0.0,0
ORACLE_MDP,3,28,2,RIGHT,MDP_PRIMITIVE_ACTION,MDP|RIGHT,0.0,0.0,0.0,0,0.0,False,False,False,0.0,0
ORACLE_MDP,3,28,3,DOWN,MDP_PRIMITIVE_ACTION,MDP|DOWN,0.0,0.0,0.0,0,0.0,False,False,False,0.0,0
ORACLE_MDP,3,28,4,RIGHT,MDP_PRIMITIVE_ACTION,MDP|RIGHT,0.0,0.0,0.0,0,0.0,False,False,False,0.0,0
ORACLE_MDP,3,28,5,DOWN,MDP_PRIMITIVE_ACTION,MDP|DOWN,0.0,0.0,0.0,0,0.0,False,False,False,0.0,0
ORACLE_MDP,3,28,6,RIGHT,MDP_PRIMITIVE_ACTION,MDP|RIGHT,0.0,0.0,0.0,0,0.0,False,False,False,0.0,0
ORACLE_MDP,3,28,7,"OPEN (6, 3)",MDP_PRIMITIVE_ACTION,"MDP|OPEN (6, 3)",0.0,0.0,0.0,0,0.0,False,False,False,0.0,0
ORACLE_MDP,3,28,8,RIGHT,MDP_PRIMITIVE_ACTION,MDP|RIGHT,0.0,0.0,0.0,0,0.0,False,False,False,0.0,0
ORACLE_MDP,3,28,9,RIGHT,MDP_PRIMITIVE_ACTION,MDP|RIGHT,0.0,0.0,0.0,0,0.0,False,False,False,0.0,0
ORACLE_MDP,3,28,10,RIGHT,MDP_PRIMITIVE_ACTION,MDP|RIGHT,1.0,1.0,0.0,0,0.0,False,True,True,0.0,0
ORACLE_MDP,3,29,1,DOWN,MDP_PRIMITIVE_ACTION,MDP|DOWN,0.0,0.0,0.0,0,0.0,False,False,False,0.0,0
ORACLE_MDP,3,29,2,DOWN,MDP_PRIMITIVE_ACTION,MDP|DOWN,0.0,0.0,0.0,0,0.0,False,False,False,0.0,0
ORACLE_MDP,3,29,3,RIGHT,MDP_PRIMITIVE_ACTION,MDP|RIGHT,0.0,0.0,0.0,0,0.0,False,False,False,0.0,0
ORACLE_MDP,3,29,4,RIGHT,MDP_PRIMITIVE_ACTION,MDP|RIGHT,0.0,0.0,0.0,0,0.0,False,False,False,0.0,0
ORACLE_MDP,3,29,5,DOWN,MDP_PRIMITIVE_ACTION,MDP|DOWN,0.0,0.0,0.0,0,0.0,False,False,False,0.0,0
ORACLE_MDP,3,29,6,"OPEN (4, 4)",MDP_PRIMITIVE_ACTION,"MDP|OPEN (4, 4)",0.0,0.0,0.0,0,0.0,False,False,False,0.0,0
ORACLE_MDP,3,29,7,RIGHT,MDP_PRIMITIVE_ACTION,MDP|RIGHT,0.0,0.0,0.0,0,0.0,False,False,False,0.0,0
ORACLE_MDP,3,29,8,DOWN,MDP_PRIMITIVE_ACTION,MDP|DOWN,1.0,1.0,0.0,0,0.0,False,True,True,0.0,0
ORACLE_MDP,4,0,1,DOWN,MDP_PRIMITIVE_ACTION,MDP|DOWN,0.0,0.0,0.0,0,0.0,False,False,False,0.0,0
ORACLE_MDP,4,0,2,RIGHT,MDP_PRIMITIVE_ACTION,MDP|RIGHT,0.0,0.0,0.0,0,0.0,False,False,False,0.0,0
ORACLE_MDP,4,0,3,RIGHT,MDP_PRIMITIVE_ACTION,MDP|RIGHT,0.0,0.0,0.0,0,0.0,False,False,False,0.0,0
ORACLE_MDP,4,0,4,RIGHT,MDP_PRIMITIVE_ACTION,MDP|RIGHT,0.0,0.0,0.0,0,0.0,False,False,False,0.0,0
ORACLE_MDP,4,0,5,DOWN,MDP_PRIMITIVE_ACTION,MDP|DOWN,0.0,0.0,0.0,0,0.0,False,False,False,0.0,0
ORACLE_MDP,4,0,6,RIGHT,MDP_PRIMITIVE_ACTION,MDP|RIGHT,0.0,0.0,0.0,0,0.0,False,False,False,0.0,0
ORACLE_MDP,4,0,7,RIGHT,MDP_PRIMITIVE_ACTION,MDP|RIGHT,1.0,1.0,0.0,0,0.0,False,True,True,0.0,0
ORACLE_MDP,4,2,1,DOWN,MDP_PRIMITIVE_ACTION,MDP|DOWN,0.0,0.0,0.0,0,0.0,False,False,False,0.0,0
ORACLE_MDP,4,2,2,RIGHT,MDP_PRIMITIVE_ACTION,MDP|RIGHT,0.0,0.0,0.0,0,0.0,False,False,False,0.0,0
ORACLE_MDP,4,2,3,DOWN,MDP_PRIMITIVE_ACTION,MDP|DOWN,0.0,0.0,0.0,0,0.0,False,False,False,0.0,0
ORACLE_MDP,4,2,4,RIGHT,MDP_PRIMITIVE_ACTION,MDP|RIGHT,0.0,0.0,0.0,0,0.0,False,False,False,0.0,0
ORACLE_MDP,4,2,5,RIGHT,MDP_PRIMITIVE_ACTION,MDP|RIGHT,0.0,0.0,0.0,0,0.0,False,False,False,0.0,0
ORACLE_MDP,4,2,6,RIGHT,MDP_PRIMITIVE_ACTION,MDP|RIGHT,0.0,0.0,0.0,0,0.0,False,False,False,0.0,0
ORACLE_MDP,4,2,7,RIGHT,MDP_PRIMITIVE_ACTION,MDP|RIGHT,0.0,0.0,0.0,0,0.0,False,False,False,0.0,0
ORACLE_MDP,4,2,8,RIGHT,MDP_PRIMITIVE_ACTION,MDP|RIGHT,1.0,1.0,0.0,0,0.0,False,True,True,0.0,0
ORACLE_MDP,4,3,1,DOWN,MDP_PRIMITIVE_ACTION,MDP|DOWN,0.0,0.0,0.0,0,0.0,False,False,False,0.0,0
ORACLE_MDP,4,3,2,RIGHT,MDP_PRIMITIVE_ACTION,MDP|RIGHT,0.0,0.0,0.0,0,0.0,False,False,False,0.0,0
ORACLE_MDP,4,3,3,RIGHT,MDP_PRIMITIVE_ACTION,MDP|RIGHT,0.0,0.0,0.0,0,0.0,False,False,False,0.0,0
ORACLE_MDP,4,3,4,DOWN,MDP_PRIMITIVE_ACTION,MDP|DOWN,0.0,0.0,0.0,0,0.0,False,False,False,0.0,0
ORACLE_MDP,4,3,5,RIGHT,MDP_PRIMITIVE_ACTION,MDP|RIGHT,0.0,0.0,0.0,0,0.0,False,False,False,0.0,0
ORACLE_MDP,4,3,6,RIGHT,MDP_PRIMITIVE_ACTION,MDP|RIGHT,0.0,0.0,0.0,0,0.0,False,False,False,0.0,0
ORACLE_MDP,4,3,7,RIGHT,MDP_PRIMITIVE_ACTION,MDP|RIGHT,0.0,0.0,0.0,0,0.0,False,False,False,0.0,0
ORACLE_MDP,4,3,8,RIGHT,MDP_PRIMITIVE_ACTION,MDP|RIGHT,0.0,0.0,0.0,0,0.0,False,False,False,0.0,0
ORACLE_MDP,4,3,9,DOWN,MDP_PRIMITIVE_ACTION,MDP|DOWN,0.0,0.0,0.0,0,0.0,False,False,False,0.0,0
ORACLE_MDP,4,3,10,DOWN,MDP_PRIMITIVE_ACTION,MDP|DOWN,1.0,1.0,0.0,0,0.0,False,True,True,0.0,0
ORACLE_MDP,4,4,1,DOWN,MDP_PRIMITIVE_ACTION,MDP|DOWN,0.0,0.0,0.0,0,0.0,False,False,False,0.0,0
ORACLE_MDP,4,4,2,DOWN,MDP_PRIMITIVE_ACTION,MDP|DOWN,0.0,0.0,0.0,0,0.0,False,False,False,0.0,0
ORACLE_MDP,4,4,3,DOWN,MDP_PRIMITIVE_ACTION,MDP|DOWN,0.0,0.0,0.0,0,0.0,False,False,False,0.0,0
ORACLE_MDP,4,4,4,RIGHT,MDP_PRIMITIVE_ACTION,MDP|RIGHT,0.0,0.0,0.0,0,0.0,False,False,False,0.0,0
ORACLE_MDP,4,4,5,RIGHT,MDP_PRIMITIVE_ACTION,MDP|RIGHT,0.0,0.0,0.0,0,0.0,False,False,False,0.0,0
ORACLE_MDP,4,4,6,RIGHT,MDP_PRIMITIVE_ACTION,MDP|RIGHT,0.0,0.0,0.0,0,0.0,False,False,False,0.0,0
ORACLE_MDP,4,4,7,DOWN,MDP_PRIMITIVE_ACTION,MDP|DOWN,0.0,0.0,0.0,0,0.0,False,False,False,0.0,0
ORACLE_MDP,4,4,8,RIGHT,MDP_PRIMITIVE_ACTION,MDP|RIGHT,0.0,0.0,0.0,0,0.0,False,False,False,0.0,0
ORACLE_MDP,4,4,9,RIGHT,MDP_PRIMITIVE_ACTION,MDP|RIGHT,0.0,0.0,0.0,0,0.0,False,False,False,0.0,0
ORACLE_MDP,4,4,10,RIGHT,MDP_PRIMITIVE_ACTION,MDP|RIGHT,0.0,0.0,0.0,0,0.0,False,False,False,0.0,0
ORACLE_MDP,4,4,11,RIGHT,MDP_PRIMITIVE_ACTION,MDP|RIGHT,1.0,1.0,0.0,0,0.0,False,True,True,0.0,0
ORACLE_MDP,4,5,1,DOWN,MDP_PRIMITIVE_ACTION,MDP|DOWN,0.0,0.0,0.0,0,0.0,False,False,False,0.0,0
ORACLE_MDP,4,5,2,RIGHT,MDP_PRIMITIVE_ACTION,MDP|RIGHT,0.0,0.0,0.0,0,0.0,False,False,False,0.0,0
ORACLE_MDP,4,5,3,DOWN,MDP_PRIMITIVE_ACTION,MDP|DOWN,0.0,0.0,0.0,0,0.0,False,False,False,0.0,0
ORACLE_MDP,4,5,4,RIGHT,MDP_PRIMITIVE_ACTION,MDP|RIGHT,0.0,0.0,0.0,0,0.0,False,False,False,0.0,0
ORACLE_MDP,4,5,5,DOWN,MDP_PRIMITIVE_ACTION,MDP|DOWN,0.0,0.0,0.0,0,0.0,False,False,False,0.0,0
ORACLE_MDP,4,5,6,RIGHT,MDP_PRIMITIVE_ACTION,MDP|RIGHT,0.0,0.0,0.0,0,0.0,False,False,False,0.0,0
ORACLE_MDP,4,5,7,RIGHT,MDP_PRIMITIVE_ACTION,MDP|RIGHT,0.0,0.0,0.0,0,0.0,False,False,False,0.0,0
ORACLE_MDP,4,5,8,DOWN,MDP_PRIMITIVE_ACTION,MDP|DOWN,1.0,1.0,0.0,0,0.0,False,True,True,0.0,0
ORACLE_MDP,4,6,1,DOWN,MDP_PRIMITIVE_ACTION,MDP|DOWN,0.0,0.0,0.0,0,0.0,False,False,False,0.0,0
ORACLE_MDP,4,6,2,RIGHT,MDP_PRIMITIVE_ACTION,MDP|RIGHT,0.0,0.0,0.0,0,0.0,False,False,False,0.0,0
ORACLE_MDP,4,6,3,RIGHT,MDP_PRIMITIVE_ACTION,MDP|RIGHT,0.0,0.0,0.0,0,0.0,False,False,False,0.0,0
ORACLE_MDP,4,6,4,DOWN,MDP_PRIMITIVE_ACTION,MDP|DOWN,0.0,0.0,0.0,0,0.0,False,False,False,0.0,0
ORACLE_MDP,4,6,5,RIGHT,MDP_PRIMITIVE_ACTION,MDP|RIGHT,0.0,0.0,0.0,0,0.0,False,False,False,0.0,0
ORACLE_MDP,4,6,6,RIGHT,MDP_PRIMITIVE_ACTION,MDP|RIGHT,0.0,0.0,0.0,0,0.0,False,False,False,0.0,0
ORACLE_MDP,4,6,7,RIGHT,MDP_PRIMITIVE_ACTION,MDP|RIGHT,0.0,0.0,0.0,0,0.0,False,False,False,0.0,0
ORACLE_MDP,4,6,8,RIGHT,MDP_PRIMITIVE_ACTION,MDP|RIGHT,1.0,1.0,0.0,0,0.0,False,True,True,0.0,0
ORACLE_MDP,4,7,1,DOWN,MDP_PRIMITIVE_ACTION,MDP|DOWN,0.0,0.0,0.0,0,0.0,False,False,False,0.0,0
ORACLE_MDP,4,7,2,RIGHT,MDP_PRIMITIVE_ACTION,MDP|RIGHT,0.0,0.0,0.0,0,0.0,False,False,False,0.0,0
ORACLE_MDP,4,7,3,RIGHT,MDP_PRIMITIVE_ACTION,MDP|RIGHT,0.0,0.0,0.0,0,0.0,False,False,False,0.0,0
ORACLE_MDP,4,7,4,RIGHT,MDP_PRIMITIVE_ACTION,MDP|RIGHT,0.0,0.0,0.0,0,0.0,False,False,False,0.0,0
ORACLE_MDP,4,7,5,DOWN,MDP_PRIMITIVE_ACTION,MDP|DOWN,0.0,0.0,0.0,0,0.0,False,False,False,0.0,0
ORACLE_MDP,4,7,6,DOWN,MDP_PRIMITIVE_ACTION,MDP|DOWN,0.0,0.0,0.0,0,0.0,False,False,False,0.0,0
ORACLE_MDP,4,7,7,RIGHT,MDP_PRIMITIVE_ACTION,MDP|RIGHT,0.0,0.0,0.0,0,0.0,False,False,False,0.0,0
ORACLE_MDP,4,7,8,DOWN,MDP_PRIMITIVE_ACTION,MDP|DOWN,1.0,1.0,0.0,0,0.0,False,True,True,0.0,0
ORACLE_MDP,4,8,1,DOWN,MDP_PRIMITIVE_ACTION,MDP|DOWN,0.0,0.0,0.0,0,0.0,False,False,False,0.0,0
ORACLE_MDP,4,8,2,DOWN,MDP_PRIMITIVE_ACTION,MDP|DOWN,0.0,0.0,0.0,0,0.0,False,False,False,0.0,0
ORACLE_MDP,4,8,3,DOWN,MDP_PRIMITIVE_ACTION,MDP|DOWN,0.0,0.0,0.0,0,0.0,False,False,False,0.0,0
ORACLE_MDP,4,8,4,RIGHT,MDP_PRIMITIVE_ACTION,MDP|RIGHT,0.0,0.0,0.0,0,0.0,False,False,False,0.0,0
ORACLE_MDP,4,8,5,RIGHT,MDP_PRIMITIVE_ACTION,MDP|RIGHT,0.0,0.0,0.0,0,0.0,False,False,False,0.0,0
ORACLE_MDP,4,8,6,RIGHT,MDP_PRIMITIVE_ACTION,MDP|RIGHT,0.0,0.0,0.0,0,0.0,False,False,False,0.0,0
ORACLE_MDP,4,8,7,RIGHT,MDP_PRIMITIVE_ACTION,MDP|RIGHT,0.0,0.0,0.0,0,0.0,False,False,False,0.0,0
ORACLE_MDP,4,8,8,RIGHT,MDP_PRIMITIVE_ACTION,MDP|RIGHT,0.0,0.0,0.0,0,0.0,False,False,False,0.0,0
ORACLE_MDP,4,8,9,UP,MDP_PRIMITIVE_ACTION,MDP|UP,0.0,0.0,0.0,0,0.0,False,False,False,0.0,0
ORACLE_MDP,4,8,10,UP,MDP_PRIMITIVE_ACTION,MDP|UP,0.0,0.0,0.0,0,0.0,False,False,False,0.0,0
ORACLE_MDP,4,8,11,UP,MDP_PRIMITIVE_ACTION,MDP|UP,0.0,0.0,0.0,0,0.0,False,False,False,0.0,0
ORACLE_MDP,4,8,12,RIGHT,MDP_PRIMITIVE_ACTION,MDP|RIGHT,0.0,0.0,0.0,0,0.0,False,False,False,0.0,0
ORACLE_MDP,4,8,13,RIGHT,MDP_PRIMITIVE_ACTION,MDP|RIGHT,1.0,1.0,0.0,0,0.0,False,True,True,0.0,0
ORACLE_MDP,4,9,1,DOWN,MDP_PRIMITIVE_ACTION,MDP|DOWN,0.0,0.0,0.0,0,0.0,False,False,False,0.0,0
ORACLE_MDP,4,9,2,DOWN,MDP_PRIMITIVE_ACTION,MDP|DOWN,0.0,0.0,0.0,0,0.0,False,False,False,0.0,0
ORACLE_MDP,4,9,3,RIGHT,MDP_PRIMITIVE_ACTION,MDP|RIGHT,0.0,0.0,0.0,0,0.0,False,False,False,0.0,0
ORACLE_MDP,4,9,4,RIGHT,MDP_PRIMITIVE_ACTION,MDP|RIGHT,0.0,0.0,0.0,0,0.0,False,False,False,0.0,0
ORACLE_MDP,4,9,5,RIGHT,MDP_PRIMITIVE_ACTION,MDP|RIGHT,0.0,0.0,0.0,0,0.0,False,False,False,0.0,0
ORACLE_MDP,4,9,6,DOWN,MDP_PRIMITIVE_ACTION,MDP|DOWN,0.0,0.0,0.0,0,0.0,False,False,False,0.0,0
ORACLE_MDP,4,9,7,RIGHT,MDP_PRIMITIVE_ACTION,MDP|RIGHT,0.0,0.0,0.0,0,0.0,False,False,False,0.0,0
ORACLE_MDP,4,9,8,DOWN,MDP_PRIMITIVE_ACTION,MDP|DOWN,1.0,1.0,0.0,0,0.0,False,True,True,0.0,0
ORACLE_MDP,4,10,1,DOWN,MDP_PRIMITIVE_ACTION,MDP|DOWN,0.0,0.0,0.0,0,0.0,False,False,False,0.0,0
ORACLE_MDP,4,10,2,DOWN,MDP_PRIMITIVE_ACTION,MDP|DOWN,0.0,0.0,0.0,0,0.0,False,False,False,0.0,0
ORACLE_MDP,4,10,3,DOWN,MDP_PRIMITIVE_ACTION,MDP|DOWN,0.0,0.0,0.0,0,0.0,False,False,False,0.0,0
ORACLE_MDP,4,10,4,RIGHT,MDP_PRIMITIVE_ACTION,MDP|RIGHT,0.0,0.0,0.0,0,0.0,False,False,False,0.0,0
ORACLE_MDP,4,10,5,RIGHT,MDP_PRIMITIVE_ACTION,MDP|RIGHT,0.0,0.0,0.0,0,0.0,False,False,False,0.0,0
ORACLE_MDP,4,10,6,DOWN,MDP_PRIMITIVE_ACTION,MDP|DOWN,0.0,0.0,0.0,0,0.0,False,False,False,0.0,0
ORACLE_MDP,4,10,7,RIGHT,MDP_PRIMITIVE_ACTION,MDP|RIGHT,0.0,0.0,0.0,0,0.0,False,False,False,0.0,0
ORACLE_MDP,4,10,8,RIGHT,MDP_PRIMITIVE_ACTION,MDP|RIGHT,0.0,0.0,0.0,0,0.0,False,False,False,0.0,0
ORACLE_MDP,4,10,9,RIGHT,MDP_PRIMITIVE_ACTION,MDP|RIGHT,0.0,0.0,0.0,0,0.0,False,False,False,0.0,0
ORACLE_MDP,4,10,10,RIGHT,MDP_PRIMITIVE_ACTION,MDP|RIGHT,1.0,1.0,0.0,0,0.0,False,True,True,0.0,0
ORACLE_MDP,4,11,1,DOWN,MDP_PRIMITIVE_ACTION,MDP|DOWN,0.0,0.0,0.0,0,0.0,False,False,False,0.0,0
ORACLE_MDP,4,11,2,RIGHT,MDP_PRIMITIVE_ACTION,MDP|RIGHT,0.0,0.0,0.0,0,0.0,False,False,False,0.0,0
ORACLE_MDP,4,11,3,RIGHT,MDP_PRIMITIVE_ACTION,MDP|RIGHT,0.0,0.0,0.0,0,0.0,False,False,False,0.0,0
ORACLE_MDP,4,11,4,DOWN,MDP_PRIMITIVE_ACTION,MDP|DOWN,0.0,0.0,0.0,0,0.0,False,False,False,0.0,0
ORACLE_MDP,4,11,5,DOWN,MDP_PRIMITIVE_ACTION,MDP|DOWN,0.0,0.0,0.0,0,0.0,False,False,False,0.0,0
ORACLE_MDP,4,11,6,RIGHT,MDP_PRIMITIVE_ACTION,MDP|RIGHT,0.0,0.0,0.0,0,0.0,False,False,False,0.0,0
ORACLE_MDP,4,11,7,RIGHT,MDP_PRIMITIVE_ACTION,MDP|RIGHT,0.0,0.0,0.0,0,0.0,False,False,False,0.0,0
ORACLE_MDP,4,11,8,RIGHT,MDP_PRIMITIVE_ACTION,MDP|RIGHT,1.0,1.0,0.0,0,0.0,False,True,True,0.0,0
ORACLE_MDP,4,12,1,DOWN,MDP_PRIMITIVE_ACTION,MDP|DOWN,0.0,0.0,0.0,0,0.0,False,False,False,0.0,0
ORACLE_MDP,4,12,2,RIGHT,MDP_PRIMITIVE_ACTION,MDP|RIGHT,0.0,0.0,0.0,0,0.0,False,False,False,0.0,0
ORACLE_MDP,4,12,3,DOWN,MDP_PRIMITIVE_ACTION,MDP|DOWN,0.0,0.0,0.0,0,0.0,False,False,False,0.0,0
ORACLE_MDP,4,12,4,RIGHT,MDP_PRIMITIVE_ACTION,MDP|RIGHT,0.0,0.0,0.0,0,0.0,False,False,False,0.0,0
ORACLE_MDP,4,12,5,DOWN,MDP_PRIMITIVE_ACTION,MDP|DOWN,0.0,0.0,0.0,0,0.0,False,False,False,0.0,0
ORACLE_MDP,4,12,6,RIGHT,MDP_PRIMITIVE_ACTION,MDP|RIGHT,0.0,0.0,0.0,0,0.0,False,False,False,0.0,0
ORACLE_MDP,4,12,7,RIGHT,MDP_PRIMITIVE_ACTION,MDP|RIGHT,0.0,0.0,0.0,0,0.0,False,False,False,0.0,0
ORACLE_MDP,4,12,8,RIGHT,MDP_PRIMITIVE_ACTION,MDP|RIGHT,0.0,0.0,0.0,0,0.0,False,False,False,0.0,0
ORACLE_MDP,4,12,9,DOWN,MDP_PRIMITIVE_ACTION,MDP|DOWN,1.0,1.0,0.0,0,0.0,False,True,True,0.0,0
ORACLE_MDP,4,13,1,RIGHT,MDP_PRIMITIVE_ACTION,MDP|RIGHT,0.0,0.0,0.0,0,0.0,False,False,False,0.0,0
ORACLE_MDP,4,13,2,RIGHT,MDP_PRIMITIVE_ACTION,MDP|RIGHT,0.0,0.0,0.0,0,0.0,False,False,False,0.0,0
ORACLE_MDP,4,13,3,RIGHT,MDP_PRIMITIVE_ACTION,MDP|RIGHT,0.0,0.0,0.0,0,0.0,False,False,False,0.0,0
ORACLE_MDP,4,13,4,RIGHT,MDP_PRIMITIVE_ACTION,MDP|RIGHT,0.0,0.0,0.0,0,0.0,False,False,False,0.0,0
ORACLE_MDP,4,13,5,DOWN,MDP_PRIMITIVE_ACTION,MDP|DOWN,0.0,0.0,0.0,0,0.0,False,False,False,0.0,0
ORACLE_MDP,4,13,6,RIGHT,MDP_PRIMITIVE_ACTION,MDP|RIGHT,0.0,0.0,0.0,0,0.0,False,False,False,0.0,0
ORACLE_MDP,4,13,7,RIGHT,MDP_PRIMITIVE_ACTION,MDP|RIGHT,0.0,0.0,0.0,0,0.0,False,False,False,0.0,0
ORACLE_MDP,4,13,8,DOWN,MDP_PRIMITIVE_ACTION,MDP|DOWN,1.0,1.0,0.0,0,0.0,False,True,True,0.0,0
ORACLE_MDP,4,14,1,RIGHT,MDP_PRIMITIVE_ACTION,MDP|RIGHT,0.0,0.0,0.0,0,0.0,False,False,False,0.0,0
ORACLE_MDP,4,14,2,RIGHT,MDP_PRIMITIVE_ACTION,MDP|RIGHT,0.0,0.0,0.0,0,0.0,False,False,False,0.0,0
ORACLE_MDP,4,14,3,DOWN,MDP_PRIMITIVE_ACTION,MDP|DOWN,0.0,0.0,0.0,0,0.0,False,False,False,0.0,0
ORACLE_MDP,4,14,4,DOWN,MDP_PRIMITIVE_ACTION,MDP|DOWN,0.0,0.0,0.0,0,0.0,False,False,False,0.0,0
ORACLE_MDP,4,14,5,DOWN,MDP_PRIMITIVE_ACTION,MDP|DOWN,0.0,0.0,0.0,0,0.0,False,False,False,0.0,0
ORACLE_MDP,4,14,6,RIGHT,MDP_PRIMITIVE_ACTION,MDP|RIGHT,0.0,0.0,0.0,0,0.0,False,False,False,0.0,0
ORACLE_MDP,4,14,7,RIGHT,MDP_PRIMITIVE_ACTION,MDP|RIGHT,0.0,0.0,0.0,0,0.0,False,False,False,0.0,0
ORACLE_MDP,4,14,8,RIGHT,MDP_PRIMITIVE_ACTION,MDP|RIGHT,1.0,1.0,0.0,0,0.0,False,True,True,0.0,0
ORACLE_MDP,4,15,1,DOWN,MDP_PRIMITIVE_ACTION,MDP|DOWN,0.0,0.0,0.0,0,0.0,False,False,False,0.0,0
ORACLE_MDP,4,15,2,DOWN,MDP_PRIMITIVE_ACTION,MDP|DOWN,0.0,0.0,0.0,0,0.0,False,False,False,0.0,0
ORACLE_MDP,4,15,3,RIGHT,MDP_PRIMITIVE_ACTION,MDP|RIGHT,0.0,0.0,0.0,0,0.0,False,False,False,0.0,0
ORACLE_MDP,4,15,4,RIGHT,MDP_PRIMITIVE_ACTION,MDP|RIGHT,0.0,0.0,0.0,0,0.0,False,False,False,0.0,0
ORACLE_MDP,4,15,5,DOWN,MDP_PRIMITIVE_ACTION,MDP|DOWN,0.0,0.0,0.0,0,0.0,False,False,False,0.0,0
ORACLE_MDP,4,15,6,RIGHT,MDP_PRIMITIVE_ACTION,MDP|RIGHT,0.0,0.0,0.0,0,0.0,False,False,False,0.0,0
ORACLE_MDP,4,15,7,RIGHT,MDP_PRIMITIVE_ACTION,MDP|RIGHT,1.0,1.0,0.0,0,0.0,False,True,True,0.0,0
ORACLE_MDP,4,16,1,RIGHT,MDP_PRIMITIVE_ACTION,MDP|RIGHT,0.0,0.0,0.0,0,0.0,False,False,False,0.0,0
ORACLE_MDP,4,16,2,RIGHT,MDP_PRIMITIVE_ACTION,MDP|RIGHT,0.0,0.0,0.0,0,0.0,False,False,False,0.0,0
ORACLE_MDP,4,16,3,RIGHT,MDP_PRIMITIVE_ACTION,MDP|RIGHT,0.0,0.0,0.0,0,0.0,False,False,False,0.0,0
ORACLE_MDP,4,16,4,RIGHT,MDP_PRIMITIVE_ACTION,MDP|RIGHT,0.0,0.0,0.0,0,0.0,False,False,False,0.0,0
ORACLE_MDP,4,16,5,RIGHT,MDP_PRIMITIVE_ACTION,MDP|RIGHT,0.0,0.0,0.0,0,0.0,False,False,False,0.0,0
ORACLE_MDP,4,16,6,RIGHT,MDP_PRIMITIVE_ACTION,MDP|RIGHT,0.0,0.0,0.0,0,0.0,False,False,False,0.0,0
ORACLE_MDP,4,16,7,DOWN,MDP_PRIMITIVE_ACTION,MDP|DOWN,1.0,1.0,0.0,0,0.0,False,True,True,0.0,0
ORACLE_MDP,4,17,1,DOWN,MDP_PRIMITIVE_ACTION,MDP|DOWN,0.0,0.0,0.0,0,0.0,False,False,False,0.0,0
ORACLE_MDP,4,17,2,RIGHT,MDP_PRIMITIVE_ACTION,MDP|RIGHT,0.0,0.0,0.0,0,0.0,False,False,False,0.0,0
ORACLE_MDP,4,17,3,RIGHT,MDP_PRIMITIVE_ACTION,MDP|RIGHT,0.0,0.0,0.0,0,0.0,False,False,False,0.0,0
ORACLE_MDP,4,17,4,RIGHT,MDP_PRIMITIVE_ACTION,MDP|RIGHT,0.0,0.0,0.0,0,0.0,False,False,False,0.0,0
ORACLE_MDP,4,17,5,RIGHT,MDP_PRIMITIVE_ACTION,MDP|RIGHT,0.0,0.0,0.0,0,0.0,False,False,False,0.0,0
ORACLE_MDP,4,17,6,RIGHT,MDP_PRIMITIVE_ACTION,MDP|RIGHT,0.0,0.0,0.0,0,0.0,False,False,False,0.0,0
ORACLE_MDP,4,17,7,RIGHT,MDP_PRIMITIVE_ACTION,MDP|RIGHT,1.0,1.0,0.0,0,0.0,False,True,True,0.0,0
ORACLE_MDP,4,18,1,RIGHT,MDP_PRIMITIVE_ACTION,MDP|RIGHT,0.0,0.0,0.0,0,0.0,False,False,False,0.0,0
ORACLE_MDP,4,18,2,RIGHT,MDP_PRIMITIVE_ACTION,MDP|RIGHT,0.0,0.0,0.0,0,0.0,False,False,False,0.0,0
ORACLE_MDP,4,18,3,RIGHT,MDP_PRIMITIVE_ACTION,MDP|RIGHT,0.0,0.0,0.0,0,0.0,False,False,False,0.0,0
ORACLE_MDP,4,18,4,RIGHT,MDP_PRIMITIVE_ACTION,MDP|RIGHT,0.0,0.0,0.0,0,0.0,False,False,False,0.0,0
ORACLE_MDP,4,18,5,RIGHT,MDP_PRIMITIVE_ACTION,MDP|RIGHT,0.0,0.0,0.0,0,0.0,False,False,False,0.0,0
ORACLE_MDP,4,18,6,DOWN,MDP_PRIMITIVE_ACTION,MDP|DOWN,0.0,0.0,0.0,0,0.0,False,False,False,0.0,0
ORACLE_MDP,4,18,7,DOWN,MDP_PRIMITIVE_ACTION,MDP|DOWN,0.0,0.0,0.0,0,0.0,False,False,False,0.0,0
ORACLE_MDP,4,18,8,RIGHT,MDP_PRIMITIVE_ACTION,MDP|RIGHT,1.0,1.0,0.0,0,0.0,False,True,True,0.0,0
ORACLE_MDP,4,19,1,DOWN,MDP_PRIMITIVE_ACTION,MDP|DOWN,0.0,0.0,0.0,0,0.0,False,False,False,0.0,0
ORACLE_MDP,4,19,2,RIGHT,MDP_PRIMITIVE_ACTION,MDP|RIGHT,0.0,0.0,0.0,0,0.0,False,False,False,0.0,0
ORACLE_MDP,4,19,3,DOWN,MDP_PRIMITIVE_ACTION,MDP|DOWN,0.0,0.0,0.0,0,0.0,False,False,False,0.0,0
ORACLE_MDP,4,19,4,RIGHT,MDP_PRIMITIVE_ACTION,MDP|RIGHT,0.0,0.0,0.0,0,0.0,False,False,False,0.0,0
ORACLE_MDP,4,19,5,RIGHT,MDP_PRIMITIVE_ACTION,MDP|RIGHT,0.0,0.0,0.0,0,0.0,False,False,False,0.0,0
ORACLE_MDP,4,19,6,RIGHT,MDP_PRIMITIVE_ACTION,MDP|RIGHT,0.0,0.0,0.0,0,0.0,False,False,False,0.0,0
ORACLE_MDP,4,19,7,RIGHT,MDP_PRIMITIVE_ACTION,MDP|RIGHT,0.0,0.0,0.0,0,0.0,False,False,False,0.0,0
ORACLE_MDP,4,19,8,RIGHT,MDP_PRIMITIVE_ACTION,MDP|RIGHT,0.0,0.0,0.0,0,0.0,False,False,False,0.0,0
ORACLE_MDP,4,19,9,UP,MDP_PRIMITIVE_ACTION,MDP|UP,0.0,0.0,0.0,0,0.0,False,False,False,0.0,0
ORACLE_MDP,4,19,10,RIGHT,MDP_PRIMITIVE_ACTION,MDP|RIGHT,0.0,0.0,0.0,0,0.0,False,False,False,0.0,0
ORACLE_MDP,4,19,11,UP,MDP_PRIMITIVE_ACTION,MDP|UP,0.0,0.0,0.0,0,0.0,False,False,False,0.0,0
ORACLE_MDP,4,19,12,UP,MDP_PRIMITIVE_ACTION,MDP|UP,1.0,1.0,0.0,0,0.0,False,True,True,0.0,0
ORACLE_MDP,4,20,1,DOWN,MDP_PRIMITIVE_ACTION,MDP|DOWN,0.0,0.0,0.0,0,0.0,False,False,False,0.0,0
ORACLE_MDP,4,20,2,RIGHT,MDP_PRIMITIVE_ACTION,MDP|RIGHT,0.0,0.0,0.0,0,0.0,False,False,False,0.0,0
ORACLE_MDP,4,20,3,DOWN,MDP_PRIMITIVE_ACTION,MDP|DOWN,0.0,0.0,0.0,0,0.0,False,False,False,0.0,0
ORACLE_MDP,4,20,4,RIGHT,MDP_PRIMITIVE_ACTION,MDP|RIGHT,0.0,0.0,0.0,0,0.0,False,False,False,0.0,0
ORACLE_MDP,4,20,5,DOWN,MDP_PRIMITIVE_ACTION,MDP|DOWN,0.0,0.0,0.0,0,0.0,False,False,False,0.0,0
ORACLE_MDP,4,20,6,RIGHT,MDP_PRIMITIVE_ACTION,MDP|RIGHT,0.0,0.0,0.0,0,0.0,False,False,False,0.0,0
ORACLE_MDP,4,20,7,RIGHT,MDP_PRIMITIVE_ACTION,MDP|RIGHT,0.0,0.0,0.0,0,0.0,False,False,False,0.0,0
ORACLE_MDP,4,20,8,DOWN,MDP_PRIMITIVE_ACTION,MDP|DOWN,0.0,0.0,0.0,0,0.0,False,False,False,0.0,0
ORACLE_MDP,4,20,9,RIGHT,MDP_PRIMITIVE_ACTION,MDP|RIGHT,0.0,0.0,0.0,0,0.0,False,False,False,0.0,0
ORACLE_MDP,4,20,10,RIGHT,MDP_PRIMITIVE_ACTION,MDP|RIGHT,1.0,1.0,0.0,0,0.0,False,True,True,0.0,0
ORACLE_MDP,4,21,1,DOWN,MDP_PRIMITIVE_ACTION,MDP|DOWN,0.0,0.0,0.0,0,0.0,False,False,False,0.0,0
ORACLE_MDP,4,21,2,RIGHT,MDP_PRIMITIVE_ACTION,MDP|RIGHT,0.0,0.0,0.0,0,0.0,False,False,False,0.0,0
ORACLE_MDP,4,21,3,RIGHT,MDP_PRIMITIVE_ACTION,MDP|RIGHT,0.0,0.0,0.0,0,0.0,False,False,False,0.0,0
ORACLE_MDP,4,21,4,RIGHT,MDP_PRIMITIVE_ACTION,MDP|RIGHT,0.0,0.0,0.0,0,0.0,False,False,False,0.0,0
ORACLE_MDP,4,21,5,DOWN,MDP_PRIMITIVE_ACTION,MDP|DOWN,0.0,0.0,0.0,0,0.0,False,False,False,0.0,0
ORACLE_MDP,4,21,6,RIGHT,MDP_PRIMITIVE_ACTION,MDP|RIGHT,0.0,0.0,0.0,0,0.0,False,False,False,0.0,0
ORACLE_MDP,4,21,7,RIGHT,MDP_PRIMITIVE_ACTION,MDP|RIGHT,0.0,0.0,0.0,0,0.0,False,False,False,0.0,0
ORACLE_MDP,4,21,8,RIGHT,MDP_PRIMITIVE_ACTION,MDP|RIGHT,0.0,0.0,0.0,0,0.0,False,False,False,0.0,0
ORACLE_MDP,4,21,9,RIGHT,MDP_PRIMITIVE_ACTION,MDP|RIGHT,1.0,1.0,0.0,0,0.0,False,True,True,0.0,0
ORACLE_MDP,4,22,1,RIGHT,MDP_PRIMITIVE_ACTION,MDP|RIGHT,0.0,0.0,0.0,0,0.0,False,False,False,0.0,0
ORACLE_MDP,4,22,2,RIGHT,MDP_PRIMITIVE_ACTION,MDP|RIGHT,0.0,0.0,0.0,0,0.0,False,False,False,0.0,0
ORACLE_MDP,4,22,3,RIGHT,MDP_PRIMITIVE_ACTION,MDP|RIGHT,0.0,0.0,0.0,0,0.0,False,False,False,0.0,0
ORACLE_MDP,4,22,4,UP,MDP_PRIMITIVE_ACTION,MDP|UP,0.0,0.0,0.0,0,0.0,False,False,False,0.0,0
ORACLE_MDP,4,22,5,RIGHT,MDP_PRIMITIVE_ACTION,MDP|RIGHT,0.0,0.0,0.0,0,0.0,False,False,False,0.0,0
ORACLE_MDP,4,22,6,RIGHT,MDP_PRIMITIVE_ACTION,MDP|RIGHT,0.0,0.0,0.0,0,0.0,False,False,False,0.0,0
ORACLE_MDP,4,22,7,RIGHT,MDP_PRIMITIVE_ACTION,MDP|RIGHT,1.0,1.0,0.0,0,0.0,False,True,True,0.0,0
ORACLE_MDP,4,23,1,DOWN,MDP_PRIMITIVE_ACTION,MDP|DOWN,0.0,0.0,0.0,0,0.0,False,False,False,0.0,0
ORACLE_MDP,4,23,2,DOWN,MDP_PRIMITIVE_ACTION,MDP|DOWN,0.0,0.0,0.0,0,0.0,False,False,False,0.0,0
ORACLE_MDP,4,23,3,RIGHT,MDP_PRIMITIVE_ACTION,MDP|RIGHT,0.0,0.0,0.0,0,0.0,False,False,False,0.0,0
ORACLE_MDP,4,23,4,RIGHT,MDP_PRIMITIVE_ACTION,MDP|RIGHT,0.0,0.0,0.0,0,0.0,False,False,False,0.0,0
ORACLE_MDP,4,23,5,RIGHT,MDP_PRIMITIVE_ACTION,MDP|RIGHT,0.0,0.0,0.0,0,0.0,False,False,False,0.0,0
ORACLE_MDP,4,23,6,RIGHT,MDP_PRIMITIVE_ACTION,MDP|RIGHT,0.0,0.0,0.0,0,0.0,False,False,False,0.0,0
ORACLE_MDP,4,23,7,DOWN,MDP_PRIMITIVE_ACTION,MDP|DOWN,0.0,0.0,0.0,0,0.0,False,False,False,0.0,0
ORACLE_MDP,4,23,8,RIGHT,MDP_PRIMITIVE_ACTION,MDP|RIGHT,0.0,0.0,0.0,0,0.0,False,False,False,0.0,0
ORACLE_MDP,4,23,9,RIGHT,MDP_PRIMITIVE_ACTION,MDP|RIGHT,0.0,0.0,0.0,0,0.0,False,False,False,0.0,0
ORACLE_MDP,4,23,10,RIGHT,MDP_PRIMITIVE_ACTION,MDP|RIGHT,1.0,1.0,0.0,0,0.0,False,True,True,0.0,0
ORACLE_MDP,4,25,1,DOWN,MDP_PRIMITIVE_ACTION,MDP|DOWN,0.0,0.0,0.0,0,0.0,False,False,False,0.0,0
ORACLE_MDP,4,25,2,RIGHT,MDP_PRIMITIVE_ACTION,MDP|RIGHT,0.0,0.0,0.0,0,0.0,False,False,False,0.0,0
ORACLE_MDP,4,25,3,DOWN,MDP_PRIMITIVE_ACTION,MDP|DOWN,0.0,0.0,0.0,0,0.0,False,False,False,0.0,0
ORACLE_MDP,4,25,4,RIGHT,MDP_PRIMITIVE_ACTION,MDP|RIGHT,0.0,0.0,0.0,0,0.0,False,False,False,0.0,0
ORACLE_MDP,4,25,5,RIGHT,MDP_PRIMITIVE_ACTION,MDP|RIGHT,0.0,0.0,0.0,0,0.0,False,False,False,0.0,0
ORACLE_MDP,4,25,6,RIGHT,MDP_PRIMITIVE_ACTION,MDP|RIGHT,0.0,0.0,0.0,0,0.0,False,False,False,0.0,0
ORACLE_MDP,4,25,7,RIGHT,MDP_PRIMITIVE_ACTION,MDP|RIGHT,0.0,0.0,0.0,0,0.0,False,False,False,0.0,0
ORACLE_MDP,4,25,8,RIGHT,MDP_PRIMITIVE_ACTION,MDP|RIGHT,0.0,0.0,0.0,0,0.0,False,False,False,0.0,0
ORACLE_MDP,4,25,9,RIGHT,MDP_PRIMITIVE_ACTION,MDP|RIGHT,0.0,0.0,0.0,0,0.0,False,False,False,0.0,0
ORACLE_MDP,4,25,10,UP,MDP_PRIMITIVE_ACTION,MDP|UP,0.0,0.0,0.0,0,0.0,False,False,False,0.0,0
ORACLE_MDP,4,25,11,UP,MDP_PRIMITIVE_ACTION,MDP|UP,0.0,0.0,0.0,0,0.0,False,False,False,0.0,0
ORACLE_MDP,4,25,12,UP,MDP_PRIMITIVE_ACTION,MDP|UP,1.0,1.0,0.0,0,0.0,False,True,True,0.0,0
ORACLE_MDP,4,26,1,RIGHT,MDP_PRIMITIVE_ACTION,MDP|RIGHT,0.0,0.0,0.0,0,0.0,False,False,False,0.0,0
ORACLE_MDP,4,26,2,RIGHT,MDP_PRIMITIVE_ACTION,MDP|RIGHT,0.0,0.0,0.0,0,0.0,False,False,False,0.0,0
ORACLE_MDP,4,26,3,RIGHT,MDP_PRIMITIVE_ACTION,MDP|RIGHT,0.0,0.0,0.0,0,0.0,False,False,False,0.0,0
ORACLE_MDP,4,26,4,RIGHT,MDP_PRIMITIVE_ACTION,MDP|RIGHT,0.0,0.0,0.0,0,0.0,False,False,False,0.0,0
ORACLE_MDP,4,26,5,UP,MDP_PRIMITIVE_ACTION,MDP|UP,0.0,0.0,0.0,0,0.0,False,False,False,0.0,0
ORACLE_MDP,4,26,6,RIGHT,MDP_PRIMITIVE_ACTION,MDP|RIGHT,0.0,0.0,0.0,0,0.0,False,False,False,0.0,0
ORACLE_MDP,4,26,7,RIGHT,MDP_PRIMITIVE_ACTION,MDP|RIGHT,1.0,1.0,0.0,0,0.0,False,True,True,0.0,0
ORACLE_MDP,4,27,1,RIGHT,MDP_PRIMITIVE_ACTION,MDP|RIGHT,0.0,0.0,0.0,0,0.0,False,False,False,0.0,0
ORACLE_MDP,4,27,2,RIGHT,MDP_PRIMITIVE_ACTION,MDP|RIGHT,0.0,0.0,0.0,0,0.0,False,False,False,0.0,0
ORACLE_MDP,4,27,3,RIGHT,MDP_PRIMITIVE_ACTION,MDP|RIGHT,0.0,0.0,0.0,0,0.0,False,False,False,0.0,0
ORACLE_MDP,4,27,4,DOWN,MDP_PRIMITIVE_ACTION,MDP|DOWN,0.0,0.0,0.0,0,0.0,False,False,False,0.0,0
ORACLE_MDP,4,27,5,RIGHT,MDP_PRIMITIVE_ACTION,MDP|RIGHT,0.0,0.0,0.0,0,0.0,False,False,False,0.0,0
ORACLE_MDP,4,27,6,RIGHT,MDP_PRIMITIVE_ACTION,MDP|RIGHT,0.0,0.0,0.0,0,0.0,False,False,False,0.0,0
ORACLE_MDP,4,27,7,RIGHT,MDP_PRIMITIVE_ACTION,MDP|RIGHT,0.0,0.0,0.0,0,0.0,False,False,False,0.0,0
ORACLE_MDP,4,27,8,RIGHT,MDP_PRIMITIVE_ACTION,MDP|RIGHT,1.0,1.0,0.0,0,0.0,False,True,True,0.0,0
ORACLE_MDP,4,28,1,RIGHT,MDP_PRIMITIVE_ACTION,MDP|RIGHT,0.0,0.0,0.0,0,0.0,False,False,False,0.0,0
ORACLE_MDP,4,28,2,RIGHT,MDP_PRIMITIVE_ACTION,MDP|RIGHT,0.0,0.0,0.0,0,0.0,False,False,False,0.0,0
ORACLE_MDP,4,28,3,RIGHT,MDP_PRIMITIVE_ACTION,MDP|RIGHT,0.0,0.0,0.0,0,0.0,False,False,False,0.0,0
ORACLE_MDP,4,28,4,RIGHT,MDP_PRIMITIVE_ACTION,MDP|RIGHT,0.0,0.0,0.0,0,0.0,False,False,False,0.0,0
ORACLE_MDP,4,28,5,DOWN,MDP_PRIMITIVE_ACTION,MDP|DOWN,0.0,0.0,0.0,0,0.0,False,False,False,0.0,0
ORACLE_MDP,4,28,6,DOWN,MDP_PRIMITIVE_ACTION,MDP|DOWN,0.0,0.0,0.0,0,0.0,False,False,False,0.0,0
ORACLE_MDP,4,28,7,RIGHT,MDP_PRIMITIVE_ACTION,MDP|RIGHT,0.0,0.0,0.0,0,0.0,False,False,False,0.0,0
ORACLE_MDP,4,28,8,RIGHT,MDP_PRIMITIVE_ACTION,MDP|RIGHT,0.0,0.0,0.0,0,0.0,False,False,False,0.0,0
ORACLE_MDP,4,28,9,DOWN,MDP_PRIMITIVE_ACTION,MDP|DOWN,0.0,0.0,0.0,0,0.0,False,False,False,0.0,0
ORACLE_MDP,4,28,10,RIGHT,MDP_PRIMITIVE_ACTION,MDP|RIGHT,0.0,0.0,0.0,0,0.0,False,False,False,0.0,0
ORACLE_MDP,4,28,11,DOWN,MDP_PRIMITIVE_ACTION,MDP|DOWN,1.0,1.0,0.0,0,0.0,False,True,True,0.0,0
ORACLE_MDP,4,29,1,DOWN,MDP_PRIMITIVE_ACTION,MDP|DOWN,0.0,0.0,0.0,0,0.0,False,False,False,0.0,0
ORACLE_MDP,4,29,2,RIGHT,MDP_PRIMITIVE_ACTION,MDP|RIGHT,0.0,0.0,0.0,0,0.0,False,False,False,0.0,0
ORACLE_MDP,4,29,3,RIGHT,MDP_PRIMITIVE_ACTION,MDP|RIGHT,0.0,0.0,0.0,0,0.0,False,False,False,0.0,0
ORACLE_MDP,4,29,4,RIGHT,MDP_PRIMITIVE_ACTION,MDP|RIGHT,0.0,0.0,0.0,0,0.0,False,False,False,0.0,0
ORACLE_MDP,4,29,5,RIGHT,MDP_PRIMITIVE_ACTION,MDP|RIGHT,0.0,0.0,0.0,0,0.0,False,False,False,0.0,0
ORACLE_MDP,4,29,6,UP,MDP_PRIMITIVE_ACTION,MDP|UP,0.0,0.0,0.0,0,0.0,False,False,False,0.0,0
ORACLE_MDP,4,29,7,UP,MDP_PRIMITIVE_ACTION,MDP|UP,0.0,0.0,0.0,0,0.0,False,False,False,0.0,0
ORACLE_MDP,4,29,8,RIGHT,MDP_PRIMITIVE_ACTION,MDP|RIGHT,0.0,0.0,0.0,0,0.0,False,False,False,0.0,0
ORACLE_MDP,4,29,9,RIGHT,MDP_PRIMITIVE_ACTION,MDP|RIGHT,0.0,0.0,0.0,0,0.0,False,False,False,0.0,0
ORACLE_MDP,4,29,10,RIGHT,MDP_PRIMITIVE_ACTION,MDP|RIGHT,1.0,1.0,0.0,0,0.0,False,True,True,0.0,0
ORACLE_MDP,5,0,1,DOWN,MDP_PRIMITIVE_ACTION,MDP|DOWN,0.0,0.0,0.0,0,0.0,False,False,False,0.0,0
ORACLE_MDP,5,0,2,DOWN,MDP_PRIMITIVE_ACTION,MDP|DOWN,0.0,0.0,0.0,0,0.0,False,False,False,0.0,0
ORACLE_MDP,5,0,3,RIGHT,MDP_PRIMITIVE_ACTION,MDP|RIGHT,0.0,0.0,0.0,0,0.0,False,False,False,0.0,0
ORACLE_MDP,5,0,4,RIGHT,MDP_PRIMITIVE_ACTION,MDP|RIGHT,0.0,0.0,0.0,0,0.0,False,False,False,0.0,0
ORACLE_MDP,5,0,5,DOWN,MDP_PRIMITIVE_ACTION,MDP|DOWN,0.0,0.0,0.0,0,0.0,False,False,False,0.0,0
ORACLE_MDP,5,0,6,RIGHT,MDP_PRIMITIVE_ACTION,MDP|RIGHT,0.0,0.0,0.0,0,0.0,False,False,False,0.0,0
ORACLE_MDP,5,0,7,RIGHT,MDP_PRIMITIVE_ACTION,MDP|RIGHT,0.0,0.0,0.0,0,0.0,False,False,False,0.0,0
ORACLE_MDP,5,0,8,RIGHT,MDP_PRIMITIVE_ACTION,MDP|RIGHT,0.0,0.0,0.0,0,0.0,False,False,False,0.0,0
ORACLE_MDP,5,0,9,UP,MDP_PRIMITIVE_ACTION,MDP|UP,0.0,0.0,0.0,0,0.0,False,False,False,0.0,0
ORACLE_MDP,5,0,10,UP,MDP_PRIMITIVE_ACTION,MDP|UP,0.0,0.0,0.0,0,0.0,False,False,False,0.0,0
ORACLE_MDP,5,0,11,RIGHT,MDP_PRIMITIVE_ACTION,MDP|RIGHT,0.0,0.0,0.0,0,0.0,False,False,False,0.0,0
ORACLE_MDP,5,0,12,RIGHT,MDP_PRIMITIVE_ACTION,MDP|RIGHT,0.0,0.0,0.0,0,0.0,False,False,False,0.0,0
ORACLE_MDP,5,0,13,UP,MDP_PRIMITIVE_ACTION,MDP|UP,0.0,0.0,0.0,0,0.0,False,False,False,0.0,0
ORACLE_MDP,5,0,14,"OPEN (8, 0)",MDP_PRIMITIVE_ACTION,"MDP|OPEN (8, 0)",0.0,0.0,0.0,0,0.0,False,False,False,0.0,0
ORACLE_MDP,5,0,15,UP,MDP_PRIMITIVE_ACTION,MDP|UP,0.0,0.0,0.0,0,0.0,False,False,False,0.0,0
ORACLE_MDP,5,0,16,LEFT,MDP_PRIMITIVE_ACTION,MDP|LEFT,1.0,1.0,0.0,0,0.0,False,True,True,0.0,0
ORACLE_MDP,5,1,1,RIGHT,MDP_PRIMITIVE_ACTION,MDP|RIGHT,0.0,0.0,0.0,0,0.0,False,False,False,0.0,0
ORACLE_MDP,5,1,2,RIGHT,MDP_PRIMITIVE_ACTION,MDP|RIGHT,0.0,0.0,0.0,0,0.0,False,False,False,0.0,0
ORACLE_MDP,5,1,3,RIGHT,MDP_PRIMITIVE_ACTION,MDP|RIGHT,0.0,0.0,0.0,0,0.0,False,False,False,0.0,0
ORACLE_MDP,5,1,4,RIGHT,MDP_PRIMITIVE_ACTION,MDP|RIGHT,0.0,0.0,0.0,0,0.0,False,False,False,0.0,0
ORACLE_MDP,5,1,5,RIGHT,MDP_PRIMITIVE_ACTION,MDP|RIGHT,0.0,0.0,0.0,0,0.0,False,False,False,0.0,0
ORACLE_MDP,5,1,6,DOWN,MDP_PRIMITIVE_ACTION,MDP|DOWN,0.0,0.0,0.0,0,0.0,False,False,False,0.0,0
ORACLE_MDP,5,1,7,RIGHT,MDP_PRIMITIVE_ACTION,MDP|RIGHT,0.0,0.0,0.0,0,0.0,False,False,False,0.0,0
ORACLE_MDP,5,1,8,RIGHT,MDP_PRIMITIVE_ACTION,MDP|RIGHT,1.0,1.0,0.0,0,0.0,False,True,True,0.0,0
ORACLE_MDP,5,2,1,DOWN,MDP_PRIMITIVE_ACTION,MDP|DOWN,0.0,0.0,0.0,0,0.0,False,False,False,0.0,0
ORACLE_MDP,5,2,2,DOWN,MDP_PRIMITIVE_ACTION,MDP|DOWN,0.0,0.0,0.0,0,0.0,False,False,False,0.0,0
ORACLE_MDP,5,2,3,DOWN,MDP_PRIMITIVE_ACTION,MDP|DOWN,0.0,0.0,0.0,0,0.0,False,False,False,0.0,0
ORACLE_MDP,5,2,4,RIGHT,MDP_PRIMITIVE_ACTION,MDP|RIGHT,0.0,0.0,0.0,0,0.0,False,False,False,0.0,0
ORACLE_MDP,5,2,5,RIGHT,MDP_PRIMITIVE_ACTION,MDP|RIGHT,0.0,0.0,0.0,0,0.0,False,False,False,0.0,0
ORACLE_MDP,5,2,6,RIGHT,MDP_PRIMITIVE_ACTION,MDP|RIGHT,0.0,0.0,0.0,0,0.0,False,False,False,0.0,0
ORACLE_MDP,5,2,7,DOWN,MDP_PRIMITIVE_ACTION,MDP|DOWN,0.0,0.0,0.0,0,0.0,False,False,False,0.0,0
ORACLE_MDP,5,2,8,RIGHT,MDP_PRIMITIVE_ACTION,MDP|RIGHT,0.0,0.0,0.0,0,0.0,False,False,False,0.0,0
ORACLE_MDP,5,2,9,RIGHT,MDP_PRIMITIVE_ACTION,MDP|RIGHT,1.0,1.0,0.0,0,0.0,False,True,True,0.0,0
ORACLE_MDP,5,3,1,DOWN,MDP_PRIMITIVE_ACTION,MDP|DOWN,0.0,0.0,0.0,0,0.0,False,False,False,0.0,0
ORACLE_MDP,5,3,2,DOWN,MDP_PRIMITIVE_ACTION,MDP|DOWN,0.0,0.0,0.0,0,0.0,False,False,False,0.0,0
ORACLE_MDP,5,3,3,RIGHT,MDP_PRIMITIVE_ACTION,MDP|RIGHT,0.0,0.0,0.0,0,0.0,False,False,False,0.0,0
ORACLE_MDP,5,3,4,RIGHT,MDP_PRIMITIVE_ACTION,MDP|RIGHT,0.0,0.0,0.0,0,0.0,False,False,False,0.0,0
ORACLE_MDP,5,3,5,DOWN,MDP_PRIMITIVE_ACTION,MDP|DOWN,0.0,0.0,0.0,0,0.0,False,False,False,0.0,0
ORACLE_MDP,5,3,6,RIGHT,MDP_PRIMITIVE_ACTION,MDP|RIGHT,0.0,0.0,0.0,0,0.0,False,False,False,0.0,0
ORACLE_MDP,5,3,7,DOWN,MDP_PRIMITIVE_ACTION,MDP|DOWN,1.0,1.0,0.0,0,0.0,False,True,True,0.0,0
ORACLE_MDP,5,4,1,RIGHT,MDP_PRIMITIVE_ACTION,MDP|RIGHT,0.0,0.0,0.0,0,0.0,False,False,False,0.0,0
ORACLE_MDP,5,4,2,RIGHT,MDP_PRIMITIVE_ACTION,MDP|RIGHT,0.0,0.0,0.0,0,0.0,False,False,False,0.0,0
ORACLE_MDP,5,4,3,RIGHT,MDP_PRIMITIVE_ACTION,MDP|RIGHT,0.0,0.0,0.0,0,0.0,False,False,False,0.0,0
ORACLE_MDP,5,4,4,DOWN,MDP_PRIMITIVE_ACTION,MDP|DOWN,0.0,0.0,0.0,0,0.0,False,False,False,0.0,0
ORACLE_MDP,5,4,5,RIGHT,MDP_PRIMITIVE_ACTION,MDP|RIGHT,0.0,0.0,0.0,0,0.0,False,False,False,0.0,0
ORACLE_MDP,5,4,6,DOWN,MDP_PRIMITIVE_ACTION,MDP|DOWN,0.0,0.0,0.0,0,0.0,False,False,False,0.0,0
ORACLE_MDP,5,4,7,DOWN,MDP_PRIMITIVE_ACTION,MDP|DOWN,0.0,0.0,0.0,0,0.0,False,False,False,0.0,0
ORACLE_MDP,5,4,8,DOWN,MDP_PRIMITIVE_ACTION,MDP|DOWN,0.0,0.0,0.0,0,0.0,False,False,False,0.0,0
ORACLE_MDP,5,4,9,LEFT,MDP_PRIMITIVE_ACTION,MDP|LEFT,1.0,1.0,0.0,0,0.0,False,True,True,0.0,0
ORACLE_MDP,5,5,1,DOWN,MDP_PRIMITIVE_ACTION,MDP|DOWN,0.0,0.0,0.0,0,0.0,False,False,False,0.0,0
ORACLE_MDP,5,5,2,DOWN,MDP_PRIMITIVE_ACTION,MDP|DOWN,0.0,0.0,0.0,0,0.0,False,False,False,0.0,0
ORACLE_MDP,5,5,3,RIGHT,MDP_PRIMITIVE_ACTION,MDP|RIGHT,0.0,0.0,0.0,0,0.0,False,False,False,0.0,0
ORACLE_MDP,5,5,4,DOWN,MDP_PRIMITIVE_ACTION,MDP|DOWN,0.0,0.0,0.0,0,0.0,False,False,False,0.0,0
ORACLE_MDP,5,5,5,DOWN,MDP_PRIMITIVE_ACTION,MDP|DOWN,0.0,0.0,0.0,0,0.0,False,False,False,0.0,0
ORACLE_MDP,5,5,6,RIGHT,MDP_PRIMITIVE_ACTION,MDP|RIGHT,0.0,0.0,0.0,0,0.0,False,False,False,0.0,0
ORACLE_MDP,5,5,7,RIGHT,MDP_PRIMITIVE_ACTION,MDP|RIGHT,1.0,1.0,0.0,0,0.0,False,True,True,0.0,0
ORACLE_MDP,5,6,1,DOWN,MDP_PRIMITIVE_ACTION,MDP|DOWN,0.0,0.0,0.0,0,0.0,False,False,False,0.0,0
ORACLE_MDP,5,6,2,DOWN,MDP_PRIMITIVE_ACTION,MDP|DOWN,0.0,0.0,0.0,0,0.0,False,False,False,0.0,0
ORACLE_MDP,5,6,3,RIGHT,MDP_PRIMITIVE_ACTION,MDP|RIGHT,0.0,0.0,0.0,0,0.0,False,False,False,0.0,0
ORACLE_MDP,5,6,4,RIGHT,MDP_PRIMITIVE_ACTION,MDP|RIGHT,0.0,0.0,0.0,0,0.0,False,False,False,0.0,0
ORACLE_MDP,5,6,5,RIGHT,MDP_PRIMITIVE_ACTION,MDP|RIGHT,0.0,0.0,0.0,0,0.0,False,False,False,0.0,0
ORACLE_MDP,5,6,6,RIGHT,MDP_PRIMITIVE_ACTION,MDP|RIGHT,0.0,0.0,0.0,0,0.0,False,False,False,0.0,0
ORACLE_MDP,5,6,7,DOWN,MDP_PRIMITIVE_ACTION,MDP|DOWN,1.0,1.0,0.0,0,0.0,False,True,True,0.0,0
ORACLE_MDP,5,7,1,RIGHT,MDP_PRIMITIVE_ACTION,MDP|RIGHT,0.0,0.0,0.0,0,0.0,False,False,False,0.0,0
ORACLE_MDP,5,7,2,RIGHT,MDP_PRIMITIVE_ACTION,MDP|RIGHT,0.0,0.0,0.0,0,0.0,False,False,False,0.0,0
ORACLE_MDP,5,7,3,RIGHT,MDP_PRIMITIVE_ACTION,MDP|RIGHT,0.0,0.0,0.0,0,0.0,False,False,False,0.0,0
ORACLE_MDP,5,7,4,RIGHT,MDP_PRIMITIVE_ACTION,MDP|RIGHT,0.0,0.0,0.0,0,0.0,False,False,False,0.0,0
ORACLE_MDP,5,7,5,RIGHT,MDP_PRIMITIVE_ACTION,MDP|RIGHT,0.0,0.0,0.0,0,0.0,False,False,False,0.0,0
ORACLE_MDP,5,7,6,RIGHT,MDP_PRIMITIVE_ACTION,MDP|RIGHT,0.0,0.0,0.0,0,0.0,False,False,False,0.0,0
ORACLE_MDP,5,7,7,UP,MDP_PRIMITIVE_ACTION,MDP|UP,1.0,1.0,0.0,0,0.0,False,True,True,0.0,0
ORACLE_MDP,5,8,1,DOWN,MDP_PRIMITIVE_ACTION,MDP|DOWN,0.0,0.0,0.0,0,0.0,False,False,False,0.0,0
ORACLE_MDP,5,8,2,DOWN,MDP_PRIMITIVE_ACTION,MDP|DOWN,0.0,0.0,0.0,0,0.0,False,False,False,0.0,0
ORACLE_MDP,5,8,3,DOWN,MDP_PRIMITIVE_ACTION,MDP|DOWN,0.0,0.0,0.0,0,0.0,False,False,False,0.0,0
ORACLE_MDP,5,8,4,RIGHT,MDP_PRIMITIVE_ACTION,MDP|RIGHT,0.0,0.0,0.0,0,0.0,False,False,False,0.0,0
ORACLE_MDP,5,8,5,RIGHT,MDP_PRIMITIVE_ACTION,MDP|RIGHT,0.0,0.0,0.0,0,0.0,False,False,False,0.0,0
ORACLE_MDP,5,8,6,RIGHT,MDP_PRIMITIVE_ACTION,MDP|RIGHT,0.0,0.0,0.0,0,0.0,False,False,False,0.0,0
ORACLE_MDP,5,8,7,RIGHT,MDP_PRIMITIVE_ACTION,MDP|RIGHT,0.0,0.0,0.0,0,0.0,False,False,False,0.0,0
ORACLE_MDP,5,8,8,RIGHT,MDP_PRIMITIVE_ACTION,MDP|RIGHT,0.0,0.0,0.0,0,0.0,False,False,False,0.0,0
ORACLE_MDP,5,8,9,RIGHT,MDP_PRIMITIVE_ACTION,MDP|RIGHT,0.0,0.0,0.0,0,0.0,False,False,False,0.0,0
ORACLE_MDP,5,8,10,RIGHT,MDP_PRIMITIVE_ACTION,MDP|RIGHT,1.0,1.0,0.0,0,0.0,False,True,True,0.0,0
ORACLE_MDP,5,9,1,DOWN,MDP_PRIMITIVE_ACTION,MDP|DOWN,0.0,0.0,0.0,0,0.0,False,False,False,0.0,0
ORACLE_MDP,5,9,2,DOWN,MDP_PRIMITIVE_ACTION,MDP|DOWN,0.0,0.0,0.0,0,0.0,False,False,False,0.0,0
ORACLE_MDP,5,9,3,DOWN,MDP_PRIMITIVE_ACTION,MDP|DOWN,0.0,0.0,0.0,0,0.0,False,False,False,0.0,0
ORACLE_MDP,5,9,4,DOWN,MDP_PRIMITIVE_ACTION,MDP|DOWN,0.0,0.0,0.0,0,0.0,False,False,False,0.0,0
ORACLE_MDP,5,9,5,LEFT,MDP_PRIMITIVE_ACTION,MDP|LEFT,0.0,0.0,0.0,0,0.0,False,False,False,0.0,0
ORACLE_MDP,5,9,6,UP,MDP_PRIMITIVE_ACTION,MDP|UP,0.0,0.0,0.0,0,0.0,False,False,False,0.0,0
ORACLE_MDP,5,9,7,RIGHT,MDP_PRIMITIVE_ACTION,MDP|RIGHT,0.0,0.0,0.0,0,0.0,False,False,False,0.0,0
ORACLE_MDP,5,9,8,UP,MDP_PRIMITIVE_ACTION,MDP|UP,0.0,0.0,0.0,0,0.0,False,False,False,0.0,0
ORACLE_MDP,5,9,9,UP,MDP_PRIMITIVE_ACTION,MDP|UP,0.0,0.0,0.0,0,0.0,False,False,False,0.0,0
ORACLE_MDP,5,9,10,UP,MDP_PRIMITIVE_ACTION,MDP|UP,0.0,0.0,0.0,0,0.0,False,False,False,0.0,0
ORACLE_MDP,5,9,11,RIGHT,MDP_PRIMITIVE_ACTION,MDP|RIGHT,0.0,0.0,0.0,0,0.0,False,False,False,0.0,0
ORACLE_MDP,5,9,12,RIGHT,MDP_PRIMITIVE_ACTION,MDP|RIGHT,0.0,0.0,0.0,0,0.0,False,False,False,0.0,0
ORACLE_MDP,5,9,13,"OPEN (4, 1)",MDP_PRIMITIVE_ACTION,"MDP|OPEN (4, 1)",0.0,0.0,0.0,0,0.0,False,False,False,0.0,0
ORACLE_MDP,5,9,14,RIGHT,MDP_PRIMITIVE_ACTION,MDP|RIGHT,0.0,0.0,0.0,0,0.0,False,False,False,0.0,0
ORACLE_MDP,5,9,15,RIGHT,MDP_PRIMITIVE_ACTION,MDP|RIGHT,0.0,0.0,0.0,0,0.0,False,False,False,0.0,0
ORACLE_MDP,5,9,16,RIGHT,MDP_PRIMITIVE_ACTION,MDP|RIGHT,0.0,0.0,0.0,0,0.0,False,False,False,0.0,0
ORACLE_MDP,5,9,17,DOWN,MDP_PRIMITIVE_ACTION,MDP|DOWN,0.0,0.0,0.0,0,0.0,False,False,False,0.0,0
ORACLE_MDP,5,9,18,RIGHT,MDP_PRIMITIVE_ACTION,MDP|RIGHT,1.0,1.0,0.0,0,0.0,False,True,True,0.0,0
ORACLE_MDP,5,10,1,DOWN,MDP_PRIMITIVE_ACTION,MDP|DOWN,0.0,0.0,0.0,0,0.0,False,False,False,0.0,0
ORACLE_MDP,5,10,2,DOWN,MDP_PRIMITIVE_ACTION,MDP|DOWN,0.0,0.0,0.0,0,0.0,False,False,False,0.0,0
ORACLE_MDP,5,10,3,RIGHT,MDP_PRIMITIVE_ACTION,MDP|RIGHT,0.0,0.0,0.0,0,0.0,False,False,False,0.0,0
ORACLE_MDP,5,10,4,RIGHT,MDP_PRIMITIVE_ACTION,MDP|RIGHT,0.0,0.0,0.0,0,0.0,False,False,False,0.0,0
ORACLE_MDP,5,10,5,RIGHT,MDP_PRIMITIVE_ACTION,MDP|RIGHT,0.0,0.0,0.0,0,0.0,False,False,False,0.0,0
ORACLE_MDP,5,10,6,DOWN,MDP_PRIMITIVE_ACTION,MDP|DOWN,0.0,0.0,0.0,0,0.0,False,False,False,0.0,0
ORACLE_MDP,5,10,7,RIGHT,MDP_PRIMITIVE_ACTION,MDP|RIGHT,0.0,0.0,0.0,0,0.0,False,False,False,0.0,0
ORACLE_MDP,5,10,8,RIGHT,MDP_PRIMITIVE_ACTION,MDP|RIGHT,0.0,0.0,0.0,0,0.0,False,False,False,0.0,0
ORACLE_MDP,5,10,9,RIGHT,MDP_PRIMITIVE_ACTION,MDP|RIGHT,0.0,0.0,0.0,0,0.0,False,False,False,0.0,0
ORACLE_MDP,5,10,10,RIGHT,MDP_PRIMITIVE_ACTION,MDP|RIGHT,1.0,1.0,0.0,0,0.0,False,True,True,0.0,0
ORACLE_MDP,5,11,1,DOWN,MDP_PRIMITIVE_ACTION,MDP|DOWN,0.0,0.0,0.0,0,0.0,False,False,False,0.0,0
ORACLE_MDP,5,11,2,RIGHT,MDP_PRIMITIVE_ACTION,MDP|RIGHT,0.0,0.0,0.0,0,0.0,False,False,False,0.0,0
ORACLE_MDP,5,11,3,RIGHT,MDP_PRIMITIVE_ACTION,MDP|RIGHT,0.0,0.0,0.0,0,0.0,False,False,False,0.0,0
ORACLE_MDP,5,11,4,RIGHT,MDP_PRIMITIVE_ACTION,MDP|RIGHT,0.0,0.0,0.0,0,0.0,False,False,False,0.0,0
ORACLE_MDP,5,11,5,RIGHT,MDP_PRIMITIVE_ACTION,MDP|RIGHT,0.0,0.0,0.0,0,0.0,False,False,False,0.0,0
ORACLE_MDP,5,11,6,RIGHT,MDP_PRIMITIVE_ACTION,MDP|RIGHT,0.0,0.0,0.0,0,0.0,False,False,False,0.0,0
ORACLE_MDP,5,11,7,DOWN,MDP_PRIMITIVE_ACTION,MDP|DOWN,0.0,0.0,0.0,0,0.0,False,False,False,0.0,0
ORACLE_MDP,5,11,8,DOWN,MDP_PRIMITIVE_ACTION,MDP|DOWN,1.0,1.0,0.0,0,0.0,False,True,True,0.0,0
ORACLE_MDP,5,12,1,DOWN,MDP_PRIMITIVE_ACTION,MDP|DOWN,0.0,0.0,0.0,0,0.0,False,False,False,0.0,0
ORACLE_MDP,5,12,2,DOWN,MDP_PRIMITIVE_ACTION,MDP|DOWN,0.0,0.0,0.0,0,0.0,False,False,False,0.0,0
ORACLE_MDP,5,12,3,RIGHT,MDP_PRIMITIVE_ACTION,MDP|RIGHT,0.0,0.0,0.0,0,0.0,False,False,False,0.0,0
ORACLE_MDP,5,12,4,RIGHT,MDP_PRIMITIVE_ACTION,MDP|RIGHT,0.0,0.0,0.0,0,0.0,False,False,False,0.0,0
ORACLE_MDP,5,12,5,RIGHT,MDP_PRIMITIVE_ACTION,MDP|RIGHT,0.0,0.0,0.0,0,0.0,False,False,False,0.0,0
ORACLE_MDP,5,12,6,RIGHT,MDP_PRIMITIVE_ACTION,MDP|RIGHT,0.0,0.0,0.0,0,0.0,False,False,False,0.0,0
ORACLE_MDP,5,12,7,DOWN,MDP_PRIMITIVE_ACTION,MDP|DOWN,0.0,0.0,0.0,0,0.0,False,False,False,0.0,0
ORACLE_MDP,5,12,8,DOWN,MDP_PRIMITIVE_ACTION,MDP|DOWN,0.0,0.0,0.0,0,0.0,False,False,False,0.0,0
ORACLE_MDP,5,12,9,RIGHT,MDP_PRIMITIVE_ACTION,MDP|RIGHT,0.0,0.0,0.0,0,0.0,False,False,False,0.0,0
ORACLE_MDP,5,12,10,RIGHT,MDP_PRIMITIVE_ACTION,MDP|RIGHT,1.0,1.0,0.0,0,0.0,False,True,True,0.0,0
ORACLE_MDP,5,13,1,DOWN,MDP_PRIMITIVE_ACTION,MDP|DOWN,0.0,0.0,0.0,0,0.0,False,False,False,0.0,0
ORACLE_MDP,5,13,2,DOWN,MDP_PRIMITIVE_ACTION,MDP|DOWN,0.0,0.0,0.0,0,0.0,False,False,False,0.0,0
ORACLE_MDP,5,13,3,RIGHT,MDP_PRIMITIVE_ACTION,MDP|RIGHT,0.0,0.0,0.0,0,0.0,False,False,False,0.0,0
ORACLE_MDP,5,13,4,RIGHT,MDP_PRIMITIVE_ACTION,MDP|RIGHT,0.0,0.0,0.0,0,0.0,False,False,False,0.0,0
ORACLE_MDP,5,13,5,RIGHT,MDP_PRIMITIVE_ACTION,MDP|RIGHT,0.0,0.0,0.0,0,0.0,False,False,False,0.0,0
ORACLE_MDP,5,13,6,RIGHT,MDP_PRIMITIVE_ACTION,MDP|RIGHT,0.0,0.0,0.0,0,0.0,False,False,False,0.0,0
ORACLE_MDP,5,13,7,RIGHT,MDP_PRIMITIVE_ACTION,MDP|RIGHT,0.0,0.0,0.0,0,0.0,False,False,False,0.0,0
ORACLE_MDP,5,13,8,RIGHT,MDP_PRIMITIVE_ACTION,MDP|RIGHT,1.0,1.0,0.0,0,0.0,False,True,True,0.0,0
ORACLE_MDP,5,14,1,RIGHT,MDP_PRIMITIVE_ACTION,MDP|RIGHT,0.0,0.0,0.0,0,0.0,False,False,False,0.0,0
ORACLE_MDP,5,14,2,RIGHT,MDP_PRIMITIVE_ACTION,MDP|RIGHT,0.0,0.0,0.0,0,0.0,False,False,False,0.0,0
ORACLE_MDP,5,14,3,RIGHT,MDP_PRIMITIVE_ACTION,MDP|RIGHT,0.0,0.0,0.0,0,0.0,False,False,False,0.0,0
ORACLE_MDP,5,14,4,DOWN,MDP_PRIMITIVE_ACTION,MDP|DOWN,0.0,0.0,0.0,0,0.0,False,False,False,0.0,0
ORACLE_MDP,5,14,5,RIGHT,MDP_PRIMITIVE_ACTION,MDP|RIGHT,0.0,0.0,0.0,0,0.0,False,False,False,0.0,0
ORACLE_MDP,5,14,6,RIGHT,MDP_PRIMITIVE_ACTION,MDP|RIGHT,0.0,0.0,0.0,0,0.0,False,False,False,0.0,0
ORACLE_MDP,5,14,7,RIGHT,MDP_PRIMITIVE_ACTION,MDP|RIGHT,0.0,0.0,0.0,0,0.0,False,False,False,0.0,0
ORACLE_MDP,5,14,8,RIGHT,MDP_PRIMITIVE_ACTION,MDP|RIGHT,1.0,1.0,0.0,0,0.0,False,True,True,0.0,0
ORACLE_MDP,5,15,1,DOWN,MDP_PRIMITIVE_ACTION,MDP|DOWN,0.0,0.0,0.0,0,0.0,False,False,False,0.0,0
ORACLE_MDP,5,15,2,RIGHT,MDP_PRIMITIVE_ACTION,MDP|RIGHT,0.0,0.0,0.0,0,0.0,False,False,False,0.0,0
ORACLE_MDP,5,15,3,RIGHT,MDP_PRIMITIVE_ACTION,MDP|RIGHT,0.0,0.0,0.0,0,0.0,False,False,False,0.0,0
ORACLE_MDP,5,15,4,RIGHT,MDP_PRIMITIVE_ACTION,MDP|RIGHT,0.0,0.0,0.0,0,0.0,False,False,False,0.0,0
ORACLE_MDP,5,15,5,RIGHT,MDP_PRIMITIVE_ACTION,MDP|RIGHT,0.0,0.0,0.0,0,0.0,False,False,False,0.0,0
ORACLE_MDP,5,15,6,DOWN,MDP_PRIMITIVE_ACTION,MDP|DOWN,0.0,0.0,0.0,0,0.0,False,False,False,0.0,0
ORACLE_MDP,5,15,7,RIGHT,MDP_PRIMITIVE_ACTION,MDP|RIGHT,0.0,0.0,0.0,0,0.0,False,False,False,0.0,0
ORACLE_MDP,5,15,8,RIGHT,MDP_PRIMITIVE_ACTION,MDP|RIGHT,0.0,0.0,0.0,0,0.0,False,False,False,0.0,0
ORACLE_MDP,5,15,9,DOWN,MDP_PRIMITIVE_ACTION,MDP|DOWN,0.0,0.0,0.0,0,0.0,False,False,False,0.0,0
ORACLE_MDP,5,15,10,DOWN,MDP_PRIMITIVE_ACTION,MDP|DOWN,1.0,1.0,0.0,0,0.0,False,True,True,0.0,0
ORACLE_MDP,5,16,1,DOWN,MDP_PRIMITIVE_ACTION,MDP|DOWN,0.0,0.0,0.0,0,0.0,False,False,False,0.0,0
ORACLE_MDP,5,16,2,RIGHT,MDP_PRIMITIVE_ACTION,MDP|RIGHT,0.0,0.0,0.0,0,0.0,False,False,False,0.0,0
ORACLE_MDP,5,16,3,DOWN,MDP_PRIMITIVE_ACTION,MDP|DOWN,0.0,0.0,0.0,0,0.0,False,False,False,0.0,0
ORACLE_MDP,5,16,4,RIGHT,MDP_PRIMITIVE_ACTION,MDP|RIGHT,0.0,0.0,0.0,0,0.0,False,False,False,0.0,0
ORACLE_MDP,5,16,5,DOWN,MDP_PRIMITIVE_ACTION,MDP|DOWN,0.0,0.0,0.0,0,0.0,False,False,False,0.0,0
ORACLE_MDP,5,16,6,RIGHT,MDP_PRIMITIVE_ACTION,MDP|RIGHT,0.0,0.0,0.0,0,0.0,False,False,False,0.0,0
ORACLE_MDP,5,16,7,RIGHT,MDP_PRIMITIVE_ACTION,MDP|RIGHT,0.0,0.0,0.0,0,0.0,False,False,False,0.0,0
ORACLE_MDP,5,16,8,RIGHT,MDP_PRIMITIVE_ACTION,MDP|RIGHT,0.0,0.0,0.0,0,0.0,False,False,False,0.0,0
ORACLE_MDP,5,16,9,DOWN,MDP_PRIMITIVE_ACTION,MDP|DOWN,1.0,1.0,0.0,0,0.0,False,True,True,0.0,0
ORACLE_MDP,5,17,1,DOWN,MDP_PRIMITIVE_ACTION,MDP|DOWN,0.0,0.0,0.0,0,0.0,False,False,False,0.0,0
ORACLE_MDP,5,17,2,DOWN,MDP_PRIMITIVE_ACTION,MDP|DOWN,0.0,0.0,0.0,0,0.0,False,False,False,0.0,0
ORACLE_MDP,5,17,3,RIGHT,MDP_PRIMITIVE_ACTION,MDP|RIGHT,0.0,0.0,0.0,0,0.0,False,False,False,0.0,0
ORACLE_MDP,5,17,4,RIGHT,MDP_PRIMITIVE_ACTION,MDP|RIGHT,0.0,0.0,0.0,0,0.0,False,False,False,0.0,0
ORACLE_MDP,5,17,5,RIGHT,MDP_PRIMITIVE_ACTION,MDP|RIGHT,0.0,0.0,0.0,0,0.0,False,False,False,0.0,0
ORACLE_MDP,5,17,6,RIGHT,MDP_PRIMITIVE_ACTION,MDP|RIGHT,0.0,0.0,0.0,0,0.0,False,False,False,0.0,0
ORACLE_MDP,5,17,7,DOWN,MDP_PRIMITIVE_ACTION,MDP|DOWN,0.0,0.0,0.0,0,0.0,False,False,False,0.0,0
ORACLE_MDP,5,17,8,DOWN,MDP_PRIMITIVE_ACTION,MDP|DOWN,0.0,0.0,0.0,0,0.0,False,False,False,0.0,0
ORACLE_MDP,5,17,9,RIGHT,MDP_PRIMITIVE_ACTION,MDP|RIGHT,1.0,1.0,0.0,0,0.0,False,True,True,0.0,0
ORACLE_MDP,5,18,1,RIGHT,MDP_PRIMITIVE_ACTION,MDP|RIGHT,0.0,0.0,0.0,0,0.0,False,False,False,0.0,0
ORACLE_MDP,5,18,2,RIGHT,MDP_PRIMITIVE_ACTION,MDP|RIGHT,0.0,0.0,0.0,0,0.0,False,False,False,0.0,0
ORACLE_MDP,5,18,3,RIGHT,MDP_PRIMITIVE_ACTION,MDP|RIGHT,0.0,0.0,0.0,0,0.0,False,False,False,0.0,0
ORACLE_MDP,5,18,4,DOWN,MDP_PRIMITIVE_ACTION,MDP|DOWN,0.0,0.0,0.0,0,0.0,False,False,False,0.0,0
ORACLE_MDP,5,18,5,DOWN,MDP_PRIMITIVE_ACTION,MDP|DOWN,0.0,0.0,0.0,0,0.0,False,False,False,0.0,0
ORACLE_MDP,5,18,6,DOWN,MDP_PRIMITIVE_ACTION,MDP|DOWN,0.0,0.0,0.0,0,0.0,False,False,False,0.0,0
ORACLE_MDP,5,18,7,DOWN,MDP_PRIMITIVE_ACTION,MDP|DOWN,0.0,0.0,0.0,0,0.0,False,False,False,0.0,0
ORACLE_MDP,5,18,8,RIGHT,MDP_PRIMITIVE_ACTION,MDP|RIGHT,0.0,0.0,0.0,0,0.0,False,False,False,0.0,0
ORACLE_MDP,5,18,9,RIGHT,MDP_PRIMITIVE_ACTION,MDP|RIGHT,1.0,1.0,0.0,0,0.0,False,True,True,0.0,0
ORACLE_MDP,5,19,1,RIGHT,MDP_PRIMITIVE_ACTION,MDP|RIGHT,0.0,0.0,0.0,0,0.0,False,False,False,0.0,0
ORACLE_MDP,5,19,2,RIGHT,MDP_PRIMITIVE_ACTION,MDP|RIGHT,0.0,0.0,0.0,0,0.0,False,False,False,0.0,0
ORACLE_MDP,5,19,3,RIGHT,MDP_PRIMITIVE_ACTION,MDP|RIGHT,0.0,0.0,0.0,0,0.0,False,False,False,0.0,0
ORACLE_MDP,5,19,4,DOWN,MDP_PRIMITIVE_ACTION,MDP|DOWN,0.0,0.0,0.0,0,0.0,False,False,False,0.0,0
ORACLE_MDP,5,19,5,RIGHT,MDP_PRIMITIVE_ACTION,MDP|RIGHT,0.0,0.0,0.0,0,0.0,False,False,False,0.0,0
ORACLE_MDP,5,19,6,DOWN,MDP_PRIMITIVE_ACTION,MDP|DOWN,0.0,0.0,0.0,0,0.0,False,False,False,0.0,0
ORACLE_MDP,5,19,7,RIGHT,MDP_PRIMITIVE_ACTION,MDP|RIGHT,0.0,0.0,0.0,0,0.0,False,False,False,0.0,0
ORACLE_MDP,5,19,8,RIGHT,MDP_PRIMITIVE_ACTION,MDP|RIGHT,1.0,1.0,0.0,0,0.0,False,True,True,0.0,0
ORACLE_MDP,5,20,1,DOWN,MDP_PRIMITIVE_ACTION,MDP|DOWN,0.0,0.0,0.0,0,0.0,False,False,False,0.0,0
ORACLE_MDP,5,20,2,RIGHT,MDP_PRIMITIVE_ACTION,MDP|RIGHT,0.0,0.0,0.0,0,0.0,False,False,False,0.0,0
ORACLE_MDP,5,20,3,RIGHT,MDP_PRIMITIVE_ACTION,MDP|RIGHT,0.0,0.0,0.0,0,0.0,False,False,False,0.0,0
ORACLE_MDP,5,20,4,RIGHT,MDP_PRIMITIVE_ACTION,MDP|RIGHT,0.0,0.0,0.0,0,0.0,False,False,False,0.0,0
ORACLE_MDP,5,20,5,DOWN,MDP_PRIMITIVE_ACTION,MDP|DOWN,0.0,0.0,0.0,0,0.0,False,False,False,0.0,0
ORACLE_MDP,5,20,6,RIGHT,MDP_PRIMITIVE_ACTION,MDP|RIGHT,0.0,0.0,0.0,0,0.0,False,False,False,0.0,0
ORACLE_MDP,5,20,7,RIGHT,MDP_PRIMITIVE_ACTION,MDP|RIGHT,0.0,0.0,0.0,0,0.0,False,False,False,0.0,0
ORACLE_MDP,5,20,8,RIGHT,MDP_PRIMITIVE_ACTION,MDP|RIGHT,0.0,0.0,0.0,0,0.0,False,False,False,0.0,0
ORACLE_MDP,5,20,9,RIGHT,MDP_PRIMITIVE_ACTION,MDP|RIGHT,1.0,1.0,0.0,0,0.0,False,True,True,0.0,0
ORACLE_MDP,5,21,1,DOWN,MDP_PRIMITIVE_ACTION,MDP|DOWN,0.0,0.0,0.0,0,0.0,False,False,False,0.0,0
ORACLE_MDP,5,21,2,DOWN,MDP_PRIMITIVE_ACTION,MDP|DOWN,0.0,0.0,0.0,0,0.0,False,False,False,0.0,0
ORACLE_MDP,5,21,3,DOWN,MDP_PRIMITIVE_ACTION,MDP|DOWN,0.0,0.0,0.0,0,0.0,False,False,False,0.0,0
ORACLE_MDP,5,21,4,RIGHT,MDP_PRIMITIVE_ACTION,MDP|RIGHT,0.0,0.0,0.0,0,0.0,False,False,False,0.0,0
ORACLE_MDP,5,21,5,RIGHT,MDP_PRIMITIVE_ACTION,MDP|RIGHT,0.0,0.0,0.0,0,0.0,False,False,False,0.0,0
ORACLE_MDP,5,21,6,RIGHT,MDP_PRIMITIVE_ACTION,MDP|RIGHT,0.0,0.0,0.0,0,0.0,False,False,False,0.0,0
ORACLE_MDP,5,21,7,RIGHT,MDP_PRIMITIVE_ACTION,MDP|RIGHT,1.0,1.0,0.0,0,0.0,False,True,True,0.0,0
ORACLE_MDP,5,22,1,RIGHT,MDP_PRIMITIVE_ACTION,MDP|RIGHT,0.0,0.0,0.0,0,0.0,False,False,False,0.0,0
ORACLE_MDP,5,22,2,RIGHT,MDP_PRIMITIVE_ACTION,MDP|RIGHT,0.0,0.0,0.0,0,0.0,False,False,False,0.0,0
ORACLE_MDP,5,22,3,RIGHT,MDP_PRIMITIVE_ACTION,MDP|RIGHT,0.0,0.0,0.0,0,0.0,False,False,False,0.0,0
ORACLE_MDP,5,22,4,UP,MDP_PRIMITIVE_ACTION,MDP|UP,0.0,0.0,0.0,0,0.0,False,False,False,0.0,0
ORACLE_MDP,5,22,5,RIGHT,MDP_PRIMITIVE_ACTION,MDP|RIGHT,0.0,0.0,0.0,0,0.0,False,False,False,0.0,0
ORACLE_MDP,5,22,6,RIGHT,MDP_PRIMITIVE_ACTION,MDP|RIGHT,0.0,0.0,0.0,0,0.0,False,False,False,0.0,0
ORACLE_MDP,5,22,7,RIGHT,MDP_PRIMITIVE_ACTION,MDP|RIGHT,1.0,1.0,0.0,0,0.0,False,True,True,0.0,0
ORACLE_MDP,5,23,1,RIGHT,MDP_PRIMITIVE_ACTION,MDP|RIGHT,0.0,0.0,0.0,0,0.0,False,False,False,0.0,0
ORACLE_MDP,5,23,2,RIGHT,MDP_PRIMITIVE_ACTION,MDP|RIGHT,0.0,0.0,0.0,0,0.0,False,False,False,0.0,0
ORACLE_MDP,5,23,3,RIGHT,MDP_PRIMITIVE_ACTION,MDP|RIGHT,0.0,0.0,0.0,0,0.0,False,False,False,0.0,0
ORACLE_MDP,5,23,4,DOWN,MDP_PRIMITIVE_ACTION,MDP|DOWN,0.0,0.0,0.0,0,0.0,False,False,False,0.0,0
ORACLE_MDP,5,23,5,DOWN,MDP_PRIMITIVE_ACTION,MDP|DOWN,0.0,0.0,0.0,0,0.0,False,False,False,0.0,0
ORACLE_MDP,5,23,6,RIGHT,MDP_PRIMITIVE_ACTION,MDP|RIGHT,0.0,0.0,0.0,0,0.0,False,False,False,0.0,0
ORACLE_MDP,5,23,7,RIGHT,MDP_PRIMITIVE_ACTION,MDP|RIGHT,0.0,0.0,0.0,0,0.0,False,False,False,0.0,0
ORACLE_MDP,5,23,8,RIGHT,MDP_PRIMITIVE_ACTION,MDP|RIGHT,0.0,0.0,0.0,0,0.0,False,False,False,0.0,0
ORACLE_MDP,5,23,9,RIGHT,MDP_PRIMITIVE_ACTION,MDP|RIGHT,1.0,1.0,0.0,0,0.0,False,True,True,0.0,0
ORACLE_MDP,5,24,1,RIGHT,MDP_PRIMITIVE_ACTION,MDP|RIGHT,0.0,0.0,0.0,0,0.0,False,False,False,0.0,0
ORACLE_MDP,5,24,2,RIGHT,MDP_PRIMITIVE_ACTION,MDP|RIGHT,0.0,0.0,0.0,0,0.0,False,False,False,0.0,0
ORACLE_MDP,5,24,3,DOWN,MDP_PRIMITIVE_ACTION,MDP|DOWN,0.0,0.0,0.0,0,0.0,False,False,False,0.0,0
ORACLE_MDP,5,24,4,RIGHT,MDP_PRIMITIVE_ACTION,MDP|RIGHT,0.0,0.0,0.0,0,0.0,False,False,False,0.0,0
ORACLE_MDP,5,24,5,RIGHT,MDP_PRIMITIVE_ACTION,MDP|RIGHT,0.0,0.0,0.0,0,0.0,False,False,False,0.0,0
ORACLE_MDP,5,24,6,DOWN,MDP_PRIMITIVE_ACTION,MDP|DOWN,0.0,0.0,0.0,0,0.0,False,False,False,0.0,0
ORACLE_MDP,5,24,7,DOWN,MDP_PRIMITIVE_ACTION,MDP|DOWN,1.0,1.0,0.0,0,0.0,False,True,True,0.0,0
ORACLE_MDP,5,25,1,DOWN,MDP_PRIMITIVE_ACTION,MDP|DOWN,0.0,0.0,0.0,0,0.0,False,False,False,0.0,0
ORACLE_MDP,5,25,2,DOWN,MDP_PRIMITIVE_ACTION,MDP|DOWN,0.0,0.0,0.0,0,0.0,False,False,False,0.0,0
ORACLE_MDP,5,25,3,RIGHT,MDP_PRIMITIVE_ACTION,MDP|RIGHT,0.0,0.0,0.0,0,0.0,False,False,False,0.0,0
ORACLE_MDP,5,25,4,RIGHT,MDP_PRIMITIVE_ACTION,MDP|RIGHT,0.0,0.0,0.0,0,0.0,False,False,False,0.0,0
ORACLE_MDP,5,25,5,DOWN,MDP_PRIMITIVE_ACTION,MDP|DOWN,0.0,0.0,0.0,0,0.0,False,False,False,0.0,0
ORACLE_MDP,5,25,6,RIGHT,MDP_PRIMITIVE_ACTION,MDP|RIGHT,0.0,0.0,0.0,0,0.0,False,False,False,0.0,0
ORACLE_MDP,5,25,7,RIGHT,MDP_PRIMITIVE_ACTION,MDP|RIGHT,0.0,0.0,0.0,0,0.0,False,False,False,0.0,0
ORACLE_MDP,5,25,8,RIGHT,MDP_PRIMITIVE_ACTION,MDP|RIGHT,1.0,1.0,0.0,0,0.0,False,True,True,0.0,0
ORACLE_MDP,5,26,1,DOWN,MDP_PRIMITIVE_ACTION,MDP|DOWN,0.0,0.0,0.0,0,0.0,False,False,False,0.0,0
ORACLE_MDP,5,26,2,RIGHT,MDP_PRIMITIVE_ACTION,MDP|RIGHT,0.0,0.0,0.0,0,0.0,False,False,False,0.0,0
ORACLE_MDP,5,26,3,RIGHT,MDP_PRIMITIVE_ACTION,MDP|RIGHT,0.0,0.0,0.0,0,0.0,False,False,False,0.0,0
ORACLE_MDP,5,26,4,RIGHT,MDP_PRIMITIVE_ACTION,MDP|RIGHT,0.0,0.0,0.0,0,0.0,False,False,False,0.0,0
ORACLE_MDP,5,26,5,DOWN,MDP_PRIMITIVE_ACTION,MDP|DOWN,0.0,0.0,0.0,0,0.0,False,False,False,0.0,0
ORACLE_MDP,5,26,6,RIGHT,MDP_PRIMITIVE_ACTION,MDP|RIGHT,0.0,0.0,0.0,0,0.0,False,False,False,0.0,0
ORACLE_MDP,5,26,7,RIGHT,MDP_PRIMITIVE_ACTION,MDP|RIGHT,0.0,0.0,0.0,0,0.0,False,False,False,0.0,0
ORACLE_MDP,5,26,8,RIGHT,MDP_PRIMITIVE_ACTION,MDP|RIGHT,0.0,0.0,0.0,0,0.0,False,False,False,0.0,0
ORACLE_MDP,5,26,9,RIGHT,MDP_PRIMITIVE_ACTION,MDP|RIGHT,1.0,1.0,0.0,0,0.0,False,True,True,0.0,0
ORACLE_MDP,5,27,1,DOWN,MDP_PRIMITIVE_ACTION,MDP|DOWN,0.0,0.0,0.0,0,0.0,False,False,False,0.0,0
ORACLE_MDP,5,27,2,DOWN,MDP_PRIMITIVE_ACTION,MDP|DOWN,0.0,0.0,0.0,0,0.0,False,False,False,0.0,0
ORACLE_MDP,5,27,3,RIGHT,MDP_PRIMITIVE_ACTION,MDP|RIGHT,0.0,0.0,0.0,0,0.0,False,False,False,0.0,0
ORACLE_MDP,5,27,4,RIGHT,MDP_PRIMITIVE_ACTION,MDP|RIGHT,0.0,0.0,0.0,0,0.0,False,False,False,0.0,0
ORACLE_MDP,5,27,5,RIGHT,MDP_PRIMITIVE_ACTION,MDP|RIGHT,0.0,0.0,0.0,0,0.0,False,False,False,0.0,0
ORACLE_MDP,5,27,6,RIGHT,MDP_PRIMITIVE_ACTION,MDP|RIGHT,0.0,0.0,0.0,0,0.0,False,False,False,0.0,0
ORACLE_MDP,5,27,7,RIGHT,MDP_PRIMITIVE_ACTION,MDP|RIGHT,0.0,0.0,0.0,0,0.0,False,False,False,0.0,0
ORACLE_MDP,5,27,8,RIGHT,MDP_PRIMITIVE_ACTION,MDP|RIGHT,0.0,0.0,0.0,0,0.0,False,False,False,0.0,0
ORACLE_MDP,5,27,9,UP,MDP_PRIMITIVE_ACTION,MDP|UP,1.0,1.0,0.0,0,0.0,False,True,True,0.0,0
ORACLE_MDP,5,28,1,DOWN,MDP_PRIMITIVE_ACTION,MDP|DOWN,0.0,0.0,0.0,0,0.0,False,False,False,0.0,0
ORACLE_MDP,5,28,2,DOWN,MDP_PRIMITIVE_ACTION,MDP|DOWN,0.0,0.0,0.0,0,0.0,False,False,False,0.0,0
ORACLE_MDP,5,28,3,RIGHT,MDP_PRIMITIVE_ACTION,MDP|RIGHT,0.0,0.0,0.0,0,0.0,False,False,False,0.0,0
ORACLE_MDP,5,28,4,DOWN,MDP_PRIMITIVE_ACTION,MDP|DOWN,0.0,0.0,0.0,0,0.0,False,False,False,0.0,0
ORACLE_MDP,5,28,5,RIGHT,MDP_PRIMITIVE_ACTION,MDP|RIGHT,0.0,0.0,0.0,0,0.0,False,False,False,0.0,0
ORACLE_MDP,5,28,6,DOWN,MDP_PRIMITIVE_ACTION,MDP|DOWN,0.0,0.0,0.0,0,0.0,False,False,False,0.0,0
ORACLE_MDP,5,28,7,RIGHT,MDP_PRIMITIVE_ACTION,MDP|RIGHT,0.0,0.0,0.0,0,0.0,False,False,False,0.0,0
ORACLE_MDP,5,28,8,RIGHT,MDP_PRIMITIVE_ACTION,MDP|RIGHT,0.0,0.0,0.0,0,0.0,False,False,False,0.0,0
ORACLE_MDP,5,28,9,UP,MDP_PRIMITIVE_ACTION,MDP|UP,0.0,0.0,0.0,0,0.0,False,False,False,0.0,0
ORACLE_MDP,5,28,10,RIGHT,MDP_PRIMITIVE_ACTION,MDP|RIGHT,0.0,0.0,0.0,0,0.0,False,False,False,0.0,0
ORACLE_MDP,5,28,11,UP,MDP_PRIMITIVE_ACTION,MDP|UP,0.0,0.0,0.0,0,0.0,False,False,False,0.0,0
ORACLE_MDP,5,28,12,UP,MDP_PRIMITIVE_ACTION,MDP|UP,0.0,0.0,0.0,0,0.0,False,False,False,0.0,0
ORACLE_MDP,5,28,13,UP,MDP_PRIMITIVE_ACTION,MDP|UP,0.0,0.0,0.0,0,0.0,False,False,False,0.0,0
ORACLE_MDP,5,28,14,RIGHT,MDP_PRIMITIVE_ACTION,MDP|RIGHT,0.0,0.0,0.0,0,0.0,False,False,False,0.0,0
ORACLE_MDP,5,28,15,RIGHT,MDP_PRIMITIVE_ACTION,MDP|RIGHT,1.0,1.0,0.0,0,0.0,False,True,True,0.0,0
ORACLE_MDP,5,29,1,DOWN,MDP_PRIMITIVE_ACTION,MDP|DOWN,0.0,0.0,0.0,0,0.0,False,False,False,0.0,0
ORACLE_MDP,5,29,2,DOWN,MDP_PRIMITIVE_ACTION,MDP|DOWN,0.0,0.0,0.0,0,0.0,False,False,False,0.0,0
ORACLE_MDP,5,29,3,RIGHT,MDP_PRIMITIVE_ACTION,MDP|RIGHT,0.0,0.0,0.0,0,0.0,False,False,False,0.0,0
ORACLE_MDP,5,29,4,DOWN,MDP_PRIMITIVE_ACTION,MDP|DOWN,0.0,0.0,0.0,0,0.0,False,False,False,0.0,0
ORACLE_MDP,5,29,5,RIGHT,MDP_PRIMITIVE_ACTION,MDP|RIGHT,0.0,0.0,0.0,0,0.0,False,False,False,0.0,0
ORACLE_MDP,5,29,6,RIGHT,MDP_PRIMITIVE_ACTION,MDP|RIGHT,0.0,0.0,0.0,0,0.0,False,False,False,0.0,0
ORACLE_MDP,5,29,7,DOWN,MDP_PRIMITIVE_ACTION,MDP|DOWN,0.0,0.0,0.0,0,0.0,False,False,False,0.0,0
ORACLE_MDP,5,29,8,RIGHT,MDP_PRIMITIVE_ACTION,MDP|RIGHT,1.0,1.0,0.0,0,0.0,False,True,True,0.0,0
ORACLE_MDP,6,0,1,DOWN,MDP_PRIMITIVE_ACTION,MDP|DOWN,0.0,0.0,0.0,0,0.0,False,False,False,0.0,0
ORACLE_MDP,6,0,2,DOWN,MDP_PRIMITIVE_ACTION,MDP|DOWN,0.0,0.0,0.0,0,0.0,False,False,False,0.0,0
ORACLE_MDP,6,0,3,RIGHT,MDP_PRIMITIVE_ACTION,MDP|RIGHT,0.0,0.0,0.0,0,0.0,False,False,False,0.0,0
ORACLE_MDP,6,0,4,RIGHT,MDP_PRIMITIVE_ACTION,MDP|RIGHT,0.0,0.0,0.0,0,0.0,False,False,False,0.0,0
ORACLE_MDP,6,0,5,DOWN,MDP_PRIMITIVE_ACTION,MDP|DOWN,0.0,0.0,0.0,0,0.0,False,False,False,0.0,0
ORACLE_MDP,6,0,6,RIGHT,MDP_PRIMITIVE_ACTION,MDP|RIGHT,0.0,0.0,0.0,0,0.0,False,False,False,0.0,0
ORACLE_MDP,6,0,7,RIGHT,MDP_PRIMITIVE_ACTION,MDP|RIGHT,0.0,0.0,0.0,0,0.0,False,False,False,0.0,0
ORACLE_MDP,6,0,8,DOWN,MDP_PRIMITIVE_ACTION,MDP|DOWN,1.0,1.0,0.0,0,0.0,False,True,True,0.0,0
ORACLE_MDP,6,1,1,RIGHT,MDP_PRIMITIVE_ACTION,MDP|RIGHT,0.0,0.0,0.0,0,0.0,False,False,False,0.0,0
ORACLE_MDP,6,1,2,RIGHT,MDP_PRIMITIVE_ACTION,MDP|RIGHT,0.0,0.0,0.0,0,0.0,False,False,False,0.0,0
ORACLE_MDP,6,1,3,RIGHT,MDP_PRIMITIVE_ACTION,MDP|RIGHT,0.0,0.0,0.0,0,0.0,False,False,False,0.0,0
ORACLE_MDP,6,1,4,RIGHT,MDP_PRIMITIVE_ACTION,MDP|RIGHT,0.0,0.0,0.0,0,0.0,False,False,False,0.0,0
ORACLE_MDP,6,1,5,RIGHT,MDP_PRIMITIVE_ACTION,MDP|RIGHT,0.0,0.0,0.0,0,0.0,False,False,False,0.0,0
ORACLE_MDP,6,1,6,RIGHT,MDP_PRIMITIVE_ACTION,MDP|RIGHT,0.0,0.0,0.0,0,0.0,False,False,False,0.0,0
ORACLE_MDP,6,1,7,RIGHT,MDP_PRIMITIVE_ACTION,MDP|RIGHT,1.0,1.0,0.0,0,0.0,False,True,True,0.0,0
ORACLE_MDP,6,2,1,DOWN,MDP_PRIMITIVE_ACTION,MDP|DOWN,0.0,0.0,0.0,0,0.0,False,False,False,0.0,0
ORACLE_MDP,6,2,2,DOWN,MDP_PRIMITIVE_ACTION,MDP|DOWN,0.0,0.0,0.0,0,0.0,False,False,False,0.0,0
ORACLE_MDP,6,2,3,RIGHT,MDP_PRIMITIVE_ACTION,MDP|RIGHT,0.0,0.0,0.0,0,0.0,False,False,False,0.0,0
ORACLE_MDP,6,2,4,RIGHT,MDP_PRIMITIVE_ACTION,MDP|RIGHT,0.0,0.0,0.0,0,0.0,False,False,False,0.0,0
ORACLE_MDP,6,2,5,RIGHT,MDP_PRIMITIVE_ACTION,MDP|RIGHT,0.0,0.0,0.0,0,0.0,False,False,False,0.0,0
ORACLE_MDP,6,2,6,RIGHT,MDP_PRIMITIVE_ACTION,MDP|RIGHT,0.0,0.0,0.0,0,0.0,False,False,False,0.0,0
ORACLE_MDP,6,2,7,RIGHT,MDP_PRIMITIVE_ACTION,MDP|RIGHT,1.0,1.0,0.0,0,0.0,False,True,True,0.0,0
ORACLE_MDP,6,3,1,RIGHT,MDP_PRIMITIVE_ACTION,MDP|RIGHT,0.0,0.0,0.0,0,0.0,False,False,False,0.0,0
ORACLE_MDP,6,3,2,RIGHT,MDP_PRIMITIVE_ACTION,MDP|RIGHT,0.0,0.0,0.0,0,0.0,False,False,False,0.0,0
ORACLE_MDP,6,3,3,RIGHT,MDP_PRIMITIVE_ACTION,MDP|RIGHT,0.0,0.0,0.0,0,0.0,False,False,False,0.0,0
ORACLE_MDP,6,3,4,RIGHT,MDP_PRIMITIVE_ACTION,MDP|RIGHT,0.0,0.0,0.0,0,0.0,False,False,False,0.0,0
ORACLE_MDP,6,3,5,RIGHT,MDP_PRIMITIVE_ACTION,MDP|RIGHT,0.0,0.0,0.0,0,0.0,False,False,False,0.0,0
ORACLE_MDP,6,3,6,RIGHT,MDP_PRIMITIVE_ACTION,MDP|RIGHT,0.0,0.0,0.0,0,0.0,False,False,False,0.0,0
ORACLE_MDP,6,3,7,RIGHT,MDP_PRIMITIVE_ACTION,MDP|RIGHT,1.0,1.0,0.0,0,0.0,False,True,True,0.0,0
ORACLE_MDP,6,4,1,UP,MDP_PRIMITIVE_ACTION,MDP|UP,0.0,0.0,0.0,0,0.0,False,False,False,0.0,0
ORACLE_MDP,6,4,2,RIGHT,MDP_PRIMITIVE_ACTION,MDP|RIGHT,0.0,0.0,0.0,0,0.0,False,False,False,0.0,0
ORACLE_MDP,6,4,3,RIGHT,MDP_PRIMITIVE_ACTION,MDP|RIGHT,0.0,0.0,0.0,0,0.0,False,False,False,0.0,0
ORACLE_MDP,6,4,4,RIGHT,MDP_PRIMITIVE_ACTION,MDP|RIGHT,0.0,0.0,0.0,0,0.0,False,False,False,0.0,0
ORACLE_MDP,6,4,5,RIGHT,MDP_PRIMITIVE_ACTION,MDP|RIGHT,0.0,0.0,0.0,0,0.0,False,False,False,0.0,0
ORACLE_MDP,6,4,6,RIGHT,MDP_PRIMITIVE_ACTION,MDP|RIGHT,0.0,0.0,0.0,0,0.0,False,False,False,0.0,0
ORACLE_MDP,6,4,7,DOWN,MDP_PRIMITIVE_ACTION,MDP|DOWN,0.0,0.0,0.0,0,0.0,False,False,False,0.0,0
ORACLE_MDP,6,4,8,RIGHT,MDP_PRIMITIVE_ACTION,MDP|RIGHT,0.0,0.0,0.0,0,0.0,False,False,False,0.0,0
ORACLE_MDP,6,4,9,RIGHT,MDP_PRIMITIVE_ACTION,MDP|RIGHT,1.0,1.0,0.0,0,0.0,False,True,True,0.0,0
ORACLE_MDP,6,5,1,RIGHT,MDP_PRIMITIVE_ACTION,MDP|RIGHT,0.0,0.0,0.0,0,0.0,False,False,False,0.0,0
ORACLE_MDP,6,5,2,RIGHT,MDP_PRIMITIVE_ACTION,MDP|RIGHT,0.0,0.0,0.0,0,0.0,False,False,False,0.0,0
ORACLE_MDP,6,5,3,UP,MDP_PRIMITIVE_ACTION,MDP|UP,0.0,0.0,0.0,0,0.0,False,False,False,0.0,0
ORACLE_MDP,6,5,4,RIGHT,MDP_PRIMITIVE_ACTION,MDP|RIGHT,0.0,0.0,0.0,0,0.0,False,False,False,0.0,0
ORACLE_MDP,6,5,5,RIGHT,MDP_PRIMITIVE_ACTION,MDP|RIGHT,0.0,0.0,0.0,0,0.0,False,False,False,0.0,0
ORACLE_MDP,6,5,6,RIGHT,MDP_PRIMITIVE_ACTION,MDP|RIGHT,0.0,0.0,0.0,0,0.0,False,False,False,0.0,0
ORACLE_MDP,6,5,7,RIGHT,MDP_PRIMITIVE_ACTION,MDP|RIGHT,0.0,0.0,0.0,0,0.0,False,False,False,0.0,0
ORACLE_MDP,6,5,8,RIGHT,MDP_PRIMITIVE_ACTION,MDP|RIGHT,0.0,0.0,0.0,0,0.0,False,False,False,0.0,0
ORACLE_MDP,6,5,9,DOWN,MDP_PRIMITIVE_ACTION,MDP|DOWN,0.0,0.0,0.0,0,0.0,False,False,False,0.0,0
ORACLE_MDP,6,5,10,DOWN,MDP_PRIMITIVE_ACTION,MDP|DOWN,0.0,0.0,0.0,0,0.0,False,False,False,0.0,0
ORACLE_MDP,6,5,11,LEFT,MDP_PRIMITIVE_ACTION,MDP|LEFT,1.0,1.0,0.0,0,0.0,False,True,True,0.0,0
ORACLE_MDP,6,6,1,DOWN,MDP_PRIMITIVE_ACTION,MDP|DOWN,0.0,0.0,0.0,0,0.0,False,False,False,0.0,0
ORACLE_MDP,6,6,2,DOWN,MDP_PRIMITIVE_ACTION,MDP|DOWN,0.0,0.0,0.0,0,0.0,False,False,False,0.0,0
ORACLE_MDP,6,6,3,DOWN,MDP_PRIMITIVE_ACTION,MDP|DOWN,0.0,0.0,0.0,0,0.0,False,False,False,0.0,0
ORACLE_MDP,6,6,4,RIGHT,MDP_PRIMITIVE_ACTION,MDP|RIGHT,0.0,0.0,0.0,0,0.0,False,False,False,0.0,0
ORACLE_MDP,6,6,5,RIGHT,MDP_PRIMITIVE_ACTION,MDP|RIGHT,0.0,0.0,0.0,0,0.0,False,False,False,0.0,0
ORACLE_MDP,6,6,6,RIGHT,MDP_PRIMITIVE_ACTION,MDP|RIGHT,0.0,0.0,0.0,0,0.0,False,False,False,0.0,0
ORACLE_MDP,6,6,7,RIGHT,MDP_PRIMITIVE_ACTION,MDP|RIGHT,0.0,0.0,0.0,0,0.0,False,False,False,0.0,0
ORACLE_MDP,6,6,8,"OPEN (6, 4)",MDP_PRIMITIVE_ACTION,"MDP|OPEN (6, 4)",0.0,0.0,0.0,0,0.0,False,False,False,0.0,0
ORACLE_MDP,6,6,9,RIGHT,MDP_PRIMITIVE_ACTION,MDP|RIGHT,0.0,0.0,0.0,0,0.0,False,False,False,0.0,0
ORACLE_MDP,6,6,10,RIGHT,MDP_PRIMITIVE_ACTION,MDP|RIGHT,1.0,1.0,0.0,0,0.0,False,True,True,0.0,0
ORACLE_MDP,6,7,1,DOWN,MDP_PRIMITIVE_ACTION,MDP|DOWN,0.0,0.0,0.0,0,0.0,False,False,False,0.0,0
ORACLE_MDP,6,7,2,DOWN,MDP_PRIMITIVE_ACTION,MDP|DOWN,0.0,0.0,0.0,0,0.0,False,False,False,0.0,0
ORACLE_MDP,6,7,3,RIGHT,MDP_PRIMITIVE_ACTION,MDP|RIGHT,0.0,0.0,0.0,0,0.0,False,False,False,0.0,0
ORACLE_MDP,6,7,4,DOWN,MDP_PRIMITIVE_ACTION,MDP|DOWN,0.0,0.0,0.0,0,0.0,False,False,False,0.0,0
ORACLE_MDP,6,7,5,RIGHT,MDP_PRIMITIVE_ACTION,MDP|RIGHT,0.0,0.0,0.0,0,0.0,False,False,False,0.0,0
ORACLE_MDP,6,7,6,RIGHT,MDP_PRIMITIVE_ACTION,MDP|RIGHT,0.0,0.0,0.0,0,0.0,False,False,False,0.0,0
ORACLE_MDP,6,7,7,UP,MDP_PRIMITIVE_ACTION,MDP|UP,0.0,0.0,0.0,0,0.0,False,False,False,0.0,0
ORACLE_MDP,6,7,8,RIGHT,MDP_PRIMITIVE_ACTION,MDP|RIGHT,0.0,0.0,0.0,0,0.0,False,False,False,0.0,0
ORACLE_MDP,6,7,9,UP,MDP_PRIMITIVE_ACTION,MDP|UP,0.0,0.0,0.0,0,0.0,False,False,False,0.0,0
ORACLE_MDP,6,7,10,UP,MDP_PRIMITIVE_ACTION,MDP|UP,0.0,0.0,0.0,0,0.0,False,False,False,0.0,0
ORACLE_MDP,6,7,11,UP,MDP_PRIMITIVE_ACTION,MDP|UP,0.0,0.0,0.0,0,0.0,False,False,False,0.0,0
ORACLE_MDP,6,7,12,RIGHT,MDP_PRIMITIVE_ACTION,MDP|RIGHT,0.0,0.0,0.0,0,0.0,False,False,False,0.0,0
ORACLE_MDP,6,7,13,RIGHT,MDP_PRIMITIVE_ACTION,MDP|RIGHT,0.0,0.0,0.0,0,0.0,False,False,False,0.0,0
ORACLE_MDP,6,7,14,RIGHT,MDP_PRIMITIVE_ACTION,MDP|RIGHT,1.0,1.0,0.0,0,0.0,False,True,True,0.0,0
ORACLE_MDP,6,8,1,DOWN,MDP_PRIMITIVE_ACTION,MDP|DOWN,0.0,0.0,0.0,0,0.0,False,False,False,0.0,0
ORACLE_MDP,6,8,2,RIGHT,MDP_PRIMITIVE_ACTION,MDP|RIGHT,0.0,0.0,0.0,0,0.0,False,False,False,0.0,0
ORACLE_MDP,6,8,3,RIGHT,MDP_PRIMITIVE_ACTION,MDP|RIGHT,0.0,0.0,0.0,0,0.0,False,False,False,0.0,0
ORACLE_MDP,6,8,4,RIGHT,MDP_PRIMITIVE_ACTION,MDP|RIGHT,0.0,0.0,0.0,0,0.0,False,False,False,0.0,0
ORACLE_MDP,6,8,5,UP,MDP_PRIMITIVE_ACTION,MDP|UP,0.0,0.0,0.0,0,0.0,False,False,False,0.0,0
ORACLE_MDP,6,8,6,RIGHT,MDP_PRIMITIVE_ACTION,MDP|RIGHT,0.0,0.0,0.0,0,0.0,False,False,False,0.0,0
ORACLE_MDP,6,8,7,RIGHT,MDP_PRIMITIVE_ACTION,MDP|RIGHT,0.0,0.0,0.0,0,0.0,False,False,False,0.0,0
ORACLE_MDP,6,8,8,RIGHT,MDP_PRIMITIVE_ACTION,MDP|RIGHT,0.0,0.0,0.0,0,0.0,False,False,False,0.0,0
ORACLE_MDP,6,8,9,RIGHT,MDP_PRIMITIVE_ACTION,MDP|RIGHT,0.0,0.0,0.0,0,0.0,False,False,False,0.0,0
ORACLE_MDP,6,8,10,UP,MDP_PRIMITIVE_ACTION,MDP|UP,1.0,1.0,0.0,0,0.0,False,True,True,0.0,0
ORACLE_MDP,6,9,1,DOWN,MDP_PRIMITIVE_ACTION,MDP|DOWN,0.0,0.0,0.0,0,0.0,False,False,False,0.0,0
ORACLE_MDP,6,9,2,DOWN,MDP_PRIMITIVE_ACTION,MDP|DOWN,0.0,0.0,0.0,0,0.0,False,False,False,0.0,0
ORACLE_MDP,6,9,3,DOWN,MDP_PRIMITIVE_ACTION,MDP|DOWN,0.0,0.0,0.0,0,0.0,False,False,False,0.0,0
ORACLE_MDP,6,9,4,RIGHT,MDP_PRIMITIVE_ACTION,MDP|RIGHT,0.0,0.0,0.0,0,0.0,False,False,False,0.0,0
ORACLE_MDP,6,9,5,RIGHT,MDP_PRIMITIVE_ACTION,MDP|RIGHT,0.0,0.0,0.0,0,0.0,False,False,False,0.0,0
ORACLE_MDP,6,9,6,RIGHT,MDP_PRIMITIVE_ACTION,MDP|RIGHT,0.0,0.0,0.0,0,0.0,False,False,False,0.0,0
ORACLE_MDP,6,9,7,RIGHT,MDP_PRIMITIVE_ACTION,MDP|RIGHT,0.0,0.0,0.0,0,0.0,False,False,False,0.0,0
ORACLE_MDP,6,9,8,UP,MDP_PRIMITIVE_ACTION,MDP|UP,0.0,0.0,0.0,0,0.0,False,False,False,0.0,0
ORACLE_MDP,6,9,9,UP,MDP_PRIMITIVE_ACTION,MDP|UP,0.0,0.0,0.0,0,0.0,False,False,False,0.0,0
ORACLE_MDP,6,9,10,UP,MDP_PRIMITIVE_ACTION,MDP|UP,0.0,0.0,0.0,0,0.0,False,False,False,0.0,0
ORACLE_MDP,6,9,11,RIGHT,MDP_PRIMITIVE_ACTION,MDP|RIGHT,0.0,0.0,0.0,0,0.0,False,False,False,0.0,0
ORACLE_MDP,6,9,12,UP,MDP_PRIMITIVE_ACTION,MDP|UP,0.0,0.0,0.0,0,0.0,False,False,False,0.0,0
ORACLE_MDP,6,9,13,RIGHT,MDP_PRIMITIVE_ACTION,MDP|RIGHT,1.0,1.0,0.0,0,0.0,False,True,True,0.0,0
ORACLE_MDP,6,10,1,DOWN,MDP_PRIMITIVE_ACTION,MDP|DOWN,0.0,0.0,0.0,0,0.0,False,False,False,0.0,0
ORACLE_MDP,6,10,2,DOWN,MDP_PRIMITIVE_ACTION,MDP|DOWN,0.0,0.0,0.0,0,0.0,False,False,False,0.0,0
ORACLE_MDP,6,10,3,DOWN,MDP_PRIMITIVE_ACTION,MDP|DOWN,0.0,0.0,0.0,0,0.0,False,False,False,0.0,0
ORACLE_MDP,6,10,4,RIGHT,MDP_PRIMITIVE_ACTION,MDP|RIGHT,0.0,0.0,0.0,0,0.0,False,False,False,0.0,0
ORACLE_MDP,6,10,5,RIGHT,MDP_PRIMITIVE_ACTION,MDP|RIGHT,0.0,0.0,0.0,0,0.0,False,False,False,0.0,0
ORACLE_MDP,6,10,6,RIGHT,MDP_PRIMITIVE_ACTION,MDP|RIGHT,0.0,0.0,0.0,0,0.0,False,False,False,0.0,0
ORACLE_MDP,6,10,7,DOWN,MDP_PRIMITIVE_ACTION,MDP|DOWN,0.0,0.0,0.0,0,0.0,False,False,False,0.0,0
ORACLE_MDP,6,10,8,RIGHT,MDP_PRIMITIVE_ACTION,MDP|RIGHT,1.0,1.0,0.0,0,0.0,False,True,True,0.0,0
ORACLE_MDP,6,11,1,DOWN,MDP_PRIMITIVE_ACTION,MDP|DOWN,0.0,0.0,0.0,0,0.0,False,False,False,0.0,0
ORACLE_MDP,6,11,2,DOWN,MDP_PRIMITIVE_ACTION,MDP|DOWN,0.0,0.0,0.0,0,0.0,False,False,False,0.0,0
ORACLE_MDP,6,11,3,DOWN,MDP_PRIMITIVE_ACTION,MDP|DOWN,0.0,0.0,0.0,0,0.0,False,False,False,0.0,0
ORACLE_MDP,6,11,4,DOWN,MDP_PRIMITIVE_ACTION,MDP|DOWN,0.0,0.0,0.0,0,0.0,False,False,False,0.0,0
ORACLE_MDP,6,11,5,RIGHT,MDP_PRIMITIVE_ACTION,MDP|RIGHT,0.0,0.0,0.0,0,0.0,False,False,False,0.0,0
ORACLE_MDP,6,11,6,RIGHT,MDP_PRIMITIVE_ACTION,MDP|RIGHT,0.0,0.0,0.0,0,0.0,False,False,False,0.0,0
ORACLE_MDP,6,11,7,RIGHT,MDP_PRIMITIVE_ACTION,MDP|RIGHT,0.0,0.0,0.0,0,0.0,False,False,False,0.0,0
ORACLE_MDP,6,11,8,RIGHT,MDP_PRIMITIVE_ACTION,MDP|RIGHT,0.0,0.0,0.0,0,0.0,False,False,False,0.0,0
ORACLE_MDP,6,11,9,RIGHT,MDP_PRIMITIVE_ACTION,MDP|RIGHT,0.0,0.0,0.0,0,0.0,False,False,False,0.0,0
ORACLE_MDP,6,11,10,RIGHT,MDP_PRIMITIVE_ACTION,MDP|RIGHT,1.0,1.0,0.0,0,0.0,False,True,True,0.0,0
ORACLE_MDP,6,12,1,DOWN,MDP_PRIMITIVE_ACTION,MDP|DOWN,0.0,0.0,0.0,0,0.0,False,False,False,0.0,0
ORACLE_MDP,6,12,2,DOWN,MDP_PRIMITIVE_ACTION,MDP|DOWN,0.0,0.0,0.0,0,0.0,False,False,False,0.0,0
ORACLE_MDP,6,12,3,DOWN,MDP_PRIMITIVE_ACTION,MDP|DOWN,0.0,0.0,0.0,0,0.0,False,False,False,0.0,0
ORACLE_MDP,6,12,4,RIGHT,MDP_PRIMITIVE_ACTION,MDP|RIGHT,0.0,0.0,0.0,0,0.0,False,False,False,0.0,0
ORACLE_MDP,6,12,5,DOWN,MDP_PRIMITIVE_ACTION,MDP|DOWN,0.0,0.0,0.0,0,0.0,False,False,False,0.0,0
ORACLE_MDP,6,12,6,RIGHT,MDP_PRIMITIVE_ACTION,MDP|RIGHT,0.0,0.0,0.0,0,0.0,False,False,False,0.0,0
ORACLE_MDP,6,12,7,RIGHT,MDP_PRIMITIVE_ACTION,MDP|RIGHT,0.0,0.0,0.0,0,0.0,False,False,False,0.0,0
ORACLE_MDP,6,12,8,RIGHT,MDP_PRIMITIVE_ACTION,MDP|RIGHT,1.0,1.0,0.0,0,0.0,False,True,True,0.0,0
ORACLE_MDP,6,13,1,DOWN,MDP_PRIMITIVE_ACTION,MDP|DOWN,0.0,0.0,0.0,0,0.0,False,False,False,0.0,0
ORACLE_MDP,6,13,2,RIGHT,MDP_PRIMITIVE_ACTION,MDP|RIGHT,0.0,0.0,0.0,0,0.0,False,False,False,0.0,0
ORACLE_MDP,6,13,3,DOWN,MDP_PRIMITIVE_ACTION,MDP|DOWN,0.0,0.0,0.0,0,0.0,False,False,False,0.0,0
ORACLE_MDP,6,13,4,RIGHT,MDP_PRIMITIVE_ACTION,MDP|RIGHT,0.0,0.0,0.0,0,0.0,False,False,False,0.0,0
ORACLE_MDP,6,13,5,RIGHT,MDP_PRIMITIVE_ACTION,MDP|RIGHT,0.0,0.0,0.0,0,0.0,False,False,False,0.0,0
ORACLE_MDP,6,13,6,DOWN,MDP_PRIMITIVE_ACTION,MDP|DOWN,0.0,0.0,0.0,0,0.0,False,False,False,0.0,0
ORACLE_MDP,6,13,7,RIGHT,MDP_PRIMITIVE_ACTION,MDP|RIGHT,0.0,0.0,0.0,0,0.0,False,False,False,0.0,0
ORACLE_MDP,6,13,8,RIGHT,MDP_PRIMITIVE_ACTION,MDP|RIGHT,0.0,0.0,0.0,0,0.0,False,False,False,0.0,0
ORACLE_MDP,6,13,9,RIGHT,MDP_PRIMITIVE_ACTION,MDP|RIGHT,0.0,0.0,0.0,0,0.0,False,False,False,0.0,0
ORACLE_MDP,6,13,10,RIGHT,MDP_PRIMITIVE_ACTION,MDP|RIGHT,0.0,0.0,0.0,0,0.0,False,False,False,0.0,0
ORACLE_MDP,6,13,11,UP,MDP_PRIMITIVE_ACTION,MDP|UP,0.0,0.0,0.0,0,0.0,False,False,False,0.0,0
ORACLE_MDP,6,13,12,UP,MDP_PRIMITIVE_ACTION,MDP|UP,0.0,0.0,0.0,0,0.0,False,False,False,0.0,0
ORACLE_MDP,6,13,13,UP,MDP_PRIMITIVE_ACTION,MDP|UP,0.0,0.0,0.0,0,0.0,False,False,False,0.0,0
ORACLE_MDP,6,13,14,UP,MDP_PRIMITIVE_ACTION,MDP|UP,1.0,1.0,0.0,0,0.0,False,True,True,0.0,0
ORACLE_MDP,6,14,1,RIGHT,MDP_PRIMITIVE_ACTION,MDP|RIGHT,0.0,0.0,0.0,0,0.0,False,False,False,0.0,0
ORACLE_MDP,6,14,2,RIGHT,MDP_PRIMITIVE_ACTION,MDP|RIGHT,0.0,0.0,0.0,0,0.0,False,False,False,0.0,0
ORACLE_MDP,6,14,3,DOWN,MDP_PRIMITIVE_ACTION,MDP|DOWN,0.0,0.0,0.0,0,0.0,False,False,False,0.0,0
ORACLE_MDP,6,14,4,RIGHT,MDP_PRIMITIVE_ACTION,MDP|RIGHT,0.0,0.0,0.0,0,0.0,False,False,False,0.0,0
ORACLE_MDP,6,14,5,RIGHT,MDP_PRIMITIVE_ACTION,MDP|RIGHT,0.0,0.0,0.0,0,0.0,False,False,False,0.0,0
ORACLE_MDP,6,14,6,RIGHT,MDP_PRIMITIVE_ACTION,MDP|RIGHT,0.0,0.0,0.0,0,0.0,False,False,False,0.0,0
ORACLE_MDP,6,14,7,RIGHT,MDP_PRIMITIVE_ACTION,MDP|RIGHT,1.0,1.0,0.0,0,0.0,False,True,True,0.0,0
ORACLE_MDP,6,15,1,DOWN,MDP_PRIMITIVE_ACTION,MDP|DOWN,0.0,0.0,0.0,0,0.0,False,False,False,0.0,0
ORACLE_MDP,6,15,2,DOWN,MDP_PRIMITIVE_ACTION,MDP|DOWN,0.0,0.0,0.0,0,0.0,False,False,False,0.0,0
ORACLE_MDP,6,15,3,DOWN,MDP_PRIMITIVE_ACTION,MDP|DOWN,0.0,0.0,0.0,0,0.0,False,False,False,0.0,0
ORACLE_MDP,6,15,4,RIGHT,MDP_PRIMITIVE_ACTION,MDP|RIGHT,0.0,0.0,0.0,0,0.0,False,False,False,0.0,0
ORACLE_MDP,6,15,5,RIGHT,MDP_PRIMITIVE_ACTION,MDP|RIGHT,0.0,0.0,0.0,0,0.0,False,False,False,0.0,0
ORACLE_MDP,6,15,6,RIGHT,MDP_PRIMITIVE_ACTION,MDP|RIGHT,0.0,0.0,0.0,0,0.0,False,False,False,0.0,0
ORACLE_MDP,6,15,7,RIGHT,MDP_PRIMITIVE_ACTION,MDP|RIGHT,0.0,0.0,0.0,0,0.0,False,False,False,0.0,0
ORACLE_MDP,6,15,8,RIGHT,MDP_PRIMITIVE_ACTION,MDP|RIGHT,1.0,1.0,0.0,0,0.0,False,True,True,0.0,0
ORACLE_MDP,6,16,1,DOWN,MDP_PRIMITIVE_ACTION,MDP|DOWN,0.0,0.0,0.0,0,0.0,False,False,False,0.0,0
ORACLE_MDP,6,16,2,DOWN,MDP_PRIMITIVE_ACTION,MDP|DOWN,0.0,0.0,0.0,0,0.0,False,False,False,0.0,0
ORACLE_MDP,6,16,3,RIGHT,MDP_PRIMITIVE_ACTION,MDP|RIGHT,0.0,0.0,0.0,0,0.0,False,False,False,0.0,0
ORACLE_MDP,6,16,4,RIGHT,MDP_PRIMITIVE_ACTION,MDP|RIGHT,0.0,0.0,0.0,0,0.0,False,False,False,0.0,0
ORACLE_MDP,6,16,5,RIGHT,MDP_PRIMITIVE_ACTION,MDP|RIGHT,0.0,0.0,0.0,0,0.0,False,False,False,0.0,0
ORACLE_MDP,6,16,6,RIGHT,MDP_PRIMITIVE_ACTION,MDP|RIGHT,0.0,0.0,0.0,0,0.0,False,False,False,0.0,0
ORACLE_MDP,6,16,7,DOWN,MDP_PRIMITIVE_ACTION,MDP|DOWN,0.0,0.0,0.0,0,0.0,False,False,False,0.0,0
ORACLE_MDP,6,16,8,RIGHT,MDP_PRIMITIVE_ACTION,MDP|RIGHT,1.0,1.0,0.0,0,0.0,False,True,True,0.0,0
ORACLE_MDP,6,17,1,DOWN,MDP_PRIMITIVE_ACTION,MDP|DOWN,0.0,0.0,0.0,0,0.0,False,False,False,0.0,0
ORACLE_MDP,6,17,2,RIGHT,MDP_PRIMITIVE_ACTION,MDP|RIGHT,0.0,0.0,0.0,0,0.0,False,False,False,0.0,0
ORACLE_MDP,6,17,3,DOWN,MDP_PRIMITIVE_ACTION,MDP|DOWN,0.0,0.0,0.0,0,0.0,False,False,False,0.0,0
ORACLE_MDP,6,17,4,DOWN,MDP_PRIMITIVE_ACTION,MDP|DOWN,0.0,0.0,0.0,0,0.0,False,False,False,0.0,0
ORACLE_MDP,6,17,5,RIGHT,MDP_PRIMITIVE_ACTION,MDP|RIGHT,0.0,0.0,0.0,0,0.0,False,False,False,0.0,0
ORACLE_MDP,6,17,6,DOWN,MDP_PRIMITIVE_ACTION,MDP|DOWN,0.0,0.0,0.0,0,0.0,False,False,False,0.0,0
ORACLE_MDP,6,17,7,RIGHT,MDP_PRIMITIVE_ACTION,MDP|RIGHT,0.0,0.0,0.0,0,0.0,False,False,False,0.0,0
ORACLE_MDP,6,17,8,"OPEN (5, 5)",MDP_PRIMITIVE_ACTION,"MDP|OPEN (5, 5)",0.0,0.0,0.0,0,0.0,False,False,False,0.0,0
ORACLE_MDP,6,17,9,RIGHT,MDP_PRIMITIVE_ACTION,MDP|RIGHT,0.0,0.0,0.0,0,0.0,False,False,False,0.0,0
ORACLE_MDP,6,17,10,RIGHT,MDP_PRIMITIVE_ACTION,MDP|RIGHT,1.0,1.0,0.0,0,0.0,False,True,True,0.0,0
ORACLE_MDP,6,18,1,RIGHT,MDP_PRIMITIVE_ACTION,MDP|RIGHT,0.0,0.0,0.0,0,0.0,False,False,False,0.0,0
ORACLE_MDP,6,18,2,RIGHT,MDP_PRIMITIVE_ACTION,MDP|RIGHT,0.0,0.0,0.0,0,0.0,False,False,False,0.0,0
ORACLE_MDP,6,18,3,RIGHT,MDP_PRIMITIVE_ACTION,MDP|RIGHT,0.0,0.0,0.0,0,0.0,False,False,False,0.0,0
ORACLE_MDP,6,18,4,RIGHT,MDP_PRIMITIVE_ACTION,MDP|RIGHT,0.0,0.0,0.0,0,0.0,False,False,False,0.0,0
ORACLE_MDP,6,18,5,DOWN,MDP_PRIMITIVE_ACTION,MDP|DOWN,0.0,0.0,0.0,0,0.0,False,False,False,0.0,0
ORACLE_MDP,6,18,6,DOWN,MDP_PRIMITIVE_ACTION,MDP|DOWN,0.0,0.0,0.0,0,0.0,False,False,False,0.0,0
ORACLE_MDP,6,18,7,RIGHT,MDP_PRIMITIVE_ACTION,MDP|RIGHT,0.0,0.0,0.0,0,0.0,False,False,False,0.0,0
ORACLE_MDP,6,18,8,"OPEN (7, 3)",MDP_PRIMITIVE_ACTION,"MDP|OPEN (7, 3)",0.0,0.0,0.0,0,0.0,False,False,False,0.0,0
ORACLE_MDP,6,18,9,RIGHT,MDP_PRIMITIVE_ACTION,MDP|RIGHT,0.0,0.0,0.0,0,0.0,False,False,False,0.0,0
ORACLE_MDP,6,18,10,DOWN,MDP_PRIMITIVE_ACTION,MDP|DOWN,0.0,0.0,0.0,0,0.0,False,False,False,0.0,0
ORACLE_MDP,6,18,11,DOWN,MDP_PRIMITIVE_ACTION,MDP|DOWN,1.0,1.0,0.0,0,0.0,False,True,True,0.0,0
ORACLE_MDP,6,19,1,DOWN,MDP_PRIMITIVE_ACTION,MDP|DOWN,0.0,0.0,0.0,0,0.0,False,False,False,0.0,0
ORACLE_MDP,6,19,2,LEFT,MDP_PRIMITIVE_ACTION,MDP|LEFT,0.0,0.0,0.0,0,0.0,False,False,False,0.0,0
ORACLE_MDP,6,19,3,DOWN,MDP_PRIMITIVE_ACTION,MDP|DOWN,0.0,0.0,0.0,0,0.0,False,False,False,0.0,0
ORACLE_MDP,6,19,4,DOWN,MDP_PRIMITIVE_ACTION,MDP|DOWN,0.0,0.0,0.0,0,0.0,False,False,False,0.0,0
ORACLE_MDP,6,19,5,RIGHT,MDP_PRIMITIVE_ACTION,MDP|RIGHT,0.0,0.0,0.0,0,0.0,False,False,False,0.0,0
ORACLE_MDP,6,19,6,RIGHT,MDP_PRIMITIVE_ACTION,MDP|RIGHT,0.0,0.0,0.0,0,0.0,False,False,False,0.0,0
ORACLE_MDP,6,19,7,UP,MDP_PRIMITIVE_ACTION,MDP|UP,0.0,0.0,0.0,0,0.0,False,False,False,0.0,0
ORACLE_MDP,6,19,8,RIGHT,MDP_PRIMITIVE_ACTION,MDP|RIGHT,0.0,0.0,0.0,0,0.0,False,False,False,0.0,0
ORACLE_MDP,6,19,9,RIGHT,MDP_PRIMITIVE_ACTION,MDP|RIGHT,0.0,0.0,0.0,0,0.0,False,False,False,0.0,0
ORACLE_MDP,6,19,10,RIGHT,MDP_PRIMITIVE_ACTION,MDP|RIGHT,0.0,0.0,0.0,0,0.0,False,False,False,0.0,0
ORACLE_MDP,6,19,11,DOWN,MDP_PRIMITIVE_ACTION,MDP|DOWN,0.0,0.0,0.0,0,0.0,False,False,False,0.0,0
ORACLE_MDP,6,19,12,DOWN,MDP_PRIMITIVE_ACTION,MDP|DOWN,1.0,1.0,0.0,0,0.0,False,True,True,0.0,0
ORACLE_MDP,6,20,1,DOWN,MDP_PRIMITIVE_ACTION,MDP|DOWN,0.0,0.0,0.0,0,0.0,False,False,False,0.0,0
ORACLE_MDP,6,20,2,DOWN,MDP_PRIMITIVE_ACTION,MDP|DOWN,0.0,0.0,0.0,0,0.0,False,False,False,0.0,0
ORACLE_MDP,6,20,3,RIGHT,MDP_PRIMITIVE_ACTION,MDP|RIGHT,0.0,0.0,0.0,0,0.0,False,False,False,0.0,0
ORACLE_MDP,6,20,4,RIGHT,MDP_PRIMITIVE_ACTION,MDP|RIGHT,0.0,0.0,0.0,0,0.0,False,False,False,0.0,0
ORACLE_MDP,6,20,5,DOWN,MDP_PRIMITIVE_ACTION,MDP|DOWN,0.0,0.0,0.0,0,0.0,False,False,False,0.0,0
ORACLE_MDP,6,20,6,RIGHT,MDP_PRIMITIVE_ACTION,MDP|RIGHT,0.0,0.0,0.0,0,0.0,False,False,False,0.0,0
ORACLE_MDP,6,20,7,RIGHT,MDP_PRIMITIVE_ACTION,MDP|RIGHT,1.0,1.0,0.0,0,0.0,False,True,True,0.0,0
ORACLE_MDP,6,21,1,DOWN,MDP_PRIMITIVE_ACTION,MDP|DOWN,0.0,0.0,0.0,0,0.0,False,False,False,0.0,0
ORACLE_MDP,6,21,2,RIGHT,MDP_PRIMITIVE_ACTION,MDP|RIGHT,0.0,0.0,0.0,0,0.0,False,False,False,0.0,0
ORACLE_MDP,6,21,3,RIGHT,MDP_PRIMITIVE_ACTION,MDP|RIGHT,0.0,0.0,0.0,0,0.0,False,False,False,0.0,0
ORACLE_MDP,6,21,4,RIGHT,MDP_PRIMITIVE_ACTION,MDP|RIGHT,0.0,0.0,0.0,0,0.0,False,False,False,0.0,0
ORACLE_MDP,6,21,5,RIGHT,MDP_PRIMITIVE_ACTION,MDP|RIGHT,0.0,0.0,0.0,0,0.0,False,False,False,0.0,0
ORACLE_MDP,6,21,6,RIGHT,MDP_PRIMITIVE_ACTION,MDP|RIGHT,0.0,0.0,0.0,0,0.0,False,False,False,0.0,0
ORACLE_MDP,6,21,7,RIGHT,MDP_PRIMITIVE_ACTION,MDP|RIGHT,0.0,0.0,0.0,0,0.0,False,False,False,0.0,0
ORACLE_MDP,6,21,8,RIGHT,MDP_PRIMITIVE_ACTION,MDP|RIGHT,1.0,1.0,0.0,0,0.0,False,True,True,0.0,0
ORACLE_MDP,6,22,1,DOWN,MDP_PRIMITIVE_ACTION,MDP|DOWN,0.0,0.0,0.0,0,0.0,False,False,False,0.0,0
ORACLE_MDP,6,22,2,DOWN,MDP_PRIMITIVE_ACTION,MDP|DOWN,0.0,0.0,0.0,0,0.0,False,False,False,0.0,0
ORACLE_MDP,6,22,3,DOWN,MDP_PRIMITIVE_ACTION,MDP|DOWN,0.0,0.0,0.0,0,0.0,False,False,False,0.0,0
ORACLE_MDP,6,22,4,RIGHT,MDP_PRIMITIVE_ACTION,MDP|RIGHT,0.0,0.0,0.0,0,0.0,False,False,False,0.0,0
ORACLE_MDP,6,22,5,RIGHT,MDP_PRIMITIVE_ACTION,MDP|RIGHT,0.0,0.0,0.0,0,0.0,False,False,False,0.0,0
ORACLE_MDP,6,22,6,RIGHT,MDP_PRIMITIVE_ACTION,MDP|RIGHT,0.0,0.0,0.0,0,0.0,False,False,False,0.0,0
ORACLE_MDP,6,22,7,DOWN,MDP_PRIMITIVE_ACTION,MDP|DOWN,0.0,0.0,0.0,0,0.0,False,False,False,0.0,0
ORACLE_MDP,6,22,8,RIGHT,MDP_PRIMITIVE_ACTION,MDP|RIGHT,0.0,0.0,0.0,0,0.0,False,False,False,0.0,0
ORACLE_MDP,6,22,9,RIGHT,MDP_PRIMITIVE_ACTION,MDP|RIGHT,0.0,0.0,0.0,0,0.0,False,False,False,0.0,0
ORACLE_MDP,6,22,10,RIGHT,MDP_PRIMITIVE_ACTION,MDP|RIGHT,0.0,0.0,0.0,0,0.0,False,False,False,0.0,0
ORACLE_MDP,6,22,11,UP,MDP_PRIMITIVE_ACTION,MDP|UP,0.0,0.0,0.0,0,0.0,False,False,False,0.0,0
ORACLE_MDP,6,22,12,UP,MDP_PRIMITIVE_ACTION,MDP|UP,0.0,0.0,0.0,0,0.0,False,False,False,0.0,0
ORACLE_MDP,6,22,13,LEFT,MDP_PRIMITIVE_ACTION,MDP|LEFT,1.0,1.0,0.0,0,0.0,False,True,True,0.0,0
ORACLE_MDP,6,23,1,RIGHT,MDP_PRIMITIVE_ACTION,MDP|RIGHT,0.0,0.0,0.0,0,0.0,False,False,False,0.0,0
ORACLE_MDP,6,23,2,RIGHT,MDP_PRIMITIVE_ACTION,MDP|RIGHT,0.0,0.0,0.0,0,0.0,False,False,False,0.0,0
ORACLE_MDP,6,23,3,"OPEN (3, 2)",MDP_PRIMITIVE_ACTION,"MDP|OPEN (3, 2)",0.0,0.0,0.0,0,0.0,False,False,False,0.0,0
ORACLE_MDP,6,23,4,DOWN,MDP_PRIMITIVE_ACTION,MDP|DOWN,0.0,0.0,0.0,0,0.0,False,False,False,0.0,0
ORACLE_MDP,6,23,5,RIGHT,MDP_PRIMITIVE_ACTION,MDP|RIGHT,0.0,0.0,0.0,0,0.0,False,False,False,0.0,0
ORACLE_MDP,6,23,6,RIGHT,MDP_PRIMITIVE_ACTION,MDP|RIGHT,0.0,0.0,0.0,0,0.0,False,False,False,0.0,0
ORACLE_MDP,6,23,7,RIGHT,MDP_PRIMITIVE_ACTION,MDP|RIGHT,0.0,0.0,0.0,0,0.0,False,False,False,0.0,0
ORACLE_MDP,6,23,8,RIGHT,MDP_PRIMITIVE_ACTION,MDP|RIGHT,0.0,0.0,0.0,0,0.0,False,False,False,0.0,0
ORACLE_MDP,6,23,9,RIGHT,MDP_PRIMITIVE_ACTION,MDP|RIGHT,1.0,1.0,0.0,0,0.0,False,True,True,0.0,0
ORACLE_MDP,6,24,1,DOWN,MDP_PRIMITIVE_ACTION,MDP|DOWN,0.0,0.0,0.0,0,0.0,False,False,False,0.0,0
ORACLE_MDP,6,24,2,DOWN,MDP_PRIMITIVE_ACTION,MDP|DOWN,0.0,0.0,0.0,0,0.0,False,False,False,0.0,0
ORACLE_MDP,6,24,3,RIGHT,MDP_PRIMITIVE_ACTION,MDP|RIGHT,0.0,0.0,0.0,0,0.0,False,False,False,0.0,0
ORACLE_MDP,6,24,4,RIGHT,MDP_PRIMITIVE_ACTION,MDP|RIGHT,0.0,0.0,0.0,0,0.0,False,False,False,0.0,0
ORACLE_MDP,6,24,5,RIGHT,MDP_PRIMITIVE_ACTION,MDP|RIGHT,0.0,0.0,0.0,0,0.0,False,False,False,0.0,0
ORACLE_MDP,6,24,6,"OPEN (5, 3)",MDP_PRIMITIVE_ACTION,"MDP|OPEN (5, 3)",0.0,0.0,0.0,0,0.0,False,False,False,0.0,0
ORACLE_MDP,6,24,7,RIGHT,MDP_PRIMITIVE_ACTION,MDP|RIGHT,0.0,0.0,0.0,0,0.0,False,False,False,0.0,0
ORACLE_MDP,6,24,8,DOWN,MDP_PRIMITIVE_ACTION,MDP|DOWN,1.0,1.0,0.0,0,0.0,False,True,True,0.0,0
ORACLE_MDP,6,25,1,DOWN,MDP_PRIMITIVE_ACTION,MDP|DOWN,0.0,0.0,0.0,0,0.0,False,False,False,0.0,0
ORACLE_MDP,6,25,2,DOWN,MDP_PRIMITIVE_ACTION,MDP|DOWN,0.0,0.0,0.0,0,0.0,False,False,False,0.0,0
ORACLE_MDP,6,25,3,DOWN,MDP_PRIMITIVE_ACTION,MDP|DOWN,0.0,0.0,0.0,0,0.0,False,False,False,0.0,0
ORACLE_MDP,6,25,4,DOWN,MDP_PRIMITIVE_ACTION,MDP|DOWN,0.0,0.0,0.0,0,0.0,False,False,False,0.0,0
ORACLE_MDP,6,25,5,RIGHT,MDP_PRIMITIVE_ACTION,MDP|RIGHT,0.0,0.0,0.0,0,0.0,False,False,False,0.0,0
ORACLE_MDP,6,25,6,RIGHT,MDP_PRIMITIVE_ACTION,MDP|RIGHT,0.0,0.0,0.0,0,0.0,False,False,False,0.0,0
ORACLE_MDP,6,25,7,RIGHT,MDP_PRIMITIVE_ACTION,MDP|RIGHT,1.0,1.0,0.0,0,0.0,False,True,True,0.0,0
ORACLE_MDP,6,26,1,DOWN,MDP_PRIMITIVE_ACTION,MDP|DOWN,0.0,0.0,0.0,0,0.0,False,False,False,0.0,0
ORACLE_MDP,6,26,2,DOWN,MDP_PRIMITIVE_ACTION,MDP|DOWN,0.0,0.0,0.0,0,0.0,False,False,False,0.0,0
ORACLE_MDP,6,26,3,DOWN,MDP_PRIMITIVE_ACTION,MDP|DOWN,0.0,0.0,0.0,0,0.0,False,False,False,0.0,0
ORACLE_MDP,6,26,4,RIGHT,MDP_PRIMITIVE_ACTION,MDP|RIGHT,0.0,0.0,0.0,0,0.0,False,False,False,0.0,0
ORACLE_MDP,6,26,5,RIGHT,MDP_PRIMITIVE_ACTION,MDP|RIGHT,0.0,0.0,0.0,0,0.0,False,False,False,0.0,0
ORACLE_MDP,6,26,6,RIGHT,MDP_PRIMITIVE_ACTION,MDP|RIGHT,0.0,0.0,0.0,0,0.0,False,False,False,0.0,0
ORACLE_MDP,6,26,7,RIGHT,MDP_PRIMITIVE_ACTION,MDP|RIGHT,0.0,0.0,0.0,0,0.0,False,False,False,0.0,0
ORACLE_MDP,6,26,8,DOWN,MDP_PRIMITIVE_ACTION,MDP|DOWN,0.0,0.0,0.0,0,0.0,False,False,False,0.0,0
ORACLE_MDP,6,26,9,RIGHT,MDP_PRIMITIVE_ACTION,MDP|RIGHT,0.0,0.0,0.0,0,0.0,False,False,False,0.0,0
ORACLE_MDP,6,26,10,RIGHT,MDP_PRIMITIVE_ACTION,MDP|RIGHT,1.0,1.0,0.0,0,0.0,False,True,True,0.0,0
ORACLE_MDP,6,27,1,DOWN,MDP_PRIMITIVE_ACTION,MDP|DOWN,0.0,0.0,0.0,0,0.0,False,False,False,0.0,0
ORACLE_MDP,6,27,2,RIGHT,MDP_PRIMITIVE_ACTION,MDP|RIGHT,0.0,0.0,0.0,0,0.0,False,False,False,0.0,0
ORACLE_MDP,6,27,3,RIGHT,MDP_PRIMITIVE_ACTION,MDP|RIGHT,0.0,0.0,0.0,0,0.0,False,False,False,0.0,0
ORACLE_MDP,6,27,4,RIGHT,MDP_PRIMITIVE_ACTION,MDP|RIGHT,0.0,0.0,0.0,0,0.0,False,False,False,0.0,0
ORACLE_MDP,6,27,5,RIGHT,MDP_PRIMITIVE_ACTION,MDP|RIGHT,0.0,0.0,0.0,0,0.0,False,False,False,0.0,0
ORACLE_MDP,6,27,6,RIGHT,MDP_PRIMITIVE_ACTION,MDP|RIGHT,0.0,0.0,0.0,0,0.0,False,False,False,0.0,0
ORACLE_MDP,6,27,7,RIGHT,MDP_PRIMITIVE_ACTION,MDP|RIGHT,0.0,0.0,0.0,0,0.0,False,False,False,0.0,0
ORACLE_MDP,6,27,8,RIGHT,MDP_PRIMITIVE_ACTION,MDP|RIGHT,0.0,0.0,0.0,0,0.0,False,False,False,0.0,0
ORACLE_MDP,6,27,9,DOWN,MDP_PRIMITIVE_ACTION,MDP|DOWN,1.0,1.0,0.0,0,0.0,False,True,True,0.0,0
ORACLE_MDP,6,28,1,RIGHT,MDP_PRIMITIVE_ACTION,MDP|RIGHT,0.0,0.0,0.0,0,0.0,False,False,False,0.0,0
ORACLE_MDP,6,28,2,RIGHT,MDP_PRIMITIVE_ACTION,MDP|RIGHT,0.0,0.0,0.0,0,0.0,False,False,False,0.0,0
ORACLE_MDP,6,28,3,RIGHT,MDP_PRIMITIVE_ACTION,MDP|RIGHT,0.0,0.0,0.0,0,0.0,False,False,False,0.0,0
ORACLE_MDP,6,28,4,RIGHT,MDP_PRIMITIVE_ACTION,MDP|RIGHT,0.0,0.0,0.0,0,0.0,False,False,False,0.0,0
ORACLE_MDP,6,28,5,RIGHT,MDP_PRIMITIVE_ACTION,MDP|RIGHT,0.0,0.0,0.0,0,0.0,False,False,False,0.0,0
ORACLE_MDP,6,28,6,RIGHT,MDP_PRIMITIVE_ACTION,MDP|RIGHT,0.0,0.0,0.0,0,0.0,False,False,False,0.0,0
ORACLE_MDP,6,28,7,DOWN,MDP_PRIMITIVE_ACTION,MDP|DOWN,0.0,0.0,0.0,0,0.0,False,False,False,0.0,0
ORACLE_MDP,6,28,8,DOWN,MDP_PRIMITIVE_ACTION,MDP|DOWN,0.0,0.0,0.0,0,0.0,False,False,False,0.0,0
ORACLE_MDP,6,28,9,RIGHT,MDP_PRIMITIVE_ACTION,MDP|RIGHT,1.0,1.0,0.0,0,0.0,False,True,True,0.0,0
ORACLE_MDP,6,29,1,DOWN,MDP_PRIMITIVE_ACTION,MDP|DOWN,0.0,0.0,0.0,0,0.0,False,False,False,0.0,0
ORACLE_MDP,6,29,2,DOWN,MDP_PRIMITIVE_ACTION,MDP|DOWN,0.0,0.0,0.0,0,0.0,False,False,False,0.0,0
ORACLE_MDP,6,29,3,DOWN,MDP_PRIMITIVE_ACTION,MDP|DOWN,0.0,0.0,0.0,0,0.0,False,False,False,0.0,0
ORACLE_MDP,6,29,4,RIGHT,MDP_PRIMITIVE_ACTION,MDP|RIGHT,0.0,0.0,0.0,0,0.0,False,False,False,0.0,0
ORACLE_MDP,6,29,5,RIGHT,MDP_PRIMITIVE_ACTION,MDP|RIGHT,0.0,0.0,0.0,0,0.0,False,False,False,0.0,0
ORACLE_MDP,6,29,6,DOWN,MDP_PRIMITIVE_ACTION,MDP|DOWN,0.0,0.0,0.0,0,0.0,False,False,False,0.0,0
ORACLE_MDP,6,29,7,RIGHT,MDP_PRIMITIVE_ACTION,MDP|RIGHT,0.0,0.0,0.0,0,0.0,False,False,False,0.0,0
ORACLE_MDP,6,29,8,RIGHT,MDP_PRIMITIVE_ACTION,MDP|RIGHT,1.0,1.0,0.0,0,0.0,False,True,True,0.0,0
ORACLE_MDP,7,0,1,DOWN,MDP_PRIMITIVE_ACTION,MDP|DOWN,0.0,0.0,0.0,0,0.0,False,False,False,0.0,0
ORACLE_MDP,7,0,2,RIGHT,MDP_PRIMITIVE_ACTION,MDP|RIGHT,0.0,0.0,0.0,0,0.0,False,False,False,0.0,0
ORACLE_MDP,7,0,3,RIGHT,MDP_PRIMITIVE_ACTION,MDP|RIGHT,0.0,0.0,0.0,0,0.0,False,False,False,0.0,0
ORACLE_MDP,7,0,4,RIGHT,MDP_PRIMITIVE_ACTION,MDP|RIGHT,0.0,0.0,0.0,0,0.0,False,False,False,0.0,0
ORACLE_MDP,7,0,5,DOWN,MDP_PRIMITIVE_ACTION,MDP|DOWN,0.0,0.0,0.0,0,0.0,False,False,False,0.0,0
ORACLE_MDP,7,0,6,RIGHT,MDP_PRIMITIVE_ACTION,MDP|RIGHT,0.0,0.0,0.0,0,0.0,False,False,False,0.0,0
ORACLE_MDP,7,0,7,RIGHT,MDP_PRIMITIVE_ACTION,MDP|RIGHT,0.0,0.0,0.0,0,0.0,False,False,False,0.0,0
ORACLE_MDP,7,0,8,RIGHT,MDP_PRIMITIVE_ACTION,MDP|RIGHT,0.0,0.0,0.0,0,0.0,False,False,False,0.0,0
ORACLE_MDP,7,0,9,DOWN,MDP_PRIMITIVE_ACTION,MDP|DOWN,0.0,0.0,0.0,0,0.0,False,False,False,0.0,0
ORACLE_MDP,7,0,10,RIGHT,MDP_PRIMITIVE_ACTION,MDP|RIGHT,0.0,0.0,0.0,0,0.0,False,False,False,0.0,0
ORACLE_MDP,7,0,11,DOWN,MDP_PRIMITIVE_ACTION,MDP|DOWN,1.0,1.0,0.0,0,0.0,False,True,True,0.0,0
ORACLE_MDP,7,1,1,DOWN,MDP_PRIMITIVE_ACTION,MDP|DOWN,0.0,0.0,0.0,0,0.0,False,False,False,0.0,0
ORACLE_MDP,7,1,2,DOWN,MDP_PRIMITIVE_ACTION,MDP|DOWN,0.0,0.0,0.0,0,0.0,False,False,False,0.0,0
ORACLE_MDP,7,1,3,DOWN,MDP_PRIMITIVE_ACTION,MDP|DOWN,0.0,0.0,0.0,0,0.0,False,False,False,0.0,0
ORACLE_MDP,7,1,4,RIGHT,MDP_PRIMITIVE_ACTION,MDP|RIGHT,0.0,0.0,0.0,0,0.0,False,False,False,0.0,0
ORACLE_MDP,7,1,5,RIGHT,MDP_PRIMITIVE_ACTION,MDP|RIGHT,0.0,0.0,0.0,0,0.0,False,False,False,0.0,0
ORACLE_MDP,7,1,6,DOWN,MDP_PRIMITIVE_ACTION,MDP|DOWN,0.0,0.0,0.0,0,0.0,False,False,False,0.0,0
ORACLE_MDP,7,1,7,RIGHT,MDP_PRIMITIVE_ACTION,MDP|RIGHT,1.0,1.0,0.0,0,0.0,False,True,True,0.0,0
ORACLE_MDP,7,2,1,DOWN,MDP_PRIMITIVE_ACTION,MDP|DOWN,0.0,0.0,0.0,0,0.0,False,False,False,0.0,0
ORACLE_MDP,7,2,2,DOWN,MDP_PRIMITIVE_ACTION,MDP|DOWN,0.0,0.0,0.0,0,0.0,False,False,False,0.0,0
ORACLE_MDP,7,2,3,RIGHT,MDP_PRIMITIVE_ACTION,MDP|RIGHT,0.0,0.0,0.0,0,0.0,False,False,False,0.0,0
ORACLE_MDP,7,2,4,RIGHT,MDP_PRIMITIVE_ACTION,MDP|RIGHT,0.0,0.0,0.0,0,0.0,False,False,False,0.0,0
ORACLE_MDP,7,2,5,RIGHT,MDP_PRIMITIVE_ACTION,MDP|RIGHT,0.0,0.0,0.0,0,0.0,False,False,False,0.0,0
ORACLE_MDP,7,2,6,RIGHT,MDP_PRIMITIVE_ACTION,MDP|RIGHT,0.0,0.0,0.0,0,0.0,False,False,False,0.0,0
ORACLE_MDP,7,2,7,DOWN,MDP_PRIMITIVE_ACTION,MDP|DOWN,0.0,0.0,0.0,0,0.0,False,False,False,0.0,0
ORACLE_MDP,7,2,8,RIGHT,MDP_PRIMITIVE_ACTION,MDP|RIGHT,1.0,1.0,0.0,0,0.0,False,True,True,0.0,0
ORACLE_MDP,7,3,1,UP,MDP_PRIMITIVE_ACTION,MDP|UP,0.0,0.0,0.0,0,0.0,False,False,False,0.0,0
ORACLE_MDP,7,3,2,RIGHT,MDP_PRIMITIVE_ACTION,MDP|RIGHT,0.0,0.0,0.0,0,0.0,False,False,False,0.0,0
ORACLE_MDP,7,3,3,RIGHT,MDP_PRIMITIVE_ACTION,MDP|RIGHT,0.0,0.0,0.0,0,0.0,False,False,False,0.0,0
ORACLE_MDP,7,3,4,RIGHT,MDP_PRIMITIVE_ACTION,MDP|RIGHT,0.0,0.0,0.0,0,0.0,False,False,False,0.0,0
ORACLE_MDP,7,3,5,RIGHT,MDP_PRIMITIVE_ACTION,MDP|RIGHT,0.0,0.0,0.0,0,0.0,False,False,False,0.0,0
ORACLE_MDP,7,3,6,RIGHT,MDP_PRIMITIVE_ACTION,MDP|RIGHT,0.0,0.0,0.0,0,0.0,False,False,False,0.0,0
ORACLE_MDP,7,3,7,RIGHT,MDP_PRIMITIVE_ACTION,MDP|RIGHT,1.0,1.0,0.0,0,0.0,False,True,True,0.0,0
ORACLE_MDP,7,4,1,DOWN,MDP_PRIMITIVE_ACTION,MDP|DOWN,0.0,0.0,0.0,0,0.0,False,False,False,0.0,0
ORACLE_MDP,7,4,2,DOWN,MDP_PRIMITIVE_ACTION,MDP|DOWN,0.0,0.0,0.0,0,0.0,False,False,False,0.0,0
ORACLE_MDP,7,4,3,RIGHT,MDP_PRIMITIVE_ACTION,MDP|RIGHT,0.0,0.0,0.0,0,0.0,False,False,False,0.0,0
ORACLE_MDP,7,4,4,RIGHT,MDP_PRIMITIVE_ACTION,MDP|RIGHT,0.0,0.0,0.0,0,0.0,False,False,False,0.0,0
ORACLE_MDP,7,4,5,RIGHT,MDP_PRIMITIVE_ACTION,MDP|RIGHT,0.0,0.0,0.0,0,0.0,False,False,False,0.0,0
ORACLE_MDP,7,4,6,RIGHT,MDP_PRIMITIVE_ACTION,MDP|RIGHT,0.0,0.0,0.0,0,0.0,False,False,False,0.0,0
ORACLE_MDP,7,4,7,RIGHT,MDP_PRIMITIVE_ACTION,MDP|RIGHT,1.0,1.0,0.0,0,0.0,False,True,True,0.0,0
ORACLE_MDP,7,5,1,UP,MDP_PRIMITIVE_ACTION,MDP|UP,0.0,0.0,0.0,0,0.0,False,False,False,0.0,0
ORACLE_MDP,7,5,2,RIGHT,MDP_PRIMITIVE_ACTION,MDP|RIGHT,0.0,0.0,0.0,0,0.0,False,False,False,0.0,0
ORACLE_MDP,7,5,3,RIGHT,MDP_PRIMITIVE_ACTION,MDP|RIGHT,0.0,0.0,0.0,0,0.0,False,False,False,0.0,0
ORACLE_MDP,7,5,4,RIGHT,MDP_PRIMITIVE_ACTION,MDP|RIGHT,0.0,0.0,0.0,0,0.0,False,False,False,0.0,0
ORACLE_MDP,7,5,5,DOWN,MDP_PRIMITIVE_ACTION,MDP|DOWN,0.0,0.0,0.0,0,0.0,False,False,False,0.0,0
ORACLE_MDP,7,5,6,RIGHT,MDP_PRIMITIVE_ACTION,MDP|RIGHT,0.0,0.0,0.0,0,0.0,False,False,False,0.0,0
ORACLE_MDP,7,5,7,RIGHT,MDP_PRIMITIVE_ACTION,MDP|RIGHT,0.0,0.0,0.0,0,0.0,False,False,False,0.0,0
ORACLE_MDP,7,5,8,UP,MDP_PRIMITIVE_ACTION,MDP|UP,0.0,0.0,0.0,0,0.0,False,False,False,0.0,0
ORACLE_MDP,7,5,9,RIGHT,MDP_PRIMITIVE_ACTION,MDP|RIGHT,0.0,0.0,0.0,0,0.0,False,False,False,0.0,0
ORACLE_MDP,7,5,10,RIGHT,MDP_PRIMITIVE_ACTION,MDP|RIGHT,1.0,1.0,0.0,0,0.0,False,True,True,0.0,0
ORACLE_MDP,7,6,1,RIGHT,MDP_PRIMITIVE_ACTION,MDP|RIGHT,0.0,0.0,0.0,0,0.0,False,False,False,0.0,0
ORACLE_MDP,7,6,2,RIGHT,MDP_PRIMITIVE_ACTION,MDP|RIGHT,0.0,0.0,0.0,0,0.0,False,False,False,0.0,0
ORACLE_MDP,7,6,3,DOWN,MDP_PRIMITIVE_ACTION,MDP|DOWN,0.0,0.0,0.0,0,0.0,False,False,False,0.0,0
ORACLE_MDP,7,6,4,RIGHT,MDP_PRIMITIVE_ACTION,MDP|RIGHT,0.0,0.0,0.0,0,0.0,False,False,False,0.0,0
ORACLE_MDP,7,6,5,DOWN,MDP_PRIMITIVE_ACTION,MDP|DOWN,0.0,0.0,0.0,0,0.0,False,False,False,0.0,0
ORACLE_MDP,7,6,6,DOWN,MDP_PRIMITIVE_ACTION,MDP|DOWN,0.0,0.0,0.0,0,0.0,False,False,False,0.0,0
ORACLE_MDP,7,6,7,RIGHT,MDP_PRIMITIVE_ACTION,MDP|RIGHT,0.0,0.0,0.0,0,0.0,False,False,False,0.0,0
ORACLE_MDP,7,6,8,RIGHT,MDP_PRIMITIVE_ACTION,MDP|RIGHT,0.0,0.0,0.0,0,0.0,False,False,False,0.0,0
ORACLE_MDP,7,6,9,UP,MDP_PRIMITIVE_ACTION,MDP|UP,0.0,0.0,0.0,0,0.0,False,False,False,0.0,0
ORACLE_MDP,7,6,10,UP,MDP_PRIMITIVE_ACTION,MDP|UP,0.0,0.0,0.0,0,0.0,False,False,False,0.0,0
ORACLE_MDP,7,6,11,RIGHT,MDP_PRIMITIVE_ACTION,MDP|RIGHT,0.0,0.0,0.0,0,0.0,False,False,False,0.0,0
ORACLE_MDP,7,6,12,UP,MDP_PRIMITIVE_ACTION,MDP|UP,0.0,0.0,0.0,0,0.0,False,False,False,0.0,0
ORACLE_MDP,7,6,13,RIGHT,MDP_PRIMITIVE_ACTION,MDP|RIGHT,1.0,1.0,0.0,0,0.0,False,True,True,0.0,0
ORACLE_MDP,7,7,1,DOWN,MDP_PRIMITIVE_ACTION,MDP|DOWN,0.0,0.0,0.0,0,0.0,False,False,False,0.0,0
ORACLE_MDP,7,7,2,DOWN,MDP_PRIMITIVE_ACTION,MDP|DOWN,0.0,0.0,0.0,0,0.0,False,False,False,0.0,0
ORACLE_MDP,7,7,3,DOWN,MDP_PRIMITIVE_ACTION,MDP|DOWN,0.0,0.0,0.0,0,0.0,False,False,False,0.0,0
ORACLE_MDP,7,7,4,DOWN,MDP_PRIMITIVE_ACTION,MDP|DOWN,0.0,0.0,0.0,0,0.0,False,False,False,0.0,0
ORACLE_MDP,7,7,5,RIGHT,MDP_PRIMITIVE_ACTION,MDP|RIGHT,0.0,0.0,0.0,0,0.0,False,False,False,0.0,0
ORACLE_MDP,7,7,6,RIGHT,MDP_PRIMITIVE_ACTION,MDP|RIGHT,0.0,0.0,0.0,0,0.0,False,False,False,0.0,0
ORACLE_MDP,7,7,7,RIGHT,MDP_PRIMITIVE_ACTION,MDP|RIGHT,0.0,0.0,0.0,0,0.0,False,False,False,0.0,0
ORACLE_MDP,7,7,8,RIGHT,MDP_PRIMITIVE_ACTION,MDP|RIGHT,0.0,0.0,0.0,0,0.0,False,False,False,0.0,0
ORACLE_MDP,7,7,9,RIGHT,MDP_PRIMITIVE_ACTION,MDP|RIGHT,0.0,0.0,0.0,0,0.0,False,False,False,0.0,0
ORACLE_MDP,7,7,10,RIGHT,MDP_PRIMITIVE_ACTION,MDP|RIGHT,0.0,0.0,0.0,0,0.0,False,False,False,0.0,0
ORACLE_MDP,7,7,11,RIGHT,MDP_PRIMITIVE_ACTION,MDP|RIGHT,1.0,1.0,0.0,0,0.0,False,True,True,0.0,0
ORACLE_MDP,7,8,1,DOWN,MDP_PRIMITIVE_ACTION,MDP|DOWN,0.0,0.0,0.0,0,0.0,False,False,False,0.0,0
ORACLE_MDP,7,8,2,RIGHT,MDP_PRIMITIVE_ACTION,MDP|RIGHT,0.0,0.0,0.0,0,0.0,False,False,False,0.0,0
ORACLE_MDP,7,8,3,RIGHT,MDP_PRIMITIVE_ACTION,MDP|RIGHT,0.0,0.0,0.0,0,0.0,False,False,False,0.0,0
ORACLE_MDP,7,8,4,DOWN,MDP_PRIMITIVE_ACTION,MDP|DOWN,0.0,0.0,0.0,0,0.0,False,False,False,0.0,0
ORACLE_MDP,7,8,5,RIGHT,MDP_PRIMITIVE_ACTION,MDP|RIGHT,0.0,0.0,0.0,0,0.0,False,False,False,0.0,0
ORACLE_MDP,7,8,6,DOWN,MDP_PRIMITIVE_ACTION,MDP|DOWN,0.0,0.0,0.0,0,0.0,False,False,False,0.0,0
ORACLE_MDP,7,8,7,RIGHT,MDP_PRIMITIVE_ACTION,MDP|RIGHT,1.0,1.0,0.0,0,0.0,False,True,True,0.0,0
ORACLE_MDP,7,9,1,RIGHT,MDP_PRIMITIVE_ACTION,MDP|RIGHT,0.0,0.0,0.0,0,0.0,False,False,False,0.0,0
ORACLE_MDP,7,9,2,RIGHT,MDP_PRIMITIVE_ACTION,MDP|RIGHT,0.0,0.0,0.0,0,0.0,False,False,False,0.0,0
ORACLE_MDP,7,9,3,RIGHT,MDP_PRIMITIVE_ACTION,MDP|RIGHT,0.0,0.0,0.0,0,0.0,False,False,False,0.0,0
ORACLE_MDP,7,9,4,RIGHT,MDP_PRIMITIVE_ACTION,MDP|RIGHT,0.0,0.0,0.0,0,0.0,False,False,False,0.0,0
ORACLE_MDP,7,9,5,RIGHT,MDP_PRIMITIVE_ACTION,MDP|RIGHT,0.0,0.0,0.0,0,0.0,False,False,False,0.0,0
ORACLE_MDP,7,9,6,RIGHT,MDP_PRIMITIVE_ACTION,MDP|RIGHT,0.0,0.0,0.0,0,0.0,False,False,False,0.0,0
ORACLE_MDP,7,9,7,RIGHT,MDP_PRIMITIVE_ACTION,MDP|RIGHT,1.0,1.0,0.0,0,0.0,False,True,True,0.0,0
ORACLE_MDP,7,10,1,RIGHT,MDP_PRIMITIVE_ACTION,MDP|RIGHT,0.0,0.0,0.0,0,0.0,False,False,False,0.0,0
ORACLE_MDP,7,10,2,RIGHT,MDP_PRIMITIVE_ACTION,MDP|RIGHT,0.0,0.0,0.0,0,0.0,False,False,False,0.0,0
ORACLE_MDP,7,10,3,RIGHT,MDP_PRIMITIVE_ACTION,MDP|RIGHT,0.0,0.0,0.0,0,0.0,False,False,False,0.0,0
ORACLE_MDP,7,10,4,UP,MDP_PRIMITIVE_ACTION,MDP|UP,0.0,0.0,0.0,0,0.0,False,False,False,0.0,0
ORACLE_MDP,7,10,5,RIGHT,MDP_PRIMITIVE_ACTION,MDP|RIGHT,0.0,0.0,0.0,0,0.0,False,False,False,0.0,0
ORACLE_MDP,7,10,6,RIGHT,MDP_PRIMITIVE_ACTION,MDP|RIGHT,0.0,0.0,0.0,0,0.0,False,False,False,0.0,0
ORACLE_MDP,7,10,7,RIGHT,MDP_PRIMITIVE_ACTION,MDP|RIGHT,0.0,0.0,0.0,0,0.0,False,False,False,0.0,0
ORACLE_MDP,7,10,8,RIGHT,MDP_PRIMITIVE_ACTION,MDP|RIGHT,0.0,0.0,0.0,0,0.0,False,False,False,0.0,0
ORACLE_MDP,7,10,9,DOWN,MDP_PRIMITIVE_ACTION,MDP|DOWN,1.0,1.0,0.0,0,0.0,False,True,True,0.0,0
ORACLE_MDP,7,11,1,UP,MDP_PRIMITIVE_ACTION,MDP|UP,0.0,0.0,0.0,0,0.0,False,False,False,0.0,0
ORACLE_MDP,7,11,2,RIGHT,MDP_PRIMITIVE_ACTION,MDP|RIGHT,0.0,0.0,0.0,0,0.0,False,False,False,0.0,0
ORACLE_MDP,7,11,3,RIGHT,MDP_PRIMITIVE_ACTION,MDP|RIGHT,0.0,0.0,0.0,0,0.0,False,False,False,0.0,0
ORACLE_MDP,7,11,4,RIGHT,MDP_PRIMITIVE_ACTION,MDP|RIGHT,0.0,0.0,0.0,0,0.0,False,False,False,0.0,0
ORACLE_MDP,7,11,5,RIGHT,MDP_PRIMITIVE_ACTION,MDP|RIGHT,0.0,0.0,0.0,0,0.0,False,False,False,0.0,0
ORACLE_MDP,7,11,6,DOWN,MDP_PRIMITIVE_ACTION,MDP|DOWN,0.0,0.0,0.0,0,0.0,False,False,False,0.0,0
ORACLE_MDP,7,11,7,DOWN,MDP_PRIMITIVE_ACTION,MDP|DOWN,0.0,0.0,0.0,0,0.0,False,False,False,0.0,0
ORACLE_MDP,7,11,8,DOWN,MDP_PRIMITIVE_ACTION,MDP|DOWN,0.0,0.0,0.0,0,0.0,False,False,False,0.0,0
ORACLE_MDP,7,11,9,RIGHT,MDP_PRIMITIVE_ACTION,MDP|RIGHT,1.0,1.0,0.0,0,0.0,False,True,True,0.0,0
ORACLE_MDP,7,12,1,DOWN,MDP_PRIMITIVE_ACTION,MDP|DOWN,0.0,0.0,0.0,0,0.0,False,False,False,0.0,0
ORACLE_MDP,7,12,2,DOWN,MDP_PRIMITIVE_ACTION,MDP|DOWN,0.0,0.0,0.0,0,0.0,False,False,False,0.0,0
ORACLE_MDP,7,12,3,RIGHT,MDP_PRIMITIVE_ACTION,MDP|RIGHT,0.0,0.0,0.0,0,0.0,False,False,False,0.0,0
ORACLE_MDP,7,12,4,RIGHT,MDP_PRIMITIVE_ACTION,MDP|RIGHT,0.0,0.0,0.0,0,0.0,False,False,False,0.0,0
ORACLE_MDP,7,12,5,RIGHT,MDP_PRIMITIVE_ACTION,MDP|RIGHT,0.0,0.0,0.0,0,0.0,False,False,False,0.0,0
ORACLE_MDP,7,12,6,RIGHT,MDP_PRIMITIVE_ACTION,MDP|RIGHT,0.0,0.0,0.0,0,0.0,False,False,False,0.0,0
ORACLE_MDP,7,12,7,RIGHT,MDP_PRIMITIVE_ACTION,MDP|RIGHT,0.0,0.0,0.0,0,0.0,False,False,False,0.0,0
ORACLE_MDP,7,12,8,RIGHT,MDP_PRIMITIVE_ACTION,MDP|RIGHT,1.0,1.0,0.0,0,0.0,False,True,True,0.0,0
ORACLE_MDP,7,13,1,UP,MDP_PRIMITIVE_ACTION,MDP|UP,0.0,0.0,0.0,0,0.0,False,False,False,0.0,0
ORACLE_MDP,7,13,2,RIGHT,MDP_PRIMITIVE_ACTION,MDP|RIGHT,0.0,0.0,0.0,0,0.0,False,False,False,0.0,0
ORACLE_MDP,7,13,3,RIGHT,MDP_PRIMITIVE_ACTION,MDP|RIGHT,0.0,0.0,0.0,0,0.0,False,False,False,0.0,0
ORACLE_MDP,7,13,4,RIGHT,MDP_PRIMITIVE_ACTION,MDP|RIGHT,0.0,0.0,0.0,0,0.0,False,False,False,0.0,0
ORACLE_MDP,7,13,5,RIGHT,MDP_PRIMITIVE_ACTION,MDP|RIGHT,0.0,0.0,0.0,0,0.0,False,False,False,0.0,0
ORACLE_MDP,7,13,6,DOWN,MDP_PRIMITIVE_ACTION,MDP|DOWN,0.0,0.0,0.0,0,0.0,False,False,False,0.0,0
ORACLE_MDP,7,13,7,DOWN,MDP_PRIMITIVE_ACTION,MDP|DOWN,0.0,0.0,0.0,0,0.0,False,False,False,0.0,0
ORACLE_MDP,7,13,8,RIGHT,MDP_PRIMITIVE_ACTION,MDP|RIGHT,0.0,0.0,0.0,0,0.0,False,False,False,0.0,0
ORACLE_MDP,7,13,9,RIGHT,MDP_PRIMITIVE_ACTION,MDP|RIGHT,0.0,0.0,0.0,0,0.0,False,False,False,0.0,0
ORACLE_MDP,7,13,10,RIGHT,MDP_PRIMITIVE_ACTION,MDP|RIGHT,1.0,1.0,0.0,0,0.0,False,True,True,0.0,0
ORACLE_MDP,7,14,1,DOWN,MDP_PRIMITIVE_ACTION,MDP|DOWN,0.0,0.0,0.0,0,0.0,False,False,False,0.0,0
ORACLE_MDP,7,14,2,DOWN,MDP_PRIMITIVE_ACTION,MDP|DOWN,0.0,0.0,0.0,0,0.0,False,False,False,0.0,0
ORACLE_MDP,7,14,3,RIGHT,MDP_PRIMITIVE_ACTION,MDP|RIGHT,0.0,0.0,0.0,0,0.0,False,False,False,0.0,0
ORACLE_MDP,7,14,4,RIGHT,MDP_PRIMITIVE_ACTION,MDP|RIGHT,0.0,0.0,0.0,0,0.0,False,False,False,0.0,0
ORACLE_MDP,7,14,5,RIGHT,MDP_PRIMITIVE_ACTION,MDP|RIGHT,0.0,0.0,0.0,0,0.0,False,False,False,0.0,0
ORACLE_MDP,7,14,6,RIGHT,MDP_PRIMITIVE_ACTION,MDP|RIGHT,0.0,0.0,0.0,0,0.0,False,False,False,0.0,0
ORACLE_MDP,7,14,7,RIGHT,MDP_PRIMITIVE_ACTION,MDP|RIGHT,0.0,0.0,0.0,0,0.0,False,False,False,0.0,0
ORACLE_MDP,7,14,8,"OPEN (7, 3)",MDP_PRIMITIVE_ACTION,"MDP|OPEN (7, 3)",0.0,0.0,0.0,0,0.0,False,False,False,0.0,0
ORACLE_MDP,7,14,9,RIGHT,MDP_PRIMITIVE_ACTION,MDP|RIGHT,0.0,0.0,0.0,0,0.0,False,False,False,0.0,0
ORACLE_MDP,7,14,10,RIGHT,MDP_PRIMITIVE_ACTION,MDP|RIGHT,1.0,1.0,0.0,0,0.0,False,True,True,0.0,0
ORACLE_MDP,7,15,1,DOWN,MDP_PRIMITIVE_ACTION,MDP|DOWN,0.0,0.0,0.0,0,0.0,False,False,False,0.0,0
ORACLE_MDP,7,15,2,RIGHT,MDP_PRIMITIVE_ACTION,MDP|RIGHT,0.0,0.0,0.0,0,0.0,False,False,False,0.0,0
ORACLE_MDP,7,15,3,RIGHT,MDP_PRIMITIVE_ACTION,MDP|RIGHT,0.0,0.0,0.0,0,0.0,False,False,False,0.0,0
ORACLE_MDP,7,15,4,DOWN,MDP_PRIMITIVE_ACTION,MDP|DOWN,0.0,0.0,0.0,0,0.0,False,False,False,0.0,0
ORACLE_MDP,7,15,5,RIGHT,MDP_PRIMITIVE_ACTION,MDP|RIGHT,0.0,0.0,0.0,0,0.0,False,False,False,0.0,0
ORACLE_MDP,7,15,6,RIGHT,MDP_PRIMITIVE_ACTION,MDP|RIGHT,0.0,0.0,0.0,0,0.0,False,False,False,0.0,0
ORACLE_MDP,7,15,7,RIGHT,MDP_PRIMITIVE_ACTION,MDP|RIGHT,0.0,0.0,0.0,0,0.0,False,False,False,0.0,0
ORACLE_MDP,7,15,8,DOWN,MDP_PRIMITIVE_ACTION,MDP|DOWN,0.0,0.0,0.0,0,0.0,False,False,False,0.0,0
ORACLE_MDP,7,15,9,RIGHT,MDP_PRIMITIVE_ACTION,MDP|RIGHT,1.0,1.0,0.0,0,0.0,False,True,True,0.0,0
ORACLE_MDP,7,16,1,DOWN,MDP_PRIMITIVE_ACTION,MDP|DOWN,0.0,0.0,0.0,0,0.0,False,False,False,0.0,0
ORACLE_MDP,7,16,2,RIGHT,MDP_PRIMITIVE_ACTION,MDP|RIGHT,0.0,0.0,0.0,0,0.0,False,False,False,0.0,0
ORACLE_MDP,7,16,3,DOWN,MDP_PRIMITIVE_ACTION,MDP|DOWN,0.0,0.0,0.0,0,0.0,False,False,False,0.0,0
ORACLE_MDP,7,16,4,RIGHT,MDP_PRIMITIVE_ACTION,MDP|RIGHT,0.0,0.0,0.0,0,0.0,False,False,False,0.0,0
ORACLE_MDP,7,16,5,DOWN,MDP_PRIMITIVE_ACTION,MDP|DOWN,0.0,0.0,0.0,0,0.0,False,False,False,0.0,0
ORACLE_MDP,7,16,6,DOWN,MDP_PRIMITIVE_ACTION,MDP|DOWN,0.0,0.0,0.0,0,0.0,False,False,False,0.0,0
ORACLE_MDP,7,16,7,RIGHT,MDP_PRIMITIVE_ACTION,MDP|RIGHT,0.0,0.0,0.0,0,0.0,False,False,False,0.0,0
ORACLE_MDP,7,16,8,RIGHT,MDP_PRIMITIVE_ACTION,MDP|RIGHT,0.0,0.0,0.0,0,0.0,False,False,False,0.0,0
ORACLE_MDP,7,16,9,RIGHT,MDP_PRIMITIVE_ACTION,MDP|RIGHT,1.0,1.0,0.0,0,0.0,False,True,True,0.0,0
ORACLE_MDP,7,17,1,RIGHT,MDP_PRIMITIVE_ACTION,MDP|RIGHT,0.0,0.0,0.0,0,0.0,False,False,False,0.0,0
ORACLE_MDP,7,17,2,RIGHT,MDP_PRIMITIVE_ACTION,MDP|RIGHT,0.0,0.0,0.0,0,0.0,False,False,False,0.0,0
ORACLE_MDP,7,17,3,RIGHT,MDP_PRIMITIVE_ACTION,MDP|RIGHT,0.0,0.0,0.0,0,0.0,False,False,False,0.0,0
ORACLE_MDP,7,17,4,RIGHT,MDP_PRIMITIVE_ACTION,MDP|RIGHT,0.0,0.0,0.0,0,0.0,False,False,False,0.0,0
ORACLE_MDP,7,17,5,RIGHT,MDP_PRIMITIVE_ACTION,MDP|RIGHT,0.0,0.0,0.0,0,0.0,False,False,False,0.0,0
ORACLE_MDP,7,17,6,DOWN,MDP_PRIMITIVE_ACTION,MDP|DOWN,0.0,0.0,0.0,0,0.0,False,False,False,0.0,0
ORACLE_MDP,7,17,7,RIGHT,MDP_PRIMITIVE_ACTION,MDP|RIGHT,0.0,0.0,0.0,0,0.0,False,False,False,0.0,0
ORACLE_MDP,7,17,8,RIGHT,MDP_PRIMITIVE_ACTION,MDP|RIGHT,1.0,1.0,0.0,0,0.0,False,True,True,0.0,0
ORACLE_MDP,7,18,1,RIGHT,MDP_PRIMITIVE_ACTION,MDP|RIGHT,0.0,0.0,0.0,0,0.0,False,False,False,0.0,0
ORACLE_MDP,7,18,2,RIGHT,MDP_PRIMITIVE_ACTION,MDP|RIGHT,0.0,0.0,0.0,0,0.0,False,False,False,0.0,0
ORACLE_MDP,7,18,3,RIGHT,MDP_PRIMITIVE_ACTION,MDP|RIGHT,0.0,0.0,0.0,0,0.0,False,False,False,0.0,0
ORACLE_MDP,7,18,4,RIGHT,MDP_PRIMITIVE_ACTION,MDP|RIGHT,0.0,0.0,0.0,0,0.0,False,False,False,0.0,0
ORACLE_MDP,7,18,5,RIGHT,MDP_PRIMITIVE_ACTION,MDP|RIGHT,0.0,0.0,0.0,0,0.0,False,False,False,0.0,0
ORACLE_MDP,7,18,6,DOWN,MDP_PRIMITIVE_ACTION,MDP|DOWN,0.0,0.0,0.0,0,0.0,False,False,False,0.0,0
ORACLE_MDP,7,18,7,RIGHT,MDP_PRIMITIVE_ACTION,MDP|RIGHT,1.0,1.0,0.0,0,0.0,False,True,True,0.0,0
ORACLE_MDP,7,19,1,UP,MDP_PRIMITIVE_ACTION,MDP|UP,0.0,0.0,0.0,0,0.0,False,False,False,0.0,0
ORACLE_MDP,7,19,2,RIGHT,MDP_PRIMITIVE_ACTION,MDP|RIGHT,0.0,0.0,0.0,0,0.0,False,False,False,0.0,0
ORACLE_MDP,7,19,3,RIGHT,MDP_PRIMITIVE_ACTION,MDP|RIGHT,0.0,0.0,0.0,0,0.0,False,False,False,0.0,0
ORACLE_MDP,7,19,4,RIGHT,MDP_PRIMITIVE_ACTION,MDP|RIGHT,0.0,0.0,0.0,0,0.0,False,False,False,0.0,0
ORACLE_MDP,7,19,5,DOWN,MDP_PRIMITIVE_ACTION,MDP|DOWN,0.0,0.0,0.0,0,0.0,False,False,False,0.0,0
ORACLE_MDP,7,19,6,DOWN,MDP_PRIMITIVE_ACTION,MDP|DOWN,0.0,0.0,0.0,0,0.0,False,False,False,0.0,0
ORACLE_MDP,7,19,7,DOWN,MDP_PRIMITIVE_ACTION,MDP|DOWN,0.0,0.0,0.0,0,0.0,False,False,False,0.0,0
ORACLE_MDP,7,19,8,RIGHT,MDP_PRIMITIVE_ACTION,MDP|RIGHT,0.0,0.0,0.0,0,0.0,False,False,False,0.0,0
ORACLE_MDP,7,19,9,RIGHT,MDP_PRIMITIVE_ACTION,MDP|RIGHT,1.0,1.0,0.0,0,0.0,False,True,True,0.0,0
ORACLE_MDP,7,20,1,DOWN,MDP_PRIMITIVE_ACTION,MDP|DOWN,0.0,0.0,0.0,0,0.0,False,False,False,0.0,0
ORACLE_MDP,7,20,2,DOWN,MDP_PRIMITIVE_ACTION,MDP|DOWN,0.0,0.0,0.0,0,0.0,False,False,False,0.0,0
ORACLE_MDP,7,20,3,DOWN,MDP_PRIMITIVE_ACTION,MDP|DOWN,0.0,0.0,0.0,0,0.0,False,False,False,0.0,0
ORACLE_MDP,7,20,4,DOWN,MDP_PRIMITIVE_ACTION,MDP|DOWN,0.0,0.0,0.0,0,0.0,False,False,False,0.0,0
ORACLE_MDP,7,20,5,RIGHT,MDP_PRIMITIVE_ACTION,MDP|RIGHT,0.0,0.0,0.0,0,0.0,False,False,False,0.0,0
ORACLE_MDP,7,20,6,RIGHT,MDP_PRIMITIVE_ACTION,MDP|RIGHT,0.0,0.0,0.0,0,0.0,False,False,False,0.0,0
ORACLE_MDP,7,20,7,RIGHT,MDP_PRIMITIVE_ACTION,MDP|RIGHT,0.0,0.0,0.0,0,0.0,False,False,False,0.0,0
ORACLE_MDP,7,20,8,RIGHT,MDP_PRIMITIVE_ACTION,MDP|RIGHT,0.0,0.0,0.0,0,0.0,False,False,False,0.0,0
ORACLE_MDP,7,20,9,RIGHT,MDP_PRIMITIVE_ACTION,MDP|RIGHT,1.0,1.0,0.0,0,0.0,False,True,True,0.0,0
ORACLE_MDP,7,22,1,UP,MDP_PRIMITIVE_ACTION,MDP|UP,0.0,0.0,0.0,0,0.0,False,False,False,0.0,0
ORACLE_MDP,7,22,2,RIGHT,MDP_PRIMITIVE_ACTION,MDP|RIGHT,0.0,0.0,0.0,0,0.0,False,False,False,0.0,0
ORACLE_MDP,7,22,3,RIGHT,MDP_PRIMITIVE_ACTION,MDP|RIGHT,0.0,0.0,0.0,0,0.0,False,False,False,0.0,0
ORACLE_MDP,7,22,4,RIGHT,MDP_PRIMITIVE_ACTION,MDP|RIGHT,0.0,0.0,0.0,0,0.0,False,False,False,0.0,0
ORACLE_MDP,7,22,5,RIGHT,MDP_PRIMITIVE_ACTION,MDP|RIGHT,0.0,0.0,0.0,0,0.0,False,False,False,0.0,0
ORACLE_MDP,7,22,6,DOWN,MDP_PRIMITIVE_ACTION,MDP|DOWN,0.0,0.0,0.0,0,0.0,False,False,False,0.0,0
ORACLE_MDP,7,22,7,DOWN,MDP_PRIMITIVE_ACTION,MDP|DOWN,0.0,0.0,0.0,0,0.0,False,False,False,0.0,0
ORACLE_MDP,7,22,8,DOWN,MDP_PRIMITIVE_ACTION,MDP|DOWN,0.0,0.0,0.0,0,0.0,False,False,False,0.0,0
ORACLE_MDP,7,22,9,RIGHT,MDP_PRIMITIVE_ACTION,MDP|RIGHT,1.0,1.0,0.0,0,0.0,False,True,True,0.0,0
ORACLE_MDP,7,23,1,DOWN,MDP_PRIMITIVE_ACTION,MDP|DOWN,0.0,0.0,0.0,0,0.0,False,False,False,0.0,0
ORACLE_MDP,7,23,2,RIGHT,MDP_PRIMITIVE_ACTION,MDP|RIGHT,0.0,0.0,0.0,0,0.0,False,False,False,0.0,0
ORACLE_MDP,7,23,3,RIGHT,MDP_PRIMITIVE_ACTION,MDP|RIGHT,0.0,0.0,0.0,0,0.0,False,False,False,0.0,0
ORACLE_MDP,7,23,4,RIGHT,MDP_PRIMITIVE_ACTION,MDP|RIGHT,0.0,0.0,0.0,0,0.0,False,False,False,0.0,0
ORACLE_MDP,7,23,5,RIGHT,MDP_PRIMITIVE_ACTION,MDP|RIGHT,0.0,0.0,0.0,0,0.0,False,False,False,0.0,0
ORACLE_MDP,7,23,6,RIGHT,MDP_PRIMITIVE_ACTION,MDP|RIGHT,0.0,0.0,0.0,0,0.0,False,False,False,0.0,0
ORACLE_MDP,7,23,7,RIGHT,MDP_PRIMITIVE_ACTION,MDP|RIGHT,0.0,0.0,0.0,0,0.0,False,False,False,0.0,0
ORACLE_MDP,7,23,8,RIGHT,MDP_PRIMITIVE_ACTION,MDP|RIGHT,1.0,1.0,0.0,0,0.0,False,True,True,0.0,0
ORACLE_MDP,7,24,1,RIGHT,MDP_PRIMITIVE_ACTION,MDP|RIGHT,0.0,0.0,0.0,0,0.0,False,False,False,0.0,0
ORACLE_MDP,7,24,2,RIGHT,MDP_PRIMITIVE_ACTION,MDP|RIGHT,0.0,0.0,0.0,0,0.0,False,False,False,0.0,0
ORACLE_MDP,7,24,3,DOWN,MDP_PRIMITIVE_ACTION,MDP|DOWN,0.0,0.0,0.0,0,0.0,False,False,False,0.0,0
ORACLE_MDP,7,24,4,RIGHT,MDP_PRIMITIVE_ACTION,MDP|RIGHT,0.0,0.0,0.0,0,0.0,False,False,False,0.0,0
ORACLE_MDP,7,24,5,RIGHT,MDP_PRIMITIVE_ACTION,MDP|RIGHT,0.0,0.0,0.0,0,0.0,False,False,False,0.0,0
ORACLE_MDP,7,24,6,RIGHT,MDP_PRIMITIVE_ACTION,MDP|RIGHT,0.0,0.0,0.0,0,0.0,False,False,False,0.0,0
ORACLE_MDP,7,24,7,RIGHT,MDP_PRIMITIVE_ACTION,MDP|RIGHT,1.0,1.0,0.0,0,0.0,False,True,True,0.0,0
ORACLE_MDP,7,25,1,UP,MDP_PRIMITIVE_ACTION,MDP|UP,0.0,0.0,0.0,0,0.0,False,False,False,0.0,0
ORACLE_MDP,7,25,2,RIGHT,MDP_PRIMITIVE_ACTION,MDP|RIGHT,0.0,0.0,0.0,0,0.0,False,False,False,0.0,0
ORACLE_MDP,7,25,3,RIGHT,MDP_PRIMITIVE_ACTION,MDP|RIGHT,0.0,0.0,0.0,0,0.0,False,False,False,0.0,0
ORACLE_MDP,7,25,4,RIGHT,MDP_PRIMITIVE_ACTION,MDP|RIGHT,0.0,0.0,0.0,0,0.0,False,False,False,0.0,0
ORACLE_MDP,7,25,5,RIGHT,MDP_PRIMITIVE_ACTION,MDP|RIGHT,0.0,0.0,0.0,0,0.0,False,False,False,0.0,0
ORACLE_MDP,7,25,6,RIGHT,MDP_PRIMITIVE_ACTION,MDP|RIGHT,0.0,0.0,0.0,0,0.0,False,False,False,0.0,0
ORACLE_MDP,7,25,7,RIGHT,MDP_PRIMITIVE_ACTION,MDP|RIGHT,1.0,1.0,0.0,0,0.0,False,True,True,0.0,0
ORACLE_MDP,7,26,1,DOWN,MDP_PRIMITIVE_ACTION,MDP|DOWN,0.0,0.0,0.0,0,0.0,False,False,False,0.0,0
ORACLE_MDP,7,26,2,DOWN,MDP_PRIMITIVE_ACTION,MDP|DOWN,0.0,0.0,0.0,0,0.0,False,False,False,0.0,0
ORACLE_MDP,7,26,3,DOWN,MDP_PRIMITIVE_ACTION,MDP|DOWN,0.0,0.0,0.0,0,0.0,False,False,False,0.0,0
ORACLE_MDP,7,26,4,RIGHT,MDP_PRIMITIVE_ACTION,MDP|RIGHT,0.0,0.0,0.0,0,0.0,False,False,False,0.0,0
ORACLE_MDP,7,26,5,RIGHT,MDP_PRIMITIVE_ACTION,MDP|RIGHT,0.0,0.0,0.0,0,0.0,False,False,False,0.0,0
ORACLE_MDP,7,26,6,RIGHT,MDP_PRIMITIVE_ACTION,MDP|RIGHT,0.0,0.0,0.0,0,0.0,False,False,False,0.0,0
ORACLE_MDP,7,26,7,RIGHT,MDP_PRIMITIVE_ACTION,MDP|RIGHT,1.0,1.0,0.0,0,0.0,False,True,True,0.0,0
ORACLE_MDP,7,27,1,RIGHT,MDP_PRIMITIVE_ACTION,MDP|RIGHT,0.0,0.0,0.0,0,0.0,False,False,False,0.0,0
ORACLE_MDP,7,27,2,RIGHT,MDP_PRIMITIVE_ACTION,MDP|RIGHT,0.0,0.0,0.0,0,0.0,False,False,False,0.0,0
ORACLE_MDP,7,27,3,RIGHT,MDP_PRIMITIVE_ACTION,MDP|RIGHT,0.0,0.0,0.0,0,0.0,False,False,False,0.0,0
ORACLE_MDP,7,27,4,DOWN,MDP_PRIMITIVE_ACTION,MDP|DOWN,0.0,0.0,0.0,0,0.0,False,False,False,0.0,0
ORACLE_MDP,7,27,5,RIGHT,MDP_PRIMITIVE_ACTION,MDP|RIGHT,0.0,0.0,0.0,0,0.0,False,False,False,0.0,0
ORACLE_MDP,7,27,6,DOWN,MDP_PRIMITIVE_ACTION,MDP|DOWN,0.0,0.0,0.0,0,0.0,False,False,False,0.0,0
ORACLE_MDP,7,27,7,RIGHT,MDP_PRIMITIVE_ACTION,MDP|RIGHT,1.0,1.0,0.0,0,0.0,False,True,True,0.0,0
ORACLE_MDP,7,28,1,DOWN,MDP_PRIMITIVE_ACTION,MDP|DOWN,0.0,0.0,0.0,0,0.0,False,False,False,0.0,0
ORACLE_MDP,7,28,2,DOWN,MDP_PRIMITIVE_ACTION,MDP|DOWN,0.0,0.0,0.0,0,0.0,False,False,False,0.0,0
ORACLE_MDP,7,28,3,RIGHT,MDP_PRIMITIVE_ACTION,MDP|RIGHT,0.0,0.0,0.0,0,0.0,False,False,False,0.0,0
ORACLE_MDP,7,28,4,DOWN,MDP_PRIMITIVE_ACTION,MDP|DOWN,0.0,0.0,0.0,0,0.0,False,False,False,0.0,0
ORACLE_MDP,7,28,5,RIGHT,MDP_PRIMITIVE_ACTION,MDP|RIGHT,0.0,0.0,0.0,0,0.0,False,False,False,0.0,0
ORACLE_MDP,7,28,6,RIGHT,MDP_PRIMITIVE_ACTION,MDP|RIGHT,0.0,0.0,0.0,0,0.0,False,False,False,0.0,0
ORACLE_MDP,7,28,7,"OPEN (5, 4)",MDP_PRIMITIVE_ACTION,"MDP|OPEN (5, 4)",0.0,0.0,0.0,0,0.0,False,False,False,0.0,0
ORACLE_MDP,7,28,8,RIGHT,MDP_PRIMITIVE_ACTION,MDP|RIGHT,0.0,0.0,0.0,0,0.0,False,False,False,0.0,0
ORACLE_MDP,7,28,9,DOWN,MDP_PRIMITIVE_ACTION,MDP|DOWN,1.0,1.0,0.0,0,0.0,False,True,True,0.0,0
ORACLE_MDP,7,29,1,DOWN,MDP_PRIMITIVE_ACTION,MDP|DOWN,0.0,0.0,0.0,0,0.0,False,False,False,0.0,0
ORACLE_MDP,7,29,2,DOWN,MDP_PRIMITIVE_ACTION,MDP|DOWN,0.0,0.0,0.0,0,0.0,False,False,False,0.0,0
ORACLE_MDP,7,29,3,DOWN,MDP_PRIMITIVE_ACTION,MDP|DOWN,0.0,0.0,0.0,0,0.0,False,False,False,0.0,0
ORACLE_MDP,7,29,4,RIGHT,MDP_PRIMITIVE_ACTION,MDP|RIGHT,0.0,0.0,0.0,0,0.0,False,False,False,0.0,0
ORACLE_MDP,7,29,5,RIGHT,MDP_PRIMITIVE_ACTION,MDP|RIGHT,0.0,0.0,0.0,0,0.0,False,False,False,0.0,0
ORACLE_MDP,7,29,6,RIGHT,MDP_PRIMITIVE_ACTION,MDP|RIGHT,0.0,0.0,0.0,0,0.0,False,False,False,0.0,0
ORACLE_MDP,7,29,7,RIGHT,MDP_PRIMITIVE_ACTION,MDP|RIGHT,0.0,0.0,0.0,0,0.0,False,False,False,0.0,0
ORACLE_MDP,7,29,8,RIGHT,MDP_PRIMITIVE_ACTION,MDP|RIGHT,0.0,0.0,0.0,0,0.0,False,False,False,0.0,0
ORACLE_MDP,7,29,9,RIGHT,MDP_PRIMITIVE_ACTION,MDP|RIGHT,1.0,1.0,0.0,0,0.0,False,True,True,0.0,0
ORACLE_MDP,8,0,1,DOWN,MDP_PRIMITIVE_ACTION,MDP|DOWN,0.0,0.0,0.0,0,0.0,False,False,False,0.0,0
ORACLE_MDP,8,0,2,DOWN,MDP_PRIMITIVE_ACTION,MDP|DOWN,0.0,0.0,0.0,0,0.0,False,False,False,0.0,0
ORACLE_MDP,8,0,3,RIGHT,MDP_PRIMITIVE_ACTION,MDP|RIGHT,0.0,0.0,0.0,0,0.0,False,False,False,0.0,0
ORACLE_MDP,8,0,4,RIGHT,MDP_PRIMITIVE_ACTION,MDP|RIGHT,0.0,0.0,0.0,0,0.0,False,False,False,0.0,0
ORACLE_MDP,8,0,5,RIGHT,MDP_PRIMITIVE_ACTION,MDP|RIGHT,0.0,0.0,0.0,0,0.0,False,False,False,0.0,0
ORACLE_MDP,8,0,6,DOWN,MDP_PRIMITIVE_ACTION,MDP|DOWN,0.0,0.0,0.0,0,0.0,False,False,False,0.0,0
ORACLE_MDP,8,0,7,RIGHT,MDP_PRIMITIVE_ACTION,MDP|RIGHT,0.0,0.0,0.0,0,0.0,False,False,False,0.0,0
ORACLE_MDP,8,0,8,RIGHT,MDP_PRIMITIVE_ACTION,MDP|RIGHT,0.0,0.0,0.0,0,0.0,False,False,False,0.0,0
ORACLE_MDP,8,0,9,DOWN,MDP_PRIMITIVE_ACTION,MDP|DOWN,0.0,0.0,0.0,0,0.0,False,False,False,0.0,0
ORACLE_MDP,8,0,10,RIGHT,MDP_PRIMITIVE_ACTION,MDP|RIGHT,1.0,1.0,0.0,0,0.0,False,True,True,0.0,0
ORACLE_MDP,8,1,1,DOWN,MDP_PRIMITIVE_ACTION,MDP|DOWN,0.0,0.0,0.0,0,0.0,False,False,False,0.0,0
ORACLE_MDP,8,1,2,DOWN,MDP_PRIMITIVE_ACTION,MDP|DOWN,0.0,0.0,0.0,0,0.0,False,False,False,0.0,0
ORACLE_MDP,8,1,3,RIGHT,MDP_PRIMITIVE_ACTION,MDP|RIGHT,0.0,0.0,0.0,0,0.0,False,False,False,0.0,0
ORACLE_MDP,8,1,4,RIGHT,MDP_PRIMITIVE_ACTION,MDP|RIGHT,0.0,0.0,0.0,0,0.0,False,False,False,0.0,0
ORACLE_MDP,8,1,5,RIGHT,MDP_PRIMITIVE_ACTION,MDP|RIGHT,0.0,0.0,0.0,0,0.0,False,False,False,0.0,0
ORACLE_MDP,8,1,6,RIGHT,MDP_PRIMITIVE_ACTION,MDP|RIGHT,0.0,0.0,0.0,0,0.0,False,False,False,0.0,0
ORACLE_MDP,8,1,7,RIGHT,MDP_PRIMITIVE_ACTION,MDP|RIGHT,0.0,0.0,0.0,0,0.0,False,False,False,0.0,0
ORACLE_MDP,8,1,8,RIGHT,MDP_PRIMITIVE_ACTION,MDP|RIGHT,1.0,1.0,0.0,0,0.0,False,True,True,0.0,0
ORACLE_MDP,8,2,1,DOWN,MDP_PRIMITIVE_ACTION,MDP|DOWN,0.0,0.0,0.0,0,0.0,False,False,False,0.0,0
ORACLE_MDP,8,2,2,RIGHT,MDP_PRIMITIVE_ACTION,MDP|RIGHT,0.0,0.0,0.0,0,0.0,False,False,False,0.0,0
ORACLE_MDP,8,2,3,RIGHT,MDP_PRIMITIVE_ACTION,MDP|RIGHT,0.0,0.0,0.0,0,0.0,False,False,False,0.0,0
ORACLE_MDP,8,2,4,DOWN,MDP_PRIMITIVE_ACTION,MDP|DOWN,0.0,0.0,0.0,0,0.0,False,False,False,0.0,0
ORACLE_MDP,8,2,5,DOWN,MDP_PRIMITIVE_ACTION,MDP|DOWN,0.0,0.0,0.0,0,0.0,False,False,False,0.0,0
ORACLE_MDP,8,2,6,RIGHT,MDP_PRIMITIVE_ACTION,MDP|RIGHT,0.0,0.0,0.0,0,0.0,False,False,False,0.0,0
ORACLE_MDP,8,2,7,RIGHT,MDP_PRIMITIVE_ACTION,MDP|RIGHT,1.0,1.0,0.0,0,0.0,False,True,True,0.0,0
ORACLE_MDP,8,3,1,DOWN,MDP_PRIMITIVE_ACTION,MDP|DOWN,0.0,0.0,0.0,0,0.0,False,False,False,0.0,0
ORACLE_MDP,8,3,2,LEFT,MDP_PRIMITIVE_ACTION,MDP|LEFT,0.0,0.0,0.0,0,0.0,False,False,False,0.0,0
ORACLE_MDP,8,3,3,RIGHT,MDP_PRIMITIVE_ACTION,MDP|RIGHT,0.0,0.0,0.0,0,0.0,False,False,False,0.0,0
ORACLE_MDP,8,3,4,RIGHT,MDP_PRIMITIVE_ACTION,MDP|RIGHT,0.0,0.0,0.0,0,0.0,False,False,False,0.0,0
ORACLE_MDP,8,3,5,RIGHT,MDP_PRIMITIVE_ACTION,MDP|RIGHT,0.0,0.0,0.0,0,0.0,False,False,False,0.0,0
ORACLE_MDP,8,3,6,"OPEN (4, 2)",MDP_PRIMITIVE_ACTION,"MDP|OPEN (4, 2)",0.0,0.0,0.0,0,0.0,False,False,False,0.0,0
ORACLE_MDP,8,3,7,RIGHT,MDP_PRIMITIVE_ACTION,MDP|RIGHT,0.0,0.0,0.0,0,0.0,False,False,False,0.0,0
ORACLE_MDP,8,3,8,RIGHT,MDP_PRIMITIVE_ACTION,MDP|RIGHT,0.0,0.0,0.0,0,0.0,False,False,False,0.0,0
ORACLE_MDP,8,3,9,RIGHT,MDP_PRIMITIVE_ACTION,MDP|RIGHT,0.0,0.0,0.0,0,0.0,False,False,False,0.0,0
ORACLE_MDP,8,3,10,RIGHT,MDP_PRIMITIVE_ACTION,MDP|RIGHT,0.0,0.0,0.0,0,0.0,False,False,False,0.0,0
ORACLE_MDP,8,3,11,RIGHT,MDP_PRIMITIVE_ACTION,MDP|RIGHT,1.0,1.0,0.0,0,0.0,False,True,True,0.0,0
ORACLE_MDP,8,4,1,DOWN,MDP_PRIMITIVE_ACTION,MDP|DOWN,0.0,0.0,0.0,0,0.0,False,False,False,0.0,0
ORACLE_MDP,8,4,2,RIGHT,MDP_PRIMITIVE_ACTION,MDP|RIGHT,0.0,0.0,0.0,0,0.0,False,False,False,0.0,0
ORACLE_MDP,8,4,3,RIGHT,MDP_PRIMITIVE_ACTION,MDP|RIGHT,0.0,0.0,0.0,0,0.0,False,False,False,0.0,0
ORACLE_MDP,8,4,4,RIGHT,MDP_PRIMITIVE_ACTION,MDP|RIGHT,0.0,0.0,0.0,0,0.0,False,False,False,0.0,0
ORACLE_MDP,8,4,5,DOWN,MDP_PRIMITIVE_ACTION,MDP|DOWN,0.0,0.0,0.0,0,0.0,False,False,False,0.0,0
ORACLE_MDP,8,4,6,RIGHT,MDP_PRIMITIVE_ACTION,MDP|RIGHT,0.0,0.0,0.0,0,0.0,False,False,False,0.0,0
ORACLE_MDP,8,4,7,RIGHT,MDP_PRIMITIVE_ACTION,MDP|RIGHT,0.0,0.0,0.0,0,0.0,False,False,False,0.0,0
ORACLE_MDP,8,4,8,RIGHT,MDP_PRIMITIVE_ACTION,MDP|RIGHT,1.0,1.0,0.0,0,0.0,False,True,True,0.0,0
ORACLE_MDP,8,5,1,DOWN,MDP_PRIMITIVE_ACTION,MDP|DOWN,0.0,0.0,0.0,0,0.0,False,False,False,0.0,0
ORACLE_MDP,8,5,2,DOWN,MDP_PRIMITIVE_ACTION,MDP|DOWN,0.0,0.0,0.0,0,0.0,False,False,False,0.0,0
ORACLE_MDP,8,5,3,RIGHT,MDP_PRIMITIVE_ACTION,MDP|RIGHT,0.0,0.0,0.0,0,0.0,False,False,False,0.0,0
ORACLE_MDP,8,5,4,DOWN,MDP_PRIMITIVE_ACTION,MDP|DOWN,0.0,0.0,0.0,0,0.0,False,False,False,0.0,0
ORACLE_MDP,8,5,5,DOWN,MDP_PRIMITIVE_ACTION,MDP|DOWN,0.0,0.0,0.0,0,0.0,False,False,False,0.0,0
ORACLE_MDP,8,5,6,RIGHT,MDP_PRIMITIVE_ACTION,MDP|RIGHT,0.0,0.0,0.0,0,0.0,False,False,False,0.0,0
ORACLE_MDP,8,5,7,RIGHT,MDP_PRIMITIVE_ACTION,MDP|RIGHT,1.0,1.0,0.0,0,0.0,False,True,True,0.0,0
ORACLE_MDP,8,6,1,UP,MDP_PRIMITIVE_ACTION,MDP|UP,0.0,0.0,0.0,0,0.0,False,False,False,0.0,0
ORACLE_MDP,8,6,2,RIGHT,MDP_PRIMITIVE_ACTION,MDP|RIGHT,0.0,0.0,0.0,0,0.0,False,False,False,0.0,0
ORACLE_MDP,8,6,3,RIGHT,MDP_PRIMITIVE_ACTION,MDP|RIGHT,0.0,0.0,0.0,0,0.0,False,False,False,0.0,0
ORACLE_MDP,8,6,4,RIGHT,MDP_PRIMITIVE_ACTION,MDP|RIGHT,0.0,0.0,0.0,0,0.0,False,False,False,0.0,0
ORACLE_MDP,8,6,5,DOWN,MDP_PRIMITIVE_ACTION,MDP|DOWN,0.0,0.0,0.0,0,0.0,False,False,False,0.0,0
ORACLE_MDP,8,6,6,RIGHT,MDP_PRIMITIVE_ACTION,MDP|RIGHT,0.0,0.0,0.0,0,0.0,False,False,False,0.0,0
ORACLE_MDP,8,6,7,RIGHT,MDP_PRIMITIVE_ACTION,MDP|RIGHT,0.0,0.0,0.0,0,0.0,False,False,False,0.0,0
ORACLE_MDP,8,6,8,RIGHT,MDP_PRIMITIVE_ACTION,MDP|RIGHT,0.0,0.0,0.0,0,0.0,False,False,False,0.0,0
ORACLE_MDP,8,6,9,DOWN,MDP_PRIMITIVE_ACTION,MDP|DOWN,0.0,0.0,0.0,0,0.0,False,False,False,0.0,0
ORACLE_MDP,8,6,10,RIGHT,MDP_PRIMITIVE_ACTION,MDP|RIGHT,1.0,1.0,0.0,0,0.0,False,True,True,0.0,0
ORACLE_MDP,8,7,1,UP,MDP_PRIMITIVE_ACTION,MDP|UP,0.0,0.0,0.0,0,0.0,False,False,False,0.0,0
ORACLE_MDP,8,7,2,RIGHT,MDP_PRIMITIVE_ACTION,MDP|RIGHT,0.0,0.0,0.0,0,0.0,False,False,False,0.0,0
ORACLE_MDP,8,7,3,RIGHT,MDP_PRIMITIVE_ACTION,MDP|RIGHT,0.0,0.0,0.0,0,0.0,False,False,False,0.0,0
ORACLE_MDP,8,7,4,RIGHT,MDP_PRIMITIVE_ACTION,MDP|RIGHT,0.0,0.0,0.0,0,0.0,False,False,False,0.0,0
ORACLE_MDP,8,7,5,RIGHT,MDP_PRIMITIVE_ACTION,MDP|RIGHT,0.0,0.0,0.0,0,0.0,False,False,False,0.0,0
ORACLE_MDP,8,7,6,RIGHT,MDP_PRIMITIVE_ACTION,MDP|RIGHT,0.0,0.0,0.0,0,0.0,False,False,False,0.0,0
ORACLE_MDP,8,7,7,DOWN,MDP_PRIMITIVE_ACTION,MDP|DOWN,0.0,0.0,0.0,0,0.0,False,False,False,0.0,0
ORACLE_MDP,8,7,8,RIGHT,MDP_PRIMITIVE_ACTION,MDP|RIGHT,0.0,0.0,0.0,0,0.0,False,False,False,0.0,0
ORACLE_MDP,8,7,9,RIGHT,MDP_PRIMITIVE_ACTION,MDP|RIGHT,1.0,1.0,0.0,0,0.0,False,True,True,0.0,0
ORACLE_MDP,8,8,1,DOWN,MDP_PRIMITIVE_ACTION,MDP|DOWN,0.0,0.0,0.0,0,0.0,False,False,False,0.0,0
ORACLE_MDP,8,8,2,RIGHT,MDP_PRIMITIVE_ACTION,MDP|RIGHT,0.0,0.0,0.0,0,0.0,False,False,False,0.0,0
ORACLE_MDP,8,8,3,RIGHT,MDP_PRIMITIVE_ACTION,MDP|RIGHT,0.0,0.0,0.0,0,0.0,False,False,False,0.0,0
ORACLE_MDP,8,8,4,RIGHT,MDP_PRIMITIVE_ACTION,MDP|RIGHT,0.0,0.0,0.0,0,0.0,False,False,False,0.0,0
ORACLE_MDP,8,8,5,DOWN,MDP_PRIMITIVE_ACTION,MDP|DOWN,0.0,0.0,0.0,0,0.0,False,False,False,0.0,0
ORACLE_MDP,8,8,6,RIGHT,MDP_PRIMITIVE_ACTION,MDP|RIGHT,0.0,0.0,0.0,0,0.0,False,False,False,0.0,0
ORACLE_MDP,8,8,7,DOWN,MDP_PRIMITIVE_ACTION,MDP|DOWN,0.0,0.0,0.0,0,0.0,False,False,False,0.0,0
ORACLE_MDP,8,8,8,RIGHT,MDP_PRIMITIVE_ACTION,MDP|RIGHT,0.0,0.0,0.0,0,0.0,False,False,False,0.0,0
ORACLE_MDP,8,8,9,RIGHT,MDP_PRIMITIVE_ACTION,MDP|RIGHT,0.0,0.0,0.0,0,0.0,False,False,False,0.0,0
ORACLE_MDP,8,8,10,UP,MDP_PRIMITIVE_ACTION,MDP|UP,0.0,0.0,0.0,0,0.0,False,False,False,0.0,0
ORACLE_MDP,8,8,11,RIGHT,MDP_PRIMITIVE_ACTION,MDP|RIGHT,1.0,1.0,0.0,0,0.0,False,True,True,0.0,0
ORACLE_MDP,8,9,1,DOWN,MDP_PRIMITIVE_ACTION,MDP|DOWN,0.0,0.0,0.0,0,0.0,False,False,False,0.0,0
ORACLE_MDP,8,9,2,RIGHT,MDP_PRIMITIVE_ACTION,MDP|RIGHT,0.0,0.0,0.0,0,0.0,False,False,False,0.0,0
ORACLE_MDP,8,9,3,RIGHT,MDP_PRIMITIVE_ACTION,MDP|RIGHT,0.0,0.0,0.0,0,0.0,False,False,False,0.0,0
ORACLE_MDP,8,9,4,RIGHT,MDP_PRIMITIVE_ACTION,MDP|RIGHT,0.0,0.0,0.0,0,0.0,False,False,False,0.0,0
ORACLE_MDP,8,9,5,RIGHT,MDP_PRIMITIVE_ACTION,MDP|RIGHT,0.0,0.0,0.0,0,0.0,False,False,False,0.0,0
ORACLE_MDP,8,9,6,RIGHT,MDP_PRIMITIVE_ACTION,MDP|RIGHT,0.0,0.0,0.0,0,0.0,False,False,False,0.0,0
ORACLE_MDP,8,9,7,RIGHT,MDP_PRIMITIVE_ACTION,MDP|RIGHT,1.0,1.0,0.0,0,0.0,False,True,True,0.0,0
ORACLE_MDP,8,10,1,DOWN,MDP_PRIMITIVE_ACTION,MDP|DOWN,0.0,0.0,0.0,0,0.0,False,False,False,0.0,0
ORACLE_MDP,8,10,2,RIGHT,MDP_PRIMITIVE_ACTION,MDP|RIGHT,0.0,0.0,0.0,0,0.0,False,False,False,0.0,0
ORACLE_MDP,8,10,3,RIGHT,MDP_PRIMITIVE_ACTION,MDP|RIGHT,0.0,0.0,0.0,0,0.0,False,False,False,0.0,0
ORACLE_MDP,8,10,4,RIGHT,MDP_PRIMITIVE_ACTION,MDP|RIGHT,0.0,0.0,0.0,0,0.0,False,False,False,0.0,0
ORACLE_MDP,8,10,5,RIGHT,MDP_PRIMITIVE_ACTION,MDP|RIGHT,0.0,0.0,0.0,0,0.0,False,False,False,0.0,0
ORACLE_MDP,8,10,6,UP,MDP_PRIMITIVE_ACTION,MDP|UP,0.0,0.0,0.0,0,0.0,False,False,False,0.0,0
ORACLE_MDP,8,10,7,RIGHT,MDP_PRIMITIVE_ACTION,MDP|RIGHT,0.0,0.0,0.0,0,0.0,False,False,False,0.0,0
ORACLE_MDP,8,10,8,UP,MDP_PRIMITIVE_ACTION,MDP|UP,0.0,0.0,0.0,0,0.0,False,False,False,0.0,0
ORACLE_MDP,8,10,9,RIGHT,MDP_PRIMITIVE_ACTION,MDP|RIGHT,1.0,1.0,0.0,0,0.0,False,True,True,0.0,0
ORACLE_MDP,8,11,1,RIGHT,MDP_PRIMITIVE_ACTION,MDP|RIGHT,0.0,0.0,0.0,0,0.0,False,False,False,0.0,0
ORACLE_MDP,8,11,2,RIGHT,MDP_PRIMITIVE_ACTION,MDP|RIGHT,0.0,0.0,0.0,0,0.0,False,False,False,0.0,0
ORACLE_MDP,8,11,3,UP,MDP_PRIMITIVE_ACTION,MDP|UP,0.0,0.0,0.0,0,0.0,False,False,False,0.0,0
ORACLE_MDP,8,11,4,RIGHT,MDP_PRIMITIVE_ACTION,MDP|RIGHT,0.0,0.0,0.0,0,0.0,False,False,False,0.0,0
ORACLE_MDP,8,11,5,RIGHT,MDP_PRIMITIVE_ACTION,MDP|RIGHT,0.0,0.0,0.0,0,0.0,False,False,False,0.0,0
ORACLE_MDP,8,11,6,RIGHT,MDP_PRIMITIVE_ACTION,MDP|RIGHT,0.0,0.0,0.0,0,0.0,False,False,False,0.0,0
ORACLE_MDP,8,11,7,RIGHT,MDP_PRIMITIVE_ACTION,MDP|RIGHT,0.0,0.0,0.0,0,0.0,False,False,False,0.0,0
ORACLE_MDP,8,11,8,DOWN,MDP_PRIMITIVE_ACTION,MDP|DOWN,0.0,0.0,0.0,0,0.0,False,False,False,0.0,0
ORACLE_MDP,8,11,9,RIGHT,MDP_PRIMITIVE_ACTION,MDP|RIGHT,1.0,1.0,0.0,0,0.0,False,True,True,0.0,0
ORACLE_MDP,8,12,1,DOWN,MDP_PRIMITIVE_ACTION,MDP|DOWN,0.0,0.0,0.0,0,0.0,False,False,False,0.0,0
ORACLE_MDP,8,12,2,DOWN,MDP_PRIMITIVE_ACTION,MDP|DOWN,0.0,0.0,0.0,0,0.0,False,False,False,0.0,0
ORACLE_MDP,8,12,3,RIGHT,MDP_PRIMITIVE_ACTION,MDP|RIGHT,0.0,0.0,0.0,0,0.0,False,False,False,0.0,0
ORACLE_MDP,8,12,4,RIGHT,MDP_PRIMITIVE_ACTION,MDP|RIGHT,0.0,0.0,0.0,0,0.0,False,False,False,0.0,0
ORACLE_MDP,8,12,5,RIGHT,MDP_PRIMITIVE_ACTION,MDP|RIGHT,0.0,0.0,0.0,0,0.0,False,False,False,0.0,0
ORACLE_MDP,8,12,6,RIGHT,MDP_PRIMITIVE_ACTION,MDP|RIGHT,0.0,0.0,0.0,0,0.0,False,False,False,0.0,0
ORACLE_MDP,8,12,7,RIGHT,MDP_PRIMITIVE_ACTION,MDP|RIGHT,0.0,0.0,0.0,0,0.0,False,False,False,0.0,0
ORACLE_MDP,8,12,8,DOWN,MDP_PRIMITIVE_ACTION,MDP|DOWN,0.0,0.0,0.0,0,0.0,False,False,False,0.0,0
ORACLE_MDP,8,12,9,RIGHT,MDP_PRIMITIVE_ACTION,MDP|RIGHT,0.0,0.0,0.0,0,0.0,False,False,False,0.0,0
ORACLE_MDP,8,12,10,RIGHT,MDP_PRIMITIVE_ACTION,MDP|RIGHT,1.0,1.0,0.0,0,0.0,False,True,True,0.0,0
ORACLE_MDP,8,13,1,RIGHT,MDP_PRIMITIVE_ACTION,MDP|RIGHT,0.0,0.0,0.0,0,0.0,False,False,False,0.0,0
ORACLE_MDP,8,13,2,RIGHT,MDP_PRIMITIVE_ACTION,MDP|RIGHT,0.0,0.0,0.0,0,0.0,False,False,False,0.0,0
ORACLE_MDP,8,13,3,DOWN,MDP_PRIMITIVE_ACTION,MDP|DOWN,0.0,0.0,0.0,0,0.0,False,False,False,0.0,0
ORACLE_MDP,8,13,4,DOWN,MDP_PRIMITIVE_ACTION,MDP|DOWN,0.0,0.0,0.0,0,0.0,False,False,False,0.0,0
ORACLE_MDP,8,13,5,RIGHT,MDP_PRIMITIVE_ACTION,MDP|RIGHT,0.0,0.0,0.0,0,0.0,False,False,False,0.0,0
ORACLE_MDP,8,13,6,RIGHT,MDP_PRIMITIVE_ACTION,MDP|RIGHT,0.0,0.0,0.0,0,0.0,False,False,False,0.0,0
ORACLE_MDP,8,13,7,RIGHT,MDP_PRIMITIVE_ACTION,MDP|RIGHT,0.0,0.0,0.0,0,0.0,False,False,False,0.0,0
ORACLE_MDP,8,13,8,RIGHT,MDP_PRIMITIVE_ACTION,MDP|RIGHT,0.0,0.0,0.0,0,0.0,False,False,False,0.0,0
ORACLE_MDP,8,13,9,RIGHT,MDP_PRIMITIVE_ACTION,MDP|RIGHT,1.0,1.0,0.0,0,0.0,False,True,True,0.0,0
ORACLE_MDP,8,14,1,DOWN,MDP_PRIMITIVE_ACTION,MDP|DOWN,0.0,0.0,0.0,0,0.0,False,False,False,0.0,0
ORACLE_MDP,8,14,2,RIGHT,MDP_PRIMITIVE_ACTION,MDP|RIGHT,0.0,0.0,0.0,0,0.0,False,False,False,0.0,0
ORACLE_MDP,8,14,3,DOWN,MDP_PRIMITIVE_ACTION,MDP|DOWN,0.0,0.0,0.0,0,0.0,False,False,False,0.0,0
ORACLE_MDP,8,14,4,DOWN,MDP_PRIMITIVE_ACTION,MDP|DOWN,0.0,0.0,0.0,0,0.0,False,False,False,0.0,0
ORACLE_MDP,8,14,5,RIGHT,MDP_PRIMITIVE_ACTION,MDP|RIGHT,0.0,0.0,0.0,0,0.0,False,False,False,0.0,0
ORACLE_MDP,8,14,6,DOWN,MDP_PRIMITIVE_ACTION,MDP|DOWN,0.0,0.0,0.0,0,0.0,False,False,False,0.0,0
ORACLE_MDP,8,14,7,RIGHT,MDP_PRIMITIVE_ACTION,MDP|RIGHT,1.0,1.0,0.0,0,0.0,False,True,True,0.0,0
ORACLE_MDP,8,15,1,DOWN,MDP_PRIMITIVE_ACTION,MDP|DOWN,0.0,0.0,0.0,0,0.0,False,False,False,0.0,0
ORACLE_MDP,8,15,2,DOWN,MDP_PRIMITIVE_ACTION,MDP|DOWN,0.0,0.0,0.0,0,0.0,False,False,False,0.0,0
ORACLE_MDP,8,15,3,RIGHT,MDP_PRIMITIVE_ACTION,MDP|RIGHT,0.0,0.0,0.0,0,0.0,False,False,False,0.0,0
ORACLE_MDP,8,15,4,RIGHT,MDP_PRIMITIVE_ACTION,MDP|RIGHT,0.0,0.0,0.0,0,0.0,False,False,False,0.0,0
ORACLE_MDP,8,15,5,RIGHT,MDP_PRIMITIVE_ACTION,MDP|RIGHT,0.0,0.0,0.0,0,0.0,False,False,False,0.0,0
ORACLE_MDP,8,15,6,RIGHT,MDP_PRIMITIVE_ACTION,MDP|RIGHT,0.0,0.0,0.0,0,0.0,False,False,False,0.0,0
ORACLE_MDP,8,15,7,RIGHT,MDP_PRIMITIVE_ACTION,MDP|RIGHT,0.0,0.0,0.0,0,0.0,False,False,False,0.0,0
ORACLE_MDP,8,15,8,RIGHT,MDP_PRIMITIVE_ACTION,MDP|RIGHT,1.0,1.0,0.0,0,0.0,False,True,True,0.0,0
ORACLE_MDP,8,16,1,DOWN,MDP_PRIMITIVE_ACTION,MDP|DOWN,0.0,0.0,0.0,0,0.0,False,False,False,0.0,0
ORACLE_MDP,8,16,2,DOWN,MDP_PRIMITIVE_ACTION,MDP|DOWN,0.0,0.0,0.0,0,0.0,False,False,False,0.0,0
ORACLE_MDP,8,16,3,RIGHT,MDP_PRIMITIVE_ACTION,MDP|RIGHT,0.0,0.0,0.0,0,0.0,False,False,False,0.0,0
ORACLE_MDP,8,16,4,DOWN,MDP_PRIMITIVE_ACTION,MDP|DOWN,0.0,0.0,0.0,0,0.0,False,False,False,0.0,0
ORACLE_MDP,8,16,5,RIGHT,MDP_PRIMITIVE_ACTION,MDP|RIGHT,0.0,0.0,0.0,0,0.0,False,False,False,0.0,0
ORACLE_MDP,8,16,6,RIGHT,MDP_PRIMITIVE_ACTION,MDP|RIGHT,0.0,0.0,0.0,0,0.0,False,False,False,0.0,0
ORACLE_MDP,8,16,7,RIGHT,MDP_PRIMITIVE_ACTION,MDP|RIGHT,0.0,0.0,0.0,0,0.0,False,False,False,0.0,0
ORACLE_MDP,8,16,8,RIGHT,MDP_PRIMITIVE_ACTION,MDP|RIGHT,0.0,0.0,0.0,0,0.0,False,False,False,0.0,0
ORACLE_MDP,8,16,9,RIGHT,MDP_PRIMITIVE_ACTION,MDP|RIGHT,0.0,0.0,0.0,0,0.0,False,False,False,0.0,0
ORACLE_MDP,8,16,10,DOWN,MDP_PRIMITIVE_ACTION,MDP|DOWN,1.0,1.0,0.0,0,0.0,False,True,True,0.0,0
ORACLE_MDP,8,17,1,DOWN,MDP_PRIMITIVE_ACTION,MDP|DOWN,0.0,0.0,0.0,0,0.0,False,False,False,0.0,0
ORACLE_MDP,8,17,2,RIGHT,MDP_PRIMITIVE_ACTION,MDP|RIGHT,0.0,0.0,0.0,0,0.0,False,False,False,0.0,0
ORACLE_MDP,8,17,3,RIGHT,MDP_PRIMITIVE_ACTION,MDP|RIGHT,0.0,0.0,0.0,0,0.0,False,False,False,0.0,0
ORACLE_MDP,8,17,4,DOWN,MDP_PRIMITIVE_ACTION,MDP|DOWN,0.0,0.0,0.0,0,0.0,False,False,False,0.0,0
ORACLE_MDP,8,17,5,RIGHT,MDP_PRIMITIVE_ACTION,MDP|RIGHT,0.0,0.0,0.0,0,0.0,False,False,False,0.0,0
ORACLE_MDP,8,17,6,RIGHT,MDP_PRIMITIVE_ACTION,MDP|RIGHT,0.0,0.0,0.0,0,0.0,False,False,False,0.0,0
ORACLE_MDP,8,17,7,RIGHT,MDP_PRIMITIVE_ACTION,MDP|RIGHT,0.0,0.0,0.0,0,0.0,False,False,False,0.0,0
ORACLE_MDP,8,17,8,RIGHT,MDP_PRIMITIVE_ACTION,MDP|RIGHT,1.0,1.0,0.0,0,0.0,False,True,True,0.0,0
ORACLE_MDP,8,18,1,DOWN,MDP_PRIMITIVE_ACTION,MDP|DOWN,0.0,0.0,0.0,0,0.0,False,False,False,0.0,0
ORACLE_MDP,8,18,2,DOWN,MDP_PRIMITIVE_ACTION,MDP|DOWN,0.0,0.0,0.0,0,0.0,False,False,False,0.0,0
ORACLE_MDP,8,18,3,DOWN,MDP_PRIMITIVE_ACTION,MDP|DOWN,0.0,0.0,0.0,0,0.0,False,False,False,0.0,0
ORACLE_MDP,8,18,4,RIGHT,MDP_PRIMITIVE_ACTION,MDP|RIGHT,0.0,0.0,0.0,0,0.0,False,False,False,0.0,0
ORACLE_MDP,8,18,5,RIGHT,MDP_PRIMITIVE_ACTION,MDP|RIGHT,0.0,0.0,0.0,0,0.0,False,False,False,0.0,0
ORACLE_MDP,8,18,6,RIGHT,MDP_PRIMITIVE_ACTION,MDP|RIGHT,0.0,0.0,0.0,0,0.0,False,False,False,0.0,0
ORACLE_MDP,8,18,7,RIGHT,MDP_PRIMITIVE_ACTION,MDP|RIGHT,0.0,0.0,0.0,0,0.0,False,False,False,0.0,0
ORACLE_MDP,8,18,8,RIGHT,MDP_PRIMITIVE_ACTION,MDP|RIGHT,1.0,1.0,0.0,0,0.0,False,True,True,0.0,0
ORACLE_MDP,8,19,1,DOWN,MDP_PRIMITIVE_ACTION,MDP|DOWN,0.0,0.0,0.0,0,0.0,False,False,False,0.0,0
ORACLE_MDP,8,19,2,DOWN,MDP_PRIMITIVE_ACTION,MDP|DOWN,0.0,0.0,0.0,0,0.0,False,False,False,0.0,0
ORACLE_MDP,8,19,3,RIGHT,MDP_PRIMITIVE_ACTION,MDP|RIGHT,0.0,0.0,0.0,0,0.0,False,False,False,0.0,0
ORACLE_MDP,8,19,4,DOWN,MDP_PRIMITIVE_ACTION,MDP|DOWN,0.0,0.0,0.0,0,0.0,False,False,False,0.0,0
ORACLE_MDP,8,19,5,RIGHT,MDP_PRIMITIVE_ACTION,MDP|RIGHT,0.0,0.0,0.0,0,0.0,False,False,False,0.0,0
ORACLE_MDP,8,19,6,RIGHT,MDP_PRIMITIVE_ACTION,MDP|RIGHT,0.0,0.0,0.0,0,0.0,False,False,False,0.0,0
ORACLE_MDP,8,19,7,RIGHT,MDP_PRIMITIVE_ACTION,MDP|RIGHT,1.0,1.0,0.0,0,0.0,False,True,True,0.0,0
ORACLE_MDP,8,20,1,RIGHT,MDP_PRIMITIVE_ACTION,MDP|RIGHT,0.0,0.0,0.0,0,0.0,False,False,False,0.0,0
ORACLE_MDP,8,20,2,RIGHT,MDP_PRIMITIVE_ACTION,MDP|RIGHT,0.0,0.0,0.0,0,0.0,False,False,False,0.0,0
ORACLE_MDP,8,20,3,RIGHT,MDP_PRIMITIVE_ACTION,MDP|RIGHT,0.0,0.0,0.0,0,0.0,False,False,False,0.0,0
ORACLE_MDP,8,20,4,UP,MDP_PRIMITIVE_ACTION,MDP|UP,0.0,0.0,0.0,0,0.0,False,False,False,0.0,0
ORACLE_MDP,8,20,5,RIGHT,MDP_PRIMITIVE_ACTION,MDP|RIGHT,0.0,0.0,0.0,0,0.0,False,False,False,0.0,0
ORACLE_MDP,8,20,6,RIGHT,MDP_PRIMITIVE_ACTION,MDP|RIGHT,0.0,0.0,0.0,0,0.0,False,False,False,0.0,0
ORACLE_MDP,8,20,7,RIGHT,MDP_PRIMITIVE_ACTION,MDP|RIGHT,0.0,0.0,0.0,0,0.0,False,False,False,0.0,0
ORACLE_MDP,8,20,8,RIGHT,MDP_PRIMITIVE_ACTION,MDP|RIGHT,1.0,1.0,0.0,0,0.0,False,True,True,0.0,0
ORACLE_MDP,8,21,1,UP,MDP_PRIMITIVE_ACTION,MDP|UP,0.0,0.0,0.0,0,0.0,False,False,False,0.0,0
ORACLE_MDP,8,21,2,RIGHT,MDP_PRIMITIVE_ACTION,MDP|RIGHT,0.0,0.0,0.0,0,0.0,False,False,False,0.0,0
ORACLE_MDP,8,21,3,RIGHT,MDP_PRIMITIVE_ACTION,MDP|RIGHT,0.0,0.0,0.0,0,0.0,False,False,False,0.0,0
ORACLE_MDP,8,21,4,RIGHT,MDP_PRIMITIVE_ACTION,MDP|RIGHT,0.0,0.0,0.0,0,0.0,False,False,False,0.0,0
ORACLE_MDP,8,21,5,DOWN,MDP_PRIMITIVE_ACTION,MDP|DOWN,0.0,0.0,0.0,0,0.0,False,False,False,0.0,0
ORACLE_MDP,8,21,6,DOWN,MDP_PRIMITIVE_ACTION,MDP|DOWN,0.0,0.0,0.0,0,0.0,False,False,False,0.0,0
ORACLE_MDP,8,21,7,DOWN,MDP_PRIMITIVE_ACTION,MDP|DOWN,0.0,0.0,0.0,0,0.0,False,False,False,0.0,0
ORACLE_MDP,8,21,8,DOWN,MDP_PRIMITIVE_ACTION,MDP|DOWN,0.0,0.0,0.0,0,0.0,False,False,False,0.0,0
ORACLE_MDP,8,21,9,DOWN,MDP_PRIMITIVE_ACTION,MDP|DOWN,0.0,0.0,0.0,0,0.0,False,False,False,0.0,0
ORACLE_MDP,8,21,10,RIGHT,MDP_PRIMITIVE_ACTION,MDP|RIGHT,1.0,1.0,0.0,0,0.0,False,True,True,0.0,0
ORACLE_MDP,8,23,1,DOWN,MDP_PRIMITIVE_ACTION,MDP|DOWN,0.0,0.0,0.0,0,0.0,False,False,False,0.0,0
ORACLE_MDP,8,23,2,RIGHT,MDP_PRIMITIVE_ACTION,MDP|RIGHT,0.0,0.0,0.0,0,0.0,False,False,False,0.0,0
ORACLE_MDP,8,23,3,UP,MDP_PRIMITIVE_ACTION,MDP|UP,0.0,0.0,0.0,0,0.0,False,False,False,0.0,0
ORACLE_MDP,8,23,4,RIGHT,MDP_PRIMITIVE_ACTION,MDP|RIGHT,0.0,0.0,0.0,0,0.0,False,False,False,0.0,0
ORACLE_MDP,8,23,5,RIGHT,MDP_PRIMITIVE_ACTION,MDP|RIGHT,0.0,0.0,0.0,0,0.0,False,False,False,0.0,0
ORACLE_MDP,8,23,6,"OPEN (5, 1)",MDP_PRIMITIVE_ACTION,"MDP|OPEN (5, 1)",0.0,0.0,0.0,0,0.0,False,False,False,0.0,0
ORACLE_MDP,8,23,7,RIGHT,MDP_PRIMITIVE_ACTION,MDP|RIGHT,0.0,0.0,0.0,0,0.0,False,False,False,0.0,0
ORACLE_MDP,8,23,8,UP,MDP_PRIMITIVE_ACTION,MDP|UP,0.0,0.0,0.0,0,0.0,False,False,False,0.0,0
ORACLE_MDP,8,23,9,RIGHT,MDP_PRIMITIVE_ACTION,MDP|RIGHT,0.0,0.0,0.0,0,0.0,False,False,False,0.0,0
ORACLE_MDP,8,23,10,RIGHT,MDP_PRIMITIVE_ACTION,MDP|RIGHT,0.0,0.0,0.0,0,0.0,False,False,False,0.0,0
ORACLE_MDP,8,23,11,RIGHT,MDP_PRIMITIVE_ACTION,MDP|RIGHT,1.0,1.0,0.0,0,0.0,False,True,True,0.0,0
ORACLE_MDP,8,24,1,DOWN,MDP_PRIMITIVE_ACTION,MDP|DOWN,0.0,0.0,0.0,0,0.0,False,False,False,0.0,0
ORACLE_MDP,8,24,2,DOWN,MDP_PRIMITIVE_ACTION,MDP|DOWN,0.0,0.0,0.0,0,0.0,False,False,False,0.0,0
ORACLE_MDP,8,24,3,DOWN,MDP_PRIMITIVE_ACTION,MDP|DOWN,0.0,0.0,0.0,0,0.0,False,False,False,0.0,0
ORACLE_MDP,8,24,4,RIGHT,MDP_PRIMITIVE_ACTION,MDP|RIGHT,0.0,0.0,0.0,0,0.0,False,False,False,0.0,0
ORACLE_MDP,8,24,5,RIGHT,MDP_PRIMITIVE_ACTION,MDP|RIGHT,0.0,0.0,0.0,0,0.0,False,False,False,0.0,0
ORACLE_MDP,8,24,6,RIGHT,MDP_PRIMITIVE_ACTION,MDP|RIGHT,0.0,0.0,0.0,0,0.0,False,False,False,0.0,0
ORACLE_MDP,8,24,7,RIGHT,MDP_PRIMITIVE_ACTION,MDP|RIGHT,0.0,0.0,0.0,0,0.0,False,False,False,0.0,0
ORACLE_MDP,8,24,8,RIGHT,MDP_PRIMITIVE_ACTION,MDP|RIGHT,0.0,0.0,0.0,0,0.0,False,False,False,0.0,0
ORACLE_MDP,8,24,9,RIGHT,MDP_PRIMITIVE_ACTION,MDP|RIGHT,0.0,0.0,0.0,0,0.0,False,False,False,0.0,0
ORACLE_MDP,8,24,10,RIGHT,MDP_PRIMITIVE_ACTION,MDP|RIGHT,1.0,1.0,0.0,0,0.0,False,True,True,0.0,0
ORACLE_MDP,8,25,1,DOWN,MDP_PRIMITIVE_ACTION,MDP|DOWN,0.0,0.0,0.0,0,0.0,False,False,False,0.0,0
ORACLE_MDP,8,25,2,RIGHT,MDP_PRIMITIVE_ACTION,MDP|RIGHT,0.0,0.0,0.0,0,0.0,False,False,False,0.0,0
ORACLE_MDP,8,25,3,RIGHT,MDP_PRIMITIVE_ACTION,MDP|RIGHT,0.0,0.0,0.0,0,0.0,False,False,False,0.0,0
ORACLE_MDP,8,25,4,RIGHT,MDP_PRIMITIVE_ACTION,MDP|RIGHT,0.0,0.0,0.0,0,0.0,False,False,False,0.0,0
ORACLE_MDP,8,25,5,RIGHT,MDP_PRIMITIVE_ACTION,MDP|RIGHT,0.0,0.0,0.0,0,0.0,False,False,False,0.0,0
ORACLE_MDP,8,25,6,DOWN,MDP_PRIMITIVE_ACTION,MDP|DOWN,0.0,0.0,0.0,0,0.0,False,False,False,0.0,0
ORACLE_MDP,8,25,7,RIGHT,MDP_PRIMITIVE_ACTION,MDP|RIGHT,0.0,0.0,0.0,0,0.0,False,False,False,0.0,0
ORACLE_MDP,8,25,8,RIGHT,MDP_PRIMITIVE_ACTION,MDP|RIGHT,1.0,1.0,0.0,0,0.0,False,True,True,0.0,0
ORACLE_MDP,8,26,1,RIGHT,MDP_PRIMITIVE_ACTION,MDP|RIGHT,0.0,0.0,0.0,0,0.0,False,False,False,0.0,0
ORACLE_MDP,8,26,2,RIGHT,MDP_PRIMITIVE_ACTION,MDP|RIGHT,0.0,0.0,0.0,0,0.0,False,False,False,0.0,0
ORACLE_MDP,8,26,3,RIGHT,MDP_PRIMITIVE_ACTION,MDP|RIGHT,0.0,0.0,0.0,0,0.0,False,False,False,0.0,0
ORACLE_MDP,8,26,4,DOWN,MDP_PRIMITIVE_ACTION,MDP|DOWN,0.0,0.0,0.0,0,0.0,False,False,False,0.0,0
ORACLE_MDP,8,26,5,DOWN,MDP_PRIMITIVE_ACTION,MDP|DOWN,0.0,0.0,0.0,0,0.0,False,False,False,0.0,0
ORACLE_MDP,8,26,6,RIGHT,MDP_PRIMITIVE_ACTION,MDP|RIGHT,0.0,0.0,0.0,0,0.0,False,False,False,0.0,0
ORACLE_MDP,8,26,7,RIGHT,MDP_PRIMITIVE_ACTION,MDP|RIGHT,0.0,0.0,0.0,0,0.0,False,False,False,0.0,0
ORACLE_MDP,8,26,8,RIGHT,MDP_PRIMITIVE_ACTION,MDP|RIGHT,0.0,0.0,0.0,0,0.0,False,False,False,0.0,0
ORACLE_MDP,8,26,9,RIGHT,MDP_PRIMITIVE_ACTION,MDP|RIGHT,0.0,0.0,0.0,0,0.0,False,False,False,0.0,0
ORACLE_MDP,8,26,10,UP,MDP_PRIMITIVE_ACTION,MDP|UP,1.0,1.0,0.0,0,0.0,False,True,True,0.0,0
ORACLE_MDP,8,27,1,DOWN,MDP_PRIMITIVE_ACTION,MDP|DOWN,0.0,0.0,0.0,0,0.0,False,False,False,0.0,0
ORACLE_MDP,8,27,2,RIGHT,MDP_PRIMITIVE_ACTION,MDP|RIGHT,0.0,0.0,0.0,0,0.0,False,False,False,0.0,0
ORACLE_MDP,8,27,3,RIGHT,MDP_PRIMITIVE_ACTION,MDP|RIGHT,0.0,0.0,0.0,0,0.0,False,False,False,0.0,0
ORACLE_MDP,8,27,4,RIGHT,MDP_PRIMITIVE_ACTION,MDP|RIGHT,0.0,0.0,0.0,0,0.0,False,False,False,0.0,0
ORACLE_MDP,8,27,5,DOWN,MDP_PRIMITIVE_ACTION,MDP|DOWN,0.0,0.0,0.0,0,0.0,False,False,False,0.0,0
ORACLE_MDP,8,27,6,DOWN,MDP_PRIMITIVE_ACTION,MDP|DOWN,0.0,0.0,0.0,0,0.0,False,False,False,0.0,0
ORACLE_MDP,8,27,7,DOWN,MDP_PRIMITIVE_ACTION,MDP|DOWN,1.0,1.0,0.0,0,0.0,False,True,True,0.0,0
ORACLE_MDP,8,28,1,DOWN,MDP_PRIMITIVE_ACTION,MDP|DOWN,0.0,0.0,0.0,0,0.0,False,False,False,0.0,0
ORACLE_MDP,8,28,2,DOWN,MDP_PRIMITIVE_ACTION,MDP|DOWN,0.0,0.0,0.0,0,0.0,False,False,False,0.0,0
ORACLE_MDP,8,28,3,RIGHT,MDP_PRIMITIVE_ACTION,MDP|RIGHT,0.0,0.0,0.0,0,0.0,False,False,False,0.0,0
ORACLE_MDP,8,28,4,RIGHT,MDP_PRIMITIVE_ACTION,MDP|RIGHT,0.0,0.0,0.0,0,0.0,False,False,False,0.0,0
ORACLE_MDP,8,28,5,RIGHT,MDP_PRIMITIVE_ACTION,MDP|RIGHT,0.0,0.0,0.0,0,0.0,False,False,False,0.0,0
ORACLE_MDP,8,28,6,RIGHT,MDP_PRIMITIVE_ACTION,MDP|RIGHT,0.0,0.0,0.0,0,0.0,False,False,False,0.0,0
ORACLE_MDP,8,28,7,DOWN,MDP_PRIMITIVE_ACTION,MDP|DOWN,0.0,0.0,0.0,0,0.0,False,False,False,0.0,0
ORACLE_MDP,8,28,8,RIGHT,MDP_PRIMITIVE_ACTION,MDP|RIGHT,0.0,0.0,0.0,0,0.0,False,False,False,0.0,0
ORACLE_MDP,8,28,9,DOWN,MDP_PRIMITIVE_ACTION,MDP|DOWN,0.0,0.0,0.0,0,0.0,False,False,False,0.0,0
ORACLE_MDP,8,28,10,RIGHT,MDP_PRIMITIVE_ACTION,MDP|RIGHT,1.0,1.0,0.0,0,0.0,False,True,True,0.0,0
ORACLE_MDP,8,29,1,DOWN,MDP_PRIMITIVE_ACTION,MDP|DOWN,0.0,0.0,0.0,0,0.0,False,False,False,0.0,0
ORACLE_MDP,8,29,2,DOWN,MDP_PRIMITIVE_ACTION,MDP|DOWN,0.0,0.0,0.0,0,0.0,False,False,False,0.0,0
ORACLE_MDP,8,29,3,RIGHT,MDP_PRIMITIVE_ACTION,MDP|RIGHT,0.0,0.0,0.0,0,0.0,False,False,False,0.0,0
ORACLE_MDP,8,29,4,RIGHT,MDP_PRIMITIVE_ACTION,MDP|RIGHT,0.0,0.0,0.0,0,0.0,False,False,False,0.0,0
ORACLE_MDP,8,29,5,RIGHT,MDP_PRIMITIVE_ACTION,MDP|RIGHT,0.0,0.0,0.0,0,0.0,False,False,False,0.0,0
ORACLE_MDP,8,29,6,RIGHT,MDP_PRIMITIVE_ACTION,MDP|RIGHT,0.0,0.0,0.0,0,0.0,False,False,False,0.0,0
ORACLE_MDP,8,29,7,RIGHT,MDP_PRIMITIVE_ACTION,MDP|RIGHT,0.0,0.0,0.0,0,0.0,False,False,False,0.0,0
ORACLE_MDP,8,29,8,RIGHT,MDP_PRIMITIVE_ACTION,MDP|RIGHT,1.0,1.0,0.0,0,0.0,False,True,True,0.0,0
ORACLE_MDP,9,0,1,UP,MDP_PRIMITIVE_ACTION,MDP|UP,0.0,0.0,0.0,0,0.0,False,False,False,0.0,0
ORACLE_MDP,9,0,2,RIGHT,MDP_PRIMITIVE_ACTION,MDP|RIGHT,0.0,0.0,0.0,0,0.0,False,False,False,0.0,0
ORACLE_MDP,9,0,3,RIGHT,MDP_PRIMITIVE_ACTION,MDP|RIGHT,0.0,0.0,0.0,0,0.0,False,False,False,0.0,0
ORACLE_MDP,9,0,4,RIGHT,MDP_PRIMITIVE_ACTION,MDP|RIGHT,0.0,0.0,0.0,0,0.0,False,False,False,0.0,0
ORACLE_MDP,9,0,5,RIGHT,MDP_PRIMITIVE_ACTION,MDP|RIGHT,0.0,0.0,0.0,0,0.0,False,False,False,0.0,0
ORACLE_MDP,9,0,6,RIGHT,MDP_PRIMITIVE_ACTION,MDP|RIGHT,0.0,0.0,0.0,0,0.0,False,False,False,0.0,0
ORACLE_MDP,9,0,7,RIGHT,MDP_PRIMITIVE_ACTION,MDP|RIGHT,1.0,1.0,0.0,0,0.0,False,True,True,0.0,0
ORACLE_MDP,9,1,1,DOWN,MDP_PRIMITIVE_ACTION,MDP|DOWN,0.0,0.0,0.0,0,0.0,False,False,False,0.0,0
ORACLE_MDP,9,1,2,RIGHT,MDP_PRIMITIVE_ACTION,MDP|RIGHT,0.0,0.0,0.0,0,0.0,False,False,False,0.0,0
ORACLE_MDP,9,1,3,DOWN,MDP_PRIMITIVE_ACTION,MDP|DOWN,0.0,0.0,0.0,0,0.0,False,False,False,0.0,0
ORACLE_MDP,9,1,4,DOWN,MDP_PRIMITIVE_ACTION,MDP|DOWN,0.0,0.0,0.0,0,0.0,False,False,False,0.0,0
ORACLE_MDP,9,1,5,RIGHT,MDP_PRIMITIVE_ACTION,MDP|RIGHT,0.0,0.0,0.0,0,0.0,False,False,False,0.0,0
ORACLE_MDP,9,1,6,RIGHT,MDP_PRIMITIVE_ACTION,MDP|RIGHT,0.0,0.0,0.0,0,0.0,False,False,False,0.0,0
ORACLE_MDP,9,1,7,RIGHT,MDP_PRIMITIVE_ACTION,MDP|RIGHT,1.0,1.0,0.0,0,0.0,False,True,True,0.0,0
ORACLE_MDP,9,2,1,DOWN,MDP_PRIMITIVE_ACTION,MDP|DOWN,0.0,0.0,0.0,0,0.0,False,False,False,0.0,0
ORACLE_MDP,9,2,2,DOWN,MDP_PRIMITIVE_ACTION,MDP|DOWN,0.0,0.0,0.0,0,0.0,False,False,False,0.0,0
ORACLE_MDP,9,2,3,RIGHT,MDP_PRIMITIVE_ACTION,MDP|RIGHT,0.0,0.0,0.0,0,0.0,False,False,False,0.0,0
ORACLE_MDP,9,2,4,RIGHT,MDP_PRIMITIVE_ACTION,MDP|RIGHT,0.0,0.0,0.0,0,0.0,False,False,False,0.0,0
ORACLE_MDP,9,2,5,DOWN,MDP_PRIMITIVE_ACTION,MDP|DOWN,0.0,0.0,0.0,0,0.0,False,False,False,0.0,0
ORACLE_MDP,9,2,6,RIGHT,MDP_PRIMITIVE_ACTION,MDP|RIGHT,0.0,0.0,0.0,0,0.0,False,False,False,0.0,0
ORACLE_MDP,9,2,7,DOWN,MDP_PRIMITIVE_ACTION,MDP|DOWN,0.0,0.0,0.0,0,0.0,False,False,False,0.0,0
ORACLE_MDP,9,2,8,RIGHT,MDP_PRIMITIVE_ACTION,MDP|RIGHT,0.0,0.0,0.0,0,0.0,False,False,False,0.0,0
ORACLE_MDP,9,2,9,RIGHT,MDP_PRIMITIVE_ACTION,MDP|RIGHT,0.0,0.0,0.0,0,0.0,False,False,False,0.0,0
ORACLE_MDP,9,2,10,RIGHT,MDP_PRIMITIVE_ACTION,MDP|RIGHT,0.0,0.0,0.0,0,0.0,False,False,False,0.0,0
ORACLE_MDP,9,2,11,UP,MDP_PRIMITIVE_ACTION,MDP|UP,1.0,1.0,0.0,0,0.0,False,True,True,0.0,0
ORACLE_MDP,9,3,1,DOWN,MDP_PRIMITIVE_ACTION,MDP|DOWN,0.0,0.0,0.0,0,0.0,False,False,False,0.0,0
ORACLE_MDP,9,3,2,RIGHT,MDP_PRIMITIVE_ACTION,MDP|RIGHT,0.0,0.0,0.0,0,0.0,False,False,False,0.0,0
ORACLE_MDP,9,3,3,RIGHT,MDP_PRIMITIVE_ACTION,MDP|RIGHT,0.0,0.0,0.0,0,0.0,False,False,False,0.0,0
ORACLE_MDP,9,3,4,RIGHT,MDP_PRIMITIVE_ACTION,MDP|RIGHT,0.0,0.0,0.0,0,0.0,False,False,False,0.0,0
ORACLE_MDP,9,3,5,RIGHT,MDP_PRIMITIVE_ACTION,MDP|RIGHT,0.0,0.0,0.0,0,0.0,False,False,False,0.0,0
ORACLE_MDP,9,3,6,RIGHT,MDP_PRIMITIVE_ACTION,MDP|RIGHT,0.0,0.0,0.0,0,0.0,False,False,False,0.0,0
ORACLE_MDP,9,3,7,RIGHT,MDP_PRIMITIVE_ACTION,MDP|RIGHT,1.0,1.0,0.0,0,0.0,False,True,True,0.0,0
ORACLE_MDP,9,4,1,UP,MDP_PRIMITIVE_ACTION,MDP|UP,0.0,0.0,0.0,0,0.0,False,False,False,0.0,0
ORACLE_MDP,9,4,2,RIGHT,MDP_PRIMITIVE_ACTION,MDP|RIGHT,0.0,0.0,0.0,0,0.0,False,False,False,0.0,0
ORACLE_MDP,9,4,3,RIGHT,MDP_PRIMITIVE_ACTION,MDP|RIGHT,0.0,0.0,0.0,0,0.0,False,False,False,0.0,0
ORACLE_MDP,9,4,4,RIGHT,MDP_PRIMITIVE_ACTION,MDP|RIGHT,0.0,0.0,0.0,0,0.0,False,False,False,0.0,0
ORACLE_MDP,9,4,5,RIGHT,MDP_PRIMITIVE_ACTION,MDP|RIGHT,0.0,0.0,0.0,0,0.0,False,False,False,0.0,0
ORACLE_MDP,9,4,6,RIGHT,MDP_PRIMITIVE_ACTION,MDP|RIGHT,0.0,0.0,0.0,0,0.0,False,False,False,0.0,0
ORACLE_MDP,9,4,7,RIGHT,MDP_PRIMITIVE_ACTION,MDP|RIGHT,1.0,1.0,0.0,0,0.0,False,True,True,0.0,0
ORACLE_MDP,9,5,1,UP,MDP_PRIMITIVE_ACTION,MDP|UP,0.0,0.0,0.0,0,0.0,False,False,False,0.0,0
ORACLE_MDP,9,5,2,RIGHT,MDP_PRIMITIVE_ACTION,MDP|RIGHT,0.0,0.0,0.0,0,0.0,False,False,False,0.0,0
ORACLE_MDP,9,5,3,RIGHT,MDP_PRIMITIVE_ACTION,MDP|RIGHT,0.0,0.0,0.0,0,0.0,False,False,False,0.0,0
ORACLE_MDP,9,5,4,RIGHT,MDP_PRIMITIVE_ACTION,MDP|RIGHT,0.0,0.0,0.0,0,0.0,False,False,False,0.0,0
ORACLE_MDP,9,5,5,RIGHT,MDP_PRIMITIVE_ACTION,MDP|RIGHT,0.0,0.0,0.0,0,0.0,False,False,False,0.0,0
ORACLE_MDP,9,5,6,DOWN,MDP_PRIMITIVE_ACTION,MDP|DOWN,0.0,0.0,0.0,0,0.0,False,False,False,0.0,0
ORACLE_MDP,9,5,7,DOWN,MDP_PRIMITIVE_ACTION,MDP|DOWN,0.0,0.0,0.0,0,0.0,False,False,False,0.0,0
ORACLE_MDP,9,5,8,DOWN,MDP_PRIMITIVE_ACTION,MDP|DOWN,0.0,0.0,0.0,0,0.0,False,False,False,0.0,0
ORACLE_MDP,9,5,9,RIGHT,MDP_PRIMITIVE_ACTION,MDP|RIGHT,0.0,0.0,0.0,0,0.0,False,False,False,0.0,0
ORACLE_MDP,9,5,10,DOWN,MDP_PRIMITIVE_ACTION,MDP|DOWN,0.0,0.0,0.0,0,0.0,False,False,False,0.0,0
ORACLE_MDP,9,5,11,RIGHT,MDP_PRIMITIVE_ACTION,MDP|RIGHT,1.0,1.0,0.0,0,0.0,False,True,True,0.0,0
ORACLE_MDP,9,6,1,DOWN,MDP_PRIMITIVE_ACTION,MDP|DOWN,0.0,0.0,0.0,0,0.0,False,False,False,0.0,0
ORACLE_MDP,9,6,2,RIGHT,MDP_PRIMITIVE_ACTION,MDP|RIGHT,0.0,0.0,0.0,0,0.0,False,False,False,0.0,0
ORACLE_MDP,9,6,3,RIGHT,MDP_PRIMITIVE_ACTION,MDP|RIGHT,0.0,0.0,0.0,0,0.0,False,False,False,0.0,0
ORACLE_MDP,9,6,4,DOWN,MDP_PRIMITIVE_ACTION,MDP|DOWN,0.0,0.0,0.0,0,0.0,False,False,False,0.0,0
ORACLE_MDP,9,6,5,RIGHT,MDP_PRIMITIVE_ACTION,MDP|RIGHT,0.0,0.0,0.0,0,0.0,False,False,False,0.0,0
ORACLE_MDP,9,6,6,RIGHT,MDP_PRIMITIVE_ACTION,MDP|RIGHT,0.0,0.0,0.0,0,0.0,False,False,False,0.0,0
ORACLE_MDP,9,6,7,RIGHT,MDP_PRIMITIVE_ACTION,MDP|RIGHT,0.0,0.0,0.0,0,0.0,False,False,False,0.0,0
ORACLE_MDP,9,6,8,RIGHT,MDP_PRIMITIVE_ACTION,MDP|RIGHT,1.0,1.0,0.0,0,0.0,False,True,True,0.0,0
ORACLE_MDP,9,7,1,RIGHT,MDP_PRIMITIVE_ACTION,MDP|RIGHT,0.0,0.0,0.0,0,0.0,False,False,False,0.0,0
ORACLE_MDP,9,7,2,RIGHT,MDP_PRIMITIVE_ACTION,MDP|RIGHT,0.0,0.0,0.0,0,0.0,False,False,False,0.0,0
ORACLE_MDP,9,7,3,RIGHT,MDP_PRIMITIVE_ACTION,MDP|RIGHT,0.0,0.0,0.0,0,0.0,False,False,False,0.0,0
ORACLE_MDP,9,7,4,RIGHT,MDP_PRIMITIVE_ACTION,MDP|RIGHT,0.0,0.0,0.0,0,0.0,False,False,False,0.0,0
ORACLE_MDP,9,7,5,UP,MDP_PRIMITIVE_ACTION,MDP|UP,0.0,0.0,0.0,0,0.0,False,False,False,0.0,0
ORACLE_MDP,9,7,6,RIGHT,MDP_PRIMITIVE_ACTION,MDP|RIGHT,0.0,0.0,0.0,0,0.0,False,False,False,0.0,0
ORACLE_MDP,9,7,7,RIGHT,MDP_PRIMITIVE_ACTION,MDP|RIGHT,0.0,0.0,0.0,0,0.0,False,False,False,0.0,0
ORACLE_MDP,9,7,8,RIGHT,MDP_PRIMITIVE_ACTION,MDP|RIGHT,1.0,1.0,0.0,0,0.0,False,True,True,0.0,0
ORACLE_MDP,9,8,1,RIGHT,MDP_PRIMITIVE_ACTION,MDP|RIGHT,0.0,0.0,0.0,0,0.0,False,False,False,0.0,0
ORACLE_MDP,9,8,2,RIGHT,MDP_PRIMITIVE_ACTION,MDP|RIGHT,0.0,0.0,0.0,0,0.0,False,False,False,0.0,0
ORACLE_MDP,9,8,3,RIGHT,MDP_PRIMITIVE_ACTION,MDP|RIGHT,0.0,0.0,0.0,0,0.0,False,False,False,0.0,0
ORACLE_MDP,9,8,4,RIGHT,MDP_PRIMITIVE_ACTION,MDP|RIGHT,0.0,0.0,0.0,0,0.0,False,False,False,0.0,0
ORACLE_MDP,9,8,5,DOWN,MDP_PRIMITIVE_ACTION,MDP|DOWN,0.0,0.0,0.0,0,0.0,False,False,False,0.0,0
ORACLE_MDP,9,8,6,RIGHT,MDP_PRIMITIVE_ACTION,MDP|RIGHT,0.0,0.0,0.0,0,0.0,False,False,False,0.0,0
ORACLE_MDP,9,8,7,RIGHT,MDP_PRIMITIVE_ACTION,MDP|RIGHT,1.0,1.0,0.0,0,0.0,False,True,True,0.0,0
ORACLE_MDP,9,9,1,RIGHT,MDP_PRIMITIVE_ACTION,MDP|RIGHT,0.0,0.0,0.0,0,0.0,False,False,False,0.0,0
ORACLE_MDP,9,9,2,RIGHT,MDP_PRIMITIVE_ACTION,MDP|RIGHT,0.0,0.0,0.0,0,0.0,False,False,False,0.0,0
ORACLE_MDP,9,9,3,DOWN,MDP_PRIMITIVE_ACTION,MDP|DOWN,0.0,0.0,0.0,0,0.0,False,False,False,0.0,0
ORACLE_MDP,9,9,4,DOWN,MDP_PRIMITIVE_ACTION,MDP|DOWN,0.0,0.0,0.0,0,0.0,False,False,False,0.0,0
ORACLE_MDP,9,9,5,RIGHT,MDP_PRIMITIVE_ACTION,MDP|RIGHT,0.0,0.0,0.0,0,0.0,False,False,False,0.0,0
ORACLE_MDP,9,9,6,DOWN,MDP_PRIMITIVE_ACTION,MDP|DOWN,0.0,0.0,0.0,0,0.0,False,False,False,0.0,0
ORACLE_MDP,9,9,7,RIGHT,MDP_PRIMITIVE_ACTION,MDP|RIGHT,0.0,0.0,0.0,0,0.0,False,False,False,0.0,0
ORACLE_MDP,9,9,8,DOWN,MDP_PRIMITIVE_ACTION,MDP|DOWN,0.0,0.0,0.0,0,0.0,False,False,False,0.0,0
ORACLE_MDP,9,9,9,RIGHT,MDP_PRIMITIVE_ACTION,MDP|RIGHT,1.0,1.0,0.0,0,0.0,False,True,True,0.0,0
ORACLE_MDP,9,10,1,DOWN,MDP_PRIMITIVE_ACTION,MDP|DOWN,0.0,0.0,0.0,0,0.0,False,False,False,0.0,0
ORACLE_MDP,9,10,2,RIGHT,MDP_PRIMITIVE_ACTION,MDP|RIGHT,0.0,0.0,0.0,0,0.0,False,False,False,0.0,0
ORACLE_MDP,9,10,3,RIGHT,MDP_PRIMITIVE_ACTION,MDP|RIGHT,0.0,0.0,0.0,0,0.0,False,False,False,0.0,0
ORACLE_MDP,9,10,4,RIGHT,MDP_PRIMITIVE_ACTION,MDP|RIGHT,0.0,0.0,0.0,0,0.0,False,False,False,0.0,0
ORACLE_MDP,9,10,5,RIGHT,MDP_PRIMITIVE_ACTION,MDP|RIGHT,0.0,0.0,0.0,0,0.0,False,False,False,0.0,0
ORACLE_MDP,9,10,6,RIGHT,MDP_PRIMITIVE_ACTION,MDP|RIGHT,0.0,0.0,0.0,0,0.0,False,False,False,0.0,0
ORACLE_MDP,9,10,7,DOWN,MDP_PRIMITIVE_ACTION,MDP|DOWN,0.0,0.0,0.0,0,0.0,False,False,False,0.0,0
ORACLE_MDP,9,10,8,RIGHT,MDP_PRIMITIVE_ACTION,MDP|RIGHT,0.0,0.0,0.0,0,0.0,False,False,False,0.0,0
ORACLE_MDP,9,10,9,RIGHT,MDP_PRIMITIVE_ACTION,MDP|RIGHT,1.0,1.0,0.0,0,0.0,False,True,True,0.0,0
ORACLE_MDP,9,11,1,DOWN,MDP_PRIMITIVE_ACTION,MDP|DOWN,0.0,0.0,0.0,0,0.0,False,False,False,0.0,0
ORACLE_MDP,9,11,2,RIGHT,MDP_PRIMITIVE_ACTION,MDP|RIGHT,0.0,0.0,0.0,0,0.0,False,False,False,0.0,0
ORACLE_MDP,9,11,3,RIGHT,MDP_PRIMITIVE_ACTION,MDP|RIGHT,0.0,0.0,0.0,0,0.0,False,False,False,0.0,0
ORACLE_MDP,9,11,4,RIGHT,MDP_PRIMITIVE_ACTION,MDP|RIGHT,0.0,0.0,0.0,0,0.0,False,False,False,0.0,0
ORACLE_MDP,9,11,5,RIGHT,MDP_PRIMITIVE_ACTION,MDP|RIGHT,0.0,0.0,0.0,0,0.0,False,False,False,0.0,0
ORACLE_MDP,9,11,6,DOWN,MDP_PRIMITIVE_ACTION,MDP|DOWN,0.0,0.0,0.0,0,0.0,False,False,False,0.0,0
ORACLE_MDP,9,11,7,DOWN,MDP_PRIMITIVE_ACTION,MDP|DOWN,0.0,0.0,0.0,0,0.0,False,False,False,0.0,0
ORACLE_MDP,9,11,8,DOWN,MDP_PRIMITIVE_ACTION,MDP|DOWN,1.0,1.0,0.0,0,0.0,False,True,True,0.0,0
ORACLE_MDP,9,12,1,DOWN,MDP_PRIMITIVE_ACTION,MDP|DOWN,0.0,0.0,0.0,0,0.0,False,False,False,0.0,0
ORACLE_MDP,9,12,2,RIGHT,MDP_PRIMITIVE_ACTION,MDP|RIGHT,0.0,0.0,0.0,0,0.0,False,False,False,0.0,0
ORACLE_MDP,9,12,3,RIGHT,MDP_PRIMITIVE_ACTION,MDP|RIGHT,0.0,0.0,0.0,0,0.0,False,False,False,0.0,0
ORACLE_MDP,9,12,4,DOWN,MDP_PRIMITIVE_ACTION,MDP|DOWN,0.0,0.0,0.0,0,0.0,False,False,False,0.0,0
ORACLE_MDP,9,12,5,RIGHT,MDP_PRIMITIVE_ACTION,MDP|RIGHT,0.0,0.0,0.0,0,0.0,False,False,False,0.0,0
ORACLE_MDP,9,12,6,DOWN,MDP_PRIMITIVE_ACTION,MDP|DOWN,0.0,0.0,0.0,0,0.0,False,False,False,0.0,0
ORACLE_MDP,9,12,7,RIGHT,MDP_PRIMITIVE_ACTION,MDP|RIGHT,0.0,0.0,0.0,0,0.0,False,False,False,0.0,0
ORACLE_MDP,9,12,8,RIGHT,MDP_PRIMITIVE_ACTION,MDP|RIGHT,0.0,0.0,0.0,0,0.0,False,False,False,0.0,0
ORACLE_MDP,9,12,9,RIGHT,MDP_PRIMITIVE_ACTION,MDP|RIGHT,1.0,1.0,0.0,0,0.0,False,True,True,0.0,0
ORACLE_MDP,9,13,1,DOWN,MDP_PRIMITIVE_ACTION,MDP|DOWN,0.0,0.0,0.0,0,0.0,False,False,False,0.0,0
ORACLE_MDP,9,13,2,DOWN,MDP_PRIMITIVE_ACTION,MDP|DOWN,0.0,0.0,0.0,0,0.0,False,False,False,0.0,0
ORACLE_MDP,9,13,3,RIGHT,MDP_PRIMITIVE_ACTION,MDP|RIGHT,0.0,0.0,0.0,0,0.0,False,False,False,0.0,0
ORACLE_MDP,9,13,4,DOWN,MDP_PRIMITIVE_ACTION,MDP|DOWN,0.0,0.0,0.0,0,0.0,False,False,False,0.0,0
ORACLE_MDP,9,13,5,DOWN,MDP_PRIMITIVE_ACTION,MDP|DOWN,0.0,0.0,0.0,0,0.0,False,False,False,0.0,0
ORACLE_MDP,9,13,6,RIGHT,MDP_PRIMITIVE_ACTION,MDP|RIGHT,0.0,0.0,0.0,0,0.0,False,False,False,0.0,0
ORACLE_MDP,9,13,7,RIGHT,MDP_PRIMITIVE_ACTION,MDP|RIGHT,1.0,1.0,0.0,0,0.0,False,True,True,0.0,0
ORACLE_MDP,9,14,1,DOWN,MDP_PRIMITIVE_ACTION,MDP|DOWN,0.0,0.0,0.0,0,0.0,False,False,False,0.0,0
ORACLE_MDP,9,14,2,DOWN,MDP_PRIMITIVE_ACTION,MDP|DOWN,0.0,0.0,0.0,0,0.0,False,False,False,0.0,0
ORACLE_MDP,9,14,3,RIGHT,MDP_PRIMITIVE_ACTION,MDP|RIGHT,0.0,0.0,0.0,0,0.0,False,False,False,0.0,0
ORACLE_MDP,9,14,4,RIGHT,MDP_PRIMITIVE_ACTION,MDP|RIGHT,0.0,0.0,0.0,0,0.0,False,False,False,0.0,0
ORACLE_MDP,9,14,5,RIGHT,MDP_PRIMITIVE_ACTION,MDP|RIGHT,0.0,0.0,0.0,0,0.0,False,False,False,0.0,0
ORACLE_MDP,9,14,6,RIGHT,MDP_PRIMITIVE_ACTION,MDP|RIGHT,0.0,0.0,0.0,0,0.0,False,False,False,0.0,0
ORACLE_MDP,9,14,7,RIGHT,MDP_PRIMITIVE_ACTION,MDP|RIGHT,0.0,0.0,0.0,0,0.0,False,False,False,0.0,0
ORACLE_MDP,9,14,8,RIGHT,MDP_PRIMITIVE_ACTION,MDP|RIGHT,1.0,1.0,0.0,0,0.0,False,True,True,0.0,0
ORACLE_MDP,9,15,1,DOWN,MDP_PRIMITIVE_ACTION,MDP|DOWN,0.0,0.0,0.0,0,0.0,False,False,False,0.0,0
ORACLE_MDP,9,15,2,DOWN,MDP_PRIMITIVE_ACTION,MDP|DOWN,0.0,0.0,0.0,0,0.0,False,False,False,0.0,0
ORACLE_MDP,9,15,3,DOWN,MDP_PRIMITIVE_ACTION,MDP|DOWN,0.0,0.0,0.0,0,0.0,False,False,False,0.0,0
ORACLE_MDP,9,15,4,RIGHT,MDP_PRIMITIVE_ACTION,MDP|RIGHT,0.0,0.0,0.0,0,0.0,False,False,False,0.0,0
ORACLE_MDP,9,15,5,RIGHT,MDP_PRIMITIVE_ACTION,MDP|RIGHT,0.0,0.0,0.0,0,0.0,False,False,False,0.0,0
ORACLE_MDP,9,15,6,DOWN,MDP_PRIMITIVE_ACTION,MDP|DOWN,0.0,0.0,0.0,0,0.0,False,False,False,0.0,0
ORACLE_MDP,9,15,7,RIGHT,MDP_PRIMITIVE_ACTION,MDP|RIGHT,0.0,0.0,0.0,0,0.0,False,False,False,0.0,0
ORACLE_MDP,9,15,8,RIGHT,MDP_PRIMITIVE_ACTION,MDP|RIGHT,0.0,0.0,0.0,0,0.0,False,False,False,0.0,0
ORACLE_MDP,9,15,9,RIGHT,MDP_PRIMITIVE_ACTION,MDP|RIGHT,0.0,0.0,0.0,0,0.0,False,False,False,0.0,0
ORACLE_MDP,9,15,10,RIGHT,MDP_PRIMITIVE_ACTION,MDP|RIGHT,0.0,0.0,0.0,0,0.0,False,False,False,0.0,0
ORACLE_MDP,9,15,11,RIGHT,MDP_PRIMITIVE_ACTION,MDP|RIGHT,1.0,1.0,0.0,0,0.0,False,True,True,0.0,0
ORACLE_MDP,9,16,1,UP,MDP_PRIMITIVE_ACTION,MDP|UP,0.0,0.0,0.0,0,0.0,False,False,False,0.0,0
ORACLE_MDP,9,16,2,RIGHT,MDP_PRIMITIVE_ACTION,MDP|RIGHT,0.0,0.0,0.0,0,0.0,False,False,False,0.0,0
ORACLE_MDP,9,16,3,RIGHT,MDP_PRIMITIVE_ACTION,MDP|RIGHT,0.0,0.0,0.0,0,0.0,False,False,False,0.0,0
ORACLE_MDP,9,16,4,RIGHT,MDP_PRIMITIVE_ACTION,MDP|RIGHT,0.0,0.0,0.0,0,0.0,False,False,False,0.0,0
ORACLE_MDP,9,16,5,DOWN,MDP_PRIMITIVE_ACTION,MDP|DOWN,0.0,0.0,0.0,0,0.0,False,False,False,0.0,0
ORACLE_MDP,9,16,6,DOWN,MDP_PRIMITIVE_ACTION,MDP|DOWN,0.0,0.0,0.0,0,0.0,False,False,False,0.0,0
ORACLE_MDP,9,16,7,DOWN,MDP_PRIMITIVE_ACTION,MDP|DOWN,0.0,0.0,0.0,0,0.0,False,False,False,0.0,0
ORACLE_MDP,9,16,8,RIGHT,MDP_PRIMITIVE_ACTION,MDP|RIGHT,0.0,0.0,0.0,0,0.0,False,False,False,0.0,0
ORACLE_MDP,9,16,9,RIGHT,MDP_PRIMITIVE_ACTION,MDP|RIGHT,1.0,1.0,0.0,0,0.0,False,True,True,0.0,0
ORACLE_MDP,9,17,1,UP,MDP_PRIMITIVE_ACTION,MDP|UP,0.0,0.0,0.0,0,0.0,False,False,False,0.0,0
ORACLE_MDP,9,17,2,RIGHT,MDP_PRIMITIVE_ACTION,MDP|RIGHT,0.0,0.0,0.0,0,0.0,False,False,False,0.0,0
ORACLE_MDP,9,17,3,RIGHT,MDP_PRIMITIVE_ACTION,MDP|RIGHT,0.0,0.0,0.0,0,0.0,False,False,False,0.0,0
ORACLE_MDP,9,17,4,RIGHT,MDP_PRIMITIVE_ACTION,MDP|RIGHT,0.0,0.0,0.0,0,0.0,False,False,False,0.0,0
ORACLE_MDP,9,17,5,DOWN,MDP_PRIMITIVE_ACTION,MDP|DOWN,0.0,0.0,0.0,0,0.0,False,False,False,0.0,0
ORACLE_MDP,9,17,6,RIGHT,MDP_PRIMITIVE_ACTION,MDP|RIGHT,0.0,0.0,0.0,0,0.0,False,False,False,0.0,0
ORACLE_MDP,9,17,7,RIGHT,MDP_PRIMITIVE_ACTION,MDP|RIGHT,0.0,0.0,0.0,0,0.0,False,False,False,0.0,0
ORACLE_MDP,9,17,8,RIGHT,MDP_PRIMITIVE_ACTION,MDP|RIGHT,0.0,0.0,0.0,0,0.0,False,False,False,0.0,0
ORACLE_MDP,9,17,9,DOWN,MDP_PRIMITIVE_ACTION,MDP|DOWN,0.0,0.0,0.0,0,0.0,False,False,False,0.0,0
ORACLE_MDP,9,17,10,RIGHT,MDP_PRIMITIVE_ACTION,MDP|RIGHT,0.0,0.0,0.0,0,0.0,False,False,False,0.0,0
ORACLE_MDP,9,17,11,DOWN,MDP_PRIMITIVE_ACTION,MDP|DOWN,0.0,0.0,0.0,0,0.0,False,False,False,0.0,0
ORACLE_MDP,9,17,12,DOWN,MDP_PRIMITIVE_ACTION,MDP|DOWN,1.0,1.0,0.0,0,0.0,False,True,True,0.0,0
ORACLE_MDP,9,18,1,DOWN,MDP_PRIMITIVE_ACTION,MDP|DOWN,0.0,0.0,0.0,0,0.0,False,False,False,0.0,0
ORACLE_MDP,9,18,2,DOWN,MDP_PRIMITIVE_ACTION,MDP|DOWN,0.0,0.0,0.0,0,0.0,False,False,False,0.0,0
ORACLE_MDP,9,18,3,DOWN,MDP_PRIMITIVE_ACTION,MDP|DOWN,0.0,0.0,0.0,0,0.0,False,False,False,0.0,0
ORACLE_MDP,9,18,4,RIGHT,MDP_PRIMITIVE_ACTION,MDP|RIGHT,0.0,0.0,0.0,0,0.0,False,False,False,0.0,0
ORACLE_MDP,9,18,5,RIGHT,MDP_PRIMITIVE_ACTION,MDP|RIGHT,0.0,0.0,0.0,0,0.0,False,False,False,0.0,0
ORACLE_MDP,9,18,6,RIGHT,MDP_PRIMITIVE_ACTION,MDP|RIGHT,0.0,0.0,0.0,0,0.0,False,False,False,0.0,0
ORACLE_MDP,9,18,7,RIGHT,MDP_PRIMITIVE_ACTION,MDP|RIGHT,0.0,0.0,0.0,0,0.0,False,False,False,0.0,0
ORACLE_MDP,9,18,8,RIGHT,MDP_PRIMITIVE_ACTION,MDP|RIGHT,0.0,0.0,0.0,0,0.0,False,False,False,0.0,0
ORACLE_MDP,9,18,9,RIGHT,MDP_PRIMITIVE_ACTION,MDP|RIGHT,0.0,0.0,0.0,0,0.0,False,False,False,0.0,0
ORACLE_MDP,9,18,10,RIGHT,MDP_PRIMITIVE_ACTION,MDP|RIGHT,0.0,0.0,0.0,0,0.0,False,False,False,0.0,0
ORACLE_MDP,9,18,11,UP,MDP_PRIMITIVE_ACTION,MDP|UP,1.0,1.0,0.0,0,0.0,False,True,True,0.0,0
ORACLE_MDP,9,19,1,RIGHT,MDP_PRIMITIVE_ACTION,MDP|RIGHT,0.0,0.0,0.0,0,0.0,False,False,False,0.0,0
ORACLE_MDP,9,19,2,RIGHT,MDP_PRIMITIVE_ACTION,MDP|RIGHT,0.0,0.0,0.0,0,0.0,False,False,False,0.0,0
ORACLE_MDP,9,19,3,RIGHT,MDP_PRIMITIVE_ACTION,MDP|RIGHT,0.0,0.0,0.0,0,0.0,False,False,False,0.0,0
ORACLE_MDP,9,19,4,RIGHT,MDP_PRIMITIVE_ACTION,MDP|RIGHT,0.0,0.0,0.0,0,0.0,False,False,False,0.0,0
ORACLE_MDP,9,19,5,RIGHT,MDP_PRIMITIVE_ACTION,MDP|RIGHT,0.0,0.0,0.0,0,0.0,False,False,False,0.0,0
ORACLE_MDP,9,19,6,RIGHT,MDP_PRIMITIVE_ACTION,MDP|RIGHT,0.0,0.0,0.0,0,0.0,False,False,False,0.0,0
ORACLE_MDP,9,19,7,RIGHT,MDP_PRIMITIVE_ACTION,MDP|RIGHT,1.0,1.0,0.0,0,0.0,False,True,True,0.0,0
ORACLE_MDP,9,20,1,DOWN,MDP_PRIMITIVE_ACTION,MDP|DOWN,0.0,0.0,0.0,0,0.0,False,False,False,0.0,0
ORACLE_MDP,9,20,2,DOWN,MDP_PRIMITIVE_ACTION,MDP|DOWN,0.0,0.0,0.0,0,0.0,False,False,False,0.0,0
ORACLE_MDP,9,20,3,DOWN,MDP_PRIMITIVE_ACTION,MDP|DOWN,0.0,0.0,0.0,0,0.0,False,False,False,0.0,0
ORACLE_MDP,9,20,4,RIGHT,MDP_PRIMITIVE_ACTION,MDP|RIGHT,0.0,0.0,0.0,0,0.0,False,False,False,0.0,0
ORACLE_MDP,9,20,5,RIGHT,MDP_PRIMITIVE_ACTION,MDP|RIGHT,0.0,0.0,0.0,0,0.0,False,False,False,0.0,0
ORACLE_MDP,9,20,6,DOWN,MDP_PRIMITIVE_ACTION,MDP|DOWN,0.0,0.0,0.0,0,0.0,False,False,False,0.0,0
ORACLE_MDP,9,20,7,RIGHT,MDP_PRIMITIVE_ACTION,MDP|RIGHT,1.0,1.0,0.0,0,0.0,False,True,True,0.0,0
ORACLE_MDP,9,21,1,DOWN,MDP_PRIMITIVE_ACTION,MDP|DOWN,0.0,0.0,0.0,0,0.0,False,False,False,0.0,0
ORACLE_MDP,9,21,2,DOWN,MDP_PRIMITIVE_ACTION,MDP|DOWN,0.0,0.0,0.0,0,0.0,False,False,False,0.0,0
ORACLE_MDP,9,21,3,DOWN,MDP_PRIMITIVE_ACTION,MDP|DOWN,0.0,0.0,0.0,0,0.0,False,False,False,0.0,0
ORACLE_MDP,9,21,4,RIGHT,MDP_PRIMITIVE_ACTION,MDP|RIGHT,0.0,0.0,0.0,0,0.0,False,False,False,0.0,0
ORACLE_MDP,9,21,5,RIGHT,MDP_PRIMITIVE_ACTION,MDP|RIGHT,0.0,0.0,0.0,0,0.0,False,False,False,0.0,0
ORACLE_MDP,9,21,6,RIGHT,MDP_PRIMITIVE_ACTION,MDP|RIGHT,0.0,0.0,0.0,0,0.0,False,False,False,0.0,0
ORACLE_MDP,9,21,7,RIGHT,MDP_PRIMITIVE_ACTION,MDP|RIGHT,0.0,0.0,0.0,0,0.0,False,False,False,0.0,0
ORACLE_MDP,9,21,8,RIGHT,MDP_PRIMITIVE_ACTION,MDP|RIGHT,1.0,1.0,0.0,0,0.0,False,True,True,0.0,0
ORACLE_MDP,9,22,1,DOWN,MDP_PRIMITIVE_ACTION,MDP|DOWN,0.0,0.0,0.0,0,0.0,False,False,False,0.0,0
ORACLE_MDP,9,22,2,DOWN,MDP_PRIMITIVE_ACTION,MDP|DOWN,0.0,0.0,0.0,0,0.0,False,False,False,0.0,0
ORACLE_MDP,9,22,3,RIGHT,MDP_PRIMITIVE_ACTION,MDP|RIGHT,0.0,0.0,0.0,0,0.0,False,False,False,0.0,0
ORACLE_MDP,9,22,4,UP,MDP_PRIMITIVE_ACTION,MDP|UP,0.0,0.0,0.0,0,0.0,False,False,False,0.0,0
ORACLE_MDP,9,22,5,UP,MDP_PRIMITIVE_ACTION,MDP|UP,0.0,0.0,0.0,0,0.0,False,False,False,0.0,0
ORACLE_MDP,9,22,6,UP,MDP_PRIMITIVE_ACTION,MDP|UP,0.0,0.0,0.0,0,0.0,False,False,False,0.0,0
ORACLE_MDP,9,22,7,"OPEN (3, 0)",MDP_PRIMITIVE_ACTION,"MDP|OPEN (3, 0)",0.0,0.0,0.0,0,0.0,False,False,False,0.0,0
ORACLE_MDP,9,22,8,RIGHT,MDP_PRIMITIVE_ACTION,MDP|RIGHT,0.0,0.0,0.0,0,0.0,False,False,False,0.0,0
ORACLE_MDP,9,22,9,RIGHT,MDP_PRIMITIVE_ACTION,MDP|RIGHT,0.0,0.0,0.0,0,0.0,False,False,False,0.0,0
ORACLE_MDP,9,22,10,RIGHT,MDP_PRIMITIVE_ACTION,MDP|RIGHT,0.0,0.0,0.0,0,0.0,False,False,False,0.0,0
ORACLE_MDP,9,22,11,RIGHT,MDP_PRIMITIVE_ACTION,MDP|RIGHT,0.0,0.0,0.0,0,0.0,False,False,False,0.0,0
ORACLE_MDP,9,22,12,RIGHT,MDP_PRIMITIVE_ACTION,MDP|RIGHT,0.0,0.0,0.0,0,0.0,False,False,False,0.0,0
ORACLE_MDP,9,22,13,RIGHT,MDP_PRIMITIVE_ACTION,MDP|RIGHT,1.0,1.0,0.0,0,0.0,False,True,True,0.0,0
ORACLE_MDP,9,23,1,DOWN,MDP_PRIMITIVE_ACTION,MDP|DOWN,0.0,0.0,0.0,0,0.0,False,False,False,0.0,0
ORACLE_MDP,9,23,2,RIGHT,MDP_PRIMITIVE_ACTION,MDP|RIGHT,0.0,0.0,0.0,0,0.0,False,False,False,0.0,0
ORACLE_MDP,9,23,3,RIGHT,MDP_PRIMITIVE_ACTION,MDP|RIGHT,0.0,0.0,0.0,0,0.0,False,False,False,0.0,0
ORACLE_MDP,9,23,4,RIGHT,MDP_PRIMITIVE_ACTION,MDP|RIGHT,0.0,0.0,0.0,0,0.0,False,False,False,0.0,0
ORACLE_MDP,9,23,5,UP,MDP_PRIMITIVE_ACTION,MDP|UP,0.0,0.0,0.0,0,0.0,False,False,False,0.0,0
ORACLE_MDP,9,23,6,RIGHT,MDP_PRIMITIVE_ACTION,MDP|RIGHT,0.0,0.0,0.0,0,0.0,False,False,False,0.0,0
ORACLE_MDP,9,23,7,RIGHT,MDP_PRIMITIVE_ACTION,MDP|RIGHT,0.0,0.0,0.0,0,0.0,False,False,False,0.0,0
ORACLE_MDP,9,23,8,RIGHT,MDP_PRIMITIVE_ACTION,MDP|RIGHT,0.0,0.0,0.0,0,0.0,False,False,False,0.0,0
ORACLE_MDP,9,23,9,RIGHT,MDP_PRIMITIVE_ACTION,MDP|RIGHT,1.0,1.0,0.0,0,0.0,False,True,True,0.0,0
ORACLE_MDP,9,24,1,DOWN,MDP_PRIMITIVE_ACTION,MDP|DOWN,0.0,0.0,0.0,0,0.0,False,False,False,0.0,0
ORACLE_MDP,9,24,2,DOWN,MDP_PRIMITIVE_ACTION,MDP|DOWN,0.0,0.0,0.0,0,0.0,False,False,False,0.0,0
ORACLE_MDP,9,24,3,DOWN,MDP_PRIMITIVE_ACTION,MDP|DOWN,0.0,0.0,0.0,0,0.0,False,False,False,0.0,0
ORACLE_MDP,9,24,4,RIGHT,MDP_PRIMITIVE_ACTION,MDP|RIGHT,0.0,0.0,0.0,0,0.0,False,False,False,0.0,0
ORACLE_MDP,9,24,5,RIGHT,MDP_PRIMITIVE_ACTION,MDP|RIGHT,0.0,0.0,0.0,0,0.0,False,False,False,0.0,0
ORACLE_MDP,9,24,6,RIGHT,MDP_PRIMITIVE_ACTION,MDP|RIGHT,0.0,0.0,0.0,0,0.0,False,False,False,0.0,0
ORACLE_MDP,9,24,7,UP,MDP_PRIMITIVE_ACTION,MDP|UP,0.0,0.0,0.0,0,0.0,False,False,False,0.0,0
ORACLE_MDP,9,24,8,RIGHT,MDP_PRIMITIVE_ACTION,MDP|RIGHT,0.0,0.0,0.0,0,0.0,False,False,False,0.0,0
ORACLE_MDP,9,24,9,RIGHT,MDP_PRIMITIVE_ACTION,MDP|RIGHT,0.0,0.0,0.0,0,0.0,False,False,False,0.0,0
ORACLE_MDP,9,24,10,RIGHT,MDP_PRIMITIVE_ACTION,MDP|RIGHT,1.0,1.0,0.0,0,0.0,False,True,True,0.0,0
ORACLE_MDP,9,25,1,DOWN,MDP_PRIMITIVE_ACTION,MDP|DOWN,0.0,0.0,0.0,0,0.0,False,False,False,0.0,0
ORACLE_MDP,9,25,2,DOWN,MDP_PRIMITIVE_ACTION,MDP|DOWN,0.0,0.0,0.0,0,0.0,False,False,False,0.0,0
ORACLE_MDP,9,25,3,RIGHT,MDP_PRIMITIVE_ACTION,MDP|RIGHT,0.0,0.0,0.0,0,0.0,False,False,False,0.0,0
ORACLE_MDP,9,25,4,RIGHT,MDP_PRIMITIVE_ACTION,MDP|RIGHT,0.0,0.0,0.0,0,0.0,False,False,False,0.0,0
ORACLE_MDP,9,25,5,RIGHT,MDP_PRIMITIVE_ACTION,MDP|RIGHT,0.0,0.0,0.0,0,0.0,False,False,False,0.0,0
ORACLE_MDP,9,25,6,DOWN,MDP_PRIMITIVE_ACTION,MDP|DOWN,0.0,0.0,0.0,0,0.0,False,False,False,0.0,0
ORACLE_MDP,9,25,7,RIGHT,MDP_PRIMITIVE_ACTION,MDP|RIGHT,1.0,1.0,0.0,0,0.0,False,True,True,0.0,0
ORACLE_MDP,9,26,1,DOWN,MDP_PRIMITIVE_ACTION,MDP|DOWN,0.0,0.0,0.0,0,0.0,False,False,False,0.0,0
ORACLE_MDP,9,26,2,RIGHT,MDP_PRIMITIVE_ACTION,MDP|RIGHT,0.0,0.0,0.0,0,0.0,False,False,False,0.0,0
ORACLE_MDP,9,26,3,DOWN,MDP_PRIMITIVE_ACTION,MDP|DOWN,0.0,0.0,0.0,0,0.0,False,False,False,0.0,0
ORACLE_MDP,9,26,4,RIGHT,MDP_PRIMITIVE_ACTION,MDP|RIGHT,0.0,0.0,0.0,0,0.0,False,False,False,0.0,0
ORACLE_MDP,9,26,5,RIGHT,MDP_PRIMITIVE_ACTION,MDP|RIGHT,0.0,0.0,0.0,0,0.0,False,False,False,0.0,0
ORACLE_MDP,9,26,6,RIGHT,MDP_PRIMITIVE_ACTION,MDP|RIGHT,0.0,0.0,0.0,0,0.0,False,False,False,0.0,0
ORACLE_MDP,9,26,7,DOWN,MDP_PRIMITIVE_ACTION,MDP|DOWN,1.0,1.0,0.0,0,0.0,False,True,True,0.0,0
ORACLE_MDP,9,27,1,DOWN,MDP_PRIMITIVE_ACTION,MDP|DOWN,0.0,0.0,0.0,0,0.0,False,False,False,0.0,0
ORACLE_MDP,9,27,2,DOWN,MDP_PRIMITIVE_ACTION,MDP|DOWN,0.0,0.0,0.0,0,0.0,False,False,False,0.0,0
ORACLE_MDP,9,27,3,DOWN,MDP_PRIMITIVE_ACTION,MDP|DOWN,0.0,0.0,0.0,0,0.0,False,False,False,0.0,0
ORACLE_MDP,9,27,4,RIGHT,MDP_PRIMITIVE_ACTION,MDP|RIGHT,0.0,0.0,0.0,0,0.0,False,False,False,0.0,0
ORACLE_MDP,9,27,5,DOWN,MDP_PRIMITIVE_ACTION,MDP|DOWN,0.0,0.0,0.0,0,0.0,False,False,False,0.0,0
ORACLE_MDP,9,27,6,RIGHT,MDP_PRIMITIVE_ACTION,MDP|RIGHT,0.0,0.0,0.0,0,0.0,False,False,False,0.0,0
ORACLE_MDP,9,27,7,RIGHT,MDP_PRIMITIVE_ACTION,MDP|RIGHT,1.0,1.0,0.0,0,0.0,False,True,True,0.0,0
ORACLE_MDP,9,28,1,DOWN,MDP_PRIMITIVE_ACTION,MDP|DOWN,0.0,0.0,0.0,0,0.0,False,False,False,0.0,0
ORACLE_MDP,9,28,2,DOWN,MDP_PRIMITIVE_ACTION,MDP|DOWN,0.0,0.0,0.0,0,0.0,False,False,False,0.0,0
ORACLE_MDP,9,28,3,DOWN,MDP_PRIMITIVE_ACTION,MDP|DOWN,0.0,0.0,0.0,0,0.0,False,False,False,0.0,0
ORACLE_MDP,9,28,4,RIGHT,MDP_PRIMITIVE_ACTION,MDP|RIGHT,0.0,0.0,0.0,0,0.0,False,False,False,0.0,0
ORACLE_MDP,9,28,5,RIGHT,MDP_PRIMITIVE_ACTION,MDP|RIGHT,0.0,0.0,0.0,0,0.0,False,False,False,0.0,0
ORACLE_MDP,9,28,6,RIGHT,MDP_PRIMITIVE_ACTION,MDP|RIGHT,0.0,0.0,0.0,0,0.0,False,False,False,0.0,0
ORACLE_MDP,9,28,7,RIGHT,MDP_PRIMITIVE_ACTION,MDP|RIGHT,0.0,0.0,0.0,0,0.0,False,False,False,0.0,0
ORACLE_MDP,9,28,8,RIGHT,MDP_PRIMITIVE_ACTION,MDP|RIGHT,0.0,0.0,0.0,0,0.0,False,False,False,0.0,0
ORACLE_MDP,9,28,9,RIGHT,MDP_PRIMITIVE_ACTION,MDP|RIGHT,0.0,0.0,0.0,0,0.0,False,False,False,0.0,0
ORACLE_MDP,9,28,10,RIGHT,MDP_PRIMITIVE_ACTION,MDP|RIGHT,0.0,0.0,0.0,0,0.0,False,False,False,0.0,0
ORACLE_MDP,9,28,11,UP,MDP_PRIMITIVE_ACTION,MDP|UP,0.0,0.0,0.0,0,0.0,False,False,False,0.0,0
ORACLE_MDP,9,28,12,UP,MDP_PRIMITIVE_ACTION,MDP|UP,0.0,0.0,0.0,0,0.0,False,False,False,0.0,0
ORACLE_MDP,9,28,13,UP,MDP_PRIMITIVE_ACTION,MDP|UP,0.0,0.0,0.0,0,0.0,False,False,False,0.0,0
ORACLE_MDP,9,28,14,UP,MDP_PRIMITIVE_ACTION,MDP|UP,1.0,1.0,0.0,0,0.0,False,True,True,0.0,0
ORACLE_MDP,9,29,1,DOWN,MDP_PRIMITIVE_ACTION,MDP|DOWN,0.0,0.0,0.0,0,0.0,False,False,False,0.0,0
ORACLE_MDP,9,29,2,DOWN,MDP_PRIMITIVE_ACTION,MDP|DOWN,0.0,0.0,0.0,0,0.0,False,False,False,0.0,0
ORACLE_MDP,9,29,3,DOWN,MDP_PRIMITIVE_ACTION,MDP|DOWN,0.0,0.0,0.0,0,0.0,False,False,False,0.0,0
ORACLE_MDP,9,29,4,DOWN,MDP_PRIMITIVE_ACTION,MDP|DOWN,0.0,0.0,0.0,0,0.0,False,False,False,0.0,0
ORACLE_MDP,9,29,5,RIGHT,MDP_PRIMITIVE_ACTION,MDP|RIGHT,0.0,0.0,0.0,0,0.0,False,False,False,0.0,0
ORACLE_MDP,9,29,6,RIGHT,MDP_PRIMITIVE_ACTION,MDP|RIGHT,0.0,0.0,0.0,0,0.0,False,False,False,0.0,0
ORACLE_MDP,9,29,7,RIGHT,MDP_PRIMITIVE_ACTION,MDP|RIGHT,0.0,0.0,0.0,0,0.0,False,False,False,0.0,0
ORACLE_MDP,9,29,8,RIGHT,MDP_PRIMITIVE_ACTION,MDP|RIGHT,1.0,1.0,0.0,0,0.0,False,True,True,0.0,0
