experiment,suite,condition,environment,model,phase,action_family,seed,episode_rows,success,steps,high_level_steps,primitive_steps,reward,errors,repeats,prediction_score,holdout_score,holdout_gain,imagined_nodes,imagination_depth,actual_return,runtime_seconds,real_transitions,imagined_transitions,action_proposals,novelty_score,repeat_rate,error_rate,learning_auc,final_tail_success,first_success_real_transitions,adaptation_auc,episodes_to_50,episodes_to_80,transfer_gain_vs_from_scratch,sample_saving_to_50,sample_saving_to_80,unseen_prediction_calibration_error
transfer,transfer,from_scratch_contextual_policy,opaque_dependency_l6,tabular_online,adaptation,opaque,1009,680,0.125,6.0,,,0.125,0.0,0.0,0.0,0.0,0.0,0.0,0.0,0.125,0.00033335411730256643,6.0,0.0,6.0,,0.0,0.0,,,,,,,,,,
transfer,transfer,from_scratch_contextual_policy,opaque_dependency_l6,tabular_online,adaptation,opaque,1061,680,0.061764705882352944,6.0,,,0.061764705882352944,0.0,0.0,0.0,0.0,0.0,0.0,0.0,0.061764705882352944,0.0003459129408464137,6.0,0.0,6.0,,0.0,0.0,,,,,,,,,,
transfer,transfer,from_scratch_contextual_policy,opaque_dependency_l6,tabular_online,adaptation,opaque,1103,680,0.030882352941176472,6.0,,,0.030882352941176472,0.0,0.0,0.0,0.0,0.0,0.0,0.0,0.030882352941176472,0.0003323454412833705,6.0,0.0,6.0,,0.0,0.0,,,,,,,,,,
transfer,transfer,from_scratch_contextual_policy,opaque_dependency_l6,tabular_online,adaptation,opaque,1151,680,0.004411764705882353,6.0,,,0.004411764705882353,0.0,0.0,0.0,0.0,0.0,0.0,0.0,0.004411764705882353,0.00033328191168359754,6.0,0.0,6.0,,0.0,0.0,,,,,,,,,,
transfer,transfer,from_scratch_contextual_policy,opaque_dependency_l6,tabular_online,adaptation,opaque,1201,680,0.08823529411764706,6.0,,,0.08823529411764706,0.0,0.0,0.0,0.0,0.0,0.0,0.0,0.08823529411764706,0.0003408186769400559,6.0,0.0,6.0,,0.0,0.0,,,,,,,,,,
transfer,transfer,from_scratch_contextual_policy,opaque_dependency_l6,tabular_online,adaptation,opaque,1259,680,0.1323529411764706,6.0,,,0.1323529411764706,0.0,0.0,0.0,0.0,0.0,0.0,0.0,0.1323529411764706,0.00033018882266547093,6.0,0.0,6.0,,0.0,0.0,,,,,,,,,,
transfer,transfer,from_scratch_contextual_policy,opaque_dependency_l6,tabular_online,adaptation,opaque,1301,680,0.1264705882352941,6.0,,,0.1264705882352941,0.0,0.0,0.0,0.0,0.0,0.0,0.0,0.1264705882352941,0.0003362354406871258,6.0,0.0,6.0,,0.0,0.0,,,,,,,,,,
transfer,transfer,from_scratch_contextual_policy,opaque_dependency_l6,tabular_online,adaptation,opaque,131,680,0.10882352941176471,6.0,,,0.10882352941176471,0.0,0.0,0.0,0.0,0.0,0.0,0.0,0.10882352941176471,0.0004292139706462074,6.0,0.0,6.0,,0.0,0.0,,,,,,,,,,
transfer,transfer,from_scratch_contextual_policy,opaque_dependency_l6,tabular_online,adaptation,opaque,1361,680,0.029411764705882353,6.0,,,0.029411764705882353,0.0,0.0,0.0,0.0,0.0,0.0,0.0,0.029411764705882353,0.0003328124998541384,6.0,0.0,6.0,,0.0,0.0,,,,,,,,,,
transfer,transfer,from_scratch_contextual_policy,opaque_dependency_l6,tabular_online,adaptation,opaque,1423,680,0.007352941176470588,6.0,,,0.007352941176470588,0.0,0.0,0.0,0.0,0.0,0.0,0.0,0.007352941176470588,0.000338773824264268,6.0,0.0,6.0,,0.0,0.0,,,,,,,,,,
transfer,transfer,from_scratch_contextual_policy,opaque_dependency_l6,tabular_online,adaptation,opaque,1481,680,0.08529411764705883,6.0,,,0.08529411764705883,0.0,0.0,0.0,0.0,0.0,0.0,0.0,0.08529411764705883,0.0003458507351751905,6.0,0.0,6.0,,0.0,0.0,,,,,,,,,,
transfer,transfer,from_scratch_contextual_policy,opaque_dependency_l6,tabular_online,adaptation,opaque,1543,680,0.03823529411764706,6.0,,,0.03823529411764706,0.0,0.0,0.0,0.0,0.0,0.0,0.0,0.03823529411764706,0.0003351257344868774,6.0,0.0,6.0,,0.0,0.0,,,,,,,,,,
transfer,transfer,from_scratch_contextual_policy,opaque_dependency_l6,tabular_online,adaptation,opaque,1601,680,0.12941176470588237,6.0,,,0.12941176470588237,0.0,0.0,0.0,0.0,0.0,0.0,0.0,0.12941176470588237,0.00033108000031514915,6.0,0.0,6.0,,0.0,0.0,,,,,,,,,,
transfer,transfer,from_scratch_contextual_policy,opaque_dependency_l6,tabular_online,adaptation,opaque,173,680,0.039705882352941174,6.0,,,0.039705882352941174,0.0,0.0,0.0,0.0,0.0,0.0,0.0,0.039705882352941174,0.00034317220522686565,6.0,0.0,6.0,,0.0,0.0,,,,,,,,,,
transfer,transfer,from_scratch_contextual_policy,opaque_dependency_l6,tabular_online,adaptation,opaque,211,680,0.0,6.0,,,0.0,0.0,0.0,0.0,0.0,0.0,0.0,0.0,0.0,0.0003437252943352659,6.0,0.0,6.0,,0.0,0.0,,,,,,,,,,
transfer,transfer,from_scratch_contextual_policy,opaque_dependency_l6,tabular_online,adaptation,opaque,257,680,0.1411764705882353,6.0,,,0.1411764705882353,0.0,0.0,0.0,0.0,0.0,0.0,0.0,0.1411764705882353,0.0016836932352709802,6.0,0.0,6.0,,0.0,0.0,,,,,,,,,,
transfer,transfer,from_scratch_contextual_policy,opaque_dependency_l6,tabular_online,adaptation,opaque,307,680,0.21029411764705883,6.0,,,0.21029411764705883,0.0,0.0,0.0,0.0,0.0,0.0,0.0,0.21029411764705883,0.0003311430880036342,6.0,0.0,6.0,,0.0,0.0,,,,,,,,,,
transfer,transfer,from_scratch_contextual_policy,opaque_dependency_l6,tabular_online,adaptation,opaque,353,680,0.16470588235294117,6.0,,,0.16470588235294117,0.0,0.0,0.0,0.0,0.0,0.0,0.0,0.16470588235294117,0.00033631661687703694,6.0,0.0,6.0,,0.0,0.0,,,,,,,,,,
transfer,transfer,from_scratch_contextual_policy,opaque_dependency_l6,tabular_online,adaptation,opaque,401,680,0.052941176470588235,6.0,,,0.052941176470588235,0.0,0.0,0.0,0.0,0.0,0.0,0.0,0.052941176470588235,0.00033587147105101716,6.0,0.0,6.0,,0.0,0.0,,,,,,,,,,
transfer,transfer,from_scratch_contextual_policy,opaque_dependency_l6,tabular_online,adaptation,opaque,457,680,0.0,6.0,,,0.0,0.0,0.0,0.0,0.0,0.0,0.0,0.0,0.0,0.000338178676996476,6.0,0.0,6.0,,0.0,0.0,,,,,,,,,,
transfer,transfer,from_scratch_contextual_policy,opaque_dependency_l6,tabular_online,adaptation,opaque,503,680,0.10882352941176471,6.0,,,0.10882352941176471,0.0,0.0,0.0,0.0,0.0,0.0,0.0,0.10882352941176471,0.0003345992642982096,6.0,0.0,6.0,,0.0,0.0,,,,,,,,,,
transfer,transfer,from_scratch_contextual_policy,opaque_dependency_l6,tabular_online,adaptation,opaque,557,680,0.15588235294117647,6.0,,,0.15588235294117647,0.0,0.0,0.0,0.0,0.0,0.0,0.0,0.15588235294117647,0.00033710367711404723,6.0,0.0,6.0,,0.0,0.0,,,,,,,,,,
transfer,transfer,from_scratch_contextual_policy,opaque_dependency_l6,tabular_online,adaptation,opaque,601,680,0.10441176470588236,6.0,,,0.10441176470588236,0.0,0.0,0.0,0.0,0.0,0.0,0.0,0.10441176470588236,0.0003389086770338883,6.0,0.0,6.0,,0.0,0.0,,,,,,,,,,
transfer,transfer,from_scratch_contextual_policy,opaque_dependency_l6,tabular_online,adaptation,opaque,659,680,0.19411764705882353,6.0,,,0.19411764705882353,0.0,0.0,0.0,0.0,0.0,0.0,0.0,0.19411764705882353,0.0003357183820780312,6.0,0.0,6.0,,0.0,0.0,,,,,,,,,,
transfer,transfer,from_scratch_contextual_policy,opaque_dependency_l6,tabular_online,adaptation,opaque,701,680,0.13529411764705881,6.0,,,0.13529411764705881,0.0,0.0,0.0,0.0,0.0,0.0,0.0,0.13529411764705881,0.00033484897041275607,6.0,0.0,6.0,,0.0,0.0,,,,,,,,,,
transfer,transfer,from_scratch_contextual_policy,opaque_dependency_l6,tabular_online,adaptation,opaque,761,680,0.2161764705882353,6.0,,,0.2161764705882353,0.0,0.0,0.0,0.0,0.0,0.0,0.0,0.2161764705882353,0.000339419706228107,6.0,0.0,6.0,,0.0,0.0,,,,,,,,,,
transfer,transfer,from_scratch_contextual_policy,opaque_dependency_l6,tabular_online,adaptation,opaque,809,680,0.06764705882352941,6.0,,,0.06764705882352941,0.0,0.0,0.0,0.0,0.0,0.0,0.0,0.06764705882352941,0.0003512997059956166,6.0,0.0,6.0,,0.0,0.0,,,,,,,,,,
transfer,transfer,from_scratch_contextual_policy,opaque_dependency_l6,tabular_online,adaptation,opaque,857,680,0.0,6.0,,,0.0,0.0,0.0,0.0,0.0,0.0,0.0,0.0,0.0,0.00033630367705721735,6.0,0.0,6.0,,0.0,0.0,,,,,,,,,,
transfer,transfer,from_scratch_contextual_policy,opaque_dependency_l6,tabular_online,adaptation,opaque,907,680,0.0661764705882353,6.0,,,0.0661764705882353,0.0,0.0,0.0,0.0,0.0,0.0,0.0,0.0661764705882353,0.00033826911813401454,6.0,0.0,6.0,,0.0,0.0,,,,,,,,,,
transfer,transfer,from_scratch_contextual_policy,opaque_dependency_l6,tabular_online,adaptation,opaque,953,680,0.09558823529411764,6.0,,,0.09558823529411764,0.0,0.0,0.0,0.0,0.0,0.0,0.0,0.09558823529411764,0.0003441663236812661,6.0,0.0,6.0,,0.0,0.0,,,,,,,,,,
transfer,transfer,from_scratch_contextual_policy,opaque_dependency_l6,tabular_online,evaluation_unseen_adaptation,opaque,1009,4000,0.05,6.0,,,0.05,0.0,0.0,0.0,0.0,,0.0,0.0,0.05,0.0009966588750758092,6.0,0.0,6.0,,0.0,0.0,,,,,,,,,,
transfer,transfer,from_scratch_contextual_policy,opaque_dependency_l6,tabular_online,evaluation_unseen_adaptation,opaque,1061,4000,0.05,6.0,,,0.05,0.0,0.0,0.0,0.0,,0.0,0.0,0.05,0.0024528579999532666,6.0,0.0,6.0,,0.0,0.0,,,,,,,,,,
transfer,transfer,from_scratch_contextual_policy,opaque_dependency_l6,tabular_online,evaluation_unseen_adaptation,opaque,1103,4000,0.025,6.0,,,0.025,0.0,0.0,0.0,0.0,,0.0,0.0,0.025,0.0010428031251285574,6.0,0.0,6.0,,0.0,0.0,,,,,,,,,,
transfer,transfer,from_scratch_contextual_policy,opaque_dependency_l6,tabular_online,evaluation_unseen_adaptation,opaque,1151,4000,0.025,6.0,,,0.025,0.0,0.0,0.0,0.0,,0.0,0.0,0.025,0.0009773301749446547,6.0,0.0,6.0,,0.0,0.0,,,,,,,,,,
transfer,transfer,from_scratch_contextual_policy,opaque_dependency_l6,tabular_online,evaluation_unseen_adaptation,opaque,1201,4000,0.05,6.0,,,0.05,0.0,0.0,0.0,0.0,,0.0,0.0,0.05,0.0009755566997409914,6.0,0.0,6.0,,0.0,0.0,,,,,,,,,,
transfer,transfer,from_scratch_contextual_policy,opaque_dependency_l6,tabular_online,evaluation_unseen_adaptation,opaque,1259,4000,0.075,6.0,,,0.075,0.0,0.0,0.0,0.0,,0.0,0.0,0.075,0.0009600418250192888,6.0,0.0,6.0,,0.0,0.0,,,,,,,,,,
transfer,transfer,from_scratch_contextual_policy,opaque_dependency_l6,tabular_online,evaluation_unseen_adaptation,opaque,1301,4000,0.125,6.0,,,0.125,0.0,0.0,0.0,0.0,,0.0,0.0,0.125,0.0010214104497790685,6.0,0.0,6.0,,0.0,0.0,,,,,,,,,,
transfer,transfer,from_scratch_contextual_policy,opaque_dependency_l6,tabular_online,evaluation_unseen_adaptation,opaque,131,4000,0.075,6.0,,,0.075,0.0,0.0,0.0,0.0,,0.0,0.0,0.075,0.001020229199784808,6.0,0.0,6.0,,0.0,0.0,,,,,,,,,,
transfer,transfer,from_scratch_contextual_policy,opaque_dependency_l6,tabular_online,evaluation_unseen_adaptation,opaque,1361,4000,0.025,6.0,,,0.025,0.0,0.0,0.0,0.0,,0.0,0.0,0.025,0.0009504683000704972,6.0,0.0,6.0,,0.0,0.0,,,,,,,,,,
transfer,transfer,from_scratch_contextual_policy,opaque_dependency_l6,tabular_online,evaluation_unseen_adaptation,opaque,1423,4000,0.025,6.0,,,0.025,0.0,0.0,0.0,0.0,,0.0,0.0,0.025,0.0009778964750439627,6.0,0.0,6.0,,0.0,0.0,,,,,,,,,,
transfer,transfer,from_scratch_contextual_policy,opaque_dependency_l6,tabular_online,evaluation_unseen_adaptation,opaque,1481,4000,0.05,6.0,,,0.05,0.0,0.0,0.0,0.0,,0.0,0.0,0.05,0.0009714295502417372,6.0,0.0,6.0,,0.0,0.0,,,,,,,,,,
transfer,transfer,from_scratch_contextual_policy,opaque_dependency_l6,tabular_online,evaluation_unseen_adaptation,opaque,1543,4000,0.025,6.0,,,0.025,0.0,0.0,0.0,0.0,,0.0,0.0,0.025,0.0009498357499833219,6.0,0.0,6.0,,0.0,0.0,,,,,,,,,,
transfer,transfer,from_scratch_contextual_policy,opaque_dependency_l6,tabular_online,evaluation_unseen_adaptation,opaque,1601,4000,0.1,6.0,,,0.1,0.0,0.0,0.0,0.0,,0.0,0.0,0.1,0.0009905523999623256,6.0,0.0,6.0,,0.0,0.0,,,,,,,,,,
transfer,transfer,from_scratch_contextual_policy,opaque_dependency_l6,tabular_online,evaluation_unseen_adaptation,opaque,173,4000,0.025,6.0,,,0.025,0.0,0.0,0.0,0.0,,0.0,0.0,0.025,0.0010325267751104547,6.0,0.0,6.0,,0.0,0.0,,,,,,,,,,
transfer,transfer,from_scratch_contextual_policy,opaque_dependency_l6,tabular_online,evaluation_unseen_adaptation,opaque,211,4000,0.0,6.0,,,0.0,0.0,0.0,0.0,0.0,,0.0,0.0,0.0,0.0009738510751267313,6.0,0.0,6.0,,0.0,0.0,,,,,,,,,,
transfer,transfer,from_scratch_contextual_policy,opaque_dependency_l6,tabular_online,evaluation_unseen_adaptation,opaque,257,4000,0.1,6.0,,,0.1,0.0,0.0,0.0,0.0,,0.0,0.0,0.1,0.000992566974942747,6.0,0.0,6.0,,0.0,0.0,,,,,,,,,,
transfer,transfer,from_scratch_contextual_policy,opaque_dependency_l6,tabular_online,evaluation_unseen_adaptation,opaque,307,4000,0.15,6.0,,,0.15,0.0,0.0,0.0,0.0,,0.0,0.0,0.15,0.0009812602499732748,6.0,0.0,6.0,,0.0,0.0,,,,,,,,,,
transfer,transfer,from_scratch_contextual_policy,opaque_dependency_l6,tabular_online,evaluation_unseen_adaptation,opaque,353,4000,0.125,6.0,,,0.125,0.0,0.0,0.0,0.0,,0.0,0.0,0.125,0.0009621464252923033,6.0,0.0,6.0,,0.0,0.0,,,,,,,,,,
transfer,transfer,from_scratch_contextual_policy,opaque_dependency_l6,tabular_online,evaluation_unseen_adaptation,opaque,401,4000,0.05,6.0,,,0.05,0.0,0.0,0.0,0.0,,0.0,0.0,0.05,0.0009844199997896795,6.0,0.0,6.0,,0.0,0.0,,,,,,,,,,
transfer,transfer,from_scratch_contextual_policy,opaque_dependency_l6,tabular_online,evaluation_unseen_adaptation,opaque,457,4000,0.0,6.0,,,0.0,0.0,0.0,0.0,0.0,,0.0,0.0,0.0,0.0009892622499537537,6.0,0.0,6.0,,0.0,0.0,,,,,,,,,,
transfer,transfer,from_scratch_contextual_policy,opaque_dependency_l6,tabular_online,evaluation_unseen_adaptation,opaque,503,4000,0.075,6.0,,,0.075,0.0,0.0,0.0,0.0,,0.0,0.0,0.075,0.000995321799950034,6.0,0.0,6.0,,0.0,0.0,,,,,,,,,,
transfer,transfer,from_scratch_contextual_policy,opaque_dependency_l6,tabular_online,evaluation_unseen_adaptation,opaque,557,4000,0.1,6.0,,,0.1,0.0,0.0,0.0,0.0,,0.0,0.0,0.1,0.001001206525012094,6.0,0.0,6.0,,0.0,0.0,,,,,,,,,,
transfer,transfer,from_scratch_contextual_policy,opaque_dependency_l6,tabular_online,evaluation_unseen_adaptation,opaque,601,4000,0.05,6.0,,,0.05,0.0,0.0,0.0,0.0,,0.0,0.0,0.05,0.0009874620998598402,6.0,0.0,6.0,,0.0,0.0,,,,,,,,,,
transfer,transfer,from_scratch_contextual_policy,opaque_dependency_l6,tabular_online,evaluation_unseen_adaptation,opaque,659,4000,0.125,6.0,,,0.125,0.0,0.0,0.0,0.0,,0.0,0.0,0.125,0.0010047308250068455,6.0,0.0,6.0,,0.0,0.0,,,,,,,,,,
transfer,transfer,from_scratch_contextual_policy,opaque_dependency_l6,tabular_online,evaluation_unseen_adaptation,opaque,701,4000,0.075,6.0,,,0.075,0.0,0.0,0.0,0.0,,0.0,0.0,0.075,0.0009510376750404248,6.0,0.0,6.0,,0.0,0.0,,,,,,,,,,
transfer,transfer,from_scratch_contextual_policy,opaque_dependency_l6,tabular_online,evaluation_unseen_adaptation,opaque,761,4000,0.15,6.0,,,0.15,0.0,0.0,0.0,0.0,,0.0,0.0,0.15,0.0009798937498489977,6.0,0.0,6.0,,0.0,0.0,,,,,,,,,,
transfer,transfer,from_scratch_contextual_policy,opaque_dependency_l6,tabular_online,evaluation_unseen_adaptation,opaque,809,4000,0.05,6.0,,,0.05,0.0,0.0,0.0,0.0,,0.0,0.0,0.05,0.0010159520250672357,6.0,0.0,6.0,,0.0,0.0,,,,,,,,,,
transfer,transfer,from_scratch_contextual_policy,opaque_dependency_l6,tabular_online,evaluation_unseen_adaptation,opaque,857,4000,0.0,6.0,,,0.0,0.0,0.0,0.0,0.0,,0.0,0.0,0.0,0.0009492420999522437,6.0,0.0,6.0,,0.0,0.0,,,,,,,,,,
transfer,transfer,from_scratch_contextual_policy,opaque_dependency_l6,tabular_online,evaluation_unseen_adaptation,opaque,907,4000,0.05,6.0,,,0.05,0.0,0.0,0.0,0.0,,0.0,0.0,0.05,0.0009773946501445607,6.0,0.0,6.0,,0.0,0.0,,,,,,,,,,
transfer,transfer,from_scratch_contextual_policy,opaque_dependency_l6,tabular_online,evaluation_unseen_adaptation,opaque,953,4000,0.075,6.0,,,0.075,0.0,0.0,0.0,0.0,,0.0,0.0,0.075,0.0009787023249809863,6.0,0.0,6.0,,0.0,0.0,,,,,,,,,,
transfer,transfer,from_scratch_full_aassr,opaque_dependency_l6,tabular_online,adaptation,opaque,1009,680,0.0,6.0,,,0.0,0.0,0.0,0.9044117647058825,0.2196265172735761,0.0006168300653594771,103.43823529411765,4.870588235294117,0.0,0.0033356173531501553,6.0,103.43823529411765,6.0,,0.0,0.0,,,,,,,,,,
transfer,transfer,from_scratch_full_aassr,opaque_dependency_l6,tabular_online,adaptation,opaque,1061,680,0.014705882352941176,6.0,,,0.014705882352941176,0.0,0.0,0.9024509803921567,0.22546160130718948,0.0014447167755991287,104.31323529411765,4.920588235294118,0.014705882352941176,0.0033866327939904295,6.0,104.31323529411765,6.0,,0.0,0.0,,,,,,,,,,
transfer,transfer,from_scratch_full_aassr,opaque_dependency_l6,tabular_online,adaptation,opaque,1103,680,0.14852941176470588,6.0,,,0.14852941176470588,0.0,0.0,0.8973039215686273,0.22004125776184594,0.0011172385620915035,97.86911764705883,4.855882352941176,0.14852941176470588,0.0032571423533013064,6.0,97.86911764705883,6.0,,0.0,0.0,,,,,,,,,,
transfer,transfer,from_scratch_full_aassr,opaque_dependency_l6,tabular_online,adaptation,opaque,1151,680,0.0058823529411764705,6.0,,,0.0058823529411764705,0.0,0.0,0.9004901960784311,0.2216946248196248,0.0008578431372549021,105.86617647058823,4.9338235294117645,0.0058823529411764705,0.003395562205996077,6.0,105.86617647058823,6.0,,0.0,0.0,,,,,,,,,,
transfer,transfer,from_scratch_full_aassr,opaque_dependency_l6,tabular_online,adaptation,opaque,1201,680,0.022058823529411766,6.0,,,0.022058823529411766,0.0,0.0,0.9022058823529412,0.22451033443680507,0.0012850140056022408,94.8970588235294,4.783823529411765,0.022058823529411766,0.0031904688238522366,6.0,94.8970588235294,6.0,,0.0,0.0,,,,,,,,,,
transfer,transfer,from_scratch_full_aassr,opaque_dependency_l6,tabular_online,adaptation,opaque,1259,680,0.061764705882352944,6.0,,,0.061764705882352944,0.0,0.0,0.9041666666666666,0.2228717320261438,0.0006127450980392157,97.69264705882352,4.858823529411764,0.061764705882352944,0.003196468382306835,6.0,97.69264705882352,6.0,,0.0,0.0,,,,,,,,,,
transfer,transfer,from_scratch_full_aassr,opaque_dependency_l6,tabular_online,adaptation,opaque,1301,680,0.1161764705882353,6.0,,,0.1161764705882353,0.0,0.0,0.9051470588235292,0.2217466153127918,0.0004420518207282912,93.29264705882353,4.507352941176471,0.1161764705882353,0.003126893088055487,6.0,93.29264705882353,6.0,,0.0,0.0,,,,,,,,,,
transfer,transfer,from_scratch_full_aassr,opaque_dependency_l6,tabular_online,adaptation,opaque,131,680,0.06764705882352941,6.0,,,0.06764705882352941,0.0,0.0,0.8982843137254902,0.22391981792717086,0.0010089869281045753,97.62794117647059,4.867647058823529,0.06764705882352941,0.003268492941510083,6.0,97.62794117647059,6.0,,0.0,0.0,,,,,,,,,,
transfer,transfer,from_scratch_full_aassr,opaque_dependency_l6,tabular_online,adaptation,opaque,1361,680,0.03529411764705882,6.0,,,0.03529411764705882,0.0,0.0,0.9014705882352941,0.21752042483660128,0.0005555555555555556,96.86470588235294,4.795588235294118,0.03529411764705882,0.0032514913234455677,6.0,96.86470588235294,6.0,,0.0,0.0,,,,,,,,,,
transfer,transfer,from_scratch_full_aassr,opaque_dependency_l6,tabular_online,adaptation,opaque,1423,680,0.18382352941176472,6.0,,,0.18382352941176472,0.0,0.0,0.9036764705882351,0.21946000622471218,0.00045343137254901954,105.05294117647058,4.9147058823529415,0.18382352941176472,0.0033812960296927485,6.0,105.05294117647058,6.0,,0.0,0.0,,,,,,,,,,
transfer,transfer,from_scratch_full_aassr,opaque_dependency_l6,tabular_online,adaptation,opaque,1481,680,0.0,6.0,,,0.0,0.0,0.0,0.9024509803921571,0.22008811858076566,0.0012120681605975723,101.1,4.817647058823529,0.0,0.003307306471020531,6.0,101.1,6.0,,0.0,0.0,,,,,,,,,,
transfer,transfer,from_scratch_full_aassr,opaque_dependency_l6,tabular_online,adaptation,opaque,1543,680,0.07058823529411765,6.0,,,0.07058823529411765,0.0,0.0,0.907107843137255,0.22071778711484594,0.0003676470588235294,107.57794117647059,4.985294117647059,0.07058823529411765,0.003408800588658778,6.0,107.57794117647059,6.0,,0.0,0.0,,,,,,,,,,
transfer,transfer,from_scratch_full_aassr,opaque_dependency_l6,tabular_online,adaptation,opaque,1601,680,0.20441176470588235,6.0,,,0.20441176470588235,0.0,0.0,0.8982843137254902,0.21990487861811395,0.0003746498599439776,102.6514705882353,4.876470588235295,0.20441176470588235,0.0033925038235097685,6.0,102.6514705882353,6.0,,0.0,0.0,,,,,,,,,,
transfer,transfer,from_scratch_full_aassr,opaque_dependency_l6,tabular_online,adaptation,opaque,173,680,0.0014705882352941176,6.0,,,0.0014705882352941176,0.0,0.0,0.8977941176470586,0.21746512746512733,0.00047259929612870785,100.81617647058823,4.8426470588235295,0.0014705882352941176,0.00329141470583101,6.0,100.81617647058823,6.0,,0.0,0.0,,,,,,,,,,
transfer,transfer,from_scratch_full_aassr,opaque_dependency_l6,tabular_online,adaptation,opaque,211,680,0.17058823529411765,6.0,,,0.17058823529411765,0.0,0.0,0.9068627450980389,0.22292892156862734,0.0005952380952380953,102.93970588235294,4.944117647058824,0.17058823529411765,0.0042862502940646235,6.0,102.93970588235294,6.0,,0.0,0.0,,,,,,,,,,
transfer,transfer,from_scratch_full_aassr,opaque_dependency_l6,tabular_online,adaptation,opaque,257,680,0.08676470588235294,6.0,,,0.08676470588235294,0.0,0.0,0.899019607843137,0.22097701726378194,0.0008158263305322129,103.36470588235294,4.894117647058824,0.08676470588235294,0.0033027124993917395,6.0,103.36470588235294,6.0,,0.0,0.0,,,,,,,,,,
transfer,transfer,from_scratch_full_aassr,opaque_dependency_l6,tabular_online,adaptation,opaque,307,680,0.10588235294117647,6.0,,,0.10588235294117647,0.0,0.0,0.9075980392156863,0.2203534616916839,0.0006127450980392158,89.83529411764705,4.633823529411765,0.10588235294117647,0.0030770055875216393,6.0,89.83529411764705,6.0,,0.0,0.0,,,,,,,,,,
transfer,transfer,from_scratch_full_aassr,opaque_dependency_l6,tabular_online,adaptation,opaque,353,680,0.08088235294117647,6.0,,,0.08088235294117647,0.0,0.0,0.9058823529411762,0.22218253968253973,0.0009173669467787115,101.06764705882352,4.876470588235295,0.08088235294117647,0.0033602383825328775,6.0,101.06764705882352,6.0,,0.0,0.0,,,,,,,,,,
transfer,transfer,from_scratch_full_aassr,opaque_dependency_l6,tabular_online,adaptation,opaque,401,680,0.0029411764705882353,6.0,,,0.0029411764705882353,0.0,0.0,0.8941176470588234,0.2177390692096574,0.0009729404582345762,105.37205882352941,4.91764705882353,0.0029411764705882353,0.0034271263246516944,6.0,105.37205882352941,6.0,,0.0,0.0,,,,,,,,,,
transfer,transfer,from_scratch_full_aassr,opaque_dependency_l6,tabular_online,adaptation,opaque,457,680,0.08970588235294118,6.0,,,0.08970588235294118,0.0,0.0,0.9029411764705882,0.22101799944576755,0.001202960982372747,103.425,4.891176470588236,0.08970588235294118,0.0033573660291628636,6.0,103.425,6.0,,0.0,0.0,,,,,,,,,,
transfer,transfer,from_scratch_full_aassr,opaque_dependency_l6,tabular_online,adaptation,opaque,503,680,0.24705882352941178,6.0,,,0.24705882352941178,0.0,0.0,0.899019607843137,0.21878068366829265,0.0006604030501089326,92.75294117647059,4.739705882352941,0.24705882352941178,0.003166912794874995,6.0,92.75294117647059,6.0,,0.0,0.0,,,,,,,,,,
transfer,transfer,from_scratch_full_aassr,opaque_dependency_l6,tabular_online,adaptation,opaque,557,680,0.060294117647058824,6.0,,,0.060294117647058824,0.0,0.0,0.8982843137254904,0.22055247856718443,0.0008321661998132588,98.61617647058823,4.827941176470588,0.060294117647058824,0.003263370441281415,6.0,98.61617647058823,6.0,,0.0,0.0,,,,,,,,,,
transfer,transfer,from_scratch_full_aassr,opaque_dependency_l6,tabular_online,adaptation,opaque,601,680,0.21176470588235294,6.0,,,0.21176470588235294,0.0,0.0,0.9024509803921573,0.21706773618538328,0.0002941176470588235,103.37058823529412,4.920588235294118,0.21176470588235294,0.0033899761762072825,6.0,103.37058823529412,6.0,,0.0,0.0,,,,,,,,,,
transfer,transfer,from_scratch_full_aassr,opaque_dependency_l6,tabular_online,adaptation,opaque,659,680,0.17794117647058824,6.0,,,0.17794117647058824,0.0,0.0,0.8953431372549019,0.2188895545849273,0.0007843137254901959,101.95294117647059,4.910294117647059,0.17794117647058824,0.0033385555880907788,6.0,101.95294117647059,6.0,,0.0,0.0,,,,,,,,,,
transfer,transfer,from_scratch_full_aassr,opaque_dependency_l6,tabular_online,adaptation,opaque,701,680,0.08088235294117647,6.0,,,0.08088235294117647,0.0,0.0,0.8963235294117649,0.2187858465064348,0.000886437908496732,103.56764705882352,4.901470588235294,0.08088235294117647,0.0033633829412471694,6.0,103.56764705882352,6.0,,0.0,0.0,,,,,,,,,,
transfer,transfer,from_scratch_full_aassr,opaque_dependency_l6,tabular_online,adaptation,opaque,761,680,0.11029411764705882,6.0,,,0.11029411764705882,0.0,0.0,0.9085784313725489,0.2236834733893558,0.00014705882352941172,105.21764705882353,4.942647058823529,0.11029411764705882,0.003414332647362779,6.0,105.21764705882353,6.0,,0.0,0.0,,,,,,,,,,
transfer,transfer,from_scratch_full_aassr,opaque_dependency_l6,tabular_online,adaptation,opaque,809,680,0.0,6.0,,,0.0,0.0,0.0,0.9029411764705884,0.2191630237953767,0.0008823529411764705,103.5764705882353,4.939705882352941,0.0,0.003361885588032344,6.0,103.5764705882353,6.0,,0.0,0.0,,,,,,,,,,
transfer,transfer,from_scratch_full_aassr,opaque_dependency_l6,tabular_online,adaptation,opaque,857,680,0.060294117647058824,6.0,,,0.060294117647058824,0.0,0.0,0.9078431372549021,0.22134978991596654,0.0003676470588235294,98.14264705882353,4.855882352941176,0.060294117647058824,0.003231032646898016,6.0,98.14264705882353,6.0,,0.0,0.0,,,,,,,,,,
transfer,transfer,from_scratch_full_aassr,opaque_dependency_l6,tabular_online,adaptation,opaque,907,680,0.14558823529411766,6.0,,,0.14558823529411766,0.0,0.0,0.9058823529411766,0.2224945862470942,0.0007177871148459384,99.25147058823529,4.870588235294117,0.14558823529411766,0.0033338604410613807,6.0,99.25147058823529,6.0,,0.0,0.0,,,,,,,,,,
transfer,transfer,from_scratch_full_aassr,opaque_dependency_l6,tabular_online,adaptation,opaque,953,680,0.07794117647058824,6.0,,,0.07794117647058824,0.0,0.0,0.9031862745098035,0.22348856209150314,0.00045226423902894493,102.11764705882354,4.922058823529412,0.07794117647058824,0.0033214783823281965,6.0,102.11764705882354,6.0,,0.0,0.0,,,,,,,,,,
transfer,transfer,from_scratch_full_aassr,opaque_dependency_l6,tabular_online,evaluation_unseen_adaptation,opaque,1009,4000,0.0,6.0,,,0.0,0.0,0.0,0.7541666666666724,0.5478571428571445,,81.525,2.05,0.0,0.0027991232000713355,6.0,81.525,6.0,,0.0,0.0,,,,,,,,,,
transfer,transfer,from_scratch_full_aassr,opaque_dependency_l6,tabular_online,evaluation_unseen_adaptation,opaque,1061,4000,0.025,6.0,,,0.025,0.0,0.0,0.745833333333331,0.5944444444444457,,61.5,1.5,0.025,0.002383061975138844,6.0,61.5,6.0,,0.0,0.0,,,,,,,,,,
transfer,transfer,from_scratch_full_aassr,opaque_dependency_l6,tabular_online,evaluation_unseen_adaptation,opaque,1103,4000,0.125,6.0,,,0.125,0.0,0.0,0.7749999999999987,0.5577777777777739,,42.975,1.05,0.125,0.002025153974769637,6.0,42.975,6.0,,0.0,0.0,,,,,,,,,,
transfer,transfer,from_scratch_full_aassr,opaque_dependency_l6,tabular_online,evaluation_unseen_adaptation,opaque,1151,4000,0.025,6.0,,,0.025,0.0,0.0,0.7333333333333291,0.5673809523809495,,73.8,1.8,0.025,0.002637843225013057,6.0,73.8,6.0,,0.0,0.0,,,,,,,,,,
transfer,transfer,from_scratch_full_aassr,opaque_dependency_l6,tabular_online,evaluation_unseen_adaptation,opaque,1201,4000,0.025,6.0,,,0.025,0.0,0.0,0.750000000000001,0.5880952380952394,,68.45,1.8,0.025,0.0025310222748303204,6.0,68.45,6.0,,0.0,0.0,,,,,,,,,,
transfer,transfer,from_scratch_full_aassr,opaque_dependency_l6,tabular_online,evaluation_unseen_adaptation,opaque,1259,4000,0.025,6.0,,,0.025,0.0,0.0,0.7583333333333219,0.5854166666666673,,67.65,1.65,0.025,0.002483550174816628,6.0,67.65,6.0,,0.0,0.0,,,,,,,,,,
transfer,transfer,from_scratch_full_aassr,opaque_dependency_l6,tabular_online,evaluation_unseen_adaptation,opaque,1301,4000,0.1,6.0,,,0.1,0.0,0.0,0.7458333333333264,0.53125,,66.775,1.8,0.1,0.0025028532749347505,6.0,66.775,6.0,,0.0,0.0,,,,,,,,,,
transfer,transfer,from_scratch_full_aassr,opaque_dependency_l6,tabular_online,evaluation_unseen_adaptation,opaque,131,4000,0.05,6.0,,,0.05,0.0,0.0,0.7208333333333319,0.5833333333333286,,46.725,1.2,0.05,0.0021767258750405743,6.0,46.725,6.0,,0.0,0.0,,,,,,,,,,
transfer,transfer,from_scratch_full_aassr,opaque_dependency_l6,tabular_online,evaluation_unseen_adaptation,opaque,1361,4000,0.025,6.0,,,0.025,0.0,0.0,0.73333333333333,0.5440476190476213,,49.1,1.325,0.025,0.0021206127752157046,6.0,49.1,6.0,,0.0,0.0,,,,,,,,,,
transfer,transfer,from_scratch_full_aassr,opaque_dependency_l6,tabular_online,evaluation_unseen_adaptation,opaque,1423,4000,0.125,6.0,,,0.125,0.0,0.0,0.7625000000000023,0.548214285714286,,84.425,2.1,0.125,0.0028477437750916578,6.0,84.425,6.0,,0.0,0.0,,,,,,,,,,
transfer,transfer,from_scratch_full_aassr,opaque_dependency_l6,tabular_online,evaluation_unseen_adaptation,opaque,1481,4000,0.0,6.0,,,0.0,0.0,0.0,0.7624999999999956,0.5678571428571443,,71.325,1.8,0.0,0.0025835519000538625,6.0,71.325,6.0,,0.0,0.0,,,,,,,,,,
transfer,transfer,from_scratch_full_aassr,opaque_dependency_l6,tabular_online,evaluation_unseen_adaptation,opaque,1543,4000,0.05,6.0,,,0.05,0.0,0.0,0.7708333333333328,0.5583333333333342,,62.9,1.6,0.05,0.002363807574714883,6.0,62.9,6.0,,0.0,0.0,,,,,,,,,,
transfer,transfer,from_scratch_full_aassr,opaque_dependency_l6,tabular_online,evaluation_unseen_adaptation,opaque,1601,4000,0.125,6.0,,,0.125,0.0,0.0,0.72500000000001,0.5666666666666641,,84.425,2.1,0.125,0.002900842100381851,6.0,84.425,6.0,,0.0,0.0,,,,,,,,,,
transfer,transfer,from_scratch_full_aassr,opaque_dependency_l6,tabular_online,evaluation_unseen_adaptation,opaque,173,4000,0.025,6.0,,,0.025,0.0,0.0,0.7416666666666714,0.538214285714281,,51.725,1.45,0.025,0.0022787111249999727,6.0,51.725,6.0,,0.0,0.0,,,,,,,,,,
transfer,transfer,from_scratch_full_aassr,opaque_dependency_l6,tabular_online,evaluation_unseen_adaptation,opaque,211,4000,0.1,6.0,,,0.1,0.0,0.0,0.7791666666666672,0.5916666666666672,,83.025,2.1,0.1,0.0027878074747350184,6.0,83.025,6.0,,0.0,0.0,,,,,,,,,,
transfer,transfer,from_scratch_full_aassr,opaque_dependency_l6,tabular_online,evaluation_unseen_adaptation,opaque,257,4000,0.05,6.0,,,0.05,0.0,0.0,0.7416666666666519,0.5648015873015892,,86.9,2.25,0.05,0.0029017965497259864,6.0,86.9,6.0,,0.0,0.0,,,,,,,,,,
transfer,transfer,from_scratch_full_aassr,opaque_dependency_l6,tabular_online,evaluation_unseen_adaptation,opaque,307,4000,0.1,6.0,,,0.1,0.0,0.0,0.7541666666666726,0.5530844155844149,,66.275,1.775,0.1,0.0024398454750626116,6.0,66.275,6.0,,0.0,0.0,,,,,,,,,,
transfer,transfer,from_scratch_full_aassr,opaque_dependency_l6,tabular_online,evaluation_unseen_adaptation,opaque,353,4000,0.05,6.0,,,0.05,0.0,0.0,0.7708333333333371,0.5678571428571463,,52.2,1.35,0.05,0.002172867974884866,6.0,52.2,6.0,,0.0,0.0,,,,,,,,,,
transfer,transfer,from_scratch_full_aassr,opaque_dependency_l6,tabular_online,evaluation_unseen_adaptation,opaque,401,4000,0.025,6.0,,,0.025,0.0,0.0,0.708333333333339,0.5219047619047615,,93.625,2.55,0.025,0.0031070128249994014,6.0,93.625,6.0,,0.0,0.0,,,,,,,,,,
transfer,transfer,from_scratch_full_aassr,opaque_dependency_l6,tabular_online,evaluation_unseen_adaptation,opaque,457,4000,0.075,6.0,,,0.075,0.0,0.0,0.7666666666666704,0.5524999999999978,,75.2,1.9,0.075,0.0026814696750589065,6.0,75.2,6.0,,0.0,0.0,,,,,,,,,,
transfer,transfer,from_scratch_full_aassr,opaque_dependency_l6,tabular_online,evaluation_unseen_adaptation,opaque,503,4000,0.15,6.0,,,0.15,0.0,0.0,0.7291666666666681,0.5364130434782585,,73.675,2.075,0.15,0.0026773079751219483,6.0,73.675,6.0,,0.0,0.0,,,,,,,,,,
transfer,transfer,from_scratch_full_aassr,opaque_dependency_l6,tabular_online,evaluation_unseen_adaptation,opaque,557,4000,0.025,6.0,,,0.025,0.0,0.0,0.7458333333333377,0.5563492063492119,,46.725,1.2,0.025,0.0020869097748800413,6.0,46.725,6.0,,0.0,0.0,,,,,,,,,,
transfer,transfer,from_scratch_full_aassr,opaque_dependency_l6,tabular_online,evaluation_unseen_adaptation,opaque,601,4000,0.15,6.0,,,0.15,0.0,0.0,0.7666666666666778,0.5524999999999978,,67.65,1.65,0.15,0.0025099258502159503,6.0,67.65,6.0,,0.0,0.0,,,,,,,,,,
transfer,transfer,from_scratch_full_aassr,opaque_dependency_l6,tabular_online,evaluation_unseen_adaptation,opaque,659,4000,0.125,6.0,,,0.125,0.0,0.0,0.7333333333333394,0.5393939393939405,,46.75,1.325,0.125,0.002079718099717866,6.0,46.75,6.0,,0.0,0.0,,,,,,,,,,
transfer,transfer,from_scratch_full_aassr,opaque_dependency_l6,tabular_online,evaluation_unseen_adaptation,opaque,701,4000,0.05,6.0,,,0.05,0.0,0.0,0.720833333333328,0.5394444444444417,,88.925,2.225,0.05,0.002923597824847093,6.0,88.925,6.0,,0.0,0.0,,,,,,,,,,
transfer,transfer,from_scratch_full_aassr,opaque_dependency_l6,tabular_online,evaluation_unseen_adaptation,opaque,761,4000,0.1,6.0,,,0.1,0.0,0.0,0.7625000000000085,0.5845238095238046,,73.725,1.8,0.1,0.002645274350004911,6.0,73.725,6.0,,0.0,0.0,,,,,,,,,,
transfer,transfer,from_scratch_full_aassr,opaque_dependency_l6,tabular_online,evaluation_unseen_adaptation,opaque,809,4000,0.0,6.0,,,0.0,0.0,0.0,0.7666666666666713,0.564999999999999,,77.075,1.95,0.0,0.0026993886499476504,6.0,77.075,6.0,,0.0,0.0,,,,,,,,,,
transfer,transfer,from_scratch_full_aassr,opaque_dependency_l6,tabular_online,evaluation_unseen_adaptation,opaque,857,4000,0.025,6.0,,,0.025,0.0,0.0,0.7749999999999957,0.573333333333331,,67.65,1.65,0.025,0.002464786225420539,6.0,67.65,6.0,,0.0,0.0,,,,,,,,,,
transfer,transfer,from_scratch_full_aassr,opaque_dependency_l6,tabular_online,evaluation_unseen_adaptation,opaque,907,4000,0.1,6.0,,,0.1,0.0,0.0,0.7666666666666699,0.5829861111111114,,49.2,1.2,0.1,0.0021442409998635413,6.0,49.2,6.0,,0.0,0.0,,,,,,,,,,
transfer,transfer,from_scratch_full_aassr,opaque_dependency_l6,tabular_online,evaluation_unseen_adaptation,opaque,953,4000,0.1,6.0,,,0.1,0.0,0.0,0.7541666666666681,0.5875,,49.2,1.2,0.1,0.002096086750178074,6.0,49.2,6.0,,0.0,0.0,,,,,,,,,,
transfer,transfer,full_transfer,opaque_dependency_l6,tabular_online,adaptation,opaque,1009,680,0.060294117647058824,6.0,,,0.060294117647058824,0.0,0.0,0.8901960784313726,0.2450061274509804,0.0,92.08235294117647,4.647058823529412,0.060294117647058824,0.003520100588845226,6.0,92.08235294117647,6.0,,0.0,0.0,,,,,,,,,,
transfer,transfer,full_transfer,opaque_dependency_l6,tabular_online,adaptation,opaque,1061,680,0.0,6.0,,,0.0,0.0,0.0,0.9058823529411768,0.2444546568627451,7.659313725490196e-05,100.07941176470588,4.988235294117647,0.0,0.003656513529430787,6.0,100.07941176470588,6.0,,0.0,0.0,,,,,,,,,,
transfer,transfer,full_transfer,opaque_dependency_l6,tabular_online,adaptation,opaque,1103,680,0.4102941176470588,6.0,,,0.4102941176470588,0.0,0.0,0.8980392156862748,0.2453201593137255,0.0001225490196078431,92.70882352941176,4.767647058823529,0.4102941176470588,0.003533373087959583,6.0,92.70882352941176,6.0,,0.0,0.0,,,,,,,,,,
transfer,transfer,full_transfer,opaque_dependency_l6,tabular_online,adaptation,opaque,1151,680,0.057352941176470586,6.0,,,0.057352941176470586,0.0,0.0,0.9117647058823529,0.2486519607843137,0.00018382352941176462,124.32941176470588,5.235294117647059,0.057352941176470586,0.004232048970922787,6.0,124.32941176470588,6.0,,0.0,0.0,,,,,,,,,,
transfer,transfer,full_transfer,opaque_dependency_l6,tabular_online,adaptation,opaque,1201,680,0.0,6.0,,,0.0,0.0,0.0,0.905882352941177,0.2481464460784314,0.00011488970588235293,109.36470588235294,5.023529411764706,0.0,0.003953739853151252,6.0,109.36470588235294,6.0,,0.0,0.0,,,,,,,,,,
transfer,transfer,full_transfer,opaque_dependency_l6,tabular_online,adaptation,opaque,1259,680,0.1514705882352941,6.0,,,0.1514705882352941,0.0,0.0,0.896078431372549,0.2463388480392157,0.0,93.21176470588236,4.882352941176471,0.1514705882352941,0.0035575569121968275,6.0,93.21176470588236,6.0,,0.0,0.0,,,,,,,,,,
transfer,transfer,full_transfer,opaque_dependency_l6,tabular_online,adaptation,opaque,1301,680,0.2823529411764706,6.0,,,0.2823529411764706,0.0,0.0,0.9019607843137255,0.24675245098039214,0.0,95.45882352941176,4.776470588235294,0.2823529411764706,0.00359510617563501,6.0,95.45882352941176,6.0,,0.0,0.0,,,,,,,,,,
transfer,transfer,full_transfer,opaque_dependency_l6,tabular_online,adaptation,opaque,131,680,0.07352941176470588,6.0,,,0.07352941176470588,0.0,0.0,0.9117647058823529,0.24840686274509802,0.0,105.37647058823529,4.929411764705883,0.07352941176470588,0.0037719154412865037,6.0,105.37647058823529,6.0,,0.0,0.0,,,,,,,,,,
transfer,transfer,full_transfer,opaque_dependency_l6,tabular_online,adaptation,opaque,1361,680,0.07647058823529412,6.0,,,0.07647058823529412,0.0,0.0,0.9019607843137254,0.24650735294117643,0.00018382352941176462,99.61176470588235,4.882352941176471,0.07647058823529412,0.003682285883020514,6.0,99.61176470588235,6.0,,0.0,0.0,,,,,,,,,,
transfer,transfer,full_transfer,opaque_dependency_l6,tabular_online,adaptation,opaque,1423,680,0.0,6.0,,,0.0,0.0,0.0,0.8877450980392158,0.2426776960784314,0.0002450980392156862,78.2235294117647,4.329411764705882,0.0,0.003235889558966258,6.0,78.2235294117647,6.0,,0.0,0.0,,,,,,,,,,
transfer,transfer,full_transfer,opaque_dependency_l6,tabular_online,adaptation,opaque,1481,680,0.14558823529411766,6.0,,,0.14558823529411766,0.0,0.0,0.8901960784313726,0.2457720588235294,0.000306372549019608,103.65882352941176,4.847058823529411,0.14558823529411766,0.0037790663246329024,6.0,103.65882352941176,6.0,,0.0,0.0,,,,,,,,,,
transfer,transfer,full_transfer,opaque_dependency_l6,tabular_online,adaptation,opaque,1543,680,0.10882352941176471,6.0,,,0.10882352941176471,0.0,0.0,0.898529411764706,0.24456188725490197,0.00018382352941176462,82.71029411764705,4.882352941176471,0.10882352941176471,0.0033498011754144338,6.0,82.71029411764705,6.0,,0.0,0.0,,,,,,,,,,
transfer,transfer,full_transfer,opaque_dependency_l6,tabular_online,adaptation,opaque,1601,680,0.06323529411764706,6.0,,,0.06323529411764706,0.0,0.0,0.9117647058823531,0.24869791666666663,0.0,98.78382352941176,4.866176470588235,0.06323529411764706,0.0036760427940273933,6.0,98.78382352941176,6.0,,0.0,0.0,,,,,,,,,,
transfer,transfer,full_transfer,opaque_dependency_l6,tabular_online,adaptation,opaque,173,680,0.13676470588235295,6.0,,,0.13676470588235295,0.0,0.0,0.9137254901960783,0.2476102941176471,0.0,89.75294117647059,4.694117647058824,0.13676470588235295,0.0035948902944630177,6.0,89.75294117647059,6.0,,0.0,0.0,,,,,,,,,,
transfer,transfer,full_transfer,opaque_dependency_l6,tabular_online,adaptation,opaque,211,680,0.18529411764705883,6.0,,,0.18529411764705883,0.0,0.0,0.9058823529411765,0.24810049019607844,0.00018382352941176462,93.55294117647058,4.635294117647059,0.18529411764705883,0.0035106548527598052,6.0,93.55294117647058,6.0,,0.0,0.0,,,,,,,,,,
transfer,transfer,full_transfer,opaque_dependency_l6,tabular_online,adaptation,opaque,257,680,0.09117647058823529,6.0,,,0.09117647058823529,0.0,0.0,0.9093137254901965,0.24760263480392156,0.0,100.96323529411765,4.8,0.09117647058823529,0.0037530252935539465,6.0,100.96323529411765,6.0,,0.0,0.0,,,,,,,,,,
transfer,transfer,full_transfer,opaque_dependency_l6,tabular_online,adaptation,opaque,307,680,0.12941176470588237,6.0,,,0.12941176470588237,0.0,0.0,0.9117647058823529,0.24846813725490197,0.0,107.25882352941177,4.988235294117647,0.12941176470588237,0.003884946029403877,6.0,107.25882352941177,6.0,,0.0,0.0,,,,,,,,,,
transfer,transfer,full_transfer,opaque_dependency_l6,tabular_online,adaptation,opaque,353,680,0.07941176470588235,6.0,,,0.07941176470588235,0.0,0.0,0.9129901960784312,0.24835324754901963,7.659313725490196e-05,103.56764705882352,4.952941176470588,0.07941176470588235,0.003819808381761986,6.0,103.56764705882352,6.0,,0.0,0.0,,,,,,,,,,
transfer,transfer,full_transfer,opaque_dependency_l6,tabular_online,adaptation,opaque,401,680,0.12794117647058822,6.0,,,0.12794117647058822,0.0,0.0,0.9137254901960783,0.2473039215686275,0.0,91.65,4.929411764705883,0.12794117647058822,0.0034828579412800645,6.0,91.65,6.0,,0.0,0.0,,,,,,,,,,
transfer,transfer,full_transfer,opaque_dependency_l6,tabular_online,adaptation,opaque,457,680,0.07352941176470588,6.0,,,0.07352941176470588,0.0,0.0,0.9019607843137255,0.24687500000000004,0.0,85.47058823529412,4.811764705882353,0.07352941176470588,0.0033906374995507685,6.0,85.47058823529412,6.0,,0.0,0.0,,,,,,,,,,
transfer,transfer,full_transfer,opaque_dependency_l6,tabular_online,adaptation,opaque,503,680,0.0661764705882353,6.0,,,0.0661764705882353,0.0,0.0,0.9176470588235294,0.24901960784313726,0.0,99.25735294117646,4.882352941176471,0.0661764705882353,0.00368186779498287,6.0,99.25735294117646,6.0,,0.0,0.0,,,,,,,,,,
transfer,transfer,full_transfer,opaque_dependency_l6,tabular_online,adaptation,opaque,557,680,0.09852941176470588,6.0,,,0.09852941176470588,0.0,0.0,0.9029411764705884,0.24590992647058826,0.0,93.42647058823529,4.633823529411765,0.09852941176470588,0.00360477514734478,6.0,93.42647058823529,6.0,,0.0,0.0,,,,,,,,,,
transfer,transfer,full_transfer,opaque_dependency_l6,tabular_online,adaptation,opaque,601,680,0.027941176470588237,6.0,,,0.027941176470588237,0.0,0.0,0.9137254901960783,0.24644607843137253,0.0001225490196078431,97.63529411764706,4.988235294117647,0.027941176470588237,0.0037745666177001753,6.0,97.63529411764706,6.0,,0.0,0.0,,,,,,,,,,
transfer,transfer,full_transfer,opaque_dependency_l6,tabular_online,adaptation,opaque,659,680,0.14558823529411766,6.0,,,0.14558823529411766,0.0,0.0,0.8963235294117649,0.24597120098039219,0.00018382352941176462,98.62794117647059,4.988235294117647,0.14558823529411766,0.003707511911959634,6.0,98.62794117647059,6.0,,0.0,0.0,,,,,,,,,,
transfer,transfer,full_transfer,opaque_dependency_l6,tabular_online,adaptation,opaque,701,680,0.060294117647058824,6.0,,,0.060294117647058824,0.0,0.0,0.9039215686274509,0.24589460784313727,0.0,92.4235294117647,4.788235294117647,0.060294117647058824,0.0036874776473268867,6.0,92.4235294117647,6.0,,0.0,0.0,,,,,,,,,,
transfer,transfer,full_transfer,opaque_dependency_l6,tabular_online,adaptation,opaque,761,680,0.1,6.0,,,0.1,0.0,0.0,0.9137254901960783,0.24779411764705886,0.0001225490196078431,91.44705882352942,4.741176470588235,0.1,0.003693907499238027,6.0,91.44705882352942,6.0,,0.0,0.0,,,,,,,,,,
transfer,transfer,full_transfer,opaque_dependency_l6,tabular_online,adaptation,opaque,809,680,0.10735294117647058,6.0,,,0.10735294117647058,0.0,0.0,0.9117647058823529,0.2486519607843137,0.00018382352941176462,119.70588235294117,5.129411764705883,0.10735294117647058,0.004180075147451135,6.0,119.70588235294117,6.0,,0.0,0.0,,,,,,,,,,
transfer,transfer,full_transfer,opaque_dependency_l6,tabular_online,adaptation,opaque,857,680,0.22058823529411764,6.0,,,0.22058823529411764,0.0,0.0,0.8870098039215687,0.24622395833333333,0.0003676470588235297,92.04705882352941,4.729411764705882,0.22058823529411764,0.0035315042643667446,6.0,92.04705882352941,6.0,,0.0,0.0,,,,,,,,,,
transfer,transfer,full_transfer,opaque_dependency_l6,tabular_online,adaptation,opaque,907,680,0.03823529411764706,6.0,,,0.03823529411764706,0.0,0.0,0.9176470588235294,0.24901960784313726,0.0,98.14117647058823,4.894117647058824,0.03823529411764706,0.003662360294316279,6.0,98.14117647058823,6.0,,0.0,0.0,,,,,,,,,,
transfer,transfer,full_transfer,opaque_dependency_l6,tabular_online,adaptation,opaque,953,680,0.014705882352941176,6.0,,,0.014705882352941176,0.0,0.0,0.9117647058823529,0.24846813725490197,0.0,118.0,5.141176470588236,0.014705882352941176,0.004190004558596925,6.0,118.0,6.0,,0.0,0.0,,,,,,,,,,
transfer,transfer,full_transfer,opaque_dependency_l6,tabular_online,evaluation_unseen_adaptation,opaque,1009,4000,0.025,6.0,,,0.025,0.0,0.0,0.733333333333331,0.975,,26.2,1.2,0.025,0.0031348299746605333,6.0,26.2,6.0,,0.0,0.0,,,,,,,,,,
transfer,transfer,full_transfer,opaque_dependency_l6,tabular_online,evaluation_unseen_adaptation,opaque,1061,4000,0.0,6.0,,,0.0,0.0,0.0,0.8,0.9875,,98.4,2.4,0.0,0.004613141825022467,6.0,98.4,6.0,,0.0,0.0,,,,,,,,,,
transfer,transfer,full_transfer,opaque_dependency_l6,tabular_online,evaluation_unseen_adaptation,opaque,1103,4000,0.3,6.0,,,0.3,0.0,0.0,0.7458333333333368,0.9765625,,24.15,1.2,0.3,0.0030821136745944385,6.0,24.15,6.0,,0.0,0.0,,,,,,,,,,
transfer,transfer,full_transfer,opaque_dependency_l6,tabular_online,evaluation_unseen_adaptation,opaque,1151,4000,0.05,6.0,,,0.05,0.0,0.0,0.766666666666669,0.99375,,147.6,3.6,0.05,0.005746120425093977,6.0,147.6,6.0,,0.0,0.0,,,,,,,,,,
transfer,transfer,full_transfer,opaque_dependency_l6,tabular_online,evaluation_unseen_adaptation,opaque,1201,4000,0.0,6.0,,,0.0,0.0,0.0,0.8,1.0,,98.4,2.4,0.0,0.004687359649935388,6.0,98.4,6.0,,0.0,0.0,,,,,,,,,,
transfer,transfer,full_transfer,opaque_dependency_l6,tabular_online,evaluation_unseen_adaptation,opaque,1259,4000,0.1,6.0,,,0.1,0.0,0.0,0.7,0.96875,,85.0,2.4,0.1,0.004388366099832638,6.0,85.0,6.0,,0.0,0.0,,,,,,,,,,
transfer,transfer,full_transfer,opaque_dependency_l6,tabular_online,evaluation_unseen_adaptation,opaque,1301,4000,0.2,6.0,,,0.2,0.0,0.0,0.7,0.975,,73.0,2.2,0.2,0.00412084499996854,6.0,73.0,6.0,,0.0,0.0,,,,,,,,,,
transfer,transfer,full_transfer,opaque_dependency_l6,tabular_online,evaluation_unseen_adaptation,opaque,131,4000,0.05,6.0,,,0.05,0.0,0.0,0.766666666666669,0.99375,,98.4,2.4,0.05,0.00463910874989233,6.0,98.4,6.0,,0.0,0.0,,,,,,,,,,
transfer,transfer,full_transfer,opaque_dependency_l6,tabular_online,evaluation_unseen_adaptation,opaque,1361,4000,0.05,6.0,,,0.05,0.0,0.0,0.766666666666669,0.98125,,49.2,1.2,0.05,0.0035969392501865515,6.0,49.2,6.0,,0.0,0.0,,,,,,,,,,
transfer,transfer,full_transfer,opaque_dependency_l6,tabular_online,evaluation_unseen_adaptation,opaque,1423,4000,0.0,6.0,,,0.0,0.0,0.0,0.766666666666669,0.96875,,0.0,0.0,0.0,0.00254230204999476,6.0,0.0,6.0,,0.0,0.0,,,,,,,,,,
transfer,transfer,full_transfer,opaque_dependency_l6,tabular_online,evaluation_unseen_adaptation,opaque,1481,4000,0.1,6.0,,,0.1,0.0,0.0,0.7,0.975,,49.2,1.2,0.1,0.003597254474982037,6.0,49.2,6.0,,0.0,0.0,,,,,,,,,,
transfer,transfer,full_transfer,opaque_dependency_l6,tabular_online,evaluation_unseen_adaptation,opaque,1543,4000,0.1,6.0,,,0.1,0.0,0.0,0.733333333333331,0.9734375,,62.325,2.4,0.1,0.0039195088248307,6.0,62.325,6.0,,0.0,0.0,,,,,,,,,,
transfer,transfer,full_transfer,opaque_dependency_l6,tabular_online,evaluation_unseen_adaptation,opaque,1601,4000,0.05,6.0,,,0.05,0.0,0.0,0.8,1.0,,0.0,0.0,0.05,0.0025477522749060883,6.0,0.0,6.0,,0.0,0.0,,,,,,,,,,
transfer,transfer,full_transfer,opaque_dependency_l6,tabular_online,evaluation_unseen_adaptation,opaque,173,4000,0.075,6.0,,,0.075,0.0,0.0,0.8,0.99375,,73.0,2.2,0.075,0.004198631950130221,6.0,73.0,6.0,,0.0,0.0,,,,,,,,,,
transfer,transfer,full_transfer,opaque_dependency_l6,tabular_online,evaluation_unseen_adaptation,opaque,211,4000,0.1,6.0,,,0.1,0.0,0.0,0.8,1.0,,49.2,1.2,0.1,0.0035620765251442206,6.0,49.2,6.0,,0.0,0.0,,,,,,,,,,
transfer,transfer,full_transfer,opaque_dependency_l6,tabular_online,evaluation_unseen_adaptation,opaque,257,4000,0.05,6.0,,,0.05,0.0,0.0,0.766666666666669,0.98984375,,0.0,0.0,0.05,0.002607227600281476,6.0,0.0,6.0,,0.0,0.0,,,,,,,,,,
transfer,transfer,full_transfer,opaque_dependency_l6,tabular_online,evaluation_unseen_adaptation,opaque,307,4000,0.075,6.0,,,0.075,0.0,0.0,0.766666666666669,0.99375,,98.4,2.4,0.075,0.004644629674905446,6.0,98.4,6.0,,0.0,0.0,,,,,,,,,,
transfer,transfer,full_transfer,opaque_dependency_l6,tabular_online,evaluation_unseen_adaptation,opaque,353,4000,0.05,6.0,,,0.05,0.0,0.0,0.8,0.99609375,,98.4,2.4,0.05,0.0047108814747916766,6.0,98.4,6.0,,0.0,0.0,,,,,,,,,,
transfer,transfer,full_transfer,opaque_dependency_l6,tabular_online,evaluation_unseen_adaptation,opaque,401,4000,0.075,6.0,,,0.075,0.0,0.0,0.8,0.99375,,0.0,0.0,0.075,0.0025484429497810196,6.0,0.0,6.0,,0.0,0.0,,,,,,,,,,
transfer,transfer,full_transfer,opaque_dependency_l6,tabular_online,evaluation_unseen_adaptation,opaque,457,4000,0.05,6.0,,,0.05,0.0,0.0,0.7,0.975,,35.8,1.2,0.05,0.003338961200257472,6.0,35.8,6.0,,0.0,0.0,,,,,,,,,,
transfer,transfer,full_transfer,opaque_dependency_l6,tabular_online,evaluation_unseen_adaptation,opaque,503,4000,0.05,6.0,,,0.05,0.0,0.0,0.8,1.0,,49.2,1.2,0.05,0.0036061498503622714,6.0,49.2,6.0,,0.0,0.0,,,,,,,,,,
transfer,transfer,full_transfer,opaque_dependency_l6,tabular_online,evaluation_unseen_adaptation,opaque,557,4000,0.075,6.0,,,0.075,0.0,0.0,0.766666666666669,0.984375,,67.2,2.175,0.075,0.004024616674949357,6.0,67.2,6.0,,0.0,0.0,,,,,,,,,,
transfer,transfer,full_transfer,opaque_dependency_l6,tabular_online,evaluation_unseen_adaptation,opaque,601,4000,0.025,6.0,,,0.025,0.0,0.0,0.8,0.99375,,127.8,3.6,0.025,0.005369549899834965,6.0,127.8,6.0,,0.0,0.0,,,,,,,,,,
transfer,transfer,full_transfer,opaque_dependency_l6,tabular_online,evaluation_unseen_adaptation,opaque,659,4000,0.1,6.0,,,0.1,0.0,0.0,0.733333333333331,0.98046875,,95.925,2.4,0.1,0.004597681575156457,6.0,95.925,6.0,,0.0,0.0,,,,,,,,,,
transfer,transfer,full_transfer,opaque_dependency_l6,tabular_online,evaluation_unseen_adaptation,opaque,701,4000,0.025,6.0,,,0.025,0.0,0.0,0.766666666666669,0.9875,,49.2,1.2,0.025,0.0037576153248010087,6.0,49.2,6.0,,0.0,0.0,,,,,,,,,,
transfer,transfer,full_transfer,opaque_dependency_l6,tabular_online,evaluation_unseen_adaptation,opaque,761,4000,0.075,6.0,,,0.075,0.0,0.0,0.8,0.99375,,73.8,2.4,0.075,0.004331234424600552,6.0,73.8,6.0,,0.0,0.0,,,,,,,,,,
transfer,transfer,full_transfer,opaque_dependency_l6,tabular_online,evaluation_unseen_adaptation,opaque,809,4000,0.075,6.0,,,0.075,0.0,0.0,0.766666666666669,0.99375,,147.6,3.6,0.075,0.005748246950017346,6.0,147.6,6.0,,0.0,0.0,,,,,,,,,,
transfer,transfer,full_transfer,opaque_dependency_l6,tabular_online,evaluation_unseen_adaptation,opaque,857,4000,0.15,6.0,,,0.15,0.0,0.0,0.733333333333331,0.98359375,,86.025,2.4,0.15,0.004401078450195201,6.0,86.025,6.0,,0.0,0.0,,,,,,,,,,
transfer,transfer,full_transfer,opaque_dependency_l6,tabular_online,evaluation_unseen_adaptation,opaque,907,4000,0.025,6.0,,,0.025,0.0,0.0,0.8,1.0,,49.2,1.2,0.025,0.003575040425195766,6.0,49.2,6.0,,0.0,0.0,,,,,,,,,,
transfer,transfer,full_transfer,opaque_dependency_l6,tabular_online,evaluation_unseen_adaptation,opaque,953,4000,0.025,6.0,,,0.025,0.0,0.0,0.766666666666669,0.99375,,147.6,3.6,0.025,0.005834844600343786,6.0,147.6,6.0,,0.0,0.0,,,,,,,,,,
transfer,transfer,policy_reset_effect_retained,opaque_dependency_l6,tabular_online,adaptation,opaque,1009,680,0.060294117647058824,6.0,,,0.060294117647058824,0.0,0.0,0.9044117647058824,0.21864659509880102,0.0004971988795518207,100.03676470588235,4.817647058823529,0.060294117647058824,0.003327146765685243,6.0,100.03676470588235,6.0,,0.0,0.0,,,,,,,,,,
transfer,transfer,policy_reset_effect_retained,opaque_dependency_l6,tabular_online,adaptation,opaque,1061,680,0.0,6.0,,,0.0,0.0,0.0,0.9031862745098037,0.2202186018248666,0.0010484703915010821,105.33529411764705,4.973529411764706,0.0,0.00346885926410323,6.0,105.33529411764705,6.0,,0.0,0.0,,,,,,,,,,
transfer,transfer,policy_reset_effect_retained,opaque_dependency_l6,tabular_online,adaptation,opaque,1103,680,0.26323529411764707,6.0,,,0.26323529411764707,0.0,0.0,0.8992647058823527,0.21525274746079223,0.00036968954248366013,89.27058823529411,4.773529411764706,0.26323529411764707,0.0031946389700084074,6.0,89.27058823529411,6.0,,0.0,0.0,,,,,,,,,,
transfer,transfer,policy_reset_effect_retained,opaque_dependency_l6,tabular_online,adaptation,opaque,1151,680,0.057352941176470586,6.0,,,0.057352941176470586,0.0,0.0,0.9009803921568625,0.2211974436239142,0.0008578431372549021,116.24558823529412,5.067647058823529,0.057352941176470586,0.003645955441136132,6.0,116.24558823529412,6.0,,0.0,0.0,,,,,,,,,,
transfer,transfer,policy_reset_effect_retained,opaque_dependency_l6,tabular_online,adaptation,opaque,1201,680,0.14705882352941177,6.0,,,0.14705882352941177,0.0,0.0,0.9009803921568625,0.2226003204312028,0.001521358543417366,108.1735294117647,4.988235294117647,0.14705882352941177,0.0034533076468933896,6.0,108.1735294117647,6.0,,0.0,0.0,,,,,,,,,,
transfer,transfer,policy_reset_effect_retained,opaque_dependency_l6,tabular_online,adaptation,opaque,1259,680,0.1514705882352941,6.0,,,0.1514705882352941,0.0,0.0,0.9058823529411766,0.2116145701774318,0.0009270223240811476,79.39411764705882,4.633823529411765,0.1514705882352941,0.0028566826476034133,6.0,79.39411764705882,6.0,,0.0,0.0,,,,,,,,,,
transfer,transfer,policy_reset_effect_retained,opaque_dependency_l6,tabular_online,adaptation,opaque,1301,680,0.35,6.0,,,0.35,0.0,0.0,0.9002450980392153,0.2181790241349066,0.00043262497306614946,99.23088235294118,4.902941176470589,0.35,0.0033918689712556763,6.0,99.23088235294118,6.0,,0.0,0.0,,,,,,,,,,
transfer,transfer,policy_reset_effect_retained,opaque_dependency_l6,tabular_online,adaptation,opaque,131,680,0.07352941176470588,6.0,,,0.07352941176470588,0.0,0.0,0.8977941176470589,0.2191232487556017,0.0009558823529411765,98.71470588235294,4.847058823529411,0.07352941176470588,0.00328586176452946,6.0,98.71470588235294,6.0,,0.0,0.0,,,,,,,,,,
transfer,transfer,policy_reset_effect_retained,opaque_dependency_l6,tabular_online,adaptation,opaque,1361,680,0.07647058823529412,6.0,,,0.07647058823529412,0.0,0.0,0.9017156862745099,0.21723447712418295,0.00046218487394957984,103.75588235294117,4.873529411764705,0.07647058823529412,0.00336113941110157,6.0,103.75588235294117,6.0,,0.0,0.0,,,,,,,,,,
transfer,transfer,policy_reset_effect_retained,opaque_dependency_l6,tabular_online,adaptation,opaque,1423,680,0.07794117647058824,6.0,,,0.07794117647058824,0.0,0.0,0.9061274509803919,0.21538809694086505,0.00024159663865546218,90.11029411764706,4.730882352941176,0.07794117647058824,0.003176188823999837,6.0,90.11029411764706,6.0,,0.0,0.0,,,,,,,,,,
transfer,transfer,policy_reset_effect_retained,opaque_dependency_l6,tabular_online,adaptation,opaque,1481,680,0.0,6.0,,,0.0,0.0,0.0,0.9058823529411762,0.21831835511982575,0.0004133597883597884,104.92794117647058,4.897058823529412,0.0,0.0033867647060319807,6.0,104.92794117647058,6.0,,0.0,0.0,,,,,,,,,,
transfer,transfer,policy_reset_effect_retained,opaque_dependency_l6,tabular_online,adaptation,opaque,1543,680,0.022058823529411766,6.0,,,0.022058823529411766,0.0,0.0,0.9090686274509804,0.21623054777466544,0.0001770152505446623,97.46911764705882,4.858823529411764,0.022058823529411766,0.0033042724998856156,6.0,97.46911764705882,6.0,,0.0,0.0,,,,,,,,,,
transfer,transfer,policy_reset_effect_retained,opaque_dependency_l6,tabular_online,adaptation,opaque,1601,680,0.14705882352941177,6.0,,,0.14705882352941177,0.0,0.0,0.8982843137254899,0.22028478057889825,0.00022759103641456589,96.12352941176471,4.8,0.14705882352941177,0.003197866029522094,6.0,96.12352941176471,6.0,,0.0,0.0,,,,,,,,,,
transfer,transfer,policy_reset_effect_retained,opaque_dependency_l6,tabular_online,adaptation,opaque,173,680,0.16911764705882354,6.0,,,0.16911764705882354,0.0,0.0,0.8992647058823533,0.2154586725910256,0.0010957139265962794,95.71617647058824,4.854411764705882,0.16911764705882354,0.0031953176469388007,6.0,95.71617647058824,6.0,,0.0,0.0,,,,,,,,,,
transfer,transfer,policy_reset_effect_retained,opaque_dependency_l6,tabular_online,adaptation,opaque,211,680,0.14411764705882352,6.0,,,0.14411764705882352,0.0,0.0,0.9058823529411762,0.22218779178337988,0.0008403361344537817,96.24852941176471,4.757352941176471,0.14411764705882352,0.003226971765209729,6.0,96.24852941176471,6.0,,0.0,0.0,,,,,,,,,,
transfer,transfer,policy_reset_effect_retained,opaque_dependency_l6,tabular_online,adaptation,opaque,257,680,0.09117647058823529,6.0,,,0.09117647058823529,0.0,0.0,0.9004901960784313,0.21929212271772822,0.0006442577030812326,100.94852941176471,4.852941176470588,0.09117647058823529,0.003307232940920478,6.0,100.94852941176471,6.0,,0.0,0.0,,,,,,,,,,
transfer,transfer,policy_reset_effect_retained,opaque_dependency_l6,tabular_online,adaptation,opaque,307,680,0.12941176470588237,6.0,,,0.12941176470588237,0.0,0.0,0.907107843137255,0.2191838567206215,0.0004734848484848485,100.99852941176471,4.9,0.12941176470588237,0.0032991822061269297,6.0,100.99852941176471,6.0,,0.0,0.0,,,,,,,,,,
transfer,transfer,policy_reset_effect_retained,opaque_dependency_l6,tabular_online,adaptation,opaque,353,680,0.07058823529411765,6.0,,,0.07058823529411765,0.0,0.0,0.9058823529411762,0.22242763772175544,0.0009173669467787115,103.86617647058823,4.870588235294117,0.07058823529411765,0.0034296644117549637,6.0,103.86617647058823,6.0,,0.0,0.0,,,,,,,,,,
transfer,transfer,policy_reset_effect_retained,opaque_dependency_l6,tabular_online,adaptation,opaque,401,680,0.05588235294117647,6.0,,,0.05588235294117647,0.0,0.0,0.8958333333333329,0.21086434514959604,0.0006930406195112078,86.57794117647059,4.655882352941177,0.05588235294117647,0.0030019966183531593,6.0,86.57794117647059,6.0,,0.0,0.0,,,,,,,,,,
transfer,transfer,policy_reset_effect_retained,opaque_dependency_l6,tabular_online,adaptation,opaque,457,680,0.18823529411764706,6.0,,,0.18823529411764706,0.0,0.0,0.9039215686274509,0.22050364940070827,0.0010049019607843138,84.03382352941176,4.713235294117647,0.18823529411764706,0.0029908344115777735,6.0,84.03382352941176,6.0,,0.0,0.0,,,,,,,,,,
transfer,transfer,policy_reset_effect_retained,opaque_dependency_l6,tabular_online,adaptation,opaque,503,680,0.0661764705882353,6.0,,,0.0661764705882353,0.0,0.0,0.8985294117647059,0.22041675508587275,0.0004153050108932461,96.15,4.8352941176470585,0.0661764705882353,0.0033360097061685178,6.0,96.15,6.0,,0.0,0.0,,,,,,,,,,
transfer,transfer,policy_reset_effect_retained,opaque_dependency_l6,tabular_online,adaptation,opaque,557,680,0.09852941176470588,6.0,,,0.09852941176470588,0.0,0.0,0.8987745098039214,0.21833007448312755,0.00045518207282913166,99.34411764705882,4.866176470588235,0.09852941176470588,0.003278484706371434,6.0,99.34411764705882,6.0,,0.0,0.0,,,,,,,,,,
transfer,transfer,policy_reset_effect_retained,opaque_dependency_l6,tabular_online,adaptation,opaque,601,680,0.0,6.0,,,0.0,0.0,0.0,0.9039215686274509,0.21131084550924972,0.00020653114186851206,91.87352941176471,4.761764705882353,0.0,0.003104852205262218,6.0,91.87352941176471,6.0,,0.0,0.0,,,,,,,,,,
transfer,transfer,policy_reset_effect_retained,opaque_dependency_l6,tabular_online,adaptation,opaque,659,680,0.10882352941176471,6.0,,,0.10882352941176471,0.0,0.0,0.9002450980392156,0.2175327808905989,0.0006372549019607842,98.04411764705883,4.875,0.10882352941176471,0.003230582940801362,6.0,98.04411764705883,6.0,,0.0,0.0,,,,,,,,,,
transfer,transfer,policy_reset_effect_retained,opaque_dependency_l6,tabular_online,adaptation,opaque,701,680,0.12058823529411765,6.0,,,0.12058823529411765,0.0,0.0,0.8985294117647059,0.213053620356252,0.000600118835412953,88.58382352941176,4.75,0.12058823529411765,0.0031152951472904534,6.0,88.58382352941176,6.0,,0.0,0.0,,,,,,,,,,
transfer,transfer,policy_reset_effect_retained,opaque_dependency_l6,tabular_online,adaptation,opaque,761,680,0.0029411764705882353,6.0,,,0.0029411764705882353,0.0,0.0,0.910294117647059,0.22219192572133756,0.00015950824774354193,96.39264705882353,4.882352941176471,0.0029411764705882353,0.003234810881814851,6.0,96.39264705882353,6.0,,0.0,0.0,,,,,,,,,,
transfer,transfer,policy_reset_effect_retained,opaque_dependency_l6,tabular_online,adaptation,opaque,809,680,0.10735294117647058,6.0,,,0.10735294117647058,0.0,0.0,0.9026960784313722,0.21940812183459232,0.0008823529411764705,115.01764705882353,5.0132352941176475,0.10735294117647058,0.0036188069117676657,6.0,115.01764705882353,6.0,,0.0,0.0,,,,,,,,,,
transfer,transfer,policy_reset_effect_retained,opaque_dependency_l6,tabular_online,adaptation,opaque,857,680,0.2088235294117647,6.0,,,0.2088235294117647,0.0,0.0,0.9078431372549021,0.22134978991596654,0.0003676470588235294,98.17941176470588,4.8882352941176475,0.2088235294117647,0.0032165045582480483,6.0,98.17941176470588,6.0,,0.0,0.0,,,,,,,,,,
transfer,transfer,policy_reset_effect_retained,opaque_dependency_l6,tabular_online,adaptation,opaque,907,680,0.03823529411764706,6.0,,,0.03823529411764706,0.0,0.0,0.9071078431372548,0.21653164441767384,0.0001458916900093371,87.45588235294117,4.776470588235294,0.03823529411764706,0.0030084355875955866,6.0,87.45588235294117,6.0,,0.0,0.0,,,,,,,,,,
transfer,transfer,policy_reset_effect_retained,opaque_dependency_l6,tabular_online,adaptation,opaque,953,680,0.014705882352941176,6.0,,,0.014705882352941176,0.0,0.0,0.9029411764705884,0.22272812155165087,0.000494281045751634,114.775,5.088235294117647,0.014705882352941176,0.003577663970431518,6.0,114.775,6.0,,0.0,0.0,,,,,,,,,,
transfer,transfer,policy_reset_effect_retained,opaque_dependency_l6,tabular_online,evaluation_unseen_adaptation,opaque,1009,4000,0.025,6.0,,,0.025,0.0,0.0,0.7624999999999982,0.5406249999999989,,37.2,1.15,0.025,0.0019117117752757622,6.0,37.2,6.0,,0.0,0.0,,,,,,,,,,
transfer,transfer,policy_reset_effect_retained,opaque_dependency_l6,tabular_online,evaluation_unseen_adaptation,opaque,1061,4000,0.0,6.0,,,0.0,0.0,0.0,0.745833333333331,0.5693055555555584,,98.4,2.4,0.0,0.00319874305040139,6.0,98.4,6.0,,0.0,0.0,,,,,,,,,,
transfer,transfer,policy_reset_effect_retained,opaque_dependency_l6,tabular_online,evaluation_unseen_adaptation,opaque,1103,4000,0.2,6.0,,,0.2,0.0,0.0,0.7708333333333321,0.5454960317460319,,26.5,1.15,0.2,0.001783952225057874,6.0,26.5,6.0,,0.0,0.0,,,,,,,,,,
transfer,transfer,policy_reset_effect_retained,opaque_dependency_l6,tabular_online,evaluation_unseen_adaptation,opaque,1151,4000,0.05,6.0,,,0.05,0.0,0.0,0.745833333333329,0.5673809523809495,,138.0,3.525,0.05,0.004052531149987772,6.0,138.0,6.0,,0.0,0.0,,,,,,,,,,
transfer,transfer,policy_reset_effect_retained,opaque_dependency_l6,tabular_online,evaluation_unseen_adaptation,opaque,1201,4000,0.1,6.0,,,0.1,0.0,0.0,0.754166666666668,0.5791666666666672,,93.05,2.4,0.1,0.0030364272500082736,6.0,93.05,6.0,,0.0,0.0,,,,,,,,,,
transfer,transfer,policy_reset_effect_retained,opaque_dependency_l6,tabular_online,evaluation_unseen_adaptation,opaque,1259,4000,0.1,6.0,,,0.1,0.0,0.0,0.7666666666666704,0.5406076388888887,,73.775,2.35,0.1,0.002645483025306021,6.0,73.775,6.0,,0.0,0.0,,,,,,,,,,
transfer,transfer,policy_reset_effect_retained,opaque_dependency_l6,tabular_online,evaluation_unseen_adaptation,opaque,1301,4000,0.275,6.0,,,0.275,0.0,0.0,0.7499999999999978,0.5212500000000005,,90.775,2.4,0.275,0.003132438899796398,6.0,90.775,6.0,,0.0,0.0,,,,,,,,,,
transfer,transfer,policy_reset_effect_retained,opaque_dependency_l6,tabular_online,evaluation_unseen_adaptation,opaque,131,4000,0.05,6.0,,,0.05,0.0,0.0,0.7333333333333376,0.5561904761904732,,98.4,2.4,0.05,0.003260644924994267,6.0,98.4,6.0,,0.0,0.0,,,,,,,,,,
transfer,transfer,policy_reset_effect_retained,opaque_dependency_l6,tabular_online,evaluation_unseen_adaptation,opaque,1361,4000,0.05,6.0,,,0.05,0.0,0.0,0.7416666666666643,0.5404761904761936,,49.2,1.2,0.05,0.0020835899749727105,6.0,49.2,6.0,,0.0,0.0,,,,,,,,,,
transfer,transfer,policy_reset_effect_retained,opaque_dependency_l6,tabular_online,evaluation_unseen_adaptation,opaque,1423,4000,0.05,6.0,,,0.05,0.0,0.0,0.7625000000000023,0.5405357142857156,,0.0,0.0,0.05,0.0010867509499803418,6.0,0.0,6.0,,0.0,0.0,,,,,,,,,,
transfer,transfer,policy_reset_effect_retained,opaque_dependency_l6,tabular_online,evaluation_unseen_adaptation,opaque,1481,4000,0.0,6.0,,,0.0,0.0,0.0,0.7666666666666615,0.549880952380951,,49.2,1.2,0.0,0.0021028026998828864,6.0,49.2,6.0,,0.0,0.0,,,,,,,,,,
transfer,transfer,policy_reset_effect_retained,opaque_dependency_l6,tabular_online,evaluation_unseen_adaptation,opaque,1543,4000,0.05,6.0,,,0.05,0.0,0.0,0.7791666666666616,0.5312499999999987,,82.075,2.35,0.05,0.0028799027503628167,6.0,82.075,6.0,,0.0,0.0,,,,,,,,,,
transfer,transfer,policy_reset_effect_retained,opaque_dependency_l6,tabular_online,evaluation_unseen_adaptation,opaque,1601,4000,0.125,6.0,,,0.125,0.0,0.0,0.72500000000001,0.5666666666666641,,0.0,0.0,0.125,0.0010698232997310697,6.0,0.0,6.0,,0.0,0.0,,,,,,,,,,
transfer,transfer,policy_reset_effect_retained,opaque_dependency_l6,tabular_online,evaluation_unseen_adaptation,opaque,173,4000,0.1,6.0,,,0.1,0.0,0.0,0.7583333333333343,0.5341071428571468,,80.15,2.375,0.1,0.0028156813253663133,6.0,80.15,6.0,,0.0,0.0,,,,,,,,,,
transfer,transfer,policy_reset_effect_retained,opaque_dependency_l6,tabular_online,evaluation_unseen_adaptation,opaque,211,4000,0.1,6.0,,,0.1,0.0,0.0,0.7833333333333358,0.5875,,49.2,1.2,0.1,0.0020977444501040737,6.0,49.2,6.0,,0.0,0.0,,,,,,,,,,
transfer,transfer,policy_reset_effect_retained,opaque_dependency_l6,tabular_online,evaluation_unseen_adaptation,opaque,257,4000,0.05,6.0,,,0.05,0.0,0.0,0.7499999999999891,0.5486904761904768,,0.0,0.0,0.05,0.0011169540245900861,6.0,0.0,6.0,,0.0,0.0,,,,,,,,,,
transfer,transfer,policy_reset_effect_retained,opaque_dependency_l6,tabular_online,evaluation_unseen_adaptation,opaque,307,4000,0.075,6.0,,,0.075,0.0,0.0,0.7666666666666747,0.5449999999999988,,98.4,2.4,0.075,0.0034693321497979925,6.0,98.4,6.0,,0.0,0.0,,,,,,,,,,
transfer,transfer,policy_reset_effect_retained,opaque_dependency_l6,tabular_online,evaluation_unseen_adaptation,opaque,353,4000,0.05,6.0,,,0.05,0.0,0.0,0.7791666666666716,0.5678571428571463,,98.4,2.4,0.05,0.0032506554249775946,6.0,98.4,6.0,,0.0,0.0,,,,,,,,,,
transfer,transfer,policy_reset_effect_retained,opaque_dependency_l6,tabular_online,evaluation_unseen_adaptation,opaque,401,4000,0.025,6.0,,,0.025,0.0,0.0,0.7499999999999996,0.5210714285714321,,0.0,0.0,0.025,0.0010829707501179655,6.0,0.0,6.0,,0.0,0.0,,,,,,,,,,
transfer,transfer,policy_reset_effect_retained,opaque_dependency_l6,tabular_online,evaluation_unseen_adaptation,opaque,457,4000,0.125,6.0,,,0.125,0.0,0.0,0.7708333333333333,0.5524999999999978,,40.5,1.15,0.125,0.0019769251999241532,6.0,40.5,6.0,,0.0,0.0,,,,,,,,,,
transfer,transfer,policy_reset_effect_retained,opaque_dependency_l6,tabular_online,evaluation_unseen_adaptation,opaque,503,4000,0.05,6.0,,,0.05,0.0,0.0,0.7291666666666681,0.5416666666666647,,49.2,1.2,0.05,0.002229691675005597,6.0,49.2,6.0,,0.0,0.0,,,,,,,,,,
transfer,transfer,policy_reset_effect_retained,opaque_dependency_l6,tabular_online,evaluation_unseen_adaptation,opaque,557,4000,0.075,6.0,,,0.075,0.0,0.0,0.7500000000000017,0.5517335004177127,,78.85,2.35,0.075,0.0027698945250594987,6.0,78.85,6.0,,0.0,0.0,,,,,,,,,,
transfer,transfer,policy_reset_effect_retained,opaque_dependency_l6,tabular_online,evaluation_unseen_adaptation,opaque,601,4000,0.0,6.0,,,0.0,0.0,0.0,0.7791666666666741,0.5302916666666628,,117.7,3.45,0.0,0.003578177775052609,6.0,117.7,6.0,,0.0,0.0,,,,,,,,,,
transfer,transfer,policy_reset_effect_retained,opaque_dependency_l6,tabular_online,evaluation_unseen_adaptation,opaque,659,4000,0.075,6.0,,,0.075,0.0,0.0,0.7500000000000004,0.540624999999998,,95.325,2.4,0.075,0.0031085100999334826,6.0,95.325,6.0,,0.0,0.0,,,,,,,,,,
transfer,transfer,policy_reset_effect_retained,opaque_dependency_l6,tabular_online,evaluation_unseen_adaptation,opaque,701,4000,0.05,6.0,,,0.05,0.0,0.0,0.7374999999999966,0.5180555555555548,,49.2,1.2,0.05,0.0021374788002067363,6.0,49.2,6.0,,0.0,0.0,,,,,,,,,,
transfer,transfer,policy_reset_effect_retained,opaque_dependency_l6,tabular_online,evaluation_unseen_adaptation,opaque,761,4000,0.025,6.0,,,0.025,0.0,0.0,0.7833333333333323,0.5745238095238064,,87.825,2.4,0.025,0.0029730062999078653,6.0,87.825,6.0,,0.0,0.0,,,,,,,,,,
transfer,transfer,policy_reset_effect_retained,opaque_dependency_l6,tabular_online,evaluation_unseen_adaptation,opaque,809,4000,0.075,6.0,,,0.075,0.0,0.0,0.7666666666666713,0.5733333333333315,,141.25,3.55,0.075,0.00409143825006322,6.0,141.25,6.0,,0.0,0.0,,,,,,,,,,
transfer,transfer,policy_reset_effect_retained,opaque_dependency_l6,tabular_online,evaluation_unseen_adaptation,opaque,857,4000,0.125,6.0,,,0.125,0.0,0.0,0.7749999999999957,0.573333333333331,,93.05,2.4,0.125,0.0030127833496153473,6.0,93.05,6.0,,0.0,0.0,,,,,,,,,,
transfer,transfer,policy_reset_effect_retained,opaque_dependency_l6,tabular_online,evaluation_unseen_adaptation,opaque,907,4000,0.025,6.0,,,0.025,0.0,0.0,0.7708333333333328,0.55,,49.2,1.2,0.025,0.002094407499913359,6.0,49.2,6.0,,0.0,0.0,,,,,,,,,,
transfer,transfer,policy_reset_effect_retained,opaque_dependency_l6,tabular_online,evaluation_unseen_adaptation,opaque,953,4000,0.025,6.0,,,0.025,0.0,0.0,0.7541666666666738,0.5803571428571445,,147.45,3.6,0.025,0.004232867075086687,6.0,147.45,6.0,,0.0,0.0,,,,,,,,,,
transfer,transfer,policy_reset_prophecy_retained,opaque_dependency_l6,tabular_online,adaptation,opaque,1009,680,0.06911764705882353,6.0,,,0.06911764705882353,0.0,0.0,0.9049019607843137,0.21857191487706193,0.00014705882352941172,100.33676470588236,4.817647058823529,0.06911764705882353,0.003306491764541373,6.0,100.33676470588236,6.0,,0.0,0.0,,,,,,,,,,
transfer,transfer,policy_reset_prophecy_retained,opaque_dependency_l6,tabular_online,adaptation,opaque,1061,680,0.051470588235294115,6.0,,,0.051470588235294115,0.0,0.0,0.9024509803921567,0.2242129629629629,0.0009681372549019607,109.27941176470588,4.973529411764706,0.051470588235294115,0.0034801530882010837,6.0,109.27941176470588,6.0,,0.0,0.0,,,,,,,,,,
transfer,transfer,policy_reset_prophecy_retained,opaque_dependency_l6,tabular_online,adaptation,opaque,1103,680,0.2485294117647059,6.0,,,0.2485294117647059,0.0,0.0,0.8970588235294125,0.21842463558959546,0.00042279411764705886,97.10441176470589,4.885294117647059,0.2485294117647059,0.0033265714701830053,6.0,97.10441176470589,6.0,,0.0,0.0,,,,,,,,,,
transfer,transfer,policy_reset_prophecy_retained,opaque_dependency_l6,tabular_online,adaptation,opaque,1151,680,0.05588235294117647,6.0,,,0.05588235294117647,0.0,0.0,0.9004901960784311,0.22144952678040908,0.0008578431372549021,116.24558823529412,5.067647058823529,0.05588235294117647,0.0036582864704113862,6.0,116.24558823529412,6.0,,0.0,0.0,,,,,,,,,,
transfer,transfer,policy_reset_prophecy_retained,opaque_dependency_l6,tabular_online,adaptation,opaque,1201,680,0.14705882352941177,6.0,,,0.14705882352941177,0.0,0.0,0.9009803921568625,0.2226003204312028,0.001521358543417366,108.1735294117647,4.988235294117647,0.14705882352941177,0.00344222338141716,6.0,108.1735294117647,6.0,,0.0,0.0,,,,,,,,,,
transfer,transfer,policy_reset_prophecy_retained,opaque_dependency_l6,tabular_online,adaptation,opaque,1259,680,0.07941176470588235,6.0,,,0.07941176470588235,0.0,0.0,0.9034313725490198,0.22134687208216625,0.0011887254901960787,92.50735294117646,4.819117647058824,0.07941176470588235,0.003173197794582366,6.0,92.50735294117646,6.0,,0.0,0.0,,,,,,,,,,
transfer,transfer,policy_reset_prophecy_retained,opaque_dependency_l6,tabular_online,adaptation,opaque,1301,680,0.2514705882352941,6.0,,,0.2514705882352941,0.0,0.0,0.9002450980392153,0.2181790241349066,0.00043262497306614946,99.23088235294118,4.902941176470589,0.2514705882352941,0.003306778529290836,6.0,99.23088235294118,6.0,,0.0,0.0,,,,,,,,,,
transfer,transfer,policy_reset_prophecy_retained,opaque_dependency_l6,tabular_online,adaptation,opaque,131,680,0.13529411764705881,6.0,,,0.13529411764705881,0.0,0.0,0.8975490196078428,0.22330707282913162,0.0010089869281045753,102.33823529411765,4.885294117647059,0.13529411764705881,0.003333861323806238,6.0,102.33823529411765,6.0,,0.0,0.0,,,,,,,,,,
transfer,transfer,policy_reset_prophecy_retained,opaque_dependency_l6,tabular_online,adaptation,opaque,1361,680,0.07058823529411765,6.0,,,0.07058823529411765,0.0,0.0,0.9014705882352941,0.21752042483660128,0.0005555555555555556,104.05588235294118,4.879411764705883,0.07058823529411765,0.003357637205857934,6.0,104.05588235294118,6.0,,0.0,0.0,,,,,,,,,,
transfer,transfer,policy_reset_prophecy_retained,opaque_dependency_l6,tabular_online,adaptation,opaque,1423,680,0.11323529411764706,6.0,,,0.11323529411764706,0.0,0.0,0.9036764705882351,0.2196070650482416,0.00045343137254901954,94.98676470588235,4.813235294117647,0.11323529411764706,0.0031646548518705566,6.0,94.98676470588235,6.0,,0.0,0.0,,,,,,,,,,
transfer,transfer,policy_reset_prophecy_retained,opaque_dependency_l6,tabular_online,adaptation,opaque,1481,680,0.07205882352941176,6.0,,,0.07205882352941176,0.0,0.0,0.9024509803921571,0.22027194211017737,0.000844421101774043,106.46617647058824,4.935294117647059,0.07205882352941176,0.0034300957353159047,6.0,106.46617647058824,6.0,,0.0,0.0,,,,,,,,,,
transfer,transfer,policy_reset_prophecy_retained,opaque_dependency_l6,tabular_online,adaptation,opaque,1543,680,0.0,6.0,,,0.0,0.0,0.0,0.907107843137255,0.22057072829131652,0.0004901960784313727,101.375,4.905882352941177,0.0,0.0033884147054563715,6.0,101.375,6.0,,0.0,0.0,,,,,,,,,,
transfer,transfer,policy_reset_prophecy_retained,opaque_dependency_l6,tabular_online,adaptation,opaque,1601,680,0.09705882352941177,6.0,,,0.09705882352941177,0.0,0.0,0.8982843137254899,0.22028478057889825,0.00022759103641456589,96.12352941176471,4.8,0.09705882352941177,0.0031995044116817604,6.0,96.12352941176471,6.0,,0.0,0.0,,,,,,,,,,
transfer,transfer,policy_reset_prophecy_retained,opaque_dependency_l6,tabular_online,adaptation,opaque,173,680,0.13823529411764707,6.0,,,0.13823529411764707,0.0,0.0,0.8977941176470586,0.21722703222703207,0.0006196581196581195,99.65735294117647,4.872058823529412,0.13823529411764707,0.0032975239700189216,6.0,99.65735294117647,6.0,,0.0,0.0,,,,,,,,,,
transfer,transfer,policy_reset_prophecy_retained,opaque_dependency_l6,tabular_online,adaptation,opaque,211,680,0.14411764705882352,6.0,,,0.14411764705882352,0.0,0.0,0.9063725490196075,0.22272467320261427,0.0008403361344537817,96.59558823529412,4.7632352941176475,0.14411764705882352,0.0031932039707659415,6.0,96.59558823529412,6.0,,0.0,0.0,,,,,,,,,,
transfer,transfer,policy_reset_prophecy_retained,opaque_dependency_l6,tabular_online,adaptation,opaque,257,680,0.10735294117647058,6.0,,,0.10735294117647058,0.0,0.0,0.9002450980392156,0.22279602750190977,0.0007300420168067228,104.46029411764705,4.9147058823529415,0.10735294117647058,0.003375038529595579,6.0,104.46029411764705,6.0,,0.0,0.0,,,,,,,,,,
transfer,transfer,policy_reset_prophecy_retained,opaque_dependency_l6,tabular_online,adaptation,opaque,307,680,0.21470588235294116,6.0,,,0.21470588235294116,0.0,0.0,0.9056372549019608,0.2221078431372549,0.0006127450980392158,105.70735294117647,4.952941176470588,0.21470588235294116,0.0033832108820634485,6.0,105.70735294117647,6.0,,0.0,0.0,,,,,,,,,,
transfer,transfer,policy_reset_prophecy_retained,opaque_dependency_l6,tabular_online,adaptation,opaque,353,680,0.08529411764705883,6.0,,,0.08529411764705883,0.0,0.0,0.9058823529411762,0.22242763772175544,0.0009173669467787115,103.86617647058823,4.870588235294117,0.08529411764705883,0.003398474558343878,6.0,103.86617647058823,6.0,,0.0,0.0,,,,,,,,,,
transfer,transfer,policy_reset_prophecy_retained,opaque_dependency_l6,tabular_online,adaptation,opaque,401,680,0.10294117647058823,6.0,,,0.10294117647058823,0.0,0.0,0.8941176470588234,0.21722436332730444,0.0013405875170581058,97.06617647058823,4.802941176470588,0.10294117647058823,0.003220850588481613,6.0,97.06617647058823,6.0,,0.0,0.0,,,,,,,,,,
transfer,transfer,policy_reset_prophecy_retained,opaque_dependency_l6,tabular_online,adaptation,opaque,457,680,0.09705882352941177,6.0,,,0.09705882352941177,0.0,0.0,0.9019607843137258,0.2207083233777794,0.001202960982372747,84.71029411764705,4.748529411764705,0.09705882352941177,0.002935758824006531,6.0,84.71029411764705,6.0,,0.0,0.0,,,,,,,,,,
transfer,transfer,policy_reset_prophecy_retained,opaque_dependency_l6,tabular_online,adaptation,opaque,503,680,0.1,6.0,,,0.1,0.0,0.0,0.8985294117647059,0.2207657280083751,0.0004153050108932461,96.44117647058823,4.841176470588235,0.1,0.003268177058378248,6.0,96.44117647058823,6.0,,0.0,0.0,,,,,,,,,,
transfer,transfer,policy_reset_prophecy_retained,opaque_dependency_l6,tabular_online,adaptation,opaque,557,680,0.09852941176470588,6.0,,,0.09852941176470588,0.0,0.0,0.899019607843137,0.21937054068903492,0.0006512605042016807,100.87352941176471,4.866176470588235,0.09852941176470588,0.0033215922059111214,6.0,100.87352941176471,6.0,,0.0,0.0,,,,,,,,,,
transfer,transfer,policy_reset_prophecy_retained,opaque_dependency_l6,tabular_online,adaptation,opaque,601,680,0.06911764705882353,6.0,,,0.06911764705882353,0.0,0.0,0.90343137254902,0.2190285204991088,0.0002941176470588235,106.03823529411764,4.944117647058824,0.06911764705882353,0.003421403823663508,6.0,106.03823529411764,6.0,,0.0,0.0,,,,,,,,,,
transfer,transfer,policy_reset_prophecy_retained,opaque_dependency_l6,tabular_online,adaptation,opaque,659,680,0.07794117647058824,6.0,,,0.07794117647058824,0.0,0.0,0.8963235294117645,0.2205904811419517,0.0007843137254901959,106.58823529411765,5.0058823529411764,0.07794117647058824,0.0034716419115926223,6.0,106.58823529411765,6.0,,0.0,0.0,,,,,,,,,,
transfer,transfer,policy_reset_prophecy_retained,opaque_dependency_l6,tabular_online,adaptation,opaque,701,680,0.13970588235294118,6.0,,,0.13970588235294118,0.0,0.0,0.8960784313725491,0.21970496415349358,0.0007026143790849673,93.4514705882353,4.791176470588235,0.13970588235294118,0.0031410848518563022,6.0,93.4514705882353,6.0,,0.0,0.0,,,,,,,,,,
transfer,transfer,policy_reset_prophecy_retained,opaque_dependency_l6,tabular_online,adaptation,opaque,761,680,0.1411764705882353,6.0,,,0.1411764705882353,0.0,0.0,0.9098039215686278,0.22487394957983198,0.0003501400560224089,99.46323529411765,4.882352941176471,0.1411764705882353,0.0033471270594899955,6.0,99.46323529411765,6.0,,0.0,0.0,,,,,,,,,,
transfer,transfer,policy_reset_prophecy_retained,opaque_dependency_l6,tabular_online,adaptation,opaque,809,680,0.10735294117647058,6.0,,,0.10735294117647058,0.0,0.0,0.9026960784313722,0.21940812183459232,0.0008823529411764705,115.01764705882353,5.0132352941176475,0.10735294117647058,0.003594068382431835,6.0,115.01764705882353,6.0,,0.0,0.0,,,,,,,,,,
transfer,transfer,policy_reset_prophecy_retained,opaque_dependency_l6,tabular_online,adaptation,opaque,857,680,0.07352941176470588,6.0,,,0.07352941176470588,0.0,0.0,0.9078431372549021,0.22134978991596654,0.0003676470588235294,98.17941176470588,4.8882352941176475,0.07352941176470588,0.0032917772057236803,6.0,98.17941176470588,6.0,,0.0,0.0,,,,,,,,,,
transfer,transfer,policy_reset_prophecy_retained,opaque_dependency_l6,tabular_online,adaptation,opaque,907,680,0.11911764705882352,6.0,,,0.11911764705882352,0.0,0.0,0.9053921568627449,0.22437636165577335,0.0007177871148459384,95.0264705882353,4.811764705882353,0.11911764705882352,0.0031516770589138,6.0,95.0264705882353,6.0,,0.0,0.0,,,,,,,,,,
transfer,transfer,policy_reset_prophecy_retained,opaque_dependency_l6,tabular_online,adaptation,opaque,953,680,0.014705882352941176,6.0,,,0.014705882352941176,0.0,0.0,0.9029411764705884,0.22272812155165087,0.000494281045751634,114.775,5.088235294117647,0.014705882352941176,0.0036278464704724575,6.0,114.775,6.0,,0.0,0.0,,,,,,,,,,
transfer,transfer,policy_reset_prophecy_retained,opaque_dependency_l6,tabular_online,evaluation_unseen_adaptation,opaque,1009,4000,0.05,6.0,,,0.05,0.0,0.0,0.7375000000000053,0.5406249999999989,,37.2,1.15,0.05,0.0019094152499092162,6.0,37.2,6.0,,0.0,0.0,,,,,,,,,,
transfer,transfer,policy_reset_prophecy_retained,opaque_dependency_l6,tabular_online,evaluation_unseen_adaptation,opaque,1061,4000,0.025,6.0,,,0.025,0.0,0.0,0.745833333333331,0.5944444444444457,,98.4,2.4,0.025,0.0031709176251315512,6.0,98.4,6.0,,0.0,0.0,,,,,,,,,,
transfer,transfer,policy_reset_prophecy_retained,opaque_dependency_l6,tabular_online,evaluation_unseen_adaptation,opaque,1103,4000,0.2,6.0,,,0.2,0.0,0.0,0.7333333333333412,0.5513888888888857,,38.375,1.175,0.2,0.002014916000109224,6.0,38.375,6.0,,0.0,0.0,,,,,,,,,,
transfer,transfer,policy_reset_prophecy_retained,opaque_dependency_l6,tabular_online,evaluation_unseen_adaptation,opaque,1151,4000,0.025,6.0,,,0.025,0.0,0.0,0.745833333333329,0.5673809523809495,,138.0,3.525,0.025,0.004038294824982586,6.0,138.0,6.0,,0.0,0.0,,,,,,,,,,
transfer,transfer,policy_reset_prophecy_retained,opaque_dependency_l6,tabular_online,evaluation_unseen_adaptation,opaque,1201,4000,0.1,6.0,,,0.1,0.0,0.0,0.7374999999999977,0.5791666666666672,,93.05,2.4,0.1,0.0030280264500397607,6.0,93.05,6.0,,0.0,0.0,,,,,,,,,,
transfer,transfer,policy_reset_prophecy_retained,opaque_dependency_l6,tabular_online,evaluation_unseen_adaptation,opaque,1259,4000,0.075,6.0,,,0.075,0.0,0.0,0.7666666666666704,0.58333333333333,,92.75,2.375,0.075,0.00307447337499616,6.0,92.75,6.0,,0.0,0.0,,,,,,,,,,
transfer,transfer,policy_reset_prophecy_retained,opaque_dependency_l6,tabular_online,evaluation_unseen_adaptation,opaque,1301,4000,0.175,6.0,,,0.175,0.0,0.0,0.7333333333333321,0.5212500000000005,,90.775,2.4,0.175,0.0030593093502757256,6.0,90.775,6.0,,0.0,0.0,,,,,,,,,,
transfer,transfer,policy_reset_prophecy_retained,opaque_dependency_l6,tabular_online,evaluation_unseen_adaptation,opaque,131,4000,0.075,6.0,,,0.075,0.0,0.0,0.729166666666669,0.5833333333333286,,98.4,2.4,0.075,0.0032271660750120643,6.0,98.4,6.0,,0.0,0.0,,,,,,,,,,
transfer,transfer,policy_reset_prophecy_retained,opaque_dependency_l6,tabular_online,evaluation_unseen_adaptation,opaque,1361,4000,0.05,6.0,,,0.05,0.0,0.0,0.7416666666666643,0.5440476190476213,,49.2,1.2,0.05,0.002090967925316363,6.0,49.2,6.0,,0.0,0.0,,,,,,,,,,
transfer,transfer,policy_reset_prophecy_retained,opaque_dependency_l6,tabular_online,evaluation_unseen_adaptation,opaque,1423,4000,0.1,6.0,,,0.1,0.0,0.0,0.7625000000000023,0.548214285714286,,0.0,0.0,0.1,0.00104669319983077,6.0,0.0,6.0,,0.0,0.0,,,,,,,,,,
transfer,transfer,policy_reset_prophecy_retained,opaque_dependency_l6,tabular_online,evaluation_unseen_adaptation,opaque,1481,4000,0.05,6.0,,,0.05,0.0,0.0,0.7624999999999956,0.5678571428571443,,49.2,1.2,0.05,0.0021107532252499367,6.0,49.2,6.0,,0.0,0.0,,,,,,,,,,
transfer,transfer,policy_reset_prophecy_retained,opaque_dependency_l6,tabular_online,evaluation_unseen_adaptation,opaque,1543,4000,0.0,6.0,,,0.0,0.0,0.0,0.7749999999999957,0.5583333333333342,,93.65,2.35,0.0,0.0031053808250144357,6.0,93.65,6.0,,0.0,0.0,,,,,,,,,,
transfer,transfer,policy_reset_prophecy_retained,opaque_dependency_l6,tabular_online,evaluation_unseen_adaptation,opaque,1601,4000,0.075,6.0,,,0.075,0.0,0.0,0.72500000000001,0.5666666666666641,,0.0,0.0,0.075,0.0010624441248510265,6.0,0.0,6.0,,0.0,0.0,,,,,,,,,,
transfer,transfer,policy_reset_prophecy_retained,opaque_dependency_l6,tabular_online,evaluation_unseen_adaptation,opaque,173,4000,0.075,6.0,,,0.075,0.0,0.0,0.7416666666666714,0.538214285714281,,85.4,2.35,0.075,0.0029502867749106373,6.0,85.4,6.0,,0.0,0.0,,,,,,,,,,
transfer,transfer,policy_reset_prophecy_retained,opaque_dependency_l6,tabular_online,evaluation_unseen_adaptation,opaque,211,4000,0.1,6.0,,,0.1,0.0,0.0,0.7833333333333358,0.5875,,49.2,1.2,0.1,0.002067901200185588,6.0,49.2,6.0,,0.0,0.0,,,,,,,,,,
transfer,transfer,policy_reset_prophecy_retained,opaque_dependency_l6,tabular_online,evaluation_unseen_adaptation,opaque,257,4000,0.05,6.0,,,0.05,0.0,0.0,0.7416666666666519,0.5648015873015892,,0.0,0.0,0.05,0.001104910349858983,6.0,0.0,6.0,,0.0,0.0,,,,,,,,,,
transfer,transfer,policy_reset_prophecy_retained,opaque_dependency_l6,tabular_online,evaluation_unseen_adaptation,opaque,307,4000,0.15,6.0,,,0.15,0.0,0.0,0.7625000000000082,0.5553571428571431,,98.4,2.4,0.15,0.0031226393250763066,6.0,98.4,6.0,,0.0,0.0,,,,,,,,,,
transfer,transfer,policy_reset_prophecy_retained,opaque_dependency_l6,tabular_online,evaluation_unseen_adaptation,opaque,353,4000,0.05,6.0,,,0.05,0.0,0.0,0.7791666666666716,0.5678571428571463,,98.4,2.4,0.05,0.003158301549949101,6.0,98.4,6.0,,0.0,0.0,,,,,,,,,,
transfer,transfer,policy_reset_prophecy_retained,opaque_dependency_l6,tabular_online,evaluation_unseen_adaptation,opaque,401,4000,0.05,6.0,,,0.05,0.0,0.0,0.7291666666666652,0.5219047619047615,,0.0,0.0,0.05,0.001082586475116841,6.0,0.0,6.0,,0.0,0.0,,,,,,,,,,
transfer,transfer,policy_reset_prophecy_retained,opaque_dependency_l6,tabular_online,evaluation_unseen_adaptation,opaque,457,4000,0.1,6.0,,,0.1,0.0,0.0,0.7708333333333333,0.5524999999999978,,40.5,1.15,0.1,0.0019401412748120492,6.0,40.5,6.0,,0.0,0.0,,,,,,,,,,
transfer,transfer,policy_reset_prophecy_retained,opaque_dependency_l6,tabular_online,evaluation_unseen_adaptation,opaque,503,4000,0.075,6.0,,,0.075,0.0,0.0,0.7291666666666681,0.5416666666666647,,49.2,1.2,0.075,0.002204115550041024,6.0,49.2,6.0,,0.0,0.0,,,,,,,,,,
transfer,transfer,policy_reset_prophecy_retained,opaque_dependency_l6,tabular_online,evaluation_unseen_adaptation,opaque,557,4000,0.075,6.0,,,0.075,0.0,0.0,0.7249999999999909,0.5553049289891462,,82.525,2.35,0.075,0.002873025575070642,6.0,82.525,6.0,,0.0,0.0,,,,,,,,,,
transfer,transfer,policy_reset_prophecy_retained,opaque_dependency_l6,tabular_online,evaluation_unseen_adaptation,opaque,601,4000,0.05,6.0,,,0.05,0.0,0.0,0.762500000000011,0.5649999999999977,,138.075,3.525,0.05,0.004016656075284118,6.0,138.075,6.0,,0.0,0.0,,,,,,,,,,
transfer,transfer,policy_reset_prophecy_retained,opaque_dependency_l6,tabular_online,evaluation_unseen_adaptation,opaque,659,4000,0.05,6.0,,,0.05,0.0,0.0,0.741666666666669,0.5416666666666685,,98.4,2.4,0.05,0.003184294300204783,6.0,98.4,6.0,,0.0,0.0,,,,,,,,,,
transfer,transfer,policy_reset_prophecy_retained,opaque_dependency_l6,tabular_online,evaluation_unseen_adaptation,opaque,701,4000,0.075,6.0,,,0.075,0.0,0.0,0.7333333333333281,0.549444444444444,,49.2,1.2,0.075,0.0020669118748846815,6.0,49.2,6.0,,0.0,0.0,,,,,,,,,,
transfer,transfer,policy_reset_prophecy_retained,opaque_dependency_l6,tabular_online,evaluation_unseen_adaptation,opaque,761,4000,0.075,6.0,,,0.075,0.0,0.0,0.7833333333333323,0.5964285714285722,,95.525,2.4,0.075,0.003140168674712186,6.0,95.525,6.0,,0.0,0.0,,,,,,,,,,
transfer,transfer,policy_reset_prophecy_retained,opaque_dependency_l6,tabular_online,evaluation_unseen_adaptation,opaque,809,4000,0.075,6.0,,,0.075,0.0,0.0,0.7666666666666713,0.5733333333333315,,141.25,3.55,0.075,0.004092995125021844,6.0,141.25,6.0,,0.0,0.0,,,,,,,,,,
transfer,transfer,policy_reset_prophecy_retained,opaque_dependency_l6,tabular_online,evaluation_unseen_adaptation,opaque,857,4000,0.05,6.0,,,0.05,0.0,0.0,0.7541666666666585,0.573333333333331,,93.05,2.4,0.05,0.004386348299776728,6.0,93.05,6.0,,0.0,0.0,,,,,,,,,,
transfer,transfer,policy_reset_prophecy_retained,opaque_dependency_l6,tabular_online,evaluation_unseen_adaptation,opaque,907,4000,0.1,6.0,,,0.1,0.0,0.0,0.7708333333333328,0.5944444444444457,,49.2,1.2,0.1,0.0020739538254129003,6.0,49.2,6.0,,0.0,0.0,,,,,,,,,,
transfer,transfer,policy_reset_prophecy_retained,opaque_dependency_l6,tabular_online,evaluation_unseen_adaptation,opaque,953,4000,0.025,6.0,,,0.025,0.0,0.0,0.733333333333348,0.5803571428571445,,147.45,3.6,0.025,0.004216934325355396,6.0,147.45,6.0,,0.0,0.0,,,,,,,,,,
transfer,transfer,transfer_pretraining,opaque_dependency_l6,tabular_online,training,opaque,1009,2000,0.3255,6.0,,,0.3255,0.0,0.0,0.9904166666666666,0.24735276624187344,1.7361111111111104e-05,92.709,4.759,0.3255,0.003620435700082453,6.0,92.709,6.0,,0.0,0.0,,,,,,,,,,
transfer,transfer,transfer_pretraining,opaque_dependency_l6,tabular_online,training,opaque,1061,2000,0.443,6.0,,,0.443,0.0,0.0,0.9905833333333334,0.24714319710565702,3.086419753086415e-06,92.39,4.7435,0.443,0.003549728350000805,6.0,92.39,6.0,,0.0,0.0,,,,,,,,,,
transfer,transfer,transfer_pretraining,opaque_dependency_l6,tabular_online,training,opaque,1103,2000,0.4485,6.0,,,0.4485,0.0,0.0,0.9900833333333334,0.24717042031026729,8.54166666666667e-06,94.472,4.81,0.4485,0.003612405849722563,6.0,94.472,6.0,,0.0,0.0,,,,,,,,,,
transfer,transfer,transfer_pretraining,opaque_dependency_l6,tabular_online,training,opaque,1151,2000,0.324,6.0,,,0.324,0.0,0.0,0.9898333333333332,0.24718621119633719,1.3104838709677416e-05,93.4225,4.815,0.324,0.0035813203499419615,6.0,93.4225,6.0,,0.0,0.0,,,,,,,,,,
transfer,transfer,transfer_pretraining,opaque_dependency_l6,tabular_online,training,opaque,1201,2000,0.265,6.0,,,0.265,0.0,0.0,0.9886666666666667,0.2461872898069178,9.1765873015873e-06,93.739,4.7745,0.265,0.0036869936000439338,6.0,93.739,6.0,,0.0,0.0,,,,,,,,,,
transfer,transfer,transfer_pretraining,opaque_dependency_l6,tabular_online,training,opaque,1259,2000,0.482,6.0,,,0.482,0.0,0.0,0.989,0.24676666303064498,1.7590048840048836e-05,92.1675,4.7855,0.482,0.0036513129498925993,6.0,92.1675,6.0,,0.0,0.0,,,,,,,,,,
transfer,transfer,transfer_pretraining,opaque_dependency_l6,tabular_online,training,opaque,1301,2000,0.2645,6.0,,,0.2645,0.0,0.0,0.9894166666666667,0.24667805756273234,1.5709005376344093e-05,92.6235,4.745,0.2645,0.0035424491994053824,6.0,92.6235,6.0,,0.0,0.0,,,,,,,,,,
transfer,transfer,transfer_pretraining,opaque_dependency_l6,tabular_online,training,opaque,131,2000,0.4055,6.0,,,0.4055,0.0,0.0,0.9899166666666668,0.24660493932739824,2.0755012531328325e-05,92.466,4.7235,0.4055,0.003521143950347323,6.0,92.466,6.0,,0.0,0.0,,,,,,,,,,
transfer,transfer,transfer_pretraining,opaque_dependency_l6,tabular_online,training,opaque,1361,2000,0.313,6.0,,,0.313,0.0,0.0,0.9900833333333332,0.2471218491942281,1.8634259259259262e-05,92.1715,4.735,0.313,0.0035755456000333653,6.0,92.1715,6.0,,0.0,0.0,,,,,,,,,,
transfer,transfer,transfer_pretraining,opaque_dependency_l6,tabular_online,training,opaque,1423,2000,0.4235,6.0,,,0.4235,0.0,0.0,0.99075,0.24742839438454123,1.2442129629629622e-05,92.407,4.7455,0.4235,0.0035347952003940007,6.0,92.407,6.0,,0.0,0.0,,,,,,,,,,
transfer,transfer,transfer_pretraining,opaque_dependency_l6,tabular_online,training,opaque,1481,2000,0.347,6.0,,,0.347,0.0,0.0,0.9903333333333333,0.24698187167274216,2.476343101343101e-05,94.153,4.803,0.347,0.003628613249951741,6.0,94.153,6.0,,0.0,0.0,,,,,,,,,,
transfer,transfer,transfer_pretraining,opaque_dependency_l6,tabular_online,training,opaque,1543,2000,0.3605,6.0,,,0.3605,0.0,0.0,0.9905833333333333,0.2474996512031729,1.215277777777777e-05,92.552,4.741,0.3605,0.0035885564002674075,6.0,92.552,6.0,,0.0,0.0,,,,,,,,,,
transfer,transfer,transfer_pretraining,opaque_dependency_l6,tabular_online,training,opaque,1601,2000,0.2795,6.0,,,0.2795,0.0,0.0,0.99,0.24695176993638165,1.7894021739130436e-05,94.035,4.7885,0.2795,0.0035746695499983615,6.0,94.035,6.0,,0.0,0.0,,,,,,,,,,
transfer,transfer,transfer_pretraining,opaque_dependency_l6,tabular_online,training,opaque,173,2000,0.3625,6.0,,,0.3625,0.0,0.0,0.9896666666666667,0.24712350408686365,2.4677579365079367e-05,94.7905,4.804,0.3625,0.003960253899800591,6.0,94.7905,6.0,,0.0,0.0,,,,,,,,,,
transfer,transfer,transfer_pretraining,opaque_dependency_l6,tabular_online,training,opaque,211,2000,0.318,6.0,,,0.318,0.0,0.0,0.9890833333333334,0.24651244655549592,1.0500672043010754e-05,91.9355,4.736,0.318,0.0036110509000718593,6.0,91.9355,6.0,,0.0,0.0,,,,,,,,,,
transfer,transfer,transfer_pretraining,opaque_dependency_l6,tabular_online,training,opaque,257,2000,0.3735,6.0,,,0.3735,0.0,0.0,0.9900833333333332,0.24749515632950927,2.722094481605351e-05,91.834,4.739,0.3735,0.00357238210021751,6.0,91.834,6.0,,0.0,0.0,,,,,,,,,,
transfer,transfer,transfer_pretraining,opaque_dependency_l6,tabular_online,training,opaque,307,2000,0.41,6.0,,,0.41,0.0,0.0,0.9904166666666667,0.24747782271247704,2.355474386724388e-05,91.9145,4.7615,0.41,0.003685756599981687,6.0,91.9145,6.0,,0.0,0.0,,,,,,,,,,
transfer,transfer,transfer_pretraining,opaque_dependency_l6,tabular_online,training,opaque,353,2000,0.2215,6.0,,,0.2215,0.0,0.0,0.9909166666666668,0.24745273691861128,1.4112103174603179e-05,93.7115,4.797,0.2215,0.0036289843500271674,6.0,93.7115,6.0,,0.0,0.0,,,,,,,,,,
transfer,transfer,transfer_pretraining,opaque_dependency_l6,tabular_online,training,opaque,401,2000,0.436,6.0,,,0.436,0.0,0.0,0.9900833333333332,0.24703774597515213,3.7878787878787865e-06,90.505,4.731,0.436,0.00347387600003276,6.0,90.505,6.0,,0.0,0.0,,,,,,,,,,
transfer,transfer,transfer_pretraining,opaque_dependency_l6,tabular_online,training,opaque,457,2000,0.3395,6.0,,,0.3395,0.0,0.0,0.9901666666666668,0.24714700032228193,6.990131578947368e-06,95.305,4.8115,0.3395,0.0046276499999366935,6.0,95.305,6.0,,0.0,0.0,,,,,,,,,,
transfer,transfer,transfer_pretraining,opaque_dependency_l6,tabular_online,training,opaque,503,2000,0.3155,6.0,,,0.3155,0.0,0.0,0.9898333333333333,0.24721690234389093,1.011029411764706e-05,92.327,4.765,0.3155,0.0035454375502158653,6.0,92.327,6.0,,0.0,0.0,,,,,,,,,,
transfer,transfer,transfer_pretraining,opaque_dependency_l6,tabular_online,training,opaque,557,2000,0.362,6.0,,,0.362,0.0,0.0,0.9908333333333332,0.24801628725256897,1.4583333333333337e-05,90.347,4.717,0.362,0.003528758599757566,6.0,90.347,6.0,,0.0,0.0,,,,,,,,,,
transfer,transfer,transfer_pretraining,opaque_dependency_l6,tabular_online,training,opaque,601,2000,0.4865,6.0,,,0.4865,0.0,0.0,0.9899166666666667,0.24751798144578635,1.1972402597402591e-05,95.5115,4.7835,0.4865,0.003621897999866633,6.0,95.5115,6.0,,0.0,0.0,,,,,,,,,,
transfer,transfer,transfer_pretraining,opaque_dependency_l6,tabular_online,training,opaque,659,2000,0.3545,6.0,,,0.3545,0.0,0.0,0.9908333333333332,0.24771786374854166,9.350198412698408e-06,93.762,4.7735,0.3545,0.0036438885503448544,6.0,93.762,6.0,,0.0,0.0,,,,,,,,,,
transfer,transfer,transfer_pretraining,opaque_dependency_l6,tabular_online,training,opaque,701,2000,0.411,6.0,,,0.411,0.0,0.0,0.9894166666666667,0.24626555542760278,4.166666666666666e-06,93.0505,4.781,0.411,0.003551730399922235,6.0,93.0505,6.0,,0.0,0.0,,,,,,,,,,
transfer,transfer,transfer_pretraining,opaque_dependency_l6,tabular_online,training,opaque,761,2000,0.3615,6.0,,,0.3615,0.0,0.0,0.9903333333333333,0.24714902178323933,1.5239197530864196e-05,94.368,4.7635,0.3615,0.003808629999883124,6.0,94.368,6.0,,0.0,0.0,,,,,,,,,,
transfer,transfer,transfer_pretraining,opaque_dependency_l6,tabular_online,training,opaque,809,2000,0.228,6.0,,,0.228,0.0,0.0,0.99025,0.24715848709491542,5.208333333333333e-06,93.208,4.763,0.228,0.003726113049997366,6.0,93.208,6.0,,0.0,0.0,,,,,,,,,,
transfer,transfer,transfer_pretraining,opaque_dependency_l6,tabular_online,training,opaque,857,2000,0.221,6.0,,,0.221,0.0,0.0,0.98975,0.24683456284521307,1.0593434343434346e-05,91.877,4.7405,0.221,0.003577799149934435,6.0,91.877,6.0,,0.0,0.0,,,,,,,,,,
transfer,transfer,transfer_pretraining,opaque_dependency_l6,tabular_online,training,opaque,907,2000,0.4345,6.0,,,0.4345,0.0,0.0,0.99,0.24709306298787476,2.203525641025641e-05,94.2835,4.7865,0.4345,0.003573520500402083,6.0,94.2835,6.0,,0.0,0.0,,,,,,,,,,
transfer,transfer,transfer_pretraining,opaque_dependency_l6,tabular_online,training,opaque,953,2000,0.328,6.0,,,0.328,0.0,0.0,0.9895833333333334,0.2464742865748993,1.8576388888888885e-05,90.992,4.741,0.328,0.0035043087498488603,6.0,90.992,6.0,,0.0,0.0,,,,,,,,,,
transfer,transfer,from_scratch_contextual_policy,opaque_dependency_l6,checkpoint_transfer,adaptation_curve,effect_profile,1009,,,,,,,,,,,,,,,,,,,,,,,,,0.09375,,,0.09375,,,0.05
transfer,transfer,from_scratch_contextual_policy,opaque_dependency_l6,checkpoint_transfer,adaptation_curve,effect_profile,1061,,,,,,,,,,,,,,,,,,,,,,,,,0.09375,,,0.046875,,,0.05
transfer,transfer,from_scratch_contextual_policy,opaque_dependency_l6,checkpoint_transfer,adaptation_curve,effect_profile,1103,,,,,,,,,,,,,,,,,,,,,,,,,0.046875,,,-0.2109375,,,0.025
transfer,transfer,from_scratch_contextual_policy,opaque_dependency_l6,checkpoint_transfer,adaptation_curve,effect_profile,1151,,,,,,,,,,,,,,,,,,,,,,,,,0.046875,,,0.0,,,0.025
transfer,transfer,from_scratch_contextual_policy,opaque_dependency_l6,checkpoint_transfer,adaptation_curve,effect_profile,1201,,,,,,,,,,,,,,,,,,,,,,,,,0.09375,,,0.046875,,,0.05
transfer,transfer,from_scratch_contextual_policy,opaque_dependency_l6,checkpoint_transfer,adaptation_curve,effect_profile,1259,,,,,,,,,,,,,,,,,,,,,,,,,0.15234375,,,0.10546875,,,0.075
transfer,transfer,from_scratch_contextual_policy,opaque_dependency_l6,checkpoint_transfer,adaptation_curve,effect_profile,1301,,,,,,,,,,,,,,,,,,,,,,,,,0.1708984375,,,0.046875,,,0.125
transfer,transfer,from_scratch_contextual_policy,opaque_dependency_l6,checkpoint_transfer,adaptation_curve,effect_profile,131,,,,,,,,,,,,,,,,,,,,,,,,,0.15234375,,,0.05859375,,,0.075
transfer,transfer,from_scratch_contextual_policy,opaque_dependency_l6,checkpoint_transfer,adaptation_curve,effect_profile,1361,,,,,,,,,,,,,,,,,,,,,,,,,0.046875,,,0.0,,,0.025
transfer,transfer,from_scratch_contextual_policy,opaque_dependency_l6,checkpoint_transfer,adaptation_curve,effect_profile,1423,,,,,,,,,,,,,,,,,,,,,,,,,0.046875,,,-0.1787109375,,,0.025
transfer,transfer,from_scratch_contextual_policy,opaque_dependency_l6,checkpoint_transfer,adaptation_curve,effect_profile,1481,,,,,,,,,,,,,,,,,,,,,,,,,0.09375,,,0.09375,,,0.05
transfer,transfer,from_scratch_contextual_policy,opaque_dependency_l6,checkpoint_transfer,adaptation_curve,effect_profile,1543,,,,,,,,,,,,,,,,,,,,,,,,,0.046875,,,-0.05859375,,,0.025
transfer,transfer,from_scratch_contextual_policy,opaque_dependency_l6,checkpoint_transfer,adaptation_curve,effect_profile,1601,,,,,,,,,,,,,,,,,,,,,,,,,0.2109375,,,-0.046875,,,0.1
transfer,transfer,from_scratch_contextual_policy,opaque_dependency_l6,checkpoint_transfer,adaptation_curve,effect_profile,173,,,,,,,,,,,,,,,,,,,,,,,,,0.046875,,,0.0,,,0.025
transfer,transfer,from_scratch_contextual_policy,opaque_dependency_l6,checkpoint_transfer,adaptation_curve,effect_profile,211,,,,,,,,,,,,,,,,,,,,,,,,,0.0,,,-0.19921875,,,0.0
transfer,transfer,from_scratch_contextual_policy,opaque_dependency_l6,checkpoint_transfer,adaptation_curve,effect_profile,257,,,,,,,,,,,,,,,,,,,,,,,,,0.1669921875,,,0.0615234375,,,0.1
transfer,transfer,from_scratch_contextual_policy,opaque_dependency_l6,checkpoint_transfer,adaptation_curve,effect_profile,307,,,,,,,,,,,,,,,,,,,,,,,,,0.2724609375,,,0.10546875,,,0.15
transfer,transfer,from_scratch_contextual_policy,opaque_dependency_l6,checkpoint_transfer,adaptation_curve,effect_profile,353,,,,,,,,,,,,,,,,,,,,,,,,,0.2255859375,,,0.1201171875,,,0.125
transfer,transfer,from_scratch_contextual_policy,opaque_dependency_l6,checkpoint_transfer,adaptation_curve,effect_profile,401,,,,,,,,,,,,,,,,,,,,,,,,,0.09375,,,0.046875,,,0.05
transfer,transfer,from_scratch_contextual_policy,opaque_dependency_l6,checkpoint_transfer,adaptation_curve,effect_profile,457,,,,,,,,,,,,,,,,,,,,,,,,,0.0,,,-0.1201171875,,,0.0
transfer,transfer,from_scratch_contextual_policy,opaque_dependency_l6,checkpoint_transfer,adaptation_curve,effect_profile,503,,,,,,,,,,,,,,,,,,,,,,,,,0.1201171875,,,-0.140625,,,0.075
transfer,transfer,from_scratch_contextual_policy,opaque_dependency_l6,checkpoint_transfer,adaptation_curve,effect_profile,557,,,,,,,,,,,,,,,,,,,,,,,,,0.1669921875,,,0.1201171875,,,0.1
transfer,transfer,from_scratch_contextual_policy,opaque_dependency_l6,checkpoint_transfer,adaptation_curve,effect_profile,601,,,,,,,,,,,,,,,,,,,,,,,,,0.09375,,,-0.22265625,,,0.05
transfer,transfer,from_scratch_contextual_policy,opaque_dependency_l6,checkpoint_transfer,adaptation_curve,effect_profile,659,,,,,,,,,,,,,,,,,,,,,,,,,0.24609375,64,,0.0205078125,,,0.125
transfer,transfer,from_scratch_contextual_policy,opaque_dependency_l6,checkpoint_transfer,adaptation_curve,effect_profile,701,,,,,,,,,,,,,,,,,,,,,,,,,0.15234375,,,0.046875,,,0.075
transfer,transfer,from_scratch_contextual_policy,opaque_dependency_l6,checkpoint_transfer,adaptation_curve,effect_profile,761,,,,,,,,,,,,,,,,,,,,,,,,,0.2724609375,,,0.10546875,,,0.15
transfer,transfer,from_scratch_contextual_policy,opaque_dependency_l6,checkpoint_transfer,adaptation_curve,effect_profile,809,,,,,,,,,,,,,,,,,,,,,,,,,0.10546875,,,0.10546875,,,0.05
transfer,transfer,from_scratch_contextual_policy,opaque_dependency_l6,checkpoint_transfer,adaptation_curve,effect_profile,857,,,,,,,,,,,,,,,,,,,,,,,,,0.0,,,-0.046875,,,0.0
transfer,transfer,from_scratch_contextual_policy,opaque_dependency_l6,checkpoint_transfer,adaptation_curve,effect_profile,907,,,,,,,,,,,,,,,,,,,,,,,,,0.09375,,,-0.0732421875,,,0.05
transfer,transfer,from_scratch_contextual_policy,opaque_dependency_l6,checkpoint_transfer,adaptation_curve,effect_profile,953,,,,,,,,,,,,,,,,,,,,,,,,,0.15234375,,,-0.03515625,,,0.075
transfer,transfer,from_scratch_full_aassr,opaque_dependency_l6,checkpoint_transfer,adaptation_curve,effect_profile,1009,,,,,,,,,,,,,,,,,,,,,,,,,0.0,,,0.0,,,0.7541666666666667
transfer,transfer,from_scratch_full_aassr,opaque_dependency_l6,checkpoint_transfer,adaptation_curve,effect_profile,1061,,,,,,,,,,,,,,,,,,,,,,,,,0.046875,,,0.0,,,0.7208333333333333
transfer,transfer,from_scratch_full_aassr,opaque_dependency_l6,checkpoint_transfer,adaptation_curve,effect_profile,1103,,,,,,,,,,,,,,,,,,,,,,,,,0.2578125,,,0.0,,,0.65
transfer,transfer,from_scratch_full_aassr,opaque_dependency_l6,checkpoint_transfer,adaptation_curve,effect_profile,1151,,,,,,,,,,,,,,,,,,,,,,,,,0.046875,,,0.0,,,0.7083333333333334
transfer,transfer,from_scratch_full_aassr,opaque_dependency_l6,checkpoint_transfer,adaptation_curve,effect_profile,1201,,,,,,,,,,,,,,,,,,,,,,,,,0.046875,,,0.0,,,0.725
transfer,transfer,from_scratch_full_aassr,opaque_dependency_l6,checkpoint_transfer,adaptation_curve,effect_profile,1259,,,,,,,,,,,,,,,,,,,,,,,,,0.046875,,,0.0,,,0.7333333333333334
transfer,transfer,from_scratch_full_aassr,opaque_dependency_l6,checkpoint_transfer,adaptation_curve,effect_profile,1301,,,,,,,,,,,,,,,,,,,,,,,,,0.1240234375,,,0.0,,,0.6625
transfer,transfer,from_scratch_full_aassr,opaque_dependency_l6,checkpoint_transfer,adaptation_curve,effect_profile,131,,,,,,,,,,,,,,,,,,,,,,,,,0.09375,,,0.0,,,0.6708333333333334
transfer,transfer,from_scratch_full_aassr,opaque_dependency_l6,checkpoint_transfer,adaptation_curve,effect_profile,1361,,,,,,,,,,,,,,,,,,,,,,,,,0.046875,,,0.0,,,0.7083333333333334
transfer,transfer,from_scratch_full_aassr,opaque_dependency_l6,checkpoint_transfer,adaptation_curve,effect_profile,1423,,,,,,,,,,,,,,,,,,,,,,,,,0.2255859375,,,0.0,,,0.6375
transfer,transfer,from_scratch_full_aassr,opaque_dependency_l6,checkpoint_transfer,adaptation_curve,effect_profile,1481,,,,,,,,,,,,,,,,,,,,,,,,,0.0,,,0.0,,,0.7625
transfer,transfer,from_scratch_full_aassr,opaque_dependency_l6,checkpoint_transfer,adaptation_curve,effect_profile,1543,,,,,,,,,,,,,,,,,,,,,,,,,0.10546875,,,0.0,,,0.7208333333333333
transfer,transfer,from_scratch_full_aassr,opaque_dependency_l6,checkpoint_transfer,adaptation_curve,effect_profile,1601,,,,,,,,,,,,,,,,,,,,,,,,,0.2578125,,,0.0,,,0.6
transfer,transfer,from_scratch_full_aassr,opaque_dependency_l6,checkpoint_transfer,adaptation_curve,effect_profile,173,,,,,,,,,,,,,,,,,,,,,,,,,0.046875,,,0.0,,,0.7166666666666667
transfer,transfer,from_scratch_full_aassr,opaque_dependency_l6,checkpoint_transfer,adaptation_curve,effect_profile,211,,,,,,,,,,,,,,,,,,,,,,,,,0.19921875,,,0.0,,,0.6791666666666666
transfer,transfer,from_scratch_full_aassr,opaque_dependency_l6,checkpoint_transfer,adaptation_curve,effect_profile,257,,,,,,,,,,,,,,,,,,,,,,,,,0.10546875,,,0.0,,,0.6916666666666667
transfer,transfer,from_scratch_full_aassr,opaque_dependency_l6,checkpoint_transfer,adaptation_curve,effect_profile,307,,,,,,,,,,,,,,,,,,,,,,,,,0.1669921875,,,0.0,,,0.6541666666666667
transfer,transfer,from_scratch_full_aassr,opaque_dependency_l6,checkpoint_transfer,adaptation_curve,effect_profile,353,,,,,,,,,,,,,,,,,,,,,,,,,0.10546875,,,0.0,,,0.7208333333333333
transfer,transfer,from_scratch_full_aassr,opaque_dependency_l6,checkpoint_transfer,adaptation_curve,effect_profile,401,,,,,,,,,,,,,,,,,,,,,,,,,0.046875,,,0.0,,,0.6833333333333333
transfer,transfer,from_scratch_full_aassr,opaque_dependency_l6,checkpoint_transfer,adaptation_curve,effect_profile,457,,,,,,,,,,,,,,,,,,,,,,,,,0.1201171875,,,0.0,,,0.6916666666666667
transfer,transfer,from_scratch_full_aassr,opaque_dependency_l6,checkpoint_transfer,adaptation_curve,effect_profile,503,,,,,,,,,,,,,,,,,,,,,,,,,0.2607421875,64,,0.0,0,,0.5791666666666666
transfer,transfer,from_scratch_full_aassr,opaque_dependency_l6,checkpoint_transfer,adaptation_curve,effect_profile,557,,,,,,,,,,,,,,,,,,,,,,,,,0.046875,,,0.0,,,0.7208333333333333
transfer,transfer,from_scratch_full_aassr,opaque_dependency_l6,checkpoint_transfer,adaptation_curve,effect_profile,601,,,,,,,,,,,,,,,,,,,,,,,,,0.31640625,,,0.0,,,0.6166666666666666
transfer,transfer,from_scratch_full_aassr,opaque_dependency_l6,checkpoint_transfer,adaptation_curve,effect_profile,659,,,,,,,,,,,,,,,,,,,,,,,,,0.2255859375,,,0.0,,,0.625
transfer,transfer,from_scratch_full_aassr,opaque_dependency_l6,checkpoint_transfer,adaptation_curve,effect_profile,701,,,,,,,,,,,,,,,,,,,,,,,,,0.10546875,,,0.0,,,0.6708333333333334
transfer,transfer,from_scratch_full_aassr,opaque_dependency_l6,checkpoint_transfer,adaptation_curve,effect_profile,761,,,,,,,,,,,,,,,,,,,,,,,,,0.1669921875,,,0.0,,,0.6625
transfer,transfer,from_scratch_full_aassr,opaque_dependency_l6,checkpoint_transfer,adaptation_curve,effect_profile,809,,,,,,,,,,,,,,,,,,,,,,,,,0.0,,,0.0,,,0.7666666666666666
transfer,transfer,from_scratch_full_aassr,opaque_dependency_l6,checkpoint_transfer,adaptation_curve,effect_profile,857,,,,,,,,,,,,,,,,,,,,,,,,,0.046875,,,0.0,,,0.75
transfer,transfer,from_scratch_full_aassr,opaque_dependency_l6,checkpoint_transfer,adaptation_curve,effect_profile,907,,,,,,,,,,,,,,,,,,,,,,,,,0.1669921875,,,0.0,,,0.6666666666666666
transfer,transfer,from_scratch_full_aassr,opaque_dependency_l6,checkpoint_transfer,adaptation_curve,effect_profile,953,,,,,,,,,,,,,,,,,,,,,,,,,0.1875,64,,0.0,0,,0.6541666666666667
transfer,transfer,full_transfer,opaque_dependency_l6,checkpoint_transfer,adaptation_curve,effect_profile,1009,,,,,,,,,,,,,,,,,,,,,,,,,0.046875,,,0.046875,,,0.7083333333333334
transfer,transfer,full_transfer,opaque_dependency_l6,checkpoint_transfer,adaptation_curve,effect_profile,1061,,,,,,,,,,,,,,,,,,,,,,,,,0.0,,,-0.046875,,,0.8
transfer,transfer,full_transfer,opaque_dependency_l6,checkpoint_transfer,adaptation_curve,effect_profile,1103,,,,,,,,,,,,,,,,,,,,,,,,,0.556640625,16,,0.298828125,,,0.44583333333333336
transfer,transfer,full_transfer,opaque_dependency_l6,checkpoint_transfer,adaptation_curve,effect_profile,1151,,,,,,,,,,,,,,,,,,,,,,,,,0.09375,,,0.046875,,,0.7166666666666667
transfer,transfer,full_transfer,opaque_dependency_l6,checkpoint_transfer,adaptation_curve,effect_profile,1201,,,,,,,,,,,,,,,,,,,,,,,,,0.0,,,-0.046875,,,0.8
transfer,transfer,full_transfer,opaque_dependency_l6,checkpoint_transfer,adaptation_curve,effect_profile,1259,,,,,,,,,,,,,,,,,,,,,,,,,0.1669921875,,,0.1201171875,,,0.6083333333333334
transfer,transfer,full_transfer,opaque_dependency_l6,checkpoint_transfer,adaptation_curve,effect_profile,1301,,,,,,,,,,,,,,,,,,,,,,,,,0.421875,16,,0.2978515625,,,0.5
transfer,transfer,full_transfer,opaque_dependency_l6,checkpoint_transfer,adaptation_curve,effect_profile,131,,,,,,,,,,,,,,,,,,,,,,,,,0.10546875,,,0.01171875,,,0.7166666666666667
transfer,transfer,full_transfer,opaque_dependency_l6,checkpoint_transfer,adaptation_curve,effect_profile,1361,,,,,,,,,,,,,,,,,,,,,,,,,0.09375,,,0.046875,,,0.7166666666666667
transfer,transfer,full_transfer,opaque_dependency_l6,checkpoint_transfer,adaptation_curve,effect_profile,1423,,,,,,,,,,,,,,,,,,,,,,,,,0.0,,,-0.2255859375,,,0.7666666666666666
transfer,transfer,full_transfer,opaque_dependency_l6,checkpoint_transfer,adaptation_curve,effect_profile,1481,,,,,,,,,,,,,,,,,,,,,,,,,0.2109375,,,0.2109375,,,0.6
transfer,transfer,full_transfer,opaque_dependency_l6,checkpoint_transfer,adaptation_curve,effect_profile,1543,,,,,,,,,,,,,,,,,,,,,,,,,0.19921875,,,0.09375,,,0.6333333333333334
transfer,transfer,full_transfer,opaque_dependency_l6,checkpoint_transfer,adaptation_curve,effect_profile,1601,,,,,,,,,,,,,,,,,,,,,,,,,0.10546875,,,-0.15234375,,,0.75
transfer,transfer,full_transfer,opaque_dependency_l6,checkpoint_transfer,adaptation_curve,effect_profile,173,,,,,,,,,,,,,,,,,,,,,,,,,0.140625,,,0.09375,,,0.725
transfer,transfer,full_transfer,opaque_dependency_l6,checkpoint_transfer,adaptation_curve,effect_profile,211,,,,,,,,,,,,,,,,,,,,,,,,,0.19921875,,,0.0,,,0.7
transfer,transfer,full_transfer,opaque_dependency_l6,checkpoint_transfer,adaptation_curve,effect_profile,257,,,,,,,,,,,,,,,,,,,,,,,,,0.09375,,,-0.01171875,,,0.7166666666666667
transfer,transfer,full_transfer,opaque_dependency_l6,checkpoint_transfer,adaptation_curve,effect_profile,307,,,,,,,,,,,,,,,,,,,,,,,,,0.15234375,,,-0.0146484375,,,0.6916666666666667
transfer,transfer,full_transfer,opaque_dependency_l6,checkpoint_transfer,adaptation_curve,effect_profile,353,,,,,,,,,,,,,,,,,,,,,,,,,0.10546875,,,0.0,,,0.75
transfer,transfer,full_transfer,opaque_dependency_l6,checkpoint_transfer,adaptation_curve,effect_profile,401,,,,,,,,,,,,,,,,,,,,,,,,,0.140625,,,0.09375,,,0.725
transfer,transfer,full_transfer,opaque_dependency_l6,checkpoint_transfer,adaptation_curve,effect_profile,457,,,,,,,,,,,,,,,,,,,,,,,,,0.09375,,,-0.0263671875,,,0.65
transfer,transfer,full_transfer,opaque_dependency_l6,checkpoint_transfer,adaptation_curve,effect_profile,503,,,,,,,,,,,,,,,,,,,,,,,,,0.09375,,,-0.1669921875,,,0.75
transfer,transfer,full_transfer,opaque_dependency_l6,checkpoint_transfer,adaptation_curve,effect_profile,557,,,,,,,,,,,,,,,,,,,,,,,,,0.1201171875,,,0.0732421875,,,0.6916666666666667
transfer,transfer,full_transfer,opaque_dependency_l6,checkpoint_transfer,adaptation_curve,effect_profile,601,,,,,,,,,,,,,,,,,,,,,,,,,0.046875,,,-0.26953125,,,0.775
transfer,transfer,full_transfer,opaque_dependency_l6,checkpoint_transfer,adaptation_curve,effect_profile,659,,,,,,,,,,,,,,,,,,,,,,,,,0.2109375,,,-0.0146484375,,,0.6333333333333334
transfer,transfer,full_transfer,opaque_dependency_l6,checkpoint_transfer,adaptation_curve,effect_profile,701,,,,,,,,,,,,,,,,,,,,,,,,,0.046875,,,-0.05859375,,,0.7416666666666666
transfer,transfer,full_transfer,opaque_dependency_l6,checkpoint_transfer,adaptation_curve,effect_profile,761,,,,,,,,,,,,,,,,,,,,,,,,,0.140625,,,-0.0263671875,,,0.725
transfer,transfer,full_transfer,opaque_dependency_l6,checkpoint_transfer,adaptation_curve,effect_profile,809,,,,,,,,,,,,,,,,,,,,,,,,,0.1201171875,,,0.1201171875,,,0.6916666666666667
transfer,transfer,full_transfer,opaque_dependency_l6,checkpoint_transfer,adaptation_curve,effect_profile,857,,,,,,,,,,,,,,,,,,,,,,,,,0.2607421875,64,,0.2138671875,,,0.5833333333333334
transfer,transfer,full_transfer,opaque_dependency_l6,checkpoint_transfer,adaptation_curve,effect_profile,907,,,,,,,,,,,,,,,,,,,,,,,,,0.046875,,,-0.1201171875,,,0.775
transfer,transfer,full_transfer,opaque_dependency_l6,checkpoint_transfer,adaptation_curve,effect_profile,953,,,,,,,,,,,,,,,,,,,,,,,,,0.046875,,,-0.140625,,,0.7416666666666666
transfer,transfer,policy_reset_effect_retained,opaque_dependency_l6,checkpoint_transfer,adaptation_curve,effect_profile,1009,,,,,,,,,,,,,,,,,,,,,,,,,0.046875,,,0.046875,,,0.7375
transfer,transfer,policy_reset_effect_retained,opaque_dependency_l6,checkpoint_transfer,adaptation_curve,effect_profile,1061,,,,,,,,,,,,,,,,,,,,,,,,,0.0,,,-0.046875,,,0.7458333333333333
transfer,transfer,policy_reset_effect_retained,opaque_dependency_l6,checkpoint_transfer,adaptation_curve,effect_profile,1103,,,,,,,,,,,,,,,,,,,,,,,,,0.345703125,,,0.087890625,,,0.5708333333333334
transfer,transfer,policy_reset_effect_retained,opaque_dependency_l6,checkpoint_transfer,adaptation_curve,effect_profile,1151,,,,,,,,,,,,,,,,,,,,,,,,,0.09375,,,0.046875,,,0.6958333333333334
transfer,transfer,policy_reset_effect_retained,opaque_dependency_l6,checkpoint_transfer,adaptation_curve,effect_profile,1201,,,,,,,,,,,,,,,,,,,,,,,,,0.2109375,,,0.1640625,,,0.6541666666666667
transfer,transfer,policy_reset_effect_retained,opaque_dependency_l6,checkpoint_transfer,adaptation_curve,effect_profile,1259,,,,,,,,,,,,,,,,,,,,,,,,,0.1669921875,,,0.1201171875,,,0.6666666666666666
transfer,transfer,policy_reset_effect_retained,opaque_dependency_l6,checkpoint_transfer,adaptation_curve,effect_profile,1301,,,,,,,,,,,,,,,,,,,,,,,,,0.5302734375,16,,0.40625,,,0.475
transfer,transfer,policy_reset_effect_retained,opaque_dependency_l6,checkpoint_transfer,adaptation_curve,effect_profile,131,,,,,,,,,,,,,,,,,,,,,,,,,0.10546875,,,0.01171875,,,0.6833333333333333
transfer,transfer,policy_reset_effect_retained,opaque_dependency_l6,checkpoint_transfer,adaptation_curve,effect_profile,1361,,,,,,,,,,,,,,,,,,,,,,,,,0.09375,,,0.046875,,,0.6916666666666667
transfer,transfer,policy_reset_effect_retained,opaque_dependency_l6,checkpoint_transfer,adaptation_curve,effect_profile,1423,,,,,,,,,,,,,,,,,,,,,,,,,0.09375,,,-0.1318359375,,,0.7125
transfer,transfer,policy_reset_effect_retained,opaque_dependency_l6,checkpoint_transfer,adaptation_curve,effect_profile,1481,,,,,,,,,,,,,,,,,,,,,,,,,0.0,,,0.0,,,0.7666666666666666
transfer,transfer,policy_reset_effect_retained,opaque_dependency_l6,checkpoint_transfer,adaptation_curve,effect_profile,1543,,,,,,,,,,,,,,,,,,,,,,,,,0.09375,,,-0.01171875,,,0.7291666666666666
transfer,transfer,policy_reset_effect_retained,opaque_dependency_l6,checkpoint_transfer,adaptation_curve,effect_profile,1601,,,,,,,,,,,,,,,,,,,,,,,,,0.2255859375,,,-0.0322265625,,,0.6
transfer,transfer,policy_reset_effect_retained,opaque_dependency_l6,checkpoint_transfer,adaptation_curve,effect_profile,173,,,,,,,,,,,,,,,,,,,,,,,,,0.1875,64,,0.140625,,,0.6583333333333333
transfer,transfer,policy_reset_effect_retained,opaque_dependency_l6,checkpoint_transfer,adaptation_curve,effect_profile,211,,,,,,,,,,,,,,,,,,,,,,,,,0.1669921875,,,-0.0322265625,,,0.6833333333333333
transfer,transfer,policy_reset_effect_retained,opaque_dependency_l6,checkpoint_transfer,adaptation_curve,effect_profile,257,,,,,,,,,,,,,,,,,,,,,,,,,0.09375,,,-0.01171875,,,0.7
transfer,transfer,policy_reset_effect_retained,opaque_dependency_l6,checkpoint_transfer,adaptation_curve,effect_profile,307,,,,,,,,,,,,,,,,,,,,,,,,,0.15234375,,,-0.0146484375,,,0.6916666666666667
transfer,transfer,policy_reset_effect_retained,opaque_dependency_l6,checkpoint_transfer,adaptation_curve,effect_profile,353,,,,,,,,,,,,,,,,,,,,,,,,,0.09375,,,-0.01171875,,,0.7291666666666666
transfer,transfer,policy_reset_effect_retained,opaque_dependency_l6,checkpoint_transfer,adaptation_curve,effect_profile,401,,,,,,,,,,,,,,,,,,,,,,,,,0.046875,,,0.0,,,0.725
transfer,transfer,policy_reset_effect_retained,opaque_dependency_l6,checkpoint_transfer,adaptation_curve,effect_profile,457,,,,,,,,,,,,,,,,,,,,,,,,,0.2255859375,,,0.10546875,,,0.6458333333333334
transfer,transfer,policy_reset_effect_retained,opaque_dependency_l6,checkpoint_transfer,adaptation_curve,effect_profile,503,,,,,,,,,,,,,,,,,,,,,,,,,0.09375,,,-0.1669921875,,,0.6791666666666666
transfer,transfer,policy_reset_effect_retained,opaque_dependency_l6,checkpoint_transfer,adaptation_curve,effect_profile,557,,,,,,,,,,,,,,,,,,,,,,,,,0.1201171875,,,0.0732421875,,,0.675
transfer,transfer,policy_reset_effect_retained,opaque_dependency_l6,checkpoint_transfer,adaptation_curve,effect_profile,601,,,,,,,,,,,,,,,,,,,,,,,,,0.0,,,-0.31640625,,,0.7791666666666667
transfer,transfer,policy_reset_effect_retained,opaque_dependency_l6,checkpoint_transfer,adaptation_curve,effect_profile,659,,,,,,,,,,,,,,,,,,,,,,,,,0.15234375,,,-0.0732421875,,,0.675
transfer,transfer,policy_reset_effect_retained,opaque_dependency_l6,checkpoint_transfer,adaptation_curve,effect_profile,701,,,,,,,,,,,,,,,,,,,,,,,,,0.09375,,,-0.01171875,,,0.6875
transfer,transfer,policy_reset_effect_retained,opaque_dependency_l6,checkpoint_transfer,adaptation_curve,effect_profile,761,,,,,,,,,,,,,,,,,,,,,,,,,0.046875,,,-0.1201171875,,,0.7583333333333334
transfer,transfer,policy_reset_effect_retained,opaque_dependency_l6,checkpoint_transfer,adaptation_curve,effect_profile,809,,,,,,,,,,,,,,,,,,,,,,,,,0.1201171875,,,0.1201171875,,,0.6916666666666667
transfer,transfer,policy_reset_effect_retained,opaque_dependency_l6,checkpoint_transfer,adaptation_curve,effect_profile,857,,,,,,,,,,,,,,,,,,,,,,,,,0.24609375,64,,0.19921875,,,0.65
transfer,transfer,policy_reset_effect_retained,opaque_dependency_l6,checkpoint_transfer,adaptation_curve,effect_profile,907,,,,,,,,,,,,,,,,,,,,,,,,,0.046875,,,-0.1201171875,,,0.7458333333333333
transfer,transfer,policy_reset_effect_retained,opaque_dependency_l6,checkpoint_transfer,adaptation_curve,effect_profile,953,,,,,,,,,,,,,,,,,,,,,,,,,0.046875,,,-0.140625,,,0.7291666666666666
transfer,transfer,policy_reset_prophecy_retained,opaque_dependency_l6,checkpoint_transfer,adaptation_curve,effect_profile,1009,,,,,,,,,,,,,,,,,,,,,,,,,0.10546875,,,0.10546875,,,0.6875
transfer,transfer,policy_reset_prophecy_retained,opaque_dependency_l6,checkpoint_transfer,adaptation_curve,effect_profile,1061,,,,,,,,,,,,,,,,,,,,,,,,,0.046875,,,0.0,,,0.7208333333333333
transfer,transfer,policy_reset_prophecy_retained,opaque_dependency_l6,checkpoint_transfer,adaptation_curve,effect_profile,1103,,,,,,,,,,,,,,,,,,,,,,,,,0.41015625,64,,0.15234375,,,0.5333333333333333
transfer,transfer,policy_reset_prophecy_retained,opaque_dependency_l6,checkpoint_transfer,adaptation_curve,effect_profile,1151,,,,,,,,,,,,,,,,,,,,,,,,,0.046875,,,0.0,,,0.7208333333333333
transfer,transfer,policy_reset_prophecy_retained,opaque_dependency_l6,checkpoint_transfer,adaptation_curve,effect_profile,1201,,,,,,,,,,,,,,,,,,,,,,,,,0.2109375,,,0.1640625,,,0.6375
transfer,transfer,policy_reset_prophecy_retained,opaque_dependency_l6,checkpoint_transfer,adaptation_curve,effect_profile,1259,,,,,,,,,,,,,,,,,,,,,,,,,0.1201171875,,,0.0732421875,,,0.6916666666666667
transfer,transfer,policy_reset_prophecy_retained,opaque_dependency_l6,checkpoint_transfer,adaptation_curve,effect_profile,1301,,,,,,,,,,,,,,,,,,,,,,,,,0.3193359375,64,,0.1953125,,,0.5583333333333333
transfer,transfer,policy_reset_prophecy_retained,opaque_dependency_l6,checkpoint_transfer,adaptation_curve,effect_profile,131,,,,,,,,,,,,,,,,,,,,,,,,,0.15234375,,,0.05859375,,,0.6541666666666667
transfer,transfer,policy_reset_prophecy_retained,opaque_dependency_l6,checkpoint_transfer,adaptation_curve,effect_profile,1361,,,,,,,,,,,,,,,,,,,,,,,,,0.09375,,,0.046875,,,0.6916666666666667
transfer,transfer,policy_reset_prophecy_retained,opaque_dependency_l6,checkpoint_transfer,adaptation_curve,effect_profile,1423,,,,,,,,,,,,,,,,,,,,,,,,,0.1669921875,,,-0.05859375,,,0.6625
transfer,transfer,policy_reset_prophecy_retained,opaque_dependency_l6,checkpoint_transfer,adaptation_curve,effect_profile,1481,,,,,,,,,,,,,,,,,,,,,,,,,0.10546875,,,0.10546875,,,0.7125
transfer,transfer,policy_reset_prophecy_retained,opaque_dependency_l6,checkpoint_transfer,adaptation_curve,effect_profile,1543,,,,,,,,,,,,,,,,,,,,,,,,,0.0,,,-0.10546875,,,0.775
transfer,transfer,policy_reset_prophecy_retained,opaque_dependency_l6,checkpoint_transfer,adaptation_curve,effect_profile,1601,,,,,,,,,,,,,,,,,,,,,,,,,0.1201171875,,,-0.1376953125,,,0.65
transfer,transfer,policy_reset_prophecy_retained,opaque_dependency_l6,checkpoint_transfer,adaptation_curve,effect_profile,173,,,,,,,,,,,,,,,,,,,,,,,,,0.140625,,,0.09375,,,0.6666666666666666
transfer,transfer,policy_reset_prophecy_retained,opaque_dependency_l6,checkpoint_transfer,adaptation_curve,effect_profile,211,,,,,,,,,,,,,,,,,,,,,,,,,0.1669921875,,,-0.0322265625,,,0.6833333333333333
transfer,transfer,policy_reset_prophecy_retained,opaque_dependency_l6,checkpoint_transfer,adaptation_curve,effect_profile,257,,,,,,,,,,,,,,,,,,,,,,,,,0.09375,,,-0.01171875,,,0.6916666666666667
transfer,transfer,policy_reset_prophecy_retained,opaque_dependency_l6,checkpoint_transfer,adaptation_curve,effect_profile,307,,,,,,,,,,,,,,,,,,,,,,,,,0.31640625,,,0.1494140625,,,0.6125
transfer,transfer,policy_reset_prophecy_retained,opaque_dependency_l6,checkpoint_transfer,adaptation_curve,effect_profile,353,,,,,,,,,,,,,,,,,,,,,,,,,0.10546875,,,0.0,,,0.7291666666666666
transfer,transfer,policy_reset_prophecy_retained,opaque_dependency_l6,checkpoint_transfer,adaptation_curve,effect_profile,401,,,,,,,,,,,,,,,,,,,,,,,,,0.09375,,,0.046875,,,0.6791666666666666
transfer,transfer,policy_reset_prophecy_retained,opaque_dependency_l6,checkpoint_transfer,adaptation_curve,effect_profile,457,,,,,,,,,,,,,,,,,,,,,,,,,0.1669921875,,,0.046875,,,0.6708333333333334
transfer,transfer,policy_reset_prophecy_retained,opaque_dependency_l6,checkpoint_transfer,adaptation_curve,effect_profile,503,,,,,,,,,,,,,,,,,,,,,,,,,0.140625,,,-0.1201171875,,,0.6541666666666667
transfer,transfer,policy_reset_prophecy_retained,opaque_dependency_l6,checkpoint_transfer,adaptation_curve,effect_profile,557,,,,,,,,,,,,,,,,,,,,,,,,,0.1201171875,,,0.0732421875,,,0.65
transfer,transfer,policy_reset_prophecy_retained,opaque_dependency_l6,checkpoint_transfer,adaptation_curve,effect_profile,601,,,,,,,,,,,,,,,,,,,,,,,,,0.09375,,,-0.22265625,,,0.7125
transfer,transfer,policy_reset_prophecy_retained,opaque_dependency_l6,checkpoint_transfer,adaptation_curve,effect_profile,659,,,,,,,,,,,,,,,,,,,,,,,,,0.10546875,,,-0.1201171875,,,0.6916666666666667
transfer,transfer,policy_reset_prophecy_retained,opaque_dependency_l6,checkpoint_transfer,adaptation_curve,effect_profile,701,,,,,,,,,,,,,,,,,,,,,,,,,0.15234375,,,0.046875,,,0.6583333333333333
transfer,transfer,policy_reset_prophecy_retained,opaque_dependency_l6,checkpoint_transfer,adaptation_curve,effect_profile,761,,,,,,,,,,,,,,,,,,,,,,,,,0.15234375,,,-0.0146484375,,,0.7083333333333334
transfer,transfer,policy_reset_prophecy_retained,opaque_dependency_l6,checkpoint_transfer,adaptation_curve,effect_profile,809,,,,,,,,,,,,,,,,,,,,,,,,,0.1201171875,,,0.1201171875,,,0.6916666666666667
transfer,transfer,policy_reset_prophecy_retained,opaque_dependency_l6,checkpoint_transfer,adaptation_curve,effect_profile,857,,,,,,,,,,,,,,,,,,,,,,,,,0.09375,,,0.046875,,,0.7041666666666666
transfer,transfer,policy_reset_prophecy_retained,opaque_dependency_l6,checkpoint_transfer,adaptation_curve,effect_profile,907,,,,,,,,,,,,,,,,,,,,,,,,,0.1669921875,,,0.0,,,0.6708333333333334
transfer,transfer,policy_reset_prophecy_retained,opaque_dependency_l6,checkpoint_transfer,adaptation_curve,effect_profile,953,,,,,,,,,,,,,,,,,,,,,,,,,0.046875,,,-0.140625,,,0.7083333333333334
