experiment,suite,environment,phase,metric,target,baseline,paired_seed_count,target_mean,baseline_mean,paired_mean_difference,ci95_low,ci95_high,effect_size_dz,p_value,oracle_excluded,p_value_holm
ablation,ablation,opaque_dependency_l6,evaluation_seen,success,full_aassr,contextual_policy,30,0.0,0.0,0.0,0.0,0.0,0.0,1.0,True,1.0
ablation,ablation,opaque_dependency_l6,evaluation_seen,steps,full_aassr,contextual_policy,30,6.0,6.0,0.0,0.0,0.0,0.0,1.0,True,1.0
ablation,ablation,opaque_dependency_l6,evaluation_seen,high_level_steps,full_aassr,contextual_policy,30,6.0,6.0,0.0,0.0,0.0,0.0,1.0,True,1.0
ablation,ablation,opaque_dependency_l6,evaluation_seen,primitive_steps,full_aassr,contextual_policy,30,6.0,6.0,0.0,0.0,0.0,0.0,1.0,True,1.0
ablation,ablation,opaque_dependency_l6,evaluation_seen,reward,full_aassr,contextual_policy,30,0.0,0.0,0.0,0.0,0.0,0.0,1.0,True,1.0
ablation,ablation,opaque_dependency_l6,evaluation_seen,errors,full_aassr,contextual_policy,30,0.0,0.0,0.0,0.0,0.0,0.0,1.0,True,1.0
ablation,ablation,opaque_dependency_l6,evaluation_seen,repeats,full_aassr,contextual_policy,30,0.0,0.0,0.0,0.0,0.0,0.0,1.0,True,1.0
ablation,ablation,opaque_dependency_l6,evaluation_seen,prediction_score,full_aassr,contextual_policy,30,0.0,0.0,0.0,0.0,0.0,0.0,1.0,True,1.0
ablation,ablation,opaque_dependency_l6,evaluation_seen,holdout_score,full_aassr,contextual_policy,30,1.0,0.0,1.0,1.0,1.0,0.0,4.999750012499375e-05,True,0.0020998950052497373
ablation,ablation,opaque_dependency_l6,evaluation_seen,imagined_nodes,full_aassr,contextual_policy,30,0.0,0.0,0.0,0.0,0.0,0.0,1.0,True,1.0
ablation,ablation,opaque_dependency_l6,evaluation_seen,imagination_depth,full_aassr,contextual_policy,30,0.0,0.0,0.0,0.0,0.0,0.0,1.0,True,1.0
ablation,ablation,opaque_dependency_l6,evaluation_seen,actual_return,full_aassr,contextual_policy,30,0.0,0.0,0.0,0.0,0.0,0.0,1.0,True,1.0
ablation,ablation,opaque_dependency_l6,evaluation_seen,runtime_seconds,full_aassr,contextual_policy,30,0.003473828750201695,0.0032557579499649966,0.00021807080023669798,5.937625043346396e-05,0.00038110549999692013,0.4643694958279451,0.017399130043497826,True,0.7307634618269087
ablation,ablation,opaque_dependency_l6,evaluation_seen,real_transitions,full_aassr,contextual_policy,30,6.0,6.0,0.0,0.0,0.0,0.0,1.0,True,1.0
ablation,ablation,opaque_dependency_l6,evaluation_seen,imagined_transitions,full_aassr,contextual_policy,30,0.0,0.0,0.0,0.0,0.0,0.0,1.0,True,1.0
ablation,ablation,opaque_dependency_l6,evaluation_seen,action_proposals,full_aassr,contextual_policy,30,6.0,6.0,0.0,0.0,0.0,0.0,1.0,True,1.0
ablation,ablation,opaque_dependency_l6,evaluation_seen,repeat_rate,full_aassr,contextual_policy,30,0.0,0.0,0.0,0.0,0.0,0.0,1.0,True,1.0
ablation,ablation,opaque_dependency_l6,evaluation_seen,error_rate,full_aassr,contextual_policy,30,0.0,0.0,0.0,0.0,0.0,0.0,1.0,True,1.0
ablation,ablation,opaque_dependency_l6,evaluation_seen,success,full_aassr,full_depth1_branch1_max,30,0.0,0.0,0.0,0.0,0.0,0.0,1.0,True,1.0
ablation,ablation,opaque_dependency_l6,evaluation_seen,steps,full_aassr,full_depth1_branch1_max,30,6.0,6.0,0.0,0.0,0.0,0.0,1.0,True,1.0
ablation,ablation,opaque_dependency_l6,evaluation_seen,high_level_steps,full_aassr,full_depth1_branch1_max,30,6.0,6.0,0.0,0.0,0.0,0.0,1.0,True,1.0
ablation,ablation,opaque_dependency_l6,evaluation_seen,primitive_steps,full_aassr,full_depth1_branch1_max,30,6.0,6.0,0.0,0.0,0.0,0.0,1.0,True,1.0
ablation,ablation,opaque_dependency_l6,evaluation_seen,reward,full_aassr,full_depth1_branch1_max,30,0.0,0.0,0.0,0.0,0.0,0.0,1.0,True,1.0
ablation,ablation,opaque_dependency_l6,evaluation_seen,errors,full_aassr,full_depth1_branch1_max,30,0.0,0.0,0.0,0.0,0.0,0.0,1.0,True,1.0
ablation,ablation,opaque_dependency_l6,evaluation_seen,repeats,full_aassr,full_depth1_branch1_max,30,0.0,0.0,0.0,0.0,0.0,0.0,1.0,True,1.0
ablation,ablation,opaque_dependency_l6,evaluation_seen,prediction_score,full_aassr,full_depth1_branch1_max,30,0.0,0.0,0.0,0.0,0.0,0.0,1.0,True,1.0
ablation,ablation,opaque_dependency_l6,evaluation_seen,holdout_score,full_aassr,full_depth1_branch1_max,30,1.0,1.0,0.0,0.0,0.0,0.0,1.0,True,1.0
ablation,ablation,opaque_dependency_l6,evaluation_seen,imagined_nodes,full_aassr,full_depth1_branch1_max,30,0.0,0.0,0.0,0.0,0.0,0.0,1.0,True,1.0
ablation,ablation,opaque_dependency_l6,evaluation_seen,imagination_depth,full_aassr,full_depth1_branch1_max,30,0.0,0.0,0.0,0.0,0.0,0.0,1.0,True,1.0
ablation,ablation,opaque_dependency_l6,evaluation_seen,actual_return,full_aassr,full_depth1_branch1_max,30,0.0,0.0,0.0,0.0,0.0,0.0,1.0,True,1.0
ablation,ablation,opaque_dependency_l6,evaluation_seen,runtime_seconds,full_aassr,full_depth1_branch1_max,30,0.003473828750201695,0.0034660751998890193,7.753550312675897e-06,-0.0002071968830132391,0.00021685206679588498,0.012780433236562251,0.943302834858257,True,1.0
ablation,ablation,opaque_dependency_l6,evaluation_seen,real_transitions,full_aassr,full_depth1_branch1_max,30,6.0,6.0,0.0,0.0,0.0,0.0,1.0,True,1.0
ablation,ablation,opaque_dependency_l6,evaluation_seen,imagined_transitions,full_aassr,full_depth1_branch1_max,30,0.0,0.0,0.0,0.0,0.0,0.0,1.0,True,1.0
ablation,ablation,opaque_dependency_l6,evaluation_seen,action_proposals,full_aassr,full_depth1_branch1_max,30,6.0,6.0,0.0,0.0,0.0,0.0,1.0,True,1.0
ablation,ablation,opaque_dependency_l6,evaluation_seen,repeat_rate,full_aassr,full_depth1_branch1_max,30,0.0,0.0,0.0,0.0,0.0,0.0,1.0,True,1.0
ablation,ablation,opaque_dependency_l6,evaluation_seen,error_rate,full_aassr,full_depth1_branch1_max,30,0.0,0.0,0.0,0.0,0.0,0.0,1.0,True,1.0
ablation,ablation,opaque_dependency_l6,evaluation_seen,success,full_aassr,full_depth1_branch1_mean,30,0.0,0.0,0.0,0.0,0.0,0.0,1.0,True,1.0
ablation,ablation,opaque_dependency_l6,evaluation_seen,steps,full_aassr,full_depth1_branch1_mean,30,6.0,6.0,0.0,0.0,0.0,0.0,1.0,True,1.0
ablation,ablation,opaque_dependency_l6,evaluation_seen,high_level_steps,full_aassr,full_depth1_branch1_mean,30,6.0,6.0,0.0,0.0,0.0,0.0,1.0,True,1.0
ablation,ablation,opaque_dependency_l6,evaluation_seen,primitive_steps,full_aassr,full_depth1_branch1_mean,30,6.0,6.0,0.0,0.0,0.0,0.0,1.0,True,1.0
ablation,ablation,opaque_dependency_l6,evaluation_seen,reward,full_aassr,full_depth1_branch1_mean,30,0.0,0.0,0.0,0.0,0.0,0.0,1.0,True,1.0
ablation,ablation,opaque_dependency_l6,evaluation_seen,errors,full_aassr,full_depth1_branch1_mean,30,0.0,0.0,0.0,0.0,0.0,0.0,1.0,True,1.0
ablation,ablation,opaque_dependency_l6,evaluation_seen,repeats,full_aassr,full_depth1_branch1_mean,30,0.0,0.0,0.0,0.0,0.0,0.0,1.0,True,1.0
ablation,ablation,opaque_dependency_l6,evaluation_seen,prediction_score,full_aassr,full_depth1_branch1_mean,30,0.0,0.0,0.0,0.0,0.0,0.0,1.0,True,1.0
ablation,ablation,opaque_dependency_l6,evaluation_seen,holdout_score,full_aassr,full_depth1_branch1_mean,30,1.0,1.0,0.0,0.0,0.0,0.0,1.0,True,1.0
ablation,ablation,opaque_dependency_l6,evaluation_seen,imagined_nodes,full_aassr,full_depth1_branch1_mean,30,0.0,0.0,0.0,0.0,0.0,0.0,1.0,True,1.0
ablation,ablation,opaque_dependency_l6,evaluation_seen,imagination_depth,full_aassr,full_depth1_branch1_mean,30,0.0,0.0,0.0,0.0,0.0,0.0,1.0,True,1.0
ablation,ablation,opaque_dependency_l6,evaluation_seen,actual_return,full_aassr,full_depth1_branch1_mean,30,0.0,0.0,0.0,0.0,0.0,0.0,1.0,True,1.0
ablation,ablation,opaque_dependency_l6,evaluation_seen,runtime_seconds,full_aassr,full_depth1_branch1_mean,30,0.003473828750201695,0.0034990918501328757,-2.5263099931180496e-05,-0.0002506225333199836,0.00021278788351628466,-0.03811685130223528,0.8382080895955202,True,1.0
ablation,ablation,opaque_dependency_l6,evaluation_seen,real_transitions,full_aassr,full_depth1_branch1_mean,30,6.0,6.0,0.0,0.0,0.0,0.0,1.0,True,1.0
ablation,ablation,opaque_dependency_l6,evaluation_seen,imagined_transitions,full_aassr,full_depth1_branch1_mean,30,0.0,0.0,0.0,0.0,0.0,0.0,1.0,True,1.0
ablation,ablation,opaque_dependency_l6,evaluation_seen,action_proposals,full_aassr,full_depth1_branch1_mean,30,6.0,6.0,0.0,0.0,0.0,0.0,1.0,True,1.0
ablation,ablation,opaque_dependency_l6,evaluation_seen,repeat_rate,full_aassr,full_depth1_branch1_mean,30,0.0,0.0,0.0,0.0,0.0,0.0,1.0,True,1.0
ablation,ablation,opaque_dependency_l6,evaluation_seen,error_rate,full_aassr,full_depth1_branch1_mean,30,0.0,0.0,0.0,0.0,0.0,0.0,1.0,True,1.0
ablation,ablation,opaque_dependency_l6,evaluation_seen,success,full_aassr,full_depth1_branch1_risk-adjusted,30,0.0,0.0,0.0,0.0,0.0,0.0,1.0,True,1.0
ablation,ablation,opaque_dependency_l6,evaluation_seen,steps,full_aassr,full_depth1_branch1_risk-adjusted,30,6.0,6.0,0.0,0.0,0.0,0.0,1.0,True,1.0
ablation,ablation,opaque_dependency_l6,evaluation_seen,high_level_steps,full_aassr,full_depth1_branch1_risk-adjusted,30,6.0,6.0,0.0,0.0,0.0,0.0,1.0,True,1.0
ablation,ablation,opaque_dependency_l6,evaluation_seen,primitive_steps,full_aassr,full_depth1_branch1_risk-adjusted,30,6.0,6.0,0.0,0.0,0.0,0.0,1.0,True,1.0
ablation,ablation,opaque_dependency_l6,evaluation_seen,reward,full_aassr,full_depth1_branch1_risk-adjusted,30,0.0,0.0,0.0,0.0,0.0,0.0,1.0,True,1.0
ablation,ablation,opaque_dependency_l6,evaluation_seen,errors,full_aassr,full_depth1_branch1_risk-adjusted,30,0.0,0.0,0.0,0.0,0.0,0.0,1.0,True,1.0
ablation,ablation,opaque_dependency_l6,evaluation_seen,repeats,full_aassr,full_depth1_branch1_risk-adjusted,30,0.0,0.0,0.0,0.0,0.0,0.0,1.0,True,1.0
ablation,ablation,opaque_dependency_l6,evaluation_seen,prediction_score,full_aassr,full_depth1_branch1_risk-adjusted,30,0.0,0.0,0.0,0.0,0.0,0.0,1.0,True,1.0
ablation,ablation,opaque_dependency_l6,evaluation_seen,holdout_score,full_aassr,full_depth1_branch1_risk-adjusted,30,1.0,1.0,0.0,0.0,0.0,0.0,1.0,True,1.0
ablation,ablation,opaque_dependency_l6,evaluation_seen,imagined_nodes,full_aassr,full_depth1_branch1_risk-adjusted,30,0.0,0.0,0.0,0.0,0.0,0.0,1.0,True,1.0
ablation,ablation,opaque_dependency_l6,evaluation_seen,imagination_depth,full_aassr,full_depth1_branch1_risk-adjusted,30,0.0,0.0,0.0,0.0,0.0,0.0,1.0,True,1.0
ablation,ablation,opaque_dependency_l6,evaluation_seen,actual_return,full_aassr,full_depth1_branch1_risk-adjusted,30,0.0,0.0,0.0,0.0,0.0,0.0,1.0,True,1.0
ablation,ablation,opaque_dependency_l6,evaluation_seen,runtime_seconds,full_aassr,full_depth1_branch1_risk-adjusted,30,0.003473828750201695,0.0034327045332853837,4.112421691631128e-05,-0.00017210814966529136,0.000245846300245224,0.06812626752792356,0.7112644367781611,True,1.0
ablation,ablation,opaque_dependency_l6,evaluation_seen,real_transitions,full_aassr,full_depth1_branch1_risk-adjusted,30,6.0,6.0,0.0,0.0,0.0,0.0,1.0,True,1.0
ablation,ablation,opaque_dependency_l6,evaluation_seen,imagined_transitions,full_aassr,full_depth1_branch1_risk-adjusted,30,0.0,0.0,0.0,0.0,0.0,0.0,1.0,True,1.0
ablation,ablation,opaque_dependency_l6,evaluation_seen,action_proposals,full_aassr,full_depth1_branch1_risk-adjusted,30,6.0,6.0,0.0,0.0,0.0,0.0,1.0,True,1.0
ablation,ablation,opaque_dependency_l6,evaluation_seen,repeat_rate,full_aassr,full_depth1_branch1_risk-adjusted,30,0.0,0.0,0.0,0.0,0.0,0.0,1.0,True,1.0
ablation,ablation,opaque_dependency_l6,evaluation_seen,error_rate,full_aassr,full_depth1_branch1_risk-adjusted,30,0.0,0.0,0.0,0.0,0.0,0.0,1.0,True,1.0
ablation,ablation,opaque_dependency_l6,evaluation_seen,success,full_aassr,full_depth1_branch2_max,30,0.0,0.0,0.0,0.0,0.0,0.0,1.0,True,1.0
ablation,ablation,opaque_dependency_l6,evaluation_seen,steps,full_aassr,full_depth1_branch2_max,30,6.0,6.0,0.0,0.0,0.0,0.0,1.0,True,1.0
ablation,ablation,opaque_dependency_l6,evaluation_seen,high_level_steps,full_aassr,full_depth1_branch2_max,30,6.0,6.0,0.0,0.0,0.0,0.0,1.0,True,1.0
ablation,ablation,opaque_dependency_l6,evaluation_seen,primitive_steps,full_aassr,full_depth1_branch2_max,30,6.0,6.0,0.0,0.0,0.0,0.0,1.0,True,1.0
ablation,ablation,opaque_dependency_l6,evaluation_seen,reward,full_aassr,full_depth1_branch2_max,30,0.0,0.0,0.0,0.0,0.0,0.0,1.0,True,1.0
ablation,ablation,opaque_dependency_l6,evaluation_seen,errors,full_aassr,full_depth1_branch2_max,30,0.0,0.0,0.0,0.0,0.0,0.0,1.0,True,1.0
ablation,ablation,opaque_dependency_l6,evaluation_seen,repeats,full_aassr,full_depth1_branch2_max,30,0.0,0.0,0.0,0.0,0.0,0.0,1.0,True,1.0
ablation,ablation,opaque_dependency_l6,evaluation_seen,prediction_score,full_aassr,full_depth1_branch2_max,30,0.0,0.0,0.0,0.0,0.0,0.0,1.0,True,1.0
ablation,ablation,opaque_dependency_l6,evaluation_seen,holdout_score,full_aassr,full_depth1_branch2_max,30,1.0,1.0,0.0,0.0,0.0,0.0,1.0,True,1.0
ablation,ablation,opaque_dependency_l6,evaluation_seen,imagined_nodes,full_aassr,full_depth1_branch2_max,30,0.0,0.0,0.0,0.0,0.0,0.0,1.0,True,1.0
ablation,ablation,opaque_dependency_l6,evaluation_seen,imagination_depth,full_aassr,full_depth1_branch2_max,30,0.0,0.0,0.0,0.0,0.0,0.0,1.0,True,1.0
ablation,ablation,opaque_dependency_l6,evaluation_seen,actual_return,full_aassr,full_depth1_branch2_max,30,0.0,0.0,0.0,0.0,0.0,0.0,1.0,True,1.0
ablation,ablation,opaque_dependency_l6,evaluation_seen,runtime_seconds,full_aassr,full_depth1_branch2_max,30,0.003473828750201695,0.003627874866845862,-0.00015404611664416736,-0.0003904554002607862,8.453241680884576e-05,-0.2286058498124455,0.2216889155542223,True,1.0
ablation,ablation,opaque_dependency_l6,evaluation_seen,real_transitions,full_aassr,full_depth1_branch2_max,30,6.0,6.0,0.0,0.0,0.0,0.0,1.0,True,1.0
ablation,ablation,opaque_dependency_l6,evaluation_seen,imagined_transitions,full_aassr,full_depth1_branch2_max,30,0.0,0.0,0.0,0.0,0.0,0.0,1.0,True,1.0
ablation,ablation,opaque_dependency_l6,evaluation_seen,action_proposals,full_aassr,full_depth1_branch2_max,30,6.0,6.0,0.0,0.0,0.0,0.0,1.0,True,1.0
ablation,ablation,opaque_dependency_l6,evaluation_seen,repeat_rate,full_aassr,full_depth1_branch2_max,30,0.0,0.0,0.0,0.0,0.0,0.0,1.0,True,1.0
ablation,ablation,opaque_dependency_l6,evaluation_seen,error_rate,full_aassr,full_depth1_branch2_max,30,0.0,0.0,0.0,0.0,0.0,0.0,1.0,True,1.0
ablation,ablation,opaque_dependency_l6,evaluation_seen,success,full_aassr,full_depth1_branch2_mean,30,0.0,0.0,0.0,0.0,0.0,0.0,1.0,True,1.0
ablation,ablation,opaque_dependency_l6,evaluation_seen,steps,full_aassr,full_depth1_branch2_mean,30,6.0,6.0,0.0,0.0,0.0,0.0,1.0,True,1.0
ablation,ablation,opaque_dependency_l6,evaluation_seen,high_level_steps,full_aassr,full_depth1_branch2_mean,30,6.0,6.0,0.0,0.0,0.0,0.0,1.0,True,1.0
ablation,ablation,opaque_dependency_l6,evaluation_seen,primitive_steps,full_aassr,full_depth1_branch2_mean,30,6.0,6.0,0.0,0.0,0.0,0.0,1.0,True,1.0
ablation,ablation,opaque_dependency_l6,evaluation_seen,reward,full_aassr,full_depth1_branch2_mean,30,0.0,0.0,0.0,0.0,0.0,0.0,1.0,True,1.0
ablation,ablation,opaque_dependency_l6,evaluation_seen,errors,full_aassr,full_depth1_branch2_mean,30,0.0,0.0,0.0,0.0,0.0,0.0,1.0,True,1.0
ablation,ablation,opaque_dependency_l6,evaluation_seen,repeats,full_aassr,full_depth1_branch2_mean,30,0.0,0.0,0.0,0.0,0.0,0.0,1.0,True,1.0
ablation,ablation,opaque_dependency_l6,evaluation_seen,prediction_score,full_aassr,full_depth1_branch2_mean,30,0.0,0.0,0.0,0.0,0.0,0.0,1.0,True,1.0
ablation,ablation,opaque_dependency_l6,evaluation_seen,holdout_score,full_aassr,full_depth1_branch2_mean,30,1.0,1.0,0.0,0.0,0.0,0.0,1.0,True,1.0
ablation,ablation,opaque_dependency_l6,evaluation_seen,imagined_nodes,full_aassr,full_depth1_branch2_mean,30,0.0,0.0,0.0,0.0,0.0,0.0,1.0,True,1.0
ablation,ablation,opaque_dependency_l6,evaluation_seen,imagination_depth,full_aassr,full_depth1_branch2_mean,30,0.0,0.0,0.0,0.0,0.0,0.0,1.0,True,1.0
ablation,ablation,opaque_dependency_l6,evaluation_seen,actual_return,full_aassr,full_depth1_branch2_mean,30,0.0,0.0,0.0,0.0,0.0,0.0,1.0,True,1.0
ablation,ablation,opaque_dependency_l6,evaluation_seen,runtime_seconds,full_aassr,full_depth1_branch2_mean,30,0.003473828750201695,0.0034898933832737387,-1.606463307204345e-05,-0.00020103343273998082,0.00017119713366264472,-0.029318331763577406,0.8725063746812659,True,1.0
ablation,ablation,opaque_dependency_l6,evaluation_seen,real_transitions,full_aassr,full_depth1_branch2_mean,30,6.0,6.0,0.0,0.0,0.0,0.0,1.0,True,1.0
ablation,ablation,opaque_dependency_l6,evaluation_seen,imagined_transitions,full_aassr,full_depth1_branch2_mean,30,0.0,0.0,0.0,0.0,0.0,0.0,1.0,True,1.0
ablation,ablation,opaque_dependency_l6,evaluation_seen,action_proposals,full_aassr,full_depth1_branch2_mean,30,6.0,6.0,0.0,0.0,0.0,0.0,1.0,True,1.0
ablation,ablation,opaque_dependency_l6,evaluation_seen,repeat_rate,full_aassr,full_depth1_branch2_mean,30,0.0,0.0,0.0,0.0,0.0,0.0,1.0,True,1.0
ablation,ablation,opaque_dependency_l6,evaluation_seen,error_rate,full_aassr,full_depth1_branch2_mean,30,0.0,0.0,0.0,0.0,0.0,0.0,1.0,True,1.0
ablation,ablation,opaque_dependency_l6,evaluation_seen,success,full_aassr,full_depth1_branch2_risk-adjusted,30,0.0,0.0,0.0,0.0,0.0,0.0,1.0,True,1.0
ablation,ablation,opaque_dependency_l6,evaluation_seen,steps,full_aassr,full_depth1_branch2_risk-adjusted,30,6.0,6.0,0.0,0.0,0.0,0.0,1.0,True,1.0
ablation,ablation,opaque_dependency_l6,evaluation_seen,high_level_steps,full_aassr,full_depth1_branch2_risk-adjusted,30,6.0,6.0,0.0,0.0,0.0,0.0,1.0,True,1.0
ablation,ablation,opaque_dependency_l6,evaluation_seen,primitive_steps,full_aassr,full_depth1_branch2_risk-adjusted,30,6.0,6.0,0.0,0.0,0.0,0.0,1.0,True,1.0
ablation,ablation,opaque_dependency_l6,evaluation_seen,reward,full_aassr,full_depth1_branch2_risk-adjusted,30,0.0,0.0,0.0,0.0,0.0,0.0,1.0,True,1.0
ablation,ablation,opaque_dependency_l6,evaluation_seen,errors,full_aassr,full_depth1_branch2_risk-adjusted,30,0.0,0.0,0.0,0.0,0.0,0.0,1.0,True,1.0
ablation,ablation,opaque_dependency_l6,evaluation_seen,repeats,full_aassr,full_depth1_branch2_risk-adjusted,30,0.0,0.0,0.0,0.0,0.0,0.0,1.0,True,1.0
ablation,ablation,opaque_dependency_l6,evaluation_seen,prediction_score,full_aassr,full_depth1_branch2_risk-adjusted,30,0.0,0.0,0.0,0.0,0.0,0.0,1.0,True,1.0
ablation,ablation,opaque_dependency_l6,evaluation_seen,holdout_score,full_aassr,full_depth1_branch2_risk-adjusted,30,1.0,1.0,0.0,0.0,0.0,0.0,1.0,True,1.0
ablation,ablation,opaque_dependency_l6,evaluation_seen,imagined_nodes,full_aassr,full_depth1_branch2_risk-adjusted,30,0.0,0.0,0.0,0.0,0.0,0.0,1.0,True,1.0
ablation,ablation,opaque_dependency_l6,evaluation_seen,imagination_depth,full_aassr,full_depth1_branch2_risk-adjusted,30,0.0,0.0,0.0,0.0,0.0,0.0,1.0,True,1.0
ablation,ablation,opaque_dependency_l6,evaluation_seen,actual_return,full_aassr,full_depth1_branch2_risk-adjusted,30,0.0,0.0,0.0,0.0,0.0,0.0,1.0,True,1.0
ablation,ablation,opaque_dependency_l6,evaluation_seen,runtime_seconds,full_aassr,full_depth1_branch2_risk-adjusted,30,0.003473828750201695,0.0037015333665234114,-0.00022770461632171644,-0.0004034329497371801,-5.640446633818403e-05,-0.46276859382491287,0.018199090045497725,True,0.7461626918654067
ablation,ablation,opaque_dependency_l6,evaluation_seen,real_transitions,full_aassr,full_depth1_branch2_risk-adjusted,30,6.0,6.0,0.0,0.0,0.0,0.0,1.0,True,1.0
ablation,ablation,opaque_dependency_l6,evaluation_seen,imagined_transitions,full_aassr,full_depth1_branch2_risk-adjusted,30,0.0,0.0,0.0,0.0,0.0,0.0,1.0,True,1.0
ablation,ablation,opaque_dependency_l6,evaluation_seen,action_proposals,full_aassr,full_depth1_branch2_risk-adjusted,30,6.0,6.0,0.0,0.0,0.0,0.0,1.0,True,1.0
ablation,ablation,opaque_dependency_l6,evaluation_seen,repeat_rate,full_aassr,full_depth1_branch2_risk-adjusted,30,0.0,0.0,0.0,0.0,0.0,0.0,1.0,True,1.0
ablation,ablation,opaque_dependency_l6,evaluation_seen,error_rate,full_aassr,full_depth1_branch2_risk-adjusted,30,0.0,0.0,0.0,0.0,0.0,0.0,1.0,True,1.0
ablation,ablation,opaque_dependency_l6,evaluation_seen,success,full_aassr,full_depth1_branch4_max,30,0.0,0.0,0.0,0.0,0.0,0.0,1.0,True,1.0
ablation,ablation,opaque_dependency_l6,evaluation_seen,steps,full_aassr,full_depth1_branch4_max,30,6.0,6.0,0.0,0.0,0.0,0.0,1.0,True,1.0
ablation,ablation,opaque_dependency_l6,evaluation_seen,high_level_steps,full_aassr,full_depth1_branch4_max,30,6.0,6.0,0.0,0.0,0.0,0.0,1.0,True,1.0
ablation,ablation,opaque_dependency_l6,evaluation_seen,primitive_steps,full_aassr,full_depth1_branch4_max,30,6.0,6.0,0.0,0.0,0.0,0.0,1.0,True,1.0
ablation,ablation,opaque_dependency_l6,evaluation_seen,reward,full_aassr,full_depth1_branch4_max,30,0.0,0.0,0.0,0.0,0.0,0.0,1.0,True,1.0
ablation,ablation,opaque_dependency_l6,evaluation_seen,errors,full_aassr,full_depth1_branch4_max,30,0.0,0.0,0.0,0.0,0.0,0.0,1.0,True,1.0
ablation,ablation,opaque_dependency_l6,evaluation_seen,repeats,full_aassr,full_depth1_branch4_max,30,0.0,0.0,0.0,0.0,0.0,0.0,1.0,True,1.0
ablation,ablation,opaque_dependency_l6,evaluation_seen,prediction_score,full_aassr,full_depth1_branch4_max,30,0.0,0.0,0.0,0.0,0.0,0.0,1.0,True,1.0
ablation,ablation,opaque_dependency_l6,evaluation_seen,holdout_score,full_aassr,full_depth1_branch4_max,30,1.0,1.0,0.0,0.0,0.0,0.0,1.0,True,1.0
ablation,ablation,opaque_dependency_l6,evaluation_seen,imagined_nodes,full_aassr,full_depth1_branch4_max,30,0.0,0.0,0.0,0.0,0.0,0.0,1.0,True,1.0
ablation,ablation,opaque_dependency_l6,evaluation_seen,imagination_depth,full_aassr,full_depth1_branch4_max,30,0.0,0.0,0.0,0.0,0.0,0.0,1.0,True,1.0
ablation,ablation,opaque_dependency_l6,evaluation_seen,actual_return,full_aassr,full_depth1_branch4_max,30,0.0,0.0,0.0,0.0,0.0,0.0,1.0,True,1.0
ablation,ablation,opaque_dependency_l6,evaluation_seen,runtime_seconds,full_aassr,full_depth1_branch4_max,30,0.003473828750201695,0.003445390099984555,2.84386502171401e-05,-0.00012565294987386245,0.00018574363367224582,0.06406819261336452,0.727613619319034,True,1.0
ablation,ablation,opaque_dependency_l6,evaluation_seen,real_transitions,full_aassr,full_depth1_branch4_max,30,6.0,6.0,0.0,0.0,0.0,0.0,1.0,True,1.0
ablation,ablation,opaque_dependency_l6,evaluation_seen,imagined_transitions,full_aassr,full_depth1_branch4_max,30,0.0,0.0,0.0,0.0,0.0,0.0,1.0,True,1.0
ablation,ablation,opaque_dependency_l6,evaluation_seen,action_proposals,full_aassr,full_depth1_branch4_max,30,6.0,6.0,0.0,0.0,0.0,0.0,1.0,True,1.0
ablation,ablation,opaque_dependency_l6,evaluation_seen,repeat_rate,full_aassr,full_depth1_branch4_max,30,0.0,0.0,0.0,0.0,0.0,0.0,1.0,True,1.0
ablation,ablation,opaque_dependency_l6,evaluation_seen,error_rate,full_aassr,full_depth1_branch4_max,30,0.0,0.0,0.0,0.0,0.0,0.0,1.0,True,1.0
ablation,ablation,opaque_dependency_l6,evaluation_seen,success,full_aassr,full_depth1_branch4_mean,30,0.0,0.0,0.0,0.0,0.0,0.0,1.0,True,1.0
ablation,ablation,opaque_dependency_l6,evaluation_seen,steps,full_aassr,full_depth1_branch4_mean,30,6.0,6.0,0.0,0.0,0.0,0.0,1.0,True,1.0
ablation,ablation,opaque_dependency_l6,evaluation_seen,high_level_steps,full_aassr,full_depth1_branch4_mean,30,6.0,6.0,0.0,0.0,0.0,0.0,1.0,True,1.0
ablation,ablation,opaque_dependency_l6,evaluation_seen,primitive_steps,full_aassr,full_depth1_branch4_mean,30,6.0,6.0,0.0,0.0,0.0,0.0,1.0,True,1.0
ablation,ablation,opaque_dependency_l6,evaluation_seen,reward,full_aassr,full_depth1_branch4_mean,30,0.0,0.0,0.0,0.0,0.0,0.0,1.0,True,1.0
ablation,ablation,opaque_dependency_l6,evaluation_seen,errors,full_aassr,full_depth1_branch4_mean,30,0.0,0.0,0.0,0.0,0.0,0.0,1.0,True,1.0
ablation,ablation,opaque_dependency_l6,evaluation_seen,repeats,full_aassr,full_depth1_branch4_mean,30,0.0,0.0,0.0,0.0,0.0,0.0,1.0,True,1.0
ablation,ablation,opaque_dependency_l6,evaluation_seen,prediction_score,full_aassr,full_depth1_branch4_mean,30,0.0,0.0,0.0,0.0,0.0,0.0,1.0,True,1.0
ablation,ablation,opaque_dependency_l6,evaluation_seen,holdout_score,full_aassr,full_depth1_branch4_mean,30,1.0,1.0,0.0,0.0,0.0,0.0,1.0,True,1.0
ablation,ablation,opaque_dependency_l6,evaluation_seen,imagined_nodes,full_aassr,full_depth1_branch4_mean,30,0.0,0.0,0.0,0.0,0.0,0.0,1.0,True,1.0
ablation,ablation,opaque_dependency_l6,evaluation_seen,imagination_depth,full_aassr,full_depth1_branch4_mean,30,0.0,0.0,0.0,0.0,0.0,0.0,1.0,True,1.0
ablation,ablation,opaque_dependency_l6,evaluation_seen,actual_return,full_aassr,full_depth1_branch4_mean,30,0.0,0.0,0.0,0.0,0.0,0.0,1.0,True,1.0
ablation,ablation,opaque_dependency_l6,evaluation_seen,runtime_seconds,full_aassr,full_depth1_branch4_mean,30,0.003473828750201695,0.003565009166763048,-9.11804165613527e-05,-0.00027872331688316384,0.00010399258327864418,-0.16704218218055514,0.3624818759062047,True,1.0
ablation,ablation,opaque_dependency_l6,evaluation_seen,real_transitions,full_aassr,full_depth1_branch4_mean,30,6.0,6.0,0.0,0.0,0.0,0.0,1.0,True,1.0
ablation,ablation,opaque_dependency_l6,evaluation_seen,imagined_transitions,full_aassr,full_depth1_branch4_mean,30,0.0,0.0,0.0,0.0,0.0,0.0,1.0,True,1.0
ablation,ablation,opaque_dependency_l6,evaluation_seen,action_proposals,full_aassr,full_depth1_branch4_mean,30,6.0,6.0,0.0,0.0,0.0,0.0,1.0,True,1.0
ablation,ablation,opaque_dependency_l6,evaluation_seen,repeat_rate,full_aassr,full_depth1_branch4_mean,30,0.0,0.0,0.0,0.0,0.0,0.0,1.0,True,1.0
ablation,ablation,opaque_dependency_l6,evaluation_seen,error_rate,full_aassr,full_depth1_branch4_mean,30,0.0,0.0,0.0,0.0,0.0,0.0,1.0,True,1.0
ablation,ablation,opaque_dependency_l6,evaluation_seen,success,full_aassr,full_depth1_branch4_risk-adjusted,30,0.0,0.0,0.0,0.0,0.0,0.0,1.0,True,1.0
ablation,ablation,opaque_dependency_l6,evaluation_seen,steps,full_aassr,full_depth1_branch4_risk-adjusted,30,6.0,6.0,0.0,0.0,0.0,0.0,1.0,True,1.0
ablation,ablation,opaque_dependency_l6,evaluation_seen,high_level_steps,full_aassr,full_depth1_branch4_risk-adjusted,30,6.0,6.0,0.0,0.0,0.0,0.0,1.0,True,1.0
ablation,ablation,opaque_dependency_l6,evaluation_seen,primitive_steps,full_aassr,full_depth1_branch4_risk-adjusted,30,6.0,6.0,0.0,0.0,0.0,0.0,1.0,True,1.0
ablation,ablation,opaque_dependency_l6,evaluation_seen,reward,full_aassr,full_depth1_branch4_risk-adjusted,30,0.0,0.0,0.0,0.0,0.0,0.0,1.0,True,1.0
ablation,ablation,opaque_dependency_l6,evaluation_seen,errors,full_aassr,full_depth1_branch4_risk-adjusted,30,0.0,0.0,0.0,0.0,0.0,0.0,1.0,True,1.0
ablation,ablation,opaque_dependency_l6,evaluation_seen,repeats,full_aassr,full_depth1_branch4_risk-adjusted,30,0.0,0.0,0.0,0.0,0.0,0.0,1.0,True,1.0
ablation,ablation,opaque_dependency_l6,evaluation_seen,prediction_score,full_aassr,full_depth1_branch4_risk-adjusted,30,0.0,0.0,0.0,0.0,0.0,0.0,1.0,True,1.0
ablation,ablation,opaque_dependency_l6,evaluation_seen,holdout_score,full_aassr,full_depth1_branch4_risk-adjusted,30,1.0,1.0,0.0,0.0,0.0,0.0,1.0,True,1.0
ablation,ablation,opaque_dependency_l6,evaluation_seen,imagined_nodes,full_aassr,full_depth1_branch4_risk-adjusted,30,0.0,0.0,0.0,0.0,0.0,0.0,1.0,True,1.0
ablation,ablation,opaque_dependency_l6,evaluation_seen,imagination_depth,full_aassr,full_depth1_branch4_risk-adjusted,30,0.0,0.0,0.0,0.0,0.0,0.0,1.0,True,1.0
ablation,ablation,opaque_dependency_l6,evaluation_seen,actual_return,full_aassr,full_depth1_branch4_risk-adjusted,30,0.0,0.0,0.0,0.0,0.0,0.0,1.0,True,1.0
ablation,ablation,opaque_dependency_l6,evaluation_seen,runtime_seconds,full_aassr,full_depth1_branch4_risk-adjusted,30,0.003473828750201695,0.0035256436332856537,-5.181488308395879e-05,-0.0002607486001506914,0.00016333381692432643,-0.08632368371883316,0.6403679816009199,True,1.0
ablation,ablation,opaque_dependency_l6,evaluation_seen,real_transitions,full_aassr,full_depth1_branch4_risk-adjusted,30,6.0,6.0,0.0,0.0,0.0,0.0,1.0,True,1.0
ablation,ablation,opaque_dependency_l6,evaluation_seen,imagined_transitions,full_aassr,full_depth1_branch4_risk-adjusted,30,0.0,0.0,0.0,0.0,0.0,0.0,1.0,True,1.0
ablation,ablation,opaque_dependency_l6,evaluation_seen,action_proposals,full_aassr,full_depth1_branch4_risk-adjusted,30,6.0,6.0,0.0,0.0,0.0,0.0,1.0,True,1.0
ablation,ablation,opaque_dependency_l6,evaluation_seen,repeat_rate,full_aassr,full_depth1_branch4_risk-adjusted,30,0.0,0.0,0.0,0.0,0.0,0.0,1.0,True,1.0
ablation,ablation,opaque_dependency_l6,evaluation_seen,error_rate,full_aassr,full_depth1_branch4_risk-adjusted,30,0.0,0.0,0.0,0.0,0.0,0.0,1.0,True,1.0
ablation,ablation,opaque_dependency_l6,evaluation_seen,success,full_aassr,full_depth2_branch1_max,30,0.0,0.0,0.0,0.0,0.0,0.0,1.0,True,1.0
ablation,ablation,opaque_dependency_l6,evaluation_seen,steps,full_aassr,full_depth2_branch1_max,30,6.0,6.0,0.0,0.0,0.0,0.0,1.0,True,1.0
ablation,ablation,opaque_dependency_l6,evaluation_seen,high_level_steps,full_aassr,full_depth2_branch1_max,30,6.0,6.0,0.0,0.0,0.0,0.0,1.0,True,1.0
ablation,ablation,opaque_dependency_l6,evaluation_seen,primitive_steps,full_aassr,full_depth2_branch1_max,30,6.0,6.0,0.0,0.0,0.0,0.0,1.0,True,1.0
ablation,ablation,opaque_dependency_l6,evaluation_seen,reward,full_aassr,full_depth2_branch1_max,30,0.0,0.0,0.0,0.0,0.0,0.0,1.0,True,1.0
ablation,ablation,opaque_dependency_l6,evaluation_seen,errors,full_aassr,full_depth2_branch1_max,30,0.0,0.0,0.0,0.0,0.0,0.0,1.0,True,1.0
ablation,ablation,opaque_dependency_l6,evaluation_seen,repeats,full_aassr,full_depth2_branch1_max,30,0.0,0.0,0.0,0.0,0.0,0.0,1.0,True,1.0
ablation,ablation,opaque_dependency_l6,evaluation_seen,prediction_score,full_aassr,full_depth2_branch1_max,30,0.0,0.0,0.0,0.0,0.0,0.0,1.0,True,1.0
ablation,ablation,opaque_dependency_l6,evaluation_seen,holdout_score,full_aassr,full_depth2_branch1_max,30,1.0,1.0,0.0,0.0,0.0,0.0,1.0,True,1.0
ablation,ablation,opaque_dependency_l6,evaluation_seen,imagined_nodes,full_aassr,full_depth2_branch1_max,30,0.0,0.0,0.0,0.0,0.0,0.0,1.0,True,1.0
ablation,ablation,opaque_dependency_l6,evaluation_seen,imagination_depth,full_aassr,full_depth2_branch1_max,30,0.0,0.0,0.0,0.0,0.0,0.0,1.0,True,1.0
ablation,ablation,opaque_dependency_l6,evaluation_seen,actual_return,full_aassr,full_depth2_branch1_max,30,0.0,0.0,0.0,0.0,0.0,0.0,1.0,True,1.0
ablation,ablation,opaque_dependency_l6,evaluation_seen,runtime_seconds,full_aassr,full_depth2_branch1_max,30,0.003473828750201695,0.0033871816834531877,8.664706674850704e-05,-0.00012999521653303715,0.00029840770030083755,0.14709058599510613,0.4231788410579471,True,1.0
ablation,ablation,opaque_dependency_l6,evaluation_seen,real_transitions,full_aassr,full_depth2_branch1_max,30,6.0,6.0,0.0,0.0,0.0,0.0,1.0,True,1.0
ablation,ablation,opaque_dependency_l6,evaluation_seen,imagined_transitions,full_aassr,full_depth2_branch1_max,30,0.0,0.0,0.0,0.0,0.0,0.0,1.0,True,1.0
ablation,ablation,opaque_dependency_l6,evaluation_seen,action_proposals,full_aassr,full_depth2_branch1_max,30,6.0,6.0,0.0,0.0,0.0,0.0,1.0,True,1.0
ablation,ablation,opaque_dependency_l6,evaluation_seen,repeat_rate,full_aassr,full_depth2_branch1_max,30,0.0,0.0,0.0,0.0,0.0,0.0,1.0,True,1.0
ablation,ablation,opaque_dependency_l6,evaluation_seen,error_rate,full_aassr,full_depth2_branch1_max,30,0.0,0.0,0.0,0.0,0.0,0.0,1.0,True,1.0
ablation,ablation,opaque_dependency_l6,evaluation_seen,success,full_aassr,full_depth2_branch1_mean,30,0.0,0.0,0.0,0.0,0.0,0.0,1.0,True,1.0
ablation,ablation,opaque_dependency_l6,evaluation_seen,steps,full_aassr,full_depth2_branch1_mean,30,6.0,6.0,0.0,0.0,0.0,0.0,1.0,True,1.0
ablation,ablation,opaque_dependency_l6,evaluation_seen,high_level_steps,full_aassr,full_depth2_branch1_mean,30,6.0,6.0,0.0,0.0,0.0,0.0,1.0,True,1.0
ablation,ablation,opaque_dependency_l6,evaluation_seen,primitive_steps,full_aassr,full_depth2_branch1_mean,30,6.0,6.0,0.0,0.0,0.0,0.0,1.0,True,1.0
ablation,ablation,opaque_dependency_l6,evaluation_seen,reward,full_aassr,full_depth2_branch1_mean,30,0.0,0.0,0.0,0.0,0.0,0.0,1.0,True,1.0
ablation,ablation,opaque_dependency_l6,evaluation_seen,errors,full_aassr,full_depth2_branch1_mean,30,0.0,0.0,0.0,0.0,0.0,0.0,1.0,True,1.0
ablation,ablation,opaque_dependency_l6,evaluation_seen,repeats,full_aassr,full_depth2_branch1_mean,30,0.0,0.0,0.0,0.0,0.0,0.0,1.0,True,1.0
ablation,ablation,opaque_dependency_l6,evaluation_seen,prediction_score,full_aassr,full_depth2_branch1_mean,30,0.0,0.0,0.0,0.0,0.0,0.0,1.0,True,1.0
ablation,ablation,opaque_dependency_l6,evaluation_seen,holdout_score,full_aassr,full_depth2_branch1_mean,30,1.0,1.0,0.0,0.0,0.0,0.0,1.0,True,1.0
ablation,ablation,opaque_dependency_l6,evaluation_seen,imagined_nodes,full_aassr,full_depth2_branch1_mean,30,0.0,0.0,0.0,0.0,0.0,0.0,1.0,True,1.0
ablation,ablation,opaque_dependency_l6,evaluation_seen,imagination_depth,full_aassr,full_depth2_branch1_mean,30,0.0,0.0,0.0,0.0,0.0,0.0,1.0,True,1.0
ablation,ablation,opaque_dependency_l6,evaluation_seen,actual_return,full_aassr,full_depth2_branch1_mean,30,0.0,0.0,0.0,0.0,0.0,0.0,1.0,True,1.0
ablation,ablation,opaque_dependency_l6,evaluation_seen,runtime_seconds,full_aassr,full_depth2_branch1_mean,30,0.003473828750201695,0.0035756635000191938,-0.00010183474981749897,-0.0002745155332086142,7.076043371732037e-05,-0.20966483129358723,0.2621368931553422,True,1.0
ablation,ablation,opaque_dependency_l6,evaluation_seen,real_transitions,full_aassr,full_depth2_branch1_mean,30,6.0,6.0,0.0,0.0,0.0,0.0,1.0,True,1.0
ablation,ablation,opaque_dependency_l6,evaluation_seen,imagined_transitions,full_aassr,full_depth2_branch1_mean,30,0.0,0.0,0.0,0.0,0.0,0.0,1.0,True,1.0
ablation,ablation,opaque_dependency_l6,evaluation_seen,action_proposals,full_aassr,full_depth2_branch1_mean,30,6.0,6.0,0.0,0.0,0.0,0.0,1.0,True,1.0
ablation,ablation,opaque_dependency_l6,evaluation_seen,repeat_rate,full_aassr,full_depth2_branch1_mean,30,0.0,0.0,0.0,0.0,0.0,0.0,1.0,True,1.0
ablation,ablation,opaque_dependency_l6,evaluation_seen,error_rate,full_aassr,full_depth2_branch1_mean,30,0.0,0.0,0.0,0.0,0.0,0.0,1.0,True,1.0
ablation,ablation,opaque_dependency_l6,evaluation_seen,success,full_aassr,full_depth2_branch1_risk-adjusted,30,0.0,0.0,0.0,0.0,0.0,0.0,1.0,True,1.0
ablation,ablation,opaque_dependency_l6,evaluation_seen,steps,full_aassr,full_depth2_branch1_risk-adjusted,30,6.0,6.0,0.0,0.0,0.0,0.0,1.0,True,1.0
ablation,ablation,opaque_dependency_l6,evaluation_seen,high_level_steps,full_aassr,full_depth2_branch1_risk-adjusted,30,6.0,6.0,0.0,0.0,0.0,0.0,1.0,True,1.0
ablation,ablation,opaque_dependency_l6,evaluation_seen,primitive_steps,full_aassr,full_depth2_branch1_risk-adjusted,30,6.0,6.0,0.0,0.0,0.0,0.0,1.0,True,1.0
ablation,ablation,opaque_dependency_l6,evaluation_seen,reward,full_aassr,full_depth2_branch1_risk-adjusted,30,0.0,0.0,0.0,0.0,0.0,0.0,1.0,True,1.0
ablation,ablation,opaque_dependency_l6,evaluation_seen,errors,full_aassr,full_depth2_branch1_risk-adjusted,30,0.0,0.0,0.0,0.0,0.0,0.0,1.0,True,1.0
ablation,ablation,opaque_dependency_l6,evaluation_seen,repeats,full_aassr,full_depth2_branch1_risk-adjusted,30,0.0,0.0,0.0,0.0,0.0,0.0,1.0,True,1.0
ablation,ablation,opaque_dependency_l6,evaluation_seen,prediction_score,full_aassr,full_depth2_branch1_risk-adjusted,30,0.0,0.0,0.0,0.0,0.0,0.0,1.0,True,1.0
ablation,ablation,opaque_dependency_l6,evaluation_seen,holdout_score,full_aassr,full_depth2_branch1_risk-adjusted,30,1.0,1.0,0.0,0.0,0.0,0.0,1.0,True,1.0
ablation,ablation,opaque_dependency_l6,evaluation_seen,imagined_nodes,full_aassr,full_depth2_branch1_risk-adjusted,30,0.0,0.0,0.0,0.0,0.0,0.0,1.0,True,1.0
ablation,ablation,opaque_dependency_l6,evaluation_seen,imagination_depth,full_aassr,full_depth2_branch1_risk-adjusted,30,0.0,0.0,0.0,0.0,0.0,0.0,1.0,True,1.0
ablation,ablation,opaque_dependency_l6,evaluation_seen,actual_return,full_aassr,full_depth2_branch1_risk-adjusted,30,0.0,0.0,0.0,0.0,0.0,0.0,1.0,True,1.0
ablation,ablation,opaque_dependency_l6,evaluation_seen,runtime_seconds,full_aassr,full_depth2_branch1_risk-adjusted,30,0.003473828750201695,0.0034515735666306377,2.22551835710571e-05,-0.00017916585003452685,0.00021902641701550846,0.03953819226394196,0.8261086945652717,True,1.0
ablation,ablation,opaque_dependency_l6,evaluation_seen,real_transitions,full_aassr,full_depth2_branch1_risk-adjusted,30,6.0,6.0,0.0,0.0,0.0,0.0,1.0,True,1.0
ablation,ablation,opaque_dependency_l6,evaluation_seen,imagined_transitions,full_aassr,full_depth2_branch1_risk-adjusted,30,0.0,0.0,0.0,0.0,0.0,0.0,1.0,True,1.0
ablation,ablation,opaque_dependency_l6,evaluation_seen,action_proposals,full_aassr,full_depth2_branch1_risk-adjusted,30,6.0,6.0,0.0,0.0,0.0,0.0,1.0,True,1.0
ablation,ablation,opaque_dependency_l6,evaluation_seen,repeat_rate,full_aassr,full_depth2_branch1_risk-adjusted,30,0.0,0.0,0.0,0.0,0.0,0.0,1.0,True,1.0
ablation,ablation,opaque_dependency_l6,evaluation_seen,error_rate,full_aassr,full_depth2_branch1_risk-adjusted,30,0.0,0.0,0.0,0.0,0.0,0.0,1.0,True,1.0
ablation,ablation,opaque_dependency_l6,evaluation_seen,success,full_aassr,full_depth2_branch2_max,30,0.0,0.0,0.0,0.0,0.0,0.0,1.0,True,1.0
ablation,ablation,opaque_dependency_l6,evaluation_seen,steps,full_aassr,full_depth2_branch2_max,30,6.0,6.0,0.0,0.0,0.0,0.0,1.0,True,1.0
ablation,ablation,opaque_dependency_l6,evaluation_seen,high_level_steps,full_aassr,full_depth2_branch2_max,30,6.0,6.0,0.0,0.0,0.0,0.0,1.0,True,1.0
ablation,ablation,opaque_dependency_l6,evaluation_seen,primitive_steps,full_aassr,full_depth2_branch2_max,30,6.0,6.0,0.0,0.0,0.0,0.0,1.0,True,1.0
ablation,ablation,opaque_dependency_l6,evaluation_seen,reward,full_aassr,full_depth2_branch2_max,30,0.0,0.0,0.0,0.0,0.0,0.0,1.0,True,1.0
ablation,ablation,opaque_dependency_l6,evaluation_seen,errors,full_aassr,full_depth2_branch2_max,30,0.0,0.0,0.0,0.0,0.0,0.0,1.0,True,1.0
ablation,ablation,opaque_dependency_l6,evaluation_seen,repeats,full_aassr,full_depth2_branch2_max,30,0.0,0.0,0.0,0.0,0.0,0.0,1.0,True,1.0
ablation,ablation,opaque_dependency_l6,evaluation_seen,prediction_score,full_aassr,full_depth2_branch2_max,30,0.0,0.0,0.0,0.0,0.0,0.0,1.0,True,1.0
ablation,ablation,opaque_dependency_l6,evaluation_seen,holdout_score,full_aassr,full_depth2_branch2_max,30,1.0,1.0,0.0,0.0,0.0,0.0,1.0,True,1.0
ablation,ablation,opaque_dependency_l6,evaluation_seen,imagined_nodes,full_aassr,full_depth2_branch2_max,30,0.0,0.0,0.0,0.0,0.0,0.0,1.0,True,1.0
ablation,ablation,opaque_dependency_l6,evaluation_seen,imagination_depth,full_aassr,full_depth2_branch2_max,30,0.0,0.0,0.0,0.0,0.0,0.0,1.0,True,1.0
ablation,ablation,opaque_dependency_l6,evaluation_seen,actual_return,full_aassr,full_depth2_branch2_max,30,0.0,0.0,0.0,0.0,0.0,0.0,1.0,True,1.0
ablation,ablation,opaque_dependency_l6,evaluation_seen,runtime_seconds,full_aassr,full_depth2_branch2_max,30,0.003473828750201695,0.0035249418665334814,-5.111311633178653e-05,-0.000244353166242945,0.00014825533360029417,-0.09079330596768583,0.6266686665666716,True,1.0
ablation,ablation,opaque_dependency_l6,evaluation_seen,real_transitions,full_aassr,full_depth2_branch2_max,30,6.0,6.0,0.0,0.0,0.0,0.0,1.0,True,1.0
ablation,ablation,opaque_dependency_l6,evaluation_seen,imagined_transitions,full_aassr,full_depth2_branch2_max,30,0.0,0.0,0.0,0.0,0.0,0.0,1.0,True,1.0
ablation,ablation,opaque_dependency_l6,evaluation_seen,action_proposals,full_aassr,full_depth2_branch2_max,30,6.0,6.0,0.0,0.0,0.0,0.0,1.0,True,1.0
ablation,ablation,opaque_dependency_l6,evaluation_seen,repeat_rate,full_aassr,full_depth2_branch2_max,30,0.0,0.0,0.0,0.0,0.0,0.0,1.0,True,1.0
ablation,ablation,opaque_dependency_l6,evaluation_seen,error_rate,full_aassr,full_depth2_branch2_max,30,0.0,0.0,0.0,0.0,0.0,0.0,1.0,True,1.0
ablation,ablation,opaque_dependency_l6,evaluation_seen,success,full_aassr,full_depth2_branch2_mean,30,0.0,0.0,0.0,0.0,0.0,0.0,1.0,True,1.0
ablation,ablation,opaque_dependency_l6,evaluation_seen,steps,full_aassr,full_depth2_branch2_mean,30,6.0,6.0,0.0,0.0,0.0,0.0,1.0,True,1.0
ablation,ablation,opaque_dependency_l6,evaluation_seen,high_level_steps,full_aassr,full_depth2_branch2_mean,30,6.0,6.0,0.0,0.0,0.0,0.0,1.0,True,1.0
ablation,ablation,opaque_dependency_l6,evaluation_seen,primitive_steps,full_aassr,full_depth2_branch2_mean,30,6.0,6.0,0.0,0.0,0.0,0.0,1.0,True,1.0
ablation,ablation,opaque_dependency_l6,evaluation_seen,reward,full_aassr,full_depth2_branch2_mean,30,0.0,0.0,0.0,0.0,0.0,0.0,1.0,True,1.0
ablation,ablation,opaque_dependency_l6,evaluation_seen,errors,full_aassr,full_depth2_branch2_mean,30,0.0,0.0,0.0,0.0,0.0,0.0,1.0,True,1.0
ablation,ablation,opaque_dependency_l6,evaluation_seen,repeats,full_aassr,full_depth2_branch2_mean,30,0.0,0.0,0.0,0.0,0.0,0.0,1.0,True,1.0
ablation,ablation,opaque_dependency_l6,evaluation_seen,prediction_score,full_aassr,full_depth2_branch2_mean,30,0.0,0.0,0.0,0.0,0.0,0.0,1.0,True,1.0
ablation,ablation,opaque_dependency_l6,evaluation_seen,holdout_score,full_aassr,full_depth2_branch2_mean,30,1.0,1.0,0.0,0.0,0.0,0.0,1.0,True,1.0
ablation,ablation,opaque_dependency_l6,evaluation_seen,imagined_nodes,full_aassr,full_depth2_branch2_mean,30,0.0,0.0,0.0,0.0,0.0,0.0,1.0,True,1.0
ablation,ablation,opaque_dependency_l6,evaluation_seen,imagination_depth,full_aassr,full_depth2_branch2_mean,30,0.0,0.0,0.0,0.0,0.0,0.0,1.0,True,1.0
ablation,ablation,opaque_dependency_l6,evaluation_seen,actual_return,full_aassr,full_depth2_branch2_mean,30,0.0,0.0,0.0,0.0,0.0,0.0,1.0,True,1.0
ablation,ablation,opaque_dependency_l6,evaluation_seen,runtime_seconds,full_aassr,full_depth2_branch2_mean,30,0.003473828750201695,0.0035709567666102277,-9.712801640853288e-05,-0.0002559471994948884,6.618676673679144e-05,-0.21358762922939864,0.24863756812159393,True,1.0
ablation,ablation,opaque_dependency_l6,evaluation_seen,real_transitions,full_aassr,full_depth2_branch2_mean,30,6.0,6.0,0.0,0.0,0.0,0.0,1.0,True,1.0
ablation,ablation,opaque_dependency_l6,evaluation_seen,imagined_transitions,full_aassr,full_depth2_branch2_mean,30,0.0,0.0,0.0,0.0,0.0,0.0,1.0,True,1.0
ablation,ablation,opaque_dependency_l6,evaluation_seen,action_proposals,full_aassr,full_depth2_branch2_mean,30,6.0,6.0,0.0,0.0,0.0,0.0,1.0,True,1.0
ablation,ablation,opaque_dependency_l6,evaluation_seen,repeat_rate,full_aassr,full_depth2_branch2_mean,30,0.0,0.0,0.0,0.0,0.0,0.0,1.0,True,1.0
ablation,ablation,opaque_dependency_l6,evaluation_seen,error_rate,full_aassr,full_depth2_branch2_mean,30,0.0,0.0,0.0,0.0,0.0,0.0,1.0,True,1.0
ablation,ablation,opaque_dependency_l6,evaluation_seen,success,full_aassr,full_depth2_branch2_risk-adjusted,30,0.0,0.0,0.0,0.0,0.0,0.0,1.0,True,1.0
ablation,ablation,opaque_dependency_l6,evaluation_seen,steps,full_aassr,full_depth2_branch2_risk-adjusted,30,6.0,6.0,0.0,0.0,0.0,0.0,1.0,True,1.0
ablation,ablation,opaque_dependency_l6,evaluation_seen,high_level_steps,full_aassr,full_depth2_branch2_risk-adjusted,30,6.0,6.0,0.0,0.0,0.0,0.0,1.0,True,1.0
ablation,ablation,opaque_dependency_l6,evaluation_seen,primitive_steps,full_aassr,full_depth2_branch2_risk-adjusted,30,6.0,6.0,0.0,0.0,0.0,0.0,1.0,True,1.0
ablation,ablation,opaque_dependency_l6,evaluation_seen,reward,full_aassr,full_depth2_branch2_risk-adjusted,30,0.0,0.0,0.0,0.0,0.0,0.0,1.0,True,1.0
ablation,ablation,opaque_dependency_l6,evaluation_seen,errors,full_aassr,full_depth2_branch2_risk-adjusted,30,0.0,0.0,0.0,0.0,0.0,0.0,1.0,True,1.0
ablation,ablation,opaque_dependency_l6,evaluation_seen,repeats,full_aassr,full_depth2_branch2_risk-adjusted,30,0.0,0.0,0.0,0.0,0.0,0.0,1.0,True,1.0
ablation,ablation,opaque_dependency_l6,evaluation_seen,prediction_score,full_aassr,full_depth2_branch2_risk-adjusted,30,0.0,0.0,0.0,0.0,0.0,0.0,1.0,True,1.0
ablation,ablation,opaque_dependency_l6,evaluation_seen,holdout_score,full_aassr,full_depth2_branch2_risk-adjusted,30,1.0,1.0,0.0,0.0,0.0,0.0,1.0,True,1.0
ablation,ablation,opaque_dependency_l6,evaluation_seen,imagined_nodes,full_aassr,full_depth2_branch2_risk-adjusted,30,0.0,0.0,0.0,0.0,0.0,0.0,1.0,True,1.0
ablation,ablation,opaque_dependency_l6,evaluation_seen,imagination_depth,full_aassr,full_depth2_branch2_risk-adjusted,30,0.0,0.0,0.0,0.0,0.0,0.0,1.0,True,1.0
ablation,ablation,opaque_dependency_l6,evaluation_seen,actual_return,full_aassr,full_depth2_branch2_risk-adjusted,30,0.0,0.0,0.0,0.0,0.0,0.0,1.0,True,1.0
ablation,ablation,opaque_dependency_l6,evaluation_seen,runtime_seconds,full_aassr,full_depth2_branch2_risk-adjusted,30,0.003473828750201695,0.003678581233209116,-0.00020475248300742046,-0.00040447348344120355,4.3638386220362474e-07,-0.35631595477697714,0.060096995150242485,True,1.0
ablation,ablation,opaque_dependency_l6,evaluation_seen,real_transitions,full_aassr,full_depth2_branch2_risk-adjusted,30,6.0,6.0,0.0,0.0,0.0,0.0,1.0,True,1.0
ablation,ablation,opaque_dependency_l6,evaluation_seen,imagined_transitions,full_aassr,full_depth2_branch2_risk-adjusted,30,0.0,0.0,0.0,0.0,0.0,0.0,1.0,True,1.0
ablation,ablation,opaque_dependency_l6,evaluation_seen,action_proposals,full_aassr,full_depth2_branch2_risk-adjusted,30,6.0,6.0,0.0,0.0,0.0,0.0,1.0,True,1.0
ablation,ablation,opaque_dependency_l6,evaluation_seen,repeat_rate,full_aassr,full_depth2_branch2_risk-adjusted,30,0.0,0.0,0.0,0.0,0.0,0.0,1.0,True,1.0
ablation,ablation,opaque_dependency_l6,evaluation_seen,error_rate,full_aassr,full_depth2_branch2_risk-adjusted,30,0.0,0.0,0.0,0.0,0.0,0.0,1.0,True,1.0
ablation,ablation,opaque_dependency_l6,evaluation_seen,success,full_aassr,full_depth2_branch4_max,30,0.0,0.0,0.0,0.0,0.0,0.0,1.0,True,1.0
ablation,ablation,opaque_dependency_l6,evaluation_seen,steps,full_aassr,full_depth2_branch4_max,30,6.0,6.0,0.0,0.0,0.0,0.0,1.0,True,1.0
ablation,ablation,opaque_dependency_l6,evaluation_seen,high_level_steps,full_aassr,full_depth2_branch4_max,30,6.0,6.0,0.0,0.0,0.0,0.0,1.0,True,1.0
ablation,ablation,opaque_dependency_l6,evaluation_seen,primitive_steps,full_aassr,full_depth2_branch4_max,30,6.0,6.0,0.0,0.0,0.0,0.0,1.0,True,1.0
ablation,ablation,opaque_dependency_l6,evaluation_seen,reward,full_aassr,full_depth2_branch4_max,30,0.0,0.0,0.0,0.0,0.0,0.0,1.0,True,1.0
ablation,ablation,opaque_dependency_l6,evaluation_seen,errors,full_aassr,full_depth2_branch4_max,30,0.0,0.0,0.0,0.0,0.0,0.0,1.0,True,1.0
ablation,ablation,opaque_dependency_l6,evaluation_seen,repeats,full_aassr,full_depth2_branch4_max,30,0.0,0.0,0.0,0.0,0.0,0.0,1.0,True,1.0
ablation,ablation,opaque_dependency_l6,evaluation_seen,prediction_score,full_aassr,full_depth2_branch4_max,30,0.0,0.0,0.0,0.0,0.0,0.0,1.0,True,1.0
ablation,ablation,opaque_dependency_l6,evaluation_seen,holdout_score,full_aassr,full_depth2_branch4_max,30,1.0,1.0,0.0,0.0,0.0,0.0,1.0,True,1.0
ablation,ablation,opaque_dependency_l6,evaluation_seen,imagined_nodes,full_aassr,full_depth2_branch4_max,30,0.0,0.0,0.0,0.0,0.0,0.0,1.0,True,1.0
ablation,ablation,opaque_dependency_l6,evaluation_seen,imagination_depth,full_aassr,full_depth2_branch4_max,30,0.0,0.0,0.0,0.0,0.0,0.0,1.0,True,1.0
ablation,ablation,opaque_dependency_l6,evaluation_seen,actual_return,full_aassr,full_depth2_branch4_max,30,0.0,0.0,0.0,0.0,0.0,0.0,1.0,True,1.0
ablation,ablation,opaque_dependency_l6,evaluation_seen,runtime_seconds,full_aassr,full_depth2_branch4_max,30,0.003473828750201695,0.0034705208832456263,3.3078669560685293e-06,-0.00023167001644227033,0.00022679231686439986,0.0050937668615095985,0.9794010299485025,True,1.0
ablation,ablation,opaque_dependency_l6,evaluation_seen,real_transitions,full_aassr,full_depth2_branch4_max,30,6.0,6.0,0.0,0.0,0.0,0.0,1.0,True,1.0
ablation,ablation,opaque_dependency_l6,evaluation_seen,imagined_transitions,full_aassr,full_depth2_branch4_max,30,0.0,0.0,0.0,0.0,0.0,0.0,1.0,True,1.0
ablation,ablation,opaque_dependency_l6,evaluation_seen,action_proposals,full_aassr,full_depth2_branch4_max,30,6.0,6.0,0.0,0.0,0.0,0.0,1.0,True,1.0
ablation,ablation,opaque_dependency_l6,evaluation_seen,repeat_rate,full_aassr,full_depth2_branch4_max,30,0.0,0.0,0.0,0.0,0.0,0.0,1.0,True,1.0
ablation,ablation,opaque_dependency_l6,evaluation_seen,error_rate,full_aassr,full_depth2_branch4_max,30,0.0,0.0,0.0,0.0,0.0,0.0,1.0,True,1.0
ablation,ablation,opaque_dependency_l6,evaluation_seen,success,full_aassr,full_depth2_branch4_mean,30,0.0,0.0,0.0,0.0,0.0,0.0,1.0,True,1.0
ablation,ablation,opaque_dependency_l6,evaluation_seen,steps,full_aassr,full_depth2_branch4_mean,30,6.0,6.0,0.0,0.0,0.0,0.0,1.0,True,1.0
ablation,ablation,opaque_dependency_l6,evaluation_seen,high_level_steps,full_aassr,full_depth2_branch4_mean,30,6.0,6.0,0.0,0.0,0.0,0.0,1.0,True,1.0
ablation,ablation,opaque_dependency_l6,evaluation_seen,primitive_steps,full_aassr,full_depth2_branch4_mean,30,6.0,6.0,0.0,0.0,0.0,0.0,1.0,True,1.0
ablation,ablation,opaque_dependency_l6,evaluation_seen,reward,full_aassr,full_depth2_branch4_mean,30,0.0,0.0,0.0,0.0,0.0,0.0,1.0,True,1.0
ablation,ablation,opaque_dependency_l6,evaluation_seen,errors,full_aassr,full_depth2_branch4_mean,30,0.0,0.0,0.0,0.0,0.0,0.0,1.0,True,1.0
ablation,ablation,opaque_dependency_l6,evaluation_seen,repeats,full_aassr,full_depth2_branch4_mean,30,0.0,0.0,0.0,0.0,0.0,0.0,1.0,True,1.0
ablation,ablation,opaque_dependency_l6,evaluation_seen,prediction_score,full_aassr,full_depth2_branch4_mean,30,0.0,0.0,0.0,0.0,0.0,0.0,1.0,True,1.0
ablation,ablation,opaque_dependency_l6,evaluation_seen,holdout_score,full_aassr,full_depth2_branch4_mean,30,1.0,1.0,0.0,0.0,0.0,0.0,1.0,True,1.0
ablation,ablation,opaque_dependency_l6,evaluation_seen,imagined_nodes,full_aassr,full_depth2_branch4_mean,30,0.0,0.0,0.0,0.0,0.0,0.0,1.0,True,1.0
ablation,ablation,opaque_dependency_l6,evaluation_seen,imagination_depth,full_aassr,full_depth2_branch4_mean,30,0.0,0.0,0.0,0.0,0.0,0.0,1.0,True,1.0
ablation,ablation,opaque_dependency_l6,evaluation_seen,actual_return,full_aassr,full_depth2_branch4_mean,30,0.0,0.0,0.0,0.0,0.0,0.0,1.0,True,1.0
ablation,ablation,opaque_dependency_l6,evaluation_seen,runtime_seconds,full_aassr,full_depth2_branch4_mean,30,0.003473828750201695,0.003446657716636158,2.7171033565537036e-05,-0.00017146828303521045,0.00022065520033356722,0.048005919403293386,0.7973601319934003,True,1.0
ablation,ablation,opaque_dependency_l6,evaluation_seen,real_transitions,full_aassr,full_depth2_branch4_mean,30,6.0,6.0,0.0,0.0,0.0,0.0,1.0,True,1.0
ablation,ablation,opaque_dependency_l6,evaluation_seen,imagined_transitions,full_aassr,full_depth2_branch4_mean,30,0.0,0.0,0.0,0.0,0.0,0.0,1.0,True,1.0
ablation,ablation,opaque_dependency_l6,evaluation_seen,action_proposals,full_aassr,full_depth2_branch4_mean,30,6.0,6.0,0.0,0.0,0.0,0.0,1.0,True,1.0
ablation,ablation,opaque_dependency_l6,evaluation_seen,repeat_rate,full_aassr,full_depth2_branch4_mean,30,0.0,0.0,0.0,0.0,0.0,0.0,1.0,True,1.0
ablation,ablation,opaque_dependency_l6,evaluation_seen,error_rate,full_aassr,full_depth2_branch4_mean,30,0.0,0.0,0.0,0.0,0.0,0.0,1.0,True,1.0
ablation,ablation,opaque_dependency_l6,evaluation_seen,success,full_aassr,full_depth2_branch4_risk-adjusted,30,0.0,0.0,0.0,0.0,0.0,0.0,1.0,True,1.0
ablation,ablation,opaque_dependency_l6,evaluation_seen,steps,full_aassr,full_depth2_branch4_risk-adjusted,30,6.0,6.0,0.0,0.0,0.0,0.0,1.0,True,1.0
ablation,ablation,opaque_dependency_l6,evaluation_seen,high_level_steps,full_aassr,full_depth2_branch4_risk-adjusted,30,6.0,6.0,0.0,0.0,0.0,0.0,1.0,True,1.0
ablation,ablation,opaque_dependency_l6,evaluation_seen,primitive_steps,full_aassr,full_depth2_branch4_risk-adjusted,30,6.0,6.0,0.0,0.0,0.0,0.0,1.0,True,1.0
ablation,ablation,opaque_dependency_l6,evaluation_seen,reward,full_aassr,full_depth2_branch4_risk-adjusted,30,0.0,0.0,0.0,0.0,0.0,0.0,1.0,True,1.0
ablation,ablation,opaque_dependency_l6,evaluation_seen,errors,full_aassr,full_depth2_branch4_risk-adjusted,30,0.0,0.0,0.0,0.0,0.0,0.0,1.0,True,1.0
ablation,ablation,opaque_dependency_l6,evaluation_seen,repeats,full_aassr,full_depth2_branch4_risk-adjusted,30,0.0,0.0,0.0,0.0,0.0,0.0,1.0,True,1.0
ablation,ablation,opaque_dependency_l6,evaluation_seen,prediction_score,full_aassr,full_depth2_branch4_risk-adjusted,30,0.0,0.0,0.0,0.0,0.0,0.0,1.0,True,1.0
ablation,ablation,opaque_dependency_l6,evaluation_seen,holdout_score,full_aassr,full_depth2_branch4_risk-adjusted,30,1.0,1.0,0.0,0.0,0.0,0.0,1.0,True,1.0
ablation,ablation,opaque_dependency_l6,evaluation_seen,imagined_nodes,full_aassr,full_depth2_branch4_risk-adjusted,30,0.0,0.0,0.0,0.0,0.0,0.0,1.0,True,1.0
ablation,ablation,opaque_dependency_l6,evaluation_seen,imagination_depth,full_aassr,full_depth2_branch4_risk-adjusted,30,0.0,0.0,0.0,0.0,0.0,0.0,1.0,True,1.0
ablation,ablation,opaque_dependency_l6,evaluation_seen,actual_return,full_aassr,full_depth2_branch4_risk-adjusted,30,0.0,0.0,0.0,0.0,0.0,0.0,1.0,True,1.0
ablation,ablation,opaque_dependency_l6,evaluation_seen,runtime_seconds,full_aassr,full_depth2_branch4_risk-adjusted,30,0.003473828750201695,0.00356685833336572,-9.302958316402507e-05,-0.00031820530000550195,0.00012060488304996397,-0.1473282457415644,0.4286785660716964,True,1.0
ablation,ablation,opaque_dependency_l6,evaluation_seen,real_transitions,full_aassr,full_depth2_branch4_risk-adjusted,30,6.0,6.0,0.0,0.0,0.0,0.0,1.0,True,1.0
ablation,ablation,opaque_dependency_l6,evaluation_seen,imagined_transitions,full_aassr,full_depth2_branch4_risk-adjusted,30,0.0,0.0,0.0,0.0,0.0,0.0,1.0,True,1.0
ablation,ablation,opaque_dependency_l6,evaluation_seen,action_proposals,full_aassr,full_depth2_branch4_risk-adjusted,30,6.0,6.0,0.0,0.0,0.0,0.0,1.0,True,1.0
ablation,ablation,opaque_dependency_l6,evaluation_seen,repeat_rate,full_aassr,full_depth2_branch4_risk-adjusted,30,0.0,0.0,0.0,0.0,0.0,0.0,1.0,True,1.0
ablation,ablation,opaque_dependency_l6,evaluation_seen,error_rate,full_aassr,full_depth2_branch4_risk-adjusted,30,0.0,0.0,0.0,0.0,0.0,0.0,1.0,True,1.0
ablation,ablation,opaque_dependency_l6,evaluation_seen,success,full_aassr,full_depth4_branch1_max,30,0.0,0.0,0.0,0.0,0.0,0.0,1.0,True,1.0
ablation,ablation,opaque_dependency_l6,evaluation_seen,steps,full_aassr,full_depth4_branch1_max,30,6.0,6.0,0.0,0.0,0.0,0.0,1.0,True,1.0
ablation,ablation,opaque_dependency_l6,evaluation_seen,high_level_steps,full_aassr,full_depth4_branch1_max,30,6.0,6.0,0.0,0.0,0.0,0.0,1.0,True,1.0
ablation,ablation,opaque_dependency_l6,evaluation_seen,primitive_steps,full_aassr,full_depth4_branch1_max,30,6.0,6.0,0.0,0.0,0.0,0.0,1.0,True,1.0
ablation,ablation,opaque_dependency_l6,evaluation_seen,reward,full_aassr,full_depth4_branch1_max,30,0.0,0.0,0.0,0.0,0.0,0.0,1.0,True,1.0
ablation,ablation,opaque_dependency_l6,evaluation_seen,errors,full_aassr,full_depth4_branch1_max,30,0.0,0.0,0.0,0.0,0.0,0.0,1.0,True,1.0
ablation,ablation,opaque_dependency_l6,evaluation_seen,repeats,full_aassr,full_depth4_branch1_max,30,0.0,0.0,0.0,0.0,0.0,0.0,1.0,True,1.0
ablation,ablation,opaque_dependency_l6,evaluation_seen,prediction_score,full_aassr,full_depth4_branch1_max,30,0.0,0.0,0.0,0.0,0.0,0.0,1.0,True,1.0
ablation,ablation,opaque_dependency_l6,evaluation_seen,holdout_score,full_aassr,full_depth4_branch1_max,30,1.0,1.0,0.0,0.0,0.0,0.0,1.0,True,1.0
ablation,ablation,opaque_dependency_l6,evaluation_seen,imagined_nodes,full_aassr,full_depth4_branch1_max,30,0.0,0.0,0.0,0.0,0.0,0.0,1.0,True,1.0
ablation,ablation,opaque_dependency_l6,evaluation_seen,imagination_depth,full_aassr,full_depth4_branch1_max,30,0.0,0.0,0.0,0.0,0.0,0.0,1.0,True,1.0
ablation,ablation,opaque_dependency_l6,evaluation_seen,actual_return,full_aassr,full_depth4_branch1_max,30,0.0,0.0,0.0,0.0,0.0,0.0,1.0,True,1.0
ablation,ablation,opaque_dependency_l6,evaluation_seen,runtime_seconds,full_aassr,full_depth4_branch1_max,30,0.003473828750201695,0.00357159518332143,-9.776643311973509e-05,-0.00032681364970630966,0.00012609448339693093,-0.15440582418867524,0.40117994100294985,True,1.0
ablation,ablation,opaque_dependency_l6,evaluation_seen,real_transitions,full_aassr,full_depth4_branch1_max,30,6.0,6.0,0.0,0.0,0.0,0.0,1.0,True,1.0
ablation,ablation,opaque_dependency_l6,evaluation_seen,imagined_transitions,full_aassr,full_depth4_branch1_max,30,0.0,0.0,0.0,0.0,0.0,0.0,1.0,True,1.0
ablation,ablation,opaque_dependency_l6,evaluation_seen,action_proposals,full_aassr,full_depth4_branch1_max,30,6.0,6.0,0.0,0.0,0.0,0.0,1.0,True,1.0
ablation,ablation,opaque_dependency_l6,evaluation_seen,repeat_rate,full_aassr,full_depth4_branch1_max,30,0.0,0.0,0.0,0.0,0.0,0.0,1.0,True,1.0
ablation,ablation,opaque_dependency_l6,evaluation_seen,error_rate,full_aassr,full_depth4_branch1_max,30,0.0,0.0,0.0,0.0,0.0,0.0,1.0,True,1.0
ablation,ablation,opaque_dependency_l6,evaluation_seen,success,full_aassr,full_depth4_branch1_mean,30,0.0,0.0,0.0,0.0,0.0,0.0,1.0,True,1.0
ablation,ablation,opaque_dependency_l6,evaluation_seen,steps,full_aassr,full_depth4_branch1_mean,30,6.0,6.0,0.0,0.0,0.0,0.0,1.0,True,1.0
ablation,ablation,opaque_dependency_l6,evaluation_seen,high_level_steps,full_aassr,full_depth4_branch1_mean,30,6.0,6.0,0.0,0.0,0.0,0.0,1.0,True,1.0
ablation,ablation,opaque_dependency_l6,evaluation_seen,primitive_steps,full_aassr,full_depth4_branch1_mean,30,6.0,6.0,0.0,0.0,0.0,0.0,1.0,True,1.0
ablation,ablation,opaque_dependency_l6,evaluation_seen,reward,full_aassr,full_depth4_branch1_mean,30,0.0,0.0,0.0,0.0,0.0,0.0,1.0,True,1.0
ablation,ablation,opaque_dependency_l6,evaluation_seen,errors,full_aassr,full_depth4_branch1_mean,30,0.0,0.0,0.0,0.0,0.0,0.0,1.0,True,1.0
ablation,ablation,opaque_dependency_l6,evaluation_seen,repeats,full_aassr,full_depth4_branch1_mean,30,0.0,0.0,0.0,0.0,0.0,0.0,1.0,True,1.0
ablation,ablation,opaque_dependency_l6,evaluation_seen,prediction_score,full_aassr,full_depth4_branch1_mean,30,0.0,0.0,0.0,0.0,0.0,0.0,1.0,True,1.0
ablation,ablation,opaque_dependency_l6,evaluation_seen,holdout_score,full_aassr,full_depth4_branch1_mean,30,1.0,1.0,0.0,0.0,0.0,0.0,1.0,True,1.0
ablation,ablation,opaque_dependency_l6,evaluation_seen,imagined_nodes,full_aassr,full_depth4_branch1_mean,30,0.0,0.0,0.0,0.0,0.0,0.0,1.0,True,1.0
ablation,ablation,opaque_dependency_l6,evaluation_seen,imagination_depth,full_aassr,full_depth4_branch1_mean,30,0.0,0.0,0.0,0.0,0.0,0.0,1.0,True,1.0
ablation,ablation,opaque_dependency_l6,evaluation_seen,actual_return,full_aassr,full_depth4_branch1_mean,30,0.0,0.0,0.0,0.0,0.0,0.0,1.0,True,1.0
ablation,ablation,opaque_dependency_l6,evaluation_seen,runtime_seconds,full_aassr,full_depth4_branch1_mean,30,0.003473828750201695,0.003499825183088736,-2.599643288704102e-05,-0.00025930138276695895,0.0002064931670708271,-0.03919900334363756,0.8313584320783961,True,1.0
ablation,ablation,opaque_dependency_l6,evaluation_seen,real_transitions,full_aassr,full_depth4_branch1_mean,30,6.0,6.0,0.0,0.0,0.0,0.0,1.0,True,1.0
ablation,ablation,opaque_dependency_l6,evaluation_seen,imagined_transitions,full_aassr,full_depth4_branch1_mean,30,0.0,0.0,0.0,0.0,0.0,0.0,1.0,True,1.0
ablation,ablation,opaque_dependency_l6,evaluation_seen,action_proposals,full_aassr,full_depth4_branch1_mean,30,6.0,6.0,0.0,0.0,0.0,0.0,1.0,True,1.0
ablation,ablation,opaque_dependency_l6,evaluation_seen,repeat_rate,full_aassr,full_depth4_branch1_mean,30,0.0,0.0,0.0,0.0,0.0,0.0,1.0,True,1.0
ablation,ablation,opaque_dependency_l6,evaluation_seen,error_rate,full_aassr,full_depth4_branch1_mean,30,0.0,0.0,0.0,0.0,0.0,0.0,1.0,True,1.0
ablation,ablation,opaque_dependency_l6,evaluation_seen,success,full_aassr,full_depth4_branch1_risk-adjusted,30,0.0,0.0,0.0,0.0,0.0,0.0,1.0,True,1.0
ablation,ablation,opaque_dependency_l6,evaluation_seen,steps,full_aassr,full_depth4_branch1_risk-adjusted,30,6.0,6.0,0.0,0.0,0.0,0.0,1.0,True,1.0
ablation,ablation,opaque_dependency_l6,evaluation_seen,high_level_steps,full_aassr,full_depth4_branch1_risk-adjusted,30,6.0,6.0,0.0,0.0,0.0,0.0,1.0,True,1.0
ablation,ablation,opaque_dependency_l6,evaluation_seen,primitive_steps,full_aassr,full_depth4_branch1_risk-adjusted,30,6.0,6.0,0.0,0.0,0.0,0.0,1.0,True,1.0
ablation,ablation,opaque_dependency_l6,evaluation_seen,reward,full_aassr,full_depth4_branch1_risk-adjusted,30,0.0,0.0,0.0,0.0,0.0,0.0,1.0,True,1.0
ablation,ablation,opaque_dependency_l6,evaluation_seen,errors,full_aassr,full_depth4_branch1_risk-adjusted,30,0.0,0.0,0.0,0.0,0.0,0.0,1.0,True,1.0
ablation,ablation,opaque_dependency_l6,evaluation_seen,repeats,full_aassr,full_depth4_branch1_risk-adjusted,30,0.0,0.0,0.0,0.0,0.0,0.0,1.0,True,1.0
ablation,ablation,opaque_dependency_l6,evaluation_seen,prediction_score,full_aassr,full_depth4_branch1_risk-adjusted,30,0.0,0.0,0.0,0.0,0.0,0.0,1.0,True,1.0
ablation,ablation,opaque_dependency_l6,evaluation_seen,holdout_score,full_aassr,full_depth4_branch1_risk-adjusted,30,1.0,1.0,0.0,0.0,0.0,0.0,1.0,True,1.0
ablation,ablation,opaque_dependency_l6,evaluation_seen,imagined_nodes,full_aassr,full_depth4_branch1_risk-adjusted,30,0.0,0.0,0.0,0.0,0.0,0.0,1.0,True,1.0
ablation,ablation,opaque_dependency_l6,evaluation_seen,imagination_depth,full_aassr,full_depth4_branch1_risk-adjusted,30,0.0,0.0,0.0,0.0,0.0,0.0,1.0,True,1.0
ablation,ablation,opaque_dependency_l6,evaluation_seen,actual_return,full_aassr,full_depth4_branch1_risk-adjusted,30,0.0,0.0,0.0,0.0,0.0,0.0,1.0,True,1.0
ablation,ablation,opaque_dependency_l6,evaluation_seen,runtime_seconds,full_aassr,full_depth4_branch1_risk-adjusted,30,0.003473828750201695,0.0036331947667398103,-0.00015936601653811528,-0.0003655808162147878,4.839636641554529e-05,-0.26827048162566886,0.15309234538273087,True,1.0
ablation,ablation,opaque_dependency_l6,evaluation_seen,real_transitions,full_aassr,full_depth4_branch1_risk-adjusted,30,6.0,6.0,0.0,0.0,0.0,0.0,1.0,True,1.0
ablation,ablation,opaque_dependency_l6,evaluation_seen,imagined_transitions,full_aassr,full_depth4_branch1_risk-adjusted,30,0.0,0.0,0.0,0.0,0.0,0.0,1.0,True,1.0
ablation,ablation,opaque_dependency_l6,evaluation_seen,action_proposals,full_aassr,full_depth4_branch1_risk-adjusted,30,6.0,6.0,0.0,0.0,0.0,0.0,1.0,True,1.0
ablation,ablation,opaque_dependency_l6,evaluation_seen,repeat_rate,full_aassr,full_depth4_branch1_risk-adjusted,30,0.0,0.0,0.0,0.0,0.0,0.0,1.0,True,1.0
ablation,ablation,opaque_dependency_l6,evaluation_seen,error_rate,full_aassr,full_depth4_branch1_risk-adjusted,30,0.0,0.0,0.0,0.0,0.0,0.0,1.0,True,1.0
ablation,ablation,opaque_dependency_l6,evaluation_seen,success,full_aassr,full_depth4_branch2_max,30,0.0,0.0,0.0,0.0,0.0,0.0,1.0,True,1.0
ablation,ablation,opaque_dependency_l6,evaluation_seen,steps,full_aassr,full_depth4_branch2_max,30,6.0,6.0,0.0,0.0,0.0,0.0,1.0,True,1.0
ablation,ablation,opaque_dependency_l6,evaluation_seen,high_level_steps,full_aassr,full_depth4_branch2_max,30,6.0,6.0,0.0,0.0,0.0,0.0,1.0,True,1.0
ablation,ablation,opaque_dependency_l6,evaluation_seen,primitive_steps,full_aassr,full_depth4_branch2_max,30,6.0,6.0,0.0,0.0,0.0,0.0,1.0,True,1.0
ablation,ablation,opaque_dependency_l6,evaluation_seen,reward,full_aassr,full_depth4_branch2_max,30,0.0,0.0,0.0,0.0,0.0,0.0,1.0,True,1.0
ablation,ablation,opaque_dependency_l6,evaluation_seen,errors,full_aassr,full_depth4_branch2_max,30,0.0,0.0,0.0,0.0,0.0,0.0,1.0,True,1.0
ablation,ablation,opaque_dependency_l6,evaluation_seen,repeats,full_aassr,full_depth4_branch2_max,30,0.0,0.0,0.0,0.0,0.0,0.0,1.0,True,1.0
ablation,ablation,opaque_dependency_l6,evaluation_seen,prediction_score,full_aassr,full_depth4_branch2_max,30,0.0,0.0,0.0,0.0,0.0,0.0,1.0,True,1.0
ablation,ablation,opaque_dependency_l6,evaluation_seen,holdout_score,full_aassr,full_depth4_branch2_max,30,1.0,1.0,0.0,0.0,0.0,0.0,1.0,True,1.0
ablation,ablation,opaque_dependency_l6,evaluation_seen,imagined_nodes,full_aassr,full_depth4_branch2_max,30,0.0,0.0,0.0,0.0,0.0,0.0,1.0,True,1.0
ablation,ablation,opaque_dependency_l6,evaluation_seen,imagination_depth,full_aassr,full_depth4_branch2_max,30,0.0,0.0,0.0,0.0,0.0,0.0,1.0,True,1.0
ablation,ablation,opaque_dependency_l6,evaluation_seen,actual_return,full_aassr,full_depth4_branch2_max,30,0.0,0.0,0.0,0.0,0.0,0.0,1.0,True,1.0
ablation,ablation,opaque_dependency_l6,evaluation_seen,runtime_seconds,full_aassr,full_depth4_branch2_max,30,0.003473828750201695,0.0035438575500641796,-7.002879986248446e-05,-0.00028054923315842947,0.00015334206689052125,-0.11413825291894583,0.5266736663166842,True,1.0
ablation,ablation,opaque_dependency_l6,evaluation_seen,real_transitions,full_aassr,full_depth4_branch2_max,30,6.0,6.0,0.0,0.0,0.0,0.0,1.0,True,1.0
ablation,ablation,opaque_dependency_l6,evaluation_seen,imagined_transitions,full_aassr,full_depth4_branch2_max,30,0.0,0.0,0.0,0.0,0.0,0.0,1.0,True,1.0
ablation,ablation,opaque_dependency_l6,evaluation_seen,action_proposals,full_aassr,full_depth4_branch2_max,30,6.0,6.0,0.0,0.0,0.0,0.0,1.0,True,1.0
ablation,ablation,opaque_dependency_l6,evaluation_seen,repeat_rate,full_aassr,full_depth4_branch2_max,30,0.0,0.0,0.0,0.0,0.0,0.0,1.0,True,1.0
ablation,ablation,opaque_dependency_l6,evaluation_seen,error_rate,full_aassr,full_depth4_branch2_max,30,0.0,0.0,0.0,0.0,0.0,0.0,1.0,True,1.0
ablation,ablation,opaque_dependency_l6,evaluation_seen,success,full_aassr,full_depth4_branch2_mean,30,0.0,0.0,0.0,0.0,0.0,0.0,1.0,True,1.0
ablation,ablation,opaque_dependency_l6,evaluation_seen,steps,full_aassr,full_depth4_branch2_mean,30,6.0,6.0,0.0,0.0,0.0,0.0,1.0,True,1.0
ablation,ablation,opaque_dependency_l6,evaluation_seen,high_level_steps,full_aassr,full_depth4_branch2_mean,30,6.0,6.0,0.0,0.0,0.0,0.0,1.0,True,1.0
ablation,ablation,opaque_dependency_l6,evaluation_seen,primitive_steps,full_aassr,full_depth4_branch2_mean,30,6.0,6.0,0.0,0.0,0.0,0.0,1.0,True,1.0
ablation,ablation,opaque_dependency_l6,evaluation_seen,reward,full_aassr,full_depth4_branch2_mean,30,0.0,0.0,0.0,0.0,0.0,0.0,1.0,True,1.0
ablation,ablation,opaque_dependency_l6,evaluation_seen,errors,full_aassr,full_depth4_branch2_mean,30,0.0,0.0,0.0,0.0,0.0,0.0,1.0,True,1.0
ablation,ablation,opaque_dependency_l6,evaluation_seen,repeats,full_aassr,full_depth4_branch2_mean,30,0.0,0.0,0.0,0.0,0.0,0.0,1.0,True,1.0
ablation,ablation,opaque_dependency_l6,evaluation_seen,prediction_score,full_aassr,full_depth4_branch2_mean,30,0.0,0.0,0.0,0.0,0.0,0.0,1.0,True,1.0
ablation,ablation,opaque_dependency_l6,evaluation_seen,holdout_score,full_aassr,full_depth4_branch2_mean,30,1.0,1.0,0.0,0.0,0.0,0.0,1.0,True,1.0
ablation,ablation,opaque_dependency_l6,evaluation_seen,imagined_nodes,full_aassr,full_depth4_branch2_mean,30,0.0,0.0,0.0,0.0,0.0,0.0,1.0,True,1.0
ablation,ablation,opaque_dependency_l6,evaluation_seen,imagination_depth,full_aassr,full_depth4_branch2_mean,30,0.0,0.0,0.0,0.0,0.0,0.0,1.0,True,1.0
ablation,ablation,opaque_dependency_l6,evaluation_seen,actual_return,full_aassr,full_depth4_branch2_mean,30,0.0,0.0,0.0,0.0,0.0,0.0,1.0,True,1.0
ablation,ablation,opaque_dependency_l6,evaluation_seen,runtime_seconds,full_aassr,full_depth4_branch2_mean,30,0.003473828750201695,0.0033998607834995107,7.396796670218462e-05,-0.0001676573501899839,0.0003160524166305549,0.10714689046560506,0.5579221038948052,True,1.0
ablation,ablation,opaque_dependency_l6,evaluation_seen,real_transitions,full_aassr,full_depth4_branch2_mean,30,6.0,6.0,0.0,0.0,0.0,0.0,1.0,True,1.0
ablation,ablation,opaque_dependency_l6,evaluation_seen,imagined_transitions,full_aassr,full_depth4_branch2_mean,30,0.0,0.0,0.0,0.0,0.0,0.0,1.0,True,1.0
ablation,ablation,opaque_dependency_l6,evaluation_seen,action_proposals,full_aassr,full_depth4_branch2_mean,30,6.0,6.0,0.0,0.0,0.0,0.0,1.0,True,1.0
ablation,ablation,opaque_dependency_l6,evaluation_seen,repeat_rate,full_aassr,full_depth4_branch2_mean,30,0.0,0.0,0.0,0.0,0.0,0.0,1.0,True,1.0
ablation,ablation,opaque_dependency_l6,evaluation_seen,error_rate,full_aassr,full_depth4_branch2_mean,30,0.0,0.0,0.0,0.0,0.0,0.0,1.0,True,1.0
ablation,ablation,opaque_dependency_l6,evaluation_seen,success,full_aassr,full_depth4_branch2_risk-adjusted,30,0.0,0.0,0.0,0.0,0.0,0.0,1.0,True,1.0
ablation,ablation,opaque_dependency_l6,evaluation_seen,steps,full_aassr,full_depth4_branch2_risk-adjusted,30,6.0,6.0,0.0,0.0,0.0,0.0,1.0,True,1.0
ablation,ablation,opaque_dependency_l6,evaluation_seen,high_level_steps,full_aassr,full_depth4_branch2_risk-adjusted,30,6.0,6.0,0.0,0.0,0.0,0.0,1.0,True,1.0
ablation,ablation,opaque_dependency_l6,evaluation_seen,primitive_steps,full_aassr,full_depth4_branch2_risk-adjusted,30,6.0,6.0,0.0,0.0,0.0,0.0,1.0,True,1.0
ablation,ablation,opaque_dependency_l6,evaluation_seen,reward,full_aassr,full_depth4_branch2_risk-adjusted,30,0.0,0.0,0.0,0.0,0.0,0.0,1.0,True,1.0
ablation,ablation,opaque_dependency_l6,evaluation_seen,errors,full_aassr,full_depth4_branch2_risk-adjusted,30,0.0,0.0,0.0,0.0,0.0,0.0,1.0,True,1.0
ablation,ablation,opaque_dependency_l6,evaluation_seen,repeats,full_aassr,full_depth4_branch2_risk-adjusted,30,0.0,0.0,0.0,0.0,0.0,0.0,1.0,True,1.0
ablation,ablation,opaque_dependency_l6,evaluation_seen,prediction_score,full_aassr,full_depth4_branch2_risk-adjusted,30,0.0,0.0,0.0,0.0,0.0,0.0,1.0,True,1.0
ablation,ablation,opaque_dependency_l6,evaluation_seen,holdout_score,full_aassr,full_depth4_branch2_risk-adjusted,30,1.0,1.0,0.0,0.0,0.0,0.0,1.0,True,1.0
ablation,ablation,opaque_dependency_l6,evaluation_seen,imagined_nodes,full_aassr,full_depth4_branch2_risk-adjusted,30,0.0,0.0,0.0,0.0,0.0,0.0,1.0,True,1.0
ablation,ablation,opaque_dependency_l6,evaluation_seen,imagination_depth,full_aassr,full_depth4_branch2_risk-adjusted,30,0.0,0.0,0.0,0.0,0.0,0.0,1.0,True,1.0
ablation,ablation,opaque_dependency_l6,evaluation_seen,actual_return,full_aassr,full_depth4_branch2_risk-adjusted,30,0.0,0.0,0.0,0.0,0.0,0.0,1.0,True,1.0
ablation,ablation,opaque_dependency_l6,evaluation_seen,runtime_seconds,full_aassr,full_depth4_branch2_risk-adjusted,30,0.003473828750201695,0.0033306899166782385,0.00014313883352345627,-7.2484399691651e-05,0.000354692983183971,0.2323639822228865,0.21623918804059797,True,1.0
ablation,ablation,opaque_dependency_l6,evaluation_seen,real_transitions,full_aassr,full_depth4_branch2_risk-adjusted,30,6.0,6.0,0.0,0.0,0.0,0.0,1.0,True,1.0
ablation,ablation,opaque_dependency_l6,evaluation_seen,imagined_transitions,full_aassr,full_depth4_branch2_risk-adjusted,30,0.0,0.0,0.0,0.0,0.0,0.0,1.0,True,1.0
ablation,ablation,opaque_dependency_l6,evaluation_seen,action_proposals,full_aassr,full_depth4_branch2_risk-adjusted,30,6.0,6.0,0.0,0.0,0.0,0.0,1.0,True,1.0
ablation,ablation,opaque_dependency_l6,evaluation_seen,repeat_rate,full_aassr,full_depth4_branch2_risk-adjusted,30,0.0,0.0,0.0,0.0,0.0,0.0,1.0,True,1.0
ablation,ablation,opaque_dependency_l6,evaluation_seen,error_rate,full_aassr,full_depth4_branch2_risk-adjusted,30,0.0,0.0,0.0,0.0,0.0,0.0,1.0,True,1.0
ablation,ablation,opaque_dependency_l6,evaluation_seen,success,full_aassr,full_depth4_branch4_max,30,0.0,0.0,0.0,0.0,0.0,0.0,1.0,True,1.0
ablation,ablation,opaque_dependency_l6,evaluation_seen,steps,full_aassr,full_depth4_branch4_max,30,6.0,6.0,0.0,0.0,0.0,0.0,1.0,True,1.0
ablation,ablation,opaque_dependency_l6,evaluation_seen,high_level_steps,full_aassr,full_depth4_branch4_max,30,6.0,6.0,0.0,0.0,0.0,0.0,1.0,True,1.0
ablation,ablation,opaque_dependency_l6,evaluation_seen,primitive_steps,full_aassr,full_depth4_branch4_max,30,6.0,6.0,0.0,0.0,0.0,0.0,1.0,True,1.0
ablation,ablation,opaque_dependency_l6,evaluation_seen,reward,full_aassr,full_depth4_branch4_max,30,0.0,0.0,0.0,0.0,0.0,0.0,1.0,True,1.0
ablation,ablation,opaque_dependency_l6,evaluation_seen,errors,full_aassr,full_depth4_branch4_max,30,0.0,0.0,0.0,0.0,0.0,0.0,1.0,True,1.0
ablation,ablation,opaque_dependency_l6,evaluation_seen,repeats,full_aassr,full_depth4_branch4_max,30,0.0,0.0,0.0,0.0,0.0,0.0,1.0,True,1.0
ablation,ablation,opaque_dependency_l6,evaluation_seen,prediction_score,full_aassr,full_depth4_branch4_max,30,0.0,0.0,0.0,0.0,0.0,0.0,1.0,True,1.0
ablation,ablation,opaque_dependency_l6,evaluation_seen,holdout_score,full_aassr,full_depth4_branch4_max,30,1.0,1.0,0.0,0.0,0.0,0.0,1.0,True,1.0
ablation,ablation,opaque_dependency_l6,evaluation_seen,imagined_nodes,full_aassr,full_depth4_branch4_max,30,0.0,0.0,0.0,0.0,0.0,0.0,1.0,True,1.0
ablation,ablation,opaque_dependency_l6,evaluation_seen,imagination_depth,full_aassr,full_depth4_branch4_max,30,0.0,0.0,0.0,0.0,0.0,0.0,1.0,True,1.0
ablation,ablation,opaque_dependency_l6,evaluation_seen,actual_return,full_aassr,full_depth4_branch4_max,30,0.0,0.0,0.0,0.0,0.0,0.0,1.0,True,1.0
ablation,ablation,opaque_dependency_l6,evaluation_seen,runtime_seconds,full_aassr,full_depth4_branch4_max,30,0.003473828750201695,0.003378678099878016,9.515065032367907e-05,-0.00010617383283291322,0.00029442336704717795,0.16973343688676484,0.3606319684015799,True,1.0
ablation,ablation,opaque_dependency_l6,evaluation_seen,real_transitions,full_aassr,full_depth4_branch4_max,30,6.0,6.0,0.0,0.0,0.0,0.0,1.0,True,1.0
ablation,ablation,opaque_dependency_l6,evaluation_seen,imagined_transitions,full_aassr,full_depth4_branch4_max,30,0.0,0.0,0.0,0.0,0.0,0.0,1.0,True,1.0
ablation,ablation,opaque_dependency_l6,evaluation_seen,action_proposals,full_aassr,full_depth4_branch4_max,30,6.0,6.0,0.0,0.0,0.0,0.0,1.0,True,1.0
ablation,ablation,opaque_dependency_l6,evaluation_seen,repeat_rate,full_aassr,full_depth4_branch4_max,30,0.0,0.0,0.0,0.0,0.0,0.0,1.0,True,1.0
ablation,ablation,opaque_dependency_l6,evaluation_seen,error_rate,full_aassr,full_depth4_branch4_max,30,0.0,0.0,0.0,0.0,0.0,0.0,1.0,True,1.0
ablation,ablation,opaque_dependency_l6,evaluation_seen,success,full_aassr,full_depth4_branch4_mean,30,0.0,0.0,0.0,0.0,0.0,0.0,1.0,True,1.0
ablation,ablation,opaque_dependency_l6,evaluation_seen,steps,full_aassr,full_depth4_branch4_mean,30,6.0,6.0,0.0,0.0,0.0,0.0,1.0,True,1.0
ablation,ablation,opaque_dependency_l6,evaluation_seen,high_level_steps,full_aassr,full_depth4_branch4_mean,30,6.0,6.0,0.0,0.0,0.0,0.0,1.0,True,1.0
ablation,ablation,opaque_dependency_l6,evaluation_seen,primitive_steps,full_aassr,full_depth4_branch4_mean,30,6.0,6.0,0.0,0.0,0.0,0.0,1.0,True,1.0
ablation,ablation,opaque_dependency_l6,evaluation_seen,reward,full_aassr,full_depth4_branch4_mean,30,0.0,0.0,0.0,0.0,0.0,0.0,1.0,True,1.0
ablation,ablation,opaque_dependency_l6,evaluation_seen,errors,full_aassr,full_depth4_branch4_mean,30,0.0,0.0,0.0,0.0,0.0,0.0,1.0,True,1.0
ablation,ablation,opaque_dependency_l6,evaluation_seen,repeats,full_aassr,full_depth4_branch4_mean,30,0.0,0.0,0.0,0.0,0.0,0.0,1.0,True,1.0
ablation,ablation,opaque_dependency_l6,evaluation_seen,prediction_score,full_aassr,full_depth4_branch4_mean,30,0.0,0.0,0.0,0.0,0.0,0.0,1.0,True,1.0
ablation,ablation,opaque_dependency_l6,evaluation_seen,holdout_score,full_aassr,full_depth4_branch4_mean,30,1.0,1.0,0.0,0.0,0.0,0.0,1.0,True,1.0
ablation,ablation,opaque_dependency_l6,evaluation_seen,imagined_nodes,full_aassr,full_depth4_branch4_mean,30,0.0,0.0,0.0,0.0,0.0,0.0,1.0,True,1.0
ablation,ablation,opaque_dependency_l6,evaluation_seen,imagination_depth,full_aassr,full_depth4_branch4_mean,30,0.0,0.0,0.0,0.0,0.0,0.0,1.0,True,1.0
ablation,ablation,opaque_dependency_l6,evaluation_seen,actual_return,full_aassr,full_depth4_branch4_mean,30,0.0,0.0,0.0,0.0,0.0,0.0,1.0,True,1.0
ablation,ablation,opaque_dependency_l6,evaluation_seen,runtime_seconds,full_aassr,full_depth4_branch4_mean,30,0.003473828750201695,0.003372621299926929,0.00010120745027476606,-0.00010751761658563445,0.00030540953374778233,0.17414701561297935,0.351982400879956,True,1.0
ablation,ablation,opaque_dependency_l6,evaluation_seen,real_transitions,full_aassr,full_depth4_branch4_mean,30,6.0,6.0,0.0,0.0,0.0,0.0,1.0,True,1.0
ablation,ablation,opaque_dependency_l6,evaluation_seen,imagined_transitions,full_aassr,full_depth4_branch4_mean,30,0.0,0.0,0.0,0.0,0.0,0.0,1.0,True,1.0
ablation,ablation,opaque_dependency_l6,evaluation_seen,action_proposals,full_aassr,full_depth4_branch4_mean,30,6.0,6.0,0.0,0.0,0.0,0.0,1.0,True,1.0
ablation,ablation,opaque_dependency_l6,evaluation_seen,repeat_rate,full_aassr,full_depth4_branch4_mean,30,0.0,0.0,0.0,0.0,0.0,0.0,1.0,True,1.0
ablation,ablation,opaque_dependency_l6,evaluation_seen,error_rate,full_aassr,full_depth4_branch4_mean,30,0.0,0.0,0.0,0.0,0.0,0.0,1.0,True,1.0
ablation,ablation,opaque_dependency_l6,evaluation_seen,success,full_aassr,full_depth4_branch4_risk-adjusted,30,0.0,0.0,0.0,0.0,0.0,0.0,1.0,True,1.0
ablation,ablation,opaque_dependency_l6,evaluation_seen,steps,full_aassr,full_depth4_branch4_risk-adjusted,30,6.0,6.0,0.0,0.0,0.0,0.0,1.0,True,1.0
ablation,ablation,opaque_dependency_l6,evaluation_seen,high_level_steps,full_aassr,full_depth4_branch4_risk-adjusted,30,6.0,6.0,0.0,0.0,0.0,0.0,1.0,True,1.0
ablation,ablation,opaque_dependency_l6,evaluation_seen,primitive_steps,full_aassr,full_depth4_branch4_risk-adjusted,30,6.0,6.0,0.0,0.0,0.0,0.0,1.0,True,1.0
ablation,ablation,opaque_dependency_l6,evaluation_seen,reward,full_aassr,full_depth4_branch4_risk-adjusted,30,0.0,0.0,0.0,0.0,0.0,0.0,1.0,True,1.0
ablation,ablation,opaque_dependency_l6,evaluation_seen,errors,full_aassr,full_depth4_branch4_risk-adjusted,30,0.0,0.0,0.0,0.0,0.0,0.0,1.0,True,1.0
ablation,ablation,opaque_dependency_l6,evaluation_seen,repeats,full_aassr,full_depth4_branch4_risk-adjusted,30,0.0,0.0,0.0,0.0,0.0,0.0,1.0,True,1.0
ablation,ablation,opaque_dependency_l6,evaluation_seen,prediction_score,full_aassr,full_depth4_branch4_risk-adjusted,30,0.0,0.0,0.0,0.0,0.0,0.0,1.0,True,1.0
ablation,ablation,opaque_dependency_l6,evaluation_seen,holdout_score,full_aassr,full_depth4_branch4_risk-adjusted,30,1.0,1.0,0.0,0.0,0.0,0.0,1.0,True,1.0
ablation,ablation,opaque_dependency_l6,evaluation_seen,imagined_nodes,full_aassr,full_depth4_branch4_risk-adjusted,30,0.0,0.0,0.0,0.0,0.0,0.0,1.0,True,1.0
ablation,ablation,opaque_dependency_l6,evaluation_seen,imagination_depth,full_aassr,full_depth4_branch4_risk-adjusted,30,0.0,0.0,0.0,0.0,0.0,0.0,1.0,True,1.0
ablation,ablation,opaque_dependency_l6,evaluation_seen,actual_return,full_aassr,full_depth4_branch4_risk-adjusted,30,0.0,0.0,0.0,0.0,0.0,0.0,1.0,True,1.0
ablation,ablation,opaque_dependency_l6,evaluation_seen,runtime_seconds,full_aassr,full_depth4_branch4_risk-adjusted,30,0.003473828750201695,0.003463195099810643,1.0633650391052123e-05,-0.00022862623292894577,0.0002526978165406034,0.015626206238064825,0.9290535473226339,True,1.0
ablation,ablation,opaque_dependency_l6,evaluation_seen,real_transitions,full_aassr,full_depth4_branch4_risk-adjusted,30,6.0,6.0,0.0,0.0,0.0,0.0,1.0,True,1.0
ablation,ablation,opaque_dependency_l6,evaluation_seen,imagined_transitions,full_aassr,full_depth4_branch4_risk-adjusted,30,0.0,0.0,0.0,0.0,0.0,0.0,1.0,True,1.0
ablation,ablation,opaque_dependency_l6,evaluation_seen,action_proposals,full_aassr,full_depth4_branch4_risk-adjusted,30,6.0,6.0,0.0,0.0,0.0,0.0,1.0,True,1.0
ablation,ablation,opaque_dependency_l6,evaluation_seen,repeat_rate,full_aassr,full_depth4_branch4_risk-adjusted,30,0.0,0.0,0.0,0.0,0.0,0.0,1.0,True,1.0
ablation,ablation,opaque_dependency_l6,evaluation_seen,error_rate,full_aassr,full_depth4_branch4_risk-adjusted,30,0.0,0.0,0.0,0.0,0.0,0.0,1.0,True,1.0
ablation,ablation,opaque_dependency_l6,evaluation_seen,success,full_aassr,full_depth6_branch1_max,30,0.0,0.0,0.0,0.0,0.0,0.0,1.0,True,1.0
ablation,ablation,opaque_dependency_l6,evaluation_seen,steps,full_aassr,full_depth6_branch1_max,30,6.0,6.0,0.0,0.0,0.0,0.0,1.0,True,1.0
ablation,ablation,opaque_dependency_l6,evaluation_seen,high_level_steps,full_aassr,full_depth6_branch1_max,30,6.0,6.0,0.0,0.0,0.0,0.0,1.0,True,1.0
ablation,ablation,opaque_dependency_l6,evaluation_seen,primitive_steps,full_aassr,full_depth6_branch1_max,30,6.0,6.0,0.0,0.0,0.0,0.0,1.0,True,1.0
ablation,ablation,opaque_dependency_l6,evaluation_seen,reward,full_aassr,full_depth6_branch1_max,30,0.0,0.0,0.0,0.0,0.0,0.0,1.0,True,1.0
ablation,ablation,opaque_dependency_l6,evaluation_seen,errors,full_aassr,full_depth6_branch1_max,30,0.0,0.0,0.0,0.0,0.0,0.0,1.0,True,1.0
ablation,ablation,opaque_dependency_l6,evaluation_seen,repeats,full_aassr,full_depth6_branch1_max,30,0.0,0.0,0.0,0.0,0.0,0.0,1.0,True,1.0
ablation,ablation,opaque_dependency_l6,evaluation_seen,prediction_score,full_aassr,full_depth6_branch1_max,30,0.0,0.0,0.0,0.0,0.0,0.0,1.0,True,1.0
ablation,ablation,opaque_dependency_l6,evaluation_seen,holdout_score,full_aassr,full_depth6_branch1_max,30,1.0,1.0,0.0,0.0,0.0,0.0,1.0,True,1.0
ablation,ablation,opaque_dependency_l6,evaluation_seen,imagined_nodes,full_aassr,full_depth6_branch1_max,30,0.0,0.0,0.0,0.0,0.0,0.0,1.0,True,1.0
ablation,ablation,opaque_dependency_l6,evaluation_seen,imagination_depth,full_aassr,full_depth6_branch1_max,30,0.0,0.0,0.0,0.0,0.0,0.0,1.0,True,1.0
ablation,ablation,opaque_dependency_l6,evaluation_seen,actual_return,full_aassr,full_depth6_branch1_max,30,0.0,0.0,0.0,0.0,0.0,0.0,1.0,True,1.0
ablation,ablation,opaque_dependency_l6,evaluation_seen,runtime_seconds,full_aassr,full_depth6_branch1_max,30,0.003473828750201695,0.003454508116459086,1.9320633742609055e-05,-0.00020484648322841774,0.00024682773364474996,0.0303853153610659,0.8642567871606419,True,1.0
ablation,ablation,opaque_dependency_l6,evaluation_seen,real_transitions,full_aassr,full_depth6_branch1_max,30,6.0,6.0,0.0,0.0,0.0,0.0,1.0,True,1.0
ablation,ablation,opaque_dependency_l6,evaluation_seen,imagined_transitions,full_aassr,full_depth6_branch1_max,30,0.0,0.0,0.0,0.0,0.0,0.0,1.0,True,1.0
ablation,ablation,opaque_dependency_l6,evaluation_seen,action_proposals,full_aassr,full_depth6_branch1_max,30,6.0,6.0,0.0,0.0,0.0,0.0,1.0,True,1.0
ablation,ablation,opaque_dependency_l6,evaluation_seen,repeat_rate,full_aassr,full_depth6_branch1_max,30,0.0,0.0,0.0,0.0,0.0,0.0,1.0,True,1.0
ablation,ablation,opaque_dependency_l6,evaluation_seen,error_rate,full_aassr,full_depth6_branch1_max,30,0.0,0.0,0.0,0.0,0.0,0.0,1.0,True,1.0
ablation,ablation,opaque_dependency_l6,evaluation_seen,success,full_aassr,full_depth6_branch1_mean,30,0.0,0.0,0.0,0.0,0.0,0.0,1.0,True,1.0
ablation,ablation,opaque_dependency_l6,evaluation_seen,steps,full_aassr,full_depth6_branch1_mean,30,6.0,6.0,0.0,0.0,0.0,0.0,1.0,True,1.0
ablation,ablation,opaque_dependency_l6,evaluation_seen,high_level_steps,full_aassr,full_depth6_branch1_mean,30,6.0,6.0,0.0,0.0,0.0,0.0,1.0,True,1.0
ablation,ablation,opaque_dependency_l6,evaluation_seen,primitive_steps,full_aassr,full_depth6_branch1_mean,30,6.0,6.0,0.0,0.0,0.0,0.0,1.0,True,1.0
ablation,ablation,opaque_dependency_l6,evaluation_seen,reward,full_aassr,full_depth6_branch1_mean,30,0.0,0.0,0.0,0.0,0.0,0.0,1.0,True,1.0
ablation,ablation,opaque_dependency_l6,evaluation_seen,errors,full_aassr,full_depth6_branch1_mean,30,0.0,0.0,0.0,0.0,0.0,0.0,1.0,True,1.0
ablation,ablation,opaque_dependency_l6,evaluation_seen,repeats,full_aassr,full_depth6_branch1_mean,30,0.0,0.0,0.0,0.0,0.0,0.0,1.0,True,1.0
ablation,ablation,opaque_dependency_l6,evaluation_seen,prediction_score,full_aassr,full_depth6_branch1_mean,30,0.0,0.0,0.0,0.0,0.0,0.0,1.0,True,1.0
ablation,ablation,opaque_dependency_l6,evaluation_seen,holdout_score,full_aassr,full_depth6_branch1_mean,30,1.0,1.0,0.0,0.0,0.0,0.0,1.0,True,1.0
ablation,ablation,opaque_dependency_l6,evaluation_seen,imagined_nodes,full_aassr,full_depth6_branch1_mean,30,0.0,0.0,0.0,0.0,0.0,0.0,1.0,True,1.0
ablation,ablation,opaque_dependency_l6,evaluation_seen,imagination_depth,full_aassr,full_depth6_branch1_mean,30,0.0,0.0,0.0,0.0,0.0,0.0,1.0,True,1.0
ablation,ablation,opaque_dependency_l6,evaluation_seen,actual_return,full_aassr,full_depth6_branch1_mean,30,0.0,0.0,0.0,0.0,0.0,0.0,1.0,True,1.0
ablation,ablation,opaque_dependency_l6,evaluation_seen,runtime_seconds,full_aassr,full_depth6_branch1_mean,30,0.003473828750201695,0.0034231505334998175,5.067821670187794e-05,-0.00012868581662769425,0.00024247093359978556,0.09602735952036753,0.6026698665066746,True,1.0
ablation,ablation,opaque_dependency_l6,evaluation_seen,real_transitions,full_aassr,full_depth6_branch1_mean,30,6.0,6.0,0.0,0.0,0.0,0.0,1.0,True,1.0
ablation,ablation,opaque_dependency_l6,evaluation_seen,imagined_transitions,full_aassr,full_depth6_branch1_mean,30,0.0,0.0,0.0,0.0,0.0,0.0,1.0,True,1.0
ablation,ablation,opaque_dependency_l6,evaluation_seen,action_proposals,full_aassr,full_depth6_branch1_mean,30,6.0,6.0,0.0,0.0,0.0,0.0,1.0,True,1.0
ablation,ablation,opaque_dependency_l6,evaluation_seen,repeat_rate,full_aassr,full_depth6_branch1_mean,30,0.0,0.0,0.0,0.0,0.0,0.0,1.0,True,1.0
ablation,ablation,opaque_dependency_l6,evaluation_seen,error_rate,full_aassr,full_depth6_branch1_mean,30,0.0,0.0,0.0,0.0,0.0,0.0,1.0,True,1.0
ablation,ablation,opaque_dependency_l6,evaluation_seen,success,full_aassr,full_depth6_branch1_risk-adjusted,30,0.0,0.0,0.0,0.0,0.0,0.0,1.0,True,1.0
ablation,ablation,opaque_dependency_l6,evaluation_seen,steps,full_aassr,full_depth6_branch1_risk-adjusted,30,6.0,6.0,0.0,0.0,0.0,0.0,1.0,True,1.0
ablation,ablation,opaque_dependency_l6,evaluation_seen,high_level_steps,full_aassr,full_depth6_branch1_risk-adjusted,30,6.0,6.0,0.0,0.0,0.0,0.0,1.0,True,1.0
ablation,ablation,opaque_dependency_l6,evaluation_seen,primitive_steps,full_aassr,full_depth6_branch1_risk-adjusted,30,6.0,6.0,0.0,0.0,0.0,0.0,1.0,True,1.0
ablation,ablation,opaque_dependency_l6,evaluation_seen,reward,full_aassr,full_depth6_branch1_risk-adjusted,30,0.0,0.0,0.0,0.0,0.0,0.0,1.0,True,1.0
ablation,ablation,opaque_dependency_l6,evaluation_seen,errors,full_aassr,full_depth6_branch1_risk-adjusted,30,0.0,0.0,0.0,0.0,0.0,0.0,1.0,True,1.0
ablation,ablation,opaque_dependency_l6,evaluation_seen,repeats,full_aassr,full_depth6_branch1_risk-adjusted,30,0.0,0.0,0.0,0.0,0.0,0.0,1.0,True,1.0
ablation,ablation,opaque_dependency_l6,evaluation_seen,prediction_score,full_aassr,full_depth6_branch1_risk-adjusted,30,0.0,0.0,0.0,0.0,0.0,0.0,1.0,True,1.0
ablation,ablation,opaque_dependency_l6,evaluation_seen,holdout_score,full_aassr,full_depth6_branch1_risk-adjusted,30,1.0,1.0,0.0,0.0,0.0,0.0,1.0,True,1.0
ablation,ablation,opaque_dependency_l6,evaluation_seen,imagined_nodes,full_aassr,full_depth6_branch1_risk-adjusted,30,0.0,0.0,0.0,0.0,0.0,0.0,1.0,True,1.0
ablation,ablation,opaque_dependency_l6,evaluation_seen,imagination_depth,full_aassr,full_depth6_branch1_risk-adjusted,30,0.0,0.0,0.0,0.0,0.0,0.0,1.0,True,1.0
ablation,ablation,opaque_dependency_l6,evaluation_seen,actual_return,full_aassr,full_depth6_branch1_risk-adjusted,30,0.0,0.0,0.0,0.0,0.0,0.0,1.0,True,1.0
ablation,ablation,opaque_dependency_l6,evaluation_seen,runtime_seconds,full_aassr,full_depth6_branch1_risk-adjusted,30,0.003473828750201695,0.0033970495167401776,7.677923346151758e-05,-0.0001281470333778998,0.00027226513354495797,0.1318936999970782,0.4777261136943153,True,1.0
ablation,ablation,opaque_dependency_l6,evaluation_seen,real_transitions,full_aassr,full_depth6_branch1_risk-adjusted,30,6.0,6.0,0.0,0.0,0.0,0.0,1.0,True,1.0
ablation,ablation,opaque_dependency_l6,evaluation_seen,imagined_transitions,full_aassr,full_depth6_branch1_risk-adjusted,30,0.0,0.0,0.0,0.0,0.0,0.0,1.0,True,1.0
ablation,ablation,opaque_dependency_l6,evaluation_seen,action_proposals,full_aassr,full_depth6_branch1_risk-adjusted,30,6.0,6.0,0.0,0.0,0.0,0.0,1.0,True,1.0
ablation,ablation,opaque_dependency_l6,evaluation_seen,repeat_rate,full_aassr,full_depth6_branch1_risk-adjusted,30,0.0,0.0,0.0,0.0,0.0,0.0,1.0,True,1.0
ablation,ablation,opaque_dependency_l6,evaluation_seen,error_rate,full_aassr,full_depth6_branch1_risk-adjusted,30,0.0,0.0,0.0,0.0,0.0,0.0,1.0,True,1.0
ablation,ablation,opaque_dependency_l6,evaluation_seen,success,full_aassr,full_depth6_branch2_max,30,0.0,0.0,0.0,0.0,0.0,0.0,1.0,True,1.0
ablation,ablation,opaque_dependency_l6,evaluation_seen,steps,full_aassr,full_depth6_branch2_max,30,6.0,6.0,0.0,0.0,0.0,0.0,1.0,True,1.0
ablation,ablation,opaque_dependency_l6,evaluation_seen,high_level_steps,full_aassr,full_depth6_branch2_max,30,6.0,6.0,0.0,0.0,0.0,0.0,1.0,True,1.0
ablation,ablation,opaque_dependency_l6,evaluation_seen,primitive_steps,full_aassr,full_depth6_branch2_max,30,6.0,6.0,0.0,0.0,0.0,0.0,1.0,True,1.0
ablation,ablation,opaque_dependency_l6,evaluation_seen,reward,full_aassr,full_depth6_branch2_max,30,0.0,0.0,0.0,0.0,0.0,0.0,1.0,True,1.0
ablation,ablation,opaque_dependency_l6,evaluation_seen,errors,full_aassr,full_depth6_branch2_max,30,0.0,0.0,0.0,0.0,0.0,0.0,1.0,True,1.0
ablation,ablation,opaque_dependency_l6,evaluation_seen,repeats,full_aassr,full_depth6_branch2_max,30,0.0,0.0,0.0,0.0,0.0,0.0,1.0,True,1.0
ablation,ablation,opaque_dependency_l6,evaluation_seen,prediction_score,full_aassr,full_depth6_branch2_max,30,0.0,0.0,0.0,0.0,0.0,0.0,1.0,True,1.0
ablation,ablation,opaque_dependency_l6,evaluation_seen,holdout_score,full_aassr,full_depth6_branch2_max,30,1.0,1.0,0.0,0.0,0.0,0.0,1.0,True,1.0
ablation,ablation,opaque_dependency_l6,evaluation_seen,imagined_nodes,full_aassr,full_depth6_branch2_max,30,0.0,0.0,0.0,0.0,0.0,0.0,1.0,True,1.0
ablation,ablation,opaque_dependency_l6,evaluation_seen,imagination_depth,full_aassr,full_depth6_branch2_max,30,0.0,0.0,0.0,0.0,0.0,0.0,1.0,True,1.0
ablation,ablation,opaque_dependency_l6,evaluation_seen,actual_return,full_aassr,full_depth6_branch2_max,30,0.0,0.0,0.0,0.0,0.0,0.0,1.0,True,1.0
ablation,ablation,opaque_dependency_l6,evaluation_seen,runtime_seconds,full_aassr,full_depth6_branch2_max,30,0.003473828750201695,0.0035078580665334207,-3.402931633172559e-05,-0.00031334221643434536,0.00023535661707380003,-0.04427052072748879,0.8107594620268986,True,1.0
ablation,ablation,opaque_dependency_l6,evaluation_seen,real_transitions,full_aassr,full_depth6_branch2_max,30,6.0,6.0,0.0,0.0,0.0,0.0,1.0,True,1.0
ablation,ablation,opaque_dependency_l6,evaluation_seen,imagined_transitions,full_aassr,full_depth6_branch2_max,30,0.0,0.0,0.0,0.0,0.0,0.0,1.0,True,1.0
ablation,ablation,opaque_dependency_l6,evaluation_seen,action_proposals,full_aassr,full_depth6_branch2_max,30,6.0,6.0,0.0,0.0,0.0,0.0,1.0,True,1.0
ablation,ablation,opaque_dependency_l6,evaluation_seen,repeat_rate,full_aassr,full_depth6_branch2_max,30,0.0,0.0,0.0,0.0,0.0,0.0,1.0,True,1.0
ablation,ablation,opaque_dependency_l6,evaluation_seen,error_rate,full_aassr,full_depth6_branch2_max,30,0.0,0.0,0.0,0.0,0.0,0.0,1.0,True,1.0
ablation,ablation,opaque_dependency_l6,evaluation_seen,success,full_aassr,full_depth6_branch2_mean,30,0.0,0.0,0.0,0.0,0.0,0.0,1.0,True,1.0
ablation,ablation,opaque_dependency_l6,evaluation_seen,steps,full_aassr,full_depth6_branch2_mean,30,6.0,6.0,0.0,0.0,0.0,0.0,1.0,True,1.0
ablation,ablation,opaque_dependency_l6,evaluation_seen,high_level_steps,full_aassr,full_depth6_branch2_mean,30,6.0,6.0,0.0,0.0,0.0,0.0,1.0,True,1.0
ablation,ablation,opaque_dependency_l6,evaluation_seen,primitive_steps,full_aassr,full_depth6_branch2_mean,30,6.0,6.0,0.0,0.0,0.0,0.0,1.0,True,1.0
ablation,ablation,opaque_dependency_l6,evaluation_seen,reward,full_aassr,full_depth6_branch2_mean,30,0.0,0.0,0.0,0.0,0.0,0.0,1.0,True,1.0
ablation,ablation,opaque_dependency_l6,evaluation_seen,errors,full_aassr,full_depth6_branch2_mean,30,0.0,0.0,0.0,0.0,0.0,0.0,1.0,True,1.0
ablation,ablation,opaque_dependency_l6,evaluation_seen,repeats,full_aassr,full_depth6_branch2_mean,30,0.0,0.0,0.0,0.0,0.0,0.0,1.0,True,1.0
ablation,ablation,opaque_dependency_l6,evaluation_seen,prediction_score,full_aassr,full_depth6_branch2_mean,30,0.0,0.0,0.0,0.0,0.0,0.0,1.0,True,1.0
ablation,ablation,opaque_dependency_l6,evaluation_seen,holdout_score,full_aassr,full_depth6_branch2_mean,30,1.0,1.0,0.0,0.0,0.0,0.0,1.0,True,1.0
ablation,ablation,opaque_dependency_l6,evaluation_seen,imagined_nodes,full_aassr,full_depth6_branch2_mean,30,0.0,0.0,0.0,0.0,0.0,0.0,1.0,True,1.0
ablation,ablation,opaque_dependency_l6,evaluation_seen,imagination_depth,full_aassr,full_depth6_branch2_mean,30,0.0,0.0,0.0,0.0,0.0,0.0,1.0,True,1.0
ablation,ablation,opaque_dependency_l6,evaluation_seen,actual_return,full_aassr,full_depth6_branch2_mean,30,0.0,0.0,0.0,0.0,0.0,0.0,1.0,True,1.0
ablation,ablation,opaque_dependency_l6,evaluation_seen,runtime_seconds,full_aassr,full_depth6_branch2_mean,30,0.003473828750201695,0.0033823748999081238,9.145385029357083e-05,-0.00013174661637458483,0.0003175179501267849,0.14251681109257344,0.44207789610519477,True,1.0
ablation,ablation,opaque_dependency_l6,evaluation_seen,real_transitions,full_aassr,full_depth6_branch2_mean,30,6.0,6.0,0.0,0.0,0.0,0.0,1.0,True,1.0
ablation,ablation,opaque_dependency_l6,evaluation_seen,imagined_transitions,full_aassr,full_depth6_branch2_mean,30,0.0,0.0,0.0,0.0,0.0,0.0,1.0,True,1.0
ablation,ablation,opaque_dependency_l6,evaluation_seen,action_proposals,full_aassr,full_depth6_branch2_mean,30,6.0,6.0,0.0,0.0,0.0,0.0,1.0,True,1.0
ablation,ablation,opaque_dependency_l6,evaluation_seen,repeat_rate,full_aassr,full_depth6_branch2_mean,30,0.0,0.0,0.0,0.0,0.0,0.0,1.0,True,1.0
ablation,ablation,opaque_dependency_l6,evaluation_seen,error_rate,full_aassr,full_depth6_branch2_mean,30,0.0,0.0,0.0,0.0,0.0,0.0,1.0,True,1.0
ablation,ablation,opaque_dependency_l6,evaluation_seen,success,full_aassr,full_depth6_branch2_risk-adjusted,30,0.0,0.0,0.0,0.0,0.0,0.0,1.0,True,1.0
ablation,ablation,opaque_dependency_l6,evaluation_seen,steps,full_aassr,full_depth6_branch2_risk-adjusted,30,6.0,6.0,0.0,0.0,0.0,0.0,1.0,True,1.0
ablation,ablation,opaque_dependency_l6,evaluation_seen,high_level_steps,full_aassr,full_depth6_branch2_risk-adjusted,30,6.0,6.0,0.0,0.0,0.0,0.0,1.0,True,1.0
ablation,ablation,opaque_dependency_l6,evaluation_seen,primitive_steps,full_aassr,full_depth6_branch2_risk-adjusted,30,6.0,6.0,0.0,0.0,0.0,0.0,1.0,True,1.0
ablation,ablation,opaque_dependency_l6,evaluation_seen,reward,full_aassr,full_depth6_branch2_risk-adjusted,30,0.0,0.0,0.0,0.0,0.0,0.0,1.0,True,1.0
ablation,ablation,opaque_dependency_l6,evaluation_seen,errors,full_aassr,full_depth6_branch2_risk-adjusted,30,0.0,0.0,0.0,0.0,0.0,0.0,1.0,True,1.0
ablation,ablation,opaque_dependency_l6,evaluation_seen,repeats,full_aassr,full_depth6_branch2_risk-adjusted,30,0.0,0.0,0.0,0.0,0.0,0.0,1.0,True,1.0
ablation,ablation,opaque_dependency_l6,evaluation_seen,prediction_score,full_aassr,full_depth6_branch2_risk-adjusted,30,0.0,0.0,0.0,0.0,0.0,0.0,1.0,True,1.0
ablation,ablation,opaque_dependency_l6,evaluation_seen,holdout_score,full_aassr,full_depth6_branch2_risk-adjusted,30,1.0,1.0,0.0,0.0,0.0,0.0,1.0,True,1.0
ablation,ablation,opaque_dependency_l6,evaluation_seen,imagined_nodes,full_aassr,full_depth6_branch2_risk-adjusted,30,0.0,0.0,0.0,0.0,0.0,0.0,1.0,True,1.0
ablation,ablation,opaque_dependency_l6,evaluation_seen,imagination_depth,full_aassr,full_depth6_branch2_risk-adjusted,30,0.0,0.0,0.0,0.0,0.0,0.0,1.0,True,1.0
ablation,ablation,opaque_dependency_l6,evaluation_seen,actual_return,full_aassr,full_depth6_branch2_risk-adjusted,30,0.0,0.0,0.0,0.0,0.0,0.0,1.0,True,1.0
ablation,ablation,opaque_dependency_l6,evaluation_seen,runtime_seconds,full_aassr,full_depth6_branch2_risk-adjusted,30,0.003473828750201695,0.0034551377832540307,1.8690966947663905e-05,-0.00018137256667250768,0.00022936248365537418,0.03147739119173121,0.8663066846657667,True,1.0
ablation,ablation,opaque_dependency_l6,evaluation_seen,real_transitions,full_aassr,full_depth6_branch2_risk-adjusted,30,6.0,6.0,0.0,0.0,0.0,0.0,1.0,True,1.0
ablation,ablation,opaque_dependency_l6,evaluation_seen,imagined_transitions,full_aassr,full_depth6_branch2_risk-adjusted,30,0.0,0.0,0.0,0.0,0.0,0.0,1.0,True,1.0
ablation,ablation,opaque_dependency_l6,evaluation_seen,action_proposals,full_aassr,full_depth6_branch2_risk-adjusted,30,6.0,6.0,0.0,0.0,0.0,0.0,1.0,True,1.0
ablation,ablation,opaque_dependency_l6,evaluation_seen,repeat_rate,full_aassr,full_depth6_branch2_risk-adjusted,30,0.0,0.0,0.0,0.0,0.0,0.0,1.0,True,1.0
ablation,ablation,opaque_dependency_l6,evaluation_seen,error_rate,full_aassr,full_depth6_branch2_risk-adjusted,30,0.0,0.0,0.0,0.0,0.0,0.0,1.0,True,1.0
ablation,ablation,opaque_dependency_l6,evaluation_seen,success,full_aassr,full_depth6_branch4_max,30,0.0,0.0,0.0,0.0,0.0,0.0,1.0,True,1.0
ablation,ablation,opaque_dependency_l6,evaluation_seen,steps,full_aassr,full_depth6_branch4_max,30,6.0,6.0,0.0,0.0,0.0,0.0,1.0,True,1.0
ablation,ablation,opaque_dependency_l6,evaluation_seen,high_level_steps,full_aassr,full_depth6_branch4_max,30,6.0,6.0,0.0,0.0,0.0,0.0,1.0,True,1.0
ablation,ablation,opaque_dependency_l6,evaluation_seen,primitive_steps,full_aassr,full_depth6_branch4_max,30,6.0,6.0,0.0,0.0,0.0,0.0,1.0,True,1.0
ablation,ablation,opaque_dependency_l6,evaluation_seen,reward,full_aassr,full_depth6_branch4_max,30,0.0,0.0,0.0,0.0,0.0,0.0,1.0,True,1.0
ablation,ablation,opaque_dependency_l6,evaluation_seen,errors,full_aassr,full_depth6_branch4_max,30,0.0,0.0,0.0,0.0,0.0,0.0,1.0,True,1.0
ablation,ablation,opaque_dependency_l6,evaluation_seen,repeats,full_aassr,full_depth6_branch4_max,30,0.0,0.0,0.0,0.0,0.0,0.0,1.0,True,1.0
ablation,ablation,opaque_dependency_l6,evaluation_seen,prediction_score,full_aassr,full_depth6_branch4_max,30,0.0,0.0,0.0,0.0,0.0,0.0,1.0,True,1.0
ablation,ablation,opaque_dependency_l6,evaluation_seen,holdout_score,full_aassr,full_depth6_branch4_max,30,1.0,1.0,0.0,0.0,0.0,0.0,1.0,True,1.0
ablation,ablation,opaque_dependency_l6,evaluation_seen,imagined_nodes,full_aassr,full_depth6_branch4_max,30,0.0,0.0,0.0,0.0,0.0,0.0,1.0,True,1.0
ablation,ablation,opaque_dependency_l6,evaluation_seen,imagination_depth,full_aassr,full_depth6_branch4_max,30,0.0,0.0,0.0,0.0,0.0,0.0,1.0,True,1.0
ablation,ablation,opaque_dependency_l6,evaluation_seen,actual_return,full_aassr,full_depth6_branch4_max,30,0.0,0.0,0.0,0.0,0.0,0.0,1.0,True,1.0
ablation,ablation,opaque_dependency_l6,evaluation_seen,runtime_seconds,full_aassr,full_depth6_branch4_max,30,0.003473828750201695,0.0034217485333356305,5.2080216866064165e-05,-0.00015024554993821465,0.0002659642499299176,0.08859847694549823,0.6307184640767962,True,1.0
ablation,ablation,opaque_dependency_l6,evaluation_seen,real_transitions,full_aassr,full_depth6_branch4_max,30,6.0,6.0,0.0,0.0,0.0,0.0,1.0,True,1.0
ablation,ablation,opaque_dependency_l6,evaluation_seen,imagined_transitions,full_aassr,full_depth6_branch4_max,30,0.0,0.0,0.0,0.0,0.0,0.0,1.0,True,1.0
ablation,ablation,opaque_dependency_l6,evaluation_seen,action_proposals,full_aassr,full_depth6_branch4_max,30,6.0,6.0,0.0,0.0,0.0,0.0,1.0,True,1.0
ablation,ablation,opaque_dependency_l6,evaluation_seen,repeat_rate,full_aassr,full_depth6_branch4_max,30,0.0,0.0,0.0,0.0,0.0,0.0,1.0,True,1.0
ablation,ablation,opaque_dependency_l6,evaluation_seen,error_rate,full_aassr,full_depth6_branch4_max,30,0.0,0.0,0.0,0.0,0.0,0.0,1.0,True,1.0
ablation,ablation,opaque_dependency_l6,evaluation_seen,success,full_aassr,full_depth6_branch4_mean,30,0.0,0.0,0.0,0.0,0.0,0.0,1.0,True,1.0
ablation,ablation,opaque_dependency_l6,evaluation_seen,steps,full_aassr,full_depth6_branch4_mean,30,6.0,6.0,0.0,0.0,0.0,0.0,1.0,True,1.0
ablation,ablation,opaque_dependency_l6,evaluation_seen,high_level_steps,full_aassr,full_depth6_branch4_mean,30,6.0,6.0,0.0,0.0,0.0,0.0,1.0,True,1.0
ablation,ablation,opaque_dependency_l6,evaluation_seen,primitive_steps,full_aassr,full_depth6_branch4_mean,30,6.0,6.0,0.0,0.0,0.0,0.0,1.0,True,1.0
ablation,ablation,opaque_dependency_l6,evaluation_seen,reward,full_aassr,full_depth6_branch4_mean,30,0.0,0.0,0.0,0.0,0.0,0.0,1.0,True,1.0
ablation,ablation,opaque_dependency_l6,evaluation_seen,errors,full_aassr,full_depth6_branch4_mean,30,0.0,0.0,0.0,0.0,0.0,0.0,1.0,True,1.0
ablation,ablation,opaque_dependency_l6,evaluation_seen,repeats,full_aassr,full_depth6_branch4_mean,30,0.0,0.0,0.0,0.0,0.0,0.0,1.0,True,1.0
ablation,ablation,opaque_dependency_l6,evaluation_seen,prediction_score,full_aassr,full_depth6_branch4_mean,30,0.0,0.0,0.0,0.0,0.0,0.0,1.0,True,1.0
ablation,ablation,opaque_dependency_l6,evaluation_seen,holdout_score,full_aassr,full_depth6_branch4_mean,30,1.0,1.0,0.0,0.0,0.0,0.0,1.0,True,1.0
ablation,ablation,opaque_dependency_l6,evaluation_seen,imagined_nodes,full_aassr,full_depth6_branch4_mean,30,0.0,0.0,0.0,0.0,0.0,0.0,1.0,True,1.0
ablation,ablation,opaque_dependency_l6,evaluation_seen,imagination_depth,full_aassr,full_depth6_branch4_mean,30,0.0,0.0,0.0,0.0,0.0,0.0,1.0,True,1.0
ablation,ablation,opaque_dependency_l6,evaluation_seen,actual_return,full_aassr,full_depth6_branch4_mean,30,0.0,0.0,0.0,0.0,0.0,0.0,1.0,True,1.0
ablation,ablation,opaque_dependency_l6,evaluation_seen,runtime_seconds,full_aassr,full_depth6_branch4_mean,30,0.003473828750201695,0.003416272400286592,5.755634991510304e-05,-0.0001949916171142832,0.00031957021638906257,0.07686204333174125,0.6763161841907904,True,1.0
ablation,ablation,opaque_dependency_l6,evaluation_seen,real_transitions,full_aassr,full_depth6_branch4_mean,30,6.0,6.0,0.0,0.0,0.0,0.0,1.0,True,1.0
ablation,ablation,opaque_dependency_l6,evaluation_seen,imagined_transitions,full_aassr,full_depth6_branch4_mean,30,0.0,0.0,0.0,0.0,0.0,0.0,1.0,True,1.0
ablation,ablation,opaque_dependency_l6,evaluation_seen,action_proposals,full_aassr,full_depth6_branch4_mean,30,6.0,6.0,0.0,0.0,0.0,0.0,1.0,True,1.0
ablation,ablation,opaque_dependency_l6,evaluation_seen,repeat_rate,full_aassr,full_depth6_branch4_mean,30,0.0,0.0,0.0,0.0,0.0,0.0,1.0,True,1.0
ablation,ablation,opaque_dependency_l6,evaluation_seen,error_rate,full_aassr,full_depth6_branch4_mean,30,0.0,0.0,0.0,0.0,0.0,0.0,1.0,True,1.0
ablation,ablation,opaque_dependency_l6,evaluation_seen,success,full_aassr,full_depth6_branch4_risk-adjusted,30,0.0,0.0,0.0,0.0,0.0,0.0,1.0,True,1.0
ablation,ablation,opaque_dependency_l6,evaluation_seen,steps,full_aassr,full_depth6_branch4_risk-adjusted,30,6.0,6.0,0.0,0.0,0.0,0.0,1.0,True,1.0
ablation,ablation,opaque_dependency_l6,evaluation_seen,high_level_steps,full_aassr,full_depth6_branch4_risk-adjusted,30,6.0,6.0,0.0,0.0,0.0,0.0,1.0,True,1.0
ablation,ablation,opaque_dependency_l6,evaluation_seen,primitive_steps,full_aassr,full_depth6_branch4_risk-adjusted,30,6.0,6.0,0.0,0.0,0.0,0.0,1.0,True,1.0
ablation,ablation,opaque_dependency_l6,evaluation_seen,reward,full_aassr,full_depth6_branch4_risk-adjusted,30,0.0,0.0,0.0,0.0,0.0,0.0,1.0,True,1.0
ablation,ablation,opaque_dependency_l6,evaluation_seen,errors,full_aassr,full_depth6_branch4_risk-adjusted,30,0.0,0.0,0.0,0.0,0.0,0.0,1.0,True,1.0
ablation,ablation,opaque_dependency_l6,evaluation_seen,repeats,full_aassr,full_depth6_branch4_risk-adjusted,30,0.0,0.0,0.0,0.0,0.0,0.0,1.0,True,1.0
ablation,ablation,opaque_dependency_l6,evaluation_seen,prediction_score,full_aassr,full_depth6_branch4_risk-adjusted,30,0.0,0.0,0.0,0.0,0.0,0.0,1.0,True,1.0
ablation,ablation,opaque_dependency_l6,evaluation_seen,holdout_score,full_aassr,full_depth6_branch4_risk-adjusted,30,1.0,1.0,0.0,0.0,0.0,0.0,1.0,True,1.0
ablation,ablation,opaque_dependency_l6,evaluation_seen,imagined_nodes,full_aassr,full_depth6_branch4_risk-adjusted,30,0.0,0.0,0.0,0.0,0.0,0.0,1.0,True,1.0
ablation,ablation,opaque_dependency_l6,evaluation_seen,imagination_depth,full_aassr,full_depth6_branch4_risk-adjusted,30,0.0,0.0,0.0,0.0,0.0,0.0,1.0,True,1.0
ablation,ablation,opaque_dependency_l6,evaluation_seen,actual_return,full_aassr,full_depth6_branch4_risk-adjusted,30,0.0,0.0,0.0,0.0,0.0,0.0,1.0,True,1.0
ablation,ablation,opaque_dependency_l6,evaluation_seen,runtime_seconds,full_aassr,full_depth6_branch4_risk-adjusted,30,0.003473828750201695,0.0033360098331856234,0.00013781891701607194,-9.086979964922646e-05,0.00036867901715838025,0.2071130125442975,0.2599870006499675,True,1.0
ablation,ablation,opaque_dependency_l6,evaluation_seen,real_transitions,full_aassr,full_depth6_branch4_risk-adjusted,30,6.0,6.0,0.0,0.0,0.0,0.0,1.0,True,1.0
ablation,ablation,opaque_dependency_l6,evaluation_seen,imagined_transitions,full_aassr,full_depth6_branch4_risk-adjusted,30,0.0,0.0,0.0,0.0,0.0,0.0,1.0,True,1.0
ablation,ablation,opaque_dependency_l6,evaluation_seen,action_proposals,full_aassr,full_depth6_branch4_risk-adjusted,30,6.0,6.0,0.0,0.0,0.0,0.0,1.0,True,1.0
ablation,ablation,opaque_dependency_l6,evaluation_seen,repeat_rate,full_aassr,full_depth6_branch4_risk-adjusted,30,0.0,0.0,0.0,0.0,0.0,0.0,1.0,True,1.0
ablation,ablation,opaque_dependency_l6,evaluation_seen,error_rate,full_aassr,full_depth6_branch4_risk-adjusted,30,0.0,0.0,0.0,0.0,0.0,0.0,1.0,True,1.0
ablation,ablation,opaque_dependency_l6,evaluation_seen,success,full_aassr,full_no_error_penalty,30,0.0,0.0,0.0,0.0,0.0,0.0,1.0,True,1.0
ablation,ablation,opaque_dependency_l6,evaluation_seen,steps,full_aassr,full_no_error_penalty,30,6.0,6.0,0.0,0.0,0.0,0.0,1.0,True,1.0
ablation,ablation,opaque_dependency_l6,evaluation_seen,high_level_steps,full_aassr,full_no_error_penalty,30,6.0,6.0,0.0,0.0,0.0,0.0,1.0,True,1.0
ablation,ablation,opaque_dependency_l6,evaluation_seen,primitive_steps,full_aassr,full_no_error_penalty,30,6.0,6.0,0.0,0.0,0.0,0.0,1.0,True,1.0
ablation,ablation,opaque_dependency_l6,evaluation_seen,reward,full_aassr,full_no_error_penalty,30,0.0,0.0,0.0,0.0,0.0,0.0,1.0,True,1.0
ablation,ablation,opaque_dependency_l6,evaluation_seen,errors,full_aassr,full_no_error_penalty,30,0.0,0.0,0.0,0.0,0.0,0.0,1.0,True,1.0
ablation,ablation,opaque_dependency_l6,evaluation_seen,repeats,full_aassr,full_no_error_penalty,30,0.0,0.0,0.0,0.0,0.0,0.0,1.0,True,1.0
ablation,ablation,opaque_dependency_l6,evaluation_seen,prediction_score,full_aassr,full_no_error_penalty,30,0.0,0.0,0.0,0.0,0.0,0.0,1.0,True,1.0
ablation,ablation,opaque_dependency_l6,evaluation_seen,holdout_score,full_aassr,full_no_error_penalty,30,1.0,1.0,0.0,0.0,0.0,0.0,1.0,True,1.0
ablation,ablation,opaque_dependency_l6,evaluation_seen,imagined_nodes,full_aassr,full_no_error_penalty,30,0.0,0.0,0.0,0.0,0.0,0.0,1.0,True,1.0
ablation,ablation,opaque_dependency_l6,evaluation_seen,imagination_depth,full_aassr,full_no_error_penalty,30,0.0,0.0,0.0,0.0,0.0,0.0,1.0,True,1.0
ablation,ablation,opaque_dependency_l6,evaluation_seen,actual_return,full_aassr,full_no_error_penalty,30,0.0,0.0,0.0,0.0,0.0,0.0,1.0,True,1.0
ablation,ablation,opaque_dependency_l6,evaluation_seen,runtime_seconds,full_aassr,full_no_error_penalty,30,0.003473828750201695,0.003616136699982841,-0.00014230794978114616,-0.0003277729334270893,3.8712616786748796e-05,-0.2801034189354584,0.135943202839858,True,1.0
ablation,ablation,opaque_dependency_l6,evaluation_seen,real_transitions,full_aassr,full_no_error_penalty,30,6.0,6.0,0.0,0.0,0.0,0.0,1.0,True,1.0
ablation,ablation,opaque_dependency_l6,evaluation_seen,imagined_transitions,full_aassr,full_no_error_penalty,30,0.0,0.0,0.0,0.0,0.0,0.0,1.0,True,1.0
ablation,ablation,opaque_dependency_l6,evaluation_seen,action_proposals,full_aassr,full_no_error_penalty,30,6.0,6.0,0.0,0.0,0.0,0.0,1.0,True,1.0
ablation,ablation,opaque_dependency_l6,evaluation_seen,repeat_rate,full_aassr,full_no_error_penalty,30,0.0,0.0,0.0,0.0,0.0,0.0,1.0,True,1.0
ablation,ablation,opaque_dependency_l6,evaluation_seen,error_rate,full_aassr,full_no_error_penalty,30,0.0,0.0,0.0,0.0,0.0,0.0,1.0,True,1.0
ablation,ablation,opaque_dependency_l6,evaluation_seen,success,full_aassr,full_no_repeat_penalty,30,0.0,0.0,0.0,0.0,0.0,0.0,1.0,True,1.0
ablation,ablation,opaque_dependency_l6,evaluation_seen,steps,full_aassr,full_no_repeat_penalty,30,6.0,6.0,0.0,0.0,0.0,0.0,1.0,True,1.0
ablation,ablation,opaque_dependency_l6,evaluation_seen,high_level_steps,full_aassr,full_no_repeat_penalty,30,6.0,6.0,0.0,0.0,0.0,0.0,1.0,True,1.0
ablation,ablation,opaque_dependency_l6,evaluation_seen,primitive_steps,full_aassr,full_no_repeat_penalty,30,6.0,6.0,0.0,0.0,0.0,0.0,1.0,True,1.0
ablation,ablation,opaque_dependency_l6,evaluation_seen,reward,full_aassr,full_no_repeat_penalty,30,0.0,0.0,0.0,0.0,0.0,0.0,1.0,True,1.0
ablation,ablation,opaque_dependency_l6,evaluation_seen,errors,full_aassr,full_no_repeat_penalty,30,0.0,0.0,0.0,0.0,0.0,0.0,1.0,True,1.0
ablation,ablation,opaque_dependency_l6,evaluation_seen,repeats,full_aassr,full_no_repeat_penalty,30,0.0,0.0,0.0,0.0,0.0,0.0,1.0,True,1.0
ablation,ablation,opaque_dependency_l6,evaluation_seen,prediction_score,full_aassr,full_no_repeat_penalty,30,0.0,0.0,0.0,0.0,0.0,0.0,1.0,True,1.0
ablation,ablation,opaque_dependency_l6,evaluation_seen,holdout_score,full_aassr,full_no_repeat_penalty,30,1.0,1.0,0.0,0.0,0.0,0.0,1.0,True,1.0
ablation,ablation,opaque_dependency_l6,evaluation_seen,imagined_nodes,full_aassr,full_no_repeat_penalty,30,0.0,0.0,0.0,0.0,0.0,0.0,1.0,True,1.0
ablation,ablation,opaque_dependency_l6,evaluation_seen,imagination_depth,full_aassr,full_no_repeat_penalty,30,0.0,0.0,0.0,0.0,0.0,0.0,1.0,True,1.0
ablation,ablation,opaque_dependency_l6,evaluation_seen,actual_return,full_aassr,full_no_repeat_penalty,30,0.0,0.0,0.0,0.0,0.0,0.0,1.0,True,1.0
ablation,ablation,opaque_dependency_l6,evaluation_seen,runtime_seconds,full_aassr,full_no_repeat_penalty,30,0.003473828750201695,0.0034525191498638984,2.1309600337796516e-05,-0.0001818401830387302,0.00022671623347074877,0.037229303484892944,0.8386580670966451,True,1.0
ablation,ablation,opaque_dependency_l6,evaluation_seen,real_transitions,full_aassr,full_no_repeat_penalty,30,6.0,6.0,0.0,0.0,0.0,0.0,1.0,True,1.0
ablation,ablation,opaque_dependency_l6,evaluation_seen,imagined_transitions,full_aassr,full_no_repeat_penalty,30,0.0,0.0,0.0,0.0,0.0,0.0,1.0,True,1.0
ablation,ablation,opaque_dependency_l6,evaluation_seen,action_proposals,full_aassr,full_no_repeat_penalty,30,6.0,6.0,0.0,0.0,0.0,0.0,1.0,True,1.0
ablation,ablation,opaque_dependency_l6,evaluation_seen,repeat_rate,full_aassr,full_no_repeat_penalty,30,0.0,0.0,0.0,0.0,0.0,0.0,1.0,True,1.0
ablation,ablation,opaque_dependency_l6,evaluation_seen,error_rate,full_aassr,full_no_repeat_penalty,30,0.0,0.0,0.0,0.0,0.0,0.0,1.0,True,1.0
ablation,ablation,opaque_dependency_l6,evaluation_seen,success,full_aassr,full_no_validated_information,30,0.0,0.0,0.0,0.0,0.0,0.0,1.0,True,1.0
ablation,ablation,opaque_dependency_l6,evaluation_seen,steps,full_aassr,full_no_validated_information,30,6.0,6.0,0.0,0.0,0.0,0.0,1.0,True,1.0
ablation,ablation,opaque_dependency_l6,evaluation_seen,high_level_steps,full_aassr,full_no_validated_information,30,6.0,6.0,0.0,0.0,0.0,0.0,1.0,True,1.0
ablation,ablation,opaque_dependency_l6,evaluation_seen,primitive_steps,full_aassr,full_no_validated_information,30,6.0,6.0,0.0,0.0,0.0,0.0,1.0,True,1.0
ablation,ablation,opaque_dependency_l6,evaluation_seen,reward,full_aassr,full_no_validated_information,30,0.0,0.0,0.0,0.0,0.0,0.0,1.0,True,1.0
ablation,ablation,opaque_dependency_l6,evaluation_seen,errors,full_aassr,full_no_validated_information,30,0.0,0.0,0.0,0.0,0.0,0.0,1.0,True,1.0
ablation,ablation,opaque_dependency_l6,evaluation_seen,repeats,full_aassr,full_no_validated_information,30,0.0,0.0,0.0,0.0,0.0,0.0,1.0,True,1.0
ablation,ablation,opaque_dependency_l6,evaluation_seen,prediction_score,full_aassr,full_no_validated_information,30,0.0,0.0,0.0,0.0,0.0,0.0,1.0,True,1.0
ablation,ablation,opaque_dependency_l6,evaluation_seen,holdout_score,full_aassr,full_no_validated_information,30,1.0,1.0,0.0,0.0,0.0,0.0,1.0,True,1.0
ablation,ablation,opaque_dependency_l6,evaluation_seen,imagined_nodes,full_aassr,full_no_validated_information,30,0.0,0.0,0.0,0.0,0.0,0.0,1.0,True,1.0
ablation,ablation,opaque_dependency_l6,evaluation_seen,imagination_depth,full_aassr,full_no_validated_information,30,0.0,0.0,0.0,0.0,0.0,0.0,1.0,True,1.0
ablation,ablation,opaque_dependency_l6,evaluation_seen,actual_return,full_aassr,full_no_validated_information,30,0.0,0.0,0.0,0.0,0.0,0.0,1.0,True,1.0
ablation,ablation,opaque_dependency_l6,evaluation_seen,runtime_seconds,full_aassr,full_no_validated_information,30,0.003473828750201695,0.003463118766715828,1.070998348586729e-05,-0.00016956734990526454,0.0001900532005092828,0.020667251093132458,0.9108544572771361,True,1.0
ablation,ablation,opaque_dependency_l6,evaluation_seen,real_transitions,full_aassr,full_no_validated_information,30,6.0,6.0,0.0,0.0,0.0,0.0,1.0,True,1.0
ablation,ablation,opaque_dependency_l6,evaluation_seen,imagined_transitions,full_aassr,full_no_validated_information,30,0.0,0.0,0.0,0.0,0.0,0.0,1.0,True,1.0
ablation,ablation,opaque_dependency_l6,evaluation_seen,action_proposals,full_aassr,full_no_validated_information,30,6.0,6.0,0.0,0.0,0.0,0.0,1.0,True,1.0
ablation,ablation,opaque_dependency_l6,evaluation_seen,repeat_rate,full_aassr,full_no_validated_information,30,0.0,0.0,0.0,0.0,0.0,0.0,1.0,True,1.0
ablation,ablation,opaque_dependency_l6,evaluation_seen,error_rate,full_aassr,full_no_validated_information,30,0.0,0.0,0.0,0.0,0.0,0.0,1.0,True,1.0
ablation,ablation,opaque_dependency_l6,evaluation_seen,success,full_aassr,imagination_no_validated_value,30,0.0,0.0,0.0,0.0,0.0,0.0,1.0,True,1.0
ablation,ablation,opaque_dependency_l6,evaluation_seen,steps,full_aassr,imagination_no_validated_value,30,6.0,6.0,0.0,0.0,0.0,0.0,1.0,True,1.0
ablation,ablation,opaque_dependency_l6,evaluation_seen,high_level_steps,full_aassr,imagination_no_validated_value,30,6.0,6.0,0.0,0.0,0.0,0.0,1.0,True,1.0
ablation,ablation,opaque_dependency_l6,evaluation_seen,primitive_steps,full_aassr,imagination_no_validated_value,30,6.0,6.0,0.0,0.0,0.0,0.0,1.0,True,1.0
ablation,ablation,opaque_dependency_l6,evaluation_seen,reward,full_aassr,imagination_no_validated_value,30,0.0,0.0,0.0,0.0,0.0,0.0,1.0,True,1.0
ablation,ablation,opaque_dependency_l6,evaluation_seen,errors,full_aassr,imagination_no_validated_value,30,0.0,0.0,0.0,0.0,0.0,0.0,1.0,True,1.0
ablation,ablation,opaque_dependency_l6,evaluation_seen,repeats,full_aassr,imagination_no_validated_value,30,0.0,0.0,0.0,0.0,0.0,0.0,1.0,True,1.0
ablation,ablation,opaque_dependency_l6,evaluation_seen,prediction_score,full_aassr,imagination_no_validated_value,30,0.0,0.0,0.0,0.0,0.0,0.0,1.0,True,1.0
ablation,ablation,opaque_dependency_l6,evaluation_seen,holdout_score,full_aassr,imagination_no_validated_value,30,1.0,1.0,0.0,0.0,0.0,0.0,1.0,True,1.0
ablation,ablation,opaque_dependency_l6,evaluation_seen,imagined_nodes,full_aassr,imagination_no_validated_value,30,0.0,0.0,0.0,0.0,0.0,0.0,1.0,True,1.0
ablation,ablation,opaque_dependency_l6,evaluation_seen,imagination_depth,full_aassr,imagination_no_validated_value,30,0.0,0.0,0.0,0.0,0.0,0.0,1.0,True,1.0
ablation,ablation,opaque_dependency_l6,evaluation_seen,actual_return,full_aassr,imagination_no_validated_value,30,0.0,0.0,0.0,0.0,0.0,0.0,1.0,True,1.0
ablation,ablation,opaque_dependency_l6,evaluation_seen,runtime_seconds,full_aassr,imagination_no_validated_value,30,0.003473828750201695,0.0035368936332427743,-6.306488304107913e-05,-0.00023760663322173055,0.00010938488368507628,-0.1252114423573485,0.5036248187590621,True,1.0
ablation,ablation,opaque_dependency_l6,evaluation_seen,real_transitions,full_aassr,imagination_no_validated_value,30,6.0,6.0,0.0,0.0,0.0,0.0,1.0,True,1.0
ablation,ablation,opaque_dependency_l6,evaluation_seen,imagined_transitions,full_aassr,imagination_no_validated_value,30,0.0,0.0,0.0,0.0,0.0,0.0,1.0,True,1.0
ablation,ablation,opaque_dependency_l6,evaluation_seen,action_proposals,full_aassr,imagination_no_validated_value,30,6.0,6.0,0.0,0.0,0.0,0.0,1.0,True,1.0
ablation,ablation,opaque_dependency_l6,evaluation_seen,repeat_rate,full_aassr,imagination_no_validated_value,30,0.0,0.0,0.0,0.0,0.0,0.0,1.0,True,1.0
ablation,ablation,opaque_dependency_l6,evaluation_seen,error_rate,full_aassr,imagination_no_validated_value,30,0.0,0.0,0.0,0.0,0.0,0.0,1.0,True,1.0
ablation,ablation,opaque_dependency_l6,evaluation_seen,success,full_aassr,prophecy_no_imagination,30,0.0,0.0,0.0,0.0,0.0,0.0,1.0,True,1.0
ablation,ablation,opaque_dependency_l6,evaluation_seen,steps,full_aassr,prophecy_no_imagination,30,6.0,6.0,0.0,0.0,0.0,0.0,1.0,True,1.0
ablation,ablation,opaque_dependency_l6,evaluation_seen,high_level_steps,full_aassr,prophecy_no_imagination,30,6.0,6.0,0.0,0.0,0.0,0.0,1.0,True,1.0
ablation,ablation,opaque_dependency_l6,evaluation_seen,primitive_steps,full_aassr,prophecy_no_imagination,30,6.0,6.0,0.0,0.0,0.0,0.0,1.0,True,1.0
ablation,ablation,opaque_dependency_l6,evaluation_seen,reward,full_aassr,prophecy_no_imagination,30,0.0,0.0,0.0,0.0,0.0,0.0,1.0,True,1.0
ablation,ablation,opaque_dependency_l6,evaluation_seen,errors,full_aassr,prophecy_no_imagination,30,0.0,0.0,0.0,0.0,0.0,0.0,1.0,True,1.0
ablation,ablation,opaque_dependency_l6,evaluation_seen,repeats,full_aassr,prophecy_no_imagination,30,0.0,0.0,0.0,0.0,0.0,0.0,1.0,True,1.0
ablation,ablation,opaque_dependency_l6,evaluation_seen,prediction_score,full_aassr,prophecy_no_imagination,30,0.0,0.0,0.0,0.0,0.0,0.0,1.0,True,1.0
ablation,ablation,opaque_dependency_l6,evaluation_seen,holdout_score,full_aassr,prophecy_no_imagination,30,1.0,1.0,0.0,0.0,0.0,0.0,1.0,True,1.0
ablation,ablation,opaque_dependency_l6,evaluation_seen,imagined_nodes,full_aassr,prophecy_no_imagination,30,0.0,0.0,0.0,0.0,0.0,0.0,1.0,True,1.0
ablation,ablation,opaque_dependency_l6,evaluation_seen,imagination_depth,full_aassr,prophecy_no_imagination,30,0.0,0.0,0.0,0.0,0.0,0.0,1.0,True,1.0
ablation,ablation,opaque_dependency_l6,evaluation_seen,actual_return,full_aassr,prophecy_no_imagination,30,0.0,0.0,0.0,0.0,0.0,0.0,1.0,True,1.0
ablation,ablation,opaque_dependency_l6,evaluation_seen,runtime_seconds,full_aassr,prophecy_no_imagination,30,0.003473828750201695,0.003405727000266779,6.810174993491575e-05,-0.00011456528356454026,0.00024547351666357527,0.1317438857888365,0.4760761961901905,True,1.0
ablation,ablation,opaque_dependency_l6,evaluation_seen,real_transitions,full_aassr,prophecy_no_imagination,30,6.0,6.0,0.0,0.0,0.0,0.0,1.0,True,1.0
ablation,ablation,opaque_dependency_l6,evaluation_seen,imagined_transitions,full_aassr,prophecy_no_imagination,30,0.0,0.0,0.0,0.0,0.0,0.0,1.0,True,1.0
ablation,ablation,opaque_dependency_l6,evaluation_seen,action_proposals,full_aassr,prophecy_no_imagination,30,6.0,6.0,0.0,0.0,0.0,0.0,1.0,True,1.0
ablation,ablation,opaque_dependency_l6,evaluation_seen,repeat_rate,full_aassr,prophecy_no_imagination,30,0.0,0.0,0.0,0.0,0.0,0.0,1.0,True,1.0
ablation,ablation,opaque_dependency_l6,evaluation_seen,error_rate,full_aassr,prophecy_no_imagination,30,0.0,0.0,0.0,0.0,0.0,0.0,1.0,True,1.0
ablation,ablation,opaque_dependency_l6,evaluation_unseen_zero_shot,success,full_aassr,contextual_policy,30,0.0,0.0,0.0,0.0,0.0,0.0,1.0,True,1.0
ablation,ablation,opaque_dependency_l6,evaluation_unseen_zero_shot,steps,full_aassr,contextual_policy,30,6.0,6.0,0.0,0.0,0.0,0.0,1.0,True,1.0
ablation,ablation,opaque_dependency_l6,evaluation_unseen_zero_shot,high_level_steps,full_aassr,contextual_policy,30,6.0,6.0,0.0,0.0,0.0,0.0,1.0,True,1.0
ablation,ablation,opaque_dependency_l6,evaluation_unseen_zero_shot,primitive_steps,full_aassr,contextual_policy,30,6.0,6.0,0.0,0.0,0.0,0.0,1.0,True,1.0
ablation,ablation,opaque_dependency_l6,evaluation_unseen_zero_shot,reward,full_aassr,contextual_policy,30,0.0,0.0,0.0,0.0,0.0,0.0,1.0,True,1.0
ablation,ablation,opaque_dependency_l6,evaluation_unseen_zero_shot,errors,full_aassr,contextual_policy,30,0.0,0.0,0.0,0.0,0.0,0.0,1.0,True,1.0
ablation,ablation,opaque_dependency_l6,evaluation_unseen_zero_shot,repeats,full_aassr,contextual_policy,30,0.0,0.0,0.0,0.0,0.0,0.0,1.0,True,1.0
ablation,ablation,opaque_dependency_l6,evaluation_unseen_zero_shot,prediction_score,full_aassr,contextual_policy,30,0.0,0.0,0.0,0.0,0.0,0.0,1.0,True,1.0
ablation,ablation,opaque_dependency_l6,evaluation_unseen_zero_shot,holdout_score,full_aassr,contextual_policy,30,1.0,0.0,1.0,1.0,1.0,0.0,4.999750012499375e-05,True,0.0020998950052497373
ablation,ablation,opaque_dependency_l6,evaluation_unseen_zero_shot,imagined_nodes,full_aassr,contextual_policy,30,0.0,0.0,0.0,0.0,0.0,0.0,1.0,True,1.0
ablation,ablation,opaque_dependency_l6,evaluation_unseen_zero_shot,imagination_depth,full_aassr,contextual_policy,30,0.0,0.0,0.0,0.0,0.0,0.0,1.0,True,1.0
ablation,ablation,opaque_dependency_l6,evaluation_unseen_zero_shot,actual_return,full_aassr,contextual_policy,30,0.0,0.0,0.0,0.0,0.0,0.0,1.0,True,1.0
ablation,ablation,opaque_dependency_l6,evaluation_unseen_zero_shot,runtime_seconds,full_aassr,contextual_policy,30,0.0034980397000035734,0.0031513529831863705,0.0003466867168172029,0.0001270006002790372,0.0005746157995502774,0.5442305624959735,0.005549722513874306,True,0.23308834558272085
ablation,ablation,opaque_dependency_l6,evaluation_unseen_zero_shot,real_transitions,full_aassr,contextual_policy,30,6.0,6.0,0.0,0.0,0.0,0.0,1.0,True,1.0
ablation,ablation,opaque_dependency_l6,evaluation_unseen_zero_shot,imagined_transitions,full_aassr,contextual_policy,30,0.0,0.0,0.0,0.0,0.0,0.0,1.0,True,1.0
ablation,ablation,opaque_dependency_l6,evaluation_unseen_zero_shot,action_proposals,full_aassr,contextual_policy,30,6.0,6.0,0.0,0.0,0.0,0.0,1.0,True,1.0
ablation,ablation,opaque_dependency_l6,evaluation_unseen_zero_shot,repeat_rate,full_aassr,contextual_policy,30,0.0,0.0,0.0,0.0,0.0,0.0,1.0,True,1.0
ablation,ablation,opaque_dependency_l6,evaluation_unseen_zero_shot,error_rate,full_aassr,contextual_policy,30,0.0,0.0,0.0,0.0,0.0,0.0,1.0,True,1.0
ablation,ablation,opaque_dependency_l6,evaluation_unseen_zero_shot,success,full_aassr,full_depth1_branch1_max,30,0.0,0.0,0.0,0.0,0.0,0.0,1.0,True,1.0
ablation,ablation,opaque_dependency_l6,evaluation_unseen_zero_shot,steps,full_aassr,full_depth1_branch1_max,30,6.0,6.0,0.0,0.0,0.0,0.0,1.0,True,1.0
ablation,ablation,opaque_dependency_l6,evaluation_unseen_zero_shot,high_level_steps,full_aassr,full_depth1_branch1_max,30,6.0,6.0,0.0,0.0,0.0,0.0,1.0,True,1.0
ablation,ablation,opaque_dependency_l6,evaluation_unseen_zero_shot,primitive_steps,full_aassr,full_depth1_branch1_max,30,6.0,6.0,0.0,0.0,0.0,0.0,1.0,True,1.0
ablation,ablation,opaque_dependency_l6,evaluation_unseen_zero_shot,reward,full_aassr,full_depth1_branch1_max,30,0.0,0.0,0.0,0.0,0.0,0.0,1.0,True,1.0
ablation,ablation,opaque_dependency_l6,evaluation_unseen_zero_shot,errors,full_aassr,full_depth1_branch1_max,30,0.0,0.0,0.0,0.0,0.0,0.0,1.0,True,1.0
ablation,ablation,opaque_dependency_l6,evaluation_unseen_zero_shot,repeats,full_aassr,full_depth1_branch1_max,30,0.0,0.0,0.0,0.0,0.0,0.0,1.0,True,1.0
ablation,ablation,opaque_dependency_l6,evaluation_unseen_zero_shot,prediction_score,full_aassr,full_depth1_branch1_max,30,0.0,0.0,0.0,0.0,0.0,0.0,1.0,True,1.0
ablation,ablation,opaque_dependency_l6,evaluation_unseen_zero_shot,holdout_score,full_aassr,full_depth1_branch1_max,30,1.0,1.0,0.0,0.0,0.0,0.0,1.0,True,1.0
ablation,ablation,opaque_dependency_l6,evaluation_unseen_zero_shot,imagined_nodes,full_aassr,full_depth1_branch1_max,30,0.0,0.0,0.0,0.0,0.0,0.0,1.0,True,1.0
ablation,ablation,opaque_dependency_l6,evaluation_unseen_zero_shot,imagination_depth,full_aassr,full_depth1_branch1_max,30,0.0,0.0,0.0,0.0,0.0,0.0,1.0,True,1.0
ablation,ablation,opaque_dependency_l6,evaluation_unseen_zero_shot,actual_return,full_aassr,full_depth1_branch1_max,30,0.0,0.0,0.0,0.0,0.0,0.0,1.0,True,1.0
ablation,ablation,opaque_dependency_l6,evaluation_unseen_zero_shot,runtime_seconds,full_aassr,full_depth1_branch1_max,30,0.0034980397000035734,0.0035362969501729824,-3.825725016940853e-05,-0.00025886653346727444,0.00017749021646159229,-0.060823124384978854,0.744562771861407,True,1.0
ablation,ablation,opaque_dependency_l6,evaluation_unseen_zero_shot,real_transitions,full_aassr,full_depth1_branch1_max,30,6.0,6.0,0.0,0.0,0.0,0.0,1.0,True,1.0
ablation,ablation,opaque_dependency_l6,evaluation_unseen_zero_shot,imagined_transitions,full_aassr,full_depth1_branch1_max,30,0.0,0.0,0.0,0.0,0.0,0.0,1.0,True,1.0
ablation,ablation,opaque_dependency_l6,evaluation_unseen_zero_shot,action_proposals,full_aassr,full_depth1_branch1_max,30,6.0,6.0,0.0,0.0,0.0,0.0,1.0,True,1.0
ablation,ablation,opaque_dependency_l6,evaluation_unseen_zero_shot,repeat_rate,full_aassr,full_depth1_branch1_max,30,0.0,0.0,0.0,0.0,0.0,0.0,1.0,True,1.0
ablation,ablation,opaque_dependency_l6,evaluation_unseen_zero_shot,error_rate,full_aassr,full_depth1_branch1_max,30,0.0,0.0,0.0,0.0,0.0,0.0,1.0,True,1.0
ablation,ablation,opaque_dependency_l6,evaluation_unseen_zero_shot,success,full_aassr,full_depth1_branch1_mean,30,0.0,0.0,0.0,0.0,0.0,0.0,1.0,True,1.0
ablation,ablation,opaque_dependency_l6,evaluation_unseen_zero_shot,steps,full_aassr,full_depth1_branch1_mean,30,6.0,6.0,0.0,0.0,0.0,0.0,1.0,True,1.0
ablation,ablation,opaque_dependency_l6,evaluation_unseen_zero_shot,high_level_steps,full_aassr,full_depth1_branch1_mean,30,6.0,6.0,0.0,0.0,0.0,0.0,1.0,True,1.0
ablation,ablation,opaque_dependency_l6,evaluation_unseen_zero_shot,primitive_steps,full_aassr,full_depth1_branch1_mean,30,6.0,6.0,0.0,0.0,0.0,0.0,1.0,True,1.0
ablation,ablation,opaque_dependency_l6,evaluation_unseen_zero_shot,reward,full_aassr,full_depth1_branch1_mean,30,0.0,0.0,0.0,0.0,0.0,0.0,1.0,True,1.0
ablation,ablation,opaque_dependency_l6,evaluation_unseen_zero_shot,errors,full_aassr,full_depth1_branch1_mean,30,0.0,0.0,0.0,0.0,0.0,0.0,1.0,True,1.0
ablation,ablation,opaque_dependency_l6,evaluation_unseen_zero_shot,repeats,full_aassr,full_depth1_branch1_mean,30,0.0,0.0,0.0,0.0,0.0,0.0,1.0,True,1.0
ablation,ablation,opaque_dependency_l6,evaluation_unseen_zero_shot,prediction_score,full_aassr,full_depth1_branch1_mean,30,0.0,0.0,0.0,0.0,0.0,0.0,1.0,True,1.0
ablation,ablation,opaque_dependency_l6,evaluation_unseen_zero_shot,holdout_score,full_aassr,full_depth1_branch1_mean,30,1.0,1.0,0.0,0.0,0.0,0.0,1.0,True,1.0
ablation,ablation,opaque_dependency_l6,evaluation_unseen_zero_shot,imagined_nodes,full_aassr,full_depth1_branch1_mean,30,0.0,0.0,0.0,0.0,0.0,0.0,1.0,True,1.0
ablation,ablation,opaque_dependency_l6,evaluation_unseen_zero_shot,imagination_depth,full_aassr,full_depth1_branch1_mean,30,0.0,0.0,0.0,0.0,0.0,0.0,1.0,True,1.0
ablation,ablation,opaque_dependency_l6,evaluation_unseen_zero_shot,actual_return,full_aassr,full_depth1_branch1_mean,30,0.0,0.0,0.0,0.0,0.0,0.0,1.0,True,1.0
ablation,ablation,opaque_dependency_l6,evaluation_unseen_zero_shot,runtime_seconds,full_aassr,full_depth1_branch1_mean,30,0.0034980397000035734,0.00362863113306715,-0.00013059143306357623,-0.00039305226629464103,0.00013009885046631108,-0.17695810668873319,0.3379331033448328,True,1.0
ablation,ablation,opaque_dependency_l6,evaluation_unseen_zero_shot,real_transitions,full_aassr,full_depth1_branch1_mean,30,6.0,6.0,0.0,0.0,0.0,0.0,1.0,True,1.0
ablation,ablation,opaque_dependency_l6,evaluation_unseen_zero_shot,imagined_transitions,full_aassr,full_depth1_branch1_mean,30,0.0,0.0,0.0,0.0,0.0,0.0,1.0,True,1.0
ablation,ablation,opaque_dependency_l6,evaluation_unseen_zero_shot,action_proposals,full_aassr,full_depth1_branch1_mean,30,6.0,6.0,0.0,0.0,0.0,0.0,1.0,True,1.0
ablation,ablation,opaque_dependency_l6,evaluation_unseen_zero_shot,repeat_rate,full_aassr,full_depth1_branch1_mean,30,0.0,0.0,0.0,0.0,0.0,0.0,1.0,True,1.0
ablation,ablation,opaque_dependency_l6,evaluation_unseen_zero_shot,error_rate,full_aassr,full_depth1_branch1_mean,30,0.0,0.0,0.0,0.0,0.0,0.0,1.0,True,1.0
ablation,ablation,opaque_dependency_l6,evaluation_unseen_zero_shot,success,full_aassr,full_depth1_branch1_risk-adjusted,30,0.0,0.0,0.0,0.0,0.0,0.0,1.0,True,1.0
ablation,ablation,opaque_dependency_l6,evaluation_unseen_zero_shot,steps,full_aassr,full_depth1_branch1_risk-adjusted,30,6.0,6.0,0.0,0.0,0.0,0.0,1.0,True,1.0
ablation,ablation,opaque_dependency_l6,evaluation_unseen_zero_shot,high_level_steps,full_aassr,full_depth1_branch1_risk-adjusted,30,6.0,6.0,0.0,0.0,0.0,0.0,1.0,True,1.0
ablation,ablation,opaque_dependency_l6,evaluation_unseen_zero_shot,primitive_steps,full_aassr,full_depth1_branch1_risk-adjusted,30,6.0,6.0,0.0,0.0,0.0,0.0,1.0,True,1.0
ablation,ablation,opaque_dependency_l6,evaluation_unseen_zero_shot,reward,full_aassr,full_depth1_branch1_risk-adjusted,30,0.0,0.0,0.0,0.0,0.0,0.0,1.0,True,1.0
ablation,ablation,opaque_dependency_l6,evaluation_unseen_zero_shot,errors,full_aassr,full_depth1_branch1_risk-adjusted,30,0.0,0.0,0.0,0.0,0.0,0.0,1.0,True,1.0
ablation,ablation,opaque_dependency_l6,evaluation_unseen_zero_shot,repeats,full_aassr,full_depth1_branch1_risk-adjusted,30,0.0,0.0,0.0,0.0,0.0,0.0,1.0,True,1.0
ablation,ablation,opaque_dependency_l6,evaluation_unseen_zero_shot,prediction_score,full_aassr,full_depth1_branch1_risk-adjusted,30,0.0,0.0,0.0,0.0,0.0,0.0,1.0,True,1.0
ablation,ablation,opaque_dependency_l6,evaluation_unseen_zero_shot,holdout_score,full_aassr,full_depth1_branch1_risk-adjusted,30,1.0,1.0,0.0,0.0,0.0,0.0,1.0,True,1.0
ablation,ablation,opaque_dependency_l6,evaluation_unseen_zero_shot,imagined_nodes,full_aassr,full_depth1_branch1_risk-adjusted,30,0.0,0.0,0.0,0.0,0.0,0.0,1.0,True,1.0
ablation,ablation,opaque_dependency_l6,evaluation_unseen_zero_shot,imagination_depth,full_aassr,full_depth1_branch1_risk-adjusted,30,0.0,0.0,0.0,0.0,0.0,0.0,1.0,True,1.0
ablation,ablation,opaque_dependency_l6,evaluation_unseen_zero_shot,actual_return,full_aassr,full_depth1_branch1_risk-adjusted,30,0.0,0.0,0.0,0.0,0.0,0.0,1.0,True,1.0
ablation,ablation,opaque_dependency_l6,evaluation_unseen_zero_shot,runtime_seconds,full_aassr,full_depth1_branch1_risk-adjusted,30,0.0034980397000035734,0.0035510331333013403,-5.299343329776699e-05,-0.0002822547496859139,0.00017034966673721406,-0.08086506644770615,0.6607669616519174,True,1.0
ablation,ablation,opaque_dependency_l6,evaluation_unseen_zero_shot,real_transitions,full_aassr,full_depth1_branch1_risk-adjusted,30,6.0,6.0,0.0,0.0,0.0,0.0,1.0,True,1.0
ablation,ablation,opaque_dependency_l6,evaluation_unseen_zero_shot,imagined_transitions,full_aassr,full_depth1_branch1_risk-adjusted,30,0.0,0.0,0.0,0.0,0.0,0.0,1.0,True,1.0
ablation,ablation,opaque_dependency_l6,evaluation_unseen_zero_shot,action_proposals,full_aassr,full_depth1_branch1_risk-adjusted,30,6.0,6.0,0.0,0.0,0.0,0.0,1.0,True,1.0
ablation,ablation,opaque_dependency_l6,evaluation_unseen_zero_shot,repeat_rate,full_aassr,full_depth1_branch1_risk-adjusted,30,0.0,0.0,0.0,0.0,0.0,0.0,1.0,True,1.0
ablation,ablation,opaque_dependency_l6,evaluation_unseen_zero_shot,error_rate,full_aassr,full_depth1_branch1_risk-adjusted,30,0.0,0.0,0.0,0.0,0.0,0.0,1.0,True,1.0
ablation,ablation,opaque_dependency_l6,evaluation_unseen_zero_shot,success,full_aassr,full_depth1_branch2_max,30,0.0,0.0,0.0,0.0,0.0,0.0,1.0,True,1.0
ablation,ablation,opaque_dependency_l6,evaluation_unseen_zero_shot,steps,full_aassr,full_depth1_branch2_max,30,6.0,6.0,0.0,0.0,0.0,0.0,1.0,True,1.0
ablation,ablation,opaque_dependency_l6,evaluation_unseen_zero_shot,high_level_steps,full_aassr,full_depth1_branch2_max,30,6.0,6.0,0.0,0.0,0.0,0.0,1.0,True,1.0
ablation,ablation,opaque_dependency_l6,evaluation_unseen_zero_shot,primitive_steps,full_aassr,full_depth1_branch2_max,30,6.0,6.0,0.0,0.0,0.0,0.0,1.0,True,1.0
ablation,ablation,opaque_dependency_l6,evaluation_unseen_zero_shot,reward,full_aassr,full_depth1_branch2_max,30,0.0,0.0,0.0,0.0,0.0,0.0,1.0,True,1.0
ablation,ablation,opaque_dependency_l6,evaluation_unseen_zero_shot,errors,full_aassr,full_depth1_branch2_max,30,0.0,0.0,0.0,0.0,0.0,0.0,1.0,True,1.0
ablation,ablation,opaque_dependency_l6,evaluation_unseen_zero_shot,repeats,full_aassr,full_depth1_branch2_max,30,0.0,0.0,0.0,0.0,0.0,0.0,1.0,True,1.0
ablation,ablation,opaque_dependency_l6,evaluation_unseen_zero_shot,prediction_score,full_aassr,full_depth1_branch2_max,30,0.0,0.0,0.0,0.0,0.0,0.0,1.0,True,1.0
ablation,ablation,opaque_dependency_l6,evaluation_unseen_zero_shot,holdout_score,full_aassr,full_depth1_branch2_max,30,1.0,1.0,0.0,0.0,0.0,0.0,1.0,True,1.0
ablation,ablation,opaque_dependency_l6,evaluation_unseen_zero_shot,imagined_nodes,full_aassr,full_depth1_branch2_max,30,0.0,0.0,0.0,0.0,0.0,0.0,1.0,True,1.0
ablation,ablation,opaque_dependency_l6,evaluation_unseen_zero_shot,imagination_depth,full_aassr,full_depth1_branch2_max,30,0.0,0.0,0.0,0.0,0.0,0.0,1.0,True,1.0
ablation,ablation,opaque_dependency_l6,evaluation_unseen_zero_shot,actual_return,full_aassr,full_depth1_branch2_max,30,0.0,0.0,0.0,0.0,0.0,0.0,1.0,True,1.0
ablation,ablation,opaque_dependency_l6,evaluation_unseen_zero_shot,runtime_seconds,full_aassr,full_depth1_branch2_max,30,0.0034980397000035734,0.0035159190667909566,-1.7879366787383363e-05,-0.00023414481667956963,0.0002044807832232133,-0.028810824002413304,0.871756412179391,True,1.0
ablation,ablation,opaque_dependency_l6,evaluation_unseen_zero_shot,real_transitions,full_aassr,full_depth1_branch2_max,30,6.0,6.0,0.0,0.0,0.0,0.0,1.0,True,1.0
ablation,ablation,opaque_dependency_l6,evaluation_unseen_zero_shot,imagined_transitions,full_aassr,full_depth1_branch2_max,30,0.0,0.0,0.0,0.0,0.0,0.0,1.0,True,1.0
ablation,ablation,opaque_dependency_l6,evaluation_unseen_zero_shot,action_proposals,full_aassr,full_depth1_branch2_max,30,6.0,6.0,0.0,0.0,0.0,0.0,1.0,True,1.0
ablation,ablation,opaque_dependency_l6,evaluation_unseen_zero_shot,repeat_rate,full_aassr,full_depth1_branch2_max,30,0.0,0.0,0.0,0.0,0.0,0.0,1.0,True,1.0
ablation,ablation,opaque_dependency_l6,evaluation_unseen_zero_shot,error_rate,full_aassr,full_depth1_branch2_max,30,0.0,0.0,0.0,0.0,0.0,0.0,1.0,True,1.0
ablation,ablation,opaque_dependency_l6,evaluation_unseen_zero_shot,success,full_aassr,full_depth1_branch2_mean,30,0.0,0.0,0.0,0.0,0.0,0.0,1.0,True,1.0
ablation,ablation,opaque_dependency_l6,evaluation_unseen_zero_shot,steps,full_aassr,full_depth1_branch2_mean,30,6.0,6.0,0.0,0.0,0.0,0.0,1.0,True,1.0
ablation,ablation,opaque_dependency_l6,evaluation_unseen_zero_shot,high_level_steps,full_aassr,full_depth1_branch2_mean,30,6.0,6.0,0.0,0.0,0.0,0.0,1.0,True,1.0
ablation,ablation,opaque_dependency_l6,evaluation_unseen_zero_shot,primitive_steps,full_aassr,full_depth1_branch2_mean,30,6.0,6.0,0.0,0.0,0.0,0.0,1.0,True,1.0
ablation,ablation,opaque_dependency_l6,evaluation_unseen_zero_shot,reward,full_aassr,full_depth1_branch2_mean,30,0.0,0.0,0.0,0.0,0.0,0.0,1.0,True,1.0
ablation,ablation,opaque_dependency_l6,evaluation_unseen_zero_shot,errors,full_aassr,full_depth1_branch2_mean,30,0.0,0.0,0.0,0.0,0.0,0.0,1.0,True,1.0
ablation,ablation,opaque_dependency_l6,evaluation_unseen_zero_shot,repeats,full_aassr,full_depth1_branch2_mean,30,0.0,0.0,0.0,0.0,0.0,0.0,1.0,True,1.0
ablation,ablation,opaque_dependency_l6,evaluation_unseen_zero_shot,prediction_score,full_aassr,full_depth1_branch2_mean,30,0.0,0.0,0.0,0.0,0.0,0.0,1.0,True,1.0
ablation,ablation,opaque_dependency_l6,evaluation_unseen_zero_shot,holdout_score,full_aassr,full_depth1_branch2_mean,30,1.0,1.0,0.0,0.0,0.0,0.0,1.0,True,1.0
ablation,ablation,opaque_dependency_l6,evaluation_unseen_zero_shot,imagined_nodes,full_aassr,full_depth1_branch2_mean,30,0.0,0.0,0.0,0.0,0.0,0.0,1.0,True,1.0
ablation,ablation,opaque_dependency_l6,evaluation_unseen_zero_shot,imagination_depth,full_aassr,full_depth1_branch2_mean,30,0.0,0.0,0.0,0.0,0.0,0.0,1.0,True,1.0
ablation,ablation,opaque_dependency_l6,evaluation_unseen_zero_shot,actual_return,full_aassr,full_depth1_branch2_mean,30,0.0,0.0,0.0,0.0,0.0,0.0,1.0,True,1.0
ablation,ablation,opaque_dependency_l6,evaluation_unseen_zero_shot,runtime_seconds,full_aassr,full_depth1_branch2_mean,30,0.0034980397000035734,0.003493061766867565,4.977933136008934e-06,-0.00020953836663587333,0.0002330156662598407,0.008041387309212788,0.9630518474076296,True,1.0
ablation,ablation,opaque_dependency_l6,evaluation_unseen_zero_shot,real_transitions,full_aassr,full_depth1_branch2_mean,30,6.0,6.0,0.0,0.0,0.0,0.0,1.0,True,1.0
ablation,ablation,opaque_dependency_l6,evaluation_unseen_zero_shot,imagined_transitions,full_aassr,full_depth1_branch2_mean,30,0.0,0.0,0.0,0.0,0.0,0.0,1.0,True,1.0
ablation,ablation,opaque_dependency_l6,evaluation_unseen_zero_shot,action_proposals,full_aassr,full_depth1_branch2_mean,30,6.0,6.0,0.0,0.0,0.0,0.0,1.0,True,1.0
ablation,ablation,opaque_dependency_l6,evaluation_unseen_zero_shot,repeat_rate,full_aassr,full_depth1_branch2_mean,30,0.0,0.0,0.0,0.0,0.0,0.0,1.0,True,1.0
ablation,ablation,opaque_dependency_l6,evaluation_unseen_zero_shot,error_rate,full_aassr,full_depth1_branch2_mean,30,0.0,0.0,0.0,0.0,0.0,0.0,1.0,True,1.0
ablation,ablation,opaque_dependency_l6,evaluation_unseen_zero_shot,success,full_aassr,full_depth1_branch2_risk-adjusted,30,0.0,0.0,0.0,0.0,0.0,0.0,1.0,True,1.0
ablation,ablation,opaque_dependency_l6,evaluation_unseen_zero_shot,steps,full_aassr,full_depth1_branch2_risk-adjusted,30,6.0,6.0,0.0,0.0,0.0,0.0,1.0,True,1.0
ablation,ablation,opaque_dependency_l6,evaluation_unseen_zero_shot,high_level_steps,full_aassr,full_depth1_branch2_risk-adjusted,30,6.0,6.0,0.0,0.0,0.0,0.0,1.0,True,1.0
ablation,ablation,opaque_dependency_l6,evaluation_unseen_zero_shot,primitive_steps,full_aassr,full_depth1_branch2_risk-adjusted,30,6.0,6.0,0.0,0.0,0.0,0.0,1.0,True,1.0
ablation,ablation,opaque_dependency_l6,evaluation_unseen_zero_shot,reward,full_aassr,full_depth1_branch2_risk-adjusted,30,0.0,0.0,0.0,0.0,0.0,0.0,1.0,True,1.0
ablation,ablation,opaque_dependency_l6,evaluation_unseen_zero_shot,errors,full_aassr,full_depth1_branch2_risk-adjusted,30,0.0,0.0,0.0,0.0,0.0,0.0,1.0,True,1.0
ablation,ablation,opaque_dependency_l6,evaluation_unseen_zero_shot,repeats,full_aassr,full_depth1_branch2_risk-adjusted,30,0.0,0.0,0.0,0.0,0.0,0.0,1.0,True,1.0
ablation,ablation,opaque_dependency_l6,evaluation_unseen_zero_shot,prediction_score,full_aassr,full_depth1_branch2_risk-adjusted,30,0.0,0.0,0.0,0.0,0.0,0.0,1.0,True,1.0
ablation,ablation,opaque_dependency_l6,evaluation_unseen_zero_shot,holdout_score,full_aassr,full_depth1_branch2_risk-adjusted,30,1.0,1.0,0.0,0.0,0.0,0.0,1.0,True,1.0
ablation,ablation,opaque_dependency_l6,evaluation_unseen_zero_shot,imagined_nodes,full_aassr,full_depth1_branch2_risk-adjusted,30,0.0,0.0,0.0,0.0,0.0,0.0,1.0,True,1.0
ablation,ablation,opaque_dependency_l6,evaluation_unseen_zero_shot,imagination_depth,full_aassr,full_depth1_branch2_risk-adjusted,30,0.0,0.0,0.0,0.0,0.0,0.0,1.0,True,1.0
ablation,ablation,opaque_dependency_l6,evaluation_unseen_zero_shot,actual_return,full_aassr,full_depth1_branch2_risk-adjusted,30,0.0,0.0,0.0,0.0,0.0,0.0,1.0,True,1.0
ablation,ablation,opaque_dependency_l6,evaluation_unseen_zero_shot,runtime_seconds,full_aassr,full_depth1_branch2_risk-adjusted,30,0.0034980397000035734,0.0035441473335085906,-4.6107633505016624e-05,-0.00030729923374989696,0.00019963783333272036,-0.06290327193125379,0.7351132443377831,True,1.0
ablation,ablation,opaque_dependency_l6,evaluation_unseen_zero_shot,real_transitions,full_aassr,full_depth1_branch2_risk-adjusted,30,6.0,6.0,0.0,0.0,0.0,0.0,1.0,True,1.0
ablation,ablation,opaque_dependency_l6,evaluation_unseen_zero_shot,imagined_transitions,full_aassr,full_depth1_branch2_risk-adjusted,30,0.0,0.0,0.0,0.0,0.0,0.0,1.0,True,1.0
ablation,ablation,opaque_dependency_l6,evaluation_unseen_zero_shot,action_proposals,full_aassr,full_depth1_branch2_risk-adjusted,30,6.0,6.0,0.0,0.0,0.0,0.0,1.0,True,1.0
ablation,ablation,opaque_dependency_l6,evaluation_unseen_zero_shot,repeat_rate,full_aassr,full_depth1_branch2_risk-adjusted,30,0.0,0.0,0.0,0.0,0.0,0.0,1.0,True,1.0
ablation,ablation,opaque_dependency_l6,evaluation_unseen_zero_shot,error_rate,full_aassr,full_depth1_branch2_risk-adjusted,30,0.0,0.0,0.0,0.0,0.0,0.0,1.0,True,1.0
ablation,ablation,opaque_dependency_l6,evaluation_unseen_zero_shot,success,full_aassr,full_depth1_branch4_max,30,0.0,0.0,0.0,0.0,0.0,0.0,1.0,True,1.0
ablation,ablation,opaque_dependency_l6,evaluation_unseen_zero_shot,steps,full_aassr,full_depth1_branch4_max,30,6.0,6.0,0.0,0.0,0.0,0.0,1.0,True,1.0
ablation,ablation,opaque_dependency_l6,evaluation_unseen_zero_shot,high_level_steps,full_aassr,full_depth1_branch4_max,30,6.0,6.0,0.0,0.0,0.0,0.0,1.0,True,1.0
ablation,ablation,opaque_dependency_l6,evaluation_unseen_zero_shot,primitive_steps,full_aassr,full_depth1_branch4_max,30,6.0,6.0,0.0,0.0,0.0,0.0,1.0,True,1.0
ablation,ablation,opaque_dependency_l6,evaluation_unseen_zero_shot,reward,full_aassr,full_depth1_branch4_max,30,0.0,0.0,0.0,0.0,0.0,0.0,1.0,True,1.0
ablation,ablation,opaque_dependency_l6,evaluation_unseen_zero_shot,errors,full_aassr,full_depth1_branch4_max,30,0.0,0.0,0.0,0.0,0.0,0.0,1.0,True,1.0
ablation,ablation,opaque_dependency_l6,evaluation_unseen_zero_shot,repeats,full_aassr,full_depth1_branch4_max,30,0.0,0.0,0.0,0.0,0.0,0.0,1.0,True,1.0
ablation,ablation,opaque_dependency_l6,evaluation_unseen_zero_shot,prediction_score,full_aassr,full_depth1_branch4_max,30,0.0,0.0,0.0,0.0,0.0,0.0,1.0,True,1.0
ablation,ablation,opaque_dependency_l6,evaluation_unseen_zero_shot,holdout_score,full_aassr,full_depth1_branch4_max,30,1.0,1.0,0.0,0.0,0.0,0.0,1.0,True,1.0
ablation,ablation,opaque_dependency_l6,evaluation_unseen_zero_shot,imagined_nodes,full_aassr,full_depth1_branch4_max,30,0.0,0.0,0.0,0.0,0.0,0.0,1.0,True,1.0
ablation,ablation,opaque_dependency_l6,evaluation_unseen_zero_shot,imagination_depth,full_aassr,full_depth1_branch4_max,30,0.0,0.0,0.0,0.0,0.0,0.0,1.0,True,1.0
ablation,ablation,opaque_dependency_l6,evaluation_unseen_zero_shot,actual_return,full_aassr,full_depth1_branch4_max,30,0.0,0.0,0.0,0.0,0.0,0.0,1.0,True,1.0
ablation,ablation,opaque_dependency_l6,evaluation_unseen_zero_shot,runtime_seconds,full_aassr,full_depth1_branch4_max,30,0.0034980397000035734,0.003401229550208275,9.681014979529813e-05,-0.000144604600223829,0.00035325236683517375,0.13801340888133118,0.45412729363531823,True,1.0
ablation,ablation,opaque_dependency_l6,evaluation_unseen_zero_shot,real_transitions,full_aassr,full_depth1_branch4_max,30,6.0,6.0,0.0,0.0,0.0,0.0,1.0,True,1.0
ablation,ablation,opaque_dependency_l6,evaluation_unseen_zero_shot,imagined_transitions,full_aassr,full_depth1_branch4_max,30,0.0,0.0,0.0,0.0,0.0,0.0,1.0,True,1.0
ablation,ablation,opaque_dependency_l6,evaluation_unseen_zero_shot,action_proposals,full_aassr,full_depth1_branch4_max,30,6.0,6.0,0.0,0.0,0.0,0.0,1.0,True,1.0
ablation,ablation,opaque_dependency_l6,evaluation_unseen_zero_shot,repeat_rate,full_aassr,full_depth1_branch4_max,30,0.0,0.0,0.0,0.0,0.0,0.0,1.0,True,1.0
ablation,ablation,opaque_dependency_l6,evaluation_unseen_zero_shot,error_rate,full_aassr,full_depth1_branch4_max,30,0.0,0.0,0.0,0.0,0.0,0.0,1.0,True,1.0
ablation,ablation,opaque_dependency_l6,evaluation_unseen_zero_shot,success,full_aassr,full_depth1_branch4_mean,30,0.0,0.0,0.0,0.0,0.0,0.0,1.0,True,1.0
ablation,ablation,opaque_dependency_l6,evaluation_unseen_zero_shot,steps,full_aassr,full_depth1_branch4_mean,30,6.0,6.0,0.0,0.0,0.0,0.0,1.0,True,1.0
ablation,ablation,opaque_dependency_l6,evaluation_unseen_zero_shot,high_level_steps,full_aassr,full_depth1_branch4_mean,30,6.0,6.0,0.0,0.0,0.0,0.0,1.0,True,1.0
ablation,ablation,opaque_dependency_l6,evaluation_unseen_zero_shot,primitive_steps,full_aassr,full_depth1_branch4_mean,30,6.0,6.0,0.0,0.0,0.0,0.0,1.0,True,1.0
ablation,ablation,opaque_dependency_l6,evaluation_unseen_zero_shot,reward,full_aassr,full_depth1_branch4_mean,30,0.0,0.0,0.0,0.0,0.0,0.0,1.0,True,1.0
ablation,ablation,opaque_dependency_l6,evaluation_unseen_zero_shot,errors,full_aassr,full_depth1_branch4_mean,30,0.0,0.0,0.0,0.0,0.0,0.0,1.0,True,1.0
ablation,ablation,opaque_dependency_l6,evaluation_unseen_zero_shot,repeats,full_aassr,full_depth1_branch4_mean,30,0.0,0.0,0.0,0.0,0.0,0.0,1.0,True,1.0
ablation,ablation,opaque_dependency_l6,evaluation_unseen_zero_shot,prediction_score,full_aassr,full_depth1_branch4_mean,30,0.0,0.0,0.0,0.0,0.0,0.0,1.0,True,1.0
ablation,ablation,opaque_dependency_l6,evaluation_unseen_zero_shot,holdout_score,full_aassr,full_depth1_branch4_mean,30,1.0,1.0,0.0,0.0,0.0,0.0,1.0,True,1.0
ablation,ablation,opaque_dependency_l6,evaluation_unseen_zero_shot,imagined_nodes,full_aassr,full_depth1_branch4_mean,30,0.0,0.0,0.0,0.0,0.0,0.0,1.0,True,1.0
ablation,ablation,opaque_dependency_l6,evaluation_unseen_zero_shot,imagination_depth,full_aassr,full_depth1_branch4_mean,30,0.0,0.0,0.0,0.0,0.0,0.0,1.0,True,1.0
ablation,ablation,opaque_dependency_l6,evaluation_unseen_zero_shot,actual_return,full_aassr,full_depth1_branch4_mean,30,0.0,0.0,0.0,0.0,0.0,0.0,1.0,True,1.0
ablation,ablation,opaque_dependency_l6,evaluation_unseen_zero_shot,runtime_seconds,full_aassr,full_depth1_branch4_mean,30,0.0034980397000035734,0.00358445074990838,-8.641104990480625e-05,-0.000326479600170084,0.00016423808336063898,-0.12131739614515337,0.511524423778811,True,1.0
ablation,ablation,opaque_dependency_l6,evaluation_unseen_zero_shot,real_transitions,full_aassr,full_depth1_branch4_mean,30,6.0,6.0,0.0,0.0,0.0,0.0,1.0,True,1.0
ablation,ablation,opaque_dependency_l6,evaluation_unseen_zero_shot,imagined_transitions,full_aassr,full_depth1_branch4_mean,30,0.0,0.0,0.0,0.0,0.0,0.0,1.0,True,1.0
ablation,ablation,opaque_dependency_l6,evaluation_unseen_zero_shot,action_proposals,full_aassr,full_depth1_branch4_mean,30,6.0,6.0,0.0,0.0,0.0,0.0,1.0,True,1.0
ablation,ablation,opaque_dependency_l6,evaluation_unseen_zero_shot,repeat_rate,full_aassr,full_depth1_branch4_mean,30,0.0,0.0,0.0,0.0,0.0,0.0,1.0,True,1.0
ablation,ablation,opaque_dependency_l6,evaluation_unseen_zero_shot,error_rate,full_aassr,full_depth1_branch4_mean,30,0.0,0.0,0.0,0.0,0.0,0.0,1.0,True,1.0
ablation,ablation,opaque_dependency_l6,evaluation_unseen_zero_shot,success,full_aassr,full_depth1_branch4_risk-adjusted,30,0.0,0.0,0.0,0.0,0.0,0.0,1.0,True,1.0
ablation,ablation,opaque_dependency_l6,evaluation_unseen_zero_shot,steps,full_aassr,full_depth1_branch4_risk-adjusted,30,6.0,6.0,0.0,0.0,0.0,0.0,1.0,True,1.0
ablation,ablation,opaque_dependency_l6,evaluation_unseen_zero_shot,high_level_steps,full_aassr,full_depth1_branch4_risk-adjusted,30,6.0,6.0,0.0,0.0,0.0,0.0,1.0,True,1.0
ablation,ablation,opaque_dependency_l6,evaluation_unseen_zero_shot,primitive_steps,full_aassr,full_depth1_branch4_risk-adjusted,30,6.0,6.0,0.0,0.0,0.0,0.0,1.0,True,1.0
ablation,ablation,opaque_dependency_l6,evaluation_unseen_zero_shot,reward,full_aassr,full_depth1_branch4_risk-adjusted,30,0.0,0.0,0.0,0.0,0.0,0.0,1.0,True,1.0
ablation,ablation,opaque_dependency_l6,evaluation_unseen_zero_shot,errors,full_aassr,full_depth1_branch4_risk-adjusted,30,0.0,0.0,0.0,0.0,0.0,0.0,1.0,True,1.0
ablation,ablation,opaque_dependency_l6,evaluation_unseen_zero_shot,repeats,full_aassr,full_depth1_branch4_risk-adjusted,30,0.0,0.0,0.0,0.0,0.0,0.0,1.0,True,1.0
ablation,ablation,opaque_dependency_l6,evaluation_unseen_zero_shot,prediction_score,full_aassr,full_depth1_branch4_risk-adjusted,30,0.0,0.0,0.0,0.0,0.0,0.0,1.0,True,1.0
ablation,ablation,opaque_dependency_l6,evaluation_unseen_zero_shot,holdout_score,full_aassr,full_depth1_branch4_risk-adjusted,30,1.0,1.0,0.0,0.0,0.0,0.0,1.0,True,1.0
ablation,ablation,opaque_dependency_l6,evaluation_unseen_zero_shot,imagined_nodes,full_aassr,full_depth1_branch4_risk-adjusted,30,0.0,0.0,0.0,0.0,0.0,0.0,1.0,True,1.0
ablation,ablation,opaque_dependency_l6,evaluation_unseen_zero_shot,imagination_depth,full_aassr,full_depth1_branch4_risk-adjusted,30,0.0,0.0,0.0,0.0,0.0,0.0,1.0,True,1.0
ablation,ablation,opaque_dependency_l6,evaluation_unseen_zero_shot,actual_return,full_aassr,full_depth1_branch4_risk-adjusted,30,0.0,0.0,0.0,0.0,0.0,0.0,1.0,True,1.0
ablation,ablation,opaque_dependency_l6,evaluation_unseen_zero_shot,runtime_seconds,full_aassr,full_depth1_branch4_risk-adjusted,30,0.0034980397000035734,0.0033800461666639117,0.00011799353333966184,-7.220175004719445e-05,0.000311578416886429,0.2116727837594539,0.25573721313934306,True,1.0
ablation,ablation,opaque_dependency_l6,evaluation_unseen_zero_shot,real_transitions,full_aassr,full_depth1_branch4_risk-adjusted,30,6.0,6.0,0.0,0.0,0.0,0.0,1.0,True,1.0
ablation,ablation,opaque_dependency_l6,evaluation_unseen_zero_shot,imagined_transitions,full_aassr,full_depth1_branch4_risk-adjusted,30,0.0,0.0,0.0,0.0,0.0,0.0,1.0,True,1.0
ablation,ablation,opaque_dependency_l6,evaluation_unseen_zero_shot,action_proposals,full_aassr,full_depth1_branch4_risk-adjusted,30,6.0,6.0,0.0,0.0,0.0,0.0,1.0,True,1.0
ablation,ablation,opaque_dependency_l6,evaluation_unseen_zero_shot,repeat_rate,full_aassr,full_depth1_branch4_risk-adjusted,30,0.0,0.0,0.0,0.0,0.0,0.0,1.0,True,1.0
ablation,ablation,opaque_dependency_l6,evaluation_unseen_zero_shot,error_rate,full_aassr,full_depth1_branch4_risk-adjusted,30,0.0,0.0,0.0,0.0,0.0,0.0,1.0,True,1.0
ablation,ablation,opaque_dependency_l6,evaluation_unseen_zero_shot,success,full_aassr,full_depth2_branch1_max,30,0.0,0.0,0.0,0.0,0.0,0.0,1.0,True,1.0
ablation,ablation,opaque_dependency_l6,evaluation_unseen_zero_shot,steps,full_aassr,full_depth2_branch1_max,30,6.0,6.0,0.0,0.0,0.0,0.0,1.0,True,1.0
ablation,ablation,opaque_dependency_l6,evaluation_unseen_zero_shot,high_level_steps,full_aassr,full_depth2_branch1_max,30,6.0,6.0,0.0,0.0,0.0,0.0,1.0,True,1.0
ablation,ablation,opaque_dependency_l6,evaluation_unseen_zero_shot,primitive_steps,full_aassr,full_depth2_branch1_max,30,6.0,6.0,0.0,0.0,0.0,0.0,1.0,True,1.0
ablation,ablation,opaque_dependency_l6,evaluation_unseen_zero_shot,reward,full_aassr,full_depth2_branch1_max,30,0.0,0.0,0.0,0.0,0.0,0.0,1.0,True,1.0
ablation,ablation,opaque_dependency_l6,evaluation_unseen_zero_shot,errors,full_aassr,full_depth2_branch1_max,30,0.0,0.0,0.0,0.0,0.0,0.0,1.0,True,1.0
ablation,ablation,opaque_dependency_l6,evaluation_unseen_zero_shot,repeats,full_aassr,full_depth2_branch1_max,30,0.0,0.0,0.0,0.0,0.0,0.0,1.0,True,1.0
ablation,ablation,opaque_dependency_l6,evaluation_unseen_zero_shot,prediction_score,full_aassr,full_depth2_branch1_max,30,0.0,0.0,0.0,0.0,0.0,0.0,1.0,True,1.0
ablation,ablation,opaque_dependency_l6,evaluation_unseen_zero_shot,holdout_score,full_aassr,full_depth2_branch1_max,30,1.0,1.0,0.0,0.0,0.0,0.0,1.0,True,1.0
ablation,ablation,opaque_dependency_l6,evaluation_unseen_zero_shot,imagined_nodes,full_aassr,full_depth2_branch1_max,30,0.0,0.0,0.0,0.0,0.0,0.0,1.0,True,1.0
ablation,ablation,opaque_dependency_l6,evaluation_unseen_zero_shot,imagination_depth,full_aassr,full_depth2_branch1_max,30,0.0,0.0,0.0,0.0,0.0,0.0,1.0,True,1.0
ablation,ablation,opaque_dependency_l6,evaluation_unseen_zero_shot,actual_return,full_aassr,full_depth2_branch1_max,30,0.0,0.0,0.0,0.0,0.0,0.0,1.0,True,1.0
ablation,ablation,opaque_dependency_l6,evaluation_unseen_zero_shot,runtime_seconds,full_aassr,full_depth2_branch1_max,30,0.0034980397000035734,0.003448268116553663,4.977158344991035e-05,-0.0001559951994277071,0.0002552851833752356,0.08423205752593485,0.6445177741112944,True,1.0
ablation,ablation,opaque_dependency_l6,evaluation_unseen_zero_shot,real_transitions,full_aassr,full_depth2_branch1_max,30,6.0,6.0,0.0,0.0,0.0,0.0,1.0,True,1.0
ablation,ablation,opaque_dependency_l6,evaluation_unseen_zero_shot,imagined_transitions,full_aassr,full_depth2_branch1_max,30,0.0,0.0,0.0,0.0,0.0,0.0,1.0,True,1.0
ablation,ablation,opaque_dependency_l6,evaluation_unseen_zero_shot,action_proposals,full_aassr,full_depth2_branch1_max,30,6.0,6.0,0.0,0.0,0.0,0.0,1.0,True,1.0
ablation,ablation,opaque_dependency_l6,evaluation_unseen_zero_shot,repeat_rate,full_aassr,full_depth2_branch1_max,30,0.0,0.0,0.0,0.0,0.0,0.0,1.0,True,1.0
ablation,ablation,opaque_dependency_l6,evaluation_unseen_zero_shot,error_rate,full_aassr,full_depth2_branch1_max,30,0.0,0.0,0.0,0.0,0.0,0.0,1.0,True,1.0
ablation,ablation,opaque_dependency_l6,evaluation_unseen_zero_shot,success,full_aassr,full_depth2_branch1_mean,30,0.0,0.0,0.0,0.0,0.0,0.0,1.0,True,1.0
ablation,ablation,opaque_dependency_l6,evaluation_unseen_zero_shot,steps,full_aassr,full_depth2_branch1_mean,30,6.0,6.0,0.0,0.0,0.0,0.0,1.0,True,1.0
ablation,ablation,opaque_dependency_l6,evaluation_unseen_zero_shot,high_level_steps,full_aassr,full_depth2_branch1_mean,30,6.0,6.0,0.0,0.0,0.0,0.0,1.0,True,1.0
ablation,ablation,opaque_dependency_l6,evaluation_unseen_zero_shot,primitive_steps,full_aassr,full_depth2_branch1_mean,30,6.0,6.0,0.0,0.0,0.0,0.0,1.0,True,1.0
ablation,ablation,opaque_dependency_l6,evaluation_unseen_zero_shot,reward,full_aassr,full_depth2_branch1_mean,30,0.0,0.0,0.0,0.0,0.0,0.0,1.0,True,1.0
ablation,ablation,opaque_dependency_l6,evaluation_unseen_zero_shot,errors,full_aassr,full_depth2_branch1_mean,30,0.0,0.0,0.0,0.0,0.0,0.0,1.0,True,1.0
ablation,ablation,opaque_dependency_l6,evaluation_unseen_zero_shot,repeats,full_aassr,full_depth2_branch1_mean,30,0.0,0.0,0.0,0.0,0.0,0.0,1.0,True,1.0
ablation,ablation,opaque_dependency_l6,evaluation_unseen_zero_shot,prediction_score,full_aassr,full_depth2_branch1_mean,30,0.0,0.0,0.0,0.0,0.0,0.0,1.0,True,1.0
ablation,ablation,opaque_dependency_l6,evaluation_unseen_zero_shot,holdout_score,full_aassr,full_depth2_branch1_mean,30,1.0,1.0,0.0,0.0,0.0,0.0,1.0,True,1.0
ablation,ablation,opaque_dependency_l6,evaluation_unseen_zero_shot,imagined_nodes,full_aassr,full_depth2_branch1_mean,30,0.0,0.0,0.0,0.0,0.0,0.0,1.0,True,1.0
ablation,ablation,opaque_dependency_l6,evaluation_unseen_zero_shot,imagination_depth,full_aassr,full_depth2_branch1_mean,30,0.0,0.0,0.0,0.0,0.0,0.0,1.0,True,1.0
ablation,ablation,opaque_dependency_l6,evaluation_unseen_zero_shot,actual_return,full_aassr,full_depth2_branch1_mean,30,0.0,0.0,0.0,0.0,0.0,0.0,1.0,True,1.0
ablation,ablation,opaque_dependency_l6,evaluation_unseen_zero_shot,runtime_seconds,full_aassr,full_depth2_branch1_mean,30,0.0034980397000035734,0.003550152683329846,-5.211298332627247e-05,-0.0002657059335421461,0.00016106404980625172,-0.0847956910126611,0.6411179441027949,True,1.0
ablation,ablation,opaque_dependency_l6,evaluation_unseen_zero_shot,real_transitions,full_aassr,full_depth2_branch1_mean,30,6.0,6.0,0.0,0.0,0.0,0.0,1.0,True,1.0
ablation,ablation,opaque_dependency_l6,evaluation_unseen_zero_shot,imagined_transitions,full_aassr,full_depth2_branch1_mean,30,0.0,0.0,0.0,0.0,0.0,0.0,1.0,True,1.0
ablation,ablation,opaque_dependency_l6,evaluation_unseen_zero_shot,action_proposals,full_aassr,full_depth2_branch1_mean,30,6.0,6.0,0.0,0.0,0.0,0.0,1.0,True,1.0
ablation,ablation,opaque_dependency_l6,evaluation_unseen_zero_shot,repeat_rate,full_aassr,full_depth2_branch1_mean,30,0.0,0.0,0.0,0.0,0.0,0.0,1.0,True,1.0
ablation,ablation,opaque_dependency_l6,evaluation_unseen_zero_shot,error_rate,full_aassr,full_depth2_branch1_mean,30,0.0,0.0,0.0,0.0,0.0,0.0,1.0,True,1.0
ablation,ablation,opaque_dependency_l6,evaluation_unseen_zero_shot,success,full_aassr,full_depth2_branch1_risk-adjusted,30,0.0,0.0,0.0,0.0,0.0,0.0,1.0,True,1.0
ablation,ablation,opaque_dependency_l6,evaluation_unseen_zero_shot,steps,full_aassr,full_depth2_branch1_risk-adjusted,30,6.0,6.0,0.0,0.0,0.0,0.0,1.0,True,1.0
ablation,ablation,opaque_dependency_l6,evaluation_unseen_zero_shot,high_level_steps,full_aassr,full_depth2_branch1_risk-adjusted,30,6.0,6.0,0.0,0.0,0.0,0.0,1.0,True,1.0
ablation,ablation,opaque_dependency_l6,evaluation_unseen_zero_shot,primitive_steps,full_aassr,full_depth2_branch1_risk-adjusted,30,6.0,6.0,0.0,0.0,0.0,0.0,1.0,True,1.0
ablation,ablation,opaque_dependency_l6,evaluation_unseen_zero_shot,reward,full_aassr,full_depth2_branch1_risk-adjusted,30,0.0,0.0,0.0,0.0,0.0,0.0,1.0,True,1.0
ablation,ablation,opaque_dependency_l6,evaluation_unseen_zero_shot,errors,full_aassr,full_depth2_branch1_risk-adjusted,30,0.0,0.0,0.0,0.0,0.0,0.0,1.0,True,1.0
ablation,ablation,opaque_dependency_l6,evaluation_unseen_zero_shot,repeats,full_aassr,full_depth2_branch1_risk-adjusted,30,0.0,0.0,0.0,0.0,0.0,0.0,1.0,True,1.0
ablation,ablation,opaque_dependency_l6,evaluation_unseen_zero_shot,prediction_score,full_aassr,full_depth2_branch1_risk-adjusted,30,0.0,0.0,0.0,0.0,0.0,0.0,1.0,True,1.0
ablation,ablation,opaque_dependency_l6,evaluation_unseen_zero_shot,holdout_score,full_aassr,full_depth2_branch1_risk-adjusted,30,1.0,1.0,0.0,0.0,0.0,0.0,1.0,True,1.0
ablation,ablation,opaque_dependency_l6,evaluation_unseen_zero_shot,imagined_nodes,full_aassr,full_depth2_branch1_risk-adjusted,30,0.0,0.0,0.0,0.0,0.0,0.0,1.0,True,1.0
ablation,ablation,opaque_dependency_l6,evaluation_unseen_zero_shot,imagination_depth,full_aassr,full_depth2_branch1_risk-adjusted,30,0.0,0.0,0.0,0.0,0.0,0.0,1.0,True,1.0
ablation,ablation,opaque_dependency_l6,evaluation_unseen_zero_shot,actual_return,full_aassr,full_depth2_branch1_risk-adjusted,30,0.0,0.0,0.0,0.0,0.0,0.0,1.0,True,1.0
ablation,ablation,opaque_dependency_l6,evaluation_unseen_zero_shot,runtime_seconds,full_aassr,full_depth2_branch1_risk-adjusted,30,0.0034980397000035734,0.003483785149937224,1.4254550066349692e-05,-0.0002063386165730966,0.00021565333336184264,0.023471484272025767,0.9029048547572621,True,1.0
ablation,ablation,opaque_dependency_l6,evaluation_unseen_zero_shot,real_transitions,full_aassr,full_depth2_branch1_risk-adjusted,30,6.0,6.0,0.0,0.0,0.0,0.0,1.0,True,1.0
ablation,ablation,opaque_dependency_l6,evaluation_unseen_zero_shot,imagined_transitions,full_aassr,full_depth2_branch1_risk-adjusted,30,0.0,0.0,0.0,0.0,0.0,0.0,1.0,True,1.0
ablation,ablation,opaque_dependency_l6,evaluation_unseen_zero_shot,action_proposals,full_aassr,full_depth2_branch1_risk-adjusted,30,6.0,6.0,0.0,0.0,0.0,0.0,1.0,True,1.0
ablation,ablation,opaque_dependency_l6,evaluation_unseen_zero_shot,repeat_rate,full_aassr,full_depth2_branch1_risk-adjusted,30,0.0,0.0,0.0,0.0,0.0,0.0,1.0,True,1.0
ablation,ablation,opaque_dependency_l6,evaluation_unseen_zero_shot,error_rate,full_aassr,full_depth2_branch1_risk-adjusted,30,0.0,0.0,0.0,0.0,0.0,0.0,1.0,True,1.0
ablation,ablation,opaque_dependency_l6,evaluation_unseen_zero_shot,success,full_aassr,full_depth2_branch2_max,30,0.0,0.0,0.0,0.0,0.0,0.0,1.0,True,1.0
ablation,ablation,opaque_dependency_l6,evaluation_unseen_zero_shot,steps,full_aassr,full_depth2_branch2_max,30,6.0,6.0,0.0,0.0,0.0,0.0,1.0,True,1.0
ablation,ablation,opaque_dependency_l6,evaluation_unseen_zero_shot,high_level_steps,full_aassr,full_depth2_branch2_max,30,6.0,6.0,0.0,0.0,0.0,0.0,1.0,True,1.0
ablation,ablation,opaque_dependency_l6,evaluation_unseen_zero_shot,primitive_steps,full_aassr,full_depth2_branch2_max,30,6.0,6.0,0.0,0.0,0.0,0.0,1.0,True,1.0
ablation,ablation,opaque_dependency_l6,evaluation_unseen_zero_shot,reward,full_aassr,full_depth2_branch2_max,30,0.0,0.0,0.0,0.0,0.0,0.0,1.0,True,1.0
ablation,ablation,opaque_dependency_l6,evaluation_unseen_zero_shot,errors,full_aassr,full_depth2_branch2_max,30,0.0,0.0,0.0,0.0,0.0,0.0,1.0,True,1.0
ablation,ablation,opaque_dependency_l6,evaluation_unseen_zero_shot,repeats,full_aassr,full_depth2_branch2_max,30,0.0,0.0,0.0,0.0,0.0,0.0,1.0,True,1.0
ablation,ablation,opaque_dependency_l6,evaluation_unseen_zero_shot,prediction_score,full_aassr,full_depth2_branch2_max,30,0.0,0.0,0.0,0.0,0.0,0.0,1.0,True,1.0
ablation,ablation,opaque_dependency_l6,evaluation_unseen_zero_shot,holdout_score,full_aassr,full_depth2_branch2_max,30,1.0,1.0,0.0,0.0,0.0,0.0,1.0,True,1.0
ablation,ablation,opaque_dependency_l6,evaluation_unseen_zero_shot,imagined_nodes,full_aassr,full_depth2_branch2_max,30,0.0,0.0,0.0,0.0,0.0,0.0,1.0,True,1.0
ablation,ablation,opaque_dependency_l6,evaluation_unseen_zero_shot,imagination_depth,full_aassr,full_depth2_branch2_max,30,0.0,0.0,0.0,0.0,0.0,0.0,1.0,True,1.0
ablation,ablation,opaque_dependency_l6,evaluation_unseen_zero_shot,actual_return,full_aassr,full_depth2_branch2_max,30,0.0,0.0,0.0,0.0,0.0,0.0,1.0,True,1.0
ablation,ablation,opaque_dependency_l6,evaluation_unseen_zero_shot,runtime_seconds,full_aassr,full_depth2_branch2_max,30,0.0034980397000035734,0.003501739300312086,-3.6996003085126705e-06,-0.0002532311172011153,0.00023475558334515274,-0.005289515575242947,0.9786510674466277,True,1.0
ablation,ablation,opaque_dependency_l6,evaluation_unseen_zero_shot,real_transitions,full_aassr,full_depth2_branch2_max,30,6.0,6.0,0.0,0.0,0.0,0.0,1.0,True,1.0
ablation,ablation,opaque_dependency_l6,evaluation_unseen_zero_shot,imagined_transitions,full_aassr,full_depth2_branch2_max,30,0.0,0.0,0.0,0.0,0.0,0.0,1.0,True,1.0
ablation,ablation,opaque_dependency_l6,evaluation_unseen_zero_shot,action_proposals,full_aassr,full_depth2_branch2_max,30,6.0,6.0,0.0,0.0,0.0,0.0,1.0,True,1.0
ablation,ablation,opaque_dependency_l6,evaluation_unseen_zero_shot,repeat_rate,full_aassr,full_depth2_branch2_max,30,0.0,0.0,0.0,0.0,0.0,0.0,1.0,True,1.0
ablation,ablation,opaque_dependency_l6,evaluation_unseen_zero_shot,error_rate,full_aassr,full_depth2_branch2_max,30,0.0,0.0,0.0,0.0,0.0,0.0,1.0,True,1.0
ablation,ablation,opaque_dependency_l6,evaluation_unseen_zero_shot,success,full_aassr,full_depth2_branch2_mean,30,0.0,0.0,0.0,0.0,0.0,0.0,1.0,True,1.0
ablation,ablation,opaque_dependency_l6,evaluation_unseen_zero_shot,steps,full_aassr,full_depth2_branch2_mean,30,6.0,6.0,0.0,0.0,0.0,0.0,1.0,True,1.0
ablation,ablation,opaque_dependency_l6,evaluation_unseen_zero_shot,high_level_steps,full_aassr,full_depth2_branch2_mean,30,6.0,6.0,0.0,0.0,0.0,0.0,1.0,True,1.0
ablation,ablation,opaque_dependency_l6,evaluation_unseen_zero_shot,primitive_steps,full_aassr,full_depth2_branch2_mean,30,6.0,6.0,0.0,0.0,0.0,0.0,1.0,True,1.0
ablation,ablation,opaque_dependency_l6,evaluation_unseen_zero_shot,reward,full_aassr,full_depth2_branch2_mean,30,0.0,0.0,0.0,0.0,0.0,0.0,1.0,True,1.0
ablation,ablation,opaque_dependency_l6,evaluation_unseen_zero_shot,errors,full_aassr,full_depth2_branch2_mean,30,0.0,0.0,0.0,0.0,0.0,0.0,1.0,True,1.0
ablation,ablation,opaque_dependency_l6,evaluation_unseen_zero_shot,repeats,full_aassr,full_depth2_branch2_mean,30,0.0,0.0,0.0,0.0,0.0,0.0,1.0,True,1.0
ablation,ablation,opaque_dependency_l6,evaluation_unseen_zero_shot,prediction_score,full_aassr,full_depth2_branch2_mean,30,0.0,0.0,0.0,0.0,0.0,0.0,1.0,True,1.0
ablation,ablation,opaque_dependency_l6,evaluation_unseen_zero_shot,holdout_score,full_aassr,full_depth2_branch2_mean,30,1.0,1.0,0.0,0.0,0.0,0.0,1.0,True,1.0
ablation,ablation,opaque_dependency_l6,evaluation_unseen_zero_shot,imagined_nodes,full_aassr,full_depth2_branch2_mean,30,0.0,0.0,0.0,0.0,0.0,0.0,1.0,True,1.0
ablation,ablation,opaque_dependency_l6,evaluation_unseen_zero_shot,imagination_depth,full_aassr,full_depth2_branch2_mean,30,0.0,0.0,0.0,0.0,0.0,0.0,1.0,True,1.0
ablation,ablation,opaque_dependency_l6,evaluation_unseen_zero_shot,actual_return,full_aassr,full_depth2_branch2_mean,30,0.0,0.0,0.0,0.0,0.0,0.0,1.0,True,1.0
ablation,ablation,opaque_dependency_l6,evaluation_unseen_zero_shot,runtime_seconds,full_aassr,full_depth2_branch2_mean,30,0.0034980397000035734,0.0036486978499112106,-0.0001506581499076371,-0.00033155466635071204,3.2514166673839383e-05,-0.29260784238238685,0.12104394780260987,True,1.0
ablation,ablation,opaque_dependency_l6,evaluation_unseen_zero_shot,real_transitions,full_aassr,full_depth2_branch2_mean,30,6.0,6.0,0.0,0.0,0.0,0.0,1.0,True,1.0
ablation,ablation,opaque_dependency_l6,evaluation_unseen_zero_shot,imagined_transitions,full_aassr,full_depth2_branch2_mean,30,0.0,0.0,0.0,0.0,0.0,0.0,1.0,True,1.0
ablation,ablation,opaque_dependency_l6,evaluation_unseen_zero_shot,action_proposals,full_aassr,full_depth2_branch2_mean,30,6.0,6.0,0.0,0.0,0.0,0.0,1.0,True,1.0
ablation,ablation,opaque_dependency_l6,evaluation_unseen_zero_shot,repeat_rate,full_aassr,full_depth2_branch2_mean,30,0.0,0.0,0.0,0.0,0.0,0.0,1.0,True,1.0
ablation,ablation,opaque_dependency_l6,evaluation_unseen_zero_shot,error_rate,full_aassr,full_depth2_branch2_mean,30,0.0,0.0,0.0,0.0,0.0,0.0,1.0,True,1.0
ablation,ablation,opaque_dependency_l6,evaluation_unseen_zero_shot,success,full_aassr,full_depth2_branch2_risk-adjusted,30,0.0,0.0,0.0,0.0,0.0,0.0,1.0,True,1.0
ablation,ablation,opaque_dependency_l6,evaluation_unseen_zero_shot,steps,full_aassr,full_depth2_branch2_risk-adjusted,30,6.0,6.0,0.0,0.0,0.0,0.0,1.0,True,1.0
ablation,ablation,opaque_dependency_l6,evaluation_unseen_zero_shot,high_level_steps,full_aassr,full_depth2_branch2_risk-adjusted,30,6.0,6.0,0.0,0.0,0.0,0.0,1.0,True,1.0
ablation,ablation,opaque_dependency_l6,evaluation_unseen_zero_shot,primitive_steps,full_aassr,full_depth2_branch2_risk-adjusted,30,6.0,6.0,0.0,0.0,0.0,0.0,1.0,True,1.0
ablation,ablation,opaque_dependency_l6,evaluation_unseen_zero_shot,reward,full_aassr,full_depth2_branch2_risk-adjusted,30,0.0,0.0,0.0,0.0,0.0,0.0,1.0,True,1.0
ablation,ablation,opaque_dependency_l6,evaluation_unseen_zero_shot,errors,full_aassr,full_depth2_branch2_risk-adjusted,30,0.0,0.0,0.0,0.0,0.0,0.0,1.0,True,1.0
ablation,ablation,opaque_dependency_l6,evaluation_unseen_zero_shot,repeats,full_aassr,full_depth2_branch2_risk-adjusted,30,0.0,0.0,0.0,0.0,0.0,0.0,1.0,True,1.0
ablation,ablation,opaque_dependency_l6,evaluation_unseen_zero_shot,prediction_score,full_aassr,full_depth2_branch2_risk-adjusted,30,0.0,0.0,0.0,0.0,0.0,0.0,1.0,True,1.0
ablation,ablation,opaque_dependency_l6,evaluation_unseen_zero_shot,holdout_score,full_aassr,full_depth2_branch2_risk-adjusted,30,1.0,1.0,0.0,0.0,0.0,0.0,1.0,True,1.0
ablation,ablation,opaque_dependency_l6,evaluation_unseen_zero_shot,imagined_nodes,full_aassr,full_depth2_branch2_risk-adjusted,30,0.0,0.0,0.0,0.0,0.0,0.0,1.0,True,1.0
ablation,ablation,opaque_dependency_l6,evaluation_unseen_zero_shot,imagination_depth,full_aassr,full_depth2_branch2_risk-adjusted,30,0.0,0.0,0.0,0.0,0.0,0.0,1.0,True,1.0
ablation,ablation,opaque_dependency_l6,evaluation_unseen_zero_shot,actual_return,full_aassr,full_depth2_branch2_risk-adjusted,30,0.0,0.0,0.0,0.0,0.0,0.0,1.0,True,1.0
ablation,ablation,opaque_dependency_l6,evaluation_unseen_zero_shot,runtime_seconds,full_aassr,full_depth2_branch2_risk-adjusted,30,0.0034980397000035734,0.0035283600835003506,-3.032038349677661e-05,-0.0002603387333268378,0.00019575434982349772,-0.04637914958315945,0.8043097845107745,True,1.0
ablation,ablation,opaque_dependency_l6,evaluation_unseen_zero_shot,real_transitions,full_aassr,full_depth2_branch2_risk-adjusted,30,6.0,6.0,0.0,0.0,0.0,0.0,1.0,True,1.0
ablation,ablation,opaque_dependency_l6,evaluation_unseen_zero_shot,imagined_transitions,full_aassr,full_depth2_branch2_risk-adjusted,30,0.0,0.0,0.0,0.0,0.0,0.0,1.0,True,1.0
ablation,ablation,opaque_dependency_l6,evaluation_unseen_zero_shot,action_proposals,full_aassr,full_depth2_branch2_risk-adjusted,30,6.0,6.0,0.0,0.0,0.0,0.0,1.0,True,1.0
ablation,ablation,opaque_dependency_l6,evaluation_unseen_zero_shot,repeat_rate,full_aassr,full_depth2_branch2_risk-adjusted,30,0.0,0.0,0.0,0.0,0.0,0.0,1.0,True,1.0
ablation,ablation,opaque_dependency_l6,evaluation_unseen_zero_shot,error_rate,full_aassr,full_depth2_branch2_risk-adjusted,30,0.0,0.0,0.0,0.0,0.0,0.0,1.0,True,1.0
ablation,ablation,opaque_dependency_l6,evaluation_unseen_zero_shot,success,full_aassr,full_depth2_branch4_max,30,0.0,0.0,0.0,0.0,0.0,0.0,1.0,True,1.0
ablation,ablation,opaque_dependency_l6,evaluation_unseen_zero_shot,steps,full_aassr,full_depth2_branch4_max,30,6.0,6.0,0.0,0.0,0.0,0.0,1.0,True,1.0
ablation,ablation,opaque_dependency_l6,evaluation_unseen_zero_shot,high_level_steps,full_aassr,full_depth2_branch4_max,30,6.0,6.0,0.0,0.0,0.0,0.0,1.0,True,1.0
ablation,ablation,opaque_dependency_l6,evaluation_unseen_zero_shot,primitive_steps,full_aassr,full_depth2_branch4_max,30,6.0,6.0,0.0,0.0,0.0,0.0,1.0,True,1.0
ablation,ablation,opaque_dependency_l6,evaluation_unseen_zero_shot,reward,full_aassr,full_depth2_branch4_max,30,0.0,0.0,0.0,0.0,0.0,0.0,1.0,True,1.0
ablation,ablation,opaque_dependency_l6,evaluation_unseen_zero_shot,errors,full_aassr,full_depth2_branch4_max,30,0.0,0.0,0.0,0.0,0.0,0.0,1.0,True,1.0
ablation,ablation,opaque_dependency_l6,evaluation_unseen_zero_shot,repeats,full_aassr,full_depth2_branch4_max,30,0.0,0.0,0.0,0.0,0.0,0.0,1.0,True,1.0
ablation,ablation,opaque_dependency_l6,evaluation_unseen_zero_shot,prediction_score,full_aassr,full_depth2_branch4_max,30,0.0,0.0,0.0,0.0,0.0,0.0,1.0,True,1.0
ablation,ablation,opaque_dependency_l6,evaluation_unseen_zero_shot,holdout_score,full_aassr,full_depth2_branch4_max,30,1.0,1.0,0.0,0.0,0.0,0.0,1.0,True,1.0
ablation,ablation,opaque_dependency_l6,evaluation_unseen_zero_shot,imagined_nodes,full_aassr,full_depth2_branch4_max,30,0.0,0.0,0.0,0.0,0.0,0.0,1.0,True,1.0
ablation,ablation,opaque_dependency_l6,evaluation_unseen_zero_shot,imagination_depth,full_aassr,full_depth2_branch4_max,30,0.0,0.0,0.0,0.0,0.0,0.0,1.0,True,1.0
ablation,ablation,opaque_dependency_l6,evaluation_unseen_zero_shot,actual_return,full_aassr,full_depth2_branch4_max,30,0.0,0.0,0.0,0.0,0.0,0.0,1.0,True,1.0
ablation,ablation,opaque_dependency_l6,evaluation_unseen_zero_shot,runtime_seconds,full_aassr,full_depth2_branch4_max,30,0.0034980397000035734,0.003590560033262591,-9.25203332590172e-05,-0.00033535201698153583,0.0001460306832984012,-0.1372446649278324,0.45262736863156844,True,1.0
ablation,ablation,opaque_dependency_l6,evaluation_unseen_zero_shot,real_transitions,full_aassr,full_depth2_branch4_max,30,6.0,6.0,0.0,0.0,0.0,0.0,1.0,True,1.0
ablation,ablation,opaque_dependency_l6,evaluation_unseen_zero_shot,imagined_transitions,full_aassr,full_depth2_branch4_max,30,0.0,0.0,0.0,0.0,0.0,0.0,1.0,True,1.0
ablation,ablation,opaque_dependency_l6,evaluation_unseen_zero_shot,action_proposals,full_aassr,full_depth2_branch4_max,30,6.0,6.0,0.0,0.0,0.0,0.0,1.0,True,1.0
ablation,ablation,opaque_dependency_l6,evaluation_unseen_zero_shot,repeat_rate,full_aassr,full_depth2_branch4_max,30,0.0,0.0,0.0,0.0,0.0,0.0,1.0,True,1.0
ablation,ablation,opaque_dependency_l6,evaluation_unseen_zero_shot,error_rate,full_aassr,full_depth2_branch4_max,30,0.0,0.0,0.0,0.0,0.0,0.0,1.0,True,1.0
ablation,ablation,opaque_dependency_l6,evaluation_unseen_zero_shot,success,full_aassr,full_depth2_branch4_mean,30,0.0,0.0,0.0,0.0,0.0,0.0,1.0,True,1.0
ablation,ablation,opaque_dependency_l6,evaluation_unseen_zero_shot,steps,full_aassr,full_depth2_branch4_mean,30,6.0,6.0,0.0,0.0,0.0,0.0,1.0,True,1.0
ablation,ablation,opaque_dependency_l6,evaluation_unseen_zero_shot,high_level_steps,full_aassr,full_depth2_branch4_mean,30,6.0,6.0,0.0,0.0,0.0,0.0,1.0,True,1.0
ablation,ablation,opaque_dependency_l6,evaluation_unseen_zero_shot,primitive_steps,full_aassr,full_depth2_branch4_mean,30,6.0,6.0,0.0,0.0,0.0,0.0,1.0,True,1.0
ablation,ablation,opaque_dependency_l6,evaluation_unseen_zero_shot,reward,full_aassr,full_depth2_branch4_mean,30,0.0,0.0,0.0,0.0,0.0,0.0,1.0,True,1.0
ablation,ablation,opaque_dependency_l6,evaluation_unseen_zero_shot,errors,full_aassr,full_depth2_branch4_mean,30,0.0,0.0,0.0,0.0,0.0,0.0,1.0,True,1.0
ablation,ablation,opaque_dependency_l6,evaluation_unseen_zero_shot,repeats,full_aassr,full_depth2_branch4_mean,30,0.0,0.0,0.0,0.0,0.0,0.0,1.0,True,1.0
ablation,ablation,opaque_dependency_l6,evaluation_unseen_zero_shot,prediction_score,full_aassr,full_depth2_branch4_mean,30,0.0,0.0,0.0,0.0,0.0,0.0,1.0,True,1.0
ablation,ablation,opaque_dependency_l6,evaluation_unseen_zero_shot,holdout_score,full_aassr,full_depth2_branch4_mean,30,1.0,1.0,0.0,0.0,0.0,0.0,1.0,True,1.0
ablation,ablation,opaque_dependency_l6,evaluation_unseen_zero_shot,imagined_nodes,full_aassr,full_depth2_branch4_mean,30,0.0,0.0,0.0,0.0,0.0,0.0,1.0,True,1.0
ablation,ablation,opaque_dependency_l6,evaluation_unseen_zero_shot,imagination_depth,full_aassr,full_depth2_branch4_mean,30,0.0,0.0,0.0,0.0,0.0,0.0,1.0,True,1.0
ablation,ablation,opaque_dependency_l6,evaluation_unseen_zero_shot,actual_return,full_aassr,full_depth2_branch4_mean,30,0.0,0.0,0.0,0.0,0.0,0.0,1.0,True,1.0
ablation,ablation,opaque_dependency_l6,evaluation_unseen_zero_shot,runtime_seconds,full_aassr,full_depth2_branch4_mean,30,0.0034980397000035734,0.0036719878832712615,-0.00017394818326768778,-0.0004215589832116772,7.980708360749597e-05,-0.23917980561142532,0.20118994050297484,True,1.0
ablation,ablation,opaque_dependency_l6,evaluation_unseen_zero_shot,real_transitions,full_aassr,full_depth2_branch4_mean,30,6.0,6.0,0.0,0.0,0.0,0.0,1.0,True,1.0
ablation,ablation,opaque_dependency_l6,evaluation_unseen_zero_shot,imagined_transitions,full_aassr,full_depth2_branch4_mean,30,0.0,0.0,0.0,0.0,0.0,0.0,1.0,True,1.0
ablation,ablation,opaque_dependency_l6,evaluation_unseen_zero_shot,action_proposals,full_aassr,full_depth2_branch4_mean,30,6.0,6.0,0.0,0.0,0.0,0.0,1.0,True,1.0
ablation,ablation,opaque_dependency_l6,evaluation_unseen_zero_shot,repeat_rate,full_aassr,full_depth2_branch4_mean,30,0.0,0.0,0.0,0.0,0.0,0.0,1.0,True,1.0
ablation,ablation,opaque_dependency_l6,evaluation_unseen_zero_shot,error_rate,full_aassr,full_depth2_branch4_mean,30,0.0,0.0,0.0,0.0,0.0,0.0,1.0,True,1.0
ablation,ablation,opaque_dependency_l6,evaluation_unseen_zero_shot,success,full_aassr,full_depth2_branch4_risk-adjusted,30,0.0,0.0,0.0,0.0,0.0,0.0,1.0,True,1.0
ablation,ablation,opaque_dependency_l6,evaluation_unseen_zero_shot,steps,full_aassr,full_depth2_branch4_risk-adjusted,30,6.0,6.0,0.0,0.0,0.0,0.0,1.0,True,1.0
ablation,ablation,opaque_dependency_l6,evaluation_unseen_zero_shot,high_level_steps,full_aassr,full_depth2_branch4_risk-adjusted,30,6.0,6.0,0.0,0.0,0.0,0.0,1.0,True,1.0
ablation,ablation,opaque_dependency_l6,evaluation_unseen_zero_shot,primitive_steps,full_aassr,full_depth2_branch4_risk-adjusted,30,6.0,6.0,0.0,0.0,0.0,0.0,1.0,True,1.0
ablation,ablation,opaque_dependency_l6,evaluation_unseen_zero_shot,reward,full_aassr,full_depth2_branch4_risk-adjusted,30,0.0,0.0,0.0,0.0,0.0,0.0,1.0,True,1.0
ablation,ablation,opaque_dependency_l6,evaluation_unseen_zero_shot,errors,full_aassr,full_depth2_branch4_risk-adjusted,30,0.0,0.0,0.0,0.0,0.0,0.0,1.0,True,1.0
ablation,ablation,opaque_dependency_l6,evaluation_unseen_zero_shot,repeats,full_aassr,full_depth2_branch4_risk-adjusted,30,0.0,0.0,0.0,0.0,0.0,0.0,1.0,True,1.0
ablation,ablation,opaque_dependency_l6,evaluation_unseen_zero_shot,prediction_score,full_aassr,full_depth2_branch4_risk-adjusted,30,0.0,0.0,0.0,0.0,0.0,0.0,1.0,True,1.0
ablation,ablation,opaque_dependency_l6,evaluation_unseen_zero_shot,holdout_score,full_aassr,full_depth2_branch4_risk-adjusted,30,1.0,1.0,0.0,0.0,0.0,0.0,1.0,True,1.0
ablation,ablation,opaque_dependency_l6,evaluation_unseen_zero_shot,imagined_nodes,full_aassr,full_depth2_branch4_risk-adjusted,30,0.0,0.0,0.0,0.0,0.0,0.0,1.0,True,1.0
ablation,ablation,opaque_dependency_l6,evaluation_unseen_zero_shot,imagination_depth,full_aassr,full_depth2_branch4_risk-adjusted,30,0.0,0.0,0.0,0.0,0.0,0.0,1.0,True,1.0
ablation,ablation,opaque_dependency_l6,evaluation_unseen_zero_shot,actual_return,full_aassr,full_depth2_branch4_risk-adjusted,30,0.0,0.0,0.0,0.0,0.0,0.0,1.0,True,1.0
ablation,ablation,opaque_dependency_l6,evaluation_unseen_zero_shot,runtime_seconds,full_aassr,full_depth2_branch4_risk-adjusted,30,0.0034980397000035734,0.0035108849332415653,-1.2845233237991754e-05,-0.00025309666670121563,0.00022914948373606116,-0.01830840643390195,0.9215039248037599,True,1.0
ablation,ablation,opaque_dependency_l6,evaluation_unseen_zero_shot,real_transitions,full_aassr,full_depth2_branch4_risk-adjusted,30,6.0,6.0,0.0,0.0,0.0,0.0,1.0,True,1.0
ablation,ablation,opaque_dependency_l6,evaluation_unseen_zero_shot,imagined_transitions,full_aassr,full_depth2_branch4_risk-adjusted,30,0.0,0.0,0.0,0.0,0.0,0.0,1.0,True,1.0
ablation,ablation,opaque_dependency_l6,evaluation_unseen_zero_shot,action_proposals,full_aassr,full_depth2_branch4_risk-adjusted,30,6.0,6.0,0.0,0.0,0.0,0.0,1.0,True,1.0
ablation,ablation,opaque_dependency_l6,evaluation_unseen_zero_shot,repeat_rate,full_aassr,full_depth2_branch4_risk-adjusted,30,0.0,0.0,0.0,0.0,0.0,0.0,1.0,True,1.0
ablation,ablation,opaque_dependency_l6,evaluation_unseen_zero_shot,error_rate,full_aassr,full_depth2_branch4_risk-adjusted,30,0.0,0.0,0.0,0.0,0.0,0.0,1.0,True,1.0
ablation,ablation,opaque_dependency_l6,evaluation_unseen_zero_shot,success,full_aassr,full_depth4_branch1_max,30,0.0,0.0,0.0,0.0,0.0,0.0,1.0,True,1.0
ablation,ablation,opaque_dependency_l6,evaluation_unseen_zero_shot,steps,full_aassr,full_depth4_branch1_max,30,6.0,6.0,0.0,0.0,0.0,0.0,1.0,True,1.0
ablation,ablation,opaque_dependency_l6,evaluation_unseen_zero_shot,high_level_steps,full_aassr,full_depth4_branch1_max,30,6.0,6.0,0.0,0.0,0.0,0.0,1.0,True,1.0
ablation,ablation,opaque_dependency_l6,evaluation_unseen_zero_shot,primitive_steps,full_aassr,full_depth4_branch1_max,30,6.0,6.0,0.0,0.0,0.0,0.0,1.0,True,1.0
ablation,ablation,opaque_dependency_l6,evaluation_unseen_zero_shot,reward,full_aassr,full_depth4_branch1_max,30,0.0,0.0,0.0,0.0,0.0,0.0,1.0,True,1.0
ablation,ablation,opaque_dependency_l6,evaluation_unseen_zero_shot,errors,full_aassr,full_depth4_branch1_max,30,0.0,0.0,0.0,0.0,0.0,0.0,1.0,True,1.0
ablation,ablation,opaque_dependency_l6,evaluation_unseen_zero_shot,repeats,full_aassr,full_depth4_branch1_max,30,0.0,0.0,0.0,0.0,0.0,0.0,1.0,True,1.0
ablation,ablation,opaque_dependency_l6,evaluation_unseen_zero_shot,prediction_score,full_aassr,full_depth4_branch1_max,30,0.0,0.0,0.0,0.0,0.0,0.0,1.0,True,1.0
ablation,ablation,opaque_dependency_l6,evaluation_unseen_zero_shot,holdout_score,full_aassr,full_depth4_branch1_max,30,1.0,1.0,0.0,0.0,0.0,0.0,1.0,True,1.0
ablation,ablation,opaque_dependency_l6,evaluation_unseen_zero_shot,imagined_nodes,full_aassr,full_depth4_branch1_max,30,0.0,0.0,0.0,0.0,0.0,0.0,1.0,True,1.0
ablation,ablation,opaque_dependency_l6,evaluation_unseen_zero_shot,imagination_depth,full_aassr,full_depth4_branch1_max,30,0.0,0.0,0.0,0.0,0.0,0.0,1.0,True,1.0
ablation,ablation,opaque_dependency_l6,evaluation_unseen_zero_shot,actual_return,full_aassr,full_depth4_branch1_max,30,0.0,0.0,0.0,0.0,0.0,0.0,1.0,True,1.0
ablation,ablation,opaque_dependency_l6,evaluation_unseen_zero_shot,runtime_seconds,full_aassr,full_depth4_branch1_max,30,0.0034980397000035734,0.0035320136331623265,-3.397393315875288e-05,-0.00026300830003553235,0.00019884540028094,-0.051684649327446146,0.7802609869506525,True,1.0
ablation,ablation,opaque_dependency_l6,evaluation_unseen_zero_shot,real_transitions,full_aassr,full_depth4_branch1_max,30,6.0,6.0,0.0,0.0,0.0,0.0,1.0,True,1.0
ablation,ablation,opaque_dependency_l6,evaluation_unseen_zero_shot,imagined_transitions,full_aassr,full_depth4_branch1_max,30,0.0,0.0,0.0,0.0,0.0,0.0,1.0,True,1.0
ablation,ablation,opaque_dependency_l6,evaluation_unseen_zero_shot,action_proposals,full_aassr,full_depth4_branch1_max,30,6.0,6.0,0.0,0.0,0.0,0.0,1.0,True,1.0
ablation,ablation,opaque_dependency_l6,evaluation_unseen_zero_shot,repeat_rate,full_aassr,full_depth4_branch1_max,30,0.0,0.0,0.0,0.0,0.0,0.0,1.0,True,1.0
ablation,ablation,opaque_dependency_l6,evaluation_unseen_zero_shot,error_rate,full_aassr,full_depth4_branch1_max,30,0.0,0.0,0.0,0.0,0.0,0.0,1.0,True,1.0
ablation,ablation,opaque_dependency_l6,evaluation_unseen_zero_shot,success,full_aassr,full_depth4_branch1_mean,30,0.0,0.0,0.0,0.0,0.0,0.0,1.0,True,1.0
ablation,ablation,opaque_dependency_l6,evaluation_unseen_zero_shot,steps,full_aassr,full_depth4_branch1_mean,30,6.0,6.0,0.0,0.0,0.0,0.0,1.0,True,1.0
ablation,ablation,opaque_dependency_l6,evaluation_unseen_zero_shot,high_level_steps,full_aassr,full_depth4_branch1_mean,30,6.0,6.0,0.0,0.0,0.0,0.0,1.0,True,1.0
ablation,ablation,opaque_dependency_l6,evaluation_unseen_zero_shot,primitive_steps,full_aassr,full_depth4_branch1_mean,30,6.0,6.0,0.0,0.0,0.0,0.0,1.0,True,1.0
ablation,ablation,opaque_dependency_l6,evaluation_unseen_zero_shot,reward,full_aassr,full_depth4_branch1_mean,30,0.0,0.0,0.0,0.0,0.0,0.0,1.0,True,1.0
ablation,ablation,opaque_dependency_l6,evaluation_unseen_zero_shot,errors,full_aassr,full_depth4_branch1_mean,30,0.0,0.0,0.0,0.0,0.0,0.0,1.0,True,1.0
ablation,ablation,opaque_dependency_l6,evaluation_unseen_zero_shot,repeats,full_aassr,full_depth4_branch1_mean,30,0.0,0.0,0.0,0.0,0.0,0.0,1.0,True,1.0
ablation,ablation,opaque_dependency_l6,evaluation_unseen_zero_shot,prediction_score,full_aassr,full_depth4_branch1_mean,30,0.0,0.0,0.0,0.0,0.0,0.0,1.0,True,1.0
ablation,ablation,opaque_dependency_l6,evaluation_unseen_zero_shot,holdout_score,full_aassr,full_depth4_branch1_mean,30,1.0,1.0,0.0,0.0,0.0,0.0,1.0,True,1.0
ablation,ablation,opaque_dependency_l6,evaluation_unseen_zero_shot,imagined_nodes,full_aassr,full_depth4_branch1_mean,30,0.0,0.0,0.0,0.0,0.0,0.0,1.0,True,1.0
ablation,ablation,opaque_dependency_l6,evaluation_unseen_zero_shot,imagination_depth,full_aassr,full_depth4_branch1_mean,30,0.0,0.0,0.0,0.0,0.0,0.0,1.0,True,1.0
ablation,ablation,opaque_dependency_l6,evaluation_unseen_zero_shot,actual_return,full_aassr,full_depth4_branch1_mean,30,0.0,0.0,0.0,0.0,0.0,0.0,1.0,True,1.0
ablation,ablation,opaque_dependency_l6,evaluation_unseen_zero_shot,runtime_seconds,full_aassr,full_depth4_branch1_mean,30,0.0034980397000035734,0.0035575508002366404,-5.951110023306688e-05,-0.0003232031836960232,0.0001902834999054902,-0.0837128366665586,0.6505174741262937,True,1.0
ablation,ablation,opaque_dependency_l6,evaluation_unseen_zero_shot,real_transitions,full_aassr,full_depth4_branch1_mean,30,6.0,6.0,0.0,0.0,0.0,0.0,1.0,True,1.0
ablation,ablation,opaque_dependency_l6,evaluation_unseen_zero_shot,imagined_transitions,full_aassr,full_depth4_branch1_mean,30,0.0,0.0,0.0,0.0,0.0,0.0,1.0,True,1.0
ablation,ablation,opaque_dependency_l6,evaluation_unseen_zero_shot,action_proposals,full_aassr,full_depth4_branch1_mean,30,6.0,6.0,0.0,0.0,0.0,0.0,1.0,True,1.0
ablation,ablation,opaque_dependency_l6,evaluation_unseen_zero_shot,repeat_rate,full_aassr,full_depth4_branch1_mean,30,0.0,0.0,0.0,0.0,0.0,0.0,1.0,True,1.0
ablation,ablation,opaque_dependency_l6,evaluation_unseen_zero_shot,error_rate,full_aassr,full_depth4_branch1_mean,30,0.0,0.0,0.0,0.0,0.0,0.0,1.0,True,1.0
ablation,ablation,opaque_dependency_l6,evaluation_unseen_zero_shot,success,full_aassr,full_depth4_branch1_risk-adjusted,30,0.0,0.0,0.0,0.0,0.0,0.0,1.0,True,1.0
ablation,ablation,opaque_dependency_l6,evaluation_unseen_zero_shot,steps,full_aassr,full_depth4_branch1_risk-adjusted,30,6.0,6.0,0.0,0.0,0.0,0.0,1.0,True,1.0
ablation,ablation,opaque_dependency_l6,evaluation_unseen_zero_shot,high_level_steps,full_aassr,full_depth4_branch1_risk-adjusted,30,6.0,6.0,0.0,0.0,0.0,0.0,1.0,True,1.0
ablation,ablation,opaque_dependency_l6,evaluation_unseen_zero_shot,primitive_steps,full_aassr,full_depth4_branch1_risk-adjusted,30,6.0,6.0,0.0,0.0,0.0,0.0,1.0,True,1.0
ablation,ablation,opaque_dependency_l6,evaluation_unseen_zero_shot,reward,full_aassr,full_depth4_branch1_risk-adjusted,30,0.0,0.0,0.0,0.0,0.0,0.0,1.0,True,1.0
ablation,ablation,opaque_dependency_l6,evaluation_unseen_zero_shot,errors,full_aassr,full_depth4_branch1_risk-adjusted,30,0.0,0.0,0.0,0.0,0.0,0.0,1.0,True,1.0
ablation,ablation,opaque_dependency_l6,evaluation_unseen_zero_shot,repeats,full_aassr,full_depth4_branch1_risk-adjusted,30,0.0,0.0,0.0,0.0,0.0,0.0,1.0,True,1.0
ablation,ablation,opaque_dependency_l6,evaluation_unseen_zero_shot,prediction_score,full_aassr,full_depth4_branch1_risk-adjusted,30,0.0,0.0,0.0,0.0,0.0,0.0,1.0,True,1.0
ablation,ablation,opaque_dependency_l6,evaluation_unseen_zero_shot,holdout_score,full_aassr,full_depth4_branch1_risk-adjusted,30,1.0,1.0,0.0,0.0,0.0,0.0,1.0,True,1.0
ablation,ablation,opaque_dependency_l6,evaluation_unseen_zero_shot,imagined_nodes,full_aassr,full_depth4_branch1_risk-adjusted,30,0.0,0.0,0.0,0.0,0.0,0.0,1.0,True,1.0
ablation,ablation,opaque_dependency_l6,evaluation_unseen_zero_shot,imagination_depth,full_aassr,full_depth4_branch1_risk-adjusted,30,0.0,0.0,0.0,0.0,0.0,0.0,1.0,True,1.0
ablation,ablation,opaque_dependency_l6,evaluation_unseen_zero_shot,actual_return,full_aassr,full_depth4_branch1_risk-adjusted,30,0.0,0.0,0.0,0.0,0.0,0.0,1.0,True,1.0
ablation,ablation,opaque_dependency_l6,evaluation_unseen_zero_shot,runtime_seconds,full_aassr,full_depth4_branch1_risk-adjusted,30,0.0034980397000035734,0.0035969282167206983,-9.888851671712477e-05,-0.0003600786498864182,0.00016750043311427955,-0.1311721067479726,0.4782260886955652,True,1.0
ablation,ablation,opaque_dependency_l6,evaluation_unseen_zero_shot,real_transitions,full_aassr,full_depth4_branch1_risk-adjusted,30,6.0,6.0,0.0,0.0,0.0,0.0,1.0,True,1.0
ablation,ablation,opaque_dependency_l6,evaluation_unseen_zero_shot,imagined_transitions,full_aassr,full_depth4_branch1_risk-adjusted,30,0.0,0.0,0.0,0.0,0.0,0.0,1.0,True,1.0
ablation,ablation,opaque_dependency_l6,evaluation_unseen_zero_shot,action_proposals,full_aassr,full_depth4_branch1_risk-adjusted,30,6.0,6.0,0.0,0.0,0.0,0.0,1.0,True,1.0
ablation,ablation,opaque_dependency_l6,evaluation_unseen_zero_shot,repeat_rate,full_aassr,full_depth4_branch1_risk-adjusted,30,0.0,0.0,0.0,0.0,0.0,0.0,1.0,True,1.0
ablation,ablation,opaque_dependency_l6,evaluation_unseen_zero_shot,error_rate,full_aassr,full_depth4_branch1_risk-adjusted,30,0.0,0.0,0.0,0.0,0.0,0.0,1.0,True,1.0
ablation,ablation,opaque_dependency_l6,evaluation_unseen_zero_shot,success,full_aassr,full_depth4_branch2_max,30,0.0,0.0,0.0,0.0,0.0,0.0,1.0,True,1.0
ablation,ablation,opaque_dependency_l6,evaluation_unseen_zero_shot,steps,full_aassr,full_depth4_branch2_max,30,6.0,6.0,0.0,0.0,0.0,0.0,1.0,True,1.0
ablation,ablation,opaque_dependency_l6,evaluation_unseen_zero_shot,high_level_steps,full_aassr,full_depth4_branch2_max,30,6.0,6.0,0.0,0.0,0.0,0.0,1.0,True,1.0
ablation,ablation,opaque_dependency_l6,evaluation_unseen_zero_shot,primitive_steps,full_aassr,full_depth4_branch2_max,30,6.0,6.0,0.0,0.0,0.0,0.0,1.0,True,1.0
ablation,ablation,opaque_dependency_l6,evaluation_unseen_zero_shot,reward,full_aassr,full_depth4_branch2_max,30,0.0,0.0,0.0,0.0,0.0,0.0,1.0,True,1.0
ablation,ablation,opaque_dependency_l6,evaluation_unseen_zero_shot,errors,full_aassr,full_depth4_branch2_max,30,0.0,0.0,0.0,0.0,0.0,0.0,1.0,True,1.0
ablation,ablation,opaque_dependency_l6,evaluation_unseen_zero_shot,repeats,full_aassr,full_depth4_branch2_max,30,0.0,0.0,0.0,0.0,0.0,0.0,1.0,True,1.0
ablation,ablation,opaque_dependency_l6,evaluation_unseen_zero_shot,prediction_score,full_aassr,full_depth4_branch2_max,30,0.0,0.0,0.0,0.0,0.0,0.0,1.0,True,1.0
ablation,ablation,opaque_dependency_l6,evaluation_unseen_zero_shot,holdout_score,full_aassr,full_depth4_branch2_max,30,1.0,1.0,0.0,0.0,0.0,0.0,1.0,True,1.0
ablation,ablation,opaque_dependency_l6,evaluation_unseen_zero_shot,imagined_nodes,full_aassr,full_depth4_branch2_max,30,0.0,0.0,0.0,0.0,0.0,0.0,1.0,True,1.0
ablation,ablation,opaque_dependency_l6,evaluation_unseen_zero_shot,imagination_depth,full_aassr,full_depth4_branch2_max,30,0.0,0.0,0.0,0.0,0.0,0.0,1.0,True,1.0
ablation,ablation,opaque_dependency_l6,evaluation_unseen_zero_shot,actual_return,full_aassr,full_depth4_branch2_max,30,0.0,0.0,0.0,0.0,0.0,0.0,1.0,True,1.0
ablation,ablation,opaque_dependency_l6,evaluation_unseen_zero_shot,runtime_seconds,full_aassr,full_depth4_branch2_max,30,0.0034980397000035734,0.0033935195167044485,0.00010452018329912484,-0.00014276039957864366,0.0003577854333464832,0.1435890342935274,0.4335283235838208,True,1.0
ablation,ablation,opaque_dependency_l6,evaluation_unseen_zero_shot,real_transitions,full_aassr,full_depth4_branch2_max,30,6.0,6.0,0.0,0.0,0.0,0.0,1.0,True,1.0
ablation,ablation,opaque_dependency_l6,evaluation_unseen_zero_shot,imagined_transitions,full_aassr,full_depth4_branch2_max,30,0.0,0.0,0.0,0.0,0.0,0.0,1.0,True,1.0
ablation,ablation,opaque_dependency_l6,evaluation_unseen_zero_shot,action_proposals,full_aassr,full_depth4_branch2_max,30,6.0,6.0,0.0,0.0,0.0,0.0,1.0,True,1.0
ablation,ablation,opaque_dependency_l6,evaluation_unseen_zero_shot,repeat_rate,full_aassr,full_depth4_branch2_max,30,0.0,0.0,0.0,0.0,0.0,0.0,1.0,True,1.0
ablation,ablation,opaque_dependency_l6,evaluation_unseen_zero_shot,error_rate,full_aassr,full_depth4_branch2_max,30,0.0,0.0,0.0,0.0,0.0,0.0,1.0,True,1.0
ablation,ablation,opaque_dependency_l6,evaluation_unseen_zero_shot,success,full_aassr,full_depth4_branch2_mean,30,0.0,0.0,0.0,0.0,0.0,0.0,1.0,True,1.0
ablation,ablation,opaque_dependency_l6,evaluation_unseen_zero_shot,steps,full_aassr,full_depth4_branch2_mean,30,6.0,6.0,0.0,0.0,0.0,0.0,1.0,True,1.0
ablation,ablation,opaque_dependency_l6,evaluation_unseen_zero_shot,high_level_steps,full_aassr,full_depth4_branch2_mean,30,6.0,6.0,0.0,0.0,0.0,0.0,1.0,True,1.0
ablation,ablation,opaque_dependency_l6,evaluation_unseen_zero_shot,primitive_steps,full_aassr,full_depth4_branch2_mean,30,6.0,6.0,0.0,0.0,0.0,0.0,1.0,True,1.0
ablation,ablation,opaque_dependency_l6,evaluation_unseen_zero_shot,reward,full_aassr,full_depth4_branch2_mean,30,0.0,0.0,0.0,0.0,0.0,0.0,1.0,True,1.0
ablation,ablation,opaque_dependency_l6,evaluation_unseen_zero_shot,errors,full_aassr,full_depth4_branch2_mean,30,0.0,0.0,0.0,0.0,0.0,0.0,1.0,True,1.0
ablation,ablation,opaque_dependency_l6,evaluation_unseen_zero_shot,repeats,full_aassr,full_depth4_branch2_mean,30,0.0,0.0,0.0,0.0,0.0,0.0,1.0,True,1.0
ablation,ablation,opaque_dependency_l6,evaluation_unseen_zero_shot,prediction_score,full_aassr,full_depth4_branch2_mean,30,0.0,0.0,0.0,0.0,0.0,0.0,1.0,True,1.0
ablation,ablation,opaque_dependency_l6,evaluation_unseen_zero_shot,holdout_score,full_aassr,full_depth4_branch2_mean,30,1.0,1.0,0.0,0.0,0.0,0.0,1.0,True,1.0
ablation,ablation,opaque_dependency_l6,evaluation_unseen_zero_shot,imagined_nodes,full_aassr,full_depth4_branch2_mean,30,0.0,0.0,0.0,0.0,0.0,0.0,1.0,True,1.0
ablation,ablation,opaque_dependency_l6,evaluation_unseen_zero_shot,imagination_depth,full_aassr,full_depth4_branch2_mean,30,0.0,0.0,0.0,0.0,0.0,0.0,1.0,True,1.0
ablation,ablation,opaque_dependency_l6,evaluation_unseen_zero_shot,actual_return,full_aassr,full_depth4_branch2_mean,30,0.0,0.0,0.0,0.0,0.0,0.0,1.0,True,1.0
ablation,ablation,opaque_dependency_l6,evaluation_unseen_zero_shot,runtime_seconds,full_aassr,full_depth4_branch2_mean,30,0.0034980397000035734,0.003418196800116372,7.98428998872016e-05,-0.00018228848297439983,0.00032610328281104244,0.11047705036581065,0.5430228488575571,True,1.0
ablation,ablation,opaque_dependency_l6,evaluation_unseen_zero_shot,real_transitions,full_aassr,full_depth4_branch2_mean,30,6.0,6.0,0.0,0.0,0.0,0.0,1.0,True,1.0
ablation,ablation,opaque_dependency_l6,evaluation_unseen_zero_shot,imagined_transitions,full_aassr,full_depth4_branch2_mean,30,0.0,0.0,0.0,0.0,0.0,0.0,1.0,True,1.0
ablation,ablation,opaque_dependency_l6,evaluation_unseen_zero_shot,action_proposals,full_aassr,full_depth4_branch2_mean,30,6.0,6.0,0.0,0.0,0.0,0.0,1.0,True,1.0
ablation,ablation,opaque_dependency_l6,evaluation_unseen_zero_shot,repeat_rate,full_aassr,full_depth4_branch2_mean,30,0.0,0.0,0.0,0.0,0.0,0.0,1.0,True,1.0
ablation,ablation,opaque_dependency_l6,evaluation_unseen_zero_shot,error_rate,full_aassr,full_depth4_branch2_mean,30,0.0,0.0,0.0,0.0,0.0,0.0,1.0,True,1.0
ablation,ablation,opaque_dependency_l6,evaluation_unseen_zero_shot,success,full_aassr,full_depth4_branch2_risk-adjusted,30,0.0,0.0,0.0,0.0,0.0,0.0,1.0,True,1.0
ablation,ablation,opaque_dependency_l6,evaluation_unseen_zero_shot,steps,full_aassr,full_depth4_branch2_risk-adjusted,30,6.0,6.0,0.0,0.0,0.0,0.0,1.0,True,1.0
ablation,ablation,opaque_dependency_l6,evaluation_unseen_zero_shot,high_level_steps,full_aassr,full_depth4_branch2_risk-adjusted,30,6.0,6.0,0.0,0.0,0.0,0.0,1.0,True,1.0
ablation,ablation,opaque_dependency_l6,evaluation_unseen_zero_shot,primitive_steps,full_aassr,full_depth4_branch2_risk-adjusted,30,6.0,6.0,0.0,0.0,0.0,0.0,1.0,True,1.0
ablation,ablation,opaque_dependency_l6,evaluation_unseen_zero_shot,reward,full_aassr,full_depth4_branch2_risk-adjusted,30,0.0,0.0,0.0,0.0,0.0,0.0,1.0,True,1.0
ablation,ablation,opaque_dependency_l6,evaluation_unseen_zero_shot,errors,full_aassr,full_depth4_branch2_risk-adjusted,30,0.0,0.0,0.0,0.0,0.0,0.0,1.0,True,1.0
ablation,ablation,opaque_dependency_l6,evaluation_unseen_zero_shot,repeats,full_aassr,full_depth4_branch2_risk-adjusted,30,0.0,0.0,0.0,0.0,0.0,0.0,1.0,True,1.0
ablation,ablation,opaque_dependency_l6,evaluation_unseen_zero_shot,prediction_score,full_aassr,full_depth4_branch2_risk-adjusted,30,0.0,0.0,0.0,0.0,0.0,0.0,1.0,True,1.0
ablation,ablation,opaque_dependency_l6,evaluation_unseen_zero_shot,holdout_score,full_aassr,full_depth4_branch2_risk-adjusted,30,1.0,1.0,0.0,0.0,0.0,0.0,1.0,True,1.0
ablation,ablation,opaque_dependency_l6,evaluation_unseen_zero_shot,imagined_nodes,full_aassr,full_depth4_branch2_risk-adjusted,30,0.0,0.0,0.0,0.0,0.0,0.0,1.0,True,1.0
ablation,ablation,opaque_dependency_l6,evaluation_unseen_zero_shot,imagination_depth,full_aassr,full_depth4_branch2_risk-adjusted,30,0.0,0.0,0.0,0.0,0.0,0.0,1.0,True,1.0
ablation,ablation,opaque_dependency_l6,evaluation_unseen_zero_shot,actual_return,full_aassr,full_depth4_branch2_risk-adjusted,30,0.0,0.0,0.0,0.0,0.0,0.0,1.0,True,1.0
ablation,ablation,opaque_dependency_l6,evaluation_unseen_zero_shot,runtime_seconds,full_aassr,full_depth4_branch2_risk-adjusted,30,0.0034980397000035734,0.0033389218833035556,0.00015911781670001796,-0.00011760051646463889,0.0004277608331855542,0.20307597524273627,0.27333633318334083,True,1.0
ablation,ablation,opaque_dependency_l6,evaluation_unseen_zero_shot,real_transitions,full_aassr,full_depth4_branch2_risk-adjusted,30,6.0,6.0,0.0,0.0,0.0,0.0,1.0,True,1.0
ablation,ablation,opaque_dependency_l6,evaluation_unseen_zero_shot,imagined_transitions,full_aassr,full_depth4_branch2_risk-adjusted,30,0.0,0.0,0.0,0.0,0.0,0.0,1.0,True,1.0
ablation,ablation,opaque_dependency_l6,evaluation_unseen_zero_shot,action_proposals,full_aassr,full_depth4_branch2_risk-adjusted,30,6.0,6.0,0.0,0.0,0.0,0.0,1.0,True,1.0
ablation,ablation,opaque_dependency_l6,evaluation_unseen_zero_shot,repeat_rate,full_aassr,full_depth4_branch2_risk-adjusted,30,0.0,0.0,0.0,0.0,0.0,0.0,1.0,True,1.0
ablation,ablation,opaque_dependency_l6,evaluation_unseen_zero_shot,error_rate,full_aassr,full_depth4_branch2_risk-adjusted,30,0.0,0.0,0.0,0.0,0.0,0.0,1.0,True,1.0
ablation,ablation,opaque_dependency_l6,evaluation_unseen_zero_shot,success,full_aassr,full_depth4_branch4_max,30,0.0,0.0,0.0,0.0,0.0,0.0,1.0,True,1.0
ablation,ablation,opaque_dependency_l6,evaluation_unseen_zero_shot,steps,full_aassr,full_depth4_branch4_max,30,6.0,6.0,0.0,0.0,0.0,0.0,1.0,True,1.0
ablation,ablation,opaque_dependency_l6,evaluation_unseen_zero_shot,high_level_steps,full_aassr,full_depth4_branch4_max,30,6.0,6.0,0.0,0.0,0.0,0.0,1.0,True,1.0
ablation,ablation,opaque_dependency_l6,evaluation_unseen_zero_shot,primitive_steps,full_aassr,full_depth4_branch4_max,30,6.0,6.0,0.0,0.0,0.0,0.0,1.0,True,1.0
ablation,ablation,opaque_dependency_l6,evaluation_unseen_zero_shot,reward,full_aassr,full_depth4_branch4_max,30,0.0,0.0,0.0,0.0,0.0,0.0,1.0,True,1.0
ablation,ablation,opaque_dependency_l6,evaluation_unseen_zero_shot,errors,full_aassr,full_depth4_branch4_max,30,0.0,0.0,0.0,0.0,0.0,0.0,1.0,True,1.0
ablation,ablation,opaque_dependency_l6,evaluation_unseen_zero_shot,repeats,full_aassr,full_depth4_branch4_max,30,0.0,0.0,0.0,0.0,0.0,0.0,1.0,True,1.0
ablation,ablation,opaque_dependency_l6,evaluation_unseen_zero_shot,prediction_score,full_aassr,full_depth4_branch4_max,30,0.0,0.0,0.0,0.0,0.0,0.0,1.0,True,1.0
ablation,ablation,opaque_dependency_l6,evaluation_unseen_zero_shot,holdout_score,full_aassr,full_depth4_branch4_max,30,1.0,1.0,0.0,0.0,0.0,0.0,1.0,True,1.0
ablation,ablation,opaque_dependency_l6,evaluation_unseen_zero_shot,imagined_nodes,full_aassr,full_depth4_branch4_max,30,0.0,0.0,0.0,0.0,0.0,0.0,1.0,True,1.0
ablation,ablation,opaque_dependency_l6,evaluation_unseen_zero_shot,imagination_depth,full_aassr,full_depth4_branch4_max,30,0.0,0.0,0.0,0.0,0.0,0.0,1.0,True,1.0
ablation,ablation,opaque_dependency_l6,evaluation_unseen_zero_shot,actual_return,full_aassr,full_depth4_branch4_max,30,0.0,0.0,0.0,0.0,0.0,0.0,1.0,True,1.0
ablation,ablation,opaque_dependency_l6,evaluation_unseen_zero_shot,runtime_seconds,full_aassr,full_depth4_branch4_max,30,0.0034980397000035734,0.0034688522834524825,2.9187416551091397e-05,-0.00024025045022911705,0.0002842041832967274,0.0389567252580019,0.8333583320833958,True,1.0
ablation,ablation,opaque_dependency_l6,evaluation_unseen_zero_shot,real_transitions,full_aassr,full_depth4_branch4_max,30,6.0,6.0,0.0,0.0,0.0,0.0,1.0,True,1.0
ablation,ablation,opaque_dependency_l6,evaluation_unseen_zero_shot,imagined_transitions,full_aassr,full_depth4_branch4_max,30,0.0,0.0,0.0,0.0,0.0,0.0,1.0,True,1.0
ablation,ablation,opaque_dependency_l6,evaluation_unseen_zero_shot,action_proposals,full_aassr,full_depth4_branch4_max,30,6.0,6.0,0.0,0.0,0.0,0.0,1.0,True,1.0
ablation,ablation,opaque_dependency_l6,evaluation_unseen_zero_shot,repeat_rate,full_aassr,full_depth4_branch4_max,30,0.0,0.0,0.0,0.0,0.0,0.0,1.0,True,1.0
ablation,ablation,opaque_dependency_l6,evaluation_unseen_zero_shot,error_rate,full_aassr,full_depth4_branch4_max,30,0.0,0.0,0.0,0.0,0.0,0.0,1.0,True,1.0
ablation,ablation,opaque_dependency_l6,evaluation_unseen_zero_shot,success,full_aassr,full_depth4_branch4_mean,30,0.0,0.0,0.0,0.0,0.0,0.0,1.0,True,1.0
ablation,ablation,opaque_dependency_l6,evaluation_unseen_zero_shot,steps,full_aassr,full_depth4_branch4_mean,30,6.0,6.0,0.0,0.0,0.0,0.0,1.0,True,1.0
ablation,ablation,opaque_dependency_l6,evaluation_unseen_zero_shot,high_level_steps,full_aassr,full_depth4_branch4_mean,30,6.0,6.0,0.0,0.0,0.0,0.0,1.0,True,1.0
ablation,ablation,opaque_dependency_l6,evaluation_unseen_zero_shot,primitive_steps,full_aassr,full_depth4_branch4_mean,30,6.0,6.0,0.0,0.0,0.0,0.0,1.0,True,1.0
ablation,ablation,opaque_dependency_l6,evaluation_unseen_zero_shot,reward,full_aassr,full_depth4_branch4_mean,30,0.0,0.0,0.0,0.0,0.0,0.0,1.0,True,1.0
ablation,ablation,opaque_dependency_l6,evaluation_unseen_zero_shot,errors,full_aassr,full_depth4_branch4_mean,30,0.0,0.0,0.0,0.0,0.0,0.0,1.0,True,1.0
ablation,ablation,opaque_dependency_l6,evaluation_unseen_zero_shot,repeats,full_aassr,full_depth4_branch4_mean,30,0.0,0.0,0.0,0.0,0.0,0.0,1.0,True,1.0
ablation,ablation,opaque_dependency_l6,evaluation_unseen_zero_shot,prediction_score,full_aassr,full_depth4_branch4_mean,30,0.0,0.0,0.0,0.0,0.0,0.0,1.0,True,1.0
ablation,ablation,opaque_dependency_l6,evaluation_unseen_zero_shot,holdout_score,full_aassr,full_depth4_branch4_mean,30,1.0,1.0,0.0,0.0,0.0,0.0,1.0,True,1.0
ablation,ablation,opaque_dependency_l6,evaluation_unseen_zero_shot,imagined_nodes,full_aassr,full_depth4_branch4_mean,30,0.0,0.0,0.0,0.0,0.0,0.0,1.0,True,1.0
ablation,ablation,opaque_dependency_l6,evaluation_unseen_zero_shot,imagination_depth,full_aassr,full_depth4_branch4_mean,30,0.0,0.0,0.0,0.0,0.0,0.0,1.0,True,1.0
ablation,ablation,opaque_dependency_l6,evaluation_unseen_zero_shot,actual_return,full_aassr,full_depth4_branch4_mean,30,0.0,0.0,0.0,0.0,0.0,0.0,1.0,True,1.0
ablation,ablation,opaque_dependency_l6,evaluation_unseen_zero_shot,runtime_seconds,full_aassr,full_depth4_branch4_mean,30,0.0034980397000035734,0.0033735515996910787,0.00012448810031249496,-9.272923332173384e-05,0.000347113216810006,0.2022576270473611,0.2749362531873406,True,1.0
ablation,ablation,opaque_dependency_l6,evaluation_unseen_zero_shot,real_transitions,full_aassr,full_depth4_branch4_mean,30,6.0,6.0,0.0,0.0,0.0,0.0,1.0,True,1.0
ablation,ablation,opaque_dependency_l6,evaluation_unseen_zero_shot,imagined_transitions,full_aassr,full_depth4_branch4_mean,30,0.0,0.0,0.0,0.0,0.0,0.0,1.0,True,1.0
ablation,ablation,opaque_dependency_l6,evaluation_unseen_zero_shot,action_proposals,full_aassr,full_depth4_branch4_mean,30,6.0,6.0,0.0,0.0,0.0,0.0,1.0,True,1.0
ablation,ablation,opaque_dependency_l6,evaluation_unseen_zero_shot,repeat_rate,full_aassr,full_depth4_branch4_mean,30,0.0,0.0,0.0,0.0,0.0,0.0,1.0,True,1.0
ablation,ablation,opaque_dependency_l6,evaluation_unseen_zero_shot,error_rate,full_aassr,full_depth4_branch4_mean,30,0.0,0.0,0.0,0.0,0.0,0.0,1.0,True,1.0
ablation,ablation,opaque_dependency_l6,evaluation_unseen_zero_shot,success,full_aassr,full_depth4_branch4_risk-adjusted,30,0.0,0.0,0.0,0.0,0.0,0.0,1.0,True,1.0
ablation,ablation,opaque_dependency_l6,evaluation_unseen_zero_shot,steps,full_aassr,full_depth4_branch4_risk-adjusted,30,6.0,6.0,0.0,0.0,0.0,0.0,1.0,True,1.0
ablation,ablation,opaque_dependency_l6,evaluation_unseen_zero_shot,high_level_steps,full_aassr,full_depth4_branch4_risk-adjusted,30,6.0,6.0,0.0,0.0,0.0,0.0,1.0,True,1.0
ablation,ablation,opaque_dependency_l6,evaluation_unseen_zero_shot,primitive_steps,full_aassr,full_depth4_branch4_risk-adjusted,30,6.0,6.0,0.0,0.0,0.0,0.0,1.0,True,1.0
ablation,ablation,opaque_dependency_l6,evaluation_unseen_zero_shot,reward,full_aassr,full_depth4_branch4_risk-adjusted,30,0.0,0.0,0.0,0.0,0.0,0.0,1.0,True,1.0
ablation,ablation,opaque_dependency_l6,evaluation_unseen_zero_shot,errors,full_aassr,full_depth4_branch4_risk-adjusted,30,0.0,0.0,0.0,0.0,0.0,0.0,1.0,True,1.0
ablation,ablation,opaque_dependency_l6,evaluation_unseen_zero_shot,repeats,full_aassr,full_depth4_branch4_risk-adjusted,30,0.0,0.0,0.0,0.0,0.0,0.0,1.0,True,1.0
ablation,ablation,opaque_dependency_l6,evaluation_unseen_zero_shot,prediction_score,full_aassr,full_depth4_branch4_risk-adjusted,30,0.0,0.0,0.0,0.0,0.0,0.0,1.0,True,1.0
ablation,ablation,opaque_dependency_l6,evaluation_unseen_zero_shot,holdout_score,full_aassr,full_depth4_branch4_risk-adjusted,30,1.0,1.0,0.0,0.0,0.0,0.0,1.0,True,1.0
ablation,ablation,opaque_dependency_l6,evaluation_unseen_zero_shot,imagined_nodes,full_aassr,full_depth4_branch4_risk-adjusted,30,0.0,0.0,0.0,0.0,0.0,0.0,1.0,True,1.0
ablation,ablation,opaque_dependency_l6,evaluation_unseen_zero_shot,imagination_depth,full_aassr,full_depth4_branch4_risk-adjusted,30,0.0,0.0,0.0,0.0,0.0,0.0,1.0,True,1.0
ablation,ablation,opaque_dependency_l6,evaluation_unseen_zero_shot,actual_return,full_aassr,full_depth4_branch4_risk-adjusted,30,0.0,0.0,0.0,0.0,0.0,0.0,1.0,True,1.0
ablation,ablation,opaque_dependency_l6,evaluation_unseen_zero_shot,runtime_seconds,full_aassr,full_depth4_branch4_risk-adjusted,30,0.0034980397000035734,0.0034186382333427903,7.940146666078359e-05,-0.0001622336501653384,0.0003183005667572918,0.11640053921018881,0.5266736663166842,True,1.0
ablation,ablation,opaque_dependency_l6,evaluation_unseen_zero_shot,real_transitions,full_aassr,full_depth4_branch4_risk-adjusted,30,6.0,6.0,0.0,0.0,0.0,0.0,1.0,True,1.0
ablation,ablation,opaque_dependency_l6,evaluation_unseen_zero_shot,imagined_transitions,full_aassr,full_depth4_branch4_risk-adjusted,30,0.0,0.0,0.0,0.0,0.0,0.0,1.0,True,1.0
ablation,ablation,opaque_dependency_l6,evaluation_unseen_zero_shot,action_proposals,full_aassr,full_depth4_branch4_risk-adjusted,30,6.0,6.0,0.0,0.0,0.0,0.0,1.0,True,1.0
ablation,ablation,opaque_dependency_l6,evaluation_unseen_zero_shot,repeat_rate,full_aassr,full_depth4_branch4_risk-adjusted,30,0.0,0.0,0.0,0.0,0.0,0.0,1.0,True,1.0
ablation,ablation,opaque_dependency_l6,evaluation_unseen_zero_shot,error_rate,full_aassr,full_depth4_branch4_risk-adjusted,30,0.0,0.0,0.0,0.0,0.0,0.0,1.0,True,1.0
ablation,ablation,opaque_dependency_l6,evaluation_unseen_zero_shot,success,full_aassr,full_depth6_branch1_max,30,0.0,0.0,0.0,0.0,0.0,0.0,1.0,True,1.0
ablation,ablation,opaque_dependency_l6,evaluation_unseen_zero_shot,steps,full_aassr,full_depth6_branch1_max,30,6.0,6.0,0.0,0.0,0.0,0.0,1.0,True,1.0
ablation,ablation,opaque_dependency_l6,evaluation_unseen_zero_shot,high_level_steps,full_aassr,full_depth6_branch1_max,30,6.0,6.0,0.0,0.0,0.0,0.0,1.0,True,1.0
ablation,ablation,opaque_dependency_l6,evaluation_unseen_zero_shot,primitive_steps,full_aassr,full_depth6_branch1_max,30,6.0,6.0,0.0,0.0,0.0,0.0,1.0,True,1.0
ablation,ablation,opaque_dependency_l6,evaluation_unseen_zero_shot,reward,full_aassr,full_depth6_branch1_max,30,0.0,0.0,0.0,0.0,0.0,0.0,1.0,True,1.0
ablation,ablation,opaque_dependency_l6,evaluation_unseen_zero_shot,errors,full_aassr,full_depth6_branch1_max,30,0.0,0.0,0.0,0.0,0.0,0.0,1.0,True,1.0
ablation,ablation,opaque_dependency_l6,evaluation_unseen_zero_shot,repeats,full_aassr,full_depth6_branch1_max,30,0.0,0.0,0.0,0.0,0.0,0.0,1.0,True,1.0
ablation,ablation,opaque_dependency_l6,evaluation_unseen_zero_shot,prediction_score,full_aassr,full_depth6_branch1_max,30,0.0,0.0,0.0,0.0,0.0,0.0,1.0,True,1.0
ablation,ablation,opaque_dependency_l6,evaluation_unseen_zero_shot,holdout_score,full_aassr,full_depth6_branch1_max,30,1.0,1.0,0.0,0.0,0.0,0.0,1.0,True,1.0
ablation,ablation,opaque_dependency_l6,evaluation_unseen_zero_shot,imagined_nodes,full_aassr,full_depth6_branch1_max,30,0.0,0.0,0.0,0.0,0.0,0.0,1.0,True,1.0
ablation,ablation,opaque_dependency_l6,evaluation_unseen_zero_shot,imagination_depth,full_aassr,full_depth6_branch1_max,30,0.0,0.0,0.0,0.0,0.0,0.0,1.0,True,1.0
ablation,ablation,opaque_dependency_l6,evaluation_unseen_zero_shot,actual_return,full_aassr,full_depth6_branch1_max,30,0.0,0.0,0.0,0.0,0.0,0.0,1.0,True,1.0
ablation,ablation,opaque_dependency_l6,evaluation_unseen_zero_shot,runtime_seconds,full_aassr,full_depth6_branch1_max,30,0.0034980397000035734,0.003356709883349443,0.00014132981665413048,-9.868568318779583e-05,0.0003811572331081455,0.2077221215617004,0.26608669566521675,True,1.0
ablation,ablation,opaque_dependency_l6,evaluation_unseen_zero_shot,real_transitions,full_aassr,full_depth6_branch1_max,30,6.0,6.0,0.0,0.0,0.0,0.0,1.0,True,1.0
ablation,ablation,opaque_dependency_l6,evaluation_unseen_zero_shot,imagined_transitions,full_aassr,full_depth6_branch1_max,30,0.0,0.0,0.0,0.0,0.0,0.0,1.0,True,1.0
ablation,ablation,opaque_dependency_l6,evaluation_unseen_zero_shot,action_proposals,full_aassr,full_depth6_branch1_max,30,6.0,6.0,0.0,0.0,0.0,0.0,1.0,True,1.0
ablation,ablation,opaque_dependency_l6,evaluation_unseen_zero_shot,repeat_rate,full_aassr,full_depth6_branch1_max,30,0.0,0.0,0.0,0.0,0.0,0.0,1.0,True,1.0
ablation,ablation,opaque_dependency_l6,evaluation_unseen_zero_shot,error_rate,full_aassr,full_depth6_branch1_max,30,0.0,0.0,0.0,0.0,0.0,0.0,1.0,True,1.0
ablation,ablation,opaque_dependency_l6,evaluation_unseen_zero_shot,success,full_aassr,full_depth6_branch1_mean,30,0.0,0.0,0.0,0.0,0.0,0.0,1.0,True,1.0
ablation,ablation,opaque_dependency_l6,evaluation_unseen_zero_shot,steps,full_aassr,full_depth6_branch1_mean,30,6.0,6.0,0.0,0.0,0.0,0.0,1.0,True,1.0
ablation,ablation,opaque_dependency_l6,evaluation_unseen_zero_shot,high_level_steps,full_aassr,full_depth6_branch1_mean,30,6.0,6.0,0.0,0.0,0.0,0.0,1.0,True,1.0
ablation,ablation,opaque_dependency_l6,evaluation_unseen_zero_shot,primitive_steps,full_aassr,full_depth6_branch1_mean,30,6.0,6.0,0.0,0.0,0.0,0.0,1.0,True,1.0
ablation,ablation,opaque_dependency_l6,evaluation_unseen_zero_shot,reward,full_aassr,full_depth6_branch1_mean,30,0.0,0.0,0.0,0.0,0.0,0.0,1.0,True,1.0
ablation,ablation,opaque_dependency_l6,evaluation_unseen_zero_shot,errors,full_aassr,full_depth6_branch1_mean,30,0.0,0.0,0.0,0.0,0.0,0.0,1.0,True,1.0
ablation,ablation,opaque_dependency_l6,evaluation_unseen_zero_shot,repeats,full_aassr,full_depth6_branch1_mean,30,0.0,0.0,0.0,0.0,0.0,0.0,1.0,True,1.0
ablation,ablation,opaque_dependency_l6,evaluation_unseen_zero_shot,prediction_score,full_aassr,full_depth6_branch1_mean,30,0.0,0.0,0.0,0.0,0.0,0.0,1.0,True,1.0
ablation,ablation,opaque_dependency_l6,evaluation_unseen_zero_shot,holdout_score,full_aassr,full_depth6_branch1_mean,30,1.0,1.0,0.0,0.0,0.0,0.0,1.0,True,1.0
ablation,ablation,opaque_dependency_l6,evaluation_unseen_zero_shot,imagined_nodes,full_aassr,full_depth6_branch1_mean,30,0.0,0.0,0.0,0.0,0.0,0.0,1.0,True,1.0
ablation,ablation,opaque_dependency_l6,evaluation_unseen_zero_shot,imagination_depth,full_aassr,full_depth6_branch1_mean,30,0.0,0.0,0.0,0.0,0.0,0.0,1.0,True,1.0
ablation,ablation,opaque_dependency_l6,evaluation_unseen_zero_shot,actual_return,full_aassr,full_depth6_branch1_mean,30,0.0,0.0,0.0,0.0,0.0,0.0,1.0,True,1.0
ablation,ablation,opaque_dependency_l6,evaluation_unseen_zero_shot,runtime_seconds,full_aassr,full_depth6_branch1_mean,30,0.0034980397000035734,0.0034527698999978988,4.526980000567464e-05,-0.00022937559980103588,0.00031999273318797345,0.05693954638157248,0.7552122393880306,True,1.0
ablation,ablation,opaque_dependency_l6,evaluation_unseen_zero_shot,real_transitions,full_aassr,full_depth6_branch1_mean,30,6.0,6.0,0.0,0.0,0.0,0.0,1.0,True,1.0
ablation,ablation,opaque_dependency_l6,evaluation_unseen_zero_shot,imagined_transitions,full_aassr,full_depth6_branch1_mean,30,0.0,0.0,0.0,0.0,0.0,0.0,1.0,True,1.0
ablation,ablation,opaque_dependency_l6,evaluation_unseen_zero_shot,action_proposals,full_aassr,full_depth6_branch1_mean,30,6.0,6.0,0.0,0.0,0.0,0.0,1.0,True,1.0
ablation,ablation,opaque_dependency_l6,evaluation_unseen_zero_shot,repeat_rate,full_aassr,full_depth6_branch1_mean,30,0.0,0.0,0.0,0.0,0.0,0.0,1.0,True,1.0
ablation,ablation,opaque_dependency_l6,evaluation_unseen_zero_shot,error_rate,full_aassr,full_depth6_branch1_mean,30,0.0,0.0,0.0,0.0,0.0,0.0,1.0,True,1.0
ablation,ablation,opaque_dependency_l6,evaluation_unseen_zero_shot,success,full_aassr,full_depth6_branch1_risk-adjusted,30,0.0,0.0,0.0,0.0,0.0,0.0,1.0,True,1.0
ablation,ablation,opaque_dependency_l6,evaluation_unseen_zero_shot,steps,full_aassr,full_depth6_branch1_risk-adjusted,30,6.0,6.0,0.0,0.0,0.0,0.0,1.0,True,1.0
ablation,ablation,opaque_dependency_l6,evaluation_unseen_zero_shot,high_level_steps,full_aassr,full_depth6_branch1_risk-adjusted,30,6.0,6.0,0.0,0.0,0.0,0.0,1.0,True,1.0
ablation,ablation,opaque_dependency_l6,evaluation_unseen_zero_shot,primitive_steps,full_aassr,full_depth6_branch1_risk-adjusted,30,6.0,6.0,0.0,0.0,0.0,0.0,1.0,True,1.0
ablation,ablation,opaque_dependency_l6,evaluation_unseen_zero_shot,reward,full_aassr,full_depth6_branch1_risk-adjusted,30,0.0,0.0,0.0,0.0,0.0,0.0,1.0,True,1.0
ablation,ablation,opaque_dependency_l6,evaluation_unseen_zero_shot,errors,full_aassr,full_depth6_branch1_risk-adjusted,30,0.0,0.0,0.0,0.0,0.0,0.0,1.0,True,1.0
ablation,ablation,opaque_dependency_l6,evaluation_unseen_zero_shot,repeats,full_aassr,full_depth6_branch1_risk-adjusted,30,0.0,0.0,0.0,0.0,0.0,0.0,1.0,True,1.0
ablation,ablation,opaque_dependency_l6,evaluation_unseen_zero_shot,prediction_score,full_aassr,full_depth6_branch1_risk-adjusted,30,0.0,0.0,0.0,0.0,0.0,0.0,1.0,True,1.0
ablation,ablation,opaque_dependency_l6,evaluation_unseen_zero_shot,holdout_score,full_aassr,full_depth6_branch1_risk-adjusted,30,1.0,1.0,0.0,0.0,0.0,0.0,1.0,True,1.0
ablation,ablation,opaque_dependency_l6,evaluation_unseen_zero_shot,imagined_nodes,full_aassr,full_depth6_branch1_risk-adjusted,30,0.0,0.0,0.0,0.0,0.0,0.0,1.0,True,1.0
ablation,ablation,opaque_dependency_l6,evaluation_unseen_zero_shot,imagination_depth,full_aassr,full_depth6_branch1_risk-adjusted,30,0.0,0.0,0.0,0.0,0.0,0.0,1.0,True,1.0
ablation,ablation,opaque_dependency_l6,evaluation_unseen_zero_shot,actual_return,full_aassr,full_depth6_branch1_risk-adjusted,30,0.0,0.0,0.0,0.0,0.0,0.0,1.0,True,1.0
ablation,ablation,opaque_dependency_l6,evaluation_unseen_zero_shot,runtime_seconds,full_aassr,full_depth6_branch1_risk-adjusted,30,0.0034980397000035734,0.003420848816608971,7.719088339460234e-05,-0.0001977811335770336,0.0003544232999944749,0.09589292457362823,0.5994700264986751,True,1.0
ablation,ablation,opaque_dependency_l6,evaluation_unseen_zero_shot,real_transitions,full_aassr,full_depth6_branch1_risk-adjusted,30,6.0,6.0,0.0,0.0,0.0,0.0,1.0,True,1.0
ablation,ablation,opaque_dependency_l6,evaluation_unseen_zero_shot,imagined_transitions,full_aassr,full_depth6_branch1_risk-adjusted,30,0.0,0.0,0.0,0.0,0.0,0.0,1.0,True,1.0
ablation,ablation,opaque_dependency_l6,evaluation_unseen_zero_shot,action_proposals,full_aassr,full_depth6_branch1_risk-adjusted,30,6.0,6.0,0.0,0.0,0.0,0.0,1.0,True,1.0
ablation,ablation,opaque_dependency_l6,evaluation_unseen_zero_shot,repeat_rate,full_aassr,full_depth6_branch1_risk-adjusted,30,0.0,0.0,0.0,0.0,0.0,0.0,1.0,True,1.0
ablation,ablation,opaque_dependency_l6,evaluation_unseen_zero_shot,error_rate,full_aassr,full_depth6_branch1_risk-adjusted,30,0.0,0.0,0.0,0.0,0.0,0.0,1.0,True,1.0
ablation,ablation,opaque_dependency_l6,evaluation_unseen_zero_shot,success,full_aassr,full_depth6_branch2_max,30,0.0,0.0,0.0,0.0,0.0,0.0,1.0,True,1.0
ablation,ablation,opaque_dependency_l6,evaluation_unseen_zero_shot,steps,full_aassr,full_depth6_branch2_max,30,6.0,6.0,0.0,0.0,0.0,0.0,1.0,True,1.0
ablation,ablation,opaque_dependency_l6,evaluation_unseen_zero_shot,high_level_steps,full_aassr,full_depth6_branch2_max,30,6.0,6.0,0.0,0.0,0.0,0.0,1.0,True,1.0
ablation,ablation,opaque_dependency_l6,evaluation_unseen_zero_shot,primitive_steps,full_aassr,full_depth6_branch2_max,30,6.0,6.0,0.0,0.0,0.0,0.0,1.0,True,1.0
ablation,ablation,opaque_dependency_l6,evaluation_unseen_zero_shot,reward,full_aassr,full_depth6_branch2_max,30,0.0,0.0,0.0,0.0,0.0,0.0,1.0,True,1.0
ablation,ablation,opaque_dependency_l6,evaluation_unseen_zero_shot,errors,full_aassr,full_depth6_branch2_max,30,0.0,0.0,0.0,0.0,0.0,0.0,1.0,True,1.0
ablation,ablation,opaque_dependency_l6,evaluation_unseen_zero_shot,repeats,full_aassr,full_depth6_branch2_max,30,0.0,0.0,0.0,0.0,0.0,0.0,1.0,True,1.0
ablation,ablation,opaque_dependency_l6,evaluation_unseen_zero_shot,prediction_score,full_aassr,full_depth6_branch2_max,30,0.0,0.0,0.0,0.0,0.0,0.0,1.0,True,1.0
ablation,ablation,opaque_dependency_l6,evaluation_unseen_zero_shot,holdout_score,full_aassr,full_depth6_branch2_max,30,1.0,1.0,0.0,0.0,0.0,0.0,1.0,True,1.0
ablation,ablation,opaque_dependency_l6,evaluation_unseen_zero_shot,imagined_nodes,full_aassr,full_depth6_branch2_max,30,0.0,0.0,0.0,0.0,0.0,0.0,1.0,True,1.0
ablation,ablation,opaque_dependency_l6,evaluation_unseen_zero_shot,imagination_depth,full_aassr,full_depth6_branch2_max,30,0.0,0.0,0.0,0.0,0.0,0.0,1.0,True,1.0
ablation,ablation,opaque_dependency_l6,evaluation_unseen_zero_shot,actual_return,full_aassr,full_depth6_branch2_max,30,0.0,0.0,0.0,0.0,0.0,0.0,1.0,True,1.0
ablation,ablation,opaque_dependency_l6,evaluation_unseen_zero_shot,runtime_seconds,full_aassr,full_depth6_branch2_max,30,0.0034980397000035734,0.003340821416578062,0.0001572182834255121,-8.548378365230746e-05,0.000384760617040835,0.2350665758480629,0.20678966051697414,True,1.0
ablation,ablation,opaque_dependency_l6,evaluation_unseen_zero_shot,real_transitions,full_aassr,full_depth6_branch2_max,30,6.0,6.0,0.0,0.0,0.0,0.0,1.0,True,1.0
ablation,ablation,opaque_dependency_l6,evaluation_unseen_zero_shot,imagined_transitions,full_aassr,full_depth6_branch2_max,30,0.0,0.0,0.0,0.0,0.0,0.0,1.0,True,1.0
ablation,ablation,opaque_dependency_l6,evaluation_unseen_zero_shot,action_proposals,full_aassr,full_depth6_branch2_max,30,6.0,6.0,0.0,0.0,0.0,0.0,1.0,True,1.0
ablation,ablation,opaque_dependency_l6,evaluation_unseen_zero_shot,repeat_rate,full_aassr,full_depth6_branch2_max,30,0.0,0.0,0.0,0.0,0.0,0.0,1.0,True,1.0
ablation,ablation,opaque_dependency_l6,evaluation_unseen_zero_shot,error_rate,full_aassr,full_depth6_branch2_max,30,0.0,0.0,0.0,0.0,0.0,0.0,1.0,True,1.0
ablation,ablation,opaque_dependency_l6,evaluation_unseen_zero_shot,success,full_aassr,full_depth6_branch2_mean,30,0.0,0.0,0.0,0.0,0.0,0.0,1.0,True,1.0
ablation,ablation,opaque_dependency_l6,evaluation_unseen_zero_shot,steps,full_aassr,full_depth6_branch2_mean,30,6.0,6.0,0.0,0.0,0.0,0.0,1.0,True,1.0
ablation,ablation,opaque_dependency_l6,evaluation_unseen_zero_shot,high_level_steps,full_aassr,full_depth6_branch2_mean,30,6.0,6.0,0.0,0.0,0.0,0.0,1.0,True,1.0
ablation,ablation,opaque_dependency_l6,evaluation_unseen_zero_shot,primitive_steps,full_aassr,full_depth6_branch2_mean,30,6.0,6.0,0.0,0.0,0.0,0.0,1.0,True,1.0
ablation,ablation,opaque_dependency_l6,evaluation_unseen_zero_shot,reward,full_aassr,full_depth6_branch2_mean,30,0.0,0.0,0.0,0.0,0.0,0.0,1.0,True,1.0
ablation,ablation,opaque_dependency_l6,evaluation_unseen_zero_shot,errors,full_aassr,full_depth6_branch2_mean,30,0.0,0.0,0.0,0.0,0.0,0.0,1.0,True,1.0
ablation,ablation,opaque_dependency_l6,evaluation_unseen_zero_shot,repeats,full_aassr,full_depth6_branch2_mean,30,0.0,0.0,0.0,0.0,0.0,0.0,1.0,True,1.0
ablation,ablation,opaque_dependency_l6,evaluation_unseen_zero_shot,prediction_score,full_aassr,full_depth6_branch2_mean,30,0.0,0.0,0.0,0.0,0.0,0.0,1.0,True,1.0
ablation,ablation,opaque_dependency_l6,evaluation_unseen_zero_shot,holdout_score,full_aassr,full_depth6_branch2_mean,30,1.0,1.0,0.0,0.0,0.0,0.0,1.0,True,1.0
ablation,ablation,opaque_dependency_l6,evaluation_unseen_zero_shot,imagined_nodes,full_aassr,full_depth6_branch2_mean,30,0.0,0.0,0.0,0.0,0.0,0.0,1.0,True,1.0
ablation,ablation,opaque_dependency_l6,evaluation_unseen_zero_shot,imagination_depth,full_aassr,full_depth6_branch2_mean,30,0.0,0.0,0.0,0.0,0.0,0.0,1.0,True,1.0
ablation,ablation,opaque_dependency_l6,evaluation_unseen_zero_shot,actual_return,full_aassr,full_depth6_branch2_mean,30,0.0,0.0,0.0,0.0,0.0,0.0,1.0,True,1.0
ablation,ablation,opaque_dependency_l6,evaluation_unseen_zero_shot,runtime_seconds,full_aassr,full_depth6_branch2_mean,30,0.0034980397000035734,0.0035097025998256865,-1.1662899822113103e-05,-0.0002654987829494833,0.0002511600335516656,-0.01601080707138295,0.928203589820509,True,1.0
ablation,ablation,opaque_dependency_l6,evaluation_unseen_zero_shot,real_transitions,full_aassr,full_depth6_branch2_mean,30,6.0,6.0,0.0,0.0,0.0,0.0,1.0,True,1.0
ablation,ablation,opaque_dependency_l6,evaluation_unseen_zero_shot,imagined_transitions,full_aassr,full_depth6_branch2_mean,30,0.0,0.0,0.0,0.0,0.0,0.0,1.0,True,1.0
ablation,ablation,opaque_dependency_l6,evaluation_unseen_zero_shot,action_proposals,full_aassr,full_depth6_branch2_mean,30,6.0,6.0,0.0,0.0,0.0,0.0,1.0,True,1.0
ablation,ablation,opaque_dependency_l6,evaluation_unseen_zero_shot,repeat_rate,full_aassr,full_depth6_branch2_mean,30,0.0,0.0,0.0,0.0,0.0,0.0,1.0,True,1.0
ablation,ablation,opaque_dependency_l6,evaluation_unseen_zero_shot,error_rate,full_aassr,full_depth6_branch2_mean,30,0.0,0.0,0.0,0.0,0.0,0.0,1.0,True,1.0
ablation,ablation,opaque_dependency_l6,evaluation_unseen_zero_shot,success,full_aassr,full_depth6_branch2_risk-adjusted,30,0.0,0.0,0.0,0.0,0.0,0.0,1.0,True,1.0
ablation,ablation,opaque_dependency_l6,evaluation_unseen_zero_shot,steps,full_aassr,full_depth6_branch2_risk-adjusted,30,6.0,6.0,0.0,0.0,0.0,0.0,1.0,True,1.0
ablation,ablation,opaque_dependency_l6,evaluation_unseen_zero_shot,high_level_steps,full_aassr,full_depth6_branch2_risk-adjusted,30,6.0,6.0,0.0,0.0,0.0,0.0,1.0,True,1.0
ablation,ablation,opaque_dependency_l6,evaluation_unseen_zero_shot,primitive_steps,full_aassr,full_depth6_branch2_risk-adjusted,30,6.0,6.0,0.0,0.0,0.0,0.0,1.0,True,1.0
ablation,ablation,opaque_dependency_l6,evaluation_unseen_zero_shot,reward,full_aassr,full_depth6_branch2_risk-adjusted,30,0.0,0.0,0.0,0.0,0.0,0.0,1.0,True,1.0
ablation,ablation,opaque_dependency_l6,evaluation_unseen_zero_shot,errors,full_aassr,full_depth6_branch2_risk-adjusted,30,0.0,0.0,0.0,0.0,0.0,0.0,1.0,True,1.0
ablation,ablation,opaque_dependency_l6,evaluation_unseen_zero_shot,repeats,full_aassr,full_depth6_branch2_risk-adjusted,30,0.0,0.0,0.0,0.0,0.0,0.0,1.0,True,1.0
ablation,ablation,opaque_dependency_l6,evaluation_unseen_zero_shot,prediction_score,full_aassr,full_depth6_branch2_risk-adjusted,30,0.0,0.0,0.0,0.0,0.0,0.0,1.0,True,1.0
ablation,ablation,opaque_dependency_l6,evaluation_unseen_zero_shot,holdout_score,full_aassr,full_depth6_branch2_risk-adjusted,30,1.0,1.0,0.0,0.0,0.0,0.0,1.0,True,1.0
ablation,ablation,opaque_dependency_l6,evaluation_unseen_zero_shot,imagined_nodes,full_aassr,full_depth6_branch2_risk-adjusted,30,0.0,0.0,0.0,0.0,0.0,0.0,1.0,True,1.0
ablation,ablation,opaque_dependency_l6,evaluation_unseen_zero_shot,imagination_depth,full_aassr,full_depth6_branch2_risk-adjusted,30,0.0,0.0,0.0,0.0,0.0,0.0,1.0,True,1.0
ablation,ablation,opaque_dependency_l6,evaluation_unseen_zero_shot,actual_return,full_aassr,full_depth6_branch2_risk-adjusted,30,0.0,0.0,0.0,0.0,0.0,0.0,1.0,True,1.0
ablation,ablation,opaque_dependency_l6,evaluation_unseen_zero_shot,runtime_seconds,full_aassr,full_depth6_branch2_risk-adjusted,30,0.0034980397000035734,0.003563177550235802,-6.513785023222833e-05,-0.0003129808338223179,0.00019439621634955977,-0.09147360952881722,0.6223188840557972,True,1.0
ablation,ablation,opaque_dependency_l6,evaluation_unseen_zero_shot,real_transitions,full_aassr,full_depth6_branch2_risk-adjusted,30,6.0,6.0,0.0,0.0,0.0,0.0,1.0,True,1.0
ablation,ablation,opaque_dependency_l6,evaluation_unseen_zero_shot,imagined_transitions,full_aassr,full_depth6_branch2_risk-adjusted,30,0.0,0.0,0.0,0.0,0.0,0.0,1.0,True,1.0
ablation,ablation,opaque_dependency_l6,evaluation_unseen_zero_shot,action_proposals,full_aassr,full_depth6_branch2_risk-adjusted,30,6.0,6.0,0.0,0.0,0.0,0.0,1.0,True,1.0
ablation,ablation,opaque_dependency_l6,evaluation_unseen_zero_shot,repeat_rate,full_aassr,full_depth6_branch2_risk-adjusted,30,0.0,0.0,0.0,0.0,0.0,0.0,1.0,True,1.0
ablation,ablation,opaque_dependency_l6,evaluation_unseen_zero_shot,error_rate,full_aassr,full_depth6_branch2_risk-adjusted,30,0.0,0.0,0.0,0.0,0.0,0.0,1.0,True,1.0
ablation,ablation,opaque_dependency_l6,evaluation_unseen_zero_shot,success,full_aassr,full_depth6_branch4_max,30,0.0,0.0,0.0,0.0,0.0,0.0,1.0,True,1.0
ablation,ablation,opaque_dependency_l6,evaluation_unseen_zero_shot,steps,full_aassr,full_depth6_branch4_max,30,6.0,6.0,0.0,0.0,0.0,0.0,1.0,True,1.0
ablation,ablation,opaque_dependency_l6,evaluation_unseen_zero_shot,high_level_steps,full_aassr,full_depth6_branch4_max,30,6.0,6.0,0.0,0.0,0.0,0.0,1.0,True,1.0
ablation,ablation,opaque_dependency_l6,evaluation_unseen_zero_shot,primitive_steps,full_aassr,full_depth6_branch4_max,30,6.0,6.0,0.0,0.0,0.0,0.0,1.0,True,1.0
ablation,ablation,opaque_dependency_l6,evaluation_unseen_zero_shot,reward,full_aassr,full_depth6_branch4_max,30,0.0,0.0,0.0,0.0,0.0,0.0,1.0,True,1.0
ablation,ablation,opaque_dependency_l6,evaluation_unseen_zero_shot,errors,full_aassr,full_depth6_branch4_max,30,0.0,0.0,0.0,0.0,0.0,0.0,1.0,True,1.0
ablation,ablation,opaque_dependency_l6,evaluation_unseen_zero_shot,repeats,full_aassr,full_depth6_branch4_max,30,0.0,0.0,0.0,0.0,0.0,0.0,1.0,True,1.0
ablation,ablation,opaque_dependency_l6,evaluation_unseen_zero_shot,prediction_score,full_aassr,full_depth6_branch4_max,30,0.0,0.0,0.0,0.0,0.0,0.0,1.0,True,1.0
ablation,ablation,opaque_dependency_l6,evaluation_unseen_zero_shot,holdout_score,full_aassr,full_depth6_branch4_max,30,1.0,1.0,0.0,0.0,0.0,0.0,1.0,True,1.0
ablation,ablation,opaque_dependency_l6,evaluation_unseen_zero_shot,imagined_nodes,full_aassr,full_depth6_branch4_max,30,0.0,0.0,0.0,0.0,0.0,0.0,1.0,True,1.0
ablation,ablation,opaque_dependency_l6,evaluation_unseen_zero_shot,imagination_depth,full_aassr,full_depth6_branch4_max,30,0.0,0.0,0.0,0.0,0.0,0.0,1.0,True,1.0
ablation,ablation,opaque_dependency_l6,evaluation_unseen_zero_shot,actual_return,full_aassr,full_depth6_branch4_max,30,0.0,0.0,0.0,0.0,0.0,0.0,1.0,True,1.0
ablation,ablation,opaque_dependency_l6,evaluation_unseen_zero_shot,runtime_seconds,full_aassr,full_depth6_branch4_max,30,0.0034980397000035734,0.003462086850001166,3.595285000240735e-05,-0.00022543719980361253,0.0003034811997592138,0.04841099937550112,0.791460426978651,True,1.0
ablation,ablation,opaque_dependency_l6,evaluation_unseen_zero_shot,real_transitions,full_aassr,full_depth6_branch4_max,30,6.0,6.0,0.0,0.0,0.0,0.0,1.0,True,1.0
ablation,ablation,opaque_dependency_l6,evaluation_unseen_zero_shot,imagined_transitions,full_aassr,full_depth6_branch4_max,30,0.0,0.0,0.0,0.0,0.0,0.0,1.0,True,1.0
ablation,ablation,opaque_dependency_l6,evaluation_unseen_zero_shot,action_proposals,full_aassr,full_depth6_branch4_max,30,6.0,6.0,0.0,0.0,0.0,0.0,1.0,True,1.0
ablation,ablation,opaque_dependency_l6,evaluation_unseen_zero_shot,repeat_rate,full_aassr,full_depth6_branch4_max,30,0.0,0.0,0.0,0.0,0.0,0.0,1.0,True,1.0
ablation,ablation,opaque_dependency_l6,evaluation_unseen_zero_shot,error_rate,full_aassr,full_depth6_branch4_max,30,0.0,0.0,0.0,0.0,0.0,0.0,1.0,True,1.0
ablation,ablation,opaque_dependency_l6,evaluation_unseen_zero_shot,success,full_aassr,full_depth6_branch4_mean,30,0.0,0.0,0.0,0.0,0.0,0.0,1.0,True,1.0
ablation,ablation,opaque_dependency_l6,evaluation_unseen_zero_shot,steps,full_aassr,full_depth6_branch4_mean,30,6.0,6.0,0.0,0.0,0.0,0.0,1.0,True,1.0
ablation,ablation,opaque_dependency_l6,evaluation_unseen_zero_shot,high_level_steps,full_aassr,full_depth6_branch4_mean,30,6.0,6.0,0.0,0.0,0.0,0.0,1.0,True,1.0
ablation,ablation,opaque_dependency_l6,evaluation_unseen_zero_shot,primitive_steps,full_aassr,full_depth6_branch4_mean,30,6.0,6.0,0.0,0.0,0.0,0.0,1.0,True,1.0
ablation,ablation,opaque_dependency_l6,evaluation_unseen_zero_shot,reward,full_aassr,full_depth6_branch4_mean,30,0.0,0.0,0.0,0.0,0.0,0.0,1.0,True,1.0
ablation,ablation,opaque_dependency_l6,evaluation_unseen_zero_shot,errors,full_aassr,full_depth6_branch4_mean,30,0.0,0.0,0.0,0.0,0.0,0.0,1.0,True,1.0
ablation,ablation,opaque_dependency_l6,evaluation_unseen_zero_shot,repeats,full_aassr,full_depth6_branch4_mean,30,0.0,0.0,0.0,0.0,0.0,0.0,1.0,True,1.0
ablation,ablation,opaque_dependency_l6,evaluation_unseen_zero_shot,prediction_score,full_aassr,full_depth6_branch4_mean,30,0.0,0.0,0.0,0.0,0.0,0.0,1.0,True,1.0
ablation,ablation,opaque_dependency_l6,evaluation_unseen_zero_shot,holdout_score,full_aassr,full_depth6_branch4_mean,30,1.0,1.0,0.0,0.0,0.0,0.0,1.0,True,1.0
ablation,ablation,opaque_dependency_l6,evaluation_unseen_zero_shot,imagined_nodes,full_aassr,full_depth6_branch4_mean,30,0.0,0.0,0.0,0.0,0.0,0.0,1.0,True,1.0
ablation,ablation,opaque_dependency_l6,evaluation_unseen_zero_shot,imagination_depth,full_aassr,full_depth6_branch4_mean,30,0.0,0.0,0.0,0.0,0.0,0.0,1.0,True,1.0
ablation,ablation,opaque_dependency_l6,evaluation_unseen_zero_shot,actual_return,full_aassr,full_depth6_branch4_mean,30,0.0,0.0,0.0,0.0,0.0,0.0,1.0,True,1.0
ablation,ablation,opaque_dependency_l6,evaluation_unseen_zero_shot,runtime_seconds,full_aassr,full_depth6_branch4_mean,30,0.0034980397000035734,0.0035145210999520107,-1.6481399948437047e-05,-0.00023331806676772727,0.00020209698369823552,-0.025932527103572186,0.8915054247287636,True,1.0
ablation,ablation,opaque_dependency_l6,evaluation_unseen_zero_shot,real_transitions,full_aassr,full_depth6_branch4_mean,30,6.0,6.0,0.0,0.0,0.0,0.0,1.0,True,1.0
ablation,ablation,opaque_dependency_l6,evaluation_unseen_zero_shot,imagined_transitions,full_aassr,full_depth6_branch4_mean,30,0.0,0.0,0.0,0.0,0.0,0.0,1.0,True,1.0
ablation,ablation,opaque_dependency_l6,evaluation_unseen_zero_shot,action_proposals,full_aassr,full_depth6_branch4_mean,30,6.0,6.0,0.0,0.0,0.0,0.0,1.0,True,1.0
ablation,ablation,opaque_dependency_l6,evaluation_unseen_zero_shot,repeat_rate,full_aassr,full_depth6_branch4_mean,30,0.0,0.0,0.0,0.0,0.0,0.0,1.0,True,1.0
ablation,ablation,opaque_dependency_l6,evaluation_unseen_zero_shot,error_rate,full_aassr,full_depth6_branch4_mean,30,0.0,0.0,0.0,0.0,0.0,0.0,1.0,True,1.0
ablation,ablation,opaque_dependency_l6,evaluation_unseen_zero_shot,success,full_aassr,full_depth6_branch4_risk-adjusted,30,0.0,0.0,0.0,0.0,0.0,0.0,1.0,True,1.0
ablation,ablation,opaque_dependency_l6,evaluation_unseen_zero_shot,steps,full_aassr,full_depth6_branch4_risk-adjusted,30,6.0,6.0,0.0,0.0,0.0,0.0,1.0,True,1.0
ablation,ablation,opaque_dependency_l6,evaluation_unseen_zero_shot,high_level_steps,full_aassr,full_depth6_branch4_risk-adjusted,30,6.0,6.0,0.0,0.0,0.0,0.0,1.0,True,1.0
ablation,ablation,opaque_dependency_l6,evaluation_unseen_zero_shot,primitive_steps,full_aassr,full_depth6_branch4_risk-adjusted,30,6.0,6.0,0.0,0.0,0.0,0.0,1.0,True,1.0
ablation,ablation,opaque_dependency_l6,evaluation_unseen_zero_shot,reward,full_aassr,full_depth6_branch4_risk-adjusted,30,0.0,0.0,0.0,0.0,0.0,0.0,1.0,True,1.0
ablation,ablation,opaque_dependency_l6,evaluation_unseen_zero_shot,errors,full_aassr,full_depth6_branch4_risk-adjusted,30,0.0,0.0,0.0,0.0,0.0,0.0,1.0,True,1.0
ablation,ablation,opaque_dependency_l6,evaluation_unseen_zero_shot,repeats,full_aassr,full_depth6_branch4_risk-adjusted,30,0.0,0.0,0.0,0.0,0.0,0.0,1.0,True,1.0
ablation,ablation,opaque_dependency_l6,evaluation_unseen_zero_shot,prediction_score,full_aassr,full_depth6_branch4_risk-adjusted,30,0.0,0.0,0.0,0.0,0.0,0.0,1.0,True,1.0
ablation,ablation,opaque_dependency_l6,evaluation_unseen_zero_shot,holdout_score,full_aassr,full_depth6_branch4_risk-adjusted,30,1.0,1.0,0.0,0.0,0.0,0.0,1.0,True,1.0
ablation,ablation,opaque_dependency_l6,evaluation_unseen_zero_shot,imagined_nodes,full_aassr,full_depth6_branch4_risk-adjusted,30,0.0,0.0,0.0,0.0,0.0,0.0,1.0,True,1.0
ablation,ablation,opaque_dependency_l6,evaluation_unseen_zero_shot,imagination_depth,full_aassr,full_depth6_branch4_risk-adjusted,30,0.0,0.0,0.0,0.0,0.0,0.0,1.0,True,1.0
ablation,ablation,opaque_dependency_l6,evaluation_unseen_zero_shot,actual_return,full_aassr,full_depth6_branch4_risk-adjusted,30,0.0,0.0,0.0,0.0,0.0,0.0,1.0,True,1.0
ablation,ablation,opaque_dependency_l6,evaluation_unseen_zero_shot,runtime_seconds,full_aassr,full_depth6_branch4_risk-adjusted,30,0.0034980397000035734,0.0034333782665780742,6.466143342549911e-05,-0.00020257061656351049,0.0003244791331623369,0.08563241914395857,0.6381680915954202,True,1.0
ablation,ablation,opaque_dependency_l6,evaluation_unseen_zero_shot,real_transitions,full_aassr,full_depth6_branch4_risk-adjusted,30,6.0,6.0,0.0,0.0,0.0,0.0,1.0,True,1.0
ablation,ablation,opaque_dependency_l6,evaluation_unseen_zero_shot,imagined_transitions,full_aassr,full_depth6_branch4_risk-adjusted,30,0.0,0.0,0.0,0.0,0.0,0.0,1.0,True,1.0
ablation,ablation,opaque_dependency_l6,evaluation_unseen_zero_shot,action_proposals,full_aassr,full_depth6_branch4_risk-adjusted,30,6.0,6.0,0.0,0.0,0.0,0.0,1.0,True,1.0
ablation,ablation,opaque_dependency_l6,evaluation_unseen_zero_shot,repeat_rate,full_aassr,full_depth6_branch4_risk-adjusted,30,0.0,0.0,0.0,0.0,0.0,0.0,1.0,True,1.0
ablation,ablation,opaque_dependency_l6,evaluation_unseen_zero_shot,error_rate,full_aassr,full_depth6_branch4_risk-adjusted,30,0.0,0.0,0.0,0.0,0.0,0.0,1.0,True,1.0
ablation,ablation,opaque_dependency_l6,evaluation_unseen_zero_shot,success,full_aassr,full_no_error_penalty,30,0.0,0.0,0.0,0.0,0.0,0.0,1.0,True,1.0
ablation,ablation,opaque_dependency_l6,evaluation_unseen_zero_shot,steps,full_aassr,full_no_error_penalty,30,6.0,6.0,0.0,0.0,0.0,0.0,1.0,True,1.0
ablation,ablation,opaque_dependency_l6,evaluation_unseen_zero_shot,high_level_steps,full_aassr,full_no_error_penalty,30,6.0,6.0,0.0,0.0,0.0,0.0,1.0,True,1.0
ablation,ablation,opaque_dependency_l6,evaluation_unseen_zero_shot,primitive_steps,full_aassr,full_no_error_penalty,30,6.0,6.0,0.0,0.0,0.0,0.0,1.0,True,1.0
ablation,ablation,opaque_dependency_l6,evaluation_unseen_zero_shot,reward,full_aassr,full_no_error_penalty,30,0.0,0.0,0.0,0.0,0.0,0.0,1.0,True,1.0
ablation,ablation,opaque_dependency_l6,evaluation_unseen_zero_shot,errors,full_aassr,full_no_error_penalty,30,0.0,0.0,0.0,0.0,0.0,0.0,1.0,True,1.0
ablation,ablation,opaque_dependency_l6,evaluation_unseen_zero_shot,repeats,full_aassr,full_no_error_penalty,30,0.0,0.0,0.0,0.0,0.0,0.0,1.0,True,1.0
ablation,ablation,opaque_dependency_l6,evaluation_unseen_zero_shot,prediction_score,full_aassr,full_no_error_penalty,30,0.0,0.0,0.0,0.0,0.0,0.0,1.0,True,1.0
ablation,ablation,opaque_dependency_l6,evaluation_unseen_zero_shot,holdout_score,full_aassr,full_no_error_penalty,30,1.0,1.0,0.0,0.0,0.0,0.0,1.0,True,1.0
ablation,ablation,opaque_dependency_l6,evaluation_unseen_zero_shot,imagined_nodes,full_aassr,full_no_error_penalty,30,0.0,0.0,0.0,0.0,0.0,0.0,1.0,True,1.0
ablation,ablation,opaque_dependency_l6,evaluation_unseen_zero_shot,imagination_depth,full_aassr,full_no_error_penalty,30,0.0,0.0,0.0,0.0,0.0,0.0,1.0,True,1.0
ablation,ablation,opaque_dependency_l6,evaluation_unseen_zero_shot,actual_return,full_aassr,full_no_error_penalty,30,0.0,0.0,0.0,0.0,0.0,0.0,1.0,True,1.0
ablation,ablation,opaque_dependency_l6,evaluation_unseen_zero_shot,runtime_seconds,full_aassr,full_no_error_penalty,30,0.0034980397000035734,0.003498681250178682,-6.415501751083312e-07,-0.0002351766337136117,0.00022175128320426054,-0.0009717277451030009,0.9959002049897505,True,1.0
ablation,ablation,opaque_dependency_l6,evaluation_unseen_zero_shot,real_transitions,full_aassr,full_no_error_penalty,30,6.0,6.0,0.0,0.0,0.0,0.0,1.0,True,1.0
ablation,ablation,opaque_dependency_l6,evaluation_unseen_zero_shot,imagined_transitions,full_aassr,full_no_error_penalty,30,0.0,0.0,0.0,0.0,0.0,0.0,1.0,True,1.0
ablation,ablation,opaque_dependency_l6,evaluation_unseen_zero_shot,action_proposals,full_aassr,full_no_error_penalty,30,6.0,6.0,0.0,0.0,0.0,0.0,1.0,True,1.0
ablation,ablation,opaque_dependency_l6,evaluation_unseen_zero_shot,repeat_rate,full_aassr,full_no_error_penalty,30,0.0,0.0,0.0,0.0,0.0,0.0,1.0,True,1.0
ablation,ablation,opaque_dependency_l6,evaluation_unseen_zero_shot,error_rate,full_aassr,full_no_error_penalty,30,0.0,0.0,0.0,0.0,0.0,0.0,1.0,True,1.0
ablation,ablation,opaque_dependency_l6,evaluation_unseen_zero_shot,success,full_aassr,full_no_repeat_penalty,30,0.0,0.0,0.0,0.0,0.0,0.0,1.0,True,1.0
ablation,ablation,opaque_dependency_l6,evaluation_unseen_zero_shot,steps,full_aassr,full_no_repeat_penalty,30,6.0,6.0,0.0,0.0,0.0,0.0,1.0,True,1.0
ablation,ablation,opaque_dependency_l6,evaluation_unseen_zero_shot,high_level_steps,full_aassr,full_no_repeat_penalty,30,6.0,6.0,0.0,0.0,0.0,0.0,1.0,True,1.0
ablation,ablation,opaque_dependency_l6,evaluation_unseen_zero_shot,primitive_steps,full_aassr,full_no_repeat_penalty,30,6.0,6.0,0.0,0.0,0.0,0.0,1.0,True,1.0
ablation,ablation,opaque_dependency_l6,evaluation_unseen_zero_shot,reward,full_aassr,full_no_repeat_penalty,30,0.0,0.0,0.0,0.0,0.0,0.0,1.0,True,1.0
ablation,ablation,opaque_dependency_l6,evaluation_unseen_zero_shot,errors,full_aassr,full_no_repeat_penalty,30,0.0,0.0,0.0,0.0,0.0,0.0,1.0,True,1.0
ablation,ablation,opaque_dependency_l6,evaluation_unseen_zero_shot,repeats,full_aassr,full_no_repeat_penalty,30,0.0,0.0,0.0,0.0,0.0,0.0,1.0,True,1.0
ablation,ablation,opaque_dependency_l6,evaluation_unseen_zero_shot,prediction_score,full_aassr,full_no_repeat_penalty,30,0.0,0.0,0.0,0.0,0.0,0.0,1.0,True,1.0
ablation,ablation,opaque_dependency_l6,evaluation_unseen_zero_shot,holdout_score,full_aassr,full_no_repeat_penalty,30,1.0,1.0,0.0,0.0,0.0,0.0,1.0,True,1.0
ablation,ablation,opaque_dependency_l6,evaluation_unseen_zero_shot,imagined_nodes,full_aassr,full_no_repeat_penalty,30,0.0,0.0,0.0,0.0,0.0,0.0,1.0,True,1.0
ablation,ablation,opaque_dependency_l6,evaluation_unseen_zero_shot,imagination_depth,full_aassr,full_no_repeat_penalty,30,0.0,0.0,0.0,0.0,0.0,0.0,1.0,True,1.0
ablation,ablation,opaque_dependency_l6,evaluation_unseen_zero_shot,actual_return,full_aassr,full_no_repeat_penalty,30,0.0,0.0,0.0,0.0,0.0,0.0,1.0,True,1.0
ablation,ablation,opaque_dependency_l6,evaluation_unseen_zero_shot,runtime_seconds,full_aassr,full_no_repeat_penalty,30,0.0034980397000035734,0.0034586646000194982,3.9375099984075274e-05,-0.00021537546673304549,0.0002843734165265535,0.055662053948138376,0.759462026898655,True,1.0
ablation,ablation,opaque_dependency_l6,evaluation_unseen_zero_shot,real_transitions,full_aassr,full_no_repeat_penalty,30,6.0,6.0,0.0,0.0,0.0,0.0,1.0,True,1.0
ablation,ablation,opaque_dependency_l6,evaluation_unseen_zero_shot,imagined_transitions,full_aassr,full_no_repeat_penalty,30,0.0,0.0,0.0,0.0,0.0,0.0,1.0,True,1.0
ablation,ablation,opaque_dependency_l6,evaluation_unseen_zero_shot,action_proposals,full_aassr,full_no_repeat_penalty,30,6.0,6.0,0.0,0.0,0.0,0.0,1.0,True,1.0
ablation,ablation,opaque_dependency_l6,evaluation_unseen_zero_shot,repeat_rate,full_aassr,full_no_repeat_penalty,30,0.0,0.0,0.0,0.0,0.0,0.0,1.0,True,1.0
ablation,ablation,opaque_dependency_l6,evaluation_unseen_zero_shot,error_rate,full_aassr,full_no_repeat_penalty,30,0.0,0.0,0.0,0.0,0.0,0.0,1.0,True,1.0
ablation,ablation,opaque_dependency_l6,evaluation_unseen_zero_shot,success,full_aassr,full_no_validated_information,30,0.0,0.0,0.0,0.0,0.0,0.0,1.0,True,1.0
ablation,ablation,opaque_dependency_l6,evaluation_unseen_zero_shot,steps,full_aassr,full_no_validated_information,30,6.0,6.0,0.0,0.0,0.0,0.0,1.0,True,1.0
ablation,ablation,opaque_dependency_l6,evaluation_unseen_zero_shot,high_level_steps,full_aassr,full_no_validated_information,30,6.0,6.0,0.0,0.0,0.0,0.0,1.0,True,1.0
ablation,ablation,opaque_dependency_l6,evaluation_unseen_zero_shot,primitive_steps,full_aassr,full_no_validated_information,30,6.0,6.0,0.0,0.0,0.0,0.0,1.0,True,1.0
ablation,ablation,opaque_dependency_l6,evaluation_unseen_zero_shot,reward,full_aassr,full_no_validated_information,30,0.0,0.0,0.0,0.0,0.0,0.0,1.0,True,1.0
ablation,ablation,opaque_dependency_l6,evaluation_unseen_zero_shot,errors,full_aassr,full_no_validated_information,30,0.0,0.0,0.0,0.0,0.0,0.0,1.0,True,1.0
ablation,ablation,opaque_dependency_l6,evaluation_unseen_zero_shot,repeats,full_aassr,full_no_validated_information,30,0.0,0.0,0.0,0.0,0.0,0.0,1.0,True,1.0
ablation,ablation,opaque_dependency_l6,evaluation_unseen_zero_shot,prediction_score,full_aassr,full_no_validated_information,30,0.0,0.0,0.0,0.0,0.0,0.0,1.0,True,1.0
ablation,ablation,opaque_dependency_l6,evaluation_unseen_zero_shot,holdout_score,full_aassr,full_no_validated_information,30,1.0,1.0,0.0,0.0,0.0,0.0,1.0,True,1.0
ablation,ablation,opaque_dependency_l6,evaluation_unseen_zero_shot,imagined_nodes,full_aassr,full_no_validated_information,30,0.0,0.0,0.0,0.0,0.0,0.0,1.0,True,1.0
ablation,ablation,opaque_dependency_l6,evaluation_unseen_zero_shot,imagination_depth,full_aassr,full_no_validated_information,30,0.0,0.0,0.0,0.0,0.0,0.0,1.0,True,1.0
ablation,ablation,opaque_dependency_l6,evaluation_unseen_zero_shot,actual_return,full_aassr,full_no_validated_information,30,0.0,0.0,0.0,0.0,0.0,0.0,1.0,True,1.0
ablation,ablation,opaque_dependency_l6,evaluation_unseen_zero_shot,runtime_seconds,full_aassr,full_no_validated_information,30,0.0034980397000035734,0.0034603060668353764,3.773363316819689e-05,-0.00019519291703181811,0.000256302133158897,0.056727647995627316,0.751712414379281,True,1.0
ablation,ablation,opaque_dependency_l6,evaluation_unseen_zero_shot,real_transitions,full_aassr,full_no_validated_information,30,6.0,6.0,0.0,0.0,0.0,0.0,1.0,True,1.0
ablation,ablation,opaque_dependency_l6,evaluation_unseen_zero_shot,imagined_transitions,full_aassr,full_no_validated_information,30,0.0,0.0,0.0,0.0,0.0,0.0,1.0,True,1.0
ablation,ablation,opaque_dependency_l6,evaluation_unseen_zero_shot,action_proposals,full_aassr,full_no_validated_information,30,6.0,6.0,0.0,0.0,0.0,0.0,1.0,True,1.0
ablation,ablation,opaque_dependency_l6,evaluation_unseen_zero_shot,repeat_rate,full_aassr,full_no_validated_information,30,0.0,0.0,0.0,0.0,0.0,0.0,1.0,True,1.0
ablation,ablation,opaque_dependency_l6,evaluation_unseen_zero_shot,error_rate,full_aassr,full_no_validated_information,30,0.0,0.0,0.0,0.0,0.0,0.0,1.0,True,1.0
ablation,ablation,opaque_dependency_l6,evaluation_unseen_zero_shot,success,full_aassr,imagination_no_validated_value,30,0.0,0.0,0.0,0.0,0.0,0.0,1.0,True,1.0
ablation,ablation,opaque_dependency_l6,evaluation_unseen_zero_shot,steps,full_aassr,imagination_no_validated_value,30,6.0,6.0,0.0,0.0,0.0,0.0,1.0,True,1.0
ablation,ablation,opaque_dependency_l6,evaluation_unseen_zero_shot,high_level_steps,full_aassr,imagination_no_validated_value,30,6.0,6.0,0.0,0.0,0.0,0.0,1.0,True,1.0
ablation,ablation,opaque_dependency_l6,evaluation_unseen_zero_shot,primitive_steps,full_aassr,imagination_no_validated_value,30,6.0,6.0,0.0,0.0,0.0,0.0,1.0,True,1.0
ablation,ablation,opaque_dependency_l6,evaluation_unseen_zero_shot,reward,full_aassr,imagination_no_validated_value,30,0.0,0.0,0.0,0.0,0.0,0.0,1.0,True,1.0
ablation,ablation,opaque_dependency_l6,evaluation_unseen_zero_shot,errors,full_aassr,imagination_no_validated_value,30,0.0,0.0,0.0,0.0,0.0,0.0,1.0,True,1.0
ablation,ablation,opaque_dependency_l6,evaluation_unseen_zero_shot,repeats,full_aassr,imagination_no_validated_value,30,0.0,0.0,0.0,0.0,0.0,0.0,1.0,True,1.0
ablation,ablation,opaque_dependency_l6,evaluation_unseen_zero_shot,prediction_score,full_aassr,imagination_no_validated_value,30,0.0,0.0,0.0,0.0,0.0,0.0,1.0,True,1.0
ablation,ablation,opaque_dependency_l6,evaluation_unseen_zero_shot,holdout_score,full_aassr,imagination_no_validated_value,30,1.0,1.0,0.0,0.0,0.0,0.0,1.0,True,1.0
ablation,ablation,opaque_dependency_l6,evaluation_unseen_zero_shot,imagined_nodes,full_aassr,imagination_no_validated_value,30,0.0,0.0,0.0,0.0,0.0,0.0,1.0,True,1.0
ablation,ablation,opaque_dependency_l6,evaluation_unseen_zero_shot,imagination_depth,full_aassr,imagination_no_validated_value,30,0.0,0.0,0.0,0.0,0.0,0.0,1.0,True,1.0
ablation,ablation,opaque_dependency_l6,evaluation_unseen_zero_shot,actual_return,full_aassr,imagination_no_validated_value,30,0.0,0.0,0.0,0.0,0.0,0.0,1.0,True,1.0
ablation,ablation,opaque_dependency_l6,evaluation_unseen_zero_shot,runtime_seconds,full_aassr,imagination_no_validated_value,30,0.0034980397000035734,0.003376748916717285,0.0001212907832862886,-6.642058353463663e-05,0.0003167178827813283,0.22703297724870508,0.22598870056497175,True,1.0
ablation,ablation,opaque_dependency_l6,evaluation_unseen_zero_shot,real_transitions,full_aassr,imagination_no_validated_value,30,6.0,6.0,0.0,0.0,0.0,0.0,1.0,True,1.0
ablation,ablation,opaque_dependency_l6,evaluation_unseen_zero_shot,imagined_transitions,full_aassr,imagination_no_validated_value,30,0.0,0.0,0.0,0.0,0.0,0.0,1.0,True,1.0
ablation,ablation,opaque_dependency_l6,evaluation_unseen_zero_shot,action_proposals,full_aassr,imagination_no_validated_value,30,6.0,6.0,0.0,0.0,0.0,0.0,1.0,True,1.0
ablation,ablation,opaque_dependency_l6,evaluation_unseen_zero_shot,repeat_rate,full_aassr,imagination_no_validated_value,30,0.0,0.0,0.0,0.0,0.0,0.0,1.0,True,1.0
ablation,ablation,opaque_dependency_l6,evaluation_unseen_zero_shot,error_rate,full_aassr,imagination_no_validated_value,30,0.0,0.0,0.0,0.0,0.0,0.0,1.0,True,1.0
ablation,ablation,opaque_dependency_l6,evaluation_unseen_zero_shot,success,full_aassr,prophecy_no_imagination,30,0.0,0.0,0.0,0.0,0.0,0.0,1.0,True,1.0
ablation,ablation,opaque_dependency_l6,evaluation_unseen_zero_shot,steps,full_aassr,prophecy_no_imagination,30,6.0,6.0,0.0,0.0,0.0,0.0,1.0,True,1.0
ablation,ablation,opaque_dependency_l6,evaluation_unseen_zero_shot,high_level_steps,full_aassr,prophecy_no_imagination,30,6.0,6.0,0.0,0.0,0.0,0.0,1.0,True,1.0
ablation,ablation,opaque_dependency_l6,evaluation_unseen_zero_shot,primitive_steps,full_aassr,prophecy_no_imagination,30,6.0,6.0,0.0,0.0,0.0,0.0,1.0,True,1.0
ablation,ablation,opaque_dependency_l6,evaluation_unseen_zero_shot,reward,full_aassr,prophecy_no_imagination,30,0.0,0.0,0.0,0.0,0.0,0.0,1.0,True,1.0
ablation,ablation,opaque_dependency_l6,evaluation_unseen_zero_shot,errors,full_aassr,prophecy_no_imagination,30,0.0,0.0,0.0,0.0,0.0,0.0,1.0,True,1.0
ablation,ablation,opaque_dependency_l6,evaluation_unseen_zero_shot,repeats,full_aassr,prophecy_no_imagination,30,0.0,0.0,0.0,0.0,0.0,0.0,1.0,True,1.0
ablation,ablation,opaque_dependency_l6,evaluation_unseen_zero_shot,prediction_score,full_aassr,prophecy_no_imagination,30,0.0,0.0,0.0,0.0,0.0,0.0,1.0,True,1.0
ablation,ablation,opaque_dependency_l6,evaluation_unseen_zero_shot,holdout_score,full_aassr,prophecy_no_imagination,30,1.0,1.0,0.0,0.0,0.0,0.0,1.0,True,1.0
ablation,ablation,opaque_dependency_l6,evaluation_unseen_zero_shot,imagined_nodes,full_aassr,prophecy_no_imagination,30,0.0,0.0,0.0,0.0,0.0,0.0,1.0,True,1.0
ablation,ablation,opaque_dependency_l6,evaluation_unseen_zero_shot,imagination_depth,full_aassr,prophecy_no_imagination,30,0.0,0.0,0.0,0.0,0.0,0.0,1.0,True,1.0
ablation,ablation,opaque_dependency_l6,evaluation_unseen_zero_shot,actual_return,full_aassr,prophecy_no_imagination,30,0.0,0.0,0.0,0.0,0.0,0.0,1.0,True,1.0
ablation,ablation,opaque_dependency_l6,evaluation_unseen_zero_shot,runtime_seconds,full_aassr,prophecy_no_imagination,30,0.0034980397000035734,0.003275758416891525,0.0002222812831120488,4.31066630699208e-06,0.0004354116663113624,0.3551843051653566,0.06664666766661667,True,1.0
ablation,ablation,opaque_dependency_l6,evaluation_unseen_zero_shot,real_transitions,full_aassr,prophecy_no_imagination,30,6.0,6.0,0.0,0.0,0.0,0.0,1.0,True,1.0
ablation,ablation,opaque_dependency_l6,evaluation_unseen_zero_shot,imagined_transitions,full_aassr,prophecy_no_imagination,30,0.0,0.0,0.0,0.0,0.0,0.0,1.0,True,1.0
ablation,ablation,opaque_dependency_l6,evaluation_unseen_zero_shot,action_proposals,full_aassr,prophecy_no_imagination,30,6.0,6.0,0.0,0.0,0.0,0.0,1.0,True,1.0
ablation,ablation,opaque_dependency_l6,evaluation_unseen_zero_shot,repeat_rate,full_aassr,prophecy_no_imagination,30,0.0,0.0,0.0,0.0,0.0,0.0,1.0,True,1.0
ablation,ablation,opaque_dependency_l6,evaluation_unseen_zero_shot,error_rate,full_aassr,prophecy_no_imagination,30,0.0,0.0,0.0,0.0,0.0,0.0,1.0,True,1.0
ablation,ablation,opaque_dependency_l6,training,success,full_aassr,axis_aggregation=max,30,0.35561666666666664,0.33521666666666666,0.02040000000000001,-0.019233333333333325,0.05885,0.1803080518553618,0.3341832908354582,True,1.0
ablation,ablation,opaque_dependency_l6,training,prediction_score,full_aassr,axis_aggregation=max,30,0.9899861111111111,0.9899944444444445,-8.333333333313911e-06,-2.2222222222223477e-05,5.55555555558455e-06,-0.20804706700480005,0.447877606119694,True,1.0
ablation,ablation,opaque_dependency_l6,training,holdout_gain,full_aassr,axis_aggregation=max,30,6.4646491566515e-06,6.3778436010959445e-06,8.680555555555548e-08,-1.2705494208814505e-22,2.604166666666666e-07,0.18257418583505525,1.0,True,1.0
ablation,ablation,opaque_dependency_l6,training,learning_auc,full_aassr,axis_aggregation=max,30,0.35566116391529096,0.33526763381690844,0.020393530098382517,-0.01957645489411373,0.06033850258462565,0.18024074775831891,0.33248337583120846,True,1.0
ablation,ablation,opaque_dependency_l6,training,final_tail_success,full_aassr,axis_aggregation=max,30,0.534,0.4995,0.0345,-0.027500000000000007,0.09466666666666666,0.20174504821419467,0.2743362831858407,True,1.0
ablation,ablation,opaque_dependency_l6,training,first_success_real_transitions,full_aassr,axis_aggregation=max,30,332.6,282.2,50.4,-13.6,129.4,0.24167870256880067,0.21738913054347284,True,1.0
ablation,ablation,opaque_dependency_l6,training,success,full_aassr,axis_aggregation=mean,30,0.35561666666666664,0.33521666666666666,0.02040000000000001,-0.019549999999999988,0.05976666666666667,0.1803080518553618,0.33068346582670866,True,1.0
ablation,ablation,opaque_dependency_l6,training,prediction_score,full_aassr,axis_aggregation=mean,30,0.9899861111111111,0.9899944444444445,-8.333333333313911e-06,-2.2222222222212374e-05,5.55555555558455e-06,-0.20804706700480005,0.456227188640568,True,1.0
ablation,ablation,opaque_dependency_l6,training,holdout_gain,full_aassr,axis_aggregation=mean,30,6.4646491566515e-06,6.3778436010959445e-06,8.680555555555548e-08,-1.2705494208814505e-22,2.604166666666666e-07,0.18257418583505525,1.0,True,1.0
ablation,ablation,opaque_dependency_l6,training,learning_auc,full_aassr,axis_aggregation=mean,30,0.35566116391529096,0.33526763381690844,0.020393530098382517,-0.01746706686676672,0.05981323995330999,0.18024074775831891,0.33138343082845856,True,1.0
ablation,ablation,opaque_dependency_l6,training,final_tail_success,full_aassr,axis_aggregation=mean,30,0.534,0.4995,0.0345,-0.029000000000000012,0.09416666666666668,0.20174504821419467,0.26933653317334133,True,1.0
ablation,ablation,opaque_dependency_l6,training,first_success_real_transitions,full_aassr,axis_aggregation=mean,30,332.6,282.2,50.4,-13.4,132.4,0.24167870256880067,0.2175891205439728,True,1.0
ablation,ablation,opaque_dependency_l6,training,success,full_aassr,axis_aggregation=risk-adjusted,30,0.35561666666666664,0.33521666666666666,0.02040000000000001,-0.01974999999999999,0.05930000000000001,0.1803080518553618,0.3341832908354582,True,1.0
ablation,ablation,opaque_dependency_l6,training,prediction_score,full_aassr,axis_aggregation=risk-adjusted,30,0.9899861111111111,0.9899944444444445,-8.333333333313911e-06,-2.2222222222212374e-05,5.55555555558455e-06,-0.20804706700480005,0.44917754112294384,True,1.0
ablation,ablation,opaque_dependency_l6,training,holdout_gain,full_aassr,axis_aggregation=risk-adjusted,30,6.4646491566515e-06,6.3778436010959445e-06,8.680555555555548e-08,-1.2705494208814505e-22,2.604166666666666e-07,0.18257418583505525,1.0,True,1.0
ablation,ablation,opaque_dependency_l6,training,learning_auc,full_aassr,axis_aggregation=risk-adjusted,30,0.35566116391529096,0.33526763381690844,0.020393530098382517,-0.020693680173420048,0.059954977488744364,0.18024074775831891,0.33058347082645867,True,1.0
ablation,ablation,opaque_dependency_l6,training,final_tail_success,full_aassr,axis_aggregation=risk-adjusted,30,0.534,0.4995,0.0345,-0.02766666666666668,0.09366666666666669,0.20174504821419467,0.2752362381880906,True,1.0
ablation,ablation,opaque_dependency_l6,training,first_success_real_transitions,full_aassr,axis_aggregation=risk-adjusted,30,332.6,282.2,50.4,-13.8,131.8,0.24167870256880067,0.21878906054697264,True,1.0
ablation,ablation,opaque_dependency_l6,training,success,full_aassr,axis_branch=1,30,0.35561666666666664,0.33521666666666666,0.02040000000000001,-0.018649999999999996,0.05983333333333333,0.1803080518553618,0.33068346582670866,True,1.0
ablation,ablation,opaque_dependency_l6,training,prediction_score,full_aassr,axis_branch=1,30,0.9899861111111111,0.9899944444444445,-8.333333333313911e-06,-2.2222222222219774e-05,5.55555555558455e-06,-0.20804706700480005,0.45027748612569374,True,1.0
ablation,ablation,opaque_dependency_l6,training,holdout_gain,full_aassr,axis_branch=1,30,6.4646491566515e-06,6.3778436010959445e-06,8.680555555555548e-08,-1.2705494208814505e-22,2.604166666666666e-07,0.18257418583505525,1.0,True,1.0
ablation,ablation,opaque_dependency_l6,training,learning_auc,full_aassr,axis_branch=1,30,0.35566116391529096,0.33526763381690844,0.020393530098382517,-0.019843254960813753,0.06008004002001001,0.18024074775831891,0.33268336583170843,True,1.0
ablation,ablation,opaque_dependency_l6,training,final_tail_success,full_aassr,axis_branch=1,30,0.534,0.4995,0.0345,-0.02483333333333334,0.09283333333333334,0.20174504821419467,0.2670866456677166,True,1.0
ablation,ablation,opaque_dependency_l6,training,first_success_real_transitions,full_aassr,axis_branch=1,30,332.6,282.2,50.4,-13.4,131.0,0.24167870256880067,0.2216889155542223,True,1.0
ablation,ablation,opaque_dependency_l6,training,success,full_aassr,axis_branch=2,30,0.35561666666666664,0.33521666666666666,0.02040000000000001,-0.02005,0.05930000000000002,0.1803080518553618,0.3303834808259587,True,1.0
ablation,ablation,opaque_dependency_l6,training,prediction_score,full_aassr,axis_branch=2,30,0.9899861111111111,0.9899944444444445,-8.333333333313911e-06,-2.2222222222219774e-05,5.5555555555882504e-06,-0.20804706700480005,0.4544772761361932,True,1.0
ablation,ablation,opaque_dependency_l6,training,holdout_gain,full_aassr,axis_branch=2,30,6.4646491566515e-06,6.3778436010959445e-06,8.680555555555548e-08,-1.2705494208814505e-22,2.604166666666666e-07,0.18257418583505525,1.0,True,1.0
ablation,ablation,opaque_dependency_l6,training,learning_auc,full_aassr,axis_branch=2,30,0.35566116391529096,0.33526763381690844,0.020393530098382517,-0.0194180423545106,0.06007170251792563,0.18024074775831891,0.3351832408379581,True,1.0
ablation,ablation,opaque_dependency_l6,training,final_tail_success,full_aassr,axis_branch=2,30,0.534,0.4995,0.0345,-0.026500000000000006,0.09383333333333334,0.20174504821419467,0.2777861106944653,True,1.0
ablation,ablation,opaque_dependency_l6,training,first_success_real_transitions,full_aassr,axis_branch=2,30,332.6,282.2,50.4,-14.0,128.8,0.24167870256880067,0.22128893555322235,True,1.0
ablation,ablation,opaque_dependency_l6,training,success,full_aassr,axis_branch=4,30,0.35561666666666664,0.33521666666666666,0.02040000000000001,-0.019433333333333327,0.061550000000000014,0.1803080518553618,0.3376831158442078,True,1.0
ablation,ablation,opaque_dependency_l6,training,prediction_score,full_aassr,axis_branch=4,30,0.9899861111111111,0.9899944444444445,-8.333333333313911e-06,-2.2222222222212374e-05,5.5555555555882504e-06,-0.20804706700480005,0.45427728613569324,True,1.0
ablation,ablation,opaque_dependency_l6,training,holdout_gain,full_aassr,axis_branch=4,30,6.4646491566515e-06,6.3778436010959445e-06,8.680555555555548e-08,-1.2705494208814505e-22,2.604166666666666e-07,0.18257418583505525,1.0,True,1.0
ablation,ablation,opaque_dependency_l6,training,learning_auc,full_aassr,axis_branch=4,30,0.35566116391529096,0.33526763381690844,0.020393530098382517,-0.020401867600466906,0.05959646489911622,0.18024074775831891,0.33623318834058297,True,1.0
ablation,ablation,opaque_dependency_l6,training,final_tail_success,full_aassr,axis_branch=4,30,0.534,0.4995,0.0345,-0.025000000000000015,0.0925,0.20174504821419467,0.27113644317784114,True,1.0
ablation,ablation,opaque_dependency_l6,training,first_success_real_transitions,full_aassr,axis_branch=4,30,332.6,282.2,50.4,-13.2,130.2,0.24167870256880067,0.21703914804259786,True,1.0
ablation,ablation,opaque_dependency_l6,training,success,full_aassr,axis_depth=1,30,0.35561666666666664,0.33521666666666666,0.020399999999999998,-0.02016666666666667,0.06088333333333334,0.1803080518553617,0.33163341832908355,True,1.0
ablation,ablation,opaque_dependency_l6,training,prediction_score,full_aassr,axis_depth=1,30,0.9899861111111111,0.9899944444444444,-8.33333333330281e-06,-2.2222222222212374e-05,5.555555555595652e-06,-0.20804706700459324,0.4525773711314434,True,1.0
ablation,ablation,opaque_dependency_l6,training,holdout_gain,full_aassr,axis_depth=1,30,6.4646491566515e-06,6.3778436010959445e-06,8.680555555555545e-08,-1.6940658945086008e-22,2.6041666666666657e-07,0.1825741858350552,1.0,True,1.0
ablation,ablation,opaque_dependency_l6,training,learning_auc,full_aassr,axis_depth=1,30,0.35566116391529096,0.33526763381690844,0.020393530098382528,-0.02152743038185758,0.058887777221944305,0.18024074775831903,0.33338333083345834,True,1.0
ablation,ablation,opaque_dependency_l6,training,final_tail_success,full_aassr,axis_depth=1,30,0.534,0.4995,0.0345,-0.027500000000000004,0.09200000000000001,0.20174504821419467,0.272086395680216,True,1.0
ablation,ablation,opaque_dependency_l6,training,first_success_real_transitions,full_aassr,axis_depth=1,30,332.6,282.2,50.4,-14.8,130.4,0.24167870256880067,0.22348882555872207,True,1.0
ablation,ablation,opaque_dependency_l6,training,success,full_aassr,axis_depth=2,30,0.35561666666666664,0.33521666666666666,0.020399999999999998,-0.019483333333333328,0.05976666666666667,0.1803080518553617,0.33393330333483323,True,1.0
ablation,ablation,opaque_dependency_l6,training,prediction_score,full_aassr,axis_depth=2,30,0.9899861111111111,0.9899944444444444,-8.33333333330281e-06,-2.2222222222193868e-05,5.5555555555993525e-06,-0.20804706700459324,0.4568271586420679,True,1.0
ablation,ablation,opaque_dependency_l6,training,holdout_gain,full_aassr,axis_depth=2,30,6.4646491566515e-06,6.3778436010959445e-06,8.680555555555545e-08,-1.6940658945086008e-22,2.6041666666666657e-07,0.1825741858350552,1.0,True,1.0
ablation,ablation,opaque_dependency_l6,training,learning_auc,full_aassr,axis_depth=2,30,0.35566116391529096,0.33526763381690844,0.020393530098382528,-0.018951142237785556,0.05914623978655995,0.18024074775831903,0.33013349332533376,True,1.0
ablation,ablation,opaque_dependency_l6,training,final_tail_success,full_aassr,axis_depth=2,30,0.534,0.4995,0.0345,-0.027833333333333342,0.09266666666666666,0.20174504821419467,0.2704364781760912,True,1.0
ablation,ablation,opaque_dependency_l6,training,first_success_real_transitions,full_aassr,axis_depth=2,30,332.6,282.2,50.4,-13.8,133.2,0.24167870256880067,0.21388930553472327,True,1.0
ablation,ablation,opaque_dependency_l6,training,success,full_aassr,axis_depth=4,30,0.35561666666666664,0.33521666666666666,0.020399999999999998,-0.01976666666666667,0.059550000000000006,0.1803080518553617,0.3309834508274586,True,1.0
ablation,ablation,opaque_dependency_l6,training,prediction_score,full_aassr,axis_depth=4,30,0.9899861111111111,0.9899944444444444,-8.33333333330281e-06,-2.2222222222193868e-05,5.555555555591951e-06,-0.20804706700459324,0.4528773561321934,True,1.0
ablation,ablation,opaque_dependency_l6,training,holdout_gain,full_aassr,axis_depth=4,30,6.4646491566515e-06,6.3778436010959445e-06,8.680555555555545e-08,-1.6940658945086008e-22,2.6041666666666657e-07,0.1825741858350552,1.0,True,1.0
ablation,ablation,opaque_dependency_l6,training,learning_auc,full_aassr,axis_depth=4,30,0.35566116391529096,0.33526763381690844,0.020393530098382528,-0.0188677672169418,0.05957978989494748,0.18024074775831903,0.3348832558372081,True,1.0
ablation,ablation,opaque_dependency_l6,training,final_tail_success,full_aassr,axis_depth=4,30,0.534,0.4995,0.0345,-0.0275,0.09416666666666668,0.20174504821419467,0.2734363281835908,True,1.0
ablation,ablation,opaque_dependency_l6,training,first_success_real_transitions,full_aassr,axis_depth=4,30,332.6,282.2,50.4,-13.8,130.2,0.24167870256880067,0.2183390830458477,True,1.0
ablation,ablation,opaque_dependency_l6,training,success,full_aassr,axis_depth=6,30,0.35561666666666664,0.33521666666666666,0.020399999999999998,-0.020266666666666662,0.05871666666666667,0.1803080518553617,0.328383580820959,True,1.0
ablation,ablation,opaque_dependency_l6,training,prediction_score,full_aassr,axis_depth=6,30,0.9899861111111111,0.9899944444444444,-8.33333333330281e-06,-2.222222222220127e-05,5.555555555595652e-06,-0.20804706700459324,0.4574271286435678,True,1.0
ablation,ablation,opaque_dependency_l6,training,holdout_gain,full_aassr,axis_depth=6,30,6.4646491566515e-06,6.3778436010959445e-06,8.680555555555545e-08,-1.6940658945086008e-22,2.6041666666666657e-07,0.1825741858350552,1.0,True,1.0
ablation,ablation,opaque_dependency_l6,training,learning_auc,full_aassr,axis_depth=6,30,0.35566116391529096,0.33526763381690844,0.020393530098382528,-0.01917625479406369,0.06043855260963815,0.18024074775831903,0.3373331333433328,True,1.0
ablation,ablation,opaque_dependency_l6,training,final_tail_success,full_aassr,axis_depth=6,30,0.534,0.4995,0.0345,-0.02700000000000001,0.09383333333333335,0.20174504821419467,0.27713614319284036,True,1.0
ablation,ablation,opaque_dependency_l6,training,first_success_real_transitions,full_aassr,axis_depth=6,30,332.6,282.2,50.4,-13.6,129.2,0.24167870256880067,0.21978901054947253,True,1.0
ablation,ablation,opaque_dependency_l6,training,success,full_aassr,contextual_policy,30,0.35561666666666664,0.4769333333333333,-0.12131666666666668,-0.16171666666666668,-0.07990000000000003,-1.0445389256309747,4.999750012499375e-05,True,0.0029498525073746312
ablation,ablation,opaque_dependency_l6,training,steps,full_aassr,contextual_policy,30,6.0,6.0,0.0,0.0,0.0,0.0,1.0,True,1.0
ablation,ablation,opaque_dependency_l6,training,high_level_steps,full_aassr,contextual_policy,30,6.0,6.0,0.0,0.0,0.0,0.0,1.0,True,1.0
ablation,ablation,opaque_dependency_l6,training,primitive_steps,full_aassr,contextual_policy,30,6.0,6.0,0.0,0.0,0.0,0.0,1.0,True,1.0
ablation,ablation,opaque_dependency_l6,training,reward,full_aassr,contextual_policy,30,0.35561666666666664,0.4769333333333333,-0.12131666666666668,-0.1617666666666667,-0.07946666666666666,-1.0445389256309747,4.999750012499375e-05,True,0.0020998950052497373
ablation,ablation,opaque_dependency_l6,training,errors,full_aassr,contextual_policy,30,0.0,0.0,0.0,0.0,0.0,0.0,1.0,True,1.0
ablation,ablation,opaque_dependency_l6,training,repeats,full_aassr,contextual_policy,30,0.0,0.0,0.0,0.0,0.0,0.0,1.0,True,1.0
ablation,ablation,opaque_dependency_l6,training,prediction_score,full_aassr,contextual_policy,30,0.9899861111111111,0.0,0.9899861111111111,0.9897805555555556,0.9901777777777777,1754.10794864689,4.999750012499375e-05,True,0.0029498525073746312
ablation,ablation,opaque_dependency_l6,training,holdout_score,full_aassr,contextual_policy,30,0.12353812622633432,0.0,0.12353812622633432,0.12345414275761647,0.12361779536616059,546.4491271082488,4.999750012499375e-05,True,0.0020998950052497373
ablation,ablation,opaque_dependency_l6,training,holdout_gain,full_aassr,contextual_policy,30,6.4646491566515e-06,0.0,6.4646491566515e-06,4.826945994944715e-06,8.266067577555216e-06,1.3048076841310723,4.999750012499375e-05,True,0.0029498525073746312
ablation,ablation,opaque_dependency_l6,training,imagined_nodes,full_aassr,contextual_policy,30,186.4534,0.0,186.4534,185.98781666666667,186.92974999999998,137.57091182476503,4.999750012499375e-05,True,0.0020998950052497373
ablation,ablation,opaque_dependency_l6,training,imagination_depth,full_aassr,contextual_policy,30,5.444116666666667,0.0,5.444116666666667,5.4353,5.453166666666666,218.383998313907,4.999750012499375e-05,True,0.0020998950052497373
ablation,ablation,opaque_dependency_l6,training,actual_return,full_aassr,contextual_policy,30,0.35561666666666664,0.4769333333333333,-0.12131666666666668,-0.1615666666666667,-0.07933333333333334,-1.0445389256309747,4.999750012499375e-05,True,0.0020998950052497373
ablation,ablation,opaque_dependency_l6,training,runtime_seconds,full_aassr,contextual_policy,30,0.006656164208364498,0.00041700282496409875,0.0062391613834004,0.006127511973310417,0.0063452442683861595,20.186458814413623,4.999750012499375e-05,True,0.0020998950052497373
ablation,ablation,opaque_dependency_l6,training,real_transitions,full_aassr,contextual_policy,30,6.0,6.0,0.0,0.0,0.0,0.0,1.0,True,1.0
ablation,ablation,opaque_dependency_l6,training,imagined_transitions,full_aassr,contextual_policy,30,186.4534,0.0,186.4534,185.97755,186.94975000000002,137.57091182476503,4.999750012499375e-05,True,0.0020998950052497373
ablation,ablation,opaque_dependency_l6,training,action_proposals,full_aassr,contextual_policy,30,6.0,6.0,0.0,0.0,0.0,0.0,1.0,True,1.0
ablation,ablation,opaque_dependency_l6,training,repeat_rate,full_aassr,contextual_policy,30,0.0,0.0,0.0,0.0,0.0,0.0,1.0,True,1.0
ablation,ablation,opaque_dependency_l6,training,error_rate,full_aassr,contextual_policy,30,0.0,0.0,0.0,0.0,0.0,0.0,1.0,True,1.0
ablation,ablation,opaque_dependency_l6,training,learning_auc,full_aassr,contextual_policy,30,0.35566116391529096,0.47703851925962987,-0.12137735534433884,-0.16303985325996334,-0.08045689511422378,-1.0450464560855968,4.999750012499375e-05,True,0.0029498525073746312
ablation,ablation,opaque_dependency_l6,training,final_tail_success,full_aassr,contextual_policy,30,0.534,0.7568333333333332,-0.22283333333333333,-0.2833333333333333,-0.1605,-1.2540937947143507,4.999750012499375e-05,True,0.0029498525073746312
ablation,ablation,opaque_dependency_l6,training,first_success_real_transitions,full_aassr,contextual_policy,30,332.6,382.2,-49.6,-189.6,44.4,-0.1506219820717878,0.5550722463876806,True,1.0
ablation,ablation,opaque_dependency_l6,training,success,full_aassr,full_depth1_branch1_max,30,0.35561666666666664,0.33521666666666666,0.020400000000000005,-0.020066666666666667,0.05943333333333334,0.18030805185536178,0.3343832808359582,True,1.0
ablation,ablation,opaque_dependency_l6,training,steps,full_aassr,full_depth1_branch1_max,30,6.0,6.0,0.0,0.0,0.0,0.0,1.0,True,1.0
ablation,ablation,opaque_dependency_l6,training,high_level_steps,full_aassr,full_depth1_branch1_max,30,6.0,6.0,0.0,0.0,0.0,0.0,1.0,True,1.0
ablation,ablation,opaque_dependency_l6,training,primitive_steps,full_aassr,full_depth1_branch1_max,30,6.0,6.0,0.0,0.0,0.0,0.0,1.0,True,1.0
ablation,ablation,opaque_dependency_l6,training,reward,full_aassr,full_depth1_branch1_max,30,0.35561666666666664,0.33521666666666666,0.020400000000000005,-0.020199999999999996,0.05903333333333334,0.18030805185536178,0.3303834808259587,True,1.0
ablation,ablation,opaque_dependency_l6,training,errors,full_aassr,full_depth1_branch1_max,30,0.0,0.0,0.0,0.0,0.0,0.0,1.0,True,1.0
ablation,ablation,opaque_dependency_l6,training,repeats,full_aassr,full_depth1_branch1_max,30,0.0,0.0,0.0,0.0,0.0,0.0,1.0,True,1.0
ablation,ablation,opaque_dependency_l6,training,prediction_score,full_aassr,full_depth1_branch1_max,30,0.9899861111111111,0.9899944444444445,-8.333333333328714e-06,-2.2222222222234576e-05,5.555555555569747e-06,-0.20804706700518616,0.4471776411179441,True,1.0
ablation,ablation,opaque_dependency_l6,training,holdout_score,full_aassr,full_depth1_branch1_max,30,0.12353812622633432,0.12354595175287926,-7.825526544947189e-06,-1.9169899398352915e-05,2.8241792637384576e-06,-0.2534052561976765,0.17854107294635269,True,1.0
ablation,ablation,opaque_dependency_l6,training,holdout_gain,full_aassr,full_depth1_branch1_max,30,6.4646491566515e-06,6.3778436010959445e-06,8.680555555555553e-08,0.0,2.604166666666666e-07,0.18257418583505536,1.0,True,1.0
ablation,ablation,opaque_dependency_l6,training,imagined_nodes,full_aassr,full_depth1_branch1_max,30,186.4534,9.115633333333333,177.33776666666665,176.87916666666666,177.80193333333332,133.47524659408901,4.999750012499375e-05,True,0.0020998950052497373
ablation,ablation,opaque_dependency_l6,training,imagination_depth,full_aassr,full_depth1_branch1_max,30,5.444116666666667,0.9708666666666667,4.473249999999999,4.465116666666666,4.4817833333333335,190.0775425578264,4.999750012499375e-05,True,0.0020998950052497373
ablation,ablation,opaque_dependency_l6,training,actual_return,full_aassr,full_depth1_branch1_max,30,0.35561666666666664,0.33521666666666666,0.020400000000000005,-0.019249999999999996,0.05878333333333334,0.18030805185536178,0.33013349332533376,True,1.0
ablation,ablation,opaque_dependency_l6,training,runtime_seconds,full_aassr,full_depth1_branch1_max,30,0.006656164208364498,0.0015714897582865283,0.0050846744500779705,0.004973330066700389,0.005205038701706023,15.572727041173303,4.999750012499375e-05,True,0.0020998950052497373
ablation,ablation,opaque_dependency_l6,training,real_transitions,full_aassr,full_depth1_branch1_max,30,6.0,6.0,0.0,0.0,0.0,0.0,1.0,True,1.0
ablation,ablation,opaque_dependency_l6,training,imagined_transitions,full_aassr,full_depth1_branch1_max,30,186.4534,9.115633333333333,177.33776666666665,176.8686,177.80413333333334,133.47524659408901,4.999750012499375e-05,True,0.0020998950052497373
ablation,ablation,opaque_dependency_l6,training,action_proposals,full_aassr,full_depth1_branch1_max,30,6.0,6.0,0.0,0.0,0.0,0.0,1.0,True,1.0
ablation,ablation,opaque_dependency_l6,training,repeat_rate,full_aassr,full_depth1_branch1_max,30,0.0,0.0,0.0,0.0,0.0,0.0,1.0,True,1.0
ablation,ablation,opaque_dependency_l6,training,error_rate,full_aassr,full_depth1_branch1_max,30,0.0,0.0,0.0,0.0,0.0,0.0,1.0,True,1.0
ablation,ablation,opaque_dependency_l6,training,learning_auc,full_aassr,full_depth1_branch1_max,30,0.35566116391529096,0.33526763381690844,0.020393530098382528,-0.01915124228781057,0.05892112723028182,0.18024074775831903,0.33153342332883357,True,1.0
ablation,ablation,opaque_dependency_l6,training,final_tail_success,full_aassr,full_depth1_branch1_max,30,0.534,0.4995,0.0345,-0.02650000000000001,0.09483333333333334,0.20174504821419467,0.27328633568321586,True,1.0
ablation,ablation,opaque_dependency_l6,training,first_success_real_transitions,full_aassr,full_depth1_branch1_max,30,332.6,282.2,50.4,-13.6,131.4,0.24167870256880067,0.22108894555272238,True,1.0
ablation,ablation,opaque_dependency_l6,training,success,full_aassr,full_depth1_branch1_mean,30,0.35561666666666664,0.33521666666666666,0.020400000000000005,-0.020433333333333324,0.05856666666666667,0.18030805185536178,0.33023348832558375,True,1.0
ablation,ablation,opaque_dependency_l6,training,steps,full_aassr,full_depth1_branch1_mean,30,6.0,6.0,0.0,0.0,0.0,0.0,1.0,True,1.0
ablation,ablation,opaque_dependency_l6,training,high_level_steps,full_aassr,full_depth1_branch1_mean,30,6.0,6.0,0.0,0.0,0.0,0.0,1.0,True,1.0
ablation,ablation,opaque_dependency_l6,training,primitive_steps,full_aassr,full_depth1_branch1_mean,30,6.0,6.0,0.0,0.0,0.0,0.0,1.0,True,1.0
ablation,ablation,opaque_dependency_l6,training,reward,full_aassr,full_depth1_branch1_mean,30,0.35561666666666664,0.33521666666666666,0.020400000000000005,-0.019283333333333333,0.058933333333333324,0.18030805185536178,0.3321833908304585,True,1.0
ablation,ablation,opaque_dependency_l6,training,errors,full_aassr,full_depth1_branch1_mean,30,0.0,0.0,0.0,0.0,0.0,0.0,1.0,True,1.0
ablation,ablation,opaque_dependency_l6,training,repeats,full_aassr,full_depth1_branch1_mean,30,0.0,0.0,0.0,0.0,0.0,0.0,1.0,True,1.0
ablation,ablation,opaque_dependency_l6,training,prediction_score,full_aassr,full_depth1_branch1_mean,30,0.9899861111111111,0.9899944444444445,-8.333333333328714e-06,-2.2222222222230877e-05,5.555555555569747e-06,-0.20804706700518616,0.45147742612869357,True,1.0
ablation,ablation,opaque_dependency_l6,training,holdout_score,full_aassr,full_depth1_branch1_mean,30,0.12353812622633432,0.12354595175287926,-7.825526544947189e-06,-1.9147661389248837e-05,2.1659588077889886e-06,-0.2534052561976765,0.18034098295085246,True,1.0
ablation,ablation,opaque_dependency_l6,training,holdout_gain,full_aassr,full_depth1_branch1_mean,30,6.4646491566515e-06,6.3778436010959445e-06,8.680555555555553e-08,0.0,2.604166666666666e-07,0.18257418583505536,1.0,True,1.0
ablation,ablation,opaque_dependency_l6,training,imagined_nodes,full_aassr,full_depth1_branch1_mean,30,186.4534,9.115633333333333,177.33776666666665,176.88241666666667,177.80653333333333,133.47524659408901,4.999750012499375e-05,True,0.0020998950052497373
ablation,ablation,opaque_dependency_l6,training,imagination_depth,full_aassr,full_depth1_branch1_mean,30,5.444116666666667,0.9708666666666667,4.473249999999999,4.4651000000000005,4.4817,190.0775425578264,4.999750012499375e-05,True,0.0020998950052497373
ablation,ablation,opaque_dependency_l6,training,actual_return,full_aassr,full_depth1_branch1_mean,30,0.35561666666666664,0.33521666666666666,0.020400000000000005,-0.020149999999999994,0.060183333333333346,0.18030805185536178,0.33078346082695864,True,1.0
ablation,ablation,opaque_dependency_l6,training,runtime_seconds,full_aassr,full_depth1_branch1_mean,30,0.006656164208364498,0.001577976086680428,0.005078188121684071,0.004970727744955608,0.005189209156697809,16.450249700781836,4.999750012499375e-05,True,0.0020998950052497373
ablation,ablation,opaque_dependency_l6,training,real_transitions,full_aassr,full_depth1_branch1_mean,30,6.0,6.0,0.0,0.0,0.0,0.0,1.0,True,1.0
ablation,ablation,opaque_dependency_l6,training,imagined_transitions,full_aassr,full_depth1_branch1_mean,30,186.4534,9.115633333333333,177.33776666666665,176.87876666666668,177.80021666666664,133.47524659408901,4.999750012499375e-05,True,0.0020998950052497373
ablation,ablation,opaque_dependency_l6,training,action_proposals,full_aassr,full_depth1_branch1_mean,30,6.0,6.0,0.0,0.0,0.0,0.0,1.0,True,1.0
ablation,ablation,opaque_dependency_l6,training,repeat_rate,full_aassr,full_depth1_branch1_mean,30,0.0,0.0,0.0,0.0,0.0,0.0,1.0,True,1.0
ablation,ablation,opaque_dependency_l6,training,error_rate,full_aassr,full_depth1_branch1_mean,30,0.0,0.0,0.0,0.0,0.0,0.0,1.0,True,1.0
ablation,ablation,opaque_dependency_l6,training,learning_auc,full_aassr,full_depth1_branch1_mean,30,0.35566116391529096,0.33526763381690844,0.020393530098382528,-0.01964315491078872,0.05884608971152243,0.18024074775831903,0.3349832508374581,True,1.0
ablation,ablation,opaque_dependency_l6,training,final_tail_success,full_aassr,full_depth1_branch1_mean,30,0.534,0.4995,0.0345,-0.022500000000000003,0.09283333333333334,0.20174504821419467,0.27068646567671617,True,1.0
ablation,ablation,opaque_dependency_l6,training,first_success_real_transitions,full_aassr,full_depth1_branch1_mean,30,332.6,282.2,50.4,-13.4,133.8,0.24167870256880067,0.21338933053347334,True,1.0
ablation,ablation,opaque_dependency_l6,training,success,full_aassr,full_depth1_branch1_risk-adjusted,30,0.35561666666666664,0.33521666666666666,0.020400000000000005,-0.01976666666666666,0.06101666666666667,0.18030805185536178,0.32763361831908405,True,1.0
ablation,ablation,opaque_dependency_l6,training,steps,full_aassr,full_depth1_branch1_risk-adjusted,30,6.0,6.0,0.0,0.0,0.0,0.0,1.0,True,1.0
ablation,ablation,opaque_dependency_l6,training,high_level_steps,full_aassr,full_depth1_branch1_risk-adjusted,30,6.0,6.0,0.0,0.0,0.0,0.0,1.0,True,1.0
ablation,ablation,opaque_dependency_l6,training,primitive_steps,full_aassr,full_depth1_branch1_risk-adjusted,30,6.0,6.0,0.0,0.0,0.0,0.0,1.0,True,1.0
ablation,ablation,opaque_dependency_l6,training,reward,full_aassr,full_depth1_branch1_risk-adjusted,30,0.35561666666666664,0.33521666666666666,0.020400000000000005,-0.02016666666666666,0.058666666666666666,0.18030805185536178,0.3312334383280836,True,1.0
ablation,ablation,opaque_dependency_l6,training,errors,full_aassr,full_depth1_branch1_risk-adjusted,30,0.0,0.0,0.0,0.0,0.0,0.0,1.0,True,1.0
ablation,ablation,opaque_dependency_l6,training,repeats,full_aassr,full_depth1_branch1_risk-adjusted,30,0.0,0.0,0.0,0.0,0.0,0.0,1.0,True,1.0
ablation,ablation,opaque_dependency_l6,training,prediction_score,full_aassr,full_depth1_branch1_risk-adjusted,30,0.9899861111111111,0.9899944444444445,-8.333333333328714e-06,-2.2222222222230877e-05,5.555555555569747e-06,-0.20804706700518616,0.4550772461376931,True,1.0
ablation,ablation,opaque_dependency_l6,training,holdout_score,full_aassr,full_depth1_branch1_risk-adjusted,30,0.12353812622633432,0.12354595175287926,-7.825526544947189e-06,-1.8894636297388245e-05,2.603606494063863e-06,-0.2534052561976765,0.18049097545122744,True,1.0
ablation,ablation,opaque_dependency_l6,training,holdout_gain,full_aassr,full_depth1_branch1_risk-adjusted,30,6.4646491566515e-06,6.3778436010959445e-06,8.680555555555553e-08,0.0,2.604166666666666e-07,0.18257418583505536,1.0,True,1.0
ablation,ablation,opaque_dependency_l6,training,imagined_nodes,full_aassr,full_depth1_branch1_risk-adjusted,30,186.4534,9.115633333333333,177.33776666666665,176.87418333333332,177.82065,133.47524659408901,4.999750012499375e-05,True,0.0020998950052497373
ablation,ablation,opaque_dependency_l6,training,imagination_depth,full_aassr,full_depth1_branch1_risk-adjusted,30,5.444116666666667,0.9708666666666667,4.473249999999999,4.465083333333333,4.481633333333334,190.0775425578264,4.999750012499375e-05,True,0.0020998950052497373
ablation,ablation,opaque_dependency_l6,training,actual_return,full_aassr,full_depth1_branch1_risk-adjusted,30,0.35561666666666664,0.33521666666666666,0.020400000000000005,-0.019433333333333327,0.05943333333333334,0.18030805185536178,0.3273336333183341,True,1.0
ablation,ablation,opaque_dependency_l6,training,runtime_seconds,full_aassr,full_depth1_branch1_risk-adjusted,30,0.006656164208364498,0.0015779825333879368,0.005078181674976562,0.004977913866605861,0.005182525143163609,17.00094076119209,4.999750012499375e-05,True,0.0020998950052497373
ablation,ablation,opaque_dependency_l6,training,real_transitions,full_aassr,full_depth1_branch1_risk-adjusted,30,6.0,6.0,0.0,0.0,0.0,0.0,1.0,True,1.0
ablation,ablation,opaque_dependency_l6,training,imagined_transitions,full_aassr,full_depth1_branch1_risk-adjusted,30,186.4534,9.115633333333333,177.33776666666665,176.87205,177.79211666666666,133.47524659408901,4.999750012499375e-05,True,0.0020998950052497373
ablation,ablation,opaque_dependency_l6,training,action_proposals,full_aassr,full_depth1_branch1_risk-adjusted,30,6.0,6.0,0.0,0.0,0.0,0.0,1.0,True,1.0
ablation,ablation,opaque_dependency_l6,training,repeat_rate,full_aassr,full_depth1_branch1_risk-adjusted,30,0.0,0.0,0.0,0.0,0.0,0.0,1.0,True,1.0
ablation,ablation,opaque_dependency_l6,training,error_rate,full_aassr,full_depth1_branch1_risk-adjusted,30,0.0,0.0,0.0,0.0,0.0,0.0,1.0,True,1.0
ablation,ablation,opaque_dependency_l6,training,learning_auc,full_aassr,full_depth1_branch1_risk-adjusted,30,0.35566116391529096,0.33526763381690844,0.020393530098382528,-0.019459729864932464,0.05891278972819744,0.18024074775831903,0.32688365581720913,True,1.0
ablation,ablation,opaque_dependency_l6,training,final_tail_success,full_aassr,full_depth1_branch1_risk-adjusted,30,0.534,0.4995,0.0345,-0.025333333333333333,0.0955,0.20174504821419467,0.2727363631818409,True,1.0
ablation,ablation,opaque_dependency_l6,training,first_success_real_transitions,full_aassr,full_depth1_branch1_risk-adjusted,30,332.6,282.2,50.4,-13.8,133.4,0.24167870256880067,0.21888905554722263,True,1.0
ablation,ablation,opaque_dependency_l6,training,success,full_aassr,full_depth1_branch2_max,30,0.35561666666666664,0.33521666666666666,0.020400000000000005,-0.01868333333333333,0.05946666666666667,0.18030805185536178,0.3325333733313334,True,1.0
ablation,ablation,opaque_dependency_l6,training,steps,full_aassr,full_depth1_branch2_max,30,6.0,6.0,0.0,0.0,0.0,0.0,1.0,True,1.0
ablation,ablation,opaque_dependency_l6,training,high_level_steps,full_aassr,full_depth1_branch2_max,30,6.0,6.0,0.0,0.0,0.0,0.0,1.0,True,1.0
ablation,ablation,opaque_dependency_l6,training,primitive_steps,full_aassr,full_depth1_branch2_max,30,6.0,6.0,0.0,0.0,0.0,0.0,1.0,True,1.0
ablation,ablation,opaque_dependency_l6,training,reward,full_aassr,full_depth1_branch2_max,30,0.35561666666666664,0.33521666666666666,0.020400000000000005,-0.020083333333333328,0.05936666666666667,0.18030805185536178,0.3327333633318334,True,1.0
ablation,ablation,opaque_dependency_l6,training,errors,full_aassr,full_depth1_branch2_max,30,0.0,0.0,0.0,0.0,0.0,0.0,1.0,True,1.0
ablation,ablation,opaque_dependency_l6,training,repeats,full_aassr,full_depth1_branch2_max,30,0.0,0.0,0.0,0.0,0.0,0.0,1.0,True,1.0
ablation,ablation,opaque_dependency_l6,training,prediction_score,full_aassr,full_depth1_branch2_max,30,0.9899861111111111,0.9899944444444445,-8.333333333328714e-06,-2.2222222222230877e-05,5.555555555573448e-06,-0.20804706700518616,0.4493775311234438,True,1.0
ablation,ablation,opaque_dependency_l6,training,holdout_score,full_aassr,full_depth1_branch2_max,30,0.12353812622633432,0.12354595175287926,-7.825526544947189e-06,-1.907247822595428e-05,2.665412803191473e-06,-0.2534052561976765,0.1799910004499775,True,1.0
ablation,ablation,opaque_dependency_l6,training,holdout_gain,full_aassr,full_depth1_branch2_max,30,6.4646491566515e-06,6.3778436010959445e-06,8.680555555555553e-08,0.0,2.604166666666666e-07,0.18257418583505536,1.0,True,1.0
ablation,ablation,opaque_dependency_l6,training,imagined_nodes,full_aassr,full_depth1_branch2_max,30,186.4534,13.67345,172.77995,172.33538333333334,173.23631666666668,131.34018908587763,4.999750012499375e-05,True,0.0020998950052497373
ablation,ablation,opaque_dependency_l6,training,imagination_depth,full_aassr,full_depth1_branch2_max,30,5.444116666666667,0.9708666666666667,4.473249999999999,4.46525,4.4814,190.0775425578264,4.999750012499375e-05,True,0.0020998950052497373
ablation,ablation,opaque_dependency_l6,training,actual_return,full_aassr,full_depth1_branch2_max,30,0.35561666666666664,0.33521666666666666,0.020400000000000005,-0.019316666666666663,0.0604,0.18030805185536178,0.33103344832758363,True,1.0
ablation,ablation,opaque_dependency_l6,training,runtime_seconds,full_aassr,full_depth1_branch2_max,30,0.006656164208364498,0.0017166432933309504,0.004939520915033548,0.004823842198382772,0.005050626096675114,15.458502130187647,4.999750012499375e-05,True,0.0020998950052497373
ablation,ablation,opaque_dependency_l6,training,real_transitions,full_aassr,full_depth1_branch2_max,30,6.0,6.0,0.0,0.0,0.0,0.0,1.0,True,1.0
ablation,ablation,opaque_dependency_l6,training,imagined_transitions,full_aassr,full_depth1_branch2_max,30,186.4534,13.67345,172.77995,172.32215,173.25993333333332,131.34018908587763,4.999750012499375e-05,True,0.0020998950052497373
ablation,ablation,opaque_dependency_l6,training,action_proposals,full_aassr,full_depth1_branch2_max,30,6.0,6.0,0.0,0.0,0.0,0.0,1.0,True,1.0
ablation,ablation,opaque_dependency_l6,training,repeat_rate,full_aassr,full_depth1_branch2_max,30,0.0,0.0,0.0,0.0,0.0,0.0,1.0,True,1.0
ablation,ablation,opaque_dependency_l6,training,error_rate,full_aassr,full_depth1_branch2_max,30,0.0,0.0,0.0,0.0,0.0,0.0,1.0,True,1.0
ablation,ablation,opaque_dependency_l6,training,learning_auc,full_aassr,full_depth1_branch2_max,30,0.35566116391529096,0.33526763381690844,0.020393530098382528,-0.01990161747540437,0.05977155244288812,0.18024074775831903,0.3317834108294585,True,1.0
ablation,ablation,opaque_dependency_l6,training,final_tail_success,full_aassr,full_depth1_branch2_max,30,0.534,0.4995,0.0345,-0.025833333333333337,0.09233333333333334,0.20174504821419467,0.2735863206839658,True,1.0
ablation,ablation,opaque_dependency_l6,training,first_success_real_transitions,full_aassr,full_depth1_branch2_max,30,332.6,282.2,50.4,-13.8,131.0,0.24167870256880067,0.2222888855557222,True,1.0
ablation,ablation,opaque_dependency_l6,training,success,full_aassr,full_depth1_branch2_mean,30,0.35561666666666664,0.33521666666666666,0.020400000000000005,-0.020316666666666663,0.05963333333333334,0.18030805185536178,0.33423328833558325,True,1.0
ablation,ablation,opaque_dependency_l6,training,steps,full_aassr,full_depth1_branch2_mean,30,6.0,6.0,0.0,0.0,0.0,0.0,1.0,True,1.0
ablation,ablation,opaque_dependency_l6,training,high_level_steps,full_aassr,full_depth1_branch2_mean,30,6.0,6.0,0.0,0.0,0.0,0.0,1.0,True,1.0
ablation,ablation,opaque_dependency_l6,training,primitive_steps,full_aassr,full_depth1_branch2_mean,30,6.0,6.0,0.0,0.0,0.0,0.0,1.0,True,1.0
ablation,ablation,opaque_dependency_l6,training,reward,full_aassr,full_depth1_branch2_mean,30,0.35561666666666664,0.33521666666666666,0.020400000000000005,-0.020183333333333327,0.0588,0.18030805185536178,0.3249837508124594,True,1.0
ablation,ablation,opaque_dependency_l6,training,errors,full_aassr,full_depth1_branch2_mean,30,0.0,0.0,0.0,0.0,0.0,0.0,1.0,True,1.0
ablation,ablation,opaque_dependency_l6,training,repeats,full_aassr,full_depth1_branch2_mean,30,0.0,0.0,0.0,0.0,0.0,0.0,1.0,True,1.0
ablation,ablation,opaque_dependency_l6,training,prediction_score,full_aassr,full_depth1_branch2_mean,30,0.9899861111111111,0.9899944444444445,-8.333333333328714e-06,-2.2222222222223477e-05,5.555555555569747e-06,-0.20804706700518616,0.456227188640568,True,1.0
ablation,ablation,opaque_dependency_l6,training,holdout_score,full_aassr,full_depth1_branch2_mean,30,0.12353812622633432,0.12354595175287926,-7.825526544947189e-06,-1.9181057529169452e-05,2.597517883201154e-06,-0.2534052561976765,0.1823408829558522,True,1.0
ablation,ablation,opaque_dependency_l6,training,holdout_gain,full_aassr,full_depth1_branch2_mean,30,6.4646491566515e-06,6.3778436010959445e-06,8.680555555555553e-08,0.0,2.604166666666666e-07,0.18257418583505536,1.0,True,1.0
ablation,ablation,opaque_dependency_l6,training,imagined_nodes,full_aassr,full_depth1_branch2_mean,30,186.4534,13.67345,172.77995,172.32616666666667,173.22535000000002,131.34018908587763,4.999750012499375e-05,True,0.0020998950052497373
ablation,ablation,opaque_dependency_l6,training,imagination_depth,full_aassr,full_depth1_branch2_mean,30,5.444116666666667,0.9708666666666667,4.473249999999999,4.464783333333333,4.48155,190.0775425578264,4.999750012499375e-05,True,0.0020998950052497373
ablation,ablation,opaque_dependency_l6,training,actual_return,full_aassr,full_depth1_branch2_mean,30,0.35561666666666664,0.33521666666666666,0.020400000000000005,-0.01973333333333333,0.06028333333333334,0.18030805185536178,0.33303334833258336,True,1.0
ablation,ablation,opaque_dependency_l6,training,runtime_seconds,full_aassr,full_depth1_branch2_mean,30,0.006656164208364498,0.001722226143377581,0.0049339380649869174,0.00482526660013585,0.005038412920055271,16.280649622048937,4.999750012499375e-05,True,0.0020998950052497373
ablation,ablation,opaque_dependency_l6,training,real_transitions,full_aassr,full_depth1_branch2_mean,30,6.0,6.0,0.0,0.0,0.0,0.0,1.0,True,1.0
ablation,ablation,opaque_dependency_l6,training,imagined_transitions,full_aassr,full_depth1_branch2_mean,30,186.4534,13.67345,172.77995,172.32021666666665,173.24006666666668,131.34018908587763,4.999750012499375e-05,True,0.0020998950052497373
ablation,ablation,opaque_dependency_l6,training,action_proposals,full_aassr,full_depth1_branch2_mean,30,6.0,6.0,0.0,0.0,0.0,0.0,1.0,True,1.0
ablation,ablation,opaque_dependency_l6,training,repeat_rate,full_aassr,full_depth1_branch2_mean,30,0.0,0.0,0.0,0.0,0.0,0.0,1.0,True,1.0
ablation,ablation,opaque_dependency_l6,training,error_rate,full_aassr,full_depth1_branch2_mean,30,0.0,0.0,0.0,0.0,0.0,0.0,1.0,True,1.0
ablation,ablation,opaque_dependency_l6,training,learning_auc,full_aassr,full_depth1_branch2_mean,30,0.35566116391529096,0.33526763381690844,0.020393530098382528,-0.020268467567116887,0.060096715024178765,0.18024074775831903,0.33413329333533326,True,1.0
ablation,ablation,opaque_dependency_l6,training,final_tail_success,full_aassr,full_depth1_branch2_mean,30,0.534,0.4995,0.0345,-0.028166666666666666,0.095,0.20174504821419467,0.271936403179841,True,1.0
ablation,ablation,opaque_dependency_l6,training,first_success_real_transitions,full_aassr,full_depth1_branch2_mean,30,332.6,282.2,50.4,-13.4,129.8,0.24167870256880067,0.22113894305284737,True,1.0
ablation,ablation,opaque_dependency_l6,training,success,full_aassr,full_depth1_branch2_risk-adjusted,30,0.35561666666666664,0.33521666666666666,0.020400000000000005,-0.021649999999999992,0.059933333333333345,0.18030805185536178,0.33033348332583373,True,1.0
ablation,ablation,opaque_dependency_l6,training,steps,full_aassr,full_depth1_branch2_risk-adjusted,30,6.0,6.0,0.0,0.0,0.0,0.0,1.0,True,1.0
ablation,ablation,opaque_dependency_l6,training,high_level_steps,full_aassr,full_depth1_branch2_risk-adjusted,30,6.0,6.0,0.0,0.0,0.0,0.0,1.0,True,1.0
ablation,ablation,opaque_dependency_l6,training,primitive_steps,full_aassr,full_depth1_branch2_risk-adjusted,30,6.0,6.0,0.0,0.0,0.0,0.0,1.0,True,1.0
ablation,ablation,opaque_dependency_l6,training,reward,full_aassr,full_depth1_branch2_risk-adjusted,30,0.35561666666666664,0.33521666666666666,0.020400000000000005,-0.020166666666666663,0.05966666666666667,0.18030805185536178,0.32823358832058397,True,1.0
ablation,ablation,opaque_dependency_l6,training,errors,full_aassr,full_depth1_branch2_risk-adjusted,30,0.0,0.0,0.0,0.0,0.0,0.0,1.0,True,1.0
ablation,ablation,opaque_dependency_l6,training,repeats,full_aassr,full_depth1_branch2_risk-adjusted,30,0.0,0.0,0.0,0.0,0.0,0.0,1.0,True,1.0
ablation,ablation,opaque_dependency_l6,training,prediction_score,full_aassr,full_depth1_branch2_risk-adjusted,30,0.9899861111111111,0.9899944444444445,-8.333333333328714e-06,-2.222222222224198e-05,5.555555555569747e-06,-0.20804706700518616,0.4589270536473176,True,1.0
ablation,ablation,opaque_dependency_l6,training,holdout_score,full_aassr,full_depth1_branch2_risk-adjusted,30,0.12353812622633432,0.12354595175287926,-7.825526544947189e-06,-1.9296461855053865e-05,2.8693566845978494e-06,-0.2534052561976765,0.1817909104544773,True,1.0
ablation,ablation,opaque_dependency_l6,training,holdout_gain,full_aassr,full_depth1_branch2_risk-adjusted,30,6.4646491566515e-06,6.3778436010959445e-06,8.680555555555553e-08,0.0,2.604166666666666e-07,0.18257418583505536,1.0,True,1.0
ablation,ablation,opaque_dependency_l6,training,imagined_nodes,full_aassr,full_depth1_branch2_risk-adjusted,30,186.4534,13.67345,172.77995,172.31968333333333,173.2428,131.34018908587763,4.999750012499375e-05,True,0.0020998950052497373
ablation,ablation,opaque_dependency_l6,training,imagination_depth,full_aassr,full_depth1_branch2_risk-adjusted,30,5.444116666666667,0.9708666666666667,4.473249999999999,4.465199999999999,4.4815,190.0775425578264,4.999750012499375e-05,True,0.0020998950052497373
ablation,ablation,opaque_dependency_l6,training,actual_return,full_aassr,full_depth1_branch2_risk-adjusted,30,0.35561666666666664,0.33521666666666666,0.020400000000000005,-0.018949999999999998,0.058383333333333336,0.18030805185536178,0.335883205839708,True,1.0
ablation,ablation,opaque_dependency_l6,training,runtime_seconds,full_aassr,full_depth1_branch2_risk-adjusted,30,0.006656164208364498,0.0017293197033373872,0.004926844505027112,0.004820125190052204,0.005036559158356976,15.787028153858763,4.999750012499375e-05,True,0.0020998950052497373
ablation,ablation,opaque_dependency_l6,training,real_transitions,full_aassr,full_depth1_branch2_risk-adjusted,30,6.0,6.0,0.0,0.0,0.0,0.0,1.0,True,1.0
ablation,ablation,opaque_dependency_l6,training,imagined_transitions,full_aassr,full_depth1_branch2_risk-adjusted,30,186.4534,13.67345,172.77995,172.3225833333333,173.25373333333334,131.34018908587763,4.999750012499375e-05,True,0.0020998950052497373
ablation,ablation,opaque_dependency_l6,training,action_proposals,full_aassr,full_depth1_branch2_risk-adjusted,30,6.0,6.0,0.0,0.0,0.0,0.0,1.0,True,1.0
ablation,ablation,opaque_dependency_l6,training,repeat_rate,full_aassr,full_depth1_branch2_risk-adjusted,30,0.0,0.0,0.0,0.0,0.0,0.0,1.0,True,1.0
ablation,ablation,opaque_dependency_l6,training,error_rate,full_aassr,full_depth1_branch2_risk-adjusted,30,0.0,0.0,0.0,0.0,0.0,0.0,1.0,True,1.0
ablation,ablation,opaque_dependency_l6,training,learning_auc,full_aassr,full_depth1_branch2_risk-adjusted,30,0.35566116391529096,0.33526763381690844,0.020393530098382528,-0.018267467066866765,0.060130065032516264,0.18024074775831903,0.3353332333383331,True,1.0
ablation,ablation,opaque_dependency_l6,training,final_tail_success,full_aassr,full_depth1_branch2_risk-adjusted,30,0.534,0.4995,0.0345,-0.028,0.0925,0.20174504821419467,0.2784860756962152,True,1.0
ablation,ablation,opaque_dependency_l6,training,first_success_real_transitions,full_aassr,full_depth1_branch2_risk-adjusted,30,332.6,282.2,50.4,-13.8,129.0,0.24167870256880067,0.21688915554222288,True,1.0
ablation,ablation,opaque_dependency_l6,training,success,full_aassr,full_depth1_branch4_max,30,0.35561666666666664,0.33521666666666666,0.020400000000000005,-0.02021666666666666,0.05910000000000001,0.18030805185536178,0.32858357082145895,True,1.0
ablation,ablation,opaque_dependency_l6,training,steps,full_aassr,full_depth1_branch4_max,30,6.0,6.0,0.0,0.0,0.0,0.0,1.0,True,1.0
ablation,ablation,opaque_dependency_l6,training,high_level_steps,full_aassr,full_depth1_branch4_max,30,6.0,6.0,0.0,0.0,0.0,0.0,1.0,True,1.0
ablation,ablation,opaque_dependency_l6,training,primitive_steps,full_aassr,full_depth1_branch4_max,30,6.0,6.0,0.0,0.0,0.0,0.0,1.0,True,1.0
ablation,ablation,opaque_dependency_l6,training,reward,full_aassr,full_depth1_branch4_max,30,0.35561666666666664,0.33521666666666666,0.020400000000000005,-0.02013333333333333,0.06003333333333334,0.18030805185536178,0.3340332983350833,True,1.0
ablation,ablation,opaque_dependency_l6,training,errors,full_aassr,full_depth1_branch4_max,30,0.0,0.0,0.0,0.0,0.0,0.0,1.0,True,1.0
ablation,ablation,opaque_dependency_l6,training,repeats,full_aassr,full_depth1_branch4_max,30,0.0,0.0,0.0,0.0,0.0,0.0,1.0,True,1.0
ablation,ablation,opaque_dependency_l6,training,prediction_score,full_aassr,full_depth1_branch4_max,30,0.9899861111111111,0.9899944444444445,-8.333333333328714e-06,-2.2222222222234576e-05,5.555555555569747e-06,-0.20804706700518616,0.45307734613269335,True,1.0
ablation,ablation,opaque_dependency_l6,training,holdout_score,full_aassr,full_depth1_branch4_max,30,0.12353812622633432,0.12354595175287926,-7.825526544947189e-06,-1.9014584670779915e-05,2.5765723949559377e-06,-0.2534052561976765,0.17624118794060298,True,1.0
ablation,ablation,opaque_dependency_l6,training,holdout_gain,full_aassr,full_depth1_branch4_max,30,6.4646491566515e-06,6.3778436010959445e-06,8.680555555555553e-08,0.0,2.604166666666666e-07,0.18257418583505536,1.0,True,1.0
ablation,ablation,opaque_dependency_l6,training,imagined_nodes,full_aassr,full_depth1_branch4_max,30,186.4534,13.67345,172.77995,172.33513333333335,173.25131666666667,131.34018908587763,4.999750012499375e-05,True,0.0020998950052497373
ablation,ablation,opaque_dependency_l6,training,imagination_depth,full_aassr,full_depth1_branch4_max,30,5.444116666666667,0.9708666666666667,4.473249999999999,4.465283333333333,4.4815,190.0775425578264,4.999750012499375e-05,True,0.0020998950052497373
ablation,ablation,opaque_dependency_l6,training,actual_return,full_aassr,full_depth1_branch4_max,30,0.35561666666666664,0.33521666666666666,0.020400000000000005,-0.020466666666666664,0.05903333333333334,0.18030805185536178,0.33548322583870804,True,1.0
ablation,ablation,opaque_dependency_l6,training,runtime_seconds,full_aassr,full_depth1_branch4_max,30,0.006656164208364498,0.0017484206900427429,0.004907743518321755,0.004793928753262055,0.00501009567497628,15.876370350522901,4.999750012499375e-05,True,0.0020998950052497373
ablation,ablation,opaque_dependency_l6,training,real_transitions,full_aassr,full_depth1_branch4_max,30,6.0,6.0,0.0,0.0,0.0,0.0,1.0,True,1.0
ablation,ablation,opaque_dependency_l6,training,imagined_transitions,full_aassr,full_depth1_branch4_max,30,186.4534,13.67345,172.77995,172.32076666666666,173.24581666666666,131.34018908587763,4.999750012499375e-05,True,0.0020998950052497373
ablation,ablation,opaque_dependency_l6,training,action_proposals,full_aassr,full_depth1_branch4_max,30,6.0,6.0,0.0,0.0,0.0,0.0,1.0,True,1.0
ablation,ablation,opaque_dependency_l6,training,repeat_rate,full_aassr,full_depth1_branch4_max,30,0.0,0.0,0.0,0.0,0.0,0.0,1.0,True,1.0
ablation,ablation,opaque_dependency_l6,training,error_rate,full_aassr,full_depth1_branch4_max,30,0.0,0.0,0.0,0.0,0.0,0.0,1.0,True,1.0
ablation,ablation,opaque_dependency_l6,training,learning_auc,full_aassr,full_depth1_branch4_max,30,0.35566116391529096,0.33526763381690844,0.020393530098382528,-0.0192763048190762,0.058971152242788066,0.18024074775831903,0.33323333833308333,True,1.0
ablation,ablation,opaque_dependency_l6,training,final_tail_success,full_aassr,full_depth1_branch4_max,30,0.534,0.4995,0.0345,-0.02616666666666667,0.09233333333333335,0.20174504821419467,0.2784360781960902,True,1.0
ablation,ablation,opaque_dependency_l6,training,first_success_real_transitions,full_aassr,full_depth1_branch4_max,30,332.6,282.2,50.4,-13.8,133.6,0.24167870256880067,0.21498925053747311,True,1.0
ablation,ablation,opaque_dependency_l6,training,success,full_aassr,full_depth1_branch4_mean,30,0.35561666666666664,0.33521666666666666,0.020400000000000005,-0.018999999999999996,0.06038333333333333,0.18030805185536178,0.3304834758262087,True,1.0
ablation,ablation,opaque_dependency_l6,training,steps,full_aassr,full_depth1_branch4_mean,30,6.0,6.0,0.0,0.0,0.0,0.0,1.0,True,1.0
ablation,ablation,opaque_dependency_l6,training,high_level_steps,full_aassr,full_depth1_branch4_mean,30,6.0,6.0,0.0,0.0,0.0,0.0,1.0,True,1.0
ablation,ablation,opaque_dependency_l6,training,primitive_steps,full_aassr,full_depth1_branch4_mean,30,6.0,6.0,0.0,0.0,0.0,0.0,1.0,True,1.0
ablation,ablation,opaque_dependency_l6,training,reward,full_aassr,full_depth1_branch4_mean,30,0.35561666666666664,0.33521666666666666,0.020400000000000005,-0.02156666666666666,0.059550000000000006,0.18030805185536178,0.335683215839208,True,1.0
ablation,ablation,opaque_dependency_l6,training,errors,full_aassr,full_depth1_branch4_mean,30,0.0,0.0,0.0,0.0,0.0,0.0,1.0,True,1.0
ablation,ablation,opaque_dependency_l6,training,repeats,full_aassr,full_depth1_branch4_mean,30,0.0,0.0,0.0,0.0,0.0,0.0,1.0,True,1.0
ablation,ablation,opaque_dependency_l6,training,prediction_score,full_aassr,full_depth1_branch4_mean,30,0.9899861111111111,0.9899944444444445,-8.333333333328714e-06,-2.2222222222227177e-05,5.555555555569747e-06,-0.20804706700518616,0.4521773911304435,True,1.0
ablation,ablation,opaque_dependency_l6,training,holdout_score,full_aassr,full_depth1_branch4_mean,30,0.12353812622633432,0.12354595175287926,-7.825526544947189e-06,-1.922062983724567e-05,2.2218750704572354e-06,-0.2534052561976765,0.18609069546522675,True,1.0
ablation,ablation,opaque_dependency_l6,training,holdout_gain,full_aassr,full_depth1_branch4_mean,30,6.4646491566515e-06,6.3778436010959445e-06,8.680555555555553e-08,0.0,2.604166666666666e-07,0.18257418583505536,1.0,True,1.0
ablation,ablation,opaque_dependency_l6,training,imagined_nodes,full_aassr,full_depth1_branch4_mean,30,186.4534,13.67345,172.77995,172.33798333333334,173.25983333333335,131.34018908587763,4.999750012499375e-05,True,0.0020998950052497373
ablation,ablation,opaque_dependency_l6,training,imagination_depth,full_aassr,full_depth1_branch4_mean,30,5.444116666666667,0.9708666666666667,4.473249999999999,4.4653833333333335,4.481566666666667,190.0775425578264,4.999750012499375e-05,True,0.0020998950052497373
ablation,ablation,opaque_dependency_l6,training,actual_return,full_aassr,full_depth1_branch4_mean,30,0.35561666666666664,0.33521666666666666,0.020400000000000005,-0.01941666666666666,0.059083333333333335,0.18030805185536178,0.327783610819459,True,1.0
ablation,ablation,opaque_dependency_l6,training,runtime_seconds,full_aassr,full_depth1_branch4_mean,30,0.006656164208364498,0.0017200836883062343,0.0049360805200582645,0.004831625566761067,0.005038209213492033,16.692553880517103,4.999750012499375e-05,True,0.0020998950052497373
ablation,ablation,opaque_dependency_l6,training,real_transitions,full_aassr,full_depth1_branch4_mean,30,6.0,6.0,0.0,0.0,0.0,0.0,1.0,True,1.0
ablation,ablation,opaque_dependency_l6,training,imagined_transitions,full_aassr,full_depth1_branch4_mean,30,186.4534,13.67345,172.77995,172.31795,173.26503333333332,131.34018908587763,4.999750012499375e-05,True,0.0020998950052497373
ablation,ablation,opaque_dependency_l6,training,action_proposals,full_aassr,full_depth1_branch4_mean,30,6.0,6.0,0.0,0.0,0.0,0.0,1.0,True,1.0
ablation,ablation,opaque_dependency_l6,training,repeat_rate,full_aassr,full_depth1_branch4_mean,30,0.0,0.0,0.0,0.0,0.0,0.0,1.0,True,1.0
ablation,ablation,opaque_dependency_l6,training,error_rate,full_aassr,full_depth1_branch4_mean,30,0.0,0.0,0.0,0.0,0.0,0.0,1.0,True,1.0
ablation,ablation,opaque_dependency_l6,training,learning_auc,full_aassr,full_depth1_branch4_mean,30,0.35566116391529096,0.33526763381690844,0.020393530098382528,-0.02074370518592629,0.05967983991995999,0.18024074775831903,0.3320333983300835,True,1.0
ablation,ablation,opaque_dependency_l6,training,final_tail_success,full_aassr,full_depth1_branch4_mean,30,0.534,0.4995,0.0345,-0.024999999999999998,0.09200000000000001,0.20174504821419467,0.27383630818459076,True,1.0
ablation,ablation,opaque_dependency_l6,training,first_success_real_transitions,full_aassr,full_depth1_branch4_mean,30,332.6,282.2,50.4,-13.8,131.8,0.24167870256880067,0.21888905554722263,True,1.0
ablation,ablation,opaque_dependency_l6,training,success,full_aassr,full_depth1_branch4_risk-adjusted,30,0.35561666666666664,0.33521666666666666,0.020400000000000005,-0.02151666666666666,0.06063333333333334,0.18030805185536178,0.3272836358182091,True,1.0
ablation,ablation,opaque_dependency_l6,training,steps,full_aassr,full_depth1_branch4_risk-adjusted,30,6.0,6.0,0.0,0.0,0.0,0.0,1.0,True,1.0
ablation,ablation,opaque_dependency_l6,training,high_level_steps,full_aassr,full_depth1_branch4_risk-adjusted,30,6.0,6.0,0.0,0.0,0.0,0.0,1.0,True,1.0
ablation,ablation,opaque_dependency_l6,training,primitive_steps,full_aassr,full_depth1_branch4_risk-adjusted,30,6.0,6.0,0.0,0.0,0.0,0.0,1.0,True,1.0
ablation,ablation,opaque_dependency_l6,training,reward,full_aassr,full_depth1_branch4_risk-adjusted,30,0.35561666666666664,0.33521666666666666,0.020400000000000005,-0.020966666666666658,0.058983333333333346,0.18030805185536178,0.3272336383180841,True,1.0
ablation,ablation,opaque_dependency_l6,training,errors,full_aassr,full_depth1_branch4_risk-adjusted,30,0.0,0.0,0.0,0.0,0.0,0.0,1.0,True,1.0
ablation,ablation,opaque_dependency_l6,training,repeats,full_aassr,full_depth1_branch4_risk-adjusted,30,0.0,0.0,0.0,0.0,0.0,0.0,1.0,True,1.0
ablation,ablation,opaque_dependency_l6,training,prediction_score,full_aassr,full_depth1_branch4_risk-adjusted,30,0.9899861111111111,0.9899944444444445,-8.333333333328714e-06,-2.2222222222227177e-05,5.555555555569747e-06,-0.20804706700518616,0.45392730363481826,True,1.0
ablation,ablation,opaque_dependency_l6,training,holdout_score,full_aassr,full_depth1_branch4_risk-adjusted,30,0.12353812622633432,0.12354595175287926,-7.825526544947189e-06,-1.9092531449683055e-05,2.5571956381522282e-06,-0.2534052561976765,0.17854107294635269,True,1.0
ablation,ablation,opaque_dependency_l6,training,holdout_gain,full_aassr,full_depth1_branch4_risk-adjusted,30,6.4646491566515e-06,6.3778436010959445e-06,8.680555555555553e-08,0.0,2.604166666666666e-07,0.18257418583505536,1.0,True,1.0
ablation,ablation,opaque_dependency_l6,training,imagined_nodes,full_aassr,full_depth1_branch4_risk-adjusted,30,186.4534,13.67345,172.77995,172.32573333333332,173.24906666666666,131.34018908587763,4.999750012499375e-05,True,0.0020998950052497373
ablation,ablation,opaque_dependency_l6,training,imagination_depth,full_aassr,full_depth1_branch4_risk-adjusted,30,5.444116666666667,0.9708666666666667,4.473249999999999,4.465183333333333,4.481966666666667,190.0775425578264,4.999750012499375e-05,True,0.0020998950052497373
ablation,ablation,opaque_dependency_l6,training,actual_return,full_aassr,full_depth1_branch4_risk-adjusted,30,0.35561666666666664,0.33521666666666666,0.020400000000000005,-0.019349999999999992,0.060833333333333336,0.18030805185536178,0.33083345832708366,True,1.0
ablation,ablation,opaque_dependency_l6,training,runtime_seconds,full_aassr,full_depth1_branch4_risk-adjusted,30,0.006656164208364498,0.001759010536701438,0.004897153671663061,0.004794677721634314,0.004996671330131843,17.031748691811487,4.999750012499375e-05,True,0.0020998950052497373
ablation,ablation,opaque_dependency_l6,training,real_transitions,full_aassr,full_depth1_branch4_risk-adjusted,30,6.0,6.0,0.0,0.0,0.0,0.0,1.0,True,1.0
ablation,ablation,opaque_dependency_l6,training,imagined_transitions,full_aassr,full_depth1_branch4_risk-adjusted,30,186.4534,13.67345,172.77995,172.33791666666667,173.2351,131.34018908587763,4.999750012499375e-05,True,0.0020998950052497373
ablation,ablation,opaque_dependency_l6,training,action_proposals,full_aassr,full_depth1_branch4_risk-adjusted,30,6.0,6.0,0.0,0.0,0.0,0.0,1.0,True,1.0
ablation,ablation,opaque_dependency_l6,training,repeat_rate,full_aassr,full_depth1_branch4_risk-adjusted,30,0.0,0.0,0.0,0.0,0.0,0.0,1.0,True,1.0
ablation,ablation,opaque_dependency_l6,training,error_rate,full_aassr,full_depth1_branch4_risk-adjusted,30,0.0,0.0,0.0,0.0,0.0,0.0,1.0,True,1.0
ablation,ablation,opaque_dependency_l6,training,learning_auc,full_aassr,full_depth1_branch4_risk-adjusted,30,0.35566116391529096,0.33526763381690844,0.020393530098382528,-0.020968817742204434,0.05922961480740371,0.18024074775831903,0.328183590820459,True,1.0
ablation,ablation,opaque_dependency_l6,training,final_tail_success,full_aassr,full_depth1_branch4_risk-adjusted,30,0.534,0.4995,0.0345,-0.026000000000000002,0.0935,0.20174504821419467,0.27638618069096543,True,1.0
ablation,ablation,opaque_dependency_l6,training,first_success_real_transitions,full_aassr,full_depth1_branch4_risk-adjusted,30,332.6,282.2,50.4,-13.8,131.2,0.24167870256880067,0.22118894055297236,True,1.0
ablation,ablation,opaque_dependency_l6,training,success,full_aassr,full_depth2_branch1_max,30,0.35561666666666664,0.33521666666666666,0.020400000000000005,-0.01868333333333333,0.058216666666666674,0.18030805185536178,0.3336333183340833,True,1.0
ablation,ablation,opaque_dependency_l6,training,steps,full_aassr,full_depth2_branch1_max,30,6.0,6.0,0.0,0.0,0.0,0.0,1.0,True,1.0
ablation,ablation,opaque_dependency_l6,training,high_level_steps,full_aassr,full_depth2_branch1_max,30,6.0,6.0,0.0,0.0,0.0,0.0,1.0,True,1.0
ablation,ablation,opaque_dependency_l6,training,primitive_steps,full_aassr,full_depth2_branch1_max,30,6.0,6.0,0.0,0.0,0.0,0.0,1.0,True,1.0
ablation,ablation,opaque_dependency_l6,training,reward,full_aassr,full_depth2_branch1_max,30,0.35561666666666664,0.33521666666666666,0.020400000000000005,-0.020466666666666664,0.05910000000000001,0.18030805185536178,0.3303834808259587,True,1.0
ablation,ablation,opaque_dependency_l6,training,errors,full_aassr,full_depth2_branch1_max,30,0.0,0.0,0.0,0.0,0.0,0.0,1.0,True,1.0
ablation,ablation,opaque_dependency_l6,training,repeats,full_aassr,full_depth2_branch1_max,30,0.0,0.0,0.0,0.0,0.0,0.0,1.0,True,1.0
ablation,ablation,opaque_dependency_l6,training,prediction_score,full_aassr,full_depth2_branch1_max,30,0.9899861111111111,0.9899944444444445,-8.333333333328714e-06,-2.2222222222230877e-05,5.555555555569747e-06,-0.20804706700518616,0.4577771111444428,True,1.0
ablation,ablation,opaque_dependency_l6,training,holdout_score,full_aassr,full_depth2_branch1_max,30,0.12353812622633432,0.12354595175287926,-7.825526544947189e-06,-1.8591400488208547e-05,2.786543223010085e-06,-0.2534052561976765,0.17869106544672766,True,1.0
ablation,ablation,opaque_dependency_l6,training,holdout_gain,full_aassr,full_depth2_branch1_max,30,6.4646491566515e-06,6.3778436010959445e-06,8.680555555555553e-08,0.0,2.604166666666666e-07,0.18257418583505536,1.0,True,1.0
ablation,ablation,opaque_dependency_l6,training,imagined_nodes,full_aassr,full_depth2_branch1_max,30,186.4534,12.91235,173.54104999999998,173.06641666666667,174.01271666666665,131.97681286141744,4.999750012499375e-05,True,0.0020998950052497373
ablation,ablation,opaque_dependency_l6,training,imagination_depth,full_aassr,full_depth2_branch1_max,30,5.444116666666667,1.9334333333333333,3.510683333333333,3.5031000000000003,3.5183999999999997,162.74828269826546,4.999750012499375e-05,True,0.0020998950052497373
ablation,ablation,opaque_dependency_l6,training,actual_return,full_aassr,full_depth2_branch1_max,30,0.35561666666666664,0.33521666666666666,0.020400000000000005,-0.019099999999999992,0.05985,0.18030805185536178,0.33243337833108344,True,1.0
ablation,ablation,opaque_dependency_l6,training,runtime_seconds,full_aassr,full_depth2_branch1_max,30,0.006656164208364498,0.0017498479800080531,0.004906316228356445,0.004809974054916044,0.00499737234004424,18.524389208467383,4.999750012499375e-05,True,0.0020998950052497373
ablation,ablation,opaque_dependency_l6,training,real_transitions,full_aassr,full_depth2_branch1_max,30,6.0,6.0,0.0,0.0,0.0,0.0,1.0,True,1.0
ablation,ablation,opaque_dependency_l6,training,imagined_transitions,full_aassr,full_depth2_branch1_max,30,186.4534,12.91235,173.54104999999998,173.08291666666668,174.01725,131.97681286141744,4.999750012499375e-05,True,0.0020998950052497373
ablation,ablation,opaque_dependency_l6,training,action_proposals,full_aassr,full_depth2_branch1_max,30,6.0,6.0,0.0,0.0,0.0,0.0,1.0,True,1.0
ablation,ablation,opaque_dependency_l6,training,repeat_rate,full_aassr,full_depth2_branch1_max,30,0.0,0.0,0.0,0.0,0.0,0.0,1.0,True,1.0
ablation,ablation,opaque_dependency_l6,training,error_rate,full_aassr,full_depth2_branch1_max,30,0.0,0.0,0.0,0.0,0.0,0.0,1.0,True,1.0
ablation,ablation,opaque_dependency_l6,training,learning_auc,full_aassr,full_depth2_branch1_max,30,0.35566116391529096,0.33526763381690844,0.020393530098382528,-0.0213523428380857,0.0603551775887944,0.18024074775831903,0.3375331233438328,True,1.0
ablation,ablation,opaque_dependency_l6,training,final_tail_success,full_aassr,full_depth2_branch1_max,30,0.534,0.4995,0.0345,-0.02633333333333334,0.09233333333333334,0.20174504821419467,0.26758662066896655,True,1.0
ablation,ablation,opaque_dependency_l6,training,first_success_real_transitions,full_aassr,full_depth2_branch1_max,30,332.6,282.2,50.4,-13.6,127.6,0.24167870256880067,0.22308884555772213,True,1.0
ablation,ablation,opaque_dependency_l6,training,success,full_aassr,full_depth2_branch1_mean,30,0.35561666666666664,0.33521666666666666,0.020400000000000005,-0.020683333333333335,0.059250000000000004,0.18030805185536178,0.32983350832458375,True,1.0
ablation,ablation,opaque_dependency_l6,training,steps,full_aassr,full_depth2_branch1_mean,30,6.0,6.0,0.0,0.0,0.0,0.0,1.0,True,1.0
ablation,ablation,opaque_dependency_l6,training,high_level_steps,full_aassr,full_depth2_branch1_mean,30,6.0,6.0,0.0,0.0,0.0,0.0,1.0,True,1.0
ablation,ablation,opaque_dependency_l6,training,primitive_steps,full_aassr,full_depth2_branch1_mean,30,6.0,6.0,0.0,0.0,0.0,0.0,1.0,True,1.0
ablation,ablation,opaque_dependency_l6,training,reward,full_aassr,full_depth2_branch1_mean,30,0.35561666666666664,0.33521666666666666,0.020400000000000005,-0.019749999999999997,0.05956666666666667,0.18030805185536178,0.33068346582670866,True,1.0
ablation,ablation,opaque_dependency_l6,training,errors,full_aassr,full_depth2_branch1_mean,30,0.0,0.0,0.0,0.0,0.0,0.0,1.0,True,1.0
ablation,ablation,opaque_dependency_l6,training,repeats,full_aassr,full_depth2_branch1_mean,30,0.0,0.0,0.0,0.0,0.0,0.0,1.0,True,1.0
ablation,ablation,opaque_dependency_l6,training,prediction_score,full_aassr,full_depth2_branch1_mean,30,0.9899861111111111,0.9899944444444445,-8.333333333328714e-06,-2.2222222222230877e-05,5.555555555569747e-06,-0.20804706700518616,0.45577721113944303,True,1.0
ablation,ablation,opaque_dependency_l6,training,holdout_score,full_aassr,full_depth2_branch1_mean,30,0.12353812622633432,0.12354595175287926,-7.825526544947189e-06,-1.9149055968436153e-05,2.8578578259136343e-06,-0.2534052561976765,0.17894105294735263,True,1.0
ablation,ablation,opaque_dependency_l6,training,holdout_gain,full_aassr,full_depth2_branch1_mean,30,6.4646491566515e-06,6.3778436010959445e-06,8.680555555555553e-08,0.0,2.604166666666666e-07,0.18257418583505536,1.0,True,1.0
ablation,ablation,opaque_dependency_l6,training,imagined_nodes,full_aassr,full_depth2_branch1_mean,30,186.4534,12.91235,173.54104999999998,173.07229999999998,174.01051666666666,131.97681286141744,4.999750012499375e-05,True,0.0020998950052497373
ablation,ablation,opaque_dependency_l6,training,imagination_depth,full_aassr,full_depth2_branch1_mean,30,5.444116666666667,1.9334333333333333,3.510683333333333,3.5027666666666666,3.5181999999999998,162.74828269826546,4.999750012499375e-05,True,0.0020998950052497373
ablation,ablation,opaque_dependency_l6,training,actual_return,full_aassr,full_depth2_branch1_mean,30,0.35561666666666664,0.33521666666666666,0.020400000000000005,-0.02056666666666666,0.05911666666666668,0.18030805185536178,0.3288835558222089,True,1.0
ablation,ablation,opaque_dependency_l6,training,runtime_seconds,full_aassr,full_depth2_branch1_mean,30,0.006656164208364498,0.0017398027032638006,0.0049163615051006975,0.004814650474993202,0.005014153858435747,17.23514883768557,4.999750012499375e-05,True,0.0020998950052497373
ablation,ablation,opaque_dependency_l6,training,real_transitions,full_aassr,full_depth2_branch1_mean,30,6.0,6.0,0.0,0.0,0.0,0.0,1.0,True,1.0
ablation,ablation,opaque_dependency_l6,training,imagined_transitions,full_aassr,full_depth2_branch1_mean,30,186.4534,12.91235,173.54104999999998,173.08891666666665,174.00368333333333,131.97681286141744,4.999750012499375e-05,True,0.0020998950052497373
ablation,ablation,opaque_dependency_l6,training,action_proposals,full_aassr,full_depth2_branch1_mean,30,6.0,6.0,0.0,0.0,0.0,0.0,1.0,True,1.0
ablation,ablation,opaque_dependency_l6,training,repeat_rate,full_aassr,full_depth2_branch1_mean,30,0.0,0.0,0.0,0.0,0.0,0.0,1.0,True,1.0
ablation,ablation,opaque_dependency_l6,training,error_rate,full_aassr,full_depth2_branch1_mean,30,0.0,0.0,0.0,0.0,0.0,0.0,1.0,True,1.0
ablation,ablation,opaque_dependency_l6,training,learning_auc,full_aassr,full_depth2_branch1_mean,30,0.35566116391529096,0.33526763381690844,0.020393530098382528,-0.01892612973153242,0.05987993996998499,0.18024074775831903,0.327683615819209,True,1.0
ablation,ablation,opaque_dependency_l6,training,final_tail_success,full_aassr,full_depth2_branch1_mean,30,0.534,0.4995,0.0345,-0.02783333333333333,0.09316666666666666,0.20174504821419467,0.272036398180091,True,1.0
ablation,ablation,opaque_dependency_l6,training,first_success_real_transitions,full_aassr,full_depth2_branch1_mean,30,332.6,282.2,50.4,-13.8,129.0,0.24167870256880067,0.22128893555322235,True,1.0
ablation,ablation,opaque_dependency_l6,training,success,full_aassr,full_depth2_branch1_risk-adjusted,30,0.35561666666666664,0.33521666666666666,0.020400000000000005,-0.021099999999999994,0.060300000000000006,0.18030805185536178,0.33383330833458325,True,1.0
ablation,ablation,opaque_dependency_l6,training,steps,full_aassr,full_depth2_branch1_risk-adjusted,30,6.0,6.0,0.0,0.0,0.0,0.0,1.0,True,1.0
ablation,ablation,opaque_dependency_l6,training,high_level_steps,full_aassr,full_depth2_branch1_risk-adjusted,30,6.0,6.0,0.0,0.0,0.0,0.0,1.0,True,1.0
ablation,ablation,opaque_dependency_l6,training,primitive_steps,full_aassr,full_depth2_branch1_risk-adjusted,30,6.0,6.0,0.0,0.0,0.0,0.0,1.0,True,1.0
ablation,ablation,opaque_dependency_l6,training,reward,full_aassr,full_depth2_branch1_risk-adjusted,30,0.35561666666666664,0.33521666666666666,0.020400000000000005,-0.019499999999999993,0.05916666666666667,0.18030805185536178,0.3318334083295835,True,1.0
ablation,ablation,opaque_dependency_l6,training,errors,full_aassr,full_depth2_branch1_risk-adjusted,30,0.0,0.0,0.0,0.0,0.0,0.0,1.0,True,1.0
ablation,ablation,opaque_dependency_l6,training,repeats,full_aassr,full_depth2_branch1_risk-adjusted,30,0.0,0.0,0.0,0.0,0.0,0.0,1.0,True,1.0
ablation,ablation,opaque_dependency_l6,training,prediction_score,full_aassr,full_depth2_branch1_risk-adjusted,30,0.9899861111111111,0.9899944444444445,-8.333333333328714e-06,-2.2222222222230877e-05,5.555555555569747e-06,-0.20804706700518616,0.45807709614519276,True,1.0
ablation,ablation,opaque_dependency_l6,training,holdout_score,full_aassr,full_depth2_branch1_risk-adjusted,30,0.12353812622633432,0.12354595175287926,-7.825526544947189e-06,-1.9360253881525735e-05,2.5981821764673823e-06,-0.2534052561976765,0.18694065296735163,True,1.0
ablation,ablation,opaque_dependency_l6,training,holdout_gain,full_aassr,full_depth2_branch1_risk-adjusted,30,6.4646491566515e-06,6.3778436010959445e-06,8.680555555555553e-08,0.0,2.604166666666666e-07,0.18257418583505536,1.0,True,1.0
ablation,ablation,opaque_dependency_l6,training,imagined_nodes,full_aassr,full_depth2_branch1_risk-adjusted,30,186.4534,12.91235,173.54104999999998,173.07786666666667,174.01331666666664,131.97681286141744,4.999750012499375e-05,True,0.0020998950052497373
ablation,ablation,opaque_dependency_l6,training,imagination_depth,full_aassr,full_depth2_branch1_risk-adjusted,30,5.444116666666667,1.9334333333333333,3.510683333333333,3.50295,3.5183666666666666,162.74828269826546,4.999750012499375e-05,True,0.0020998950052497373
ablation,ablation,opaque_dependency_l6,training,actual_return,full_aassr,full_depth2_branch1_risk-adjusted,30,0.35561666666666664,0.33521666666666666,0.020400000000000005,-0.020066666666666663,0.05936666666666667,0.18030805185536178,0.32538373081345934,True,1.0
ablation,ablation,opaque_dependency_l6,training,runtime_seconds,full_aassr,full_depth2_branch1_risk-adjusted,30,0.006656164208364498,0.0017515717667207355,0.0049045924416437625,0.0047971745615529165,0.005007939273182031,16.35672139583842,4.999750012499375e-05,True,0.0020998950052497373
ablation,ablation,opaque_dependency_l6,training,real_transitions,full_aassr,full_depth2_branch1_risk-adjusted,30,6.0,6.0,0.0,0.0,0.0,0.0,1.0,True,1.0
ablation,ablation,opaque_dependency_l6,training,imagined_transitions,full_aassr,full_depth2_branch1_risk-adjusted,30,186.4534,12.91235,173.54104999999998,173.07153333333332,173.99661666666668,131.97681286141744,4.999750012499375e-05,True,0.0020998950052497373
ablation,ablation,opaque_dependency_l6,training,action_proposals,full_aassr,full_depth2_branch1_risk-adjusted,30,6.0,6.0,0.0,0.0,0.0,0.0,1.0,True,1.0
ablation,ablation,opaque_dependency_l6,training,repeat_rate,full_aassr,full_depth2_branch1_risk-adjusted,30,0.0,0.0,0.0,0.0,0.0,0.0,1.0,True,1.0
ablation,ablation,opaque_dependency_l6,training,error_rate,full_aassr,full_depth2_branch1_risk-adjusted,30,0.0,0.0,0.0,0.0,0.0,0.0,1.0,True,1.0
ablation,ablation,opaque_dependency_l6,training,learning_auc,full_aassr,full_depth2_branch1_risk-adjusted,30,0.35566116391529096,0.33526763381690844,0.020393530098382528,-0.02056028014007003,0.05978822744705687,0.18024074775831903,0.33163341832908355,True,1.0
ablation,ablation,opaque_dependency_l6,training,final_tail_success,full_aassr,full_depth2_branch1_risk-adjusted,30,0.534,0.4995,0.0345,-0.024666666666666674,0.09316666666666666,0.20174504821419467,0.2745862706864657,True,1.0
ablation,ablation,opaque_dependency_l6,training,first_success_real_transitions,full_aassr,full_depth2_branch1_risk-adjusted,30,332.6,282.2,50.4,-13.4,129.0,0.24167870256880067,0.21748912554372282,True,1.0
ablation,ablation,opaque_dependency_l6,training,success,full_aassr,full_depth2_branch2_max,30,0.35561666666666664,0.33521666666666666,0.020400000000000005,-0.021166666666666663,0.05981666666666667,0.18030805185536178,0.33723313834308283,True,1.0
ablation,ablation,opaque_dependency_l6,training,steps,full_aassr,full_depth2_branch2_max,30,6.0,6.0,0.0,0.0,0.0,0.0,1.0,True,1.0
ablation,ablation,opaque_dependency_l6,training,high_level_steps,full_aassr,full_depth2_branch2_max,30,6.0,6.0,0.0,0.0,0.0,0.0,1.0,True,1.0
ablation,ablation,opaque_dependency_l6,training,primitive_steps,full_aassr,full_depth2_branch2_max,30,6.0,6.0,0.0,0.0,0.0,0.0,1.0,True,1.0
ablation,ablation,opaque_dependency_l6,training,reward,full_aassr,full_depth2_branch2_max,30,0.35561666666666664,0.33521666666666666,0.020400000000000005,-0.020116666666666658,0.05823333333333333,0.18030805185536178,0.3290835458227089,True,1.0
ablation,ablation,opaque_dependency_l6,training,errors,full_aassr,full_depth2_branch2_max,30,0.0,0.0,0.0,0.0,0.0,0.0,1.0,True,1.0
ablation,ablation,opaque_dependency_l6,training,repeats,full_aassr,full_depth2_branch2_max,30,0.0,0.0,0.0,0.0,0.0,0.0,1.0,True,1.0
ablation,ablation,opaque_dependency_l6,training,prediction_score,full_aassr,full_depth2_branch2_max,30,0.9899861111111111,0.9899944444444445,-8.333333333328714e-06,-2.2222222222234576e-05,5.555555555573448e-06,-0.20804706700518616,0.456077196140193,True,1.0
ablation,ablation,opaque_dependency_l6,training,holdout_score,full_aassr,full_depth2_branch2_max,30,0.12353812622633432,0.12354595175287926,-7.825526544947189e-06,-1.888029376866662e-05,2.880263491307951e-06,-0.2534052561976765,0.1824408779561022,True,1.0
ablation,ablation,opaque_dependency_l6,training,holdout_gain,full_aassr,full_depth2_branch2_max,30,6.4646491566515e-06,6.3778436010959445e-06,8.680555555555553e-08,0.0,2.604166666666666e-07,0.18257418583505536,1.0,True,1.0
ablation,ablation,opaque_dependency_l6,training,imagined_nodes,full_aassr,full_depth2_branch2_max,30,186.4534,28.860316666666666,157.5930833333333,157.16400000000002,158.04466666666667,124.90039580630503,4.999750012499375e-05,True,0.0020998950052497373
ablation,ablation,opaque_dependency_l6,training,imagination_depth,full_aassr,full_depth2_branch2_max,30,5.444116666666667,1.9334333333333333,3.510683333333333,3.503533333333333,3.5181833333333334,162.74828269826546,4.999750012499375e-05,True,0.0020998950052497373
ablation,ablation,opaque_dependency_l6,training,actual_return,full_aassr,full_depth2_branch2_max,30,0.35561666666666664,0.33521666666666666,0.020400000000000005,-0.019416666666666662,0.05923333333333334,0.18030805185536178,0.3309834508274586,True,1.0
ablation,ablation,opaque_dependency_l6,training,runtime_seconds,full_aassr,full_depth2_branch2_max,30,0.006656164208364498,0.0022358043733149923,0.004420359835049506,0.004304394516577789,0.004533939335096025,13.665577749886337,4.999750012499375e-05,True,0.0020998950052497373
ablation,ablation,opaque_dependency_l6,training,real_transitions,full_aassr,full_depth2_branch2_max,30,6.0,6.0,0.0,0.0,0.0,0.0,1.0,True,1.0
ablation,ablation,opaque_dependency_l6,training,imagined_transitions,full_aassr,full_depth2_branch2_max,30,186.4534,28.860316666666666,157.5930833333333,157.14615,158.04435,124.90039580630503,4.999750012499375e-05,True,0.0020998950052497373
ablation,ablation,opaque_dependency_l6,training,action_proposals,full_aassr,full_depth2_branch2_max,30,6.0,6.0,0.0,0.0,0.0,0.0,1.0,True,1.0
ablation,ablation,opaque_dependency_l6,training,repeat_rate,full_aassr,full_depth2_branch2_max,30,0.0,0.0,0.0,0.0,0.0,0.0,1.0,True,1.0
ablation,ablation,opaque_dependency_l6,training,error_rate,full_aassr,full_depth2_branch2_max,30,0.0,0.0,0.0,0.0,0.0,0.0,1.0,True,1.0
ablation,ablation,opaque_dependency_l6,training,learning_auc,full_aassr,full_depth2_branch2_max,30,0.35566116391529096,0.33526763381690844,0.020393530098382528,-0.02109388027347007,0.05840420210105053,0.18024074775831903,0.3323833808309585,True,1.0
ablation,ablation,opaque_dependency_l6,training,final_tail_success,full_aassr,full_depth2_branch2_max,30,0.534,0.4995,0.0345,-0.027333333333333352,0.09233333333333334,0.20174504821419467,0.2752862356882156,True,1.0
ablation,ablation,opaque_dependency_l6,training,first_success_real_transitions,full_aassr,full_depth2_branch2_max,30,332.6,282.2,50.4,-13.8,130.2,0.24167870256880067,0.22088895555222238,True,1.0
ablation,ablation,opaque_dependency_l6,training,success,full_aassr,full_depth2_branch2_mean,30,0.35561666666666664,0.33521666666666666,0.020400000000000005,-0.020366666666666658,0.05985,0.18030805185536178,0.32373381330933454,True,1.0
ablation,ablation,opaque_dependency_l6,training,steps,full_aassr,full_depth2_branch2_mean,30,6.0,6.0,0.0,0.0,0.0,0.0,1.0,True,1.0
ablation,ablation,opaque_dependency_l6,training,high_level_steps,full_aassr,full_depth2_branch2_mean,30,6.0,6.0,0.0,0.0,0.0,0.0,1.0,True,1.0
ablation,ablation,opaque_dependency_l6,training,primitive_steps,full_aassr,full_depth2_branch2_mean,30,6.0,6.0,0.0,0.0,0.0,0.0,1.0,True,1.0
ablation,ablation,opaque_dependency_l6,training,reward,full_aassr,full_depth2_branch2_mean,30,0.35561666666666664,0.33521666666666666,0.020400000000000005,-0.02089999999999999,0.059516666666666676,0.18030805185536178,0.3335333233338333,True,1.0
ablation,ablation,opaque_dependency_l6,training,errors,full_aassr,full_depth2_branch2_mean,30,0.0,0.0,0.0,0.0,0.0,0.0,1.0,True,1.0
ablation,ablation,opaque_dependency_l6,training,repeats,full_aassr,full_depth2_branch2_mean,30,0.0,0.0,0.0,0.0,0.0,0.0,1.0,True,1.0
ablation,ablation,opaque_dependency_l6,training,prediction_score,full_aassr,full_depth2_branch2_mean,30,0.9899861111111111,0.9899944444444445,-8.333333333328714e-06,-2.2222222222230877e-05,5.555555555569747e-06,-0.20804706700518616,0.456227188640568,True,1.0
ablation,ablation,opaque_dependency_l6,training,holdout_score,full_aassr,full_depth2_branch2_mean,30,0.12353812622633432,0.12354595175287926,-7.825526544947189e-06,-1.869703401827331e-05,2.5101426619919543e-06,-0.2534052561976765,0.17654117294135294,True,1.0
ablation,ablation,opaque_dependency_l6,training,holdout_gain,full_aassr,full_depth2_branch2_mean,30,6.4646491566515e-06,6.3778436010959445e-06,8.680555555555553e-08,0.0,2.604166666666666e-07,0.18257418583505536,1.0,True,1.0
ablation,ablation,opaque_dependency_l6,training,imagined_nodes,full_aassr,full_depth2_branch2_mean,30,186.4534,28.860316666666666,157.5930833333333,157.1632,158.04188333333332,124.90039580630503,4.999750012499375e-05,True,0.0020998950052497373
ablation,ablation,opaque_dependency_l6,training,imagination_depth,full_aassr,full_depth2_branch2_mean,30,5.444116666666667,1.9334333333333333,3.510683333333333,3.5030666666666668,3.518466666666667,162.74828269826546,4.999750012499375e-05,True,0.0020998950052497373
ablation,ablation,opaque_dependency_l6,training,actual_return,full_aassr,full_depth2_branch2_mean,30,0.35561666666666664,0.33521666666666666,0.020400000000000005,-0.019683333333333327,0.05966666666666667,0.18030805185536178,0.3322833858307085,True,1.0
ablation,ablation,opaque_dependency_l6,training,runtime_seconds,full_aassr,full_depth2_branch2_mean,30,0.006656164208364498,0.0022027876882969094,0.00445337652006759,0.004345501535016228,0.004553638275104458,15.24682147344625,4.999750012499375e-05,True,0.0020998950052497373
ablation,ablation,opaque_dependency_l6,training,real_transitions,full_aassr,full_depth2_branch2_mean,30,6.0,6.0,0.0,0.0,0.0,0.0,1.0,True,1.0
ablation,ablation,opaque_dependency_l6,training,imagined_transitions,full_aassr,full_depth2_branch2_mean,30,186.4534,28.860316666666666,157.5930833333333,157.15251666666666,158.0434,124.90039580630503,4.999750012499375e-05,True,0.0020998950052497373
ablation,ablation,opaque_dependency_l6,training,action_proposals,full_aassr,full_depth2_branch2_mean,30,6.0,6.0,0.0,0.0,0.0,0.0,1.0,True,1.0
ablation,ablation,opaque_dependency_l6,training,repeat_rate,full_aassr,full_depth2_branch2_mean,30,0.0,0.0,0.0,0.0,0.0,0.0,1.0,True,1.0
ablation,ablation,opaque_dependency_l6,training,error_rate,full_aassr,full_depth2_branch2_mean,30,0.0,0.0,0.0,0.0,0.0,0.0,1.0,True,1.0
ablation,ablation,opaque_dependency_l6,training,learning_auc,full_aassr,full_depth2_branch2_mean,30,0.35566116391529096,0.33526763381690844,0.020393530098382528,-0.021202267800566943,0.05959646489911623,0.18024074775831903,0.3312334383280836,True,1.0
ablation,ablation,opaque_dependency_l6,training,final_tail_success,full_aassr,full_depth2_branch2_mean,30,0.534,0.4995,0.0345,-0.025999999999999992,0.0955,0.20174504821419467,0.27983600819959004,True,1.0
ablation,ablation,opaque_dependency_l6,training,first_success_real_transitions,full_aassr,full_depth2_branch2_mean,30,332.6,282.2,50.4,-12.8,134.4,0.24167870256880067,0.21308934553272335,True,1.0
ablation,ablation,opaque_dependency_l6,training,success,full_aassr,full_depth2_branch2_risk-adjusted,30,0.35561666666666664,0.33521666666666666,0.020400000000000005,-0.0203,0.059783333333333334,0.18030805185536178,0.33633318334083295,True,1.0
ablation,ablation,opaque_dependency_l6,training,steps,full_aassr,full_depth2_branch2_risk-adjusted,30,6.0,6.0,0.0,0.0,0.0,0.0,1.0,True,1.0
ablation,ablation,opaque_dependency_l6,training,high_level_steps,full_aassr,full_depth2_branch2_risk-adjusted,30,6.0,6.0,0.0,0.0,0.0,0.0,1.0,True,1.0
ablation,ablation,opaque_dependency_l6,training,primitive_steps,full_aassr,full_depth2_branch2_risk-adjusted,30,6.0,6.0,0.0,0.0,0.0,0.0,1.0,True,1.0
ablation,ablation,opaque_dependency_l6,training,reward,full_aassr,full_depth2_branch2_risk-adjusted,30,0.35561666666666664,0.33521666666666666,0.020400000000000005,-0.019549999999999988,0.05976666666666666,0.18030805185536178,0.33068346582670866,True,1.0
ablation,ablation,opaque_dependency_l6,training,errors,full_aassr,full_depth2_branch2_risk-adjusted,30,0.0,0.0,0.0,0.0,0.0,0.0,1.0,True,1.0
ablation,ablation,opaque_dependency_l6,training,repeats,full_aassr,full_depth2_branch2_risk-adjusted,30,0.0,0.0,0.0,0.0,0.0,0.0,1.0,True,1.0
ablation,ablation,opaque_dependency_l6,training,prediction_score,full_aassr,full_depth2_branch2_risk-adjusted,30,0.9899861111111111,0.9899944444444445,-8.333333333328714e-06,-2.2222222222230877e-05,5.555555555569747e-06,-0.20804706700518616,0.4534773261336933,True,1.0
ablation,ablation,opaque_dependency_l6,training,holdout_score,full_aassr,full_depth2_branch2_risk-adjusted,30,0.12353812622633432,0.12354595175287926,-7.825526544947189e-06,-1.8748481884358718e-05,2.986026664896409e-06,-0.2534052561976765,0.18614069296535174,True,1.0
ablation,ablation,opaque_dependency_l6,training,holdout_gain,full_aassr,full_depth2_branch2_risk-adjusted,30,6.4646491566515e-06,6.3778436010959445e-06,8.680555555555553e-08,0.0,2.604166666666666e-07,0.18257418583505536,1.0,True,1.0
ablation,ablation,opaque_dependency_l6,training,imagined_nodes,full_aassr,full_depth2_branch2_risk-adjusted,30,186.4534,28.860316666666666,157.5930833333333,157.14435,158.0454,124.90039580630503,4.999750012499375e-05,True,0.0020998950052497373
ablation,ablation,opaque_dependency_l6,training,imagination_depth,full_aassr,full_depth2_branch2_risk-adjusted,30,5.444116666666667,1.9334333333333333,3.510683333333333,3.5030666666666668,3.5181,162.74828269826546,4.999750012499375e-05,True,0.0020998950052497373
ablation,ablation,opaque_dependency_l6,training,actual_return,full_aassr,full_depth2_branch2_risk-adjusted,30,0.35561666666666664,0.33521666666666666,0.020400000000000005,-0.020099999999999993,0.060583333333333336,0.18030805185536178,0.33163341832908355,True,1.0
ablation,ablation,opaque_dependency_l6,training,runtime_seconds,full_aassr,full_depth2_branch2_risk-adjusted,30,0.006656164208364498,0.002444152401654477,0.004212011806710022,0.004107848903326764,0.0043092240034248485,14.703795458427994,4.999750012499375e-05,True,0.0020998950052497373
ablation,ablation,opaque_dependency_l6,training,real_transitions,full_aassr,full_depth2_branch2_risk-adjusted,30,6.0,6.0,0.0,0.0,0.0,0.0,1.0,True,1.0
ablation,ablation,opaque_dependency_l6,training,imagined_transitions,full_aassr,full_depth2_branch2_risk-adjusted,30,186.4534,28.860316666666666,157.5930833333333,157.1559,158.03913333333333,124.90039580630503,4.999750012499375e-05,True,0.0020998950052497373
ablation,ablation,opaque_dependency_l6,training,action_proposals,full_aassr,full_depth2_branch2_risk-adjusted,30,6.0,6.0,0.0,0.0,0.0,0.0,1.0,True,1.0
ablation,ablation,opaque_dependency_l6,training,repeat_rate,full_aassr,full_depth2_branch2_risk-adjusted,30,0.0,0.0,0.0,0.0,0.0,0.0,1.0,True,1.0
ablation,ablation,opaque_dependency_l6,training,error_rate,full_aassr,full_depth2_branch2_risk-adjusted,30,0.0,0.0,0.0,0.0,0.0,0.0,1.0,True,1.0
ablation,ablation,opaque_dependency_l6,training,learning_auc,full_aassr,full_depth2_branch2_risk-adjusted,30,0.35566116391529096,0.33526763381690844,0.020393530098382528,-0.019809904952476233,0.06070535267633817,0.18024074775831903,0.3250837458127094,True,1.0
ablation,ablation,opaque_dependency_l6,training,final_tail_success,full_aassr,full_depth2_branch2_risk-adjusted,30,0.534,0.4995,0.0345,-0.02600000000000001,0.0935,0.20174504821419467,0.27303634818259087,True,1.0
ablation,ablation,opaque_dependency_l6,training,first_success_real_transitions,full_aassr,full_depth2_branch2_risk-adjusted,30,332.6,282.2,50.4,-14.0,131.0,0.24167870256880067,0.21683915804209788,True,1.0
ablation,ablation,opaque_dependency_l6,training,success,full_aassr,full_depth2_branch4_max,30,0.35561666666666664,0.33521666666666666,0.020400000000000005,-0.019266666666666658,0.05916666666666667,0.18030805185536178,0.3326333683315834,True,1.0
ablation,ablation,opaque_dependency_l6,training,steps,full_aassr,full_depth2_branch4_max,30,6.0,6.0,0.0,0.0,0.0,0.0,1.0,True,1.0
ablation,ablation,opaque_dependency_l6,training,high_level_steps,full_aassr,full_depth2_branch4_max,30,6.0,6.0,0.0,0.0,0.0,0.0,1.0,True,1.0
ablation,ablation,opaque_dependency_l6,training,primitive_steps,full_aassr,full_depth2_branch4_max,30,6.0,6.0,0.0,0.0,0.0,0.0,1.0,True,1.0
ablation,ablation,opaque_dependency_l6,training,reward,full_aassr,full_depth2_branch4_max,30,0.35561666666666664,0.33521666666666666,0.020400000000000005,-0.020699999999999996,0.05968333333333333,0.18030805185536178,0.3321333933303335,True,1.0
ablation,ablation,opaque_dependency_l6,training,errors,full_aassr,full_depth2_branch4_max,30,0.0,0.0,0.0,0.0,0.0,0.0,1.0,True,1.0
ablation,ablation,opaque_dependency_l6,training,repeats,full_aassr,full_depth2_branch4_max,30,0.0,0.0,0.0,0.0,0.0,0.0,1.0,True,1.0
ablation,ablation,opaque_dependency_l6,training,prediction_score,full_aassr,full_depth2_branch4_max,30,0.9899861111111111,0.9899944444444445,-8.333333333328714e-06,-2.2222222222234576e-05,5.555555555569747e-06,-0.20804706700518616,0.4551272436378181,True,1.0
ablation,ablation,opaque_dependency_l6,training,holdout_score,full_aassr,full_depth2_branch4_max,30,0.12353812622633432,0.12354595175287926,-7.825526544947189e-06,-1.8881601576860308e-05,2.5201715223447757e-06,-0.2534052561976765,0.17929103544822758,True,1.0
ablation,ablation,opaque_dependency_l6,training,holdout_gain,full_aassr,full_depth2_branch4_max,30,6.4646491566515e-06,6.3778436010959445e-06,8.680555555555553e-08,0.0,2.604166666666666e-07,0.18257418583505536,1.0,True,1.0
ablation,ablation,opaque_dependency_l6,training,imagined_nodes,full_aassr,full_depth2_branch4_max,30,186.4534,28.860316666666666,157.5930833333333,157.15966666666665,158.03496666666666,124.90039580630503,4.999750012499375e-05,True,0.0020998950052497373
ablation,ablation,opaque_dependency_l6,training,imagination_depth,full_aassr,full_depth2_branch4_max,30,5.444116666666667,1.9334333333333333,3.510683333333333,3.5030166666666664,3.5185833333333334,162.74828269826546,4.999750012499375e-05,True,0.0020998950052497373
ablation,ablation,opaque_dependency_l6,training,actual_return,full_aassr,full_depth2_branch4_max,30,0.35561666666666664,0.33521666666666666,0.020400000000000005,-0.021116666666666662,0.059300000000000005,0.18030805185536178,0.32753362331883407,True,1.0
ablation,ablation,opaque_dependency_l6,training,runtime_seconds,full_aassr,full_depth2_branch4_max,30,0.006656164208364498,0.0021986411199065815,0.004457523088457916,0.004368517988562234,0.00453929454015985,17.926024875452008,4.999750012499375e-05,True,0.0020998950052497373
ablation,ablation,opaque_dependency_l6,training,real_transitions,full_aassr,full_depth2_branch4_max,30,6.0,6.0,0.0,0.0,0.0,0.0,1.0,True,1.0
ablation,ablation,opaque_dependency_l6,training,imagined_transitions,full_aassr,full_depth2_branch4_max,30,186.4534,28.860316666666666,157.5930833333333,157.15453333333335,158.03348333333332,124.90039580630503,4.999750012499375e-05,True,0.0020998950052497373
ablation,ablation,opaque_dependency_l6,training,action_proposals,full_aassr,full_depth2_branch4_max,30,6.0,6.0,0.0,0.0,0.0,0.0,1.0,True,1.0
ablation,ablation,opaque_dependency_l6,training,repeat_rate,full_aassr,full_depth2_branch4_max,30,0.0,0.0,0.0,0.0,0.0,0.0,1.0,True,1.0
ablation,ablation,opaque_dependency_l6,training,error_rate,full_aassr,full_depth2_branch4_max,30,0.0,0.0,0.0,0.0,0.0,0.0,1.0,True,1.0
ablation,ablation,opaque_dependency_l6,training,learning_auc,full_aassr,full_depth2_branch4_max,30,0.35566116391529096,0.33526763381690844,0.020393530098382528,-0.019793229948307477,0.059246289811572456,0.18024074775831903,0.32918354082295886,True,1.0
ablation,ablation,opaque_dependency_l6,training,final_tail_success,full_aassr,full_depth2_branch4_max,30,0.534,0.4995,0.0345,-0.025833333333333344,0.09366666666666669,0.20174504821419467,0.27183640817959104,True,1.0
ablation,ablation,opaque_dependency_l6,training,first_success_real_transitions,full_aassr,full_depth2_branch4_max,30,332.6,282.2,50.4,-13.4,130.0,0.24167870256880067,0.21613919304034798,True,1.0
ablation,ablation,opaque_dependency_l6,training,success,full_aassr,full_depth2_branch4_mean,30,0.35561666666666664,0.33521666666666666,0.020400000000000005,-0.019749999999999997,0.060050000000000006,0.18030805185536178,0.3262836858157092,True,1.0
ablation,ablation,opaque_dependency_l6,training,steps,full_aassr,full_depth2_branch4_mean,30,6.0,6.0,0.0,0.0,0.0,0.0,1.0,True,1.0
ablation,ablation,opaque_dependency_l6,training,high_level_steps,full_aassr,full_depth2_branch4_mean,30,6.0,6.0,0.0,0.0,0.0,0.0,1.0,True,1.0
ablation,ablation,opaque_dependency_l6,training,primitive_steps,full_aassr,full_depth2_branch4_mean,30,6.0,6.0,0.0,0.0,0.0,0.0,1.0,True,1.0
ablation,ablation,opaque_dependency_l6,training,reward,full_aassr,full_depth2_branch4_mean,30,0.35561666666666664,0.33521666666666666,0.020400000000000005,-0.020233333333333322,0.05943333333333334,0.18030805185536178,0.3295335233238338,True,1.0
ablation,ablation,opaque_dependency_l6,training,errors,full_aassr,full_depth2_branch4_mean,30,0.0,0.0,0.0,0.0,0.0,0.0,1.0,True,1.0
ablation,ablation,opaque_dependency_l6,training,repeats,full_aassr,full_depth2_branch4_mean,30,0.0,0.0,0.0,0.0,0.0,0.0,1.0,True,1.0
ablation,ablation,opaque_dependency_l6,training,prediction_score,full_aassr,full_depth2_branch4_mean,30,0.9899861111111111,0.9899944444444445,-8.333333333328714e-06,-2.2222222222227177e-05,5.555555555569747e-06,-0.20804706700518616,0.4528773561321934,True,1.0
ablation,ablation,opaque_dependency_l6,training,holdout_score,full_aassr,full_depth2_branch4_mean,30,0.12353812622633432,0.12354595175287926,-7.825526544947189e-06,-1.874950935958075e-05,3.0786196689072674e-06,-0.2534052561976765,0.1817909104544773,True,1.0
ablation,ablation,opaque_dependency_l6,training,holdout_gain,full_aassr,full_depth2_branch4_mean,30,6.4646491566515e-06,6.3778436010959445e-06,8.680555555555553e-08,0.0,2.604166666666666e-07,0.18257418583505536,1.0,True,1.0
ablation,ablation,opaque_dependency_l6,training,imagined_nodes,full_aassr,full_depth2_branch4_mean,30,186.4534,28.860316666666666,157.5930833333333,157.15706666666665,158.05228333333332,124.90039580630503,4.999750012499375e-05,True,0.0020998950052497373
ablation,ablation,opaque_dependency_l6,training,imagination_depth,full_aassr,full_depth2_branch4_mean,30,5.444116666666667,1.9334333333333333,3.510683333333333,3.5032166666666664,3.5182833333333337,162.74828269826546,4.999750012499375e-05,True,0.0020998950052497373
ablation,ablation,opaque_dependency_l6,training,actual_return,full_aassr,full_depth2_branch4_mean,30,0.35561666666666664,0.33521666666666666,0.020400000000000005,-0.020633333333333326,0.05863333333333333,0.18030805185536178,0.328133593320334,True,1.0
ablation,ablation,opaque_dependency_l6,training,runtime_seconds,full_aassr,full_depth2_branch4_mean,30,0.006656164208364498,0.002215273006692102,0.0044408912016723956,0.0043404758582192395,0.004535315211733298,15.879520347466185,4.999750012499375e-05,True,0.0020998950052497373
ablation,ablation,opaque_dependency_l6,training,real_transitions,full_aassr,full_depth2_branch4_mean,30,6.0,6.0,0.0,0.0,0.0,0.0,1.0,True,1.0
ablation,ablation,opaque_dependency_l6,training,imagined_transitions,full_aassr,full_depth2_branch4_mean,30,186.4534,28.860316666666666,157.5930833333333,157.15144999999998,158.03743333333333,124.90039580630503,4.999750012499375e-05,True,0.0020998950052497373
ablation,ablation,opaque_dependency_l6,training,action_proposals,full_aassr,full_depth2_branch4_mean,30,6.0,6.0,0.0,0.0,0.0,0.0,1.0,True,1.0
ablation,ablation,opaque_dependency_l6,training,repeat_rate,full_aassr,full_depth2_branch4_mean,30,0.0,0.0,0.0,0.0,0.0,0.0,1.0,True,1.0
ablation,ablation,opaque_dependency_l6,training,error_rate,full_aassr,full_depth2_branch4_mean,30,0.0,0.0,0.0,0.0,0.0,0.0,1.0,True,1.0
ablation,ablation,opaque_dependency_l6,training,learning_auc,full_aassr,full_depth2_branch4_mean,30,0.35566116391529096,0.33526763381690844,0.020393530098382528,-0.018951142237785556,0.058987827246956816,0.18024074775831903,0.3321333933303335,True,1.0
ablation,ablation,opaque_dependency_l6,training,final_tail_success,full_aassr,full_depth2_branch4_mean,30,0.534,0.4995,0.0345,-0.02650000000000001,0.09200000000000001,0.20174504821419467,0.27453627318634066,True,1.0
ablation,ablation,opaque_dependency_l6,training,first_success_real_transitions,full_aassr,full_depth2_branch4_mean,30,332.6,282.2,50.4,-13.6,129.2,0.24167870256880067,0.21818909054547272,True,1.0
ablation,ablation,opaque_dependency_l6,training,success,full_aassr,full_depth2_branch4_risk-adjusted,30,0.35561666666666664,0.33521666666666666,0.020400000000000005,-0.02091666666666666,0.059300000000000005,0.18030805185536178,0.3285335733213339,True,1.0
ablation,ablation,opaque_dependency_l6,training,steps,full_aassr,full_depth2_branch4_risk-adjusted,30,6.0,6.0,0.0,0.0,0.0,0.0,1.0,True,1.0
ablation,ablation,opaque_dependency_l6,training,high_level_steps,full_aassr,full_depth2_branch4_risk-adjusted,30,6.0,6.0,0.0,0.0,0.0,0.0,1.0,True,1.0
ablation,ablation,opaque_dependency_l6,training,primitive_steps,full_aassr,full_depth2_branch4_risk-adjusted,30,6.0,6.0,0.0,0.0,0.0,0.0,1.0,True,1.0
ablation,ablation,opaque_dependency_l6,training,reward,full_aassr,full_depth2_branch4_risk-adjusted,30,0.35561666666666664,0.33521666666666666,0.020400000000000005,-0.018649999999999996,0.05946666666666667,0.18030805185536178,0.33233338333083345,True,1.0
ablation,ablation,opaque_dependency_l6,training,errors,full_aassr,full_depth2_branch4_risk-adjusted,30,0.0,0.0,0.0,0.0,0.0,0.0,1.0,True,1.0
ablation,ablation,opaque_dependency_l6,training,repeats,full_aassr,full_depth2_branch4_risk-adjusted,30,0.0,0.0,0.0,0.0,0.0,0.0,1.0,True,1.0
ablation,ablation,opaque_dependency_l6,training,prediction_score,full_aassr,full_depth2_branch4_risk-adjusted,30,0.9899861111111111,0.9899944444444445,-8.333333333328714e-06,-2.2222222222227177e-05,5.555555555569747e-06,-0.20804706700518616,0.45237738113094345,True,1.0
ablation,ablation,opaque_dependency_l6,training,holdout_score,full_aassr,full_depth2_branch4_risk-adjusted,30,0.12353812622633432,0.12354595175287926,-7.825526544947189e-06,-1.8836698963312082e-05,2.5863311199710488e-06,-0.2534052561976765,0.18104094795260237,True,1.0
ablation,ablation,opaque_dependency_l6,training,holdout_gain,full_aassr,full_depth2_branch4_risk-adjusted,30,6.4646491566515e-06,6.3778436010959445e-06,8.680555555555553e-08,0.0,2.604166666666666e-07,0.18257418583505536,1.0,True,1.0
ablation,ablation,opaque_dependency_l6,training,imagined_nodes,full_aassr,full_depth2_branch4_risk-adjusted,30,186.4534,28.860316666666666,157.5930833333333,157.15271666666666,158.04798333333332,124.90039580630503,4.999750012499375e-05,True,0.0020998950052497373
ablation,ablation,opaque_dependency_l6,training,imagination_depth,full_aassr,full_depth2_branch4_risk-adjusted,30,5.444116666666667,1.9334333333333333,3.510683333333333,3.5033000000000003,3.5183999999999997,162.74828269826546,4.999750012499375e-05,True,0.0020998950052497373
ablation,ablation,opaque_dependency_l6,training,actual_return,full_aassr,full_depth2_branch4_risk-adjusted,30,0.35561666666666664,0.33521666666666666,0.020400000000000005,-0.01981666666666666,0.059966666666666675,0.18030805185536178,0.32658367081645917,True,1.0
ablation,ablation,opaque_dependency_l6,training,runtime_seconds,full_aassr,full_depth2_branch4_risk-adjusted,30,0.006656164208364498,0.002428461288230028,0.00422770292013447,0.004117388235044686,0.004333042793501227,14.117603128553814,4.999750012499375e-05,True,0.0020998950052497373
ablation,ablation,opaque_dependency_l6,training,real_transitions,full_aassr,full_depth2_branch4_risk-adjusted,30,6.0,6.0,0.0,0.0,0.0,0.0,1.0,True,1.0
ablation,ablation,opaque_dependency_l6,training,imagined_transitions,full_aassr,full_depth2_branch4_risk-adjusted,30,186.4534,28.860316666666666,157.5930833333333,157.14741666666666,158.05468333333332,124.90039580630503,4.999750012499375e-05,True,0.0020998950052497373
ablation,ablation,opaque_dependency_l6,training,action_proposals,full_aassr,full_depth2_branch4_risk-adjusted,30,6.0,6.0,0.0,0.0,0.0,0.0,1.0,True,1.0
ablation,ablation,opaque_dependency_l6,training,repeat_rate,full_aassr,full_depth2_branch4_risk-adjusted,30,0.0,0.0,0.0,0.0,0.0,0.0,1.0,True,1.0
ablation,ablation,opaque_dependency_l6,training,error_rate,full_aassr,full_depth2_branch4_risk-adjusted,30,0.0,0.0,0.0,0.0,0.0,0.0,1.0,True,1.0
ablation,ablation,opaque_dependency_l6,training,learning_auc,full_aassr,full_depth2_branch4_risk-adjusted,30,0.35566116391529096,0.33526763381690844,0.020393530098382528,-0.0204352176088044,0.061247290311822584,0.18024074775831903,0.3347332633368332,True,1.0
ablation,ablation,opaque_dependency_l6,training,final_tail_success,full_aassr,full_depth2_branch4_risk-adjusted,30,0.534,0.4995,0.0345,-0.02483333333333333,0.09383333333333335,0.20174504821419467,0.271886405679716,True,1.0
ablation,ablation,opaque_dependency_l6,training,first_success_real_transitions,full_aassr,full_depth2_branch4_risk-adjusted,30,332.6,282.2,50.4,-13.8,132.6,0.24167870256880067,0.21983900804959752,True,1.0
ablation,ablation,opaque_dependency_l6,training,success,full_aassr,full_depth4_branch1_max,30,0.35561666666666664,0.33521666666666666,0.020400000000000005,-0.020683333333333324,0.060166666666666674,0.18030805185536178,0.3350832458377081,True,1.0
ablation,ablation,opaque_dependency_l6,training,steps,full_aassr,full_depth4_branch1_max,30,6.0,6.0,0.0,0.0,0.0,0.0,1.0,True,1.0
ablation,ablation,opaque_dependency_l6,training,high_level_steps,full_aassr,full_depth4_branch1_max,30,6.0,6.0,0.0,0.0,0.0,0.0,1.0,True,1.0
ablation,ablation,opaque_dependency_l6,training,primitive_steps,full_aassr,full_depth4_branch1_max,30,6.0,6.0,0.0,0.0,0.0,0.0,1.0,True,1.0
ablation,ablation,opaque_dependency_l6,training,reward,full_aassr,full_depth4_branch1_max,30,0.35561666666666664,0.33521666666666666,0.020400000000000005,-0.019833333333333324,0.057833333333333334,0.18030805185536178,0.3312334383280836,True,1.0
ablation,ablation,opaque_dependency_l6,training,errors,full_aassr,full_depth4_branch1_max,30,0.0,0.0,0.0,0.0,0.0,0.0,1.0,True,1.0
ablation,ablation,opaque_dependency_l6,training,repeats,full_aassr,full_depth4_branch1_max,30,0.0,0.0,0.0,0.0,0.0,0.0,1.0,True,1.0
ablation,ablation,opaque_dependency_l6,training,prediction_score,full_aassr,full_depth4_branch1_max,30,0.9899861111111111,0.9899944444444445,-8.333333333328714e-06,-2.2222222222227177e-05,5.555555555573448e-06,-0.20804706700518616,0.4505274736263187,True,1.0
ablation,ablation,opaque_dependency_l6,training,holdout_score,full_aassr,full_depth4_branch1_max,30,0.12353812622633432,0.12354595175287926,-7.825526544947189e-06,-1.9260662349178856e-05,2.2100636340893766e-06,-0.2534052561976765,0.17944102794860256,True,1.0
ablation,ablation,opaque_dependency_l6,training,holdout_gain,full_aassr,full_depth4_branch1_max,30,6.4646491566515e-06,6.3778436010959445e-06,8.680555555555553e-08,0.0,2.604166666666666e-07,0.18257418583505536,1.0,True,1.0
ablation,ablation,opaque_dependency_l6,training,imagined_nodes,full_aassr,full_depth4_branch1_max,30,186.4534,18.22605,168.22735,167.77935,168.69345,130.82363371438086,4.999750012499375e-05,True,0.0020998950052497373
ablation,ablation,opaque_dependency_l6,training,imagination_depth,full_aassr,full_depth4_branch1_max,30,5.444116666666667,3.8053000000000003,1.6388166666666666,1.63345,1.6441833333333333,104.46706243096376,4.999750012499375e-05,True,0.0020998950052497373
ablation,ablation,opaque_dependency_l6,training,actual_return,full_aassr,full_depth4_branch1_max,30,0.35561666666666664,0.33521666666666666,0.020400000000000005,-0.020099999999999993,0.05798333333333334,0.18030805185536178,0.3346332683365832,True,1.0
ablation,ablation,opaque_dependency_l6,training,runtime_seconds,full_aassr,full_depth4_branch1_max,30,0.006656164208364498,0.001955759269873185,0.004700404938491313,0.0045868829085122945,0.0048076285469316644,14.637604804102107,4.999750012499375e-05,True,0.0020998950052497373
ablation,ablation,opaque_dependency_l6,training,real_transitions,full_aassr,full_depth4_branch1_max,30,6.0,6.0,0.0,0.0,0.0,0.0,1.0,True,1.0
ablation,ablation,opaque_dependency_l6,training,imagined_transitions,full_aassr,full_depth4_branch1_max,30,186.4534,18.22605,168.22735,167.77233333333334,168.69046666666665,130.82363371438086,4.999750012499375e-05,True,0.0020998950052497373
ablation,ablation,opaque_dependency_l6,training,action_proposals,full_aassr,full_depth4_branch1_max,30,6.0,6.0,0.0,0.0,0.0,0.0,1.0,True,1.0
ablation,ablation,opaque_dependency_l6,training,repeat_rate,full_aassr,full_depth4_branch1_max,30,0.0,0.0,0.0,0.0,0.0,0.0,1.0,True,1.0
ablation,ablation,opaque_dependency_l6,training,error_rate,full_aassr,full_depth4_branch1_max,30,0.0,0.0,0.0,0.0,0.0,0.0,1.0,True,1.0
ablation,ablation,opaque_dependency_l6,training,learning_auc,full_aassr,full_depth4_branch1_max,30,0.35566116391529096,0.33526763381690844,0.020393530098382528,-0.019201267300316814,0.05962981490745373,0.18024074775831903,0.3265336733163342,True,1.0
ablation,ablation,opaque_dependency_l6,training,final_tail_success,full_aassr,full_depth4_branch1_max,30,0.534,0.4995,0.0345,-0.027,0.09166666666666669,0.20174504821419467,0.27453627318634066,True,1.0
ablation,ablation,opaque_dependency_l6,training,first_success_real_transitions,full_aassr,full_depth4_branch1_max,30,332.6,282.2,50.4,-13.4,129.6,0.24167870256880067,0.21353932303384832,True,1.0
ablation,ablation,opaque_dependency_l6,training,success,full_aassr,full_depth4_branch1_mean,30,0.35561666666666664,0.33521666666666666,0.020400000000000005,-0.020116666666666665,0.060583333333333336,0.18030805185536178,0.32983350832458375,True,1.0
ablation,ablation,opaque_dependency_l6,training,steps,full_aassr,full_depth4_branch1_mean,30,6.0,6.0,0.0,0.0,0.0,0.0,1.0,True,1.0
ablation,ablation,opaque_dependency_l6,training,high_level_steps,full_aassr,full_depth4_branch1_mean,30,6.0,6.0,0.0,0.0,0.0,0.0,1.0,True,1.0
ablation,ablation,opaque_dependency_l6,training,primitive_steps,full_aassr,full_depth4_branch1_mean,30,6.0,6.0,0.0,0.0,0.0,0.0,1.0,True,1.0
ablation,ablation,opaque_dependency_l6,training,reward,full_aassr,full_depth4_branch1_mean,30,0.35561666666666664,0.33521666666666666,0.020400000000000005,-0.019916666666666662,0.05935,0.18030805185536178,0.3336333183340833,True,1.0
ablation,ablation,opaque_dependency_l6,training,errors,full_aassr,full_depth4_branch1_mean,30,0.0,0.0,0.0,0.0,0.0,0.0,1.0,True,1.0
ablation,ablation,opaque_dependency_l6,training,repeats,full_aassr,full_depth4_branch1_mean,30,0.0,0.0,0.0,0.0,0.0,0.0,1.0,True,1.0
ablation,ablation,opaque_dependency_l6,training,prediction_score,full_aassr,full_depth4_branch1_mean,30,0.9899861111111111,0.9899944444444445,-8.333333333328714e-06,-2.2222222222227177e-05,5.555555555573448e-06,-0.20804706700518616,0.4528773561321934,True,1.0
ablation,ablation,opaque_dependency_l6,training,holdout_score,full_aassr,full_depth4_branch1_mean,30,0.12353812622633432,0.12354595175287926,-7.825526544947189e-06,-1.9129005201660997e-05,2.3223791623223447e-06,-0.2534052561976765,0.18604069796510175,True,1.0
ablation,ablation,opaque_dependency_l6,training,holdout_gain,full_aassr,full_depth4_branch1_mean,30,6.4646491566515e-06,6.3778436010959445e-06,8.680555555555553e-08,0.0,2.604166666666666e-07,0.18257418583505536,1.0,True,1.0
ablation,ablation,opaque_dependency_l6,training,imagined_nodes,full_aassr,full_depth4_branch1_mean,30,186.4534,18.22605,168.22735,167.7649,168.6792166666667,130.82363371438086,4.999750012499375e-05,True,0.0020998950052497373
ablation,ablation,opaque_dependency_l6,training,imagination_depth,full_aassr,full_depth4_branch1_mean,30,5.444116666666667,3.8053000000000003,1.6388166666666666,1.6333,1.6442666666666665,104.46706243096376,4.999750012499375e-05,True,0.0020998950052497373
ablation,ablation,opaque_dependency_l6,training,actual_return,full_aassr,full_depth4_branch1_mean,30,0.35561666666666664,0.33521666666666666,0.020400000000000005,-0.01923333333333333,0.060583333333333336,0.18030805185536178,0.32843357832108394,True,1.0
ablation,ablation,opaque_dependency_l6,training,runtime_seconds,full_aassr,full_depth4_branch1_mean,30,0.006656164208364498,0.001962735203333917,0.004693429005030582,0.004578968250095203,0.00480594997346149,14.651003979286791,4.999750012499375e-05,True,0.0020998950052497373
ablation,ablation,opaque_dependency_l6,training,real_transitions,full_aassr,full_depth4_branch1_mean,30,6.0,6.0,0.0,0.0,0.0,0.0,1.0,True,1.0
ablation,ablation,opaque_dependency_l6,training,imagined_transitions,full_aassr,full_depth4_branch1_mean,30,186.4534,18.22605,168.22735,167.77656666666664,168.69078333333334,130.82363371438086,4.999750012499375e-05,True,0.0020998950052497373
ablation,ablation,opaque_dependency_l6,training,action_proposals,full_aassr,full_depth4_branch1_mean,30,6.0,6.0,0.0,0.0,0.0,0.0,1.0,True,1.0
ablation,ablation,opaque_dependency_l6,training,repeat_rate,full_aassr,full_depth4_branch1_mean,30,0.0,0.0,0.0,0.0,0.0,0.0,1.0,True,1.0
ablation,ablation,opaque_dependency_l6,training,error_rate,full_aassr,full_depth4_branch1_mean,30,0.0,0.0,0.0,0.0,0.0,0.0,1.0,True,1.0
ablation,ablation,opaque_dependency_l6,training,learning_auc,full_aassr,full_depth4_branch1_mean,30,0.35566116391529096,0.33526763381690844,0.020393530098382528,-0.02011005502751376,0.05880440220110055,0.18024074775831903,0.3321333933303335,True,1.0
ablation,ablation,opaque_dependency_l6,training,final_tail_success,full_aassr,full_depth4_branch1_mean,30,0.534,0.4995,0.0345,-0.02666666666666667,0.0935,0.20174504821419467,0.2728363581820909,True,1.0
ablation,ablation,opaque_dependency_l6,training,first_success_real_transitions,full_aassr,full_depth4_branch1_mean,30,332.6,282.2,50.4,-13.4,130.4,0.24167870256880067,0.21958902054897256,True,1.0
ablation,ablation,opaque_dependency_l6,training,success,full_aassr,full_depth4_branch1_risk-adjusted,30,0.35561666666666664,0.33521666666666666,0.020400000000000005,-0.019266666666666654,0.0599,0.18030805185536178,0.32458377081145945,True,1.0
ablation,ablation,opaque_dependency_l6,training,steps,full_aassr,full_depth4_branch1_risk-adjusted,30,6.0,6.0,0.0,0.0,0.0,0.0,1.0,True,1.0
ablation,ablation,opaque_dependency_l6,training,high_level_steps,full_aassr,full_depth4_branch1_risk-adjusted,30,6.0,6.0,0.0,0.0,0.0,0.0,1.0,True,1.0
ablation,ablation,opaque_dependency_l6,training,primitive_steps,full_aassr,full_depth4_branch1_risk-adjusted,30,6.0,6.0,0.0,0.0,0.0,0.0,1.0,True,1.0
ablation,ablation,opaque_dependency_l6,training,reward,full_aassr,full_depth4_branch1_risk-adjusted,30,0.35561666666666664,0.33521666666666666,0.020400000000000005,-0.018983333333333328,0.060533333333333335,0.18030805185536178,0.33173341332933354,True,1.0
ablation,ablation,opaque_dependency_l6,training,errors,full_aassr,full_depth4_branch1_risk-adjusted,30,0.0,0.0,0.0,0.0,0.0,0.0,1.0,True,1.0
ablation,ablation,opaque_dependency_l6,training,repeats,full_aassr,full_depth4_branch1_risk-adjusted,30,0.0,0.0,0.0,0.0,0.0,0.0,1.0,True,1.0
ablation,ablation,opaque_dependency_l6,training,prediction_score,full_aassr,full_depth4_branch1_risk-adjusted,30,0.9899861111111111,0.9899944444444445,-8.333333333328714e-06,-2.2222222222234576e-05,5.555555555569747e-06,-0.20804706700518616,0.4550272486375681,True,1.0
ablation,ablation,opaque_dependency_l6,training,holdout_score,full_aassr,full_depth4_branch1_risk-adjusted,30,0.12353812622633432,0.12354595175287926,-7.825526544947189e-06,-1.8820063205973735e-05,2.537465354541154e-06,-0.2534052561976765,0.18374081295935205,True,1.0
ablation,ablation,opaque_dependency_l6,training,holdout_gain,full_aassr,full_depth4_branch1_risk-adjusted,30,6.4646491566515e-06,6.3778436010959445e-06,8.680555555555553e-08,0.0,2.604166666666666e-07,0.18257418583505536,1.0,True,1.0
ablation,ablation,opaque_dependency_l6,training,imagined_nodes,full_aassr,full_depth4_branch1_risk-adjusted,30,186.4534,18.22605,168.22735,167.77453333333332,168.6769,130.82363371438086,4.999750012499375e-05,True,0.0020998950052497373
ablation,ablation,opaque_dependency_l6,training,imagination_depth,full_aassr,full_depth4_branch1_risk-adjusted,30,5.444116666666667,3.8053000000000003,1.6388166666666666,1.6334833333333334,1.6444666666666665,104.46706243096376,4.999750012499375e-05,True,0.0020998950052497373
ablation,ablation,opaque_dependency_l6,training,actual_return,full_aassr,full_depth4_branch1_risk-adjusted,30,0.35561666666666664,0.33521666666666666,0.020400000000000005,-0.021383333333333327,0.05798333333333334,0.18030805185536178,0.3311834408279586,True,1.0
ablation,ablation,opaque_dependency_l6,training,runtime_seconds,full_aassr,full_depth4_branch1_risk-adjusted,30,0.006656164208364498,0.0019719651316661233,0.004684199076698375,0.004576987293413549,0.0047886041649593,15.162390820429572,4.999750012499375e-05,True,0.0020998950052497373
ablation,ablation,opaque_dependency_l6,training,real_transitions,full_aassr,full_depth4_branch1_risk-adjusted,30,6.0,6.0,0.0,0.0,0.0,0.0,1.0,True,1.0
ablation,ablation,opaque_dependency_l6,training,imagined_transitions,full_aassr,full_depth4_branch1_risk-adjusted,30,186.4534,18.22605,168.22735,167.78716666666665,168.68516666666667,130.82363371438086,4.999750012499375e-05,True,0.0020998950052497373
ablation,ablation,opaque_dependency_l6,training,action_proposals,full_aassr,full_depth4_branch1_risk-adjusted,30,6.0,6.0,0.0,0.0,0.0,0.0,1.0,True,1.0
ablation,ablation,opaque_dependency_l6,training,repeat_rate,full_aassr,full_depth4_branch1_risk-adjusted,30,0.0,0.0,0.0,0.0,0.0,0.0,1.0,True,1.0
ablation,ablation,opaque_dependency_l6,training,error_rate,full_aassr,full_depth4_branch1_risk-adjusted,30,0.0,0.0,0.0,0.0,0.0,0.0,1.0,True,1.0
ablation,ablation,opaque_dependency_l6,training,learning_auc,full_aassr,full_depth4_branch1_risk-adjusted,30,0.35566116391529096,0.33526763381690844,0.020393530098382528,-0.01977655494413873,0.05906286476571619,0.18024074775831903,0.33633318334083295,True,1.0
ablation,ablation,opaque_dependency_l6,training,final_tail_success,full_aassr,full_depth4_branch1_risk-adjusted,30,0.534,0.4995,0.0345,-0.02533333333333333,0.09183333333333334,0.20174504821419467,0.272036398180091,True,1.0
ablation,ablation,opaque_dependency_l6,training,first_success_real_transitions,full_aassr,full_depth4_branch1_risk-adjusted,30,332.6,282.2,50.4,-13.6,129.6,0.24167870256880067,0.2184390780460977,True,1.0
ablation,ablation,opaque_dependency_l6,training,success,full_aassr,full_depth4_branch2_max,30,0.35561666666666664,0.33521666666666666,0.020400000000000005,-0.019049999999999994,0.06085,0.18030805185536178,0.33148342582870854,True,1.0
ablation,ablation,opaque_dependency_l6,training,steps,full_aassr,full_depth4_branch2_max,30,6.0,6.0,0.0,0.0,0.0,0.0,1.0,True,1.0
ablation,ablation,opaque_dependency_l6,training,high_level_steps,full_aassr,full_depth4_branch2_max,30,6.0,6.0,0.0,0.0,0.0,0.0,1.0,True,1.0
ablation,ablation,opaque_dependency_l6,training,primitive_steps,full_aassr,full_depth4_branch2_max,30,6.0,6.0,0.0,0.0,0.0,0.0,1.0,True,1.0
ablation,ablation,opaque_dependency_l6,training,reward,full_aassr,full_depth4_branch2_max,30,0.35561666666666664,0.33521666666666666,0.020400000000000005,-0.020966666666666658,0.060416666666666674,0.18030805185536178,0.3321833908304585,True,1.0
ablation,ablation,opaque_dependency_l6,training,errors,full_aassr,full_depth4_branch2_max,30,0.0,0.0,0.0,0.0,0.0,0.0,1.0,True,1.0
ablation,ablation,opaque_dependency_l6,training,repeats,full_aassr,full_depth4_branch2_max,30,0.0,0.0,0.0,0.0,0.0,0.0,1.0,True,1.0
ablation,ablation,opaque_dependency_l6,training,prediction_score,full_aassr,full_depth4_branch2_max,30,0.9899861111111111,0.9899944444444445,-8.333333333328714e-06,-2.2222222222223477e-05,5.555555555569747e-06,-0.20804706700518616,0.45792710364481776,True,1.0
ablation,ablation,opaque_dependency_l6,training,holdout_score,full_aassr,full_depth4_branch2_max,30,0.12353812622633432,0.12354595175287926,-7.825526544947189e-06,-1.8925613281723744e-05,2.6489195371135848e-06,-0.2534052561976765,0.17859107044647768,True,1.0
ablation,ablation,opaque_dependency_l6,training,holdout_gain,full_aassr,full_depth4_branch2_max,30,6.4646491566515e-06,6.3778436010959445e-06,8.680555555555553e-08,0.0,2.604166666666666e-07,0.18257418583505536,1.0,True,1.0
ablation,ablation,opaque_dependency_l6,training,imagined_nodes,full_aassr,full_depth4_branch2_max,30,186.4534,89.57891666666666,96.87448333333333,96.55343333333333,97.20236666666666,104.12519024921257,4.999750012499375e-05,True,0.0020998950052497373
ablation,ablation,opaque_dependency_l6,training,imagination_depth,full_aassr,full_depth4_branch2_max,30,5.444116666666667,3.8075833333333335,1.6365333333333332,1.6313166666666665,1.64205,107.71243968936558,4.999750012499375e-05,True,0.0020998950052497373
ablation,ablation,opaque_dependency_l6,training,actual_return,full_aassr,full_depth4_branch2_max,30,0.35561666666666664,0.33521666666666666,0.020400000000000005,-0.019716666666666657,0.05938333333333334,0.18030805185536178,0.33243337833108344,True,1.0
ablation,ablation,opaque_dependency_l6,training,runtime_seconds,full_aassr,full_depth4_branch2_max,30,0.006656164208364498,0.003987192019970583,0.0026689721883939154,0.0025176476232334002,0.0028094867652156,6.509260716470375,4.999750012499375e-05,True,0.0020998950052497373
ablation,ablation,opaque_dependency_l6,training,real_transitions,full_aassr,full_depth4_branch2_max,30,6.0,6.0,0.0,0.0,0.0,0.0,1.0,True,1.0
ablation,ablation,opaque_dependency_l6,training,imagined_transitions,full_aassr,full_depth4_branch2_max,30,186.4534,89.57891666666666,96.87448333333333,96.54158333333334,97.19896666666666,104.12519024921257,4.999750012499375e-05,True,0.0020998950052497373
ablation,ablation,opaque_dependency_l6,training,action_proposals,full_aassr,full_depth4_branch2_max,30,6.0,6.0,0.0,0.0,0.0,0.0,1.0,True,1.0
ablation,ablation,opaque_dependency_l6,training,repeat_rate,full_aassr,full_depth4_branch2_max,30,0.0,0.0,0.0,0.0,0.0,0.0,1.0,True,1.0
ablation,ablation,opaque_dependency_l6,training,error_rate,full_aassr,full_depth4_branch2_max,30,0.0,0.0,0.0,0.0,0.0,0.0,1.0,True,1.0
ablation,ablation,opaque_dependency_l6,training,learning_auc,full_aassr,full_depth4_branch2_max,30,0.35566116391529096,0.33526763381690844,0.020393530098382528,-0.019909954977488743,0.05970485242621311,0.18024074775831903,0.32868356582170893,True,1.0
ablation,ablation,opaque_dependency_l6,training,final_tail_success,full_aassr,full_depth4_branch2_max,30,0.534,0.4995,0.0345,-0.025833333333333344,0.09183333333333334,0.20174504821419467,0.27008649567521625,True,1.0
ablation,ablation,opaque_dependency_l6,training,first_success_real_transitions,full_aassr,full_depth4_branch2_max,30,332.6,282.2,50.4,-13.8,132.4,0.24167870256880067,0.21398930053497325,True,1.0
ablation,ablation,opaque_dependency_l6,training,success,full_aassr,full_depth4_branch2_mean,30,0.35561666666666664,0.33521666666666666,0.020400000000000005,-0.019383333333333322,0.059000000000000004,0.18030805185536178,0.33163341832908355,True,1.0
ablation,ablation,opaque_dependency_l6,training,steps,full_aassr,full_depth4_branch2_mean,30,6.0,6.0,0.0,0.0,0.0,0.0,1.0,True,1.0
ablation,ablation,opaque_dependency_l6,training,high_level_steps,full_aassr,full_depth4_branch2_mean,30,6.0,6.0,0.0,0.0,0.0,0.0,1.0,True,1.0
ablation,ablation,opaque_dependency_l6,training,primitive_steps,full_aassr,full_depth4_branch2_mean,30,6.0,6.0,0.0,0.0,0.0,0.0,1.0,True,1.0
ablation,ablation,opaque_dependency_l6,training,reward,full_aassr,full_depth4_branch2_mean,30,0.35561666666666664,0.33521666666666666,0.020400000000000005,-0.01975,0.059583333333333335,0.18030805185536178,0.3318834058297085,True,1.0
ablation,ablation,opaque_dependency_l6,training,errors,full_aassr,full_depth4_branch2_mean,30,0.0,0.0,0.0,0.0,0.0,0.0,1.0,True,1.0
ablation,ablation,opaque_dependency_l6,training,repeats,full_aassr,full_depth4_branch2_mean,30,0.0,0.0,0.0,0.0,0.0,0.0,1.0,True,1.0
ablation,ablation,opaque_dependency_l6,training,prediction_score,full_aassr,full_depth4_branch2_mean,30,0.9899861111111111,0.9899944444444445,-8.333333333328714e-06,-2.2222222222230877e-05,5.555555555569747e-06,-0.20804706700518616,0.455627218639068,True,1.0
ablation,ablation,opaque_dependency_l6,training,holdout_score,full_aassr,full_depth4_branch2_mean,30,0.12353812622633432,0.12354595175287926,-7.825526544947189e-06,-1.8943610973595296e-05,2.630801242165433e-06,-0.2534052561976765,0.18134093295335232,True,1.0
ablation,ablation,opaque_dependency_l6,training,holdout_gain,full_aassr,full_depth4_branch2_mean,30,6.4646491566515e-06,6.3778436010959445e-06,8.680555555555553e-08,0.0,2.604166666666666e-07,0.18257418583505536,1.0,True,1.0
ablation,ablation,opaque_dependency_l6,training,imagined_nodes,full_aassr,full_depth4_branch2_mean,30,186.4534,89.57891666666666,96.87448333333333,96.55891666666666,97.20523333333334,104.12519024921257,4.999750012499375e-05,True,0.0020998950052497373
ablation,ablation,opaque_dependency_l6,training,imagination_depth,full_aassr,full_depth4_branch2_mean,30,5.444116666666667,3.8075833333333335,1.6365333333333332,1.6312833333333332,1.64185,107.71243968936558,4.999750012499375e-05,True,0.0020998950052497373
ablation,ablation,opaque_dependency_l6,training,actual_return,full_aassr,full_depth4_branch2_mean,30,0.35561666666666664,0.33521666666666666,0.020400000000000005,-0.020266666666666662,0.05946666666666667,0.18030805185536178,0.3342832858357082,True,1.0
ablation,ablation,opaque_dependency_l6,training,runtime_seconds,full_aassr,full_depth4_branch2_mean,30,0.006656164208364498,0.0040620286699714295,0.002594135538393069,0.0024508566667413106,0.0027278086967106596,6.528766934454799,4.999750012499375e-05,True,0.0020998950052497373
ablation,ablation,opaque_dependency_l6,training,real_transitions,full_aassr,full_depth4_branch2_mean,30,6.0,6.0,0.0,0.0,0.0,0.0,1.0,True,1.0
ablation,ablation,opaque_dependency_l6,training,imagined_transitions,full_aassr,full_depth4_branch2_mean,30,186.4534,89.57891666666666,96.87448333333333,96.54981666666666,97.20841666666666,104.12519024921257,4.999750012499375e-05,True,0.0020998950052497373
ablation,ablation,opaque_dependency_l6,training,action_proposals,full_aassr,full_depth4_branch2_mean,30,6.0,6.0,0.0,0.0,0.0,0.0,1.0,True,1.0
ablation,ablation,opaque_dependency_l6,training,repeat_rate,full_aassr,full_depth4_branch2_mean,30,0.0,0.0,0.0,0.0,0.0,0.0,1.0,True,1.0
ablation,ablation,opaque_dependency_l6,training,error_rate,full_aassr,full_depth4_branch2_mean,30,0.0,0.0,0.0,0.0,0.0,0.0,1.0,True,1.0
ablation,ablation,opaque_dependency_l6,training,learning_auc,full_aassr,full_depth4_branch2_mean,30,0.35566116391529096,0.33526763381690844,0.020393530098382528,-0.01953476738369185,0.06138069034517259,0.18024074775831903,0.33788310584470777,True,1.0
ablation,ablation,opaque_dependency_l6,training,final_tail_success,full_aassr,full_depth4_branch2_mean,30,0.534,0.4995,0.0345,-0.028333333333333335,0.09200000000000001,0.20174504821419467,0.27183640817959104,True,1.0
ablation,ablation,opaque_dependency_l6,training,first_success_real_transitions,full_aassr,full_depth4_branch2_mean,30,332.6,282.2,50.4,-14.0,131.0,0.24167870256880067,0.2176391180440978,True,1.0
ablation,ablation,opaque_dependency_l6,training,success,full_aassr,full_depth4_branch2_risk-adjusted,30,0.35561666666666664,0.33521666666666666,0.020400000000000005,-0.019849999999999993,0.058800000000000005,0.18030805185536178,0.3327833608319584,True,1.0
ablation,ablation,opaque_dependency_l6,training,steps,full_aassr,full_depth4_branch2_risk-adjusted,30,6.0,6.0,0.0,0.0,0.0,0.0,1.0,True,1.0
ablation,ablation,opaque_dependency_l6,training,high_level_steps,full_aassr,full_depth4_branch2_risk-adjusted,30,6.0,6.0,0.0,0.0,0.0,0.0,1.0,True,1.0
ablation,ablation,opaque_dependency_l6,training,primitive_steps,full_aassr,full_depth4_branch2_risk-adjusted,30,6.0,6.0,0.0,0.0,0.0,0.0,1.0,True,1.0
ablation,ablation,opaque_dependency_l6,training,reward,full_aassr,full_depth4_branch2_risk-adjusted,30,0.35561666666666664,0.33521666666666666,0.020400000000000005,-0.0192,0.06071666666666667,0.18030805185536178,0.336133193340333,True,1.0
ablation,ablation,opaque_dependency_l6,training,errors,full_aassr,full_depth4_branch2_risk-adjusted,30,0.0,0.0,0.0,0.0,0.0,0.0,1.0,True,1.0
ablation,ablation,opaque_dependency_l6,training,repeats,full_aassr,full_depth4_branch2_risk-adjusted,30,0.0,0.0,0.0,0.0,0.0,0.0,1.0,True,1.0
ablation,ablation,opaque_dependency_l6,training,prediction_score,full_aassr,full_depth4_branch2_risk-adjusted,30,0.9899861111111111,0.9899944444444445,-8.333333333328714e-06,-2.2222222222227177e-05,5.555555555569747e-06,-0.20804706700518616,0.44922753862306886,True,1.0
ablation,ablation,opaque_dependency_l6,training,holdout_score,full_aassr,full_depth4_branch2_risk-adjusted,30,0.12353812622633432,0.12354595175287926,-7.825526544947189e-06,-1.920199319623191e-05,2.5574945063754535e-06,-0.2534052561976765,0.17729113544322783,True,1.0
ablation,ablation,opaque_dependency_l6,training,holdout_gain,full_aassr,full_depth4_branch2_risk-adjusted,30,6.4646491566515e-06,6.3778436010959445e-06,8.680555555555553e-08,0.0,2.604166666666666e-07,0.18257418583505536,1.0,True,1.0
ablation,ablation,opaque_dependency_l6,training,imagined_nodes,full_aassr,full_depth4_branch2_risk-adjusted,30,186.4534,89.57891666666666,96.87448333333333,96.54828333333333,97.2063,104.12519024921257,4.999750012499375e-05,True,0.0020998950052497373
ablation,ablation,opaque_dependency_l6,training,imagination_depth,full_aassr,full_depth4_branch2_risk-adjusted,30,5.444116666666667,3.8075833333333335,1.6365333333333332,1.63125,1.64185,107.71243968936558,4.999750012499375e-05,True,0.0020998950052497373
ablation,ablation,opaque_dependency_l6,training,actual_return,full_aassr,full_depth4_branch2_risk-adjusted,30,0.35561666666666664,0.33521666666666666,0.020400000000000005,-0.020816666666666657,0.060083333333333336,0.18030805185536178,0.3303834808259587,True,1.0
ablation,ablation,opaque_dependency_l6,training,runtime_seconds,full_aassr,full_depth4_branch2_risk-adjusted,30,0.006656164208364498,0.004235664046608629,0.002420500161755869,0.002289690323383062,0.0025487307368050097,6.6436545936540075,4.999750012499375e-05,True,0.0020998950052497373
ablation,ablation,opaque_dependency_l6,training,real_transitions,full_aassr,full_depth4_branch2_risk-adjusted,30,6.0,6.0,0.0,0.0,0.0,0.0,1.0,True,1.0
ablation,ablation,opaque_dependency_l6,training,imagined_transitions,full_aassr,full_depth4_branch2_risk-adjusted,30,186.4534,89.57891666666666,96.87448333333333,96.55794999999999,97.18341666666667,104.12519024921257,4.999750012499375e-05,True,0.0020998950052497373
ablation,ablation,opaque_dependency_l6,training,action_proposals,full_aassr,full_depth4_branch2_risk-adjusted,30,6.0,6.0,0.0,0.0,0.0,0.0,1.0,True,1.0
ablation,ablation,opaque_dependency_l6,training,repeat_rate,full_aassr,full_depth4_branch2_risk-adjusted,30,0.0,0.0,0.0,0.0,0.0,0.0,1.0,True,1.0
ablation,ablation,opaque_dependency_l6,training,error_rate,full_aassr,full_depth4_branch2_risk-adjusted,30,0.0,0.0,0.0,0.0,0.0,0.0,1.0,True,1.0
ablation,ablation,opaque_dependency_l6,training,learning_auc,full_aassr,full_depth4_branch2_risk-adjusted,30,0.35566116391529096,0.33526763381690844,0.020393530098382528,-0.01800900450225112,0.059963314990828756,0.18024074775831903,0.3312334383280836,True,1.0
ablation,ablation,opaque_dependency_l6,training,final_tail_success,full_aassr,full_depth4_branch2_risk-adjusted,30,0.534,0.4995,0.0345,-0.02633333333333334,0.09250000000000001,0.20174504821419467,0.2703364831758412,True,1.0
ablation,ablation,opaque_dependency_l6,training,first_success_real_transitions,full_aassr,full_depth4_branch2_risk-adjusted,30,332.6,282.2,50.4,-13.6,130.0,0.24167870256880067,0.20908954552272385,True,1.0
ablation,ablation,opaque_dependency_l6,training,success,full_aassr,full_depth4_branch4_max,30,0.35561666666666664,0.33521666666666666,0.020400000000000005,-0.02145,0.0589,0.18030805185536178,0.3274336283185841,True,1.0
ablation,ablation,opaque_dependency_l6,training,steps,full_aassr,full_depth4_branch4_max,30,6.0,6.0,0.0,0.0,0.0,0.0,1.0,True,1.0
ablation,ablation,opaque_dependency_l6,training,high_level_steps,full_aassr,full_depth4_branch4_max,30,6.0,6.0,0.0,0.0,0.0,0.0,1.0,True,1.0
ablation,ablation,opaque_dependency_l6,training,primitive_steps,full_aassr,full_depth4_branch4_max,30,6.0,6.0,0.0,0.0,0.0,0.0,1.0,True,1.0
ablation,ablation,opaque_dependency_l6,training,reward,full_aassr,full_depth4_branch4_max,30,0.35561666666666664,0.33521666666666666,0.020400000000000005,-0.020633333333333326,0.05903333333333334,0.18030805185536178,0.32433378331083446,True,1.0
ablation,ablation,opaque_dependency_l6,training,errors,full_aassr,full_depth4_branch4_max,30,0.0,0.0,0.0,0.0,0.0,0.0,1.0,True,1.0
ablation,ablation,opaque_dependency_l6,training,repeats,full_aassr,full_depth4_branch4_max,30,0.0,0.0,0.0,0.0,0.0,0.0,1.0,True,1.0
ablation,ablation,opaque_dependency_l6,training,prediction_score,full_aassr,full_depth4_branch4_max,30,0.9899861111111111,0.9899944444444445,-8.333333333328714e-06,-2.2222222222230877e-05,5.555555555569747e-06,-0.20804706700518616,0.4542272886355682,True,1.0
ablation,ablation,opaque_dependency_l6,training,holdout_score,full_aassr,full_depth4_branch4_max,30,0.12353812622633432,0.12354595175287926,-7.825526544947189e-06,-1.91348762660327e-05,2.68854258538657e-06,-0.2534052561976765,0.1791910404479776,True,1.0
ablation,ablation,opaque_dependency_l6,training,holdout_gain,full_aassr,full_depth4_branch4_max,30,6.4646491566515e-06,6.3778436010959445e-06,8.680555555555553e-08,0.0,2.604166666666666e-07,0.18257418583505536,1.0,True,1.0
ablation,ablation,opaque_dependency_l6,training,imagined_nodes,full_aassr,full_depth4_branch4_max,30,186.4534,89.57891666666666,96.87448333333333,96.5479,97.19895,104.12519024921257,4.999750012499375e-05,True,0.0020998950052497373
ablation,ablation,opaque_dependency_l6,training,imagination_depth,full_aassr,full_depth4_branch4_max,30,5.444116666666667,3.8075833333333335,1.6365333333333332,1.6313,1.6420166666666667,107.71243968936558,4.999750012499375e-05,True,0.0020998950052497373
ablation,ablation,opaque_dependency_l6,training,actual_return,full_aassr,full_depth4_branch4_max,30,0.35561666666666664,0.33521666666666666,0.020400000000000005,-0.020233333333333325,0.0586,0.18030805185536178,0.33633318334083295,True,1.0
ablation,ablation,opaque_dependency_l6,training,runtime_seconds,full_aassr,full_depth4_branch4_max,30,0.006656164208364498,0.0040569867200014416,0.002599177488363057,0.0024750596231776093,0.002726546064959742,7.244970854537535,4.999750012499375e-05,True,0.0020998950052497373
ablation,ablation,opaque_dependency_l6,training,real_transitions,full_aassr,full_depth4_branch4_max,30,6.0,6.0,0.0,0.0,0.0,0.0,1.0,True,1.0
ablation,ablation,opaque_dependency_l6,training,imagined_transitions,full_aassr,full_depth4_branch4_max,30,186.4534,89.57891666666666,96.87448333333333,96.55416666666666,97.2034,104.12519024921257,4.999750012499375e-05,True,0.0020998950052497373
ablation,ablation,opaque_dependency_l6,training,action_proposals,full_aassr,full_depth4_branch4_max,30,6.0,6.0,0.0,0.0,0.0,0.0,1.0,True,1.0
ablation,ablation,opaque_dependency_l6,training,repeat_rate,full_aassr,full_depth4_branch4_max,30,0.0,0.0,0.0,0.0,0.0,0.0,1.0,True,1.0
ablation,ablation,opaque_dependency_l6,training,error_rate,full_aassr,full_depth4_branch4_max,30,0.0,0.0,0.0,0.0,0.0,0.0,1.0,True,1.0
ablation,ablation,opaque_dependency_l6,training,learning_auc,full_aassr,full_depth4_branch4_max,30,0.35566116391529096,0.33526763381690844,0.020393530098382528,-0.019759879939969978,0.0595381023845256,0.18024074775831903,0.3376831158442078,True,1.0
ablation,ablation,opaque_dependency_l6,training,final_tail_success,full_aassr,full_depth4_branch4_max,30,0.534,0.4995,0.0345,-0.0275,0.09300000000000001,0.20174504821419467,0.27098645067746613,True,1.0
ablation,ablation,opaque_dependency_l6,training,first_success_real_transitions,full_aassr,full_depth4_branch4_max,30,332.6,282.2,50.4,-13.6,132.0,0.24167870256880067,0.2192390380480976,True,1.0
ablation,ablation,opaque_dependency_l6,training,success,full_aassr,full_depth4_branch4_mean,30,0.35561666666666664,0.33521666666666666,0.020400000000000005,-0.020199999999999996,0.05765000000000001,0.18030805185536178,0.32748362581870905,True,1.0
ablation,ablation,opaque_dependency_l6,training,steps,full_aassr,full_depth4_branch4_mean,30,6.0,6.0,0.0,0.0,0.0,0.0,1.0,True,1.0
ablation,ablation,opaque_dependency_l6,training,high_level_steps,full_aassr,full_depth4_branch4_mean,30,6.0,6.0,0.0,0.0,0.0,0.0,1.0,True,1.0
ablation,ablation,opaque_dependency_l6,training,primitive_steps,full_aassr,full_depth4_branch4_mean,30,6.0,6.0,0.0,0.0,0.0,0.0,1.0,True,1.0
ablation,ablation,opaque_dependency_l6,training,reward,full_aassr,full_depth4_branch4_mean,30,0.35561666666666664,0.33521666666666666,0.020400000000000005,-0.021583333333333333,0.06008333333333334,0.18030805185536178,0.32763361831908405,True,1.0
ablation,ablation,opaque_dependency_l6,training,errors,full_aassr,full_depth4_branch4_mean,30,0.0,0.0,0.0,0.0,0.0,0.0,1.0,True,1.0
ablation,ablation,opaque_dependency_l6,training,repeats,full_aassr,full_depth4_branch4_mean,30,0.0,0.0,0.0,0.0,0.0,0.0,1.0,True,1.0
ablation,ablation,opaque_dependency_l6,training,prediction_score,full_aassr,full_depth4_branch4_mean,30,0.9899861111111111,0.9899944444444445,-8.333333333328714e-06,-2.2222222222227177e-05,5.555555555569747e-06,-0.20804706700518616,0.447627618619069,True,1.0
ablation,ablation,opaque_dependency_l6,training,holdout_score,full_aassr,full_depth4_branch4_mean,30,0.12353812622633432,0.12354595175287926,-7.825526544947189e-06,-1.8904983866783095e-05,2.6909992868367113e-06,-0.2534052561976765,0.17649117544122794,True,1.0
ablation,ablation,opaque_dependency_l6,training,holdout_gain,full_aassr,full_depth4_branch4_mean,30,6.4646491566515e-06,6.3778436010959445e-06,8.680555555555553e-08,0.0,2.604166666666666e-07,0.18257418583505536,1.0,True,1.0
ablation,ablation,opaque_dependency_l6,training,imagined_nodes,full_aassr,full_depth4_branch4_mean,30,186.4534,89.57891666666666,96.87448333333333,96.55434999999999,97.20288333333333,104.12519024921257,4.999750012499375e-05,True,0.0020998950052497373
ablation,ablation,opaque_dependency_l6,training,imagination_depth,full_aassr,full_depth4_branch4_mean,30,5.444116666666667,3.8075833333333335,1.6365333333333332,1.6311166666666668,1.6418333333333333,107.71243968936558,4.999750012499375e-05,True,0.0020998950052497373
ablation,ablation,opaque_dependency_l6,training,actual_return,full_aassr,full_depth4_branch4_mean,30,0.35561666666666664,0.33521666666666666,0.020400000000000005,-0.020033333333333334,0.0596,0.18030805185536178,0.3318834058297085,True,1.0
ablation,ablation,opaque_dependency_l6,training,runtime_seconds,full_aassr,full_depth4_branch4_mean,30,0.006656164208364498,0.003983695748381433,0.002672468459983065,0.002530011789847534,0.002808718335016359,6.789450796104747,4.999750012499375e-05,True,0.0020998950052497373
ablation,ablation,opaque_dependency_l6,training,real_transitions,full_aassr,full_depth4_branch4_mean,30,6.0,6.0,0.0,0.0,0.0,0.0,1.0,True,1.0
ablation,ablation,opaque_dependency_l6,training,imagined_transitions,full_aassr,full_depth4_branch4_mean,30,186.4534,89.57891666666666,96.87448333333333,96.55673333333333,97.19586666666666,104.12519024921257,4.999750012499375e-05,True,0.0020998950052497373
ablation,ablation,opaque_dependency_l6,training,action_proposals,full_aassr,full_depth4_branch4_mean,30,6.0,6.0,0.0,0.0,0.0,0.0,1.0,True,1.0
ablation,ablation,opaque_dependency_l6,training,repeat_rate,full_aassr,full_depth4_branch4_mean,30,0.0,0.0,0.0,0.0,0.0,0.0,1.0,True,1.0
ablation,ablation,opaque_dependency_l6,training,error_rate,full_aassr,full_depth4_branch4_mean,30,0.0,0.0,0.0,0.0,0.0,0.0,1.0,True,1.0
ablation,ablation,opaque_dependency_l6,training,learning_auc,full_aassr,full_depth4_branch4_mean,30,0.35566116391529096,0.33526763381690844,0.020393530098382528,-0.01956811739202935,0.06028014007003502,0.18024074775831903,0.32843357832108394,True,1.0
ablation,ablation,opaque_dependency_l6,training,final_tail_success,full_aassr,full_depth4_branch4_mean,30,0.534,0.4995,0.0345,-0.025333333333333336,0.09350000000000001,0.20174504821419467,0.2709364531773411,True,1.0
ablation,ablation,opaque_dependency_l6,training,first_success_real_transitions,full_aassr,full_depth4_branch4_mean,30,332.6,282.2,50.4,-13.6,128.0,0.24167870256880067,0.21298935053247336,True,1.0
ablation,ablation,opaque_dependency_l6,training,success,full_aassr,full_depth4_branch4_risk-adjusted,30,0.35561666666666664,0.33521666666666666,0.020400000000000005,-0.018883333333333325,0.05888333333333333,0.18030805185536178,0.32973351332433376,True,1.0
ablation,ablation,opaque_dependency_l6,training,steps,full_aassr,full_depth4_branch4_risk-adjusted,30,6.0,6.0,0.0,0.0,0.0,0.0,1.0,True,1.0
ablation,ablation,opaque_dependency_l6,training,high_level_steps,full_aassr,full_depth4_branch4_risk-adjusted,30,6.0,6.0,0.0,0.0,0.0,0.0,1.0,True,1.0
ablation,ablation,opaque_dependency_l6,training,primitive_steps,full_aassr,full_depth4_branch4_risk-adjusted,30,6.0,6.0,0.0,0.0,0.0,0.0,1.0,True,1.0
ablation,ablation,opaque_dependency_l6,training,reward,full_aassr,full_depth4_branch4_risk-adjusted,30,0.35561666666666664,0.33521666666666666,0.020400000000000005,-0.0207,0.05948333333333333,0.18030805185536178,0.328133593320334,True,1.0
ablation,ablation,opaque_dependency_l6,training,errors,full_aassr,full_depth4_branch4_risk-adjusted,30,0.0,0.0,0.0,0.0,0.0,0.0,1.0,True,1.0
ablation,ablation,opaque_dependency_l6,training,repeats,full_aassr,full_depth4_branch4_risk-adjusted,30,0.0,0.0,0.0,0.0,0.0,0.0,1.0,True,1.0
ablation,ablation,opaque_dependency_l6,training,prediction_score,full_aassr,full_depth4_branch4_risk-adjusted,30,0.9899861111111111,0.9899944444444445,-8.333333333328714e-06,-2.2222222222227177e-05,5.555555555566046e-06,-0.20804706700518616,0.45472726363681815,True,1.0
ablation,ablation,opaque_dependency_l6,training,holdout_score,full_aassr,full_depth4_branch4_risk-adjusted,30,0.12353812622633432,0.12354595175287926,-7.825526544947189e-06,-1.857299480447494e-05,2.680206757641838e-06,-0.2534052561976765,0.17864106794660267,True,1.0
ablation,ablation,opaque_dependency_l6,training,holdout_gain,full_aassr,full_depth4_branch4_risk-adjusted,30,6.4646491566515e-06,6.3778436010959445e-06,8.680555555555553e-08,0.0,2.604166666666666e-07,0.18257418583505536,1.0,True,1.0
ablation,ablation,opaque_dependency_l6,training,imagined_nodes,full_aassr,full_depth4_branch4_risk-adjusted,30,186.4534,89.57891666666666,96.87448333333333,96.55298333333333,97.19955,104.12519024921257,4.999750012499375e-05,True,0.0020998950052497373
ablation,ablation,opaque_dependency_l6,training,imagination_depth,full_aassr,full_depth4_branch4_risk-adjusted,30,5.444116666666667,3.8075833333333335,1.6365333333333332,1.6312666666666664,1.642,107.71243968936558,4.999750012499375e-05,True,0.0020998950052497373
ablation,ablation,opaque_dependency_l6,training,actual_return,full_aassr,full_depth4_branch4_risk-adjusted,30,0.35561666666666664,0.33521666666666666,0.020400000000000005,-0.01921666666666666,0.060050000000000006,0.18030805185536178,0.33008349582520874,True,1.0
ablation,ablation,opaque_dependency_l6,training,runtime_seconds,full_aassr,full_depth4_branch4_risk-adjusted,30,0.006656164208364498,0.004242137368307157,0.0024140268400573406,0.0022699178168079626,0.0025556148250349604,5.866758935429136,4.999750012499375e-05,True,0.0020998950052497373
ablation,ablation,opaque_dependency_l6,training,real_transitions,full_aassr,full_depth4_branch4_risk-adjusted,30,6.0,6.0,0.0,0.0,0.0,0.0,1.0,True,1.0
ablation,ablation,opaque_dependency_l6,training,imagined_transitions,full_aassr,full_depth4_branch4_risk-adjusted,30,186.4534,89.57891666666666,96.87448333333333,96.54115,97.20773333333334,104.12519024921257,4.999750012499375e-05,True,0.0020998950052497373
ablation,ablation,opaque_dependency_l6,training,action_proposals,full_aassr,full_depth4_branch4_risk-adjusted,30,6.0,6.0,0.0,0.0,0.0,0.0,1.0,True,1.0
ablation,ablation,opaque_dependency_l6,training,repeat_rate,full_aassr,full_depth4_branch4_risk-adjusted,30,0.0,0.0,0.0,0.0,0.0,0.0,1.0,True,1.0
ablation,ablation,opaque_dependency_l6,training,error_rate,full_aassr,full_depth4_branch4_risk-adjusted,30,0.0,0.0,0.0,0.0,0.0,0.0,1.0,True,1.0
ablation,ablation,opaque_dependency_l6,training,learning_auc,full_aassr,full_depth4_branch4_risk-adjusted,30,0.35566116391529096,0.33526763381690844,0.020393530098382528,-0.020401867600466896,0.0595381023845256,0.18024074775831903,0.32893355332233387,True,1.0
ablation,ablation,opaque_dependency_l6,training,final_tail_success,full_aassr,full_depth4_branch4_risk-adjusted,30,0.534,0.4995,0.0345,-0.024500000000000004,0.09266666666666667,0.20174504821419467,0.2766861656917154,True,1.0
ablation,ablation,opaque_dependency_l6,training,first_success_real_transitions,full_aassr,full_depth4_branch4_risk-adjusted,30,332.6,282.2,50.4,-13.0,132.0,0.24167870256880067,0.21423928803559822,True,1.0
ablation,ablation,opaque_dependency_l6,training,success,full_aassr,full_depth6_branch1_max,30,0.35561666666666664,0.33521666666666666,0.020400000000000005,-0.021066666666666664,0.06066666666666666,0.18030805185536178,0.32988350582470877,True,1.0
ablation,ablation,opaque_dependency_l6,training,steps,full_aassr,full_depth6_branch1_max,30,6.0,6.0,0.0,0.0,0.0,0.0,1.0,True,1.0
ablation,ablation,opaque_dependency_l6,training,high_level_steps,full_aassr,full_depth6_branch1_max,30,6.0,6.0,0.0,0.0,0.0,0.0,1.0,True,1.0
ablation,ablation,opaque_dependency_l6,training,primitive_steps,full_aassr,full_depth6_branch1_max,30,6.0,6.0,0.0,0.0,0.0,0.0,1.0,True,1.0
ablation,ablation,opaque_dependency_l6,training,reward,full_aassr,full_depth6_branch1_max,30,0.35561666666666664,0.33521666666666666,0.020400000000000005,-0.019483333333333328,0.0587,0.18030805185536178,0.32583370831458425,True,1.0
ablation,ablation,opaque_dependency_l6,training,errors,full_aassr,full_depth6_branch1_max,30,0.0,0.0,0.0,0.0,0.0,0.0,1.0,True,1.0
ablation,ablation,opaque_dependency_l6,training,repeats,full_aassr,full_depth6_branch1_max,30,0.0,0.0,0.0,0.0,0.0,0.0,1.0,True,1.0
ablation,ablation,opaque_dependency_l6,training,prediction_score,full_aassr,full_depth6_branch1_max,30,0.9899861111111111,0.9899944444444445,-8.333333333328714e-06,-2.2222222222234576e-05,5.555555555566046e-06,-0.20804706700518616,0.4518774061296935,True,1.0
ablation,ablation,opaque_dependency_l6,training,holdout_score,full_aassr,full_depth6_branch1_max,30,0.12353812622633432,0.12354595175287926,-7.825526544947189e-06,-1.911651391942696e-05,2.716852159485398e-06,-0.2534052561976765,0.18219089045547723,True,1.0
ablation,ablation,opaque_dependency_l6,training,holdout_gain,full_aassr,full_depth6_branch1_max,30,6.4646491566515e-06,6.3778436010959445e-06,8.680555555555553e-08,0.0,2.604166666666666e-07,0.18257418583505536,1.0,True,1.0
ablation,ablation,opaque_dependency_l6,training,imagined_nodes,full_aassr,full_depth6_branch1_max,30,186.4534,20.497416666666666,165.95598333333334,165.52326666666667,166.40066666666664,131.1087215278966,4.999750012499375e-05,True,0.0020998950052497373
ablation,ablation,opaque_dependency_l6,training,imagination_depth,full_aassr,full_depth6_branch1_max,30,5.444116666666667,5.439533333333333,0.004583333333333339,0.00328333333333329,0.005966666666666764,1.2042988062989242,4.999750012499375e-05,True,0.0020998950052497373
ablation,ablation,opaque_dependency_l6,training,actual_return,full_aassr,full_depth6_branch1_max,30,0.35561666666666664,0.33521666666666666,0.020400000000000005,-0.020333333333333325,0.05968333333333334,0.18030805185536178,0.3301834908254587,True,1.0
ablation,ablation,opaque_dependency_l6,training,runtime_seconds,full_aassr,full_depth6_branch1_max,30,0.006656164208364498,0.0020366867117520694,0.004619477496612429,0.004506665023277068,0.004733500558261585,14.531841709869955,4.999750012499375e-05,True,0.0020998950052497373
ablation,ablation,opaque_dependency_l6,training,real_transitions,full_aassr,full_depth6_branch1_max,30,6.0,6.0,0.0,0.0,0.0,0.0,1.0,True,1.0
ablation,ablation,opaque_dependency_l6,training,imagined_transitions,full_aassr,full_depth6_branch1_max,30,186.4534,20.497416666666666,165.95598333333334,165.50143333333332,166.40808333333334,131.1087215278966,4.999750012499375e-05,True,0.0020998950052497373
ablation,ablation,opaque_dependency_l6,training,action_proposals,full_aassr,full_depth6_branch1_max,30,6.0,6.0,0.0,0.0,0.0,0.0,1.0,True,1.0
ablation,ablation,opaque_dependency_l6,training,repeat_rate,full_aassr,full_depth6_branch1_max,30,0.0,0.0,0.0,0.0,0.0,0.0,1.0,True,1.0
ablation,ablation,opaque_dependency_l6,training,error_rate,full_aassr,full_depth6_branch1_max,30,0.0,0.0,0.0,0.0,0.0,0.0,1.0,True,1.0
ablation,ablation,opaque_dependency_l6,training,learning_auc,full_aassr,full_depth6_branch1_max,30,0.35566116391529096,0.33526763381690844,0.020393530098382528,-0.020276805069201265,0.05960480240120059,0.18024074775831903,0.33413329333533326,True,1.0
ablation,ablation,opaque_dependency_l6,training,final_tail_success,full_aassr,full_depth6_branch1_max,30,0.534,0.4995,0.0345,-0.02966666666666666,0.09483333333333334,0.20174504821419467,0.27348632568371584,True,1.0
ablation,ablation,opaque_dependency_l6,training,first_success_real_transitions,full_aassr,full_depth6_branch1_max,30,332.6,282.2,50.4,-13.4,131.4,0.24167870256880067,0.22053897305134743,True,1.0
ablation,ablation,opaque_dependency_l6,training,success,full_aassr,full_depth6_branch1_mean,30,0.35561666666666664,0.33521666666666666,0.020400000000000005,-0.018899999999999997,0.05941666666666667,0.18030805185536178,0.32848357582120896,True,1.0
ablation,ablation,opaque_dependency_l6,training,steps,full_aassr,full_depth6_branch1_mean,30,6.0,6.0,0.0,0.0,0.0,0.0,1.0,True,1.0
ablation,ablation,opaque_dependency_l6,training,high_level_steps,full_aassr,full_depth6_branch1_mean,30,6.0,6.0,0.0,0.0,0.0,0.0,1.0,True,1.0
ablation,ablation,opaque_dependency_l6,training,primitive_steps,full_aassr,full_depth6_branch1_mean,30,6.0,6.0,0.0,0.0,0.0,0.0,1.0,True,1.0
ablation,ablation,opaque_dependency_l6,training,reward,full_aassr,full_depth6_branch1_mean,30,0.35561666666666664,0.33521666666666666,0.020400000000000005,-0.02081666666666666,0.05753333333333334,0.18030805185536178,0.3374831258437078,True,1.0
ablation,ablation,opaque_dependency_l6,training,errors,full_aassr,full_depth6_branch1_mean,30,0.0,0.0,0.0,0.0,0.0,0.0,1.0,True,1.0
ablation,ablation,opaque_dependency_l6,training,repeats,full_aassr,full_depth6_branch1_mean,30,0.0,0.0,0.0,0.0,0.0,0.0,1.0,True,1.0
ablation,ablation,opaque_dependency_l6,training,prediction_score,full_aassr,full_depth6_branch1_mean,30,0.9899861111111111,0.9899944444444445,-8.333333333328714e-06,-2.2222222222227177e-05,5.555555555569747e-06,-0.20804706700518616,0.4472776361181941,True,1.0
ablation,ablation,opaque_dependency_l6,training,holdout_score,full_aassr,full_depth6_branch1_mean,30,0.12353812622633432,0.12354595175287926,-7.825526544947189e-06,-1.9383645726150458e-05,2.891712989177194e-06,-0.2534052561976765,0.18099095045247737,True,1.0
ablation,ablation,opaque_dependency_l6,training,holdout_gain,full_aassr,full_depth6_branch1_mean,30,6.4646491566515e-06,6.3778436010959445e-06,8.680555555555553e-08,0.0,2.604166666666666e-07,0.18257418583505536,1.0,True,1.0
ablation,ablation,opaque_dependency_l6,training,imagined_nodes,full_aassr,full_depth6_branch1_mean,30,186.4534,20.497416666666666,165.95598333333334,165.51794999999998,166.40195,131.1087215278966,4.999750012499375e-05,True,0.0020998950052497373
ablation,ablation,opaque_dependency_l6,training,imagination_depth,full_aassr,full_depth6_branch1_mean,30,5.444116666666667,5.439533333333333,0.004583333333333339,0.0033333333333332624,0.005950000000000019,1.2042988062989242,4.999750012499375e-05,True,0.0020998950052497373
ablation,ablation,opaque_dependency_l6,training,actual_return,full_aassr,full_depth6_branch1_mean,30,0.35561666666666664,0.33521666666666666,0.020400000000000005,-0.01945,0.06056666666666667,0.18030805185536178,0.335883205839708,True,1.0
ablation,ablation,opaque_dependency_l6,training,runtime_seconds,full_aassr,full_depth6_branch1_mean,30,0.006656164208364498,0.0020222204749811984,0.0046339437333833,0.004523653724998198,0.004737090615121512,15.265646920153415,4.999750012499375e-05,True,0.0020998950052497373
ablation,ablation,opaque_dependency_l6,training,real_transitions,full_aassr,full_depth6_branch1_mean,30,6.0,6.0,0.0,0.0,0.0,0.0,1.0,True,1.0
ablation,ablation,opaque_dependency_l6,training,imagined_transitions,full_aassr,full_depth6_branch1_mean,30,186.4534,20.497416666666666,165.95598333333334,165.52196666666666,166.3899,131.1087215278966,4.999750012499375e-05,True,0.0020998950052497373
ablation,ablation,opaque_dependency_l6,training,action_proposals,full_aassr,full_depth6_branch1_mean,30,6.0,6.0,0.0,0.0,0.0,0.0,1.0,True,1.0
ablation,ablation,opaque_dependency_l6,training,repeat_rate,full_aassr,full_depth6_branch1_mean,30,0.0,0.0,0.0,0.0,0.0,0.0,1.0,True,1.0
ablation,ablation,opaque_dependency_l6,training,error_rate,full_aassr,full_depth6_branch1_mean,30,0.0,0.0,0.0,0.0,0.0,0.0,1.0,True,1.0
ablation,ablation,opaque_dependency_l6,training,learning_auc,full_aassr,full_depth6_branch1_mean,30,0.35566116391529096,0.33526763381690844,0.020393530098382528,-0.019943304985826246,0.061038852759713186,0.18024074775831903,0.3297835108244588,True,1.0
ablation,ablation,opaque_dependency_l6,training,final_tail_success,full_aassr,full_depth6_branch1_mean,30,0.534,0.4995,0.0345,-0.02783333333333334,0.095,0.20174504821419467,0.2724863756812159,True,1.0
ablation,ablation,opaque_dependency_l6,training,first_success_real_transitions,full_aassr,full_depth6_branch1_mean,30,332.6,282.2,50.4,-13.8,131.6,0.24167870256880067,0.223938803059847,True,1.0
ablation,ablation,opaque_dependency_l6,training,success,full_aassr,full_depth6_branch1_risk-adjusted,30,0.35561666666666664,0.33521666666666666,0.020400000000000005,-0.019000000000000003,0.05900000000000001,0.18030805185536178,0.3293335333233338,True,1.0
ablation,ablation,opaque_dependency_l6,training,steps,full_aassr,full_depth6_branch1_risk-adjusted,30,6.0,6.0,0.0,0.0,0.0,0.0,1.0,True,1.0
ablation,ablation,opaque_dependency_l6,training,high_level_steps,full_aassr,full_depth6_branch1_risk-adjusted,30,6.0,6.0,0.0,0.0,0.0,0.0,1.0,True,1.0
ablation,ablation,opaque_dependency_l6,training,primitive_steps,full_aassr,full_depth6_branch1_risk-adjusted,30,6.0,6.0,0.0,0.0,0.0,0.0,1.0,True,1.0
ablation,ablation,opaque_dependency_l6,training,reward,full_aassr,full_depth6_branch1_risk-adjusted,30,0.35561666666666664,0.33521666666666666,0.020400000000000005,-0.019033333333333326,0.06006666666666667,0.18030805185536178,0.3301834908254587,True,1.0
ablation,ablation,opaque_dependency_l6,training,errors,full_aassr,full_depth6_branch1_risk-adjusted,30,0.0,0.0,0.0,0.0,0.0,0.0,1.0,True,1.0
ablation,ablation,opaque_dependency_l6,training,repeats,full_aassr,full_depth6_branch1_risk-adjusted,30,0.0,0.0,0.0,0.0,0.0,0.0,1.0,True,1.0
ablation,ablation,opaque_dependency_l6,training,prediction_score,full_aassr,full_depth6_branch1_risk-adjusted,30,0.9899861111111111,0.9899944444444445,-8.333333333328714e-06,-2.2222222222230877e-05,5.555555555569747e-06,-0.20804706700518616,0.45637718114094294,True,1.0
ablation,ablation,opaque_dependency_l6,training,holdout_score,full_aassr,full_depth6_branch1_risk-adjusted,30,0.12353812622633432,0.12354595175287926,-7.825526544947189e-06,-1.91589096042305e-05,2.7554819279920762e-06,-0.2534052561976765,0.18374081295935205,True,1.0
ablation,ablation,opaque_dependency_l6,training,holdout_gain,full_aassr,full_depth6_branch1_risk-adjusted,30,6.4646491566515e-06,6.3778436010959445e-06,8.680555555555553e-08,0.0,2.604166666666666e-07,0.18257418583505536,1.0,True,1.0
ablation,ablation,opaque_dependency_l6,training,imagined_nodes,full_aassr,full_depth6_branch1_risk-adjusted,30,186.4534,20.497416666666666,165.95598333333334,165.51476666666667,166.39406666666667,131.1087215278966,4.999750012499375e-05,True,0.0020998950052497373
ablation,ablation,opaque_dependency_l6,training,imagination_depth,full_aassr,full_depth6_branch1_risk-adjusted,30,5.444116666666667,5.439533333333333,0.004583333333333339,0.003316666666666605,0.005966666666666587,1.2042988062989242,4.999750012499375e-05,True,0.0020998950052497373
ablation,ablation,opaque_dependency_l6,training,actual_return,full_aassr,full_depth6_branch1_risk-adjusted,30,0.35561666666666664,0.33521666666666666,0.020400000000000005,-0.020266666666666662,0.06088333333333333,0.18030805185536178,0.3354332283385831,True,1.0
ablation,ablation,opaque_dependency_l6,training,runtime_seconds,full_aassr,full_depth6_branch1_risk-adjusted,30,0.006656164208364498,0.0020280114349758758,0.004628152773388623,0.004520957566781241,0.004734526891740583,15.416565446301375,4.999750012499375e-05,True,0.0020998950052497373
ablation,ablation,opaque_dependency_l6,training,real_transitions,full_aassr,full_depth6_branch1_risk-adjusted,30,6.0,6.0,0.0,0.0,0.0,0.0,1.0,True,1.0
ablation,ablation,opaque_dependency_l6,training,imagined_transitions,full_aassr,full_depth6_branch1_risk-adjusted,30,186.4534,20.497416666666666,165.95598333333334,165.52885,166.42558333333332,131.1087215278966,4.999750012499375e-05,True,0.0020998950052497373
ablation,ablation,opaque_dependency_l6,training,action_proposals,full_aassr,full_depth6_branch1_risk-adjusted,30,6.0,6.0,0.0,0.0,0.0,0.0,1.0,True,1.0
ablation,ablation,opaque_dependency_l6,training,repeat_rate,full_aassr,full_depth6_branch1_risk-adjusted,30,0.0,0.0,0.0,0.0,0.0,0.0,1.0,True,1.0
ablation,ablation,opaque_dependency_l6,training,error_rate,full_aassr,full_depth6_branch1_risk-adjusted,30,0.0,0.0,0.0,0.0,0.0,0.0,1.0,True,1.0
ablation,ablation,opaque_dependency_l6,training,learning_auc,full_aassr,full_depth6_branch1_risk-adjusted,30,0.35566116391529096,0.33526763381690844,0.020393530098382528,-0.020868767717191924,0.05929631482407871,0.18024074775831903,0.3316834158292085,True,1.0
ablation,ablation,opaque_dependency_l6,training,final_tail_success,full_aassr,full_depth6_branch1_risk-adjusted,30,0.534,0.4995,0.0345,-0.026666666666666672,0.09366666666666666,0.20174504821419467,0.27328633568321586,True,1.0
ablation,ablation,opaque_dependency_l6,training,first_success_real_transitions,full_aassr,full_depth6_branch1_risk-adjusted,30,332.6,282.2,50.4,-13.4,132.2,0.24167870256880067,0.22033898305084745,True,1.0
ablation,ablation,opaque_dependency_l6,training,success,full_aassr,full_depth6_branch2_max,30,0.35561666666666664,0.33521666666666666,0.020400000000000005,-0.020199999999999996,0.0599,0.18030805185536178,0.33023348832558375,True,1.0
ablation,ablation,opaque_dependency_l6,training,steps,full_aassr,full_depth6_branch2_max,30,6.0,6.0,0.0,0.0,0.0,0.0,1.0,True,1.0
ablation,ablation,opaque_dependency_l6,training,high_level_steps,full_aassr,full_depth6_branch2_max,30,6.0,6.0,0.0,0.0,0.0,0.0,1.0,True,1.0
ablation,ablation,opaque_dependency_l6,training,primitive_steps,full_aassr,full_depth6_branch2_max,30,6.0,6.0,0.0,0.0,0.0,0.0,1.0,True,1.0
ablation,ablation,opaque_dependency_l6,training,reward,full_aassr,full_depth6_branch2_max,30,0.35561666666666664,0.33521666666666666,0.020400000000000005,-0.019849999999999993,0.060016666666666676,0.18030805185536178,0.3321833908304585,True,1.0
ablation,ablation,opaque_dependency_l6,training,errors,full_aassr,full_depth6_branch2_max,30,0.0,0.0,0.0,0.0,0.0,0.0,1.0,True,1.0
ablation,ablation,opaque_dependency_l6,training,repeats,full_aassr,full_depth6_branch2_max,30,0.0,0.0,0.0,0.0,0.0,0.0,1.0,True,1.0
ablation,ablation,opaque_dependency_l6,training,prediction_score,full_aassr,full_depth6_branch2_max,30,0.9899861111111111,0.9899944444444445,-8.333333333328714e-06,-2.2222222222227177e-05,5.555555555569747e-06,-0.20804706700518616,0.464076796160192,True,1.0
ablation,ablation,opaque_dependency_l6,training,holdout_score,full_aassr,full_depth6_branch2_max,30,0.12353812622633432,0.12354595175287926,-7.825526544947189e-06,-1.9430209542119677e-05,2.533613405479122e-06,-0.2534052561976765,0.18049097545122744,True,1.0
ablation,ablation,opaque_dependency_l6,training,holdout_gain,full_aassr,full_depth6_branch2_max,30,6.4646491566515e-06,6.3778436010959445e-06,8.680555555555553e-08,0.0,2.604166666666666e-07,0.18257418583505536,1.0,True,1.0
ablation,ablation,opaque_dependency_l6,training,imagined_nodes,full_aassr,full_depth6_branch2_max,30,186.4534,186.45551666666668,-0.002116666666664931,-0.006566666666661073,0.0017500000000012506,-0.17747934946668975,0.3875806209689516,True,1.0
ablation,ablation,opaque_dependency_l6,training,imagination_depth,full_aassr,full_depth6_branch2_max,30,5.444116666666667,5.4443166666666665,-0.00020000000000000757,-0.00046666666666661527,-2.960594732333751e-17,-0.3010398644698666,0.1846907654617269,True,1.0
ablation,ablation,opaque_dependency_l6,training,actual_return,full_aassr,full_depth6_branch2_max,30,0.35561666666666664,0.33521666666666666,0.020400000000000005,-0.019933333333333327,0.0592,0.18030805185536178,0.3304834758262087,True,1.0
ablation,ablation,opaque_dependency_l6,training,runtime_seconds,full_aassr,full_depth6_branch2_max,30,0.006656164208364498,0.0066809857933214515,-2.4821584956953378e-05,-0.00022525363162130828,0.00017427828494934744,-0.044157393365787875,0.8152592370381481,True,1.0
ablation,ablation,opaque_dependency_l6,training,real_transitions,full_aassr,full_depth6_branch2_max,30,6.0,6.0,0.0,0.0,0.0,0.0,1.0,True,1.0
ablation,ablation,opaque_dependency_l6,training,imagined_transitions,full_aassr,full_depth6_branch2_max,30,186.4534,186.45551666666668,-0.002116666666664931,-0.006483333333328763,0.0018833333333333258,-0.17747934946668975,0.3880305984700765,True,1.0
ablation,ablation,opaque_dependency_l6,training,action_proposals,full_aassr,full_depth6_branch2_max,30,6.0,6.0,0.0,0.0,0.0,0.0,1.0,True,1.0
ablation,ablation,opaque_dependency_l6,training,repeat_rate,full_aassr,full_depth6_branch2_max,30,0.0,0.0,0.0,0.0,0.0,0.0,1.0,True,1.0
ablation,ablation,opaque_dependency_l6,training,error_rate,full_aassr,full_depth6_branch2_max,30,0.0,0.0,0.0,0.0,0.0,0.0,1.0,True,1.0
ablation,ablation,opaque_dependency_l6,training,learning_auc,full_aassr,full_depth6_branch2_max,30,0.35566116391529096,0.33526763381690844,0.020393530098382528,-0.020201767550441885,0.05995497748874438,0.18024074775831903,0.327683615819209,True,1.0
ablation,ablation,opaque_dependency_l6,training,final_tail_success,full_aassr,full_depth6_branch2_max,30,0.534,0.4995,0.0345,-0.027000000000000003,0.0935,0.20174504821419467,0.2777361131943403,True,1.0
ablation,ablation,opaque_dependency_l6,training,first_success_real_transitions,full_aassr,full_depth6_branch2_max,30,332.6,282.2,50.4,-13.8,131.8,0.24167870256880067,0.21723913804309786,True,1.0
ablation,ablation,opaque_dependency_l6,training,success,full_aassr,full_depth6_branch2_mean,30,0.35561666666666664,0.33521666666666666,0.020400000000000005,-0.02124999999999999,0.05895000000000001,0.18030805185536178,0.335883205839708,True,1.0
ablation,ablation,opaque_dependency_l6,training,steps,full_aassr,full_depth6_branch2_mean,30,6.0,6.0,0.0,0.0,0.0,0.0,1.0,True,1.0
ablation,ablation,opaque_dependency_l6,training,high_level_steps,full_aassr,full_depth6_branch2_mean,30,6.0,6.0,0.0,0.0,0.0,0.0,1.0,True,1.0
ablation,ablation,opaque_dependency_l6,training,primitive_steps,full_aassr,full_depth6_branch2_mean,30,6.0,6.0,0.0,0.0,0.0,0.0,1.0,True,1.0
ablation,ablation,opaque_dependency_l6,training,reward,full_aassr,full_depth6_branch2_mean,30,0.35561666666666664,0.33521666666666666,0.020400000000000005,-0.0197,0.060316666666666664,0.18030805185536178,0.32903354832258386,True,1.0
ablation,ablation,opaque_dependency_l6,training,errors,full_aassr,full_depth6_branch2_mean,30,0.0,0.0,0.0,0.0,0.0,0.0,1.0,True,1.0
ablation,ablation,opaque_dependency_l6,training,repeats,full_aassr,full_depth6_branch2_mean,30,0.0,0.0,0.0,0.0,0.0,0.0,1.0,True,1.0
ablation,ablation,opaque_dependency_l6,training,prediction_score,full_aassr,full_depth6_branch2_mean,30,0.9899861111111111,0.9899944444444445,-8.333333333328714e-06,-2.2222222222230877e-05,5.555555555569747e-06,-0.20804706700518616,0.45957702114894255,True,1.0
ablation,ablation,opaque_dependency_l6,training,holdout_score,full_aassr,full_depth6_branch2_mean,30,0.12353812622633432,0.12354595175287926,-7.825526544947189e-06,-1.943762179801902e-05,2.6322622225673682e-06,-0.2534052561976765,0.1871406429678516,True,1.0
ablation,ablation,opaque_dependency_l6,training,holdout_gain,full_aassr,full_depth6_branch2_mean,30,6.4646491566515e-06,6.3778436010959445e-06,8.680555555555553e-08,0.0,2.604166666666666e-07,0.18257418583505536,1.0,True,1.0
ablation,ablation,opaque_dependency_l6,training,imagined_nodes,full_aassr,full_depth6_branch2_mean,30,186.4534,186.45551666666668,-0.002116666666664931,-0.006499999999994089,0.0018500000000007807,-0.17747934946668975,0.3982800859957002,True,1.0
ablation,ablation,opaque_dependency_l6,training,imagination_depth,full_aassr,full_depth6_branch2_mean,30,5.444116666666667,5.4443166666666665,-0.00020000000000000757,-0.00045000000000001706,-2.960594732333751e-17,-0.3010398644698666,0.18499075046247687,True,1.0
ablation,ablation,opaque_dependency_l6,training,actual_return,full_aassr,full_depth6_branch2_mean,30,0.35561666666666664,0.33521666666666666,0.020400000000000005,-0.019666666666666662,0.060200000000000004,0.18030805185536178,0.3306334683265837,True,1.0
ablation,ablation,opaque_dependency_l6,training,runtime_seconds,full_aassr,full_depth6_branch2_mean,30,0.006656164208364498,0.006597798188295564,5.836602006893367e-05,-0.0001368714149420459,0.0002562244067899883,0.10437244520487313,0.5750712464376782,True,1.0
ablation,ablation,opaque_dependency_l6,training,real_transitions,full_aassr,full_depth6_branch2_mean,30,6.0,6.0,0.0,0.0,0.0,0.0,1.0,True,1.0
ablation,ablation,opaque_dependency_l6,training,imagined_transitions,full_aassr,full_depth6_branch2_mean,30,186.4534,186.45551666666668,-0.002116666666664931,-0.006483333333330658,0.0018333333333335608,-0.17747934946668975,0.39423028848557573,True,1.0
ablation,ablation,opaque_dependency_l6,training,action_proposals,full_aassr,full_depth6_branch2_mean,30,6.0,6.0,0.0,0.0,0.0,0.0,1.0,True,1.0
ablation,ablation,opaque_dependency_l6,training,repeat_rate,full_aassr,full_depth6_branch2_mean,30,0.0,0.0,0.0,0.0,0.0,0.0,1.0,True,1.0
ablation,ablation,opaque_dependency_l6,training,error_rate,full_aassr,full_depth6_branch2_mean,30,0.0,0.0,0.0,0.0,0.0,0.0,1.0,True,1.0
ablation,ablation,opaque_dependency_l6,training,learning_auc,full_aassr,full_depth6_branch2_mean,30,0.35566116391529096,0.33526763381690844,0.020393530098382528,-0.02019343004835751,0.05986326496581625,0.18024074775831903,0.327833608319584,True,1.0
ablation,ablation,opaque_dependency_l6,training,final_tail_success,full_aassr,full_depth6_branch2_mean,30,0.534,0.4995,0.0345,-0.026666666666666675,0.09450000000000001,0.20174504821419467,0.27628618569071545,True,1.0
ablation,ablation,opaque_dependency_l6,training,first_success_real_transitions,full_aassr,full_depth6_branch2_mean,30,332.6,282.2,50.4,-14.0,131.4,0.24167870256880067,0.22018899055047247,True,1.0
ablation,ablation,opaque_dependency_l6,training,success,full_aassr,full_depth6_branch2_risk-adjusted,30,0.35561666666666664,0.33521666666666666,0.020400000000000005,-0.018683333333333326,0.05981666666666667,0.18030805185536178,0.3266336683165842,True,1.0
ablation,ablation,opaque_dependency_l6,training,steps,full_aassr,full_depth6_branch2_risk-adjusted,30,6.0,6.0,0.0,0.0,0.0,0.0,1.0,True,1.0
ablation,ablation,opaque_dependency_l6,training,high_level_steps,full_aassr,full_depth6_branch2_risk-adjusted,30,6.0,6.0,0.0,0.0,0.0,0.0,1.0,True,1.0
ablation,ablation,opaque_dependency_l6,training,primitive_steps,full_aassr,full_depth6_branch2_risk-adjusted,30,6.0,6.0,0.0,0.0,0.0,0.0,1.0,True,1.0
ablation,ablation,opaque_dependency_l6,training,reward,full_aassr,full_depth6_branch2_risk-adjusted,30,0.35561666666666664,0.33521666666666666,0.020400000000000005,-0.019933333333333327,0.05991666666666666,0.18030805185536178,0.33338333083345834,True,1.0
ablation,ablation,opaque_dependency_l6,training,errors,full_aassr,full_depth6_branch2_risk-adjusted,30,0.0,0.0,0.0,0.0,0.0,0.0,1.0,True,1.0
ablation,ablation,opaque_dependency_l6,training,repeats,full_aassr,full_depth6_branch2_risk-adjusted,30,0.0,0.0,0.0,0.0,0.0,0.0,1.0,True,1.0
ablation,ablation,opaque_dependency_l6,training,prediction_score,full_aassr,full_depth6_branch2_risk-adjusted,30,0.9899861111111111,0.9899944444444445,-8.333333333328714e-06,-2.2222222222230877e-05,5.555555555569747e-06,-0.20804706700518616,0.4535773211339433,True,1.0
ablation,ablation,opaque_dependency_l6,training,holdout_score,full_aassr,full_depth6_branch2_risk-adjusted,30,0.12353812622633432,0.12354595175287926,-7.825526544947189e-06,-1.8978216718700904e-05,2.830140816692528e-06,-0.2534052561976765,0.18369081545922702,True,1.0
ablation,ablation,opaque_dependency_l6,training,holdout_gain,full_aassr,full_depth6_branch2_risk-adjusted,30,6.4646491566515e-06,6.3778436010959445e-06,8.680555555555553e-08,0.0,2.604166666666666e-07,0.18257418583505536,1.0,True,1.0
ablation,ablation,opaque_dependency_l6,training,imagined_nodes,full_aassr,full_depth6_branch2_risk-adjusted,30,186.4534,186.45551666666668,-0.002116666666664931,-0.006599999999995513,0.001983333333332856,-0.17747934946668975,0.39003049847507626,True,1.0
ablation,ablation,opaque_dependency_l6,training,imagination_depth,full_aassr,full_depth6_branch2_risk-adjusted,30,5.444116666666667,5.4443166666666665,-0.00020000000000000757,-0.00046666666666661527,-2.960594732333751e-17,-0.3010398644698666,0.18259087045647718,True,1.0
ablation,ablation,opaque_dependency_l6,training,actual_return,full_aassr,full_depth6_branch2_risk-adjusted,30,0.35561666666666664,0.33521666666666666,0.020400000000000005,-0.019933333333333327,0.059949999999999996,0.18030805185536178,0.3313334333283336,True,1.0
ablation,ablation,opaque_dependency_l6,training,runtime_seconds,full_aassr,full_depth6_branch2_risk-adjusted,30,0.006656164208364498,0.006832737059992602,-0.00017657285162810395,-0.00035580233837439063,1.1201193384962042e-05,-0.3401932507081269,0.071946402679866,True,0.575571221438928
ablation,ablation,opaque_dependency_l6,training,real_transitions,full_aassr,full_depth6_branch2_risk-adjusted,30,6.0,6.0,0.0,0.0,0.0,0.0,1.0,True,1.0
ablation,ablation,opaque_dependency_l6,training,imagined_transitions,full_aassr,full_depth6_branch2_risk-adjusted,30,186.4534,186.45551666666668,-0.002116666666664931,-0.006483333333328763,0.0018666666666680007,-0.17747934946668975,0.39448027598620067,True,1.0
ablation,ablation,opaque_dependency_l6,training,action_proposals,full_aassr,full_depth6_branch2_risk-adjusted,30,6.0,6.0,0.0,0.0,0.0,0.0,1.0,True,1.0
ablation,ablation,opaque_dependency_l6,training,repeat_rate,full_aassr,full_depth6_branch2_risk-adjusted,30,0.0,0.0,0.0,0.0,0.0,0.0,1.0,True,1.0
ablation,ablation,opaque_dependency_l6,training,error_rate,full_aassr,full_depth6_branch2_risk-adjusted,30,0.0,0.0,0.0,0.0,0.0,0.0,1.0,True,1.0
ablation,ablation,opaque_dependency_l6,training,learning_auc,full_aassr,full_depth6_branch2_risk-adjusted,30,0.35566116391529096,0.33526763381690844,0.020393530098382528,-0.018867767216941802,0.06034684008671003,0.18024074775831903,0.3333333333333333,True,1.0
ablation,ablation,opaque_dependency_l6,training,final_tail_success,full_aassr,full_depth6_branch2_risk-adjusted,30,0.534,0.4995,0.0345,-0.02600000000000001,0.09483333333333334,0.20174504821419467,0.2766861656917154,True,1.0
ablation,ablation,opaque_dependency_l6,training,first_success_real_transitions,full_aassr,full_depth6_branch2_risk-adjusted,30,332.6,282.2,50.4,-13.2,131.8,0.24167870256880067,0.22043897805109744,True,1.0
ablation,ablation,opaque_dependency_l6,training,success,full_aassr,full_depth6_branch4_max,30,0.35561666666666664,0.33521666666666666,0.020400000000000005,-0.019699999999999992,0.060016666666666676,0.18030805185536178,0.3375331233438328,True,1.0
ablation,ablation,opaque_dependency_l6,training,steps,full_aassr,full_depth6_branch4_max,30,6.0,6.0,0.0,0.0,0.0,0.0,1.0,True,1.0
ablation,ablation,opaque_dependency_l6,training,high_level_steps,full_aassr,full_depth6_branch4_max,30,6.0,6.0,0.0,0.0,0.0,0.0,1.0,True,1.0
ablation,ablation,opaque_dependency_l6,training,primitive_steps,full_aassr,full_depth6_branch4_max,30,6.0,6.0,0.0,0.0,0.0,0.0,1.0,True,1.0
ablation,ablation,opaque_dependency_l6,training,reward,full_aassr,full_depth6_branch4_max,30,0.35561666666666664,0.33521666666666666,0.020400000000000005,-0.020866666666666662,0.05778333333333334,0.18030805185536178,0.3311334433278336,True,1.0
ablation,ablation,opaque_dependency_l6,training,errors,full_aassr,full_depth6_branch4_max,30,0.0,0.0,0.0,0.0,0.0,0.0,1.0,True,1.0
ablation,ablation,opaque_dependency_l6,training,repeats,full_aassr,full_depth6_branch4_max,30,0.0,0.0,0.0,0.0,0.0,0.0,1.0,True,1.0
ablation,ablation,opaque_dependency_l6,training,prediction_score,full_aassr,full_depth6_branch4_max,30,0.9899861111111111,0.9899944444444445,-8.333333333328714e-06,-2.2222222222227177e-05,5.555555555569747e-06,-0.20804706700518616,0.45662716864156794,True,1.0
ablation,ablation,opaque_dependency_l6,training,holdout_score,full_aassr,full_depth6_branch4_max,30,0.12353812622633432,0.12354595175287926,-7.825526544947189e-06,-1.912312711684581e-05,2.6080109174986267e-06,-0.2534052561976765,0.18019099045047748,True,1.0
ablation,ablation,opaque_dependency_l6,training,holdout_gain,full_aassr,full_depth6_branch4_max,30,6.4646491566515e-06,6.3778436010959445e-06,8.680555555555553e-08,0.0,2.604166666666666e-07,0.18257418583505536,1.0,True,1.0
ablation,ablation,opaque_dependency_l6,training,imagined_nodes,full_aassr,full_depth6_branch4_max,30,186.4534,186.45551666666668,-0.002116666666664931,-0.006583333333330188,0.0018333333333335608,-0.17747934946668975,0.3948802559872006,True,1.0
ablation,ablation,opaque_dependency_l6,training,imagination_depth,full_aassr,full_depth6_branch4_max,30,5.444116666666667,5.4443166666666665,-0.00020000000000000757,-0.00046666666666661527,-2.960594732333751e-17,-0.3010398644698666,0.18844057797110145,True,1.0
ablation,ablation,opaque_dependency_l6,training,actual_return,full_aassr,full_depth6_branch4_max,30,0.35561666666666664,0.33521666666666666,0.020400000000000005,-0.020366666666666658,0.059533333333333334,0.18030805185536178,0.33328333583320835,True,1.0
ablation,ablation,opaque_dependency_l6,training,runtime_seconds,full_aassr,full_depth6_branch4_max,30,0.006656164208364498,0.0066678427150055845,-1.1678506641086064e-05,-0.00019020535667999266,0.00017669665340848346,-0.022203655905044754,0.903454827258637,True,1.0
ablation,ablation,opaque_dependency_l6,training,real_transitions,full_aassr,full_depth6_branch4_max,30,6.0,6.0,0.0,0.0,0.0,0.0,1.0,True,1.0
ablation,ablation,opaque_dependency_l6,training,imagined_transitions,full_aassr,full_depth6_branch4_max,30,186.4534,186.45551666666668,-0.002116666666664931,-0.006533333333330423,0.0018666666666680007,-0.17747934946668975,0.39003049847507626,True,1.0
ablation,ablation,opaque_dependency_l6,training,action_proposals,full_aassr,full_depth6_branch4_max,30,6.0,6.0,0.0,0.0,0.0,0.0,1.0,True,1.0
ablation,ablation,opaque_dependency_l6,training,repeat_rate,full_aassr,full_depth6_branch4_max,30,0.0,0.0,0.0,0.0,0.0,0.0,1.0,True,1.0
ablation,ablation,opaque_dependency_l6,training,error_rate,full_aassr,full_depth6_branch4_max,30,0.0,0.0,0.0,0.0,0.0,0.0,1.0,True,1.0
ablation,ablation,opaque_dependency_l6,training,learning_auc,full_aassr,full_depth6_branch4_max,30,0.35566116391529096,0.33526763381690844,0.020393530098382528,-0.019884942471235612,0.059004502251125565,0.18024074775831903,0.336133193340333,True,1.0
ablation,ablation,opaque_dependency_l6,training,final_tail_success,full_aassr,full_depth6_branch4_max,30,0.534,0.4995,0.0345,-0.027000000000000003,0.09466666666666666,0.20174504821419467,0.2736363181840908,True,1.0
ablation,ablation,opaque_dependency_l6,training,first_success_real_transitions,full_aassr,full_depth6_branch4_max,30,332.6,282.2,50.4,-13.2,130.0,0.24167870256880067,0.2206389680515974,True,1.0
ablation,ablation,opaque_dependency_l6,training,success,full_aassr,full_depth6_branch4_mean,30,0.35561666666666664,0.33521666666666666,0.020400000000000005,-0.019633333333333326,0.06013333333333334,0.18030805185536178,0.33068346582670866,True,1.0
ablation,ablation,opaque_dependency_l6,training,steps,full_aassr,full_depth6_branch4_mean,30,6.0,6.0,0.0,0.0,0.0,0.0,1.0,True,1.0
ablation,ablation,opaque_dependency_l6,training,high_level_steps,full_aassr,full_depth6_branch4_mean,30,6.0,6.0,0.0,0.0,0.0,0.0,1.0,True,1.0
ablation,ablation,opaque_dependency_l6,training,primitive_steps,full_aassr,full_depth6_branch4_mean,30,6.0,6.0,0.0,0.0,0.0,0.0,1.0,True,1.0
ablation,ablation,opaque_dependency_l6,training,reward,full_aassr,full_depth6_branch4_mean,30,0.35561666666666664,0.33521666666666666,0.020400000000000005,-0.020099999999999993,0.0579,0.18030805185536178,0.33303334833258336,True,1.0
ablation,ablation,opaque_dependency_l6,training,errors,full_aassr,full_depth6_branch4_mean,30,0.0,0.0,0.0,0.0,0.0,0.0,1.0,True,1.0
ablation,ablation,opaque_dependency_l6,training,repeats,full_aassr,full_depth6_branch4_mean,30,0.0,0.0,0.0,0.0,0.0,0.0,1.0,True,1.0
ablation,ablation,opaque_dependency_l6,training,prediction_score,full_aassr,full_depth6_branch4_mean,30,0.9899861111111111,0.9899944444444445,-8.333333333328714e-06,-2.2222222222230877e-05,5.555555555569747e-06,-0.20804706700518616,0.4546772661366932,True,1.0
ablation,ablation,opaque_dependency_l6,training,holdout_score,full_aassr,full_depth6_branch4_mean,30,0.12353812622633432,0.12354595175287926,-7.825526544947189e-06,-1.8864753054232315e-05,2.479722219387211e-06,-0.2534052561976765,0.18169091545422728,True,1.0
ablation,ablation,opaque_dependency_l6,training,holdout_gain,full_aassr,full_depth6_branch4_mean,30,6.4646491566515e-06,6.3778436010959445e-06,8.680555555555553e-08,0.0,2.604166666666666e-07,0.18257418583505536,1.0,True,1.0
ablation,ablation,opaque_dependency_l6,training,imagined_nodes,full_aassr,full_depth6_branch4_mean,30,186.4534,186.45551666666668,-0.002116666666664931,-0.006416666666661778,0.0017666666666665757,-0.17747934946668975,0.3924303784810759,True,1.0
ablation,ablation,opaque_dependency_l6,training,imagination_depth,full_aassr,full_depth6_branch4_mean,30,5.444116666666667,5.4443166666666665,-0.00020000000000000757,-0.00045000000000001706,-5.921189464667501e-17,-0.3010398644698666,0.18529073546322683,True,1.0
ablation,ablation,opaque_dependency_l6,training,actual_return,full_aassr,full_depth6_branch4_mean,30,0.35561666666666664,0.33521666666666666,0.020400000000000005,-0.019233333333333328,0.0586,0.18030805185536178,0.33658317084145795,True,1.0
ablation,ablation,opaque_dependency_l6,training,runtime_seconds,full_aassr,full_depth6_branch4_mean,30,0.006656164208364498,0.00654453818006344,0.00011162602830105837,-7.430628005822675e-05,0.00030411870162351984,0.2026917070521182,0.2709364531773411,True,1.0
ablation,ablation,opaque_dependency_l6,training,real_transitions,full_aassr,full_depth6_branch4_mean,30,6.0,6.0,0.0,0.0,0.0,0.0,1.0,True,1.0
ablation,ablation,opaque_dependency_l6,training,imagined_transitions,full_aassr,full_depth6_branch4_mean,30,186.4534,186.45551666666668,-0.002116666666664931,-0.006583333333328293,0.001966666666667531,-0.17747934946668975,0.39388030598470075,True,1.0
ablation,ablation,opaque_dependency_l6,training,action_proposals,full_aassr,full_depth6_branch4_mean,30,6.0,6.0,0.0,0.0,0.0,0.0,1.0,True,1.0
ablation,ablation,opaque_dependency_l6,training,repeat_rate,full_aassr,full_depth6_branch4_mean,30,0.0,0.0,0.0,0.0,0.0,0.0,1.0,True,1.0
ablation,ablation,opaque_dependency_l6,training,error_rate,full_aassr,full_depth6_branch4_mean,30,0.0,0.0,0.0,0.0,0.0,0.0,1.0,True,1.0
ablation,ablation,opaque_dependency_l6,training,learning_auc,full_aassr,full_depth6_branch4_mean,30,0.35566116391529096,0.33526763381690844,0.020393530098382528,-0.020677005169251292,0.05997165249291312,0.18024074775831903,0.3301834908254587,True,1.0
ablation,ablation,opaque_dependency_l6,training,final_tail_success,full_aassr,full_depth6_branch4_mean,30,0.534,0.4995,0.0345,-0.028500000000000008,0.092,0.20174504821419467,0.27003649817509123,True,1.0
ablation,ablation,opaque_dependency_l6,training,first_success_real_transitions,full_aassr,full_depth6_branch4_mean,30,332.6,282.2,50.4,-13.6,131.6,0.24167870256880067,0.2190390480475976,True,1.0
ablation,ablation,opaque_dependency_l6,training,success,full_aassr,full_depth6_branch4_risk-adjusted,30,0.35561666666666664,0.33521666666666666,0.020400000000000005,-0.021149999999999995,0.05961666666666667,0.18030805185536178,0.3321333933303335,True,1.0
ablation,ablation,opaque_dependency_l6,training,steps,full_aassr,full_depth6_branch4_risk-adjusted,30,6.0,6.0,0.0,0.0,0.0,0.0,1.0,True,1.0
ablation,ablation,opaque_dependency_l6,training,high_level_steps,full_aassr,full_depth6_branch4_risk-adjusted,30,6.0,6.0,0.0,0.0,0.0,0.0,1.0,True,1.0
ablation,ablation,opaque_dependency_l6,training,primitive_steps,full_aassr,full_depth6_branch4_risk-adjusted,30,6.0,6.0,0.0,0.0,0.0,0.0,1.0,True,1.0
ablation,ablation,opaque_dependency_l6,training,reward,full_aassr,full_depth6_branch4_risk-adjusted,30,0.35561666666666664,0.33521666666666666,0.020400000000000005,-0.018749999999999996,0.0607,0.18030805185536178,0.3306334683265837,True,1.0
ablation,ablation,opaque_dependency_l6,training,errors,full_aassr,full_depth6_branch4_risk-adjusted,30,0.0,0.0,0.0,0.0,0.0,0.0,1.0,True,1.0
ablation,ablation,opaque_dependency_l6,training,repeats,full_aassr,full_depth6_branch4_risk-adjusted,30,0.0,0.0,0.0,0.0,0.0,0.0,1.0,True,1.0
ablation,ablation,opaque_dependency_l6,training,prediction_score,full_aassr,full_depth6_branch4_risk-adjusted,30,0.9899861111111111,0.9899944444444445,-8.333333333328714e-06,-2.2222222222230877e-05,5.555555555566046e-06,-0.20804706700518616,0.4543272836358182,True,1.0
ablation,ablation,opaque_dependency_l6,training,holdout_score,full_aassr,full_depth6_branch4_risk-adjusted,30,0.12353812622633432,0.12354595175287926,-7.825526544947189e-06,-1.9033533986547355e-05,2.4635459259916836e-06,-0.2534052561976765,0.18439078046097696,True,1.0
ablation,ablation,opaque_dependency_l6,training,holdout_gain,full_aassr,full_depth6_branch4_risk-adjusted,30,6.4646491566515e-06,6.3778436010959445e-06,8.680555555555553e-08,0.0,2.604166666666666e-07,0.18257418583505536,1.0,True,1.0
ablation,ablation,opaque_dependency_l6,training,imagined_nodes,full_aassr,full_depth6_branch4_risk-adjusted,30,186.4534,186.45551666666668,-0.002116666666664931,-0.006316666666664143,0.0018833333333333258,-0.17747934946668975,0.39058047097645116,True,1.0
ablation,ablation,opaque_dependency_l6,training,imagination_depth,full_aassr,full_depth6_branch4_risk-adjusted,30,5.444116666666667,5.4443166666666665,-0.00020000000000000757,-0.00046666666666658567,-2.960594732333751e-17,-0.3010398644698666,0.19029048547572622,True,1.0
ablation,ablation,opaque_dependency_l6,training,actual_return,full_aassr,full_depth6_branch4_risk-adjusted,30,0.35561666666666664,0.33521666666666666,0.020400000000000005,-0.02066666666666666,0.059000000000000004,0.18030805185536178,0.3342832858357082,True,1.0
ablation,ablation,opaque_dependency_l6,training,runtime_seconds,full_aassr,full_depth6_branch4_risk-adjusted,30,0.006656164208364498,0.006825443746537106,-0.0001692795381726077,-0.00034405625651512926,2.4273581947393892e-05,-0.32829665797618546,0.0815959202039898,True,0.575571221438928
ablation,ablation,opaque_dependency_l6,training,real_transitions,full_aassr,full_depth6_branch4_risk-adjusted,30,6.0,6.0,0.0,0.0,0.0,0.0,1.0,True,1.0
ablation,ablation,opaque_dependency_l6,training,imagined_transitions,full_aassr,full_depth6_branch4_risk-adjusted,30,186.4534,186.45551666666668,-0.002116666666664931,-0.006499999999995983,0.0019500000000003106,-0.17747934946668975,0.392030398480076,True,1.0
ablation,ablation,opaque_dependency_l6,training,action_proposals,full_aassr,full_depth6_branch4_risk-adjusted,30,6.0,6.0,0.0,0.0,0.0,0.0,1.0,True,1.0
ablation,ablation,opaque_dependency_l6,training,repeat_rate,full_aassr,full_depth6_branch4_risk-adjusted,30,0.0,0.0,0.0,0.0,0.0,0.0,1.0,True,1.0
ablation,ablation,opaque_dependency_l6,training,error_rate,full_aassr,full_depth6_branch4_risk-adjusted,30,0.0,0.0,0.0,0.0,0.0,0.0,1.0,True,1.0
ablation,ablation,opaque_dependency_l6,training,learning_auc,full_aassr,full_depth6_branch4_risk-adjusted,30,0.35566116391529096,0.33526763381690844,0.020393530098382528,-0.01904285476071368,0.061539102884775716,0.18024074775831903,0.3304834758262087,True,1.0
ablation,ablation,opaque_dependency_l6,training,final_tail_success,full_aassr,full_depth6_branch4_risk-adjusted,30,0.534,0.4995,0.0345,-0.02766666666666667,0.09416666666666668,0.20174504821419467,0.2724863756812159,True,1.0
ablation,ablation,opaque_dependency_l6,training,first_success_real_transitions,full_aassr,full_depth6_branch4_risk-adjusted,30,332.6,282.2,50.4,-13.4,133.2,0.24167870256880067,0.21333933303334834,True,1.0
ablation,ablation,opaque_dependency_l6,training,success,full_aassr,full_no_error_penalty,30,0.35561666666666664,0.33521666666666666,0.020400000000000005,-0.021316666666666657,0.059583333333333335,0.18030805185536178,0.32938353082345884,True,1.0
ablation,ablation,opaque_dependency_l6,training,steps,full_aassr,full_no_error_penalty,30,6.0,6.0,0.0,0.0,0.0,0.0,1.0,True,1.0
ablation,ablation,opaque_dependency_l6,training,high_level_steps,full_aassr,full_no_error_penalty,30,6.0,6.0,0.0,0.0,0.0,0.0,1.0,True,1.0
ablation,ablation,opaque_dependency_l6,training,primitive_steps,full_aassr,full_no_error_penalty,30,6.0,6.0,0.0,0.0,0.0,0.0,1.0,True,1.0
ablation,ablation,opaque_dependency_l6,training,reward,full_aassr,full_no_error_penalty,30,0.35561666666666664,0.33521666666666666,0.020400000000000005,-0.020349999999999993,0.059750000000000004,0.18030805185536178,0.33808309584520774,True,1.0
ablation,ablation,opaque_dependency_l6,training,errors,full_aassr,full_no_error_penalty,30,0.0,0.0,0.0,0.0,0.0,0.0,1.0,True,1.0
ablation,ablation,opaque_dependency_l6,training,repeats,full_aassr,full_no_error_penalty,30,0.0,0.0,0.0,0.0,0.0,0.0,1.0,True,1.0
ablation,ablation,opaque_dependency_l6,training,prediction_score,full_aassr,full_no_error_penalty,30,0.9899861111111111,0.9899944444444445,-8.333333333328714e-06,-2.2222222222227177e-05,5.555555555569747e-06,-0.20804706700518616,0.45462726863656816,True,1.0
ablation,ablation,opaque_dependency_l6,training,holdout_score,full_aassr,full_no_error_penalty,30,0.12353812622633432,0.12354595175287926,-7.825526544947189e-06,-1.9220597375786223e-05,2.626601531105962e-06,-0.2534052561976765,0.1864406779661017,True,1.0
ablation,ablation,opaque_dependency_l6,training,holdout_gain,full_aassr,full_no_error_penalty,30,6.4646491566515e-06,6.3778436010959445e-06,8.680555555555553e-08,0.0,2.604166666666666e-07,0.18257418583505536,1.0,True,1.0
ablation,ablation,opaque_dependency_l6,training,imagined_nodes,full_aassr,full_no_error_penalty,30,186.4534,186.45551666666668,-0.002116666666664931,-0.006516666666663203,0.0018333333333335608,-0.17747934946668975,0.39163041847907604,True,1.0
ablation,ablation,opaque_dependency_l6,training,imagination_depth,full_aassr,full_no_error_penalty,30,5.444116666666667,5.4443166666666665,-0.00020000000000000757,-0.00046666666666664487,-2.960594732333751e-17,-0.3010398644698666,0.19194040297985102,True,1.0
ablation,ablation,opaque_dependency_l6,training,actual_return,full_aassr,full_no_error_penalty,30,0.35561666666666664,0.33521666666666666,0.020400000000000005,-0.020999999999999998,0.059333333333333335,0.18030805185536178,0.3345332733363332,True,1.0
ablation,ablation,opaque_dependency_l6,training,runtime_seconds,full_aassr,full_no_error_penalty,30,0.006656164208364498,0.006728963691666043,-7.279948330154495e-05,-0.00019340222013852326,3.7688899957962796e-05,-0.22166616327915978,0.23943802809859507,True,1.0
ablation,ablation,opaque_dependency_l6,training,real_transitions,full_aassr,full_no_error_penalty,30,6.0,6.0,0.0,0.0,0.0,0.0,1.0,True,1.0
ablation,ablation,opaque_dependency_l6,training,imagined_transitions,full_aassr,full_no_error_penalty,30,186.4534,186.45551666666668,-0.002116666666664931,-0.006449999999996218,0.0017500000000012506,-0.17747934946668975,0.38528073596320184,True,1.0
ablation,ablation,opaque_dependency_l6,training,action_proposals,full_aassr,full_no_error_penalty,30,6.0,6.0,0.0,0.0,0.0,0.0,1.0,True,1.0
ablation,ablation,opaque_dependency_l6,training,repeat_rate,full_aassr,full_no_error_penalty,30,0.0,0.0,0.0,0.0,0.0,0.0,1.0,True,1.0
ablation,ablation,opaque_dependency_l6,training,error_rate,full_aassr,full_no_error_penalty,30,0.0,0.0,0.0,0.0,0.0,0.0,1.0,True,1.0
ablation,ablation,opaque_dependency_l6,training,learning_auc,full_aassr,full_no_error_penalty,30,0.35566116391529096,0.33526763381690844,0.020393530098382528,-0.02041854260463565,0.05907953976988494,0.18024074775831903,0.33008349582520874,True,1.0
ablation,ablation,opaque_dependency_l6,training,final_tail_success,full_aassr,full_no_error_penalty,30,0.534,0.4995,0.0345,-0.028333333333333332,0.094,0.20174504821419467,0.2752862356882156,True,1.0
ablation,ablation,opaque_dependency_l6,training,first_success_real_transitions,full_aassr,full_no_error_penalty,30,332.6,282.2,50.4,-13.4,130.6,0.24167870256880067,0.22203889805509724,True,1.0
ablation,ablation,opaque_dependency_l6,training,success,full_aassr,full_no_repeat_penalty,30,0.35561666666666664,0.33521666666666666,0.020400000000000005,-0.01994999999999999,0.05885,0.18030805185536178,0.33243337833108344,True,1.0
ablation,ablation,opaque_dependency_l6,training,steps,full_aassr,full_no_repeat_penalty,30,6.0,6.0,0.0,0.0,0.0,0.0,1.0,True,1.0
ablation,ablation,opaque_dependency_l6,training,high_level_steps,full_aassr,full_no_repeat_penalty,30,6.0,6.0,0.0,0.0,0.0,0.0,1.0,True,1.0
ablation,ablation,opaque_dependency_l6,training,primitive_steps,full_aassr,full_no_repeat_penalty,30,6.0,6.0,0.0,0.0,0.0,0.0,1.0,True,1.0
ablation,ablation,opaque_dependency_l6,training,reward,full_aassr,full_no_repeat_penalty,30,0.35561666666666664,0.33521666666666666,0.020400000000000005,-0.02061666666666666,0.06006666666666668,0.18030805185536178,0.33558322083895803,True,1.0
ablation,ablation,opaque_dependency_l6,training,errors,full_aassr,full_no_repeat_penalty,30,0.0,0.0,0.0,0.0,0.0,0.0,1.0,True,1.0
ablation,ablation,opaque_dependency_l6,training,repeats,full_aassr,full_no_repeat_penalty,30,0.0,0.0,0.0,0.0,0.0,0.0,1.0,True,1.0
ablation,ablation,opaque_dependency_l6,training,prediction_score,full_aassr,full_no_repeat_penalty,30,0.9899861111111111,0.9899944444444445,-8.333333333328714e-06,-2.2222222222227177e-05,5.555555555573448e-06,-0.20804706700518616,0.45482725863706813,True,1.0
ablation,ablation,opaque_dependency_l6,training,holdout_score,full_aassr,full_no_repeat_penalty,30,0.12353812622633432,0.12354595175287926,-7.825526544947189e-06,-1.956326333432956e-05,2.212031175348461e-06,-0.2534052561976765,0.1823908804559772,True,1.0
ablation,ablation,opaque_dependency_l6,training,holdout_gain,full_aassr,full_no_repeat_penalty,30,6.4646491566515e-06,6.3778436010959445e-06,8.680555555555553e-08,0.0,2.604166666666666e-07,0.18257418583505536,1.0,True,1.0
ablation,ablation,opaque_dependency_l6,training,imagined_nodes,full_aassr,full_no_repeat_penalty,30,186.4534,186.45551666666668,-0.002116666666664931,-0.006483333333328763,0.0018500000000007807,-0.17747934946668975,0.39308034598270086,True,1.0
ablation,ablation,opaque_dependency_l6,training,imagination_depth,full_aassr,full_no_repeat_penalty,30,5.444116666666667,5.4443166666666665,-0.00020000000000000757,-0.00046666666666661527,-2.960594732333751e-17,-0.3010398644698666,0.1814409279536023,True,1.0
ablation,ablation,opaque_dependency_l6,training,actual_return,full_aassr,full_no_repeat_penalty,30,0.35561666666666664,0.33521666666666666,0.020400000000000005,-0.019033333333333336,0.060333333333333336,0.18030805185536178,0.33553322333883306,True,1.0
ablation,ablation,opaque_dependency_l6,training,runtime_seconds,full_aassr,full_no_repeat_penalty,30,0.006656164208364498,0.006662433460034663,-6.269251670164607e-06,-0.00011541336338462636,0.0001019736667144266,-0.02048501343547508,0.9160041997900105,True,1.0
ablation,ablation,opaque_dependency_l6,training,real_transitions,full_aassr,full_no_repeat_penalty,30,6.0,6.0,0.0,0.0,0.0,0.0,1.0,True,1.0
ablation,ablation,opaque_dependency_l6,training,imagined_transitions,full_aassr,full_no_repeat_penalty,30,186.4534,186.45551666666668,-0.002116666666664931,-0.006466666666663438,0.0019500000000003106,-0.17747934946668975,0.3872806359682016,True,1.0
ablation,ablation,opaque_dependency_l6,training,action_proposals,full_aassr,full_no_repeat_penalty,30,6.0,6.0,0.0,0.0,0.0,0.0,1.0,True,1.0
ablation,ablation,opaque_dependency_l6,training,repeat_rate,full_aassr,full_no_repeat_penalty,30,0.0,0.0,0.0,0.0,0.0,0.0,1.0,True,1.0
ablation,ablation,opaque_dependency_l6,training,error_rate,full_aassr,full_no_repeat_penalty,30,0.0,0.0,0.0,0.0,0.0,0.0,1.0,True,1.0
ablation,ablation,opaque_dependency_l6,training,learning_auc,full_aassr,full_no_repeat_penalty,30,0.35566116391529096,0.33526763381690844,0.020393530098382528,-0.02028514257128564,0.0603551775887944,0.18024074775831903,0.3347332633368332,True,1.0
ablation,ablation,opaque_dependency_l6,training,final_tail_success,full_aassr,full_no_repeat_penalty,30,0.534,0.4995,0.0345,-0.025500000000000005,0.095,0.20174504821419467,0.28293585320733966,True,1.0
ablation,ablation,opaque_dependency_l6,training,first_success_real_transitions,full_aassr,full_no_repeat_penalty,30,332.6,282.2,50.4,-13.6,132.2,0.24167870256880067,0.21858907054647267,True,1.0
ablation,ablation,opaque_dependency_l6,training,success,full_aassr,full_no_validated_information,30,0.35561666666666664,0.33554999999999996,0.02006666666666667,-0.01626666666666666,0.056916666666666664,0.19052064588533973,0.3008349582520874,True,1.0
ablation,ablation,opaque_dependency_l6,training,steps,full_aassr,full_no_validated_information,30,6.0,6.0,0.0,0.0,0.0,0.0,1.0,True,1.0
ablation,ablation,opaque_dependency_l6,training,high_level_steps,full_aassr,full_no_validated_information,30,6.0,6.0,0.0,0.0,0.0,0.0,1.0,True,1.0
ablation,ablation,opaque_dependency_l6,training,primitive_steps,full_aassr,full_no_validated_information,30,6.0,6.0,0.0,0.0,0.0,0.0,1.0,True,1.0
ablation,ablation,opaque_dependency_l6,training,reward,full_aassr,full_no_validated_information,30,0.35561666666666664,0.33554999999999996,0.02006666666666667,-0.016966666666666665,0.05605,0.19052064588533973,0.3048347582620869,True,1.0
ablation,ablation,opaque_dependency_l6,training,errors,full_aassr,full_no_validated_information,30,0.0,0.0,0.0,0.0,0.0,0.0,1.0,True,1.0
ablation,ablation,opaque_dependency_l6,training,repeats,full_aassr,full_no_validated_information,30,0.0,0.0,0.0,0.0,0.0,0.0,1.0,True,1.0
ablation,ablation,opaque_dependency_l6,training,prediction_score,full_aassr,full_no_validated_information,30,0.9899861111111111,0.9899944444444445,-8.333333333328714e-06,-2.2222222222227177e-05,5.555555555566046e-06,-0.20804706700518616,0.4535773211339433,True,1.0
ablation,ablation,opaque_dependency_l6,training,holdout_score,full_aassr,full_no_validated_information,30,0.12353812622633432,0.0,0.12353812622633432,0.12345752914909357,0.12361705989592207,546.4491271082488,4.999750012499375e-05,True,0.0020998950052497373
ablation,ablation,opaque_dependency_l6,training,holdout_gain,full_aassr,full_no_validated_information,30,6.4646491566515e-06,0.0,6.4646491566515e-06,4.759817158820781e-06,8.222014861933871e-06,1.3048076841310723,4.999750012499375e-05,True,0.0029498525073746312
ablation,ablation,opaque_dependency_l6,training,imagined_nodes,full_aassr,full_no_validated_information,30,186.4534,186.45433333333332,-0.0009333333333321055,-0.005933333333329452,0.0036999999999996667,-0.06781355024633948,0.7253137343132844,True,1.0
ablation,ablation,opaque_dependency_l6,training,imagination_depth,full_aassr,full_no_validated_information,30,5.444116666666667,5.4443166666666665,-0.00020000000000000757,-0.0004833333333332431,-2.960594732333751e-17,-0.3010398644698666,0.1854907254637268,True,1.0
ablation,ablation,opaque_dependency_l6,training,actual_return,full_aassr,full_no_validated_information,30,0.35561666666666664,0.33554999999999996,0.02006666666666667,-0.016699999999999996,0.057,0.19052064588533973,0.3048347582620869,True,1.0
ablation,ablation,opaque_dependency_l6,training,runtime_seconds,full_aassr,full_no_validated_information,30,0.006656164208364498,0.00585996925495856,0.0007961949534059386,0.000701411810001203,0.0008906242918606343,3.039090733877051,4.999750012499375e-05,True,0.0020998950052497373
ablation,ablation,opaque_dependency_l6,training,real_transitions,full_aassr,full_no_validated_information,30,6.0,6.0,0.0,0.0,0.0,0.0,1.0,True,1.0
ablation,ablation,opaque_dependency_l6,training,imagined_transitions,full_aassr,full_no_validated_information,30,186.4534,186.45433333333332,-0.0009333333333321055,-0.005816666666662703,0.003966666666667606,-0.06781355024633948,0.7251137443127844,True,1.0
ablation,ablation,opaque_dependency_l6,training,action_proposals,full_aassr,full_no_validated_information,30,6.0,6.0,0.0,0.0,0.0,0.0,1.0,True,1.0
ablation,ablation,opaque_dependency_l6,training,repeat_rate,full_aassr,full_no_validated_information,30,0.0,0.0,0.0,0.0,0.0,0.0,1.0,True,1.0
ablation,ablation,opaque_dependency_l6,training,error_rate,full_aassr,full_no_validated_information,30,0.0,0.0,0.0,0.0,0.0,0.0,1.0,True,1.0
ablation,ablation,opaque_dependency_l6,training,learning_auc,full_aassr,full_no_validated_information,30,0.35566116391529096,0.33560113390028345,0.02006003001500751,-0.018592629648157406,0.05737035184258797,0.19046006092333634,0.3014349282535873,True,1.0
ablation,ablation,opaque_dependency_l6,training,final_tail_success,full_aassr,full_no_validated_information,30,0.534,0.49983333333333335,0.034166666666666665,-0.020833333333333336,0.08966666666666666,0.21440195830679382,0.24433778311084445,True,1.0
ablation,ablation,opaque_dependency_l6,training,first_success_real_transitions,full_aassr,full_no_validated_information,30,332.6,280.4,52.2,-12.8,132.8,0.25057092499225064,0.20288985550722463,True,1.0
ablation,ablation,opaque_dependency_l6,training,success,full_aassr,imagination_no_validated_value,30,0.35561666666666664,0.33554999999999996,0.02006666666666667,-0.01605,0.05733333333333334,0.19052064588533973,0.3067346632668367,True,1.0
ablation,ablation,opaque_dependency_l6,training,steps,full_aassr,imagination_no_validated_value,30,6.0,6.0,0.0,0.0,0.0,0.0,1.0,True,1.0
ablation,ablation,opaque_dependency_l6,training,high_level_steps,full_aassr,imagination_no_validated_value,30,6.0,6.0,0.0,0.0,0.0,0.0,1.0,True,1.0
ablation,ablation,opaque_dependency_l6,training,primitive_steps,full_aassr,imagination_no_validated_value,30,6.0,6.0,0.0,0.0,0.0,0.0,1.0,True,1.0
ablation,ablation,opaque_dependency_l6,training,reward,full_aassr,imagination_no_validated_value,30,0.35561666666666664,0.33554999999999996,0.02006666666666667,-0.016083333333333328,0.05656666666666667,0.19052064588533973,0.3055847207639618,True,1.0
ablation,ablation,opaque_dependency_l6,training,errors,full_aassr,imagination_no_validated_value,30,0.0,0.0,0.0,0.0,0.0,0.0,1.0,True,1.0
ablation,ablation,opaque_dependency_l6,training,repeats,full_aassr,imagination_no_validated_value,30,0.0,0.0,0.0,0.0,0.0,0.0,1.0,True,1.0
ablation,ablation,opaque_dependency_l6,training,prediction_score,full_aassr,imagination_no_validated_value,30,0.9899861111111111,0.9899944444444445,-8.333333333328714e-06,-2.2222222222227177e-05,5.555555555573448e-06,-0.20804706700518616,0.4516274186290685,True,1.0
ablation,ablation,opaque_dependency_l6,training,holdout_score,full_aassr,imagination_no_validated_value,30,0.12353812622633432,0.0,0.12353812622633432,0.12345837707279593,0.12361711680056324,546.4491271082488,4.999750012499375e-05,True,0.0020998950052497373
ablation,ablation,opaque_dependency_l6,training,holdout_gain,full_aassr,imagination_no_validated_value,30,6.4646491566515e-06,0.0,6.4646491566515e-06,4.803346523428577e-06,8.242736055662313e-06,1.3048076841310723,4.999750012499375e-05,True,0.0029498525073746312
ablation,ablation,opaque_dependency_l6,training,imagined_nodes,full_aassr,imagination_no_validated_value,30,186.4534,186.45433333333332,-0.0009333333333321055,-0.005783333333330158,0.0038999999999987265,-0.06781355024633948,0.7328633568321584,True,1.0
ablation,ablation,opaque_dependency_l6,training,imagination_depth,full_aassr,imagination_no_validated_value,30,5.444116666666667,5.4443166666666665,-0.00020000000000000757,-0.00046666666666658567,-2.960594732333751e-17,-0.3010398644698666,0.18824058797060148,True,1.0
ablation,ablation,opaque_dependency_l6,training,actual_return,full_aassr,imagination_no_validated_value,30,0.35561666666666664,0.33554999999999996,0.02006666666666667,-0.01653333333333333,0.0568,0.19052064588533973,0.30373481325933704,True,1.0
ablation,ablation,opaque_dependency_l6,training,runtime_seconds,full_aassr,imagination_no_validated_value,30,0.006656164208364498,0.005824977868378725,0.0008311863399857733,0.000738444558264746,0.0009244279683232889,3.1169724135991896,4.999750012499375e-05,True,0.0020998950052497373
ablation,ablation,opaque_dependency_l6,training,real_transitions,full_aassr,imagination_no_validated_value,30,6.0,6.0,0.0,0.0,0.0,0.0,1.0,True,1.0
ablation,ablation,opaque_dependency_l6,training,imagined_transitions,full_aassr,imagination_no_validated_value,30,186.4534,186.45433333333332,-0.0009333333333321055,-0.005866666666662468,0.0038333333333317415,-0.06781355024633948,0.7228638568071596,True,1.0
ablation,ablation,opaque_dependency_l6,training,action_proposals,full_aassr,imagination_no_validated_value,30,6.0,6.0,0.0,0.0,0.0,0.0,1.0,True,1.0
ablation,ablation,opaque_dependency_l6,training,repeat_rate,full_aassr,imagination_no_validated_value,30,0.0,0.0,0.0,0.0,0.0,0.0,1.0,True,1.0
ablation,ablation,opaque_dependency_l6,training,error_rate,full_aassr,imagination_no_validated_value,30,0.0,0.0,0.0,0.0,0.0,0.0,1.0,True,1.0
ablation,ablation,opaque_dependency_l6,training,learning_auc,full_aassr,imagination_no_validated_value,30,0.35566116391529096,0.33560113390028345,0.02006003001500751,-0.017450391862597957,0.05722861430715358,0.19046006092333634,0.3072846357682116,True,1.0
ablation,ablation,opaque_dependency_l6,training,final_tail_success,full_aassr,imagination_no_validated_value,30,0.534,0.49983333333333335,0.034166666666666665,-0.02083333333333335,0.08983333333333335,0.21440195830679382,0.2510374481275936,True,1.0
ablation,ablation,opaque_dependency_l6,training,first_success_real_transitions,full_aassr,imagination_no_validated_value,30,332.6,280.4,52.2,-11.2,130.8,0.25057092499225064,0.20328983550822458,True,1.0
ablation,ablation,opaque_dependency_l6,training,success,full_aassr,prophecy_no_imagination,30,0.35561666666666664,0.4724833333333333,-0.11686666666666667,-0.15711666666666668,-0.07393333333333335,-1.00391000065265,4.999750012499375e-05,True,0.0029498525073746312
ablation,ablation,opaque_dependency_l6,training,steps,full_aassr,prophecy_no_imagination,30,6.0,6.0,0.0,0.0,0.0,0.0,1.0,True,1.0
ablation,ablation,opaque_dependency_l6,training,high_level_steps,full_aassr,prophecy_no_imagination,30,6.0,6.0,0.0,0.0,0.0,0.0,1.0,True,1.0
ablation,ablation,opaque_dependency_l6,training,primitive_steps,full_aassr,prophecy_no_imagination,30,6.0,6.0,0.0,0.0,0.0,0.0,1.0,True,1.0
ablation,ablation,opaque_dependency_l6,training,reward,full_aassr,prophecy_no_imagination,30,0.35561666666666664,0.4724833333333333,-0.11686666666666667,-0.1595,-0.0753,-1.00391000065265,9.99950002499875e-05,True,0.004099795010249488
ablation,ablation,opaque_dependency_l6,training,errors,full_aassr,prophecy_no_imagination,30,0.0,0.0,0.0,0.0,0.0,0.0,1.0,True,1.0
ablation,ablation,opaque_dependency_l6,training,repeats,full_aassr,prophecy_no_imagination,30,0.0,0.0,0.0,0.0,0.0,0.0,1.0,True,1.0
ablation,ablation,opaque_dependency_l6,training,prediction_score,full_aassr,prophecy_no_imagination,30,0.9899861111111111,0.9899944444444445,-8.333333333328714e-06,-2.2222222222234576e-05,5.555555555569747e-06,-0.20804706700518616,0.45332733363331834,True,1.0
ablation,ablation,opaque_dependency_l6,training,holdout_score,full_aassr,prophecy_no_imagination,30,0.12353812622633432,0.12354595175287926,-7.825526544947189e-06,-1.9293756134332318e-05,2.6707345050863696e-06,-0.2534052561976765,0.18044097795110245,True,1.0
ablation,ablation,opaque_dependency_l6,training,holdout_gain,full_aassr,prophecy_no_imagination,30,6.4646491566515e-06,6.3778436010959445e-06,8.680555555555553e-08,0.0,2.604166666666666e-07,0.18257418583505536,1.0,True,1.0
ablation,ablation,opaque_dependency_l6,training,imagined_nodes,full_aassr,prophecy_no_imagination,30,186.4534,0.0,186.4534,185.97125,186.92781666666667,137.57091182476503,4.999750012499375e-05,True,0.0020998950052497373
ablation,ablation,opaque_dependency_l6,training,imagination_depth,full_aassr,prophecy_no_imagination,30,5.444116666666667,0.0,5.444116666666667,5.435483333333334,5.452716666666666,218.383998313907,4.999750012499375e-05,True,0.0020998950052497373
ablation,ablation,opaque_dependency_l6,training,actual_return,full_aassr,prophecy_no_imagination,30,0.35561666666666664,0.4724833333333333,-0.11686666666666667,-0.15705,-0.0748,-1.00391000065265,4.999750012499375e-05,True,0.0020998950052497373
ablation,ablation,opaque_dependency_l6,training,runtime_seconds,full_aassr,prophecy_no_imagination,30,0.006656164208364498,0.0012584974617260742,0.0053976667466384244,0.005298118416552703,0.005497520754834598,19.105887277640658,4.999750012499375e-05,True,0.0020998950052497373
ablation,ablation,opaque_dependency_l6,training,real_transitions,full_aassr,prophecy_no_imagination,30,6.0,6.0,0.0,0.0,0.0,0.0,1.0,True,1.0
ablation,ablation,opaque_dependency_l6,training,imagined_transitions,full_aassr,prophecy_no_imagination,30,186.4534,0.0,186.4534,185.97901666666667,186.91771666666668,137.57091182476503,4.999750012499375e-05,True,0.0020998950052497373
ablation,ablation,opaque_dependency_l6,training,action_proposals,full_aassr,prophecy_no_imagination,30,6.0,6.0,0.0,0.0,0.0,0.0,1.0,True,1.0
ablation,ablation,opaque_dependency_l6,training,repeat_rate,full_aassr,prophecy_no_imagination,30,0.0,0.0,0.0,0.0,0.0,0.0,1.0,True,1.0
ablation,ablation,opaque_dependency_l6,training,error_rate,full_aassr,prophecy_no_imagination,30,0.0,0.0,0.0,0.0,0.0,0.0,1.0,True,1.0
ablation,ablation,opaque_dependency_l6,training,learning_auc,full_aassr,prophecy_no_imagination,30,0.35566116391529096,0.4725862931465733,-0.1169251292312823,-0.15668667667166916,-0.07705519426379856,-1.0044172924775605,4.999750012499375e-05,True,0.0029498525073746312
ablation,ablation,opaque_dependency_l6,training,final_tail_success,full_aassr,prophecy_no_imagination,30,0.534,0.753,-0.21899999999999997,-0.2793333333333334,-0.1565,-1.238222735286599,4.999750012499375e-05,True,0.0029498525073746312
ablation,ablation,opaque_dependency_l6,training,first_success_real_transitions,full_aassr,prophecy_no_imagination,30,332.6,416.2,-83.6,-252.2,40.6,-0.20427540223822233,0.37353132343382833,True,1.0
ablation,ablation,opaque_dependency_l6,training,success,axis_depth=2,axis_depth=1,30,0.33521666666666666,0.33521666666666666,0.0,0.0,0.0,0.0,1.0,True,1.0
ablation,ablation,opaque_dependency_l6,training,prediction_score,axis_depth=2,axis_depth=1,30,0.9899944444444444,0.9899944444444444,0.0,0.0,0.0,0.0,1.0,True,1.0
ablation,ablation,opaque_dependency_l6,training,holdout_gain,axis_depth=2,axis_depth=1,30,6.3778436010959445e-06,6.3778436010959445e-06,0.0,0.0,0.0,0.0,1.0,True,1.0
ablation,ablation,opaque_dependency_l6,training,learning_auc,axis_depth=2,axis_depth=1,30,0.33526763381690844,0.33526763381690844,0.0,0.0,0.0,0.0,1.0,True,1.0
ablation,ablation,opaque_dependency_l6,training,final_tail_success,axis_depth=2,axis_depth=1,30,0.4995,0.4995,0.0,0.0,0.0,0.0,1.0,True,1.0
ablation,ablation,opaque_dependency_l6,training,first_success_real_transitions,axis_depth=2,axis_depth=1,30,282.2,282.2,0.0,0.0,0.0,0.0,1.0,True,1.0
ablation,ablation,opaque_dependency_l6,training,success,axis_depth=4,axis_depth=1,30,0.33521666666666666,0.33521666666666666,0.0,0.0,0.0,0.0,1.0,True,1.0
ablation,ablation,opaque_dependency_l6,training,prediction_score,axis_depth=4,axis_depth=1,30,0.9899944444444444,0.9899944444444444,0.0,0.0,0.0,0.0,1.0,True,1.0
ablation,ablation,opaque_dependency_l6,training,holdout_gain,axis_depth=4,axis_depth=1,30,6.3778436010959445e-06,6.3778436010959445e-06,0.0,0.0,0.0,0.0,1.0,True,1.0
ablation,ablation,opaque_dependency_l6,training,learning_auc,axis_depth=4,axis_depth=1,30,0.33526763381690844,0.33526763381690844,0.0,0.0,0.0,0.0,1.0,True,1.0
ablation,ablation,opaque_dependency_l6,training,final_tail_success,axis_depth=4,axis_depth=1,30,0.4995,0.4995,0.0,0.0,0.0,0.0,1.0,True,1.0
ablation,ablation,opaque_dependency_l6,training,first_success_real_transitions,axis_depth=4,axis_depth=1,30,282.2,282.2,0.0,0.0,0.0,0.0,1.0,True,1.0
ablation,ablation,opaque_dependency_l6,training,success,axis_depth=6,axis_depth=1,30,0.33521666666666666,0.33521666666666666,0.0,0.0,0.0,0.0,1.0,True,1.0
ablation,ablation,opaque_dependency_l6,training,prediction_score,axis_depth=6,axis_depth=1,30,0.9899944444444444,0.9899944444444444,0.0,0.0,0.0,0.0,1.0,True,1.0
ablation,ablation,opaque_dependency_l6,training,holdout_gain,axis_depth=6,axis_depth=1,30,6.3778436010959445e-06,6.3778436010959445e-06,0.0,0.0,0.0,0.0,1.0,True,1.0
ablation,ablation,opaque_dependency_l6,training,learning_auc,axis_depth=6,axis_depth=1,30,0.33526763381690844,0.33526763381690844,0.0,0.0,0.0,0.0,1.0,True,1.0
ablation,ablation,opaque_dependency_l6,training,final_tail_success,axis_depth=6,axis_depth=1,30,0.4995,0.4995,0.0,0.0,0.0,0.0,1.0,True,1.0
ablation,ablation,opaque_dependency_l6,training,first_success_real_transitions,axis_depth=6,axis_depth=1,30,282.2,282.2,0.0,0.0,0.0,0.0,1.0,True,1.0
ablation,ablation,opaque_dependency_l6,training,success,axis_branch=2,axis_branch=1,30,0.33521666666666666,0.33521666666666666,0.0,0.0,0.0,0.0,1.0,True,1.0
ablation,ablation,opaque_dependency_l6,training,prediction_score,axis_branch=2,axis_branch=1,30,0.9899944444444445,0.9899944444444445,0.0,0.0,0.0,0.0,1.0,True,1.0
ablation,ablation,opaque_dependency_l6,training,holdout_gain,axis_branch=2,axis_branch=1,30,6.3778436010959445e-06,6.3778436010959445e-06,0.0,0.0,0.0,0.0,1.0,True,1.0
ablation,ablation,opaque_dependency_l6,training,learning_auc,axis_branch=2,axis_branch=1,30,0.33526763381690844,0.33526763381690844,0.0,0.0,0.0,0.0,1.0,True,1.0
ablation,ablation,opaque_dependency_l6,training,final_tail_success,axis_branch=2,axis_branch=1,30,0.4995,0.4995,0.0,0.0,0.0,0.0,1.0,True,1.0
ablation,ablation,opaque_dependency_l6,training,first_success_real_transitions,axis_branch=2,axis_branch=1,30,282.2,282.2,0.0,0.0,0.0,0.0,1.0,True,1.0
ablation,ablation,opaque_dependency_l6,training,success,axis_branch=4,axis_branch=1,30,0.33521666666666666,0.33521666666666666,0.0,0.0,0.0,0.0,1.0,True,1.0
ablation,ablation,opaque_dependency_l6,training,prediction_score,axis_branch=4,axis_branch=1,30,0.9899944444444445,0.9899944444444445,0.0,0.0,0.0,0.0,1.0,True,1.0
ablation,ablation,opaque_dependency_l6,training,holdout_gain,axis_branch=4,axis_branch=1,30,6.3778436010959445e-06,6.3778436010959445e-06,0.0,0.0,0.0,0.0,1.0,True,1.0
ablation,ablation,opaque_dependency_l6,training,learning_auc,axis_branch=4,axis_branch=1,30,0.33526763381690844,0.33526763381690844,0.0,0.0,0.0,0.0,1.0,True,1.0
ablation,ablation,opaque_dependency_l6,training,final_tail_success,axis_branch=4,axis_branch=1,30,0.4995,0.4995,0.0,0.0,0.0,0.0,1.0,True,1.0
ablation,ablation,opaque_dependency_l6,training,first_success_real_transitions,axis_branch=4,axis_branch=1,30,282.2,282.2,0.0,0.0,0.0,0.0,1.0,True,1.0
ablation,ablation,opaque_dependency_l6,training,success,axis_aggregation=mean,axis_aggregation=max,30,0.33521666666666666,0.33521666666666666,0.0,0.0,0.0,0.0,1.0,True,1.0
ablation,ablation,opaque_dependency_l6,training,prediction_score,axis_aggregation=mean,axis_aggregation=max,30,0.9899944444444445,0.9899944444444445,0.0,0.0,0.0,0.0,1.0,True,1.0
ablation,ablation,opaque_dependency_l6,training,holdout_gain,axis_aggregation=mean,axis_aggregation=max,30,6.3778436010959445e-06,6.3778436010959445e-06,0.0,0.0,0.0,0.0,1.0,True,1.0
ablation,ablation,opaque_dependency_l6,training,learning_auc,axis_aggregation=mean,axis_aggregation=max,30,0.33526763381690844,0.33526763381690844,0.0,0.0,0.0,0.0,1.0,True,1.0
ablation,ablation,opaque_dependency_l6,training,final_tail_success,axis_aggregation=mean,axis_aggregation=max,30,0.4995,0.4995,0.0,0.0,0.0,0.0,1.0,True,1.0
ablation,ablation,opaque_dependency_l6,training,first_success_real_transitions,axis_aggregation=mean,axis_aggregation=max,30,282.2,282.2,0.0,0.0,0.0,0.0,1.0,True,1.0
ablation,ablation,opaque_dependency_l6,training,success,axis_aggregation=risk-adjusted,axis_aggregation=max,30,0.33521666666666666,0.33521666666666666,0.0,0.0,0.0,0.0,1.0,True,1.0
ablation,ablation,opaque_dependency_l6,training,prediction_score,axis_aggregation=risk-adjusted,axis_aggregation=max,30,0.9899944444444445,0.9899944444444445,0.0,0.0,0.0,0.0,1.0,True,1.0
ablation,ablation,opaque_dependency_l6,training,holdout_gain,axis_aggregation=risk-adjusted,axis_aggregation=max,30,6.3778436010959445e-06,6.3778436010959445e-06,0.0,0.0,0.0,0.0,1.0,True,1.0
ablation,ablation,opaque_dependency_l6,training,learning_auc,axis_aggregation=risk-adjusted,axis_aggregation=max,30,0.33526763381690844,0.33526763381690844,0.0,0.0,0.0,0.0,1.0,True,1.0
ablation,ablation,opaque_dependency_l6,training,final_tail_success,axis_aggregation=risk-adjusted,axis_aggregation=max,30,0.4995,0.4995,0.0,0.0,0.0,0.0,1.0,True,1.0
ablation,ablation,opaque_dependency_l6,training,first_success_real_transitions,axis_aggregation=risk-adjusted,axis_aggregation=max,30,282.2,282.2,0.0,0.0,0.0,0.0,1.0,True,1.0
autonomy,autonomy,opaque_dependency_l4,evaluation_seen,success,full_aassr,contextual_policy,30,0.0,0.0,0.0,0.0,0.0,0.0,1.0,True,1.0
autonomy,autonomy,opaque_dependency_l4,evaluation_seen,steps,full_aassr,contextual_policy,30,4.0,4.0,0.0,0.0,0.0,0.0,1.0,True,1.0
autonomy,autonomy,opaque_dependency_l4,evaluation_seen,high_level_steps,full_aassr,contextual_policy,30,4.0,4.0,0.0,0.0,0.0,0.0,1.0,True,1.0
autonomy,autonomy,opaque_dependency_l4,evaluation_seen,primitive_steps,full_aassr,contextual_policy,30,4.0,4.0,0.0,0.0,0.0,0.0,1.0,True,1.0
autonomy,autonomy,opaque_dependency_l4,evaluation_seen,reward,full_aassr,contextual_policy,30,0.0,0.0,0.0,0.0,0.0,0.0,1.0,True,1.0
autonomy,autonomy,opaque_dependency_l4,evaluation_seen,errors,full_aassr,contextual_policy,30,0.0,0.0,0.0,0.0,0.0,0.0,1.0,True,1.0
autonomy,autonomy,opaque_dependency_l4,evaluation_seen,repeats,full_aassr,contextual_policy,30,0.0,0.0,0.0,0.0,0.0,0.0,1.0,True,1.0
autonomy,autonomy,opaque_dependency_l4,evaluation_seen,prediction_score,full_aassr,contextual_policy,30,0.0,0.0,0.0,0.0,0.0,0.0,1.0,True,1.0
autonomy,autonomy,opaque_dependency_l4,evaluation_seen,holdout_score,full_aassr,contextual_policy,30,1.0,0.0,1.0,0.9999999999999999,1.0,1.7751104772046158e+16,4.999750012499375e-05,True,0.00014999250037498125
autonomy,autonomy,opaque_dependency_l4,evaluation_seen,imagined_nodes,full_aassr,contextual_policy,30,0.0,0.0,0.0,0.0,0.0,0.0,1.0,True,1.0
autonomy,autonomy,opaque_dependency_l4,evaluation_seen,imagination_depth,full_aassr,contextual_policy,30,0.0,0.0,0.0,0.0,0.0,0.0,1.0,True,1.0
autonomy,autonomy,opaque_dependency_l4,evaluation_seen,actual_return,full_aassr,contextual_policy,30,0.0,0.0,0.0,0.0,0.0,0.0,1.0,True,1.0
autonomy,autonomy,opaque_dependency_l4,evaluation_seen,runtime_seconds,full_aassr,contextual_policy,30,0.0023708782000176143,0.001973741316459685,0.0003971368835579293,0.0002852316836748893,0.0004976970671462671,1.3361601053951884,4.999750012499375e-05,True,0.00024998750062496874
autonomy,autonomy,opaque_dependency_l4,evaluation_seen,real_transitions,full_aassr,contextual_policy,30,4.0,4.0,0.0,0.0,0.0,0.0,1.0,True,1.0
autonomy,autonomy,opaque_dependency_l4,evaluation_seen,imagined_transitions,full_aassr,contextual_policy,30,0.0,0.0,0.0,0.0,0.0,0.0,1.0,True,1.0
autonomy,autonomy,opaque_dependency_l4,evaluation_seen,action_proposals,full_aassr,contextual_policy,30,4.0,4.0,0.0,0.0,0.0,0.0,1.0,True,1.0
autonomy,autonomy,opaque_dependency_l4,evaluation_seen,repeat_rate,full_aassr,contextual_policy,30,0.0,0.0,0.0,0.0,0.0,0.0,1.0,True,1.0
autonomy,autonomy,opaque_dependency_l4,evaluation_seen,error_rate,full_aassr,contextual_policy,30,0.0,0.0,0.0,0.0,0.0,0.0,1.0,True,1.0
autonomy,autonomy,opaque_dependency_l4,evaluation_seen,success,full_aassr,dqn,30,0.0,0.1,-0.1,-0.15,-0.05,-0.7101745039685363,0.0008499575021248938,True,0.003399830008499575
autonomy,autonomy,opaque_dependency_l4,evaluation_seen,steps,full_aassr,dqn,30,4.0,4.0,0.0,0.0,0.0,0.0,1.0,True,1.0
autonomy,autonomy,opaque_dependency_l4,evaluation_seen,high_level_steps,full_aassr,dqn,30,4.0,4.0,0.0,0.0,0.0,0.0,1.0,True,1.0
autonomy,autonomy,opaque_dependency_l4,evaluation_seen,primitive_steps,full_aassr,dqn,30,4.0,4.0,0.0,0.0,0.0,0.0,1.0,True,1.0
autonomy,autonomy,opaque_dependency_l4,evaluation_seen,reward,full_aassr,dqn,30,0.0,0.1,-0.1,-0.15,-0.05,-0.7101745039685363,0.0009499525023748813,True,0.003799810009499525
autonomy,autonomy,opaque_dependency_l4,evaluation_seen,errors,full_aassr,dqn,30,0.0,0.0,0.0,0.0,0.0,0.0,1.0,True,1.0
autonomy,autonomy,opaque_dependency_l4,evaluation_seen,repeats,full_aassr,dqn,30,0.0,0.0,0.0,0.0,0.0,0.0,1.0,True,1.0
autonomy,autonomy,opaque_dependency_l4,evaluation_seen,imagined_nodes,full_aassr,dqn,30,0.0,0.0,0.0,0.0,0.0,0.0,1.0,True,1.0
autonomy,autonomy,opaque_dependency_l4,evaluation_seen,imagination_depth,full_aassr,dqn,30,0.0,0.0,0.0,0.0,0.0,0.0,1.0,True,1.0
autonomy,autonomy,opaque_dependency_l4,evaluation_seen,actual_return,full_aassr,dqn,30,0.0,0.1,-0.1,-0.15,-0.05,-0.7101745039685363,0.0009499525023748813,True,0.003799810009499525
autonomy,autonomy,opaque_dependency_l4,evaluation_seen,runtime_seconds,full_aassr,dqn,30,0.0023708782000176143,0.0014896909000672166,0.0008811872999503976,0.0007928280333289877,0.0009630520330926325,3.6399971089462513,4.999750012499375e-05,True,0.00024998750062496874
autonomy,autonomy,opaque_dependency_l4,evaluation_seen,real_transitions,full_aassr,dqn,30,4.0,4.0,0.0,0.0,0.0,0.0,1.0,True,1.0
autonomy,autonomy,opaque_dependency_l4,evaluation_seen,imagined_transitions,full_aassr,dqn,30,0.0,0.0,0.0,0.0,0.0,0.0,1.0,True,1.0
autonomy,autonomy,opaque_dependency_l4,evaluation_seen,action_proposals,full_aassr,dqn,30,4.0,4.0,0.0,0.0,0.0,0.0,1.0,True,1.0
autonomy,autonomy,opaque_dependency_l4,evaluation_seen,repeat_rate,full_aassr,dqn,30,0.0,0.0,0.0,0.0,0.0,0.0,1.0,True,1.0
autonomy,autonomy,opaque_dependency_l4,evaluation_seen,error_rate,full_aassr,dqn,30,0.0,0.0,0.0,0.0,0.0,0.0,1.0,True,1.0
autonomy,autonomy,opaque_dependency_l4,evaluation_seen,success,full_aassr,prophecy_no_imagination,30,0.0,0.0,0.0,0.0,0.0,0.0,1.0,True,1.0
autonomy,autonomy,opaque_dependency_l4,evaluation_seen,steps,full_aassr,prophecy_no_imagination,30,4.0,4.0,0.0,0.0,0.0,0.0,1.0,True,1.0
autonomy,autonomy,opaque_dependency_l4,evaluation_seen,high_level_steps,full_aassr,prophecy_no_imagination,30,4.0,4.0,0.0,0.0,0.0,0.0,1.0,True,1.0
autonomy,autonomy,opaque_dependency_l4,evaluation_seen,primitive_steps,full_aassr,prophecy_no_imagination,30,4.0,4.0,0.0,0.0,0.0,0.0,1.0,True,1.0
autonomy,autonomy,opaque_dependency_l4,evaluation_seen,reward,full_aassr,prophecy_no_imagination,30,0.0,0.0,0.0,0.0,0.0,0.0,1.0,True,1.0
autonomy,autonomy,opaque_dependency_l4,evaluation_seen,errors,full_aassr,prophecy_no_imagination,30,0.0,0.0,0.0,0.0,0.0,0.0,1.0,True,1.0
autonomy,autonomy,opaque_dependency_l4,evaluation_seen,repeats,full_aassr,prophecy_no_imagination,30,0.0,0.0,0.0,0.0,0.0,0.0,1.0,True,1.0
autonomy,autonomy,opaque_dependency_l4,evaluation_seen,prediction_score,full_aassr,prophecy_no_imagination,30,0.0,0.0,0.0,0.0,0.0,0.0,1.0,True,1.0
autonomy,autonomy,opaque_dependency_l4,evaluation_seen,holdout_score,full_aassr,prophecy_no_imagination,30,1.0,1.0,0.0,0.0,0.0,0.0,1.0,True,1.0
autonomy,autonomy,opaque_dependency_l4,evaluation_seen,imagined_nodes,full_aassr,prophecy_no_imagination,30,0.0,0.0,0.0,0.0,0.0,0.0,1.0,True,1.0
autonomy,autonomy,opaque_dependency_l4,evaluation_seen,imagination_depth,full_aassr,prophecy_no_imagination,30,0.0,0.0,0.0,0.0,0.0,0.0,1.0,True,1.0
autonomy,autonomy,opaque_dependency_l4,evaluation_seen,actual_return,full_aassr,prophecy_no_imagination,30,0.0,0.0,0.0,0.0,0.0,0.0,1.0,True,1.0
autonomy,autonomy,opaque_dependency_l4,evaluation_seen,runtime_seconds,full_aassr,prophecy_no_imagination,30,0.0023708782000176143,0.0022881053833795403,8.277281663807421e-05,-4.499566697631937e-06,0.0001745191836283387,0.3221815436879345,0.08624568771561422,True,0.08624568771561422
autonomy,autonomy,opaque_dependency_l4,evaluation_seen,real_transitions,full_aassr,prophecy_no_imagination,30,4.0,4.0,0.0,0.0,0.0,0.0,1.0,True,1.0
autonomy,autonomy,opaque_dependency_l4,evaluation_seen,imagined_transitions,full_aassr,prophecy_no_imagination,30,0.0,0.0,0.0,0.0,0.0,0.0,1.0,True,1.0
autonomy,autonomy,opaque_dependency_l4,evaluation_seen,action_proposals,full_aassr,prophecy_no_imagination,30,4.0,4.0,0.0,0.0,0.0,0.0,1.0,True,1.0
autonomy,autonomy,opaque_dependency_l4,evaluation_seen,repeat_rate,full_aassr,prophecy_no_imagination,30,0.0,0.0,0.0,0.0,0.0,0.0,1.0,True,1.0
autonomy,autonomy,opaque_dependency_l4,evaluation_seen,error_rate,full_aassr,prophecy_no_imagination,30,0.0,0.0,0.0,0.0,0.0,0.0,1.0,True,1.0
autonomy,autonomy,opaque_dependency_l4,evaluation_seen,success,full_aassr,q_learning,30,0.0,0.0,0.0,0.0,0.0,0.0,1.0,True,1.0
autonomy,autonomy,opaque_dependency_l4,evaluation_seen,steps,full_aassr,q_learning,30,4.0,4.0,0.0,0.0,0.0,0.0,1.0,True,1.0
autonomy,autonomy,opaque_dependency_l4,evaluation_seen,high_level_steps,full_aassr,q_learning,30,4.0,4.0,0.0,0.0,0.0,0.0,1.0,True,1.0
autonomy,autonomy,opaque_dependency_l4,evaluation_seen,primitive_steps,full_aassr,q_learning,30,4.0,4.0,0.0,0.0,0.0,0.0,1.0,True,1.0
autonomy,autonomy,opaque_dependency_l4,evaluation_seen,reward,full_aassr,q_learning,30,0.0,0.0,0.0,0.0,0.0,0.0,1.0,True,1.0
autonomy,autonomy,opaque_dependency_l4,evaluation_seen,errors,full_aassr,q_learning,30,0.0,0.0,0.0,0.0,0.0,0.0,1.0,True,1.0
autonomy,autonomy,opaque_dependency_l4,evaluation_seen,repeats,full_aassr,q_learning,30,0.0,0.0,0.0,0.0,0.0,0.0,1.0,True,1.0
autonomy,autonomy,opaque_dependency_l4,evaluation_seen,imagined_nodes,full_aassr,q_learning,30,0.0,0.0,0.0,0.0,0.0,0.0,1.0,True,1.0
autonomy,autonomy,opaque_dependency_l4,evaluation_seen,imagination_depth,full_aassr,q_learning,30,0.0,0.0,0.0,0.0,0.0,0.0,1.0,True,1.0
autonomy,autonomy,opaque_dependency_l4,evaluation_seen,actual_return,full_aassr,q_learning,30,0.0,0.0,0.0,0.0,0.0,0.0,1.0,True,1.0
autonomy,autonomy,opaque_dependency_l4,evaluation_seen,runtime_seconds,full_aassr,q_learning,30,0.0023708782000176143,0.00010808611688844393,0.0022627920831291702,0.002187947933096438,0.0023306695335534944,11.320886091011667,4.999750012499375e-05,True,0.00024998750062496874
autonomy,autonomy,opaque_dependency_l4,evaluation_seen,real_transitions,full_aassr,q_learning,30,4.0,4.0,0.0,0.0,0.0,0.0,1.0,True,1.0
autonomy,autonomy,opaque_dependency_l4,evaluation_seen,imagined_transitions,full_aassr,q_learning,30,0.0,0.0,0.0,0.0,0.0,0.0,1.0,True,1.0
autonomy,autonomy,opaque_dependency_l4,evaluation_seen,action_proposals,full_aassr,q_learning,30,4.0,4.0,0.0,0.0,0.0,0.0,1.0,True,1.0
autonomy,autonomy,opaque_dependency_l4,evaluation_seen,repeat_rate,full_aassr,q_learning,30,0.0,0.0,0.0,0.0,0.0,0.0,1.0,True,1.0
autonomy,autonomy,opaque_dependency_l4,evaluation_seen,error_rate,full_aassr,q_learning,30,0.0,0.0,0.0,0.0,0.0,0.0,1.0,True,1.0
autonomy,autonomy,opaque_dependency_l4,evaluation_seen,success,full_aassr,random,30,0.0,0.06716666666666667,-0.06716666666666667,-0.07483333333333334,-0.06016666666666667,-3.230762714183108,4.999750012499375e-05,True,0.00024998750062496874
autonomy,autonomy,opaque_dependency_l4,evaluation_seen,steps,full_aassr,random,30,4.0,4.0,0.0,0.0,0.0,0.0,1.0,True,1.0
autonomy,autonomy,opaque_dependency_l4,evaluation_seen,high_level_steps,full_aassr,random,30,4.0,4.0,0.0,0.0,0.0,0.0,1.0,True,1.0
autonomy,autonomy,opaque_dependency_l4,evaluation_seen,primitive_steps,full_aassr,random,30,4.0,4.0,0.0,0.0,0.0,0.0,1.0,True,1.0
autonomy,autonomy,opaque_dependency_l4,evaluation_seen,reward,full_aassr,random,30,0.0,0.06716666666666667,-0.06716666666666667,-0.07466666666666667,-0.060333333333333336,-3.230762714183108,4.999750012499375e-05,True,0.00024998750062496874
autonomy,autonomy,opaque_dependency_l4,evaluation_seen,errors,full_aassr,random,30,0.0,0.0,0.0,0.0,0.0,0.0,1.0,True,1.0
autonomy,autonomy,opaque_dependency_l4,evaluation_seen,repeats,full_aassr,random,30,0.0,0.0,0.0,0.0,0.0,0.0,1.0,True,1.0
autonomy,autonomy,opaque_dependency_l4,evaluation_seen,prediction_score,full_aassr,random,30,0.0,0.0,0.0,0.0,0.0,0.0,1.0,True,1.0
autonomy,autonomy,opaque_dependency_l4,evaluation_seen,holdout_score,full_aassr,random,30,1.0,0.0,1.0,0.9999999999999999,1.0,1.7751104772046158e+16,4.999750012499375e-05,True,0.00014999250037498125
autonomy,autonomy,opaque_dependency_l4,evaluation_seen,imagined_nodes,full_aassr,random,30,0.0,0.0,0.0,0.0,0.0,0.0,1.0,True,1.0
autonomy,autonomy,opaque_dependency_l4,evaluation_seen,imagination_depth,full_aassr,random,30,0.0,0.0,0.0,0.0,0.0,0.0,1.0,True,1.0
autonomy,autonomy,opaque_dependency_l4,evaluation_seen,actual_return,full_aassr,random,30,0.0,0.06716666666666667,-0.06716666666666667,-0.07466666666666667,-0.060000000000000005,-3.230762714183108,4.999750012499375e-05,True,0.00024998750062496874
autonomy,autonomy,opaque_dependency_l4,evaluation_seen,runtime_seconds,full_aassr,random,30,0.0023708782000176143,0.0019715604333614464,0.0003993177666561678,0.00030234845016093454,0.0004945403331027288,1.4680178867344593,4.999750012499375e-05,True,0.00024998750062496874
autonomy,autonomy,opaque_dependency_l4,evaluation_seen,real_transitions,full_aassr,random,30,4.0,4.0,0.0,0.0,0.0,0.0,1.0,True,1.0
autonomy,autonomy,opaque_dependency_l4,evaluation_seen,imagined_transitions,full_aassr,random,30,0.0,0.0,0.0,0.0,0.0,0.0,1.0,True,1.0
autonomy,autonomy,opaque_dependency_l4,evaluation_seen,action_proposals,full_aassr,random,30,4.0,4.0,0.0,0.0,0.0,0.0,1.0,True,1.0
autonomy,autonomy,opaque_dependency_l4,evaluation_seen,repeat_rate,full_aassr,random,30,0.0,0.0,0.0,0.0,0.0,0.0,1.0,True,1.0
autonomy,autonomy,opaque_dependency_l4,evaluation_seen,error_rate,full_aassr,random,30,0.0,0.0,0.0,0.0,0.0,0.0,1.0,True,1.0
autonomy,autonomy,opaque_dependency_l4,evaluation_unseen_zero_shot,success,full_aassr,contextual_policy,30,0.0,0.0,0.0,0.0,0.0,0.0,1.0,True,1.0
autonomy,autonomy,opaque_dependency_l4,evaluation_unseen_zero_shot,steps,full_aassr,contextual_policy,30,4.0,4.0,0.0,0.0,0.0,0.0,1.0,True,1.0
autonomy,autonomy,opaque_dependency_l4,evaluation_unseen_zero_shot,high_level_steps,full_aassr,contextual_policy,30,4.0,4.0,0.0,0.0,0.0,0.0,1.0,True,1.0
autonomy,autonomy,opaque_dependency_l4,evaluation_unseen_zero_shot,primitive_steps,full_aassr,contextual_policy,30,4.0,4.0,0.0,0.0,0.0,0.0,1.0,True,1.0
autonomy,autonomy,opaque_dependency_l4,evaluation_unseen_zero_shot,reward,full_aassr,contextual_policy,30,0.0,0.0,0.0,0.0,0.0,0.0,1.0,True,1.0
autonomy,autonomy,opaque_dependency_l4,evaluation_unseen_zero_shot,errors,full_aassr,contextual_policy,30,0.0,0.0,0.0,0.0,0.0,0.0,1.0,True,1.0
autonomy,autonomy,opaque_dependency_l4,evaluation_unseen_zero_shot,repeats,full_aassr,contextual_policy,30,0.0,0.0,0.0,0.0,0.0,0.0,1.0,True,1.0
autonomy,autonomy,opaque_dependency_l4,evaluation_unseen_zero_shot,prediction_score,full_aassr,contextual_policy,30,0.0,0.0,0.0,0.0,0.0,0.0,1.0,True,1.0
autonomy,autonomy,opaque_dependency_l4,evaluation_unseen_zero_shot,holdout_score,full_aassr,contextual_policy,30,1.0,0.0,1.0,0.9999999999999999,1.0,1.7751104772046158e+16,4.999750012499375e-05,True,0.00014999250037498125
autonomy,autonomy,opaque_dependency_l4,evaluation_unseen_zero_shot,imagined_nodes,full_aassr,contextual_policy,30,0.0,0.0,0.0,0.0,0.0,0.0,1.0,True,1.0
autonomy,autonomy,opaque_dependency_l4,evaluation_unseen_zero_shot,imagination_depth,full_aassr,contextual_policy,30,0.0,0.0,0.0,0.0,0.0,0.0,1.0,True,1.0
autonomy,autonomy,opaque_dependency_l4,evaluation_unseen_zero_shot,actual_return,full_aassr,contextual_policy,30,0.0,0.0,0.0,0.0,0.0,0.0,1.0,True,1.0
autonomy,autonomy,opaque_dependency_l4,evaluation_unseen_zero_shot,runtime_seconds,full_aassr,contextual_policy,30,0.0022838783166953367,0.0019656730832454438,0.0003182052334498925,0.00018755245003073166,0.00044959978343104016,0.8370141144521371,4.999750012499375e-05,True,0.00024998750062496874
autonomy,autonomy,opaque_dependency_l4,evaluation_unseen_zero_shot,real_transitions,full_aassr,contextual_policy,30,4.0,4.0,0.0,0.0,0.0,0.0,1.0,True,1.0
autonomy,autonomy,opaque_dependency_l4,evaluation_unseen_zero_shot,imagined_transitions,full_aassr,contextual_policy,30,0.0,0.0,0.0,0.0,0.0,0.0,1.0,True,1.0
autonomy,autonomy,opaque_dependency_l4,evaluation_unseen_zero_shot,action_proposals,full_aassr,contextual_policy,30,4.0,4.0,0.0,0.0,0.0,0.0,1.0,True,1.0
autonomy,autonomy,opaque_dependency_l4,evaluation_unseen_zero_shot,repeat_rate,full_aassr,contextual_policy,30,0.0,0.0,0.0,0.0,0.0,0.0,1.0,True,1.0
autonomy,autonomy,opaque_dependency_l4,evaluation_unseen_zero_shot,error_rate,full_aassr,contextual_policy,30,0.0,0.0,0.0,0.0,0.0,0.0,1.0,True,1.0
autonomy,autonomy,opaque_dependency_l4,evaluation_unseen_zero_shot,success,full_aassr,dqn,30,0.0,0.03333333333333333,-0.03333333333333333,-0.058333333333333334,-0.0125,-0.5120028248509644,0.014899255037248137,True,0.05959702014899255
autonomy,autonomy,opaque_dependency_l4,evaluation_unseen_zero_shot,steps,full_aassr,dqn,30,4.0,4.0,0.0,0.0,0.0,0.0,1.0,True,1.0
autonomy,autonomy,opaque_dependency_l4,evaluation_unseen_zero_shot,high_level_steps,full_aassr,dqn,30,4.0,4.0,0.0,0.0,0.0,0.0,1.0,True,1.0
autonomy,autonomy,opaque_dependency_l4,evaluation_unseen_zero_shot,primitive_steps,full_aassr,dqn,30,4.0,4.0,0.0,0.0,0.0,0.0,1.0,True,1.0
autonomy,autonomy,opaque_dependency_l4,evaluation_unseen_zero_shot,reward,full_aassr,dqn,30,0.0,0.03333333333333333,-0.03333333333333333,-0.058333333333333334,-0.0125,-0.5120028248509644,0.016049197540122993,True,0.06419679016049197
autonomy,autonomy,opaque_dependency_l4,evaluation_unseen_zero_shot,errors,full_aassr,dqn,30,0.0,0.0,0.0,0.0,0.0,0.0,1.0,True,1.0
autonomy,autonomy,opaque_dependency_l4,evaluation_unseen_zero_shot,repeats,full_aassr,dqn,30,0.0,0.0,0.0,0.0,0.0,0.0,1.0,True,1.0
autonomy,autonomy,opaque_dependency_l4,evaluation_unseen_zero_shot,imagined_nodes,full_aassr,dqn,30,0.0,0.0,0.0,0.0,0.0,0.0,1.0,True,1.0
autonomy,autonomy,opaque_dependency_l4,evaluation_unseen_zero_shot,imagination_depth,full_aassr,dqn,30,0.0,0.0,0.0,0.0,0.0,0.0,1.0,True,1.0
autonomy,autonomy,opaque_dependency_l4,evaluation_unseen_zero_shot,actual_return,full_aassr,dqn,30,0.0,0.03333333333333333,-0.03333333333333333,-0.058333333333333334,-0.0125,-0.5120028248509644,0.01559922003899805,True,0.0623968801559922
autonomy,autonomy,opaque_dependency_l4,evaluation_unseen_zero_shot,runtime_seconds,full_aassr,dqn,30,0.0022838783166953367,0.001519388250177144,0.0007644900665181922,0.0006605145162078165,0.0008673401836519285,2.60709942937656,4.999750012499375e-05,True,0.00024998750062496874
autonomy,autonomy,opaque_dependency_l4,evaluation_unseen_zero_shot,real_transitions,full_aassr,dqn,30,4.0,4.0,0.0,0.0,0.0,0.0,1.0,True,1.0
autonomy,autonomy,opaque_dependency_l4,evaluation_unseen_zero_shot,imagined_transitions,full_aassr,dqn,30,0.0,0.0,0.0,0.0,0.0,0.0,1.0,True,1.0
autonomy,autonomy,opaque_dependency_l4,evaluation_unseen_zero_shot,action_proposals,full_aassr,dqn,30,4.0,4.0,0.0,0.0,0.0,0.0,1.0,True,1.0
autonomy,autonomy,opaque_dependency_l4,evaluation_unseen_zero_shot,repeat_rate,full_aassr,dqn,30,0.0,0.0,0.0,0.0,0.0,0.0,1.0,True,1.0
autonomy,autonomy,opaque_dependency_l4,evaluation_unseen_zero_shot,error_rate,full_aassr,dqn,30,0.0,0.0,0.0,0.0,0.0,0.0,1.0,True,1.0
autonomy,autonomy,opaque_dependency_l4,evaluation_unseen_zero_shot,success,full_aassr,prophecy_no_imagination,30,0.0,0.0,0.0,0.0,0.0,0.0,1.0,True,1.0
autonomy,autonomy,opaque_dependency_l4,evaluation_unseen_zero_shot,steps,full_aassr,prophecy_no_imagination,30,4.0,4.0,0.0,0.0,0.0,0.0,1.0,True,1.0
autonomy,autonomy,opaque_dependency_l4,evaluation_unseen_zero_shot,high_level_steps,full_aassr,prophecy_no_imagination,30,4.0,4.0,0.0,0.0,0.0,0.0,1.0,True,1.0
autonomy,autonomy,opaque_dependency_l4,evaluation_unseen_zero_shot,primitive_steps,full_aassr,prophecy_no_imagination,30,4.0,4.0,0.0,0.0,0.0,0.0,1.0,True,1.0
autonomy,autonomy,opaque_dependency_l4,evaluation_unseen_zero_shot,reward,full_aassr,prophecy_no_imagination,30,0.0,0.0,0.0,0.0,0.0,0.0,1.0,True,1.0
autonomy,autonomy,opaque_dependency_l4,evaluation_unseen_zero_shot,errors,full_aassr,prophecy_no_imagination,30,0.0,0.0,0.0,0.0,0.0,0.0,1.0,True,1.0
autonomy,autonomy,opaque_dependency_l4,evaluation_unseen_zero_shot,repeats,full_aassr,prophecy_no_imagination,30,0.0,0.0,0.0,0.0,0.0,0.0,1.0,True,1.0
autonomy,autonomy,opaque_dependency_l4,evaluation_unseen_zero_shot,prediction_score,full_aassr,prophecy_no_imagination,30,0.0,0.0,0.0,0.0,0.0,0.0,1.0,True,1.0
autonomy,autonomy,opaque_dependency_l4,evaluation_unseen_zero_shot,holdout_score,full_aassr,prophecy_no_imagination,30,1.0,1.0,0.0,0.0,0.0,0.0,1.0,True,1.0
autonomy,autonomy,opaque_dependency_l4,evaluation_unseen_zero_shot,imagined_nodes,full_aassr,prophecy_no_imagination,30,0.0,0.0,0.0,0.0,0.0,0.0,1.0,True,1.0
autonomy,autonomy,opaque_dependency_l4,evaluation_unseen_zero_shot,imagination_depth,full_aassr,prophecy_no_imagination,30,0.0,0.0,0.0,0.0,0.0,0.0,1.0,True,1.0
autonomy,autonomy,opaque_dependency_l4,evaluation_unseen_zero_shot,actual_return,full_aassr,prophecy_no_imagination,30,0.0,0.0,0.0,0.0,0.0,0.0,1.0,True,1.0
autonomy,autonomy,opaque_dependency_l4,evaluation_unseen_zero_shot,runtime_seconds,full_aassr,prophecy_no_imagination,30,0.0022838783166953367,0.0022789164832696164,4.961833425719929e-06,-8.29735331838795e-05,8.984116624924362e-05,0.02057733069831537,0.9115544222788861,True,0.9115544222788861
autonomy,autonomy,opaque_dependency_l4,evaluation_unseen_zero_shot,real_transitions,full_aassr,prophecy_no_imagination,30,4.0,4.0,0.0,0.0,0.0,0.0,1.0,True,1.0
autonomy,autonomy,opaque_dependency_l4,evaluation_unseen_zero_shot,imagined_transitions,full_aassr,prophecy_no_imagination,30,0.0,0.0,0.0,0.0,0.0,0.0,1.0,True,1.0
autonomy,autonomy,opaque_dependency_l4,evaluation_unseen_zero_shot,action_proposals,full_aassr,prophecy_no_imagination,30,4.0,4.0,0.0,0.0,0.0,0.0,1.0,True,1.0
autonomy,autonomy,opaque_dependency_l4,evaluation_unseen_zero_shot,repeat_rate,full_aassr,prophecy_no_imagination,30,0.0,0.0,0.0,0.0,0.0,0.0,1.0,True,1.0
autonomy,autonomy,opaque_dependency_l4,evaluation_unseen_zero_shot,error_rate,full_aassr,prophecy_no_imagination,30,0.0,0.0,0.0,0.0,0.0,0.0,1.0,True,1.0
autonomy,autonomy,opaque_dependency_l4,evaluation_unseen_zero_shot,success,full_aassr,q_learning,30,0.0,0.0,0.0,0.0,0.0,0.0,1.0,True,1.0
autonomy,autonomy,opaque_dependency_l4,evaluation_unseen_zero_shot,steps,full_aassr,q_learning,30,4.0,4.0,0.0,0.0,0.0,0.0,1.0,True,1.0
autonomy,autonomy,opaque_dependency_l4,evaluation_unseen_zero_shot,high_level_steps,full_aassr,q_learning,30,4.0,4.0,0.0,0.0,0.0,0.0,1.0,True,1.0
autonomy,autonomy,opaque_dependency_l4,evaluation_unseen_zero_shot,primitive_steps,full_aassr,q_learning,30,4.0,4.0,0.0,0.0,0.0,0.0,1.0,True,1.0
autonomy,autonomy,opaque_dependency_l4,evaluation_unseen_zero_shot,reward,full_aassr,q_learning,30,0.0,0.0,0.0,0.0,0.0,0.0,1.0,True,1.0
autonomy,autonomy,opaque_dependency_l4,evaluation_unseen_zero_shot,errors,full_aassr,q_learning,30,0.0,0.0,0.0,0.0,0.0,0.0,1.0,True,1.0
autonomy,autonomy,opaque_dependency_l4,evaluation_unseen_zero_shot,repeats,full_aassr,q_learning,30,0.0,0.0,0.0,0.0,0.0,0.0,1.0,True,1.0
autonomy,autonomy,opaque_dependency_l4,evaluation_unseen_zero_shot,imagined_nodes,full_aassr,q_learning,30,0.0,0.0,0.0,0.0,0.0,0.0,1.0,True,1.0
autonomy,autonomy,opaque_dependency_l4,evaluation_unseen_zero_shot,imagination_depth,full_aassr,q_learning,30,0.0,0.0,0.0,0.0,0.0,0.0,1.0,True,1.0
autonomy,autonomy,opaque_dependency_l4,evaluation_unseen_zero_shot,actual_return,full_aassr,q_learning,30,0.0,0.0,0.0,0.0,0.0,0.0,1.0,True,1.0
autonomy,autonomy,opaque_dependency_l4,evaluation_unseen_zero_shot,runtime_seconds,full_aassr,q_learning,30,0.0022838783166953367,0.00010852751672791783,0.0021753507999674186,0.0020776436338492206,0.00226851984965712,8.11864733501407,4.999750012499375e-05,True,0.00024998750062496874
autonomy,autonomy,opaque_dependency_l4,evaluation_unseen_zero_shot,real_transitions,full_aassr,q_learning,30,4.0,4.0,0.0,0.0,0.0,0.0,1.0,True,1.0
autonomy,autonomy,opaque_dependency_l4,evaluation_unseen_zero_shot,imagined_transitions,full_aassr,q_learning,30,0.0,0.0,0.0,0.0,0.0,0.0,1.0,True,1.0
autonomy,autonomy,opaque_dependency_l4,evaluation_unseen_zero_shot,action_proposals,full_aassr,q_learning,30,4.0,4.0,0.0,0.0,0.0,0.0,1.0,True,1.0
autonomy,autonomy,opaque_dependency_l4,evaluation_unseen_zero_shot,repeat_rate,full_aassr,q_learning,30,0.0,0.0,0.0,0.0,0.0,0.0,1.0,True,1.0
autonomy,autonomy,opaque_dependency_l4,evaluation_unseen_zero_shot,error_rate,full_aassr,q_learning,30,0.0,0.0,0.0,0.0,0.0,0.0,1.0,True,1.0
autonomy,autonomy,opaque_dependency_l4,evaluation_unseen_zero_shot,success,full_aassr,random,30,0.0,0.06016666666666667,-0.06016666666666667,-0.06566666666666666,-0.0545,-3.760374457240564,4.999750012499375e-05,True,0.00024998750062496874
autonomy,autonomy,opaque_dependency_l4,evaluation_unseen_zero_shot,steps,full_aassr,random,30,4.0,4.0,0.0,0.0,0.0,0.0,1.0,True,1.0
autonomy,autonomy,opaque_dependency_l4,evaluation_unseen_zero_shot,high_level_steps,full_aassr,random,30,4.0,4.0,0.0,0.0,0.0,0.0,1.0,True,1.0
autonomy,autonomy,opaque_dependency_l4,evaluation_unseen_zero_shot,primitive_steps,full_aassr,random,30,4.0,4.0,0.0,0.0,0.0,0.0,1.0,True,1.0
autonomy,autonomy,opaque_dependency_l4,evaluation_unseen_zero_shot,reward,full_aassr,random,30,0.0,0.06016666666666667,-0.06016666666666667,-0.06566666666666666,-0.0545,-3.760374457240564,4.999750012499375e-05,True,0.00024998750062496874
autonomy,autonomy,opaque_dependency_l4,evaluation_unseen_zero_shot,errors,full_aassr,random,30,0.0,0.0,0.0,0.0,0.0,0.0,1.0,True,1.0
autonomy,autonomy,opaque_dependency_l4,evaluation_unseen_zero_shot,repeats,full_aassr,random,30,0.0,0.0,0.0,0.0,0.0,0.0,1.0,True,1.0
autonomy,autonomy,opaque_dependency_l4,evaluation_unseen_zero_shot,prediction_score,full_aassr,random,30,0.0,0.0,0.0,0.0,0.0,0.0,1.0,True,1.0
autonomy,autonomy,opaque_dependency_l4,evaluation_unseen_zero_shot,holdout_score,full_aassr,random,30,1.0,0.0,1.0,0.9999999999999999,1.0,1.7751104772046158e+16,4.999750012499375e-05,True,0.00014999250037498125
autonomy,autonomy,opaque_dependency_l4,evaluation_unseen_zero_shot,imagined_nodes,full_aassr,random,30,0.0,0.0,0.0,0.0,0.0,0.0,1.0,True,1.0
autonomy,autonomy,opaque_dependency_l4,evaluation_unseen_zero_shot,imagination_depth,full_aassr,random,30,0.0,0.0,0.0,0.0,0.0,0.0,1.0,True,1.0
autonomy,autonomy,opaque_dependency_l4,evaluation_unseen_zero_shot,actual_return,full_aassr,random,30,0.0,0.06016666666666667,-0.06016666666666667,-0.06583333333333334,-0.05466666666666667,-3.760374457240564,4.999750012499375e-05,True,0.00024998750062496874
autonomy,autonomy,opaque_dependency_l4,evaluation_unseen_zero_shot,runtime_seconds,full_aassr,random,30,0.0022838783166953367,0.0020371471665712308,0.00024673115012410567,0.0001433236666149849,0.0003499711836338975,0.8194700093223845,0.000199990000499975,True,0.00039998000099995
autonomy,autonomy,opaque_dependency_l4,evaluation_unseen_zero_shot,real_transitions,full_aassr,random,30,4.0,4.0,0.0,0.0,0.0,0.0,1.0,True,1.0
autonomy,autonomy,opaque_dependency_l4,evaluation_unseen_zero_shot,imagined_transitions,full_aassr,random,30,0.0,0.0,0.0,0.0,0.0,0.0,1.0,True,1.0
autonomy,autonomy,opaque_dependency_l4,evaluation_unseen_zero_shot,action_proposals,full_aassr,random,30,4.0,4.0,0.0,0.0,0.0,0.0,1.0,True,1.0
autonomy,autonomy,opaque_dependency_l4,evaluation_unseen_zero_shot,repeat_rate,full_aassr,random,30,0.0,0.0,0.0,0.0,0.0,0.0,1.0,True,1.0
autonomy,autonomy,opaque_dependency_l4,evaluation_unseen_zero_shot,error_rate,full_aassr,random,30,0.0,0.0,0.0,0.0,0.0,0.0,1.0,True,1.0
autonomy,autonomy,opaque_dependency_l4,training,success,full_aassr,contextual_policy,30,0.6149166666666667,0.6542666666666667,-0.039349999999999996,-0.0571,-0.023066666666666655,-0.8273259991098784,4.999750012499375e-05,True,0.00024998750062496874
autonomy,autonomy,opaque_dependency_l4,training,steps,full_aassr,contextual_policy,30,4.0,4.0,0.0,0.0,0.0,0.0,1.0,True,1.0
autonomy,autonomy,opaque_dependency_l4,training,high_level_steps,full_aassr,contextual_policy,30,4.0,4.0,0.0,0.0,0.0,0.0,1.0,True,1.0
autonomy,autonomy,opaque_dependency_l4,training,primitive_steps,full_aassr,contextual_policy,30,4.0,4.0,0.0,0.0,0.0,0.0,1.0,True,1.0
autonomy,autonomy,opaque_dependency_l4,training,reward,full_aassr,contextual_policy,30,0.6149166666666667,0.6542666666666667,-0.039349999999999996,-0.056416666666666664,-0.02283333333333332,-0.8273259991098784,0.00024998750062496874,True,0.00024998750062496874
autonomy,autonomy,opaque_dependency_l4,training,errors,full_aassr,contextual_policy,30,0.0,0.0,0.0,0.0,0.0,0.0,1.0,True,1.0
autonomy,autonomy,opaque_dependency_l4,training,repeats,full_aassr,contextual_policy,30,0.0,0.0,0.0,0.0,0.0,0.0,1.0,True,1.0
autonomy,autonomy,opaque_dependency_l4,training,prediction_score,full_aassr,contextual_policy,30,0.9899708333333332,0.0,0.9899708333333332,0.9898166666666667,0.9901375,2150.3671040294453,4.999750012499375e-05,True,0.00024998750062496874
autonomy,autonomy,opaque_dependency_l4,training,holdout_score,full_aassr,contextual_policy,30,0.12354244748486681,0.0,0.12354244748486681,0.12345445173451937,0.12362480761947366,507.9425708640353,4.999750012499375e-05,True,0.00024998750062496874
autonomy,autonomy,opaque_dependency_l4,training,holdout_gain,full_aassr,contextual_policy,30,1.4041534820127272e-05,0.0,1.4041534820127272e-05,1.1105633395028646e-05,1.7170510926697936e-05,1.625732056089044,4.999750012499375e-05,True,0.00024998750062496874
autonomy,autonomy,opaque_dependency_l4,training,imagined_nodes,full_aassr,contextual_policy,30,42.552083333333336,0.0,42.552083333333336,42.4524,42.653483333333334,152.5879922975718,4.999750012499375e-05,True,0.00024998750062496874
autonomy,autonomy,opaque_dependency_l4,training,imagination_depth,full_aassr,contextual_policy,30,3.5152,0.0,3.5152,3.509066666666667,3.5212333333333334,206.17708875778186,4.999750012499375e-05,True,0.00024998750062496874
autonomy,autonomy,opaque_dependency_l4,training,actual_return,full_aassr,contextual_policy,30,0.6149166666666667,0.6542666666666667,-0.039349999999999996,-0.056549999999999996,-0.022666666666666665,-0.8273259991098784,9.99950002499875e-05,True,0.00024998750062496874
autonomy,autonomy,opaque_dependency_l4,training,runtime_seconds,full_aassr,contextual_policy,30,0.0021046374149688444,0.00027079407000370946,0.0018338433449651347,0.0017991022950436066,0.0018690296300754804,18.47024480613927,4.999750012499375e-05,True,0.00024998750062496874
autonomy,autonomy,opaque_dependency_l4,training,real_transitions,full_aassr,contextual_policy,30,4.0,4.0,0.0,0.0,0.0,0.0,1.0,True,1.0
autonomy,autonomy,opaque_dependency_l4,training,imagined_transitions,full_aassr,contextual_policy,30,42.552083333333336,0.0,42.552083333333336,42.45328333333334,42.65136666666667,152.5879922975718,4.999750012499375e-05,True,0.00024998750062496874
autonomy,autonomy,opaque_dependency_l4,training,action_proposals,full_aassr,contextual_policy,30,4.0,4.0,0.0,0.0,0.0,0.0,1.0,True,1.0
autonomy,autonomy,opaque_dependency_l4,training,repeat_rate,full_aassr,contextual_policy,30,0.0,0.0,0.0,0.0,0.0,0.0,1.0,True,1.0
autonomy,autonomy,opaque_dependency_l4,training,error_rate,full_aassr,contextual_policy,30,0.0,0.0,0.0,0.0,0.0,0.0,1.0,True,1.0
autonomy,autonomy,opaque_dependency_l4,training,learning_auc,full_aassr,contextual_policy,30,0.615007503751876,0.6543688510922128,-0.03936134734033684,-0.05638652659663167,-0.02315324328831083,-0.8272848782953109,0.00014999250037498125,True,0.00024998750062496874
autonomy,autonomy,opaque_dependency_l4,training,final_tail_success,full_aassr,contextual_policy,30,0.8510000000000001,0.9113333333333333,-0.060333333333333336,-0.08516666666666668,-0.03683333333333334,-0.8635877950031907,0.00014999250037498125,True,0.0002999850007499625
autonomy,autonomy,opaque_dependency_l4,training,first_success_real_transitions,full_aassr,contextual_policy,30,68.26666666666667,76.0,-7.733333333333333,-18.8,-0.13333333333333333,-0.27767301177260456,0.12759362031898405,True,0.4845757712114394
autonomy,autonomy,opaque_dependency_l4,training,success,full_aassr,dqn,30,0.6149166666666667,0.16031666666666666,0.4546,0.42528333333333335,0.48380000000000006,5.367228711508486,4.999750012499375e-05,True,0.00024998750062496874
autonomy,autonomy,opaque_dependency_l4,training,steps,full_aassr,dqn,30,4.0,4.0,0.0,0.0,0.0,0.0,1.0,True,1.0
autonomy,autonomy,opaque_dependency_l4,training,high_level_steps,full_aassr,dqn,30,4.0,4.0,0.0,0.0,0.0,0.0,1.0,True,1.0
autonomy,autonomy,opaque_dependency_l4,training,primitive_steps,full_aassr,dqn,30,4.0,4.0,0.0,0.0,0.0,0.0,1.0,True,1.0
autonomy,autonomy,opaque_dependency_l4,training,reward,full_aassr,dqn,30,0.6149166666666667,0.16031666666666666,0.4546,0.42385,0.48511666666666664,5.367228711508486,4.999750012499375e-05,True,0.00024998750062496874
autonomy,autonomy,opaque_dependency_l4,training,errors,full_aassr,dqn,30,0.0,0.0,0.0,0.0,0.0,0.0,1.0,True,1.0
autonomy,autonomy,opaque_dependency_l4,training,repeats,full_aassr,dqn,30,0.0,0.0,0.0,0.0,0.0,0.0,1.0,True,1.0
autonomy,autonomy,opaque_dependency_l4,training,prediction_score,full_aassr,dqn,30,0.9899708333333332,0.0,0.9899708333333332,0.9898125,0.9901333333333333,2150.3671040294453,4.999750012499375e-05,True,0.00024998750062496874
autonomy,autonomy,opaque_dependency_l4,training,holdout_score,full_aassr,dqn,30,0.12354244748486681,0.0,0.12354244748486681,0.12345442648576407,0.12362266453540349,507.9425708640353,4.999750012499375e-05,True,0.00024998750062496874
autonomy,autonomy,opaque_dependency_l4,training,holdout_gain,full_aassr,dqn,30,1.4041534820127272e-05,0.0,1.4041534820127272e-05,1.1121495729611836e-05,1.7214345438645775e-05,1.625732056089044,4.999750012499375e-05,True,0.00024998750062496874
autonomy,autonomy,opaque_dependency_l4,training,imagined_nodes,full_aassr,dqn,30,42.552083333333336,0.0,42.552083333333336,42.45451666666667,42.6475,152.5879922975718,4.999750012499375e-05,True,0.00024998750062496874
autonomy,autonomy,opaque_dependency_l4,training,imagination_depth,full_aassr,dqn,30,3.5152,0.0,3.5152,3.5092333333333334,3.5210333333333335,206.17708875778186,4.999750012499375e-05,True,0.00024998750062496874
autonomy,autonomy,opaque_dependency_l4,training,actual_return,full_aassr,dqn,30,0.6149166666666667,0.16031666666666666,0.4546,0.4248166666666667,0.4834333333333333,5.367228711508486,4.999750012499375e-05,True,0.00024998750062496874
autonomy,autonomy,opaque_dependency_l4,training,runtime_seconds,full_aassr,dqn,30,0.0021046374149688444,0.0051362109465970815,-0.003031573531628237,-0.0032252576000110517,-0.002875048379939108,-6.012921453221167,4.999750012499375e-05,True,0.00024998750062496874
autonomy,autonomy,opaque_dependency_l4,training,real_transitions,full_aassr,dqn,30,4.0,4.0,0.0,0.0,0.0,0.0,1.0,True,1.0
autonomy,autonomy,opaque_dependency_l4,training,imagined_transitions,full_aassr,dqn,30,42.552083333333336,0.0,42.552083333333336,42.45793333333334,42.65226666666667,152.5879922975718,4.999750012499375e-05,True,0.00024998750062496874
autonomy,autonomy,opaque_dependency_l4,training,action_proposals,full_aassr,dqn,30,4.0,4.0,0.0,0.0,0.0,0.0,1.0,True,1.0
autonomy,autonomy,opaque_dependency_l4,training,repeat_rate,full_aassr,dqn,30,0.0,0.0,0.0,0.0,0.0,0.0,1.0,True,1.0
autonomy,autonomy,opaque_dependency_l4,training,error_rate,full_aassr,dqn,30,0.0,0.0,0.0,0.0,0.0,0.0,1.0,True,1.0
autonomy,autonomy,opaque_dependency_l4,training,learning_auc,full_aassr,dqn,30,0.615007503751876,0.16028847757211942,0.45471902617975657,0.423778555944639,0.4852342838085709,5.369044389742707,4.999750012499375e-05,True,0.00024998750062496874
autonomy,autonomy,opaque_dependency_l4,training,final_tail_success,full_aassr,dqn,30,0.8510000000000001,0.2725,0.5785,0.5193333333333333,0.6346666666666666,3.4604871384506666,4.999750012499375e-05,True,0.00024998750062496874
autonomy,autonomy,opaque_dependency_l4,training,first_success_real_transitions,full_aassr,dqn,30,68.26666666666667,67.46666666666667,0.8,-21.866666666666667,27.066666666666666,0.011570435966680457,0.9615519224038798,True,1.0
autonomy,autonomy,opaque_dependency_l4,training,success,full_aassr,prophecy_no_imagination,30,0.6149166666666667,0.6540833333333332,-0.03916666666666666,-0.056616666666666655,-0.023083333333333324,-0.8259706506955781,9.99950002499875e-05,True,0.00024998750062496874
autonomy,autonomy,opaque_dependency_l4,training,steps,full_aassr,prophecy_no_imagination,30,4.0,4.0,0.0,0.0,0.0,0.0,1.0,True,1.0
autonomy,autonomy,opaque_dependency_l4,training,high_level_steps,full_aassr,prophecy_no_imagination,30,4.0,4.0,0.0,0.0,0.0,0.0,1.0,True,1.0
autonomy,autonomy,opaque_dependency_l4,training,primitive_steps,full_aassr,prophecy_no_imagination,30,4.0,4.0,0.0,0.0,0.0,0.0,1.0,True,1.0
autonomy,autonomy,opaque_dependency_l4,training,reward,full_aassr,prophecy_no_imagination,30,0.6149166666666667,0.6540833333333332,-0.03916666666666666,-0.05583333333333333,-0.022383333333333314,-0.8259706506955781,9.99950002499875e-05,True,0.00024998750062496874
autonomy,autonomy,opaque_dependency_l4,training,errors,full_aassr,prophecy_no_imagination,30,0.0,0.0,0.0,0.0,0.0,0.0,1.0,True,1.0
autonomy,autonomy,opaque_dependency_l4,training,repeats,full_aassr,prophecy_no_imagination,30,0.0,0.0,0.0,0.0,0.0,0.0,1.0,True,1.0
autonomy,autonomy,opaque_dependency_l4,training,prediction_score,full_aassr,prophecy_no_imagination,30,0.9899708333333332,0.9899916666666666,-2.083333333332919e-05,-6.249999999999126e-05,8.333333333336117e-06,-0.19986221148896954,0.4970251487425629,True,0.4970251487425629
autonomy,autonomy,opaque_dependency_l4,training,holdout_score,full_aassr,prophecy_no_imagination,30,0.12354244748486681,0.12354695025501776,-4.502770150941379e-06,-3.9133855789082644e-05,2.3325291939499855e-05,-0.049900817513888945,0.8374081295935203,True,0.8374081295935203
autonomy,autonomy,opaque_dependency_l4,training,holdout_gain,full_aassr,prophecy_no_imagination,30,1.4041534820127272e-05,1.3852140880733334e-05,1.8939393939393877e-07,-1.8352380523843173e-21,5.681818181818182e-07,0.1825741858350549,1.0,True,1.0
autonomy,autonomy,opaque_dependency_l4,training,imagined_nodes,full_aassr,prophecy_no_imagination,30,42.552083333333336,0.0,42.552083333333336,42.45401666666667,42.6529,152.5879922975718,4.999750012499375e-05,True,0.00024998750062496874
autonomy,autonomy,opaque_dependency_l4,training,imagination_depth,full_aassr,prophecy_no_imagination,30,3.5152,0.0,3.5152,3.5091666666666668,3.5210999999999997,206.17708875778186,4.999750012499375e-05,True,0.00024998750062496874
autonomy,autonomy,opaque_dependency_l4,training,actual_return,full_aassr,prophecy_no_imagination,30,0.6149166666666667,0.6540833333333332,-0.03916666666666666,-0.05616666666666667,-0.023466666666666657,-0.8259706506955781,4.999750012499375e-05,True,0.00024998750062496874
autonomy,autonomy,opaque_dependency_l4,training,runtime_seconds,full_aassr,prophecy_no_imagination,30,0.0021046374149688444,0.0008153050232853274,0.0012893323916835168,0.0012577538567464215,0.0013208061149154674,14.5128919884125,4.999750012499375e-05,True,0.00024998750062496874
autonomy,autonomy,opaque_dependency_l4,training,real_transitions,full_aassr,prophecy_no_imagination,30,4.0,4.0,0.0,0.0,0.0,0.0,1.0,True,1.0
autonomy,autonomy,opaque_dependency_l4,training,imagined_transitions,full_aassr,prophecy_no_imagination,30,42.552083333333336,0.0,42.552083333333336,42.45036666666667,42.651066666666665,152.5879922975718,4.999750012499375e-05,True,0.00024998750062496874
autonomy,autonomy,opaque_dependency_l4,training,action_proposals,full_aassr,prophecy_no_imagination,30,4.0,4.0,0.0,0.0,0.0,0.0,1.0,True,1.0
autonomy,autonomy,opaque_dependency_l4,training,repeat_rate,full_aassr,prophecy_no_imagination,30,0.0,0.0,0.0,0.0,0.0,0.0,1.0,True,1.0
autonomy,autonomy,opaque_dependency_l4,training,error_rate,full_aassr,prophecy_no_imagination,30,0.0,0.0,0.0,0.0,0.0,0.0,1.0,True,1.0
autonomy,autonomy,opaque_dependency_l4,training,learning_auc,full_aassr,prophecy_no_imagination,30,0.615007503751876,0.6541854260463565,-0.039177922294480576,-0.05656995164248791,-0.02266966816741704,-0.8259301730449077,9.99950002499875e-05,True,0.00024998750062496874
autonomy,autonomy,opaque_dependency_l4,training,final_tail_success,full_aassr,prophecy_no_imagination,30,0.8510000000000001,0.9113333333333333,-0.060333333333333336,-0.08483333333333333,-0.03666666666666667,-0.8635877950031907,0.000199990000499975,True,0.0002999850007499625
autonomy,autonomy,opaque_dependency_l4,training,first_success_real_transitions,full_aassr,prophecy_no_imagination,30,68.26666666666667,76.0,-7.733333333333333,-18.666666666666668,-0.13333333333333333,-0.27767301177260456,0.12114394280285985,True,0.4845757712114394
autonomy,autonomy,opaque_dependency_l4,training,success,full_aassr,q_learning,30,0.6149166666666667,0.1267,0.48821666666666663,0.46413333333333334,0.5144666666666666,6.866637309927723,4.999750012499375e-05,True,0.00024998750062496874
autonomy,autonomy,opaque_dependency_l4,training,steps,full_aassr,q_learning,30,4.0,4.0,0.0,0.0,0.0,0.0,1.0,True,1.0
autonomy,autonomy,opaque_dependency_l4,training,high_level_steps,full_aassr,q_learning,30,4.0,4.0,0.0,0.0,0.0,0.0,1.0,True,1.0
autonomy,autonomy,opaque_dependency_l4,training,primitive_steps,full_aassr,q_learning,30,4.0,4.0,0.0,0.0,0.0,0.0,1.0,True,1.0
autonomy,autonomy,opaque_dependency_l4,training,reward,full_aassr,q_learning,30,0.6149166666666667,0.1267,0.48821666666666663,0.46385,0.5141833333333333,6.866637309927723,4.999750012499375e-05,True,0.00024998750062496874
autonomy,autonomy,opaque_dependency_l4,training,errors,full_aassr,q_learning,30,0.0,0.0,0.0,0.0,0.0,0.0,1.0,True,1.0
autonomy,autonomy,opaque_dependency_l4,training,repeats,full_aassr,q_learning,30,0.0,0.0,0.0,0.0,0.0,0.0,1.0,True,1.0
autonomy,autonomy,opaque_dependency_l4,training,prediction_score,full_aassr,q_learning,30,0.9899708333333332,0.0,0.9899708333333332,0.9898125,0.9901333333333333,2150.3671040294453,4.999750012499375e-05,True,0.00024998750062496874
autonomy,autonomy,opaque_dependency_l4,training,holdout_score,full_aassr,q_learning,30,0.12354244748486681,0.0,0.12354244748486681,0.12345196011743813,0.12362320959205547,507.9425708640353,4.999750012499375e-05,True,0.00024998750062496874
autonomy,autonomy,opaque_dependency_l4,training,holdout_gain,full_aassr,q_learning,30,1.4041534820127272e-05,0.0,1.4041534820127272e-05,1.1057298210766644e-05,1.7141549810526806e-05,1.625732056089044,4.999750012499375e-05,True,0.00024998750062496874
autonomy,autonomy,opaque_dependency_l4,training,imagined_nodes,full_aassr,q_learning,30,42.552083333333336,0.0,42.552083333333336,42.454299999999996,42.64946666666666,152.5879922975718,4.999750012499375e-05,True,0.00024998750062496874
autonomy,autonomy,opaque_dependency_l4,training,imagination_depth,full_aassr,q_learning,30,3.5152,0.0,3.5152,3.50915,3.5211166666666665,206.17708875778186,4.999750012499375e-05,True,0.00024998750062496874
autonomy,autonomy,opaque_dependency_l4,training,actual_return,full_aassr,q_learning,30,0.6149166666666667,0.1267,0.48821666666666663,0.46456666666666663,0.51325,6.866637309927723,4.999750012499375e-05,True,0.00024998750062496874
autonomy,autonomy,opaque_dependency_l4,training,runtime_seconds,full_aassr,q_learning,30,0.0021046374149688444,0.00014944807834544916,0.001955189336623395,0.001921772543246819,0.001988576601699848,20.773704256374284,4.999750012499375e-05,True,0.00024998750062496874
autonomy,autonomy,opaque_dependency_l4,training,real_transitions,full_aassr,q_learning,30,4.0,4.0,0.0,0.0,0.0,0.0,1.0,True,1.0
autonomy,autonomy,opaque_dependency_l4,training,imagined_transitions,full_aassr,q_learning,30,42.552083333333336,0.0,42.552083333333336,42.453716666666665,42.6526,152.5879922975718,4.999750012499375e-05,True,0.00024998750062496874
autonomy,autonomy,opaque_dependency_l4,training,action_proposals,full_aassr,q_learning,30,4.0,4.0,0.0,0.0,0.0,0.0,1.0,True,1.0
autonomy,autonomy,opaque_dependency_l4,training,repeat_rate,full_aassr,q_learning,30,0.0,0.0,0.0,0.0,0.0,0.0,1.0,True,1.0
autonomy,autonomy,opaque_dependency_l4,training,error_rate,full_aassr,q_learning,30,0.0,0.0,0.0,0.0,0.0,0.0,1.0,True,1.0
autonomy,autonomy,opaque_dependency_l4,training,learning_auc,full_aassr,q_learning,30,0.615007503751876,0.12669668167417042,0.48831082207770554,0.46400700350175084,0.5134317158579289,6.868624921125549,4.999750012499375e-05,True,0.00024998750062496874
autonomy,autonomy,opaque_dependency_l4,training,final_tail_success,full_aassr,q_learning,30,0.8510000000000001,0.17966666666666667,0.6713333333333333,0.6288333333333334,0.7138333333333333,5.480489877157203,4.999750012499375e-05,True,0.00024998750062496874
autonomy,autonomy,opaque_dependency_l4,training,first_success_real_transitions,full_aassr,q_learning,30,68.26666666666667,97.33333333333333,-29.066666666666666,-56.266666666666666,-7.466666666666667,-0.42286261321342544,0.012149392530373481,True,0.06074696265186741
autonomy,autonomy,opaque_dependency_l4,training,success,full_aassr,random,30,0.6149166666666667,0.0626,0.5523166666666667,0.5333166666666667,0.5708,10.414982524192487,4.999750012499375e-05,True,0.00024998750062496874
autonomy,autonomy,opaque_dependency_l4,training,steps,full_aassr,random,30,4.0,4.0,0.0,0.0,0.0,0.0,1.0,True,1.0
autonomy,autonomy,opaque_dependency_l4,training,high_level_steps,full_aassr,random,30,4.0,4.0,0.0,0.0,0.0,0.0,1.0,True,1.0
autonomy,autonomy,opaque_dependency_l4,training,primitive_steps,full_aassr,random,30,4.0,4.0,0.0,0.0,0.0,0.0,1.0,True,1.0
autonomy,autonomy,opaque_dependency_l4,training,reward,full_aassr,random,30,0.6149166666666667,0.0626,0.5523166666666667,0.5331333333333333,0.5697833333333333,10.414982524192487,4.999750012499375e-05,True,0.00024998750062496874
autonomy,autonomy,opaque_dependency_l4,training,errors,full_aassr,random,30,0.0,0.0,0.0,0.0,0.0,0.0,1.0,True,1.0
autonomy,autonomy,opaque_dependency_l4,training,repeats,full_aassr,random,30,0.0,0.0,0.0,0.0,0.0,0.0,1.0,True,1.0
autonomy,autonomy,opaque_dependency_l4,training,prediction_score,full_aassr,random,30,0.9899708333333332,0.0,0.9899708333333332,0.9898125,0.9901375,2150.3671040294453,4.999750012499375e-05,True,0.00024998750062496874
autonomy,autonomy,opaque_dependency_l4,training,holdout_score,full_aassr,random,30,0.12354244748486681,0.0,0.12354244748486681,0.12345242748997011,0.1236247981575434,507.9425708640353,4.999750012499375e-05,True,0.00024998750062496874
autonomy,autonomy,opaque_dependency_l4,training,holdout_gain,full_aassr,random,30,1.4041534820127272e-05,0.0,1.4041534820127272e-05,1.1049449201174511e-05,1.710110892237972e-05,1.625732056089044,4.999750012499375e-05,True,0.00024998750062496874
autonomy,autonomy,opaque_dependency_l4,training,imagined_nodes,full_aassr,random,30,42.552083333333336,0.0,42.552083333333336,42.45381666666666,42.64751666666667,152.5879922975718,4.999750012499375e-05,True,0.00024998750062496874
autonomy,autonomy,opaque_dependency_l4,training,imagination_depth,full_aassr,random,30,3.5152,0.0,3.5152,3.50915,3.521166666666667,206.17708875778186,4.999750012499375e-05,True,0.00024998750062496874
autonomy,autonomy,opaque_dependency_l4,training,actual_return,full_aassr,random,30,0.6149166666666667,0.0626,0.5523166666666667,0.5333,0.57045,10.414982524192487,4.999750012499375e-05,True,0.00024998750062496874
autonomy,autonomy,opaque_dependency_l4,training,runtime_seconds,full_aassr,random,30,0.0021046374149688444,0.00019333591174169366,0.0019113015032271507,0.0018793491032964085,0.0019433758348988098,20.496883662030747,4.999750012499375e-05,True,0.00024998750062496874
autonomy,autonomy,opaque_dependency_l4,training,real_transitions,full_aassr,random,30,4.0,4.0,0.0,0.0,0.0,0.0,1.0,True,1.0
autonomy,autonomy,opaque_dependency_l4,training,imagined_transitions,full_aassr,random,30,42.552083333333336,0.0,42.552083333333336,42.452416666666664,42.65205,152.5879922975718,4.999750012499375e-05,True,0.00024998750062496874
autonomy,autonomy,opaque_dependency_l4,training,action_proposals,full_aassr,random,30,4.0,4.0,0.0,0.0,0.0,0.0,1.0,True,1.0
autonomy,autonomy,opaque_dependency_l4,training,repeat_rate,full_aassr,random,30,0.0,0.0,0.0,0.0,0.0,0.0,1.0,True,1.0
autonomy,autonomy,opaque_dependency_l4,training,error_rate,full_aassr,random,30,0.0,0.0,0.0,0.0,0.0,0.0,1.0,True,1.0
autonomy,autonomy,opaque_dependency_l4,training,learning_auc,full_aassr,random,30,0.615007503751876,0.06259796564949141,0.5524095381023846,0.533525095881274,0.5704769051192263,10.416133842077938,4.999750012499375e-05,True,0.00024998750062496874
autonomy,autonomy,opaque_dependency_l4,training,final_tail_success,full_aassr,random,30,0.8510000000000001,0.06416666666666666,0.7868333333333334,0.7591666666666668,0.8126666666666666,10.462315899901622,4.999750012499375e-05,True,0.00024998750062496874
autonomy,autonomy,opaque_dependency_l4,training,first_success_real_transitions,full_aassr,random,30,68.26666666666667,75.33333333333333,-7.066666666666666,-47.6,30.933333333333334,-0.06391090126445786,0.736313184340783,True,1.0
autonomy,autonomy,opaque_dependency_l6,evaluation_seen,success,full_aassr,contextual_policy,30,0.0,0.0,0.0,0.0,0.0,0.0,1.0,True,1.0
autonomy,autonomy,opaque_dependency_l6,evaluation_seen,steps,full_aassr,contextual_policy,30,6.0,6.0,0.0,0.0,0.0,0.0,1.0,True,1.0
autonomy,autonomy,opaque_dependency_l6,evaluation_seen,high_level_steps,full_aassr,contextual_policy,30,6.0,6.0,0.0,0.0,0.0,0.0,1.0,True,1.0
autonomy,autonomy,opaque_dependency_l6,evaluation_seen,primitive_steps,full_aassr,contextual_policy,30,6.0,6.0,0.0,0.0,0.0,0.0,1.0,True,1.0
autonomy,autonomy,opaque_dependency_l6,evaluation_seen,reward,full_aassr,contextual_policy,30,0.0,0.0,0.0,0.0,0.0,0.0,1.0,True,1.0
autonomy,autonomy,opaque_dependency_l6,evaluation_seen,errors,full_aassr,contextual_policy,30,0.0,0.0,0.0,0.0,0.0,0.0,1.0,True,1.0
autonomy,autonomy,opaque_dependency_l6,evaluation_seen,repeats,full_aassr,contextual_policy,30,0.0,0.0,0.0,0.0,0.0,0.0,1.0,True,1.0
autonomy,autonomy,opaque_dependency_l6,evaluation_seen,prediction_score,full_aassr,contextual_policy,30,0.0,0.0,0.0,0.0,0.0,0.0,1.0,True,1.0
autonomy,autonomy,opaque_dependency_l6,evaluation_seen,holdout_score,full_aassr,contextual_policy,30,1.0,0.0,1.0,1.0,1.0,0.0,4.999750012499375e-05,True,0.00014999250037498125
autonomy,autonomy,opaque_dependency_l6,evaluation_seen,imagined_nodes,full_aassr,contextual_policy,30,0.0,0.0,0.0,0.0,0.0,0.0,1.0,True,1.0
autonomy,autonomy,opaque_dependency_l6,evaluation_seen,imagination_depth,full_aassr,contextual_policy,30,0.0,0.0,0.0,0.0,0.0,0.0,1.0,True,1.0
autonomy,autonomy,opaque_dependency_l6,evaluation_seen,actual_return,full_aassr,contextual_policy,30,0.0,0.0,0.0,0.0,0.0,0.0,1.0,True,1.0
autonomy,autonomy,opaque_dependency_l6,evaluation_seen,runtime_seconds,full_aassr,contextual_policy,30,0.0035206789165919566,0.0033659248834834823,0.00015475403310847465,-1.3192683637801872e-05,0.0003302101000687496,0.31722661384042694,0.09214539273036348,True,0.18429078546072697
autonomy,autonomy,opaque_dependency_l6,evaluation_seen,real_transitions,full_aassr,contextual_policy,30,6.0,6.0,0.0,0.0,0.0,0.0,1.0,True,1.0
autonomy,autonomy,opaque_dependency_l6,evaluation_seen,imagined_transitions,full_aassr,contextual_policy,30,0.0,0.0,0.0,0.0,0.0,0.0,1.0,True,1.0
autonomy,autonomy,opaque_dependency_l6,evaluation_seen,action_proposals,full_aassr,contextual_policy,30,6.0,6.0,0.0,0.0,0.0,0.0,1.0,True,1.0
autonomy,autonomy,opaque_dependency_l6,evaluation_seen,repeat_rate,full_aassr,contextual_policy,30,0.0,0.0,0.0,0.0,0.0,0.0,1.0,True,1.0
autonomy,autonomy,opaque_dependency_l6,evaluation_seen,error_rate,full_aassr,contextual_policy,30,0.0,0.0,0.0,0.0,0.0,0.0,1.0,True,1.0
autonomy,autonomy,opaque_dependency_l6,evaluation_seen,success,full_aassr,dqn,30,0.0,0.0,0.0,0.0,0.0,0.0,1.0,True,1.0
autonomy,autonomy,opaque_dependency_l6,evaluation_seen,steps,full_aassr,dqn,30,6.0,6.0,0.0,0.0,0.0,0.0,1.0,True,1.0
autonomy,autonomy,opaque_dependency_l6,evaluation_seen,high_level_steps,full_aassr,dqn,30,6.0,6.0,0.0,0.0,0.0,0.0,1.0,True,1.0
autonomy,autonomy,opaque_dependency_l6,evaluation_seen,primitive_steps,full_aassr,dqn,30,6.0,6.0,0.0,0.0,0.0,0.0,1.0,True,1.0
autonomy,autonomy,opaque_dependency_l6,evaluation_seen,reward,full_aassr,dqn,30,0.0,0.0,0.0,0.0,0.0,0.0,1.0,True,1.0
autonomy,autonomy,opaque_dependency_l6,evaluation_seen,errors,full_aassr,dqn,30,0.0,0.0,0.0,0.0,0.0,0.0,1.0,True,1.0
autonomy,autonomy,opaque_dependency_l6,evaluation_seen,repeats,full_aassr,dqn,30,0.0,0.0,0.0,0.0,0.0,0.0,1.0,True,1.0
autonomy,autonomy,opaque_dependency_l6,evaluation_seen,imagined_nodes,full_aassr,dqn,30,0.0,0.0,0.0,0.0,0.0,0.0,1.0,True,1.0
autonomy,autonomy,opaque_dependency_l6,evaluation_seen,imagination_depth,full_aassr,dqn,30,0.0,0.0,0.0,0.0,0.0,0.0,1.0,True,1.0
autonomy,autonomy,opaque_dependency_l6,evaluation_seen,actual_return,full_aassr,dqn,30,0.0,0.0,0.0,0.0,0.0,0.0,1.0,True,1.0
autonomy,autonomy,opaque_dependency_l6,evaluation_seen,runtime_seconds,full_aassr,dqn,30,0.0035206789165919566,0.0022607115168793825,0.0012599673997125743,0.0011059804164833622,0.0014159673661197302,2.882796142322569,4.999750012499375e-05,True,0.00024998750062496874
autonomy,autonomy,opaque_dependency_l6,evaluation_seen,real_transitions,full_aassr,dqn,30,6.0,6.0,0.0,0.0,0.0,0.0,1.0,True,1.0
autonomy,autonomy,opaque_dependency_l6,evaluation_seen,imagined_transitions,full_aassr,dqn,30,0.0,0.0,0.0,0.0,0.0,0.0,1.0,True,1.0
autonomy,autonomy,opaque_dependency_l6,evaluation_seen,action_proposals,full_aassr,dqn,30,6.0,6.0,0.0,0.0,0.0,0.0,1.0,True,1.0
autonomy,autonomy,opaque_dependency_l6,evaluation_seen,repeat_rate,full_aassr,dqn,30,0.0,0.0,0.0,0.0,0.0,0.0,1.0,True,1.0
autonomy,autonomy,opaque_dependency_l6,evaluation_seen,error_rate,full_aassr,dqn,30,0.0,0.0,0.0,0.0,0.0,0.0,1.0,True,1.0
autonomy,autonomy,opaque_dependency_l6,evaluation_seen,success,full_aassr,prophecy_no_imagination,30,0.0,0.0,0.0,0.0,0.0,0.0,1.0,True,1.0
autonomy,autonomy,opaque_dependency_l6,evaluation_seen,steps,full_aassr,prophecy_no_imagination,30,6.0,6.0,0.0,0.0,0.0,0.0,1.0,True,1.0
autonomy,autonomy,opaque_dependency_l6,evaluation_seen,high_level_steps,full_aassr,prophecy_no_imagination,30,6.0,6.0,0.0,0.0,0.0,0.0,1.0,True,1.0
autonomy,autonomy,opaque_dependency_l6,evaluation_seen,primitive_steps,full_aassr,prophecy_no_imagination,30,6.0,6.0,0.0,0.0,0.0,0.0,1.0,True,1.0
autonomy,autonomy,opaque_dependency_l6,evaluation_seen,reward,full_aassr,prophecy_no_imagination,30,0.0,0.0,0.0,0.0,0.0,0.0,1.0,True,1.0
autonomy,autonomy,opaque_dependency_l6,evaluation_seen,errors,full_aassr,prophecy_no_imagination,30,0.0,0.0,0.0,0.0,0.0,0.0,1.0,True,1.0
autonomy,autonomy,opaque_dependency_l6,evaluation_seen,repeats,full_aassr,prophecy_no_imagination,30,0.0,0.0,0.0,0.0,0.0,0.0,1.0,True,1.0
autonomy,autonomy,opaque_dependency_l6,evaluation_seen,prediction_score,full_aassr,prophecy_no_imagination,30,0.0,0.0,0.0,0.0,0.0,0.0,1.0,True,1.0
autonomy,autonomy,opaque_dependency_l6,evaluation_seen,holdout_score,full_aassr,prophecy_no_imagination,30,1.0,1.0,0.0,0.0,0.0,0.0,1.0,True,1.0
autonomy,autonomy,opaque_dependency_l6,evaluation_seen,imagined_nodes,full_aassr,prophecy_no_imagination,30,0.0,0.0,0.0,0.0,0.0,0.0,1.0,True,1.0
autonomy,autonomy,opaque_dependency_l6,evaluation_seen,imagination_depth,full_aassr,prophecy_no_imagination,30,0.0,0.0,0.0,0.0,0.0,0.0,1.0,True,1.0
autonomy,autonomy,opaque_dependency_l6,evaluation_seen,actual_return,full_aassr,prophecy_no_imagination,30,0.0,0.0,0.0,0.0,0.0,0.0,1.0,True,1.0
autonomy,autonomy,opaque_dependency_l6,evaluation_seen,runtime_seconds,full_aassr,prophecy_no_imagination,30,0.0035206789165919566,0.003652461166483893,-0.00013178224989193648,-0.0003103770329277419,5.257368353098468e-05,-0.2514702571692049,0.176141192940353,True,0.18429078546072697
autonomy,autonomy,opaque_dependency_l6,evaluation_seen,real_transitions,full_aassr,prophecy_no_imagination,30,6.0,6.0,0.0,0.0,0.0,0.0,1.0,True,1.0
autonomy,autonomy,opaque_dependency_l6,evaluation_seen,imagined_transitions,full_aassr,prophecy_no_imagination,30,0.0,0.0,0.0,0.0,0.0,0.0,1.0,True,1.0
autonomy,autonomy,opaque_dependency_l6,evaluation_seen,action_proposals,full_aassr,prophecy_no_imagination,30,6.0,6.0,0.0,0.0,0.0,0.0,1.0,True,1.0
autonomy,autonomy,opaque_dependency_l6,evaluation_seen,repeat_rate,full_aassr,prophecy_no_imagination,30,0.0,0.0,0.0,0.0,0.0,0.0,1.0,True,1.0
autonomy,autonomy,opaque_dependency_l6,evaluation_seen,error_rate,full_aassr,prophecy_no_imagination,30,0.0,0.0,0.0,0.0,0.0,0.0,1.0,True,1.0
autonomy,autonomy,opaque_dependency_l6,evaluation_seen,success,full_aassr,q_learning,30,0.0,0.0,0.0,0.0,0.0,0.0,1.0,True,1.0
autonomy,autonomy,opaque_dependency_l6,evaluation_seen,steps,full_aassr,q_learning,30,6.0,6.0,0.0,0.0,0.0,0.0,1.0,True,1.0
autonomy,autonomy,opaque_dependency_l6,evaluation_seen,high_level_steps,full_aassr,q_learning,30,6.0,6.0,0.0,0.0,0.0,0.0,1.0,True,1.0
autonomy,autonomy,opaque_dependency_l6,evaluation_seen,primitive_steps,full_aassr,q_learning,30,6.0,6.0,0.0,0.0,0.0,0.0,1.0,True,1.0
autonomy,autonomy,opaque_dependency_l6,evaluation_seen,reward,full_aassr,q_learning,30,0.0,0.0,0.0,0.0,0.0,0.0,1.0,True,1.0
autonomy,autonomy,opaque_dependency_l6,evaluation_seen,errors,full_aassr,q_learning,30,0.0,0.0,0.0,0.0,0.0,0.0,1.0,True,1.0
autonomy,autonomy,opaque_dependency_l6,evaluation_seen,repeats,full_aassr,q_learning,30,0.0,0.0,0.0,0.0,0.0,0.0,1.0,True,1.0
autonomy,autonomy,opaque_dependency_l6,evaluation_seen,imagined_nodes,full_aassr,q_learning,30,0.0,0.0,0.0,0.0,0.0,0.0,1.0,True,1.0
autonomy,autonomy,opaque_dependency_l6,evaluation_seen,imagination_depth,full_aassr,q_learning,30,0.0,0.0,0.0,0.0,0.0,0.0,1.0,True,1.0
autonomy,autonomy,opaque_dependency_l6,evaluation_seen,actual_return,full_aassr,q_learning,30,0.0,0.0,0.0,0.0,0.0,0.0,1.0,True,1.0
autonomy,autonomy,opaque_dependency_l6,evaluation_seen,runtime_seconds,full_aassr,q_learning,30,0.0035206789165919566,0.00018004820013205365,0.0033406307164599034,0.0032077586996019816,0.003474069816530876,8.884700847518411,4.999750012499375e-05,True,0.00024998750062496874
autonomy,autonomy,opaque_dependency_l6,evaluation_seen,real_transitions,full_aassr,q_learning,30,6.0,6.0,0.0,0.0,0.0,0.0,1.0,True,1.0
autonomy,autonomy,opaque_dependency_l6,evaluation_seen,imagined_transitions,full_aassr,q_learning,30,0.0,0.0,0.0,0.0,0.0,0.0,1.0,True,1.0
autonomy,autonomy,opaque_dependency_l6,evaluation_seen,action_proposals,full_aassr,q_learning,30,6.0,6.0,0.0,0.0,0.0,0.0,1.0,True,1.0
autonomy,autonomy,opaque_dependency_l6,evaluation_seen,repeat_rate,full_aassr,q_learning,30,0.0,0.0,0.0,0.0,0.0,0.0,1.0,True,1.0
autonomy,autonomy,opaque_dependency_l6,evaluation_seen,error_rate,full_aassr,q_learning,30,0.0,0.0,0.0,0.0,0.0,0.0,1.0,True,1.0
autonomy,autonomy,opaque_dependency_l6,evaluation_seen,success,full_aassr,random,30,0.0,0.015166666666666667,-0.015166666666666667,-0.018166666666666668,-0.012333333333333333,-1.8619490696840504,4.999750012499375e-05,True,0.00024998750062496874
autonomy,autonomy,opaque_dependency_l6,evaluation_seen,steps,full_aassr,random,30,6.0,6.0,0.0,0.0,0.0,0.0,1.0,True,1.0
autonomy,autonomy,opaque_dependency_l6,evaluation_seen,high_level_steps,full_aassr,random,30,6.0,6.0,0.0,0.0,0.0,0.0,1.0,True,1.0
autonomy,autonomy,opaque_dependency_l6,evaluation_seen,primitive_steps,full_aassr,random,30,6.0,6.0,0.0,0.0,0.0,0.0,1.0,True,1.0
autonomy,autonomy,opaque_dependency_l6,evaluation_seen,reward,full_aassr,random,30,0.0,0.015166666666666667,-0.015166666666666667,-0.018166666666666668,-0.0125,-1.8619490696840504,4.999750012499375e-05,True,0.00024998750062496874
autonomy,autonomy,opaque_dependency_l6,evaluation_seen,errors,full_aassr,random,30,0.0,0.0,0.0,0.0,0.0,0.0,1.0,True,1.0
autonomy,autonomy,opaque_dependency_l6,evaluation_seen,repeats,full_aassr,random,30,0.0,0.0,0.0,0.0,0.0,0.0,1.0,True,1.0
autonomy,autonomy,opaque_dependency_l6,evaluation_seen,prediction_score,full_aassr,random,30,0.0,0.0,0.0,0.0,0.0,0.0,1.0,True,1.0
autonomy,autonomy,opaque_dependency_l6,evaluation_seen,holdout_score,full_aassr,random,30,1.0,0.0,1.0,1.0,1.0,0.0,4.999750012499375e-05,True,0.00014999250037498125
autonomy,autonomy,opaque_dependency_l6,evaluation_seen,imagined_nodes,full_aassr,random,30,0.0,0.0,0.0,0.0,0.0,0.0,1.0,True,1.0
autonomy,autonomy,opaque_dependency_l6,evaluation_seen,imagination_depth,full_aassr,random,30,0.0,0.0,0.0,0.0,0.0,0.0,1.0,True,1.0
autonomy,autonomy,opaque_dependency_l6,evaluation_seen,actual_return,full_aassr,random,30,0.0,0.015166666666666667,-0.015166666666666667,-0.018166666666666668,-0.012333333333333333,-1.8619490696840504,4.999750012499375e-05,True,0.00024998750062496874
autonomy,autonomy,opaque_dependency_l6,evaluation_seen,runtime_seconds,full_aassr,random,30,0.0035206789165919566,0.0033056391333520876,0.00021503978323986905,4.4010500229584616e-05,0.00040079624924692326,0.42152124051461826,0.02744862756862157,True,0.08234588270586471
autonomy,autonomy,opaque_dependency_l6,evaluation_seen,real_transitions,full_aassr,random,30,6.0,6.0,0.0,0.0,0.0,0.0,1.0,True,1.0
autonomy,autonomy,opaque_dependency_l6,evaluation_seen,imagined_transitions,full_aassr,random,30,0.0,0.0,0.0,0.0,0.0,0.0,1.0,True,1.0
autonomy,autonomy,opaque_dependency_l6,evaluation_seen,action_proposals,full_aassr,random,30,6.0,6.0,0.0,0.0,0.0,0.0,1.0,True,1.0
autonomy,autonomy,opaque_dependency_l6,evaluation_seen,repeat_rate,full_aassr,random,30,0.0,0.0,0.0,0.0,0.0,0.0,1.0,True,1.0
autonomy,autonomy,opaque_dependency_l6,evaluation_seen,error_rate,full_aassr,random,30,0.0,0.0,0.0,0.0,0.0,0.0,1.0,True,1.0
autonomy,autonomy,opaque_dependency_l6,evaluation_unseen_zero_shot,success,full_aassr,contextual_policy,30,0.0,0.0,0.0,0.0,0.0,0.0,1.0,True,1.0
autonomy,autonomy,opaque_dependency_l6,evaluation_unseen_zero_shot,steps,full_aassr,contextual_policy,30,6.0,6.0,0.0,0.0,0.0,0.0,1.0,True,1.0
autonomy,autonomy,opaque_dependency_l6,evaluation_unseen_zero_shot,high_level_steps,full_aassr,contextual_policy,30,6.0,6.0,0.0,0.0,0.0,0.0,1.0,True,1.0
autonomy,autonomy,opaque_dependency_l6,evaluation_unseen_zero_shot,primitive_steps,full_aassr,contextual_policy,30,6.0,6.0,0.0,0.0,0.0,0.0,1.0,True,1.0
autonomy,autonomy,opaque_dependency_l6,evaluation_unseen_zero_shot,reward,full_aassr,contextual_policy,30,0.0,0.0,0.0,0.0,0.0,0.0,1.0,True,1.0
autonomy,autonomy,opaque_dependency_l6,evaluation_unseen_zero_shot,errors,full_aassr,contextual_policy,30,0.0,0.0,0.0,0.0,0.0,0.0,1.0,True,1.0
autonomy,autonomy,opaque_dependency_l6,evaluation_unseen_zero_shot,repeats,full_aassr,contextual_policy,30,0.0,0.0,0.0,0.0,0.0,0.0,1.0,True,1.0
autonomy,autonomy,opaque_dependency_l6,evaluation_unseen_zero_shot,prediction_score,full_aassr,contextual_policy,30,0.0,0.0,0.0,0.0,0.0,0.0,1.0,True,1.0
autonomy,autonomy,opaque_dependency_l6,evaluation_unseen_zero_shot,holdout_score,full_aassr,contextual_policy,30,1.0,0.0,1.0,1.0,1.0,0.0,4.999750012499375e-05,True,0.00014999250037498125
autonomy,autonomy,opaque_dependency_l6,evaluation_unseen_zero_shot,imagined_nodes,full_aassr,contextual_policy,30,0.0,0.0,0.0,0.0,0.0,0.0,1.0,True,1.0
autonomy,autonomy,opaque_dependency_l6,evaluation_unseen_zero_shot,imagination_depth,full_aassr,contextual_policy,30,0.0,0.0,0.0,0.0,0.0,0.0,1.0,True,1.0
autonomy,autonomy,opaque_dependency_l6,evaluation_unseen_zero_shot,actual_return,full_aassr,contextual_policy,30,0.0,0.0,0.0,0.0,0.0,0.0,1.0,True,1.0
autonomy,autonomy,opaque_dependency_l6,evaluation_unseen_zero_shot,runtime_seconds,full_aassr,contextual_policy,30,0.003600903599978968,0.0033112556001675935,0.00028964799981137424,0.00013028936631356679,0.00045150181631227807,0.63332325025201,0.0018999050047497626,True,0.003799810009499525
autonomy,autonomy,opaque_dependency_l6,evaluation_unseen_zero_shot,real_transitions,full_aassr,contextual_policy,30,6.0,6.0,0.0,0.0,0.0,0.0,1.0,True,1.0
autonomy,autonomy,opaque_dependency_l6,evaluation_unseen_zero_shot,imagined_transitions,full_aassr,contextual_policy,30,0.0,0.0,0.0,0.0,0.0,0.0,1.0,True,1.0
autonomy,autonomy,opaque_dependency_l6,evaluation_unseen_zero_shot,action_proposals,full_aassr,contextual_policy,30,6.0,6.0,0.0,0.0,0.0,0.0,1.0,True,1.0
autonomy,autonomy,opaque_dependency_l6,evaluation_unseen_zero_shot,repeat_rate,full_aassr,contextual_policy,30,0.0,0.0,0.0,0.0,0.0,0.0,1.0,True,1.0
autonomy,autonomy,opaque_dependency_l6,evaluation_unseen_zero_shot,error_rate,full_aassr,contextual_policy,30,0.0,0.0,0.0,0.0,0.0,0.0,1.0,True,1.0
autonomy,autonomy,opaque_dependency_l6,evaluation_unseen_zero_shot,success,full_aassr,dqn,30,0.0,0.0,0.0,0.0,0.0,0.0,1.0,True,1.0
autonomy,autonomy,opaque_dependency_l6,evaluation_unseen_zero_shot,steps,full_aassr,dqn,30,6.0,6.0,0.0,0.0,0.0,0.0,1.0,True,1.0
autonomy,autonomy,opaque_dependency_l6,evaluation_unseen_zero_shot,high_level_steps,full_aassr,dqn,30,6.0,6.0,0.0,0.0,0.0,0.0,1.0,True,1.0
autonomy,autonomy,opaque_dependency_l6,evaluation_unseen_zero_shot,primitive_steps,full_aassr,dqn,30,6.0,6.0,0.0,0.0,0.0,0.0,1.0,True,1.0
autonomy,autonomy,opaque_dependency_l6,evaluation_unseen_zero_shot,reward,full_aassr,dqn,30,0.0,0.0,0.0,0.0,0.0,0.0,1.0,True,1.0
autonomy,autonomy,opaque_dependency_l6,evaluation_unseen_zero_shot,errors,full_aassr,dqn,30,0.0,0.0,0.0,0.0,0.0,0.0,1.0,True,1.0
autonomy,autonomy,opaque_dependency_l6,evaluation_unseen_zero_shot,repeats,full_aassr,dqn,30,0.0,0.0,0.0,0.0,0.0,0.0,1.0,True,1.0
autonomy,autonomy,opaque_dependency_l6,evaluation_unseen_zero_shot,imagined_nodes,full_aassr,dqn,30,0.0,0.0,0.0,0.0,0.0,0.0,1.0,True,1.0
autonomy,autonomy,opaque_dependency_l6,evaluation_unseen_zero_shot,imagination_depth,full_aassr,dqn,30,0.0,0.0,0.0,0.0,0.0,0.0,1.0,True,1.0
autonomy,autonomy,opaque_dependency_l6,evaluation_unseen_zero_shot,actual_return,full_aassr,dqn,30,0.0,0.0,0.0,0.0,0.0,0.0,1.0,True,1.0
autonomy,autonomy,opaque_dependency_l6,evaluation_unseen_zero_shot,runtime_seconds,full_aassr,dqn,30,0.003600903599978968,0.002213250850012021,0.0013876527499669463,0.0012296090501040453,0.0015341347833891631,3.1917456280596523,4.999750012499375e-05,True,0.00024998750062496874
autonomy,autonomy,opaque_dependency_l6,evaluation_unseen_zero_shot,real_transitions,full_aassr,dqn,30,6.0,6.0,0.0,0.0,0.0,0.0,1.0,True,1.0
autonomy,autonomy,opaque_dependency_l6,evaluation_unseen_zero_shot,imagined_transitions,full_aassr,dqn,30,0.0,0.0,0.0,0.0,0.0,0.0,1.0,True,1.0
autonomy,autonomy,opaque_dependency_l6,evaluation_unseen_zero_shot,action_proposals,full_aassr,dqn,30,6.0,6.0,0.0,0.0,0.0,0.0,1.0,True,1.0
autonomy,autonomy,opaque_dependency_l6,evaluation_unseen_zero_shot,repeat_rate,full_aassr,dqn,30,0.0,0.0,0.0,0.0,0.0,0.0,1.0,True,1.0
autonomy,autonomy,opaque_dependency_l6,evaluation_unseen_zero_shot,error_rate,full_aassr,dqn,30,0.0,0.0,0.0,0.0,0.0,0.0,1.0,True,1.0
autonomy,autonomy,opaque_dependency_l6,evaluation_unseen_zero_shot,success,full_aassr,prophecy_no_imagination,30,0.0,0.0,0.0,0.0,0.0,0.0,1.0,True,1.0
autonomy,autonomy,opaque_dependency_l6,evaluation_unseen_zero_shot,steps,full_aassr,prophecy_no_imagination,30,6.0,6.0,0.0,0.0,0.0,0.0,1.0,True,1.0
autonomy,autonomy,opaque_dependency_l6,evaluation_unseen_zero_shot,high_level_steps,full_aassr,prophecy_no_imagination,30,6.0,6.0,0.0,0.0,0.0,0.0,1.0,True,1.0
autonomy,autonomy,opaque_dependency_l6,evaluation_unseen_zero_shot,primitive_steps,full_aassr,prophecy_no_imagination,30,6.0,6.0,0.0,0.0,0.0,0.0,1.0,True,1.0
autonomy,autonomy,opaque_dependency_l6,evaluation_unseen_zero_shot,reward,full_aassr,prophecy_no_imagination,30,0.0,0.0,0.0,0.0,0.0,0.0,1.0,True,1.0
autonomy,autonomy,opaque_dependency_l6,evaluation_unseen_zero_shot,errors,full_aassr,prophecy_no_imagination,30,0.0,0.0,0.0,0.0,0.0,0.0,1.0,True,1.0
autonomy,autonomy,opaque_dependency_l6,evaluation_unseen_zero_shot,repeats,full_aassr,prophecy_no_imagination,30,0.0,0.0,0.0,0.0,0.0,0.0,1.0,True,1.0
autonomy,autonomy,opaque_dependency_l6,evaluation_unseen_zero_shot,prediction_score,full_aassr,prophecy_no_imagination,30,0.0,0.0,0.0,0.0,0.0,0.0,1.0,True,1.0
autonomy,autonomy,opaque_dependency_l6,evaluation_unseen_zero_shot,holdout_score,full_aassr,prophecy_no_imagination,30,1.0,1.0,0.0,0.0,0.0,0.0,1.0,True,1.0
autonomy,autonomy,opaque_dependency_l6,evaluation_unseen_zero_shot,imagined_nodes,full_aassr,prophecy_no_imagination,30,0.0,0.0,0.0,0.0,0.0,0.0,1.0,True,1.0
autonomy,autonomy,opaque_dependency_l6,evaluation_unseen_zero_shot,imagination_depth,full_aassr,prophecy_no_imagination,30,0.0,0.0,0.0,0.0,0.0,0.0,1.0,True,1.0
autonomy,autonomy,opaque_dependency_l6,evaluation_unseen_zero_shot,actual_return,full_aassr,prophecy_no_imagination,30,0.0,0.0,0.0,0.0,0.0,0.0,1.0,True,1.0
autonomy,autonomy,opaque_dependency_l6,evaluation_unseen_zero_shot,runtime_seconds,full_aassr,prophecy_no_imagination,30,0.003600903599978968,0.003645889083277628,-4.498548329866026e-05,-0.00020289658367983061,0.00011152093336083147,-0.09952471870552615,0.5906704664766762,True,0.5906704664766762
autonomy,autonomy,opaque_dependency_l6,evaluation_unseen_zero_shot,real_transitions,full_aassr,prophecy_no_imagination,30,6.0,6.0,0.0,0.0,0.0,0.0,1.0,True,1.0
autonomy,autonomy,opaque_dependency_l6,evaluation_unseen_zero_shot,imagined_transitions,full_aassr,prophecy_no_imagination,30,0.0,0.0,0.0,0.0,0.0,0.0,1.0,True,1.0
autonomy,autonomy,opaque_dependency_l6,evaluation_unseen_zero_shot,action_proposals,full_aassr,prophecy_no_imagination,30,6.0,6.0,0.0,0.0,0.0,0.0,1.0,True,1.0
autonomy,autonomy,opaque_dependency_l6,evaluation_unseen_zero_shot,repeat_rate,full_aassr,prophecy_no_imagination,30,0.0,0.0,0.0,0.0,0.0,0.0,1.0,True,1.0
autonomy,autonomy,opaque_dependency_l6,evaluation_unseen_zero_shot,error_rate,full_aassr,prophecy_no_imagination,30,0.0,0.0,0.0,0.0,0.0,0.0,1.0,True,1.0
autonomy,autonomy,opaque_dependency_l6,evaluation_unseen_zero_shot,success,full_aassr,q_learning,30,0.0,0.0,0.0,0.0,0.0,0.0,1.0,True,1.0
autonomy,autonomy,opaque_dependency_l6,evaluation_unseen_zero_shot,steps,full_aassr,q_learning,30,6.0,6.0,0.0,0.0,0.0,0.0,1.0,True,1.0
autonomy,autonomy,opaque_dependency_l6,evaluation_unseen_zero_shot,high_level_steps,full_aassr,q_learning,30,6.0,6.0,0.0,0.0,0.0,0.0,1.0,True,1.0
autonomy,autonomy,opaque_dependency_l6,evaluation_unseen_zero_shot,primitive_steps,full_aassr,q_learning,30,6.0,6.0,0.0,0.0,0.0,0.0,1.0,True,1.0
autonomy,autonomy,opaque_dependency_l6,evaluation_unseen_zero_shot,reward,full_aassr,q_learning,30,0.0,0.0,0.0,0.0,0.0,0.0,1.0,True,1.0
autonomy,autonomy,opaque_dependency_l6,evaluation_unseen_zero_shot,errors,full_aassr,q_learning,30,0.0,0.0,0.0,0.0,0.0,0.0,1.0,True,1.0
autonomy,autonomy,opaque_dependency_l6,evaluation_unseen_zero_shot,repeats,full_aassr,q_learning,30,0.0,0.0,0.0,0.0,0.0,0.0,1.0,True,1.0
autonomy,autonomy,opaque_dependency_l6,evaluation_unseen_zero_shot,imagined_nodes,full_aassr,q_learning,30,0.0,0.0,0.0,0.0,0.0,0.0,1.0,True,1.0
autonomy,autonomy,opaque_dependency_l6,evaluation_unseen_zero_shot,imagination_depth,full_aassr,q_learning,30,0.0,0.0,0.0,0.0,0.0,0.0,1.0,True,1.0
autonomy,autonomy,opaque_dependency_l6,evaluation_unseen_zero_shot,actual_return,full_aassr,q_learning,30,0.0,0.0,0.0,0.0,0.0,0.0,1.0,True,1.0
autonomy,autonomy,opaque_dependency_l6,evaluation_unseen_zero_shot,runtime_seconds,full_aassr,q_learning,30,0.003600903599978968,0.00017236186653705467,0.003428541733441913,0.003292173100174599,0.0035656815501376215,8.7467920401239,4.999750012499375e-05,True,0.00024998750062496874
autonomy,autonomy,opaque_dependency_l6,evaluation_unseen_zero_shot,real_transitions,full_aassr,q_learning,30,6.0,6.0,0.0,0.0,0.0,0.0,1.0,True,1.0
autonomy,autonomy,opaque_dependency_l6,evaluation_unseen_zero_shot,imagined_transitions,full_aassr,q_learning,30,0.0,0.0,0.0,0.0,0.0,0.0,1.0,True,1.0
autonomy,autonomy,opaque_dependency_l6,evaluation_unseen_zero_shot,action_proposals,full_aassr,q_learning,30,6.0,6.0,0.0,0.0,0.0,0.0,1.0,True,1.0
autonomy,autonomy,opaque_dependency_l6,evaluation_unseen_zero_shot,repeat_rate,full_aassr,q_learning,30,0.0,0.0,0.0,0.0,0.0,0.0,1.0,True,1.0
autonomy,autonomy,opaque_dependency_l6,evaluation_unseen_zero_shot,error_rate,full_aassr,q_learning,30,0.0,0.0,0.0,0.0,0.0,0.0,1.0,True,1.0
autonomy,autonomy,opaque_dependency_l6,evaluation_unseen_zero_shot,success,full_aassr,random,30,0.0,0.0145,-0.0145,-0.017666666666666667,-0.011333333333333334,-1.6220234543001812,4.999750012499375e-05,True,0.00024998750062496874
autonomy,autonomy,opaque_dependency_l6,evaluation_unseen_zero_shot,steps,full_aassr,random,30,6.0,6.0,0.0,0.0,0.0,0.0,1.0,True,1.0
autonomy,autonomy,opaque_dependency_l6,evaluation_unseen_zero_shot,high_level_steps,full_aassr,random,30,6.0,6.0,0.0,0.0,0.0,0.0,1.0,True,1.0
autonomy,autonomy,opaque_dependency_l6,evaluation_unseen_zero_shot,primitive_steps,full_aassr,random,30,6.0,6.0,0.0,0.0,0.0,0.0,1.0,True,1.0
autonomy,autonomy,opaque_dependency_l6,evaluation_unseen_zero_shot,reward,full_aassr,random,30,0.0,0.0145,-0.0145,-0.0175,-0.011333333333333334,-1.6220234543001812,4.999750012499375e-05,True,0.00024998750062496874
autonomy,autonomy,opaque_dependency_l6,evaluation_unseen_zero_shot,errors,full_aassr,random,30,0.0,0.0,0.0,0.0,0.0,0.0,1.0,True,1.0
autonomy,autonomy,opaque_dependency_l6,evaluation_unseen_zero_shot,repeats,full_aassr,random,30,0.0,0.0,0.0,0.0,0.0,0.0,1.0,True,1.0
autonomy,autonomy,opaque_dependency_l6,evaluation_unseen_zero_shot,prediction_score,full_aassr,random,30,0.0,0.0,0.0,0.0,0.0,0.0,1.0,True,1.0
autonomy,autonomy,opaque_dependency_l6,evaluation_unseen_zero_shot,holdout_score,full_aassr,random,30,1.0,0.0,1.0,1.0,1.0,0.0,4.999750012499375e-05,True,0.00014999250037498125
autonomy,autonomy,opaque_dependency_l6,evaluation_unseen_zero_shot,imagined_nodes,full_aassr,random,30,0.0,0.0,0.0,0.0,0.0,0.0,1.0,True,1.0
autonomy,autonomy,opaque_dependency_l6,evaluation_unseen_zero_shot,imagination_depth,full_aassr,random,30,0.0,0.0,0.0,0.0,0.0,0.0,1.0,True,1.0
autonomy,autonomy,opaque_dependency_l6,evaluation_unseen_zero_shot,actual_return,full_aassr,random,30,0.0,0.0145,-0.0145,-0.017666666666666667,-0.011333333333333334,-1.6220234543001812,4.999750012499375e-05,True,0.00024998750062496874
autonomy,autonomy,opaque_dependency_l6,evaluation_unseen_zero_shot,runtime_seconds,full_aassr,random,30,0.003600903599978968,0.00327315296693511,0.00032775063304385786,0.0001533849994836297,0.000497681999899214,0.6727005843975881,0.0007999600019999,True,0.0023998800059997
autonomy,autonomy,opaque_dependency_l6,evaluation_unseen_zero_shot,real_transitions,full_aassr,random,30,6.0,6.0,0.0,0.0,0.0,0.0,1.0,True,1.0
autonomy,autonomy,opaque_dependency_l6,evaluation_unseen_zero_shot,imagined_transitions,full_aassr,random,30,0.0,0.0,0.0,0.0,0.0,0.0,1.0,True,1.0
autonomy,autonomy,opaque_dependency_l6,evaluation_unseen_zero_shot,action_proposals,full_aassr,random,30,6.0,6.0,0.0,0.0,0.0,0.0,1.0,True,1.0
autonomy,autonomy,opaque_dependency_l6,evaluation_unseen_zero_shot,repeat_rate,full_aassr,random,30,0.0,0.0,0.0,0.0,0.0,0.0,1.0,True,1.0
autonomy,autonomy,opaque_dependency_l6,evaluation_unseen_zero_shot,error_rate,full_aassr,random,30,0.0,0.0,0.0,0.0,0.0,0.0,1.0,True,1.0
autonomy,autonomy,opaque_dependency_l6,training,success,full_aassr,contextual_policy,30,0.27365,0.4351333333333333,-0.16148333333333334,-0.19063333333333335,-0.13256666666666667,-1.926765229150435,4.999750012499375e-05,True,0.00024998750062496874
autonomy,autonomy,opaque_dependency_l6,training,steps,full_aassr,contextual_policy,30,6.0,6.0,0.0,0.0,0.0,0.0,1.0,True,1.0
autonomy,autonomy,opaque_dependency_l6,training,high_level_steps,full_aassr,contextual_policy,30,6.0,6.0,0.0,0.0,0.0,0.0,1.0,True,1.0
autonomy,autonomy,opaque_dependency_l6,training,primitive_steps,full_aassr,contextual_policy,30,6.0,6.0,0.0,0.0,0.0,0.0,1.0,True,1.0
autonomy,autonomy,opaque_dependency_l6,training,reward,full_aassr,contextual_policy,30,0.27365,0.4351333333333333,-0.16148333333333334,-0.1893,-0.13301666666666667,-1.926765229150435,4.999750012499375e-05,True,0.00024998750062496874
autonomy,autonomy,opaque_dependency_l6,training,errors,full_aassr,contextual_policy,30,0.0,0.0,0.0,0.0,0.0,0.0,1.0,True,1.0
autonomy,autonomy,opaque_dependency_l6,training,repeats,full_aassr,contextual_policy,30,0.0,0.0,0.0,0.0,0.0,0.0,1.0,True,1.0
autonomy,autonomy,opaque_dependency_l6,training,prediction_score,full_aassr,contextual_policy,30,0.9899888888888888,0.0,0.9899888888888888,0.9897833333333333,0.9901916666666667,1718.7492616805616,4.999750012499375e-05,True,0.00024998750062496874
autonomy,autonomy,opaque_dependency_l6,training,holdout_score,full_aassr,contextual_policy,30,0.12353632985024603,0.0,0.12353632985024603,0.12345918816745162,0.12360703805372804,577.0033296216055,4.999750012499375e-05,True,0.00024998750062496874
autonomy,autonomy,opaque_dependency_l6,training,holdout_gain,full_aassr,contextual_policy,30,6.170299199710964e-06,0.0,6.170299199710964e-06,4.7506879694379685e-06,7.808867398940928e-06,1.4134591531175085,4.999750012499375e-05,True,0.00024998750062496874
autonomy,autonomy,opaque_dependency_l6,training,imagined_nodes,full_aassr,contextual_policy,30,186.44828333333334,0.0,186.44828333333334,185.96138333333334,186.95118333333332,136.60331190649467,4.999750012499375e-05,True,0.00024998750062496874
autonomy,autonomy,opaque_dependency_l6,training,imagination_depth,full_aassr,contextual_policy,30,5.443616666666667,0.0,5.443616666666667,5.434916666666667,5.452466666666667,219.3550977949952,4.999750012499375e-05,True,0.00024998750062496874
autonomy,autonomy,opaque_dependency_l6,training,actual_return,full_aassr,contextual_policy,30,0.27365,0.4351333333333333,-0.16148333333333334,-0.1913166666666667,-0.13191666666666665,-1.926765229150435,4.999750012499375e-05,True,0.00024998750062496874
autonomy,autonomy,opaque_dependency_l6,training,runtime_seconds,full_aassr,contextual_policy,30,0.0070465602615979155,0.00044002896493863466,0.00660653129665928,0.006468995618293411,0.006739377336673109,16.813154027913498,4.999750012499375e-05,True,0.00024998750062496874
autonomy,autonomy,opaque_dependency_l6,training,real_transitions,full_aassr,contextual_policy,30,6.0,6.0,0.0,0.0,0.0,0.0,1.0,True,1.0
autonomy,autonomy,opaque_dependency_l6,training,imagined_transitions,full_aassr,contextual_policy,30,186.44828333333334,0.0,186.44828333333334,185.97713333333334,186.93793333333332,136.60331190649467,4.999750012499375e-05,True,0.00024998750062496874
autonomy,autonomy,opaque_dependency_l6,training,action_proposals,full_aassr,contextual_policy,30,6.0,6.0,0.0,0.0,0.0,0.0,1.0,True,1.0
autonomy,autonomy,opaque_dependency_l6,training,repeat_rate,full_aassr,contextual_policy,30,0.0,0.0,0.0,0.0,0.0,0.0,1.0,True,1.0
autonomy,autonomy,opaque_dependency_l6,training,error_rate,full_aassr,contextual_policy,30,0.0,0.0,0.0,0.0,0.0,0.0,1.0,True,1.0
autonomy,autonomy,opaque_dependency_l6,training,learning_auc,full_aassr,contextual_policy,30,0.2736701684175421,0.43520093380023345,-0.16153076538269134,-0.1913873603468401,-0.13138235784558946,-1.9262419410499214,4.999750012499375e-05,True,0.00024998750062496874
autonomy,autonomy,opaque_dependency_l6,training,final_tail_success,full_aassr,contextual_policy,30,0.412,0.7095,-0.29750000000000004,-0.3396666666666667,-0.25683333333333336,-2.4902606945538905,4.999750012499375e-05,True,0.00024998750062496874
autonomy,autonomy,opaque_dependency_l6,training,first_success_real_transitions,full_aassr,contextual_policy,30,321.2,320.8,0.4,-129.0,131.2,0.001070240931562336,0.9984500774961252,True,1.0
autonomy,autonomy,opaque_dependency_l6,training,success,full_aassr,dqn,30,0.27365,0.03606666666666667,0.2375833333333333,0.21138333333333334,0.2632833333333333,3.1911026452709295,4.999750012499375e-05,True,0.00024998750062496874
autonomy,autonomy,opaque_dependency_l6,training,steps,full_aassr,dqn,30,6.0,6.0,0.0,0.0,0.0,0.0,1.0,True,1.0
autonomy,autonomy,opaque_dependency_l6,training,high_level_steps,full_aassr,dqn,30,6.0,6.0,0.0,0.0,0.0,0.0,1.0,True,1.0
autonomy,autonomy,opaque_dependency_l6,training,primitive_steps,full_aassr,dqn,30,6.0,6.0,0.0,0.0,0.0,0.0,1.0,True,1.0
autonomy,autonomy,opaque_dependency_l6,training,reward,full_aassr,dqn,30,0.27365,0.03606666666666667,0.2375833333333333,0.21118333333333333,0.2634166666666667,3.1911026452709295,4.999750012499375e-05,True,0.00024998750062496874
autonomy,autonomy,opaque_dependency_l6,training,errors,full_aassr,dqn,30,0.0,0.0,0.0,0.0,0.0,0.0,1.0,True,1.0
autonomy,autonomy,opaque_dependency_l6,training,repeats,full_aassr,dqn,30,0.0,0.0,0.0,0.0,0.0,0.0,1.0,True,1.0
autonomy,autonomy,opaque_dependency_l6,training,prediction_score,full_aassr,dqn,30,0.9899888888888888,0.0,0.9899888888888888,0.9897861111111111,0.9901861111111111,1718.7492616805616,4.999750012499375e-05,True,0.00024998750062496874
autonomy,autonomy,opaque_dependency_l6,training,holdout_score,full_aassr,dqn,30,0.12353632985024603,0.0,0.12353632985024603,0.12345751151619415,0.12361139508932038,577.0033296216055,4.999750012499375e-05,True,0.00024998750062496874
autonomy,autonomy,opaque_dependency_l6,training,holdout_gain,full_aassr,dqn,30,6.170299199710964e-06,0.0,6.170299199710964e-06,4.6323379099114395e-06,7.77290996040996e-06,1.4134591531175085,4.999750012499375e-05,True,0.00024998750062496874
autonomy,autonomy,opaque_dependency_l6,training,imagined_nodes,full_aassr,dqn,30,186.44828333333334,0.0,186.44828333333334,185.97178333333335,186.92528333333334,136.60331190649467,4.999750012499375e-05,True,0.00024998750062496874
autonomy,autonomy,opaque_dependency_l6,training,imagination_depth,full_aassr,dqn,30,5.443616666666667,0.0,5.443616666666667,5.435216666666666,5.452166666666667,219.3550977949952,4.999750012499375e-05,True,0.00024998750062496874
autonomy,autonomy,opaque_dependency_l6,training,actual_return,full_aassr,dqn,30,0.27365,0.03606666666666667,0.2375833333333333,0.21114999999999998,0.26439999999999997,3.1911026452709295,4.999750012499375e-05,True,0.00024998750062496874
autonomy,autonomy,opaque_dependency_l6,training,runtime_seconds,full_aassr,dqn,30,0.0070465602615979155,0.007894682186701297,-0.000848121925103381,-0.0011417991383791861,-0.000583951051730158,-1.0688267395841478,4.999750012499375e-05,True,0.00024998750062496874
autonomy,autonomy,opaque_dependency_l6,training,real_transitions,full_aassr,dqn,30,6.0,6.0,0.0,0.0,0.0,0.0,1.0,True,1.0
autonomy,autonomy,opaque_dependency_l6,training,imagined_transitions,full_aassr,dqn,30,186.44828333333334,0.0,186.44828333333334,185.99056666666667,186.93476666666666,136.60331190649467,4.999750012499375e-05,True,0.00024998750062496874
autonomy,autonomy,opaque_dependency_l6,training,action_proposals,full_aassr,dqn,30,6.0,6.0,0.0,0.0,0.0,0.0,1.0,True,1.0
autonomy,autonomy,opaque_dependency_l6,training,repeat_rate,full_aassr,dqn,30,0.0,0.0,0.0,0.0,0.0,0.0,1.0,True,1.0
autonomy,autonomy,opaque_dependency_l6,training,error_rate,full_aassr,dqn,30,0.0,0.0,0.0,0.0,0.0,0.0,1.0,True,1.0
autonomy,autonomy,opaque_dependency_l6,training,learning_auc,full_aassr,dqn,30,0.2736701684175421,0.036068034017008505,0.2376021344005336,0.21088044022011004,0.2639236284809071,3.1917486400781203,4.999750012499375e-05,True,0.00024998750062496874
autonomy,autonomy,opaque_dependency_l6,training,final_tail_success,full_aassr,dqn,30,0.412,0.056,0.356,0.30850000000000005,0.4008333333333333,2.7386850680952843,4.999750012499375e-05,True,0.00024998750062496874
autonomy,autonomy,opaque_dependency_l6,training,first_success_real_transitions,full_aassr,dqn,30,321.2,286.2,35.0,-109.6,181.0,0.0846038434385502,0.6545172741362932,True,1.0
autonomy,autonomy,opaque_dependency_l6,training,success,full_aassr,prophecy_no_imagination,30,0.27365,0.43955,-0.16590000000000002,-0.19645,-0.13553333333333337,-1.9277436213303685,4.999750012499375e-05,True,0.00024998750062496874
autonomy,autonomy,opaque_dependency_l6,training,steps,full_aassr,prophecy_no_imagination,30,6.0,6.0,0.0,0.0,0.0,0.0,1.0,True,1.0
autonomy,autonomy,opaque_dependency_l6,training,high_level_steps,full_aassr,prophecy_no_imagination,30,6.0,6.0,0.0,0.0,0.0,0.0,1.0,True,1.0
autonomy,autonomy,opaque_dependency_l6,training,primitive_steps,full_aassr,prophecy_no_imagination,30,6.0,6.0,0.0,0.0,0.0,0.0,1.0,True,1.0
autonomy,autonomy,opaque_dependency_l6,training,reward,full_aassr,prophecy_no_imagination,30,0.27365,0.43955,-0.16590000000000002,-0.19680000000000003,-0.13505000000000003,-1.9277436213303685,4.999750012499375e-05,True,0.00024998750062496874
autonomy,autonomy,opaque_dependency_l6,training,errors,full_aassr,prophecy_no_imagination,30,0.0,0.0,0.0,0.0,0.0,0.0,1.0,True,1.0
autonomy,autonomy,opaque_dependency_l6,training,repeats,full_aassr,prophecy_no_imagination,30,0.0,0.0,0.0,0.0,0.0,0.0,1.0,True,1.0
autonomy,autonomy,opaque_dependency_l6,training,prediction_score,full_aassr,prophecy_no_imagination,30,0.9899888888888888,0.9899694444444445,1.9444444444449704e-05,0.0,4.166666666666578e-05,0.34368788640058806,0.11944402779861008,True,0.11944402779861008
autonomy,autonomy,opaque_dependency_l6,training,holdout_score,full_aassr,prophecy_no_imagination,30,0.12353632985024603,0.12352249510851727,1.3834741728747471e-05,1.8326542504475592e-06,2.783224608562627e-05,0.3715200630387534,0.05049747512624369,True,0.05049747512624369
autonomy,autonomy,opaque_dependency_l6,training,holdout_gain,full_aassr,prophecy_no_imagination,30,6.170299199710964e-06,6.406410310822076e-06,-2.3611111111111102e-07,-6.701388888888888e-07,4.861111111111132e-08,-0.22212261247396164,0.4935253237338133,True,0.4935253237338133
autonomy,autonomy,opaque_dependency_l6,training,imagined_nodes,full_aassr,prophecy_no_imagination,30,186.44828333333334,0.0,186.44828333333334,185.98096666666666,186.92138333333332,136.60331190649467,4.999750012499375e-05,True,0.00024998750062496874
autonomy,autonomy,opaque_dependency_l6,training,imagination_depth,full_aassr,prophecy_no_imagination,30,5.443616666666667,0.0,5.443616666666667,5.434749999999999,5.45205,219.3550977949952,4.999750012499375e-05,True,0.00024998750062496874
autonomy,autonomy,opaque_dependency_l6,training,actual_return,full_aassr,prophecy_no_imagination,30,0.27365,0.43955,-0.16590000000000002,-0.1953,-0.13495000000000001,-1.9277436213303685,4.999750012499375e-05,True,0.00024998750062496874
autonomy,autonomy,opaque_dependency_l6,training,runtime_seconds,full_aassr,prophecy_no_imagination,30,0.0070465602615979155,0.0013603924316135817,0.005686167829984334,0.00555568651501914,0.0058128233249241015,15.459906821083425,4.999750012499375e-05,True,0.00024998750062496874
autonomy,autonomy,opaque_dependency_l6,training,real_transitions,full_aassr,prophecy_no_imagination,30,6.0,6.0,0.0,0.0,0.0,0.0,1.0,True,1.0
autonomy,autonomy,opaque_dependency_l6,training,imagined_transitions,full_aassr,prophecy_no_imagination,30,186.44828333333334,0.0,186.44828333333334,185.9676166666667,186.93803333333332,136.60331190649467,4.999750012499375e-05,True,0.00024998750062496874
autonomy,autonomy,opaque_dependency_l6,training,action_proposals,full_aassr,prophecy_no_imagination,30,6.0,6.0,0.0,0.0,0.0,0.0,1.0,True,1.0
autonomy,autonomy,opaque_dependency_l6,training,repeat_rate,full_aassr,prophecy_no_imagination,30,0.0,0.0,0.0,0.0,0.0,0.0,1.0,True,1.0
autonomy,autonomy,opaque_dependency_l6,training,error_rate,full_aassr,prophecy_no_imagination,30,0.0,0.0,0.0,0.0,0.0,0.0,1.0,True,1.0
autonomy,autonomy,opaque_dependency_l6,training,learning_auc,full_aassr,prophecy_no_imagination,30,0.2736701684175421,0.4396114724028681,-0.165941303985326,-0.19566449891612472,-0.13554277138569285,-1.9273255923875543,4.999750012499375e-05,True,0.00024998750062496874
autonomy,autonomy,opaque_dependency_l6,training,final_tail_success,full_aassr,prophecy_no_imagination,30,0.412,0.7158333333333334,-0.30383333333333334,-0.34700000000000003,-0.2605,-2.4410341786717757,4.999750012499375e-05,True,0.00024998750062496874
autonomy,autonomy,opaque_dependency_l6,training,first_success_real_transitions,full_aassr,prophecy_no_imagination,30,321.2,320.8,0.4,-132.0,136.6,0.001070240931562336,0.9972501374931253,True,1.0
autonomy,autonomy,opaque_dependency_l6,training,success,full_aassr,q_learning,30,0.27365,0.011433333333333334,0.26221666666666665,0.2391333333333333,0.28508333333333336,3.9374381739677085,4.999750012499375e-05,True,0.00024998750062496874
autonomy,autonomy,opaque_dependency_l6,training,steps,full_aassr,q_learning,30,6.0,6.0,0.0,0.0,0.0,0.0,1.0,True,1.0
autonomy,autonomy,opaque_dependency_l6,training,high_level_steps,full_aassr,q_learning,30,6.0,6.0,0.0,0.0,0.0,0.0,1.0,True,1.0
autonomy,autonomy,opaque_dependency_l6,training,primitive_steps,full_aassr,q_learning,30,6.0,6.0,0.0,0.0,0.0,0.0,1.0,True,1.0
autonomy,autonomy,opaque_dependency_l6,training,reward,full_aassr,q_learning,30,0.27365,0.011433333333333334,0.26221666666666665,0.23876666666666665,0.28559999999999997,3.9374381739677085,4.999750012499375e-05,True,0.00024998750062496874
autonomy,autonomy,opaque_dependency_l6,training,errors,full_aassr,q_learning,30,0.0,0.0,0.0,0.0,0.0,0.0,1.0,True,1.0
autonomy,autonomy,opaque_dependency_l6,training,repeats,full_aassr,q_learning,30,0.0,0.0,0.0,0.0,0.0,0.0,1.0,True,1.0
autonomy,autonomy,opaque_dependency_l6,training,prediction_score,full_aassr,q_learning,30,0.9899888888888888,0.0,0.9899888888888888,0.9897805555555556,0.9901888888888889,1718.7492616805616,4.999750012499375e-05,True,0.00024998750062496874
autonomy,autonomy,opaque_dependency_l6,training,holdout_score,full_aassr,q_learning,30,0.12353632985024603,0.0,0.12353632985024603,0.1234596747879441,0.12361100321689801,577.0033296216055,4.999750012499375e-05,True,0.00024998750062496874
autonomy,autonomy,opaque_dependency_l6,training,holdout_gain,full_aassr,q_learning,30,6.170299199710964e-06,0.0,6.170299199710964e-06,4.678910550234079e-06,7.73447807638984e-06,1.4134591531175085,4.999750012499375e-05,True,0.00024998750062496874
autonomy,autonomy,opaque_dependency_l6,training,imagined_nodes,full_aassr,q_learning,30,186.44828333333334,0.0,186.44828333333334,185.98805,186.93506666666664,136.60331190649467,4.999750012499375e-05,True,0.00024998750062496874
autonomy,autonomy,opaque_dependency_l6,training,imagination_depth,full_aassr,q_learning,30,5.443616666666667,0.0,5.443616666666667,5.434583333333333,5.452233333333334,219.3550977949952,4.999750012499375e-05,True,0.00024998750062496874
autonomy,autonomy,opaque_dependency_l6,training,actual_return,full_aassr,q_learning,30,0.27365,0.011433333333333334,0.26221666666666665,0.23825,0.2859,3.9374381739677085,4.999750012499375e-05,True,0.00024998750062496874
autonomy,autonomy,opaque_dependency_l6,training,runtime_seconds,full_aassr,q_learning,30,0.0070465602615979155,0.00023390305172118437,0.00681265720987673,0.006669271379895508,0.006948490144873601,17.217340339818996,4.999750012499375e-05,True,0.00024998750062496874
autonomy,autonomy,opaque_dependency_l6,training,real_transitions,full_aassr,q_learning,30,6.0,6.0,0.0,0.0,0.0,0.0,1.0,True,1.0
autonomy,autonomy,opaque_dependency_l6,training,imagined_transitions,full_aassr,q_learning,30,186.44828333333334,0.0,186.44828333333334,185.97718333333333,186.92258333333334,136.60331190649467,4.999750012499375e-05,True,0.00024998750062496874
autonomy,autonomy,opaque_dependency_l6,training,action_proposals,full_aassr,q_learning,30,6.0,6.0,0.0,0.0,0.0,0.0,1.0,True,1.0
autonomy,autonomy,opaque_dependency_l6,training,repeat_rate,full_aassr,q_learning,30,0.0,0.0,0.0,0.0,0.0,0.0,1.0,True,1.0
autonomy,autonomy,opaque_dependency_l6,training,error_rate,full_aassr,q_learning,30,0.0,0.0,0.0,0.0,0.0,0.0,1.0,True,1.0
autonomy,autonomy,opaque_dependency_l6,training,learning_auc,full_aassr,q_learning,30,0.2736701684175421,0.011430715357678839,0.26223945305986324,0.23871102217775553,0.2855511088877772,3.937221880238203,4.999750012499375e-05,True,0.00024998750062496874
autonomy,autonomy,opaque_dependency_l6,training,final_tail_success,full_aassr,q_learning,30,0.412,0.007500000000000001,0.40449999999999997,0.366,0.44283333333333336,3.6743027580124688,4.999750012499375e-05,True,0.00024998750062496874
autonomy,autonomy,opaque_dependency_l6,training,first_success_real_transitions,full_aassr,q_learning,30,321.2,341.6,-20.4,-134.4,96.0,-0.06378545958778664,0.6921153942302884,True,1.0
autonomy,autonomy,opaque_dependency_l6,training,success,full_aassr,random,30,0.27365,0.015533333333333335,0.25811666666666666,0.23376666666666665,0.2821166666666667,3.780872333497551,4.999750012499375e-05,True,0.00024998750062496874
autonomy,autonomy,opaque_dependency_l6,training,steps,full_aassr,random,30,6.0,6.0,0.0,0.0,0.0,0.0,1.0,True,1.0
autonomy,autonomy,opaque_dependency_l6,training,high_level_steps,full_aassr,random,30,6.0,6.0,0.0,0.0,0.0,0.0,1.0,True,1.0
autonomy,autonomy,opaque_dependency_l6,training,primitive_steps,full_aassr,random,30,6.0,6.0,0.0,0.0,0.0,0.0,1.0,True,1.0
autonomy,autonomy,opaque_dependency_l6,training,reward,full_aassr,random,30,0.27365,0.015533333333333335,0.25811666666666666,0.23436666666666667,0.2827166666666666,3.780872333497551,4.999750012499375e-05,True,0.00024998750062496874
autonomy,autonomy,opaque_dependency_l6,training,errors,full_aassr,random,30,0.0,0.0,0.0,0.0,0.0,0.0,1.0,True,1.0
autonomy,autonomy,opaque_dependency_l6,training,repeats,full_aassr,random,30,0.0,0.0,0.0,0.0,0.0,0.0,1.0,True,1.0
autonomy,autonomy,opaque_dependency_l6,training,prediction_score,full_aassr,random,30,0.9899888888888888,0.0,0.9899888888888888,0.9897861111111111,0.9901861111111111,1718.7492616805616,4.999750012499375e-05,True,0.00024998750062496874
autonomy,autonomy,opaque_dependency_l6,training,holdout_score,full_aassr,random,30,0.12353632985024603,0.0,0.12353632985024603,0.12346000117917352,0.12360887380295461,577.0033296216055,4.999750012499375e-05,True,0.00024998750062496874
autonomy,autonomy,opaque_dependency_l6,training,holdout_gain,full_aassr,random,30,6.170299199710964e-06,0.0,6.170299199710964e-06,4.672453703703704e-06,7.75333728091081e-06,1.4134591531175085,4.999750012499375e-05,True,0.00024998750062496874
autonomy,autonomy,opaque_dependency_l6,training,imagined_nodes,full_aassr,random,30,186.44828333333334,0.0,186.44828333333334,185.98116666666667,186.93035,136.60331190649467,4.999750012499375e-05,True,0.00024998750062496874
autonomy,autonomy,opaque_dependency_l6,training,imagination_depth,full_aassr,random,30,5.443616666666667,0.0,5.443616666666667,5.43485,5.452583333333333,219.3550977949952,4.999750012499375e-05,True,0.00024998750062496874
autonomy,autonomy,opaque_dependency_l6,training,actual_return,full_aassr,random,30,0.27365,0.015533333333333335,0.25811666666666666,0.23445,0.2828166666666666,3.780872333497551,4.999750012499375e-05,True,0.00024998750062496874
autonomy,autonomy,opaque_dependency_l6,training,runtime_seconds,full_aassr,random,30,0.0070465602615979155,0.00030333861335287413,0.006743221648245041,0.006602622008120913,0.006879817509964536,17.105010455316986,4.999750012499375e-05,True,0.00024998750062496874
autonomy,autonomy,opaque_dependency_l6,training,real_transitions,full_aassr,random,30,6.0,6.0,0.0,0.0,0.0,0.0,1.0,True,1.0
autonomy,autonomy,opaque_dependency_l6,training,imagined_transitions,full_aassr,random,30,186.44828333333334,0.0,186.44828333333334,185.94998333333334,186.93815,136.60331190649467,4.999750012499375e-05,True,0.00024998750062496874
autonomy,autonomy,opaque_dependency_l6,training,action_proposals,full_aassr,random,30,6.0,6.0,0.0,0.0,0.0,0.0,1.0,True,1.0
autonomy,autonomy,opaque_dependency_l6,training,repeat_rate,full_aassr,random,30,0.0,0.0,0.0,0.0,0.0,0.0,1.0,True,1.0
autonomy,autonomy,opaque_dependency_l6,training,error_rate,full_aassr,random,30,0.0,0.0,0.0,0.0,0.0,0.0,1.0,True,1.0
autonomy,autonomy,opaque_dependency_l6,training,learning_auc,full_aassr,random,30,0.2736701684175421,0.015499416374854092,0.258170752042688,0.23365015841253958,0.28207437051859263,3.7822960243510977,4.999750012499375e-05,True,0.00024998750062496874
autonomy,autonomy,opaque_dependency_l6,training,final_tail_success,full_aassr,random,30,0.412,0.015166666666666667,0.3968333333333333,0.35933333333333334,0.43466666666666665,3.6702176162521662,4.999750012499375e-05,True,0.00024998750062496874
autonomy,autonomy,opaque_dependency_l6,training,first_success_real_transitions,full_aassr,random,30,321.2,379.8,-58.6,-220.2,114.2,-0.12255060093352046,0.5104744762761861,True,1.0
autonomy,autonomy,opaque_dependency_l8,evaluation_seen,success,full_aassr,contextual_policy,30,0.0,0.0,0.0,0.0,0.0,0.0,1.0,True,1.0
autonomy,autonomy,opaque_dependency_l8,evaluation_seen,steps,full_aassr,contextual_policy,30,8.0,8.0,0.0,0.0,0.0,0.0,1.0,True,1.0
autonomy,autonomy,opaque_dependency_l8,evaluation_seen,high_level_steps,full_aassr,contextual_policy,30,8.0,8.0,0.0,0.0,0.0,0.0,1.0,True,1.0
autonomy,autonomy,opaque_dependency_l8,evaluation_seen,primitive_steps,full_aassr,contextual_policy,30,8.0,8.0,0.0,0.0,0.0,0.0,1.0,True,1.0
autonomy,autonomy,opaque_dependency_l8,evaluation_seen,reward,full_aassr,contextual_policy,30,0.0,0.0,0.0,0.0,0.0,0.0,1.0,True,1.0
autonomy,autonomy,opaque_dependency_l8,evaluation_seen,errors,full_aassr,contextual_policy,30,0.0,0.0,0.0,0.0,0.0,0.0,1.0,True,1.0
autonomy,autonomy,opaque_dependency_l8,evaluation_seen,repeats,full_aassr,contextual_policy,30,0.0,0.0,0.0,0.0,0.0,0.0,1.0,True,1.0
autonomy,autonomy,opaque_dependency_l8,evaluation_seen,prediction_score,full_aassr,contextual_policy,30,0.0,0.0,0.0,0.0,0.0,0.0,1.0,True,1.0
autonomy,autonomy,opaque_dependency_l8,evaluation_seen,holdout_score,full_aassr,contextual_policy,30,1.0,0.0,1.0,1.0,1.0,0.0,4.999750012499375e-05,True,0.00014999250037498125
autonomy,autonomy,opaque_dependency_l8,evaluation_seen,imagined_nodes,full_aassr,contextual_policy,30,0.0,0.0,0.0,0.0,0.0,0.0,1.0,True,1.0
autonomy,autonomy,opaque_dependency_l8,evaluation_seen,imagination_depth,full_aassr,contextual_policy,30,0.0,0.0,0.0,0.0,0.0,0.0,1.0,True,1.0
autonomy,autonomy,opaque_dependency_l8,evaluation_seen,actual_return,full_aassr,contextual_policy,30,0.0,0.0,0.0,0.0,0.0,0.0,1.0,True,1.0
autonomy,autonomy,opaque_dependency_l8,evaluation_seen,runtime_seconds,full_aassr,contextual_policy,30,0.0051917688500931645,0.00488316286674429,0.0003086059833488739,0.00010193088339292463,0.0005194257830201728,0.5132269784710435,0.009799510024498775,True,0.01959902004899755
autonomy,autonomy,opaque_dependency_l8,evaluation_seen,real_transitions,full_aassr,contextual_policy,30,8.0,8.0,0.0,0.0,0.0,0.0,1.0,True,1.0
autonomy,autonomy,opaque_dependency_l8,evaluation_seen,imagined_transitions,full_aassr,contextual_policy,30,0.0,0.0,0.0,0.0,0.0,0.0,1.0,True,1.0
autonomy,autonomy,opaque_dependency_l8,evaluation_seen,action_proposals,full_aassr,contextual_policy,30,8.0,8.0,0.0,0.0,0.0,0.0,1.0,True,1.0
autonomy,autonomy,opaque_dependency_l8,evaluation_seen,repeat_rate,full_aassr,contextual_policy,30,0.0,0.0,0.0,0.0,0.0,0.0,1.0,True,1.0
autonomy,autonomy,opaque_dependency_l8,evaluation_seen,error_rate,full_aassr,contextual_policy,30,0.0,0.0,0.0,0.0,0.0,0.0,1.0,True,1.0
autonomy,autonomy,opaque_dependency_l8,evaluation_seen,success,full_aassr,dqn,30,0.0,0.0,0.0,0.0,0.0,0.0,1.0,True,1.0
autonomy,autonomy,opaque_dependency_l8,evaluation_seen,steps,full_aassr,dqn,30,8.0,8.0,0.0,0.0,0.0,0.0,1.0,True,1.0
autonomy,autonomy,opaque_dependency_l8,evaluation_seen,high_level_steps,full_aassr,dqn,30,8.0,8.0,0.0,0.0,0.0,0.0,1.0,True,1.0
autonomy,autonomy,opaque_dependency_l8,evaluation_seen,primitive_steps,full_aassr,dqn,30,8.0,8.0,0.0,0.0,0.0,0.0,1.0,True,1.0
autonomy,autonomy,opaque_dependency_l8,evaluation_seen,reward,full_aassr,dqn,30,0.0,0.0,0.0,0.0,0.0,0.0,1.0,True,1.0
autonomy,autonomy,opaque_dependency_l8,evaluation_seen,errors,full_aassr,dqn,30,0.0,0.0,0.0,0.0,0.0,0.0,1.0,True,1.0
autonomy,autonomy,opaque_dependency_l8,evaluation_seen,repeats,full_aassr,dqn,30,0.0,0.0,0.0,0.0,0.0,0.0,1.0,True,1.0
autonomy,autonomy,opaque_dependency_l8,evaluation_seen,imagined_nodes,full_aassr,dqn,30,0.0,0.0,0.0,0.0,0.0,0.0,1.0,True,1.0
autonomy,autonomy,opaque_dependency_l8,evaluation_seen,imagination_depth,full_aassr,dqn,30,0.0,0.0,0.0,0.0,0.0,0.0,1.0,True,1.0
autonomy,autonomy,opaque_dependency_l8,evaluation_seen,actual_return,full_aassr,dqn,30,0.0,0.0,0.0,0.0,0.0,0.0,1.0,True,1.0
autonomy,autonomy,opaque_dependency_l8,evaluation_seen,runtime_seconds,full_aassr,dqn,30,0.0051917688500931645,0.0029565744832895386,0.0022351943668036255,0.0020189202333131106,0.002447230966587085,3.660791666190603,4.999750012499375e-05,True,0.00024998750062496874
autonomy,autonomy,opaque_dependency_l8,evaluation_seen,real_transitions,full_aassr,dqn,30,8.0,8.0,0.0,0.0,0.0,0.0,1.0,True,1.0
autonomy,autonomy,opaque_dependency_l8,evaluation_seen,imagined_transitions,full_aassr,dqn,30,0.0,0.0,0.0,0.0,0.0,0.0,1.0,True,1.0
autonomy,autonomy,opaque_dependency_l8,evaluation_seen,action_proposals,full_aassr,dqn,30,8.0,8.0,0.0,0.0,0.0,0.0,1.0,True,1.0
autonomy,autonomy,opaque_dependency_l8,evaluation_seen,repeat_rate,full_aassr,dqn,30,0.0,0.0,0.0,0.0,0.0,0.0,1.0,True,1.0
autonomy,autonomy,opaque_dependency_l8,evaluation_seen,error_rate,full_aassr,dqn,30,0.0,0.0,0.0,0.0,0.0,0.0,1.0,True,1.0
autonomy,autonomy,opaque_dependency_l8,evaluation_seen,success,full_aassr,prophecy_no_imagination,30,0.0,0.0,0.0,0.0,0.0,0.0,1.0,True,1.0
autonomy,autonomy,opaque_dependency_l8,evaluation_seen,steps,full_aassr,prophecy_no_imagination,30,8.0,8.0,0.0,0.0,0.0,0.0,1.0,True,1.0
autonomy,autonomy,opaque_dependency_l8,evaluation_seen,high_level_steps,full_aassr,prophecy_no_imagination,30,8.0,8.0,0.0,0.0,0.0,0.0,1.0,True,1.0
autonomy,autonomy,opaque_dependency_l8,evaluation_seen,primitive_steps,full_aassr,prophecy_no_imagination,30,8.0,8.0,0.0,0.0,0.0,0.0,1.0,True,1.0
autonomy,autonomy,opaque_dependency_l8,evaluation_seen,reward,full_aassr,prophecy_no_imagination,30,0.0,0.0,0.0,0.0,0.0,0.0,1.0,True,1.0
autonomy,autonomy,opaque_dependency_l8,evaluation_seen,errors,full_aassr,prophecy_no_imagination,30,0.0,0.0,0.0,0.0,0.0,0.0,1.0,True,1.0
autonomy,autonomy,opaque_dependency_l8,evaluation_seen,repeats,full_aassr,prophecy_no_imagination,30,0.0,0.0,0.0,0.0,0.0,0.0,1.0,True,1.0
autonomy,autonomy,opaque_dependency_l8,evaluation_seen,prediction_score,full_aassr,prophecy_no_imagination,30,0.0,0.0,0.0,0.0,0.0,0.0,1.0,True,1.0
autonomy,autonomy,opaque_dependency_l8,evaluation_seen,holdout_score,full_aassr,prophecy_no_imagination,30,1.0,1.0,0.0,0.0,0.0,0.0,1.0,True,1.0
autonomy,autonomy,opaque_dependency_l8,evaluation_seen,imagined_nodes,full_aassr,prophecy_no_imagination,30,0.0,0.0,0.0,0.0,0.0,0.0,1.0,True,1.0
autonomy,autonomy,opaque_dependency_l8,evaluation_seen,imagination_depth,full_aassr,prophecy_no_imagination,30,0.0,0.0,0.0,0.0,0.0,0.0,1.0,True,1.0
autonomy,autonomy,opaque_dependency_l8,evaluation_seen,actual_return,full_aassr,prophecy_no_imagination,30,0.0,0.0,0.0,0.0,0.0,0.0,1.0,True,1.0
autonomy,autonomy,opaque_dependency_l8,evaluation_seen,runtime_seconds,full_aassr,prophecy_no_imagination,30,0.0051917688500931645,0.00538229610005025,-0.00019052724995708553,-0.0004158942834474146,3.617261674177536e-05,-0.2928350918310814,0.12074396280185991,True,0.12074396280185991
autonomy,autonomy,opaque_dependency_l8,evaluation_seen,real_transitions,full_aassr,prophecy_no_imagination,30,8.0,8.0,0.0,0.0,0.0,0.0,1.0,True,1.0
autonomy,autonomy,opaque_dependency_l8,evaluation_seen,imagined_transitions,full_aassr,prophecy_no_imagination,30,0.0,0.0,0.0,0.0,0.0,0.0,1.0,True,1.0
autonomy,autonomy,opaque_dependency_l8,evaluation_seen,action_proposals,full_aassr,prophecy_no_imagination,30,8.0,8.0,0.0,0.0,0.0,0.0,1.0,True,1.0
autonomy,autonomy,opaque_dependency_l8,evaluation_seen,repeat_rate,full_aassr,prophecy_no_imagination,30,0.0,0.0,0.0,0.0,0.0,0.0,1.0,True,1.0
autonomy,autonomy,opaque_dependency_l8,evaluation_seen,error_rate,full_aassr,prophecy_no_imagination,30,0.0,0.0,0.0,0.0,0.0,0.0,1.0,True,1.0
autonomy,autonomy,opaque_dependency_l8,evaluation_seen,success,full_aassr,q_learning,30,0.0,0.0,0.0,0.0,0.0,0.0,1.0,True,1.0
autonomy,autonomy,opaque_dependency_l8,evaluation_seen,steps,full_aassr,q_learning,30,8.0,8.0,0.0,0.0,0.0,0.0,1.0,True,1.0
autonomy,autonomy,opaque_dependency_l8,evaluation_seen,high_level_steps,full_aassr,q_learning,30,8.0,8.0,0.0,0.0,0.0,0.0,1.0,True,1.0
autonomy,autonomy,opaque_dependency_l8,evaluation_seen,primitive_steps,full_aassr,q_learning,30,8.0,8.0,0.0,0.0,0.0,0.0,1.0,True,1.0
autonomy,autonomy,opaque_dependency_l8,evaluation_seen,reward,full_aassr,q_learning,30,0.0,0.0,0.0,0.0,0.0,0.0,1.0,True,1.0
autonomy,autonomy,opaque_dependency_l8,evaluation_seen,errors,full_aassr,q_learning,30,0.0,0.0,0.0,0.0,0.0,0.0,1.0,True,1.0
autonomy,autonomy,opaque_dependency_l8,evaluation_seen,repeats,full_aassr,q_learning,30,0.0,0.0,0.0,0.0,0.0,0.0,1.0,True,1.0
autonomy,autonomy,opaque_dependency_l8,evaluation_seen,imagined_nodes,full_aassr,q_learning,30,0.0,0.0,0.0,0.0,0.0,0.0,1.0,True,1.0
autonomy,autonomy,opaque_dependency_l8,evaluation_seen,imagination_depth,full_aassr,q_learning,30,0.0,0.0,0.0,0.0,0.0,0.0,1.0,True,1.0
autonomy,autonomy,opaque_dependency_l8,evaluation_seen,actual_return,full_aassr,q_learning,30,0.0,0.0,0.0,0.0,0.0,0.0,1.0,True,1.0
autonomy,autonomy,opaque_dependency_l8,evaluation_seen,runtime_seconds,full_aassr,q_learning,30,0.0051917688500931645,0.00023472128336531265,0.004957047566727851,0.004744389116691309,0.005161436999905467,8.350067395752857,4.999750012499375e-05,True,0.00024998750062496874
autonomy,autonomy,opaque_dependency_l8,evaluation_seen,real_transitions,full_aassr,q_learning,30,8.0,8.0,0.0,0.0,0.0,0.0,1.0,True,1.0
autonomy,autonomy,opaque_dependency_l8,evaluation_seen,imagined_transitions,full_aassr,q_learning,30,0.0,0.0,0.0,0.0,0.0,0.0,1.0,True,1.0
autonomy,autonomy,opaque_dependency_l8,evaluation_seen,action_proposals,full_aassr,q_learning,30,8.0,8.0,0.0,0.0,0.0,0.0,1.0,True,1.0
autonomy,autonomy,opaque_dependency_l8,evaluation_seen,repeat_rate,full_aassr,q_learning,30,0.0,0.0,0.0,0.0,0.0,0.0,1.0,True,1.0
autonomy,autonomy,opaque_dependency_l8,evaluation_seen,error_rate,full_aassr,q_learning,30,0.0,0.0,0.0,0.0,0.0,0.0,1.0,True,1.0
autonomy,autonomy,opaque_dependency_l8,evaluation_seen,success,full_aassr,random,30,0.0,0.0038333333333333336,-0.0038333333333333336,-0.005166666666666667,-0.0025,-0.9907118233001035,4.999750012499375e-05,True,0.00024998750062496874
autonomy,autonomy,opaque_dependency_l8,evaluation_seen,steps,full_aassr,random,30,8.0,8.0,0.0,0.0,0.0,0.0,1.0,True,1.0
autonomy,autonomy,opaque_dependency_l8,evaluation_seen,high_level_steps,full_aassr,random,30,8.0,8.0,0.0,0.0,0.0,0.0,1.0,True,1.0
autonomy,autonomy,opaque_dependency_l8,evaluation_seen,primitive_steps,full_aassr,random,30,8.0,8.0,0.0,0.0,0.0,0.0,1.0,True,1.0
autonomy,autonomy,opaque_dependency_l8,evaluation_seen,reward,full_aassr,random,30,0.0,0.0038333333333333336,-0.0038333333333333336,-0.005333333333333333,-0.0025,-0.9907118233001035,9.99950002499875e-05,True,0.0004999750012499375
autonomy,autonomy,opaque_dependency_l8,evaluation_seen,errors,full_aassr,random,30,0.0,0.0,0.0,0.0,0.0,0.0,1.0,True,1.0
autonomy,autonomy,opaque_dependency_l8,evaluation_seen,repeats,full_aassr,random,30,0.0,0.0,0.0,0.0,0.0,0.0,1.0,True,1.0
autonomy,autonomy,opaque_dependency_l8,evaluation_seen,prediction_score,full_aassr,random,30,0.0,0.0,0.0,0.0,0.0,0.0,1.0,True,1.0
autonomy,autonomy,opaque_dependency_l8,evaluation_seen,holdout_score,full_aassr,random,30,1.0,0.0,1.0,1.0,1.0,0.0,4.999750012499375e-05,True,0.00014999250037498125
autonomy,autonomy,opaque_dependency_l8,evaluation_seen,imagined_nodes,full_aassr,random,30,0.0,0.0,0.0,0.0,0.0,0.0,1.0,True,1.0
autonomy,autonomy,opaque_dependency_l8,evaluation_seen,imagination_depth,full_aassr,random,30,0.0,0.0,0.0,0.0,0.0,0.0,1.0,True,1.0
autonomy,autonomy,opaque_dependency_l8,evaluation_seen,actual_return,full_aassr,random,30,0.0,0.0038333333333333336,-0.0038333333333333336,-0.005166666666666667,-0.0025,-0.9907118233001035,4.999750012499375e-05,True,0.00024998750062496874
autonomy,autonomy,opaque_dependency_l8,evaluation_seen,runtime_seconds,full_aassr,random,30,0.0051917688500931645,0.0048275670831935714,0.0003642017668995929,0.0001304983166434492,0.0005886027332987092,0.5677945042999003,0.004549772511374431,True,0.013649317534123294
autonomy,autonomy,opaque_dependency_l8,evaluation_seen,real_transitions,full_aassr,random,30,8.0,8.0,0.0,0.0,0.0,0.0,1.0,True,1.0
autonomy,autonomy,opaque_dependency_l8,evaluation_seen,imagined_transitions,full_aassr,random,30,0.0,0.0,0.0,0.0,0.0,0.0,1.0,True,1.0
autonomy,autonomy,opaque_dependency_l8,evaluation_seen,action_proposals,full_aassr,random,30,8.0,8.0,0.0,0.0,0.0,0.0,1.0,True,1.0
autonomy,autonomy,opaque_dependency_l8,evaluation_seen,repeat_rate,full_aassr,random,30,0.0,0.0,0.0,0.0,0.0,0.0,1.0,True,1.0
autonomy,autonomy,opaque_dependency_l8,evaluation_seen,error_rate,full_aassr,random,30,0.0,0.0,0.0,0.0,0.0,0.0,1.0,True,1.0
autonomy,autonomy,opaque_dependency_l8,evaluation_unseen_zero_shot,success,full_aassr,contextual_policy,30,0.0,0.0,0.0,0.0,0.0,0.0,1.0,True,1.0
autonomy,autonomy,opaque_dependency_l8,evaluation_unseen_zero_shot,steps,full_aassr,contextual_policy,30,8.0,8.0,0.0,0.0,0.0,0.0,1.0,True,1.0
autonomy,autonomy,opaque_dependency_l8,evaluation_unseen_zero_shot,high_level_steps,full_aassr,contextual_policy,30,8.0,8.0,0.0,0.0,0.0,0.0,1.0,True,1.0
autonomy,autonomy,opaque_dependency_l8,evaluation_unseen_zero_shot,primitive_steps,full_aassr,contextual_policy,30,8.0,8.0,0.0,0.0,0.0,0.0,1.0,True,1.0
autonomy,autonomy,opaque_dependency_l8,evaluation_unseen_zero_shot,reward,full_aassr,contextual_policy,30,0.0,0.0,0.0,0.0,0.0,0.0,1.0,True,1.0
autonomy,autonomy,opaque_dependency_l8,evaluation_unseen_zero_shot,errors,full_aassr,contextual_policy,30,0.0,0.0,0.0,0.0,0.0,0.0,1.0,True,1.0
autonomy,autonomy,opaque_dependency_l8,evaluation_unseen_zero_shot,repeats,full_aassr,contextual_policy,30,0.0,0.0,0.0,0.0,0.0,0.0,1.0,True,1.0
autonomy,autonomy,opaque_dependency_l8,evaluation_unseen_zero_shot,prediction_score,full_aassr,contextual_policy,30,0.0,0.0,0.0,0.0,0.0,0.0,1.0,True,1.0
autonomy,autonomy,opaque_dependency_l8,evaluation_unseen_zero_shot,holdout_score,full_aassr,contextual_policy,30,1.0,0.0,1.0,1.0,1.0,0.0,4.999750012499375e-05,True,0.00014999250037498125
autonomy,autonomy,opaque_dependency_l8,evaluation_unseen_zero_shot,imagined_nodes,full_aassr,contextual_policy,30,0.0,0.0,0.0,0.0,0.0,0.0,1.0,True,1.0
autonomy,autonomy,opaque_dependency_l8,evaluation_unseen_zero_shot,imagination_depth,full_aassr,contextual_policy,30,0.0,0.0,0.0,0.0,0.0,0.0,1.0,True,1.0
autonomy,autonomy,opaque_dependency_l8,evaluation_unseen_zero_shot,actual_return,full_aassr,contextual_policy,30,0.0,0.0,0.0,0.0,0.0,0.0,1.0,True,1.0
autonomy,autonomy,opaque_dependency_l8,evaluation_unseen_zero_shot,runtime_seconds,full_aassr,contextual_policy,30,0.005150533649813345,0.005002057483191796,0.00014847616662154914,-0.00011691555000531176,0.00041291198310500487,0.1998307307237259,0.27973601319934005,True,0.4295785210739463
autonomy,autonomy,opaque_dependency_l8,evaluation_unseen_zero_shot,real_transitions,full_aassr,contextual_policy,30,8.0,8.0,0.0,0.0,0.0,0.0,1.0,True,1.0
autonomy,autonomy,opaque_dependency_l8,evaluation_unseen_zero_shot,imagined_transitions,full_aassr,contextual_policy,30,0.0,0.0,0.0,0.0,0.0,0.0,1.0,True,1.0
autonomy,autonomy,opaque_dependency_l8,evaluation_unseen_zero_shot,action_proposals,full_aassr,contextual_policy,30,8.0,8.0,0.0,0.0,0.0,0.0,1.0,True,1.0
autonomy,autonomy,opaque_dependency_l8,evaluation_unseen_zero_shot,repeat_rate,full_aassr,contextual_policy,30,0.0,0.0,0.0,0.0,0.0,0.0,1.0,True,1.0
autonomy,autonomy,opaque_dependency_l8,evaluation_unseen_zero_shot,error_rate,full_aassr,contextual_policy,30,0.0,0.0,0.0,0.0,0.0,0.0,1.0,True,1.0
autonomy,autonomy,opaque_dependency_l8,evaluation_unseen_zero_shot,success,full_aassr,dqn,30,0.0,0.0,0.0,0.0,0.0,0.0,1.0,True,1.0
autonomy,autonomy,opaque_dependency_l8,evaluation_unseen_zero_shot,steps,full_aassr,dqn,30,8.0,8.0,0.0,0.0,0.0,0.0,1.0,True,1.0
autonomy,autonomy,opaque_dependency_l8,evaluation_unseen_zero_shot,high_level_steps,full_aassr,dqn,30,8.0,8.0,0.0,0.0,0.0,0.0,1.0,True,1.0
autonomy,autonomy,opaque_dependency_l8,evaluation_unseen_zero_shot,primitive_steps,full_aassr,dqn,30,8.0,8.0,0.0,0.0,0.0,0.0,1.0,True,1.0
autonomy,autonomy,opaque_dependency_l8,evaluation_unseen_zero_shot,reward,full_aassr,dqn,30,0.0,0.0,0.0,0.0,0.0,0.0,1.0,True,1.0
autonomy,autonomy,opaque_dependency_l8,evaluation_unseen_zero_shot,errors,full_aassr,dqn,30,0.0,0.0,0.0,0.0,0.0,0.0,1.0,True,1.0
autonomy,autonomy,opaque_dependency_l8,evaluation_unseen_zero_shot,repeats,full_aassr,dqn,30,0.0,0.0,0.0,0.0,0.0,0.0,1.0,True,1.0
autonomy,autonomy,opaque_dependency_l8,evaluation_unseen_zero_shot,imagined_nodes,full_aassr,dqn,30,0.0,0.0,0.0,0.0,0.0,0.0,1.0,True,1.0
autonomy,autonomy,opaque_dependency_l8,evaluation_unseen_zero_shot,imagination_depth,full_aassr,dqn,30,0.0,0.0,0.0,0.0,0.0,0.0,1.0,True,1.0
autonomy,autonomy,opaque_dependency_l8,evaluation_unseen_zero_shot,actual_return,full_aassr,dqn,30,0.0,0.0,0.0,0.0,0.0,0.0,1.0,True,1.0
autonomy,autonomy,opaque_dependency_l8,evaluation_unseen_zero_shot,runtime_seconds,full_aassr,dqn,30,0.005150533649813345,0.0029701735833320224,0.0021803600664813227,0.0019282327163867498,0.0024326824996533107,3.0400652440579075,4.999750012499375e-05,True,0.00024998750062496874
autonomy,autonomy,opaque_dependency_l8,evaluation_unseen_zero_shot,real_transitions,full_aassr,dqn,30,8.0,8.0,0.0,0.0,0.0,0.0,1.0,True,1.0
autonomy,autonomy,opaque_dependency_l8,evaluation_unseen_zero_shot,imagined_transitions,full_aassr,dqn,30,0.0,0.0,0.0,0.0,0.0,0.0,1.0,True,1.0
autonomy,autonomy,opaque_dependency_l8,evaluation_unseen_zero_shot,action_proposals,full_aassr,dqn,30,8.0,8.0,0.0,0.0,0.0,0.0,1.0,True,1.0
autonomy,autonomy,opaque_dependency_l8,evaluation_unseen_zero_shot,repeat_rate,full_aassr,dqn,30,0.0,0.0,0.0,0.0,0.0,0.0,1.0,True,1.0
autonomy,autonomy,opaque_dependency_l8,evaluation_unseen_zero_shot,error_rate,full_aassr,dqn,30,0.0,0.0,0.0,0.0,0.0,0.0,1.0,True,1.0
autonomy,autonomy,opaque_dependency_l8,evaluation_unseen_zero_shot,success,full_aassr,prophecy_no_imagination,30,0.0,0.0,0.0,0.0,0.0,0.0,1.0,True,1.0
autonomy,autonomy,opaque_dependency_l8,evaluation_unseen_zero_shot,steps,full_aassr,prophecy_no_imagination,30,8.0,8.0,0.0,0.0,0.0,0.0,1.0,True,1.0
autonomy,autonomy,opaque_dependency_l8,evaluation_unseen_zero_shot,high_level_steps,full_aassr,prophecy_no_imagination,30,8.0,8.0,0.0,0.0,0.0,0.0,1.0,True,1.0
autonomy,autonomy,opaque_dependency_l8,evaluation_unseen_zero_shot,primitive_steps,full_aassr,prophecy_no_imagination,30,8.0,8.0,0.0,0.0,0.0,0.0,1.0,True,1.0
autonomy,autonomy,opaque_dependency_l8,evaluation_unseen_zero_shot,reward,full_aassr,prophecy_no_imagination,30,0.0,0.0,0.0,0.0,0.0,0.0,1.0,True,1.0
autonomy,autonomy,opaque_dependency_l8,evaluation_unseen_zero_shot,errors,full_aassr,prophecy_no_imagination,30,0.0,0.0,0.0,0.0,0.0,0.0,1.0,True,1.0
autonomy,autonomy,opaque_dependency_l8,evaluation_unseen_zero_shot,repeats,full_aassr,prophecy_no_imagination,30,0.0,0.0,0.0,0.0,0.0,0.0,1.0,True,1.0
autonomy,autonomy,opaque_dependency_l8,evaluation_unseen_zero_shot,prediction_score,full_aassr,prophecy_no_imagination,30,0.0,0.0,0.0,0.0,0.0,0.0,1.0,True,1.0
autonomy,autonomy,opaque_dependency_l8,evaluation_unseen_zero_shot,holdout_score,full_aassr,prophecy_no_imagination,30,1.0,1.0,0.0,0.0,0.0,0.0,1.0,True,1.0
autonomy,autonomy,opaque_dependency_l8,evaluation_unseen_zero_shot,imagined_nodes,full_aassr,prophecy_no_imagination,30,0.0,0.0,0.0,0.0,0.0,0.0,1.0,True,1.0
autonomy,autonomy,opaque_dependency_l8,evaluation_unseen_zero_shot,imagination_depth,full_aassr,prophecy_no_imagination,30,0.0,0.0,0.0,0.0,0.0,0.0,1.0,True,1.0
autonomy,autonomy,opaque_dependency_l8,evaluation_unseen_zero_shot,actual_return,full_aassr,prophecy_no_imagination,30,0.0,0.0,0.0,0.0,0.0,0.0,1.0,True,1.0
autonomy,autonomy,opaque_dependency_l8,evaluation_unseen_zero_shot,runtime_seconds,full_aassr,prophecy_no_imagination,30,0.005150533649813345,0.005455896466577542,-0.0003053628167641969,-0.0005665818832106498,-9.487650061297652e-06,-0.3784115455112157,0.04554772261386931,True,0.13664316784160793
autonomy,autonomy,opaque_dependency_l8,evaluation_unseen_zero_shot,real_transitions,full_aassr,prophecy_no_imagination,30,8.0,8.0,0.0,0.0,0.0,0.0,1.0,True,1.0
autonomy,autonomy,opaque_dependency_l8,evaluation_unseen_zero_shot,imagined_transitions,full_aassr,prophecy_no_imagination,30,0.0,0.0,0.0,0.0,0.0,0.0,1.0,True,1.0
autonomy,autonomy,opaque_dependency_l8,evaluation_unseen_zero_shot,action_proposals,full_aassr,prophecy_no_imagination,30,8.0,8.0,0.0,0.0,0.0,0.0,1.0,True,1.0
autonomy,autonomy,opaque_dependency_l8,evaluation_unseen_zero_shot,repeat_rate,full_aassr,prophecy_no_imagination,30,0.0,0.0,0.0,0.0,0.0,0.0,1.0,True,1.0
autonomy,autonomy,opaque_dependency_l8,evaluation_unseen_zero_shot,error_rate,full_aassr,prophecy_no_imagination,30,0.0,0.0,0.0,0.0,0.0,0.0,1.0,True,1.0
autonomy,autonomy,opaque_dependency_l8,evaluation_unseen_zero_shot,success,full_aassr,q_learning,30,0.0,0.0,0.0,0.0,0.0,0.0,1.0,True,1.0
autonomy,autonomy,opaque_dependency_l8,evaluation_unseen_zero_shot,steps,full_aassr,q_learning,30,8.0,8.0,0.0,0.0,0.0,0.0,1.0,True,1.0
autonomy,autonomy,opaque_dependency_l8,evaluation_unseen_zero_shot,high_level_steps,full_aassr,q_learning,30,8.0,8.0,0.0,0.0,0.0,0.0,1.0,True,1.0
autonomy,autonomy,opaque_dependency_l8,evaluation_unseen_zero_shot,primitive_steps,full_aassr,q_learning,30,8.0,8.0,0.0,0.0,0.0,0.0,1.0,True,1.0
autonomy,autonomy,opaque_dependency_l8,evaluation_unseen_zero_shot,reward,full_aassr,q_learning,30,0.0,0.0,0.0,0.0,0.0,0.0,1.0,True,1.0
autonomy,autonomy,opaque_dependency_l8,evaluation_unseen_zero_shot,errors,full_aassr,q_learning,30,0.0,0.0,0.0,0.0,0.0,0.0,1.0,True,1.0
autonomy,autonomy,opaque_dependency_l8,evaluation_unseen_zero_shot,repeats,full_aassr,q_learning,30,0.0,0.0,0.0,0.0,0.0,0.0,1.0,True,1.0
autonomy,autonomy,opaque_dependency_l8,evaluation_unseen_zero_shot,imagined_nodes,full_aassr,q_learning,30,0.0,0.0,0.0,0.0,0.0,0.0,1.0,True,1.0
autonomy,autonomy,opaque_dependency_l8,evaluation_unseen_zero_shot,imagination_depth,full_aassr,q_learning,30,0.0,0.0,0.0,0.0,0.0,0.0,1.0,True,1.0
autonomy,autonomy,opaque_dependency_l8,evaluation_unseen_zero_shot,actual_return,full_aassr,q_learning,30,0.0,0.0,0.0,0.0,0.0,0.0,1.0,True,1.0
autonomy,autonomy,opaque_dependency_l8,evaluation_unseen_zero_shot,runtime_seconds,full_aassr,q_learning,30,0.005150533649813345,0.0002612673333399774,0.004889266316473367,0.004644683149740255,0.00514723691654702,6.887168770320322,4.999750012499375e-05,True,0.00024998750062496874
autonomy,autonomy,opaque_dependency_l8,evaluation_unseen_zero_shot,real_transitions,full_aassr,q_learning,30,8.0,8.0,0.0,0.0,0.0,0.0,1.0,True,1.0
autonomy,autonomy,opaque_dependency_l8,evaluation_unseen_zero_shot,imagined_transitions,full_aassr,q_learning,30,0.0,0.0,0.0,0.0,0.0,0.0,1.0,True,1.0
autonomy,autonomy,opaque_dependency_l8,evaluation_unseen_zero_shot,action_proposals,full_aassr,q_learning,30,8.0,8.0,0.0,0.0,0.0,0.0,1.0,True,1.0
autonomy,autonomy,opaque_dependency_l8,evaluation_unseen_zero_shot,repeat_rate,full_aassr,q_learning,30,0.0,0.0,0.0,0.0,0.0,0.0,1.0,True,1.0
autonomy,autonomy,opaque_dependency_l8,evaluation_unseen_zero_shot,error_rate,full_aassr,q_learning,30,0.0,0.0,0.0,0.0,0.0,0.0,1.0,True,1.0
autonomy,autonomy,opaque_dependency_l8,evaluation_unseen_zero_shot,success,full_aassr,random,30,0.0,0.004333333333333333,-0.004333333333333333,-0.006,-0.0028333333333333335,-0.963441589806926,4.999750012499375e-05,True,0.00024998750062496874
autonomy,autonomy,opaque_dependency_l8,evaluation_unseen_zero_shot,steps,full_aassr,random,30,8.0,8.0,0.0,0.0,0.0,0.0,1.0,True,1.0
autonomy,autonomy,opaque_dependency_l8,evaluation_unseen_zero_shot,high_level_steps,full_aassr,random,30,8.0,8.0,0.0,0.0,0.0,0.0,1.0,True,1.0
autonomy,autonomy,opaque_dependency_l8,evaluation_unseen_zero_shot,primitive_steps,full_aassr,random,30,8.0,8.0,0.0,0.0,0.0,0.0,1.0,True,1.0
autonomy,autonomy,opaque_dependency_l8,evaluation_unseen_zero_shot,reward,full_aassr,random,30,0.0,0.004333333333333333,-0.004333333333333333,-0.006,-0.0028333333333333335,-0.963441589806926,4.999750012499375e-05,True,0.00024998750062496874
autonomy,autonomy,opaque_dependency_l8,evaluation_unseen_zero_shot,errors,full_aassr,random,30,0.0,0.0,0.0,0.0,0.0,0.0,1.0,True,1.0
autonomy,autonomy,opaque_dependency_l8,evaluation_unseen_zero_shot,repeats,full_aassr,random,30,0.0,0.0,0.0,0.0,0.0,0.0,1.0,True,1.0
autonomy,autonomy,opaque_dependency_l8,evaluation_unseen_zero_shot,prediction_score,full_aassr,random,30,0.0,0.0,0.0,0.0,0.0,0.0,1.0,True,1.0
autonomy,autonomy,opaque_dependency_l8,evaluation_unseen_zero_shot,holdout_score,full_aassr,random,30,1.0,0.0,1.0,1.0,1.0,0.0,4.999750012499375e-05,True,0.00014999250037498125
autonomy,autonomy,opaque_dependency_l8,evaluation_unseen_zero_shot,imagined_nodes,full_aassr,random,30,0.0,0.0,0.0,0.0,0.0,0.0,1.0,True,1.0
autonomy,autonomy,opaque_dependency_l8,evaluation_unseen_zero_shot,imagination_depth,full_aassr,random,30,0.0,0.0,0.0,0.0,0.0,0.0,1.0,True,1.0
autonomy,autonomy,opaque_dependency_l8,evaluation_unseen_zero_shot,actual_return,full_aassr,random,30,0.0,0.004333333333333333,-0.004333333333333333,-0.006,-0.0028333333333333335,-0.963441589806926,4.999750012499375e-05,True,0.00024998750062496874
autonomy,autonomy,opaque_dependency_l8,evaluation_unseen_zero_shot,runtime_seconds,full_aassr,random,30,0.005150533649813345,0.004988613550265048,0.0001619200995482971,-6.794705041587188e-05,0.00041699226635682877,0.23159685521749765,0.21478926053697314,True,0.4295785210739463
autonomy,autonomy,opaque_dependency_l8,evaluation_unseen_zero_shot,real_transitions,full_aassr,random,30,8.0,8.0,0.0,0.0,0.0,0.0,1.0,True,1.0
autonomy,autonomy,opaque_dependency_l8,evaluation_unseen_zero_shot,imagined_transitions,full_aassr,random,30,0.0,0.0,0.0,0.0,0.0,0.0,1.0,True,1.0
autonomy,autonomy,opaque_dependency_l8,evaluation_unseen_zero_shot,action_proposals,full_aassr,random,30,8.0,8.0,0.0,0.0,0.0,0.0,1.0,True,1.0
autonomy,autonomy,opaque_dependency_l8,evaluation_unseen_zero_shot,repeat_rate,full_aassr,random,30,0.0,0.0,0.0,0.0,0.0,0.0,1.0,True,1.0
autonomy,autonomy,opaque_dependency_l8,evaluation_unseen_zero_shot,error_rate,full_aassr,random,30,0.0,0.0,0.0,0.0,0.0,0.0,1.0,True,1.0
autonomy,autonomy,opaque_dependency_l8,training,success,full_aassr,contextual_policy,30,0.03431666666666667,0.16735,-0.13303333333333334,-0.16055,-0.10658333333333332,-1.7498564664262612,4.999750012499375e-05,True,0.00024998750062496874
autonomy,autonomy,opaque_dependency_l8,training,steps,full_aassr,contextual_policy,30,8.0,8.0,0.0,0.0,0.0,0.0,1.0,True,1.0
autonomy,autonomy,opaque_dependency_l8,training,high_level_steps,full_aassr,contextual_policy,30,8.0,8.0,0.0,0.0,0.0,0.0,1.0,True,1.0
autonomy,autonomy,opaque_dependency_l8,training,primitive_steps,full_aassr,contextual_policy,30,8.0,8.0,0.0,0.0,0.0,0.0,1.0,True,1.0
autonomy,autonomy,opaque_dependency_l8,training,reward,full_aassr,contextual_policy,30,0.03431666666666667,0.16735,-0.13303333333333334,-0.15951666666666667,-0.10641666666666666,-1.7498564664262612,4.999750012499375e-05,True,0.00024998750062496874
autonomy,autonomy,opaque_dependency_l8,training,errors,full_aassr,contextual_policy,30,0.0,0.0,0.0,0.0,0.0,0.0,1.0,True,1.0
autonomy,autonomy,opaque_dependency_l8,training,repeats,full_aassr,contextual_policy,30,0.0,0.0,0.0,0.0,0.0,0.0,1.0,True,1.0
autonomy,autonomy,opaque_dependency_l8,training,prediction_score,full_aassr,contextual_policy,30,0.9899749999999999,0.0,0.9899749999999999,0.98985,0.9901020833333334,2792.2599293229096,4.999750012499375e-05,True,0.00024998750062496874
autonomy,autonomy,opaque_dependency_l8,training,holdout_score,full_aassr,contextual_policy,30,0.12352435400680856,0.0,0.12352435400680856,0.12347911294175327,0.1235726647625101,922.2275255904118,4.999750012499375e-05,True,0.00024998750062496874
autonomy,autonomy,opaque_dependency_l8,training,holdout_gain,full_aassr,contextual_policy,30,6.6392562686676655e-06,0.0,6.6392562686676655e-06,5.233629841472979e-06,8.25570167380512e-06,1.5143433636586119,4.999750012499375e-05,True,0.00024998750062496874
autonomy,autonomy,opaque_dependency_l8,training,imagined_nodes,full_aassr,contextual_policy,30,525.2873999999999,0.0,525.2873999999999,524.33725,526.2215333333334,192.9487596772432,4.999750012499375e-05,True,0.00024998750062496874
autonomy,autonomy,opaque_dependency_l8,training,imagination_depth,full_aassr,contextual_policy,30,7.403833333333334,0.0,7.403833333333334,7.395883333333333,7.4123833333333335,315.02805274169845,4.999750012499375e-05,True,0.00024998750062496874
autonomy,autonomy,opaque_dependency_l8,training,actual_return,full_aassr,contextual_policy,30,0.03431666666666667,0.16735,-0.13303333333333334,-0.16026666666666667,-0.10661666666666667,-1.7498564664262612,4.999750012499375e-05,True,0.00024998750062496874
autonomy,autonomy,opaque_dependency_l8,training,runtime_seconds,full_aassr,contextual_policy,30,0.018366377895018864,0.0006342747251022956,0.017732103169916566,0.01732694293325961,0.018081455379844798,16.147033480095946,4.999750012499375e-05,True,0.00024998750062496874
autonomy,autonomy,opaque_dependency_l8,training,real_transitions,full_aassr,contextual_policy,30,8.0,8.0,0.0,0.0,0.0,0.0,1.0,True,1.0
autonomy,autonomy,opaque_dependency_l8,training,imagined_transitions,full_aassr,contextual_policy,30,525.2873999999999,0.0,525.2873999999999,524.3126,526.2808,192.9487596772432,4.999750012499375e-05,True,0.00024998750062496874
autonomy,autonomy,opaque_dependency_l8,training,action_proposals,full_aassr,contextual_policy,30,8.0,8.0,0.0,0.0,0.0,0.0,1.0,True,1.0
autonomy,autonomy,opaque_dependency_l8,training,repeat_rate,full_aassr,contextual_policy,30,0.0,0.0,0.0,0.0,0.0,0.0,1.0,True,1.0
autonomy,autonomy,opaque_dependency_l8,training,error_rate,full_aassr,contextual_policy,30,0.0,0.0,0.0,0.0,0.0,0.0,1.0,True,1.0
autonomy,autonomy,opaque_dependency_l8,training,learning_auc,full_aassr,contextual_policy,30,0.034333833583458394,0.1673670168417542,-0.1330331832582958,-0.15986326496581624,-0.10646990161747541,-1.7499246507275041,4.999750012499375e-05,True,0.00024998750062496874
autonomy,autonomy,opaque_dependency_l8,training,final_tail_success,full_aassr,contextual_policy,30,0.04933333333333333,0.2935,-0.24416666666666667,-0.29433333333333334,-0.194,-1.740828399017218,4.999750012499375e-05,True,0.00024998750062496874
autonomy,autonomy,opaque_dependency_l8,training,first_success_real_transitions,full_aassr,contextual_policy,27,1936.2962962962963,1196.7407407407406,739.5555555555555,163.25925925925927,1381.6296296296296,0.45342801705295427,0.022848857557122144,True,0.09139543022848858
autonomy,autonomy,opaque_dependency_l8,training,success,full_aassr,dqn,30,0.03431666666666667,0.0028,0.031516666666666665,0.019116666666666667,0.04368333333333333,0.9081360494117643,0.00014999250037498125,True,0.0002999850007499625
autonomy,autonomy,opaque_dependency_l8,training,steps,full_aassr,dqn,30,8.0,8.0,0.0,0.0,0.0,0.0,1.0,True,1.0
autonomy,autonomy,opaque_dependency_l8,training,high_level_steps,full_aassr,dqn,30,8.0,8.0,0.0,0.0,0.0,0.0,1.0,True,1.0
autonomy,autonomy,opaque_dependency_l8,training,primitive_steps,full_aassr,dqn,30,8.0,8.0,0.0,0.0,0.0,0.0,1.0,True,1.0
autonomy,autonomy,opaque_dependency_l8,training,reward,full_aassr,dqn,30,0.03431666666666667,0.0028,0.031516666666666665,0.019466666666666667,0.044116666666666665,0.9081360494117643,9.99950002499875e-05,True,0.00024998750062496874
autonomy,autonomy,opaque_dependency_l8,training,errors,full_aassr,dqn,30,0.0,0.0,0.0,0.0,0.0,0.0,1.0,True,1.0
autonomy,autonomy,opaque_dependency_l8,training,repeats,full_aassr,dqn,30,0.0,0.0,0.0,0.0,0.0,0.0,1.0,True,1.0
autonomy,autonomy,opaque_dependency_l8,training,prediction_score,full_aassr,dqn,30,0.9899749999999999,0.0,0.9899749999999999,0.9898520833333334,0.9900979166666667,2792.2599293229096,4.999750012499375e-05,True,0.00024998750062496874
autonomy,autonomy,opaque_dependency_l8,training,holdout_score,full_aassr,dqn,30,0.12352435400680856,0.0,0.12352435400680856,0.12347859005261363,0.12357343759022314,922.2275255904118,4.999750012499375e-05,True,0.00024998750062496874
autonomy,autonomy,opaque_dependency_l8,training,holdout_gain,full_aassr,dqn,30,6.6392562686676655e-06,0.0,6.6392562686676655e-06,5.1632358427701556e-06,8.251289915363668e-06,1.5143433636586119,4.999750012499375e-05,True,0.00024998750062496874
autonomy,autonomy,opaque_dependency_l8,training,imagined_nodes,full_aassr,dqn,30,525.2873999999999,0.0,525.2873999999999,524.3533833333333,526.2473,192.9487596772432,4.999750012499375e-05,True,0.00024998750062496874
autonomy,autonomy,opaque_dependency_l8,training,imagination_depth,full_aassr,dqn,30,7.403833333333334,0.0,7.403833333333334,7.395883333333333,7.412183333333333,315.02805274169845,4.999750012499375e-05,True,0.00024998750062496874
autonomy,autonomy,opaque_dependency_l8,training,actual_return,full_aassr,dqn,30,0.03431666666666667,0.0028,0.031516666666666665,0.019399999999999997,0.044116666666666665,0.9081360494117643,4.999750012499375e-05,True,0.00024998750062496874
autonomy,autonomy,opaque_dependency_l8,training,runtime_seconds,full_aassr,dqn,30,0.018366377895018864,0.010545095883318088,0.007821282011700775,0.007392098115136711,0.008222506263228327,6.524756490013873,4.999750012499375e-05,True,0.00024998750062496874
autonomy,autonomy,opaque_dependency_l8,training,real_transitions,full_aassr,dqn,30,8.0,8.0,0.0,0.0,0.0,0.0,1.0,True,1.0
autonomy,autonomy,opaque_dependency_l8,training,imagined_transitions,full_aassr,dqn,30,525.2873999999999,0.0,525.2873999999999,524.33155,526.2339,192.9487596772432,4.999750012499375e-05,True,0.00024998750062496874
autonomy,autonomy,opaque_dependency_l8,training,action_proposals,full_aassr,dqn,30,8.0,8.0,0.0,0.0,0.0,0.0,1.0,True,1.0
autonomy,autonomy,opaque_dependency_l8,training,repeat_rate,full_aassr,dqn,30,0.0,0.0,0.0,0.0,0.0,0.0,1.0,True,1.0
autonomy,autonomy,opaque_dependency_l8,training,error_rate,full_aassr,dqn,30,0.0,0.0,0.0,0.0,0.0,0.0,1.0,True,1.0
autonomy,autonomy,opaque_dependency_l8,training,learning_auc,full_aassr,dqn,30,0.034333833583458394,0.002801400700350175,0.03153243288310822,0.019493079873269967,0.043621810905452724,0.9081360494117643,4.999750012499375e-05,True,0.00024998750062496874
autonomy,autonomy,opaque_dependency_l8,training,final_tail_success,full_aassr,dqn,30,0.04933333333333333,0.001,0.04833333333333333,0.030000000000000002,0.067,0.9050013646090563,0.0002999850007499625,True,0.0002999850007499625
autonomy,autonomy,opaque_dependency_l8,training,first_success_real_transitions,full_aassr,dqn,26,1968.3076923076924,1766.7692307692307,201.53846153846155,-422.46153846153845,877.5384615384615,0.11795175144361343,0.5643717814109295,True,0.9937503124843757
autonomy,autonomy,opaque_dependency_l8,training,success,full_aassr,prophecy_no_imagination,30,0.03431666666666667,0.15943333333333334,-0.12511666666666665,-0.15048333333333333,-0.09916666666666667,-1.709734432020875,4.999750012499375e-05,True,0.00024998750062496874
autonomy,autonomy,opaque_dependency_l8,training,steps,full_aassr,prophecy_no_imagination,30,8.0,8.0,0.0,0.0,0.0,0.0,1.0,True,1.0
autonomy,autonomy,opaque_dependency_l8,training,high_level_steps,full_aassr,prophecy_no_imagination,30,8.0,8.0,0.0,0.0,0.0,0.0,1.0,True,1.0
autonomy,autonomy,opaque_dependency_l8,training,primitive_steps,full_aassr,prophecy_no_imagination,30,8.0,8.0,0.0,0.0,0.0,0.0,1.0,True,1.0
autonomy,autonomy,opaque_dependency_l8,training,reward,full_aassr,prophecy_no_imagination,30,0.03431666666666667,0.15943333333333334,-0.12511666666666665,-0.15063333333333334,-0.09866666666666667,-1.709734432020875,4.999750012499375e-05,True,0.00024998750062496874
autonomy,autonomy,opaque_dependency_l8,training,errors,full_aassr,prophecy_no_imagination,30,0.0,0.0,0.0,0.0,0.0,0.0,1.0,True,1.0
autonomy,autonomy,opaque_dependency_l8,training,repeats,full_aassr,prophecy_no_imagination,30,0.0,0.0,0.0,0.0,0.0,0.0,1.0,True,1.0
autonomy,autonomy,opaque_dependency_l8,training,prediction_score,full_aassr,prophecy_no_imagination,30,0.9899749999999999,0.9899770833333333,-2.083333333328478e-06,-1.4583333333336354e-05,1.0416666666683099e-05,-0.05420513402994689,1.0,True,1.0
autonomy,autonomy,opaque_dependency_l8,training,holdout_score,full_aassr,prophecy_no_imagination,30,0.12352435400680856,0.12352975517296182,-5.4011661532659315e-06,-1.6191816276241168e-05,4.815729103804326e-06,-0.1843996345755828,0.3329833508324584,True,0.3329833508324584
autonomy,autonomy,opaque_dependency_l8,training,holdout_gain,full_aassr,prophecy_no_imagination,30,6.6392562686676655e-06,6.495407062318459e-06,1.438492063492063e-07,-1.1160714285714291e-07,4.0798611111111105e-07,0.1984236480863519,0.3143342832858357,True,0.3143342832858357
autonomy,autonomy,opaque_dependency_l8,training,imagined_nodes,full_aassr,prophecy_no_imagination,30,525.2873999999999,0.0,525.2873999999999,524.3384,526.2566333333333,192.9487596772432,4.999750012499375e-05,True,0.00024998750062496874
autonomy,autonomy,opaque_dependency_l8,training,imagination_depth,full_aassr,prophecy_no_imagination,30,7.403833333333334,0.0,7.403833333333334,7.395716666666667,7.412133333333333,315.02805274169845,4.999750012499375e-05,True,0.00024998750062496874
autonomy,autonomy,opaque_dependency_l8,training,actual_return,full_aassr,prophecy_no_imagination,30,0.03431666666666667,0.15943333333333334,-0.12511666666666665,-0.1508,-0.09949999999999999,-1.709734432020875,4.999750012499375e-05,True,0.00024998750062496874
autonomy,autonomy,opaque_dependency_l8,training,runtime_seconds,full_aassr,prophecy_no_imagination,30,0.018366377895018864,0.0020178204682966073,0.016348557426722254,0.015933683609935297,0.016695194205115452,15.013997553402538,4.999750012499375e-05,True,0.00024998750062496874
autonomy,autonomy,opaque_dependency_l8,training,real_transitions,full_aassr,prophecy_no_imagination,30,8.0,8.0,0.0,0.0,0.0,0.0,1.0,True,1.0
autonomy,autonomy,opaque_dependency_l8,training,imagined_transitions,full_aassr,prophecy_no_imagination,30,525.2873999999999,0.0,525.2873999999999,524.3093333333334,526.2342833333333,192.9487596772432,4.999750012499375e-05,True,0.00024998750062496874
autonomy,autonomy,opaque_dependency_l8,training,action_proposals,full_aassr,prophecy_no_imagination,30,8.0,8.0,0.0,0.0,0.0,0.0,1.0,True,1.0
autonomy,autonomy,opaque_dependency_l8,training,repeat_rate,full_aassr,prophecy_no_imagination,30,0.0,0.0,0.0,0.0,0.0,0.0,1.0,True,1.0
autonomy,autonomy,opaque_dependency_l8,training,error_rate,full_aassr,prophecy_no_imagination,30,0.0,0.0,0.0,0.0,0.0,0.0,1.0,True,1.0
autonomy,autonomy,opaque_dependency_l8,training,learning_auc,full_aassr,prophecy_no_imagination,30,0.034333833583458394,0.15945472736368185,-0.12512089378022345,-0.1509171252292813,-0.10002501250625313,-1.709737069252777,4.999750012499375e-05,True,0.00024998750062496874
autonomy,autonomy,opaque_dependency_l8,training,final_tail_success,full_aassr,prophecy_no_imagination,30,0.04933333333333333,0.2768333333333333,-0.2275,-0.27466666666666667,-0.18283333333333335,-1.707771201165101,4.999750012499375e-05,True,0.00024998750062496874
autonomy,autonomy,opaque_dependency_l8,training,first_success_real_transitions,full_aassr,prophecy_no_imagination,27,1936.2962962962963,1196.7407407407406,739.5555555555555,186.66666666666666,1377.7777777777778,0.45342801705295427,0.023098845057747112,True,0.09139543022848858
autonomy,autonomy,opaque_dependency_l8,training,success,full_aassr,q_learning,30,0.03431666666666667,0.003033333333333333,0.03128333333333334,0.019883333333333333,0.043166666666666666,0.9382507900094735,4.999750012499375e-05,True,0.00024998750062496874
autonomy,autonomy,opaque_dependency_l8,training,steps,full_aassr,q_learning,30,8.0,8.0,0.0,0.0,0.0,0.0,1.0,True,1.0
autonomy,autonomy,opaque_dependency_l8,training,high_level_steps,full_aassr,q_learning,30,8.0,8.0,0.0,0.0,0.0,0.0,1.0,True,1.0
autonomy,autonomy,opaque_dependency_l8,training,primitive_steps,full_aassr,q_learning,30,8.0,8.0,0.0,0.0,0.0,0.0,1.0,True,1.0
autonomy,autonomy,opaque_dependency_l8,training,reward,full_aassr,q_learning,30,0.03431666666666667,0.003033333333333333,0.03128333333333334,0.020183333333333334,0.04271666666666666,0.9382507900094735,4.999750012499375e-05,True,0.00024998750062496874
autonomy,autonomy,opaque_dependency_l8,training,errors,full_aassr,q_learning,30,0.0,0.0,0.0,0.0,0.0,0.0,1.0,True,1.0
autonomy,autonomy,opaque_dependency_l8,training,repeats,full_aassr,q_learning,30,0.0,0.0,0.0,0.0,0.0,0.0,1.0,True,1.0
autonomy,autonomy,opaque_dependency_l8,training,prediction_score,full_aassr,q_learning,30,0.9899749999999999,0.0,0.9899749999999999,0.9898520833333334,0.9900958333333333,2792.2599293229096,4.999750012499375e-05,True,0.00024998750062496874
autonomy,autonomy,opaque_dependency_l8,training,holdout_score,full_aassr,q_learning,30,0.12352435400680856,0.0,0.12352435400680856,0.12347758312340278,0.12357310004129397,922.2275255904118,4.999750012499375e-05,True,0.00024998750062496874
autonomy,autonomy,opaque_dependency_l8,training,holdout_gain,full_aassr,q_learning,30,6.6392562686676655e-06,0.0,6.6392562686676655e-06,5.151949264927473e-06,8.246330773180629e-06,1.5143433636586119,4.999750012499375e-05,True,0.00024998750062496874
autonomy,autonomy,opaque_dependency_l8,training,imagined_nodes,full_aassr,q_learning,30,525.2873999999999,0.0,525.2873999999999,524.3316666666667,526.2494333333333,192.9487596772432,4.999750012499375e-05,True,0.00024998750062496874
autonomy,autonomy,opaque_dependency_l8,training,imagination_depth,full_aassr,q_learning,30,7.403833333333334,0.0,7.403833333333334,7.395816666666667,7.41235,315.02805274169845,4.999750012499375e-05,True,0.00024998750062496874
autonomy,autonomy,opaque_dependency_l8,training,actual_return,full_aassr,q_learning,30,0.03431666666666667,0.003033333333333333,0.03128333333333334,0.0197,0.04326666666666667,0.9382507900094735,4.999750012499375e-05,True,0.00024998750062496874
autonomy,autonomy,opaque_dependency_l8,training,runtime_seconds,full_aassr,q_learning,30,0.018366377895018864,0.0003316434249640831,0.018034734470054777,0.01763707301502485,0.01837938565014823,16.6454536851705,4.999750012499375e-05,True,0.00024998750062496874
autonomy,autonomy,opaque_dependency_l8,training,real_transitions,full_aassr,q_learning,30,8.0,8.0,0.0,0.0,0.0,0.0,1.0,True,1.0
autonomy,autonomy,opaque_dependency_l8,training,imagined_transitions,full_aassr,q_learning,30,525.2873999999999,0.0,525.2873999999999,524.3336,526.2451,192.9487596772432,4.999750012499375e-05,True,0.00024998750062496874
autonomy,autonomy,opaque_dependency_l8,training,action_proposals,full_aassr,q_learning,30,8.0,8.0,0.0,0.0,0.0,0.0,1.0,True,1.0
autonomy,autonomy,opaque_dependency_l8,training,repeat_rate,full_aassr,q_learning,30,0.0,0.0,0.0,0.0,0.0,0.0,1.0,True,1.0
autonomy,autonomy,opaque_dependency_l8,training,error_rate,full_aassr,q_learning,30,0.0,0.0,0.0,0.0,0.0,0.0,1.0,True,1.0
autonomy,autonomy,opaque_dependency_l8,training,learning_auc,full_aassr,q_learning,30,0.034333833583458394,0.00303485075871269,0.031298982824745705,0.01980990495247624,0.0431882607970652,0.9382507900094734,4.999750012499375e-05,True,0.00024998750062496874
autonomy,autonomy,opaque_dependency_l8,training,final_tail_success,full_aassr,q_learning,30,0.04933333333333333,0.0035,0.04583333333333333,0.027666666666666666,0.06483333333333334,0.8685562954430265,9.99950002499875e-05,True,0.0002999850007499625
autonomy,autonomy,opaque_dependency_l8,training,first_success_real_transitions,full_aassr,q_learning,23,1840.695652173913,1128.695652173913,712.0,160.69565217391303,1401.7391304347825,0.4489736546077052,0.006049697515124244,True,0.030248487575621222
autonomy,autonomy,opaque_dependency_l8,training,success,full_aassr,random,30,0.03431666666666667,0.0036166666666666665,0.030699999999999998,0.019133333333333332,0.04256666666666666,0.9014460117507174,0.00014999250037498125,True,0.0002999850007499625
autonomy,autonomy,opaque_dependency_l8,training,steps,full_aassr,random,30,8.0,8.0,0.0,0.0,0.0,0.0,1.0,True,1.0
autonomy,autonomy,opaque_dependency_l8,training,high_level_steps,full_aassr,random,30,8.0,8.0,0.0,0.0,0.0,0.0,1.0,True,1.0
autonomy,autonomy,opaque_dependency_l8,training,primitive_steps,full_aassr,random,30,8.0,8.0,0.0,0.0,0.0,0.0,1.0,True,1.0
autonomy,autonomy,opaque_dependency_l8,training,reward,full_aassr,random,30,0.03431666666666667,0.0036166666666666665,0.030699999999999998,0.018716666666666666,0.042733333333333325,0.9014460117507174,9.99950002499875e-05,True,0.00024998750062496874
autonomy,autonomy,opaque_dependency_l8,training,errors,full_aassr,random,30,0.0,0.0,0.0,0.0,0.0,0.0,1.0,True,1.0
autonomy,autonomy,opaque_dependency_l8,training,repeats,full_aassr,random,30,0.0,0.0,0.0,0.0,0.0,0.0,1.0,True,1.0
autonomy,autonomy,opaque_dependency_l8,training,prediction_score,full_aassr,random,30,0.9899749999999999,0.0,0.9899749999999999,0.9898520833333334,0.9901,2792.2599293229096,4.999750012499375e-05,True,0.00024998750062496874
autonomy,autonomy,opaque_dependency_l8,training,holdout_score,full_aassr,random,30,0.12352435400680856,0.0,0.12352435400680856,0.12347814192068825,0.12357353362417683,922.2275255904118,4.999750012499375e-05,True,0.00024998750062496874
autonomy,autonomy,opaque_dependency_l8,training,holdout_gain,full_aassr,random,30,6.6392562686676655e-06,0.0,6.6392562686676655e-06,5.1784017317105555e-06,8.322594174811677e-06,1.5143433636586119,4.999750012499375e-05,True,0.00024998750062496874
autonomy,autonomy,opaque_dependency_l8,training,imagined_nodes,full_aassr,random,30,525.2873999999999,0.0,525.2873999999999,524.3406833333333,526.2408166666667,192.9487596772432,4.999750012499375e-05,True,0.00024998750062496874
autonomy,autonomy,opaque_dependency_l8,training,imagination_depth,full_aassr,random,30,7.403833333333334,0.0,7.403833333333334,7.395816666666666,7.4120833333333325,315.02805274169845,4.999750012499375e-05,True,0.00024998750062496874
autonomy,autonomy,opaque_dependency_l8,training,actual_return,full_aassr,random,30,0.03431666666666667,0.0036166666666666665,0.030699999999999998,0.01923333333333333,0.042616666666666664,0.9014460117507174,0.000199990000499975,True,0.00024998750062496874
autonomy,autonomy,opaque_dependency_l8,training,runtime_seconds,full_aassr,random,30,0.018366377895018864,0.00043005269002751445,0.017936325204991346,0.017525156481750796,0.018274838873340922,16.570042954705958,4.999750012499375e-05,True,0.00024998750062496874
autonomy,autonomy,opaque_dependency_l8,training,real_transitions,full_aassr,random,30,8.0,8.0,0.0,0.0,0.0,0.0,1.0,True,1.0
autonomy,autonomy,opaque_dependency_l8,training,imagined_transitions,full_aassr,random,30,525.2873999999999,0.0,525.2873999999999,524.3773833333333,526.2520166666667,192.9487596772432,4.999750012499375e-05,True,0.00024998750062496874
autonomy,autonomy,opaque_dependency_l8,training,action_proposals,full_aassr,random,30,8.0,8.0,0.0,0.0,0.0,0.0,1.0,True,1.0
autonomy,autonomy,opaque_dependency_l8,training,repeat_rate,full_aassr,random,30,0.0,0.0,0.0,0.0,0.0,0.0,1.0,True,1.0
autonomy,autonomy,opaque_dependency_l8,training,error_rate,full_aassr,random,30,0.0,0.0,0.0,0.0,0.0,0.0,1.0,True,1.0
autonomy,autonomy,opaque_dependency_l8,training,learning_auc,full_aassr,random,30,0.034333833583458394,0.003618475904618976,0.030715357678839417,0.018976154744038683,0.04265466066366517,0.9014460117507174,9.99950002499875e-05,True,0.00024998750062496874
autonomy,autonomy,opaque_dependency_l8,training,final_tail_success,full_aassr,random,30,0.04933333333333333,0.002,0.04733333333333333,0.029,0.06616666666666667,0.8880504173319013,9.99950002499875e-05,True,0.0002999850007499625
autonomy,autonomy,opaque_dependency_l8,training,first_success_real_transitions,full_aassr,random,27,1936.2962962962963,1654.2222222222222,282.0740740740741,-469.037037037037,1062.5185185185185,0.13510312406187677,0.49687515624218787,True,0.9937503124843757
creativity,creativity,multi_solution_dependency,evaluation_unseen_adaptation,success,full_aassr,aassr_no_imagination,30,1.0,1.0,0.0,0.0,0.0,0.0,1.0,True,1.0
creativity,creativity,multi_solution_dependency,evaluation_unseen_adaptation,steps,full_aassr,aassr_no_imagination,30,3.3333333333333335,3.3333333333333335,0.0,0.0,0.0,0.0,1.0,True,1.0
creativity,creativity,multi_solution_dependency,evaluation_unseen_adaptation,high_level_steps,full_aassr,aassr_no_imagination,30,3.3333333333333335,3.3333333333333335,0.0,0.0,0.0,0.0,1.0,True,1.0
creativity,creativity,multi_solution_dependency,evaluation_unseen_adaptation,primitive_steps,full_aassr,aassr_no_imagination,30,3.3333333333333335,3.3333333333333335,0.0,0.0,0.0,0.0,1.0,True,1.0
creativity,creativity,multi_solution_dependency,evaluation_unseen_adaptation,reward,full_aassr,aassr_no_imagination,30,1.0,1.0,0.0,0.0,0.0,0.0,1.0,True,1.0
creativity,creativity,multi_solution_dependency,evaluation_unseen_adaptation,errors,full_aassr,aassr_no_imagination,30,0.0,0.0,0.0,0.0,0.0,0.0,1.0,True,1.0
creativity,creativity,multi_solution_dependency,evaluation_unseen_adaptation,repeats,full_aassr,aassr_no_imagination,30,0.0,0.0,0.0,0.0,0.0,0.0,1.0,True,1.0
creativity,creativity,multi_solution_dependency,evaluation_unseen_adaptation,imagined_nodes,full_aassr,aassr_no_imagination,30,0.0,0.0,0.0,0.0,0.0,0.0,1.0,True,1.0
creativity,creativity,multi_solution_dependency,evaluation_unseen_adaptation,actual_return,full_aassr,aassr_no_imagination,30,1.0,1.0,0.0,0.0,0.0,0.0,1.0,True,1.0
creativity,creativity,multi_solution_dependency,evaluation_unseen_adaptation,runtime_seconds,full_aassr,aassr_no_imagination,30,0.00036673000108243694,0.00026419333395703387,0.00010253666712540305,9.417889102931236e-05,0.00011070333356555139,4.420010424174594,4.999750012499375e-05,True,0.0002999850007499625
creativity,creativity,multi_solution_dependency,evaluation_unseen_adaptation,real_transitions,full_aassr,aassr_no_imagination,30,3.3333333333333335,3.3333333333333335,0.0,0.0,0.0,0.0,1.0,True,1.0
creativity,creativity,multi_solution_dependency,evaluation_unseen_adaptation,imagined_transitions,full_aassr,aassr_no_imagination,30,0.0,0.0,0.0,0.0,0.0,0.0,1.0,True,1.0
creativity,creativity,multi_solution_dependency,evaluation_unseen_adaptation,action_proposals,full_aassr,aassr_no_imagination,30,3.3333333333333335,3.3333333333333335,0.0,0.0,0.0,0.0,1.0,True,1.0
creativity,creativity,multi_solution_dependency,evaluation_unseen_adaptation,novelty_score,full_aassr,aassr_no_imagination,30,1.0,1.0,0.0,0.0,0.0,0.0,1.0,True,1.0
creativity,creativity,multi_solution_dependency,evaluation_unseen_adaptation,repeat_rate,full_aassr,aassr_no_imagination,30,0.0,0.0,0.0,0.0,0.0,0.0,1.0,True,1.0
creativity,creativity,multi_solution_dependency,evaluation_unseen_adaptation,error_rate,full_aassr,aassr_no_imagination,30,0.0,0.0,0.0,0.0,0.0,0.0,1.0,True,1.0
creativity,creativity,multi_solution_dependency,evaluation_unseen_adaptation,success,full_aassr,aassr_no_novelty,30,1.0,1.0,0.0,0.0,0.0,0.0,1.0,True,1.0
creativity,creativity,multi_solution_dependency,evaluation_unseen_adaptation,steps,full_aassr,aassr_no_novelty,30,3.3333333333333335,3.3333333333333335,0.0,0.0,0.0,0.0,1.0,True,1.0
creativity,creativity,multi_solution_dependency,evaluation_unseen_adaptation,high_level_steps,full_aassr,aassr_no_novelty,30,3.3333333333333335,3.3333333333333335,0.0,0.0,0.0,0.0,1.0,True,1.0
creativity,creativity,multi_solution_dependency,evaluation_unseen_adaptation,primitive_steps,full_aassr,aassr_no_novelty,30,3.3333333333333335,3.3333333333333335,0.0,0.0,0.0,0.0,1.0,True,1.0
creativity,creativity,multi_solution_dependency,evaluation_unseen_adaptation,reward,full_aassr,aassr_no_novelty,30,1.0,1.0,0.0,0.0,0.0,0.0,1.0,True,1.0
creativity,creativity,multi_solution_dependency,evaluation_unseen_adaptation,errors,full_aassr,aassr_no_novelty,30,0.0,0.0,0.0,0.0,0.0,0.0,1.0,True,1.0
creativity,creativity,multi_solution_dependency,evaluation_unseen_adaptation,repeats,full_aassr,aassr_no_novelty,30,0.0,0.0,0.0,0.0,0.0,0.0,1.0,True,1.0
creativity,creativity,multi_solution_dependency,evaluation_unseen_adaptation,imagined_nodes,full_aassr,aassr_no_novelty,30,0.0,0.0,0.0,0.0,0.0,0.0,1.0,True,1.0
creativity,creativity,multi_solution_dependency,evaluation_unseen_adaptation,actual_return,full_aassr,aassr_no_novelty,30,1.0,1.0,0.0,0.0,0.0,0.0,1.0,True,1.0
creativity,creativity,multi_solution_dependency,evaluation_unseen_adaptation,runtime_seconds,full_aassr,aassr_no_novelty,30,0.00036673000108243694,0.00036804777822302035,-1.3177771405834333e-06,-2.1618885026934258e-05,1.4882220097610518e-05,-0.025577591094516655,0.9002549872506375,True,0.9002549872506375
creativity,creativity,multi_solution_dependency,evaluation_unseen_adaptation,real_transitions,full_aassr,aassr_no_novelty,30,3.3333333333333335,3.3333333333333335,0.0,0.0,0.0,0.0,1.0,True,1.0
creativity,creativity,multi_solution_dependency,evaluation_unseen_adaptation,imagined_transitions,full_aassr,aassr_no_novelty,30,0.0,0.0,0.0,0.0,0.0,0.0,1.0,True,1.0
creativity,creativity,multi_solution_dependency,evaluation_unseen_adaptation,action_proposals,full_aassr,aassr_no_novelty,30,3.3333333333333335,3.3333333333333335,0.0,0.0,0.0,0.0,1.0,True,1.0
creativity,creativity,multi_solution_dependency,evaluation_unseen_adaptation,novelty_score,full_aassr,aassr_no_novelty,30,1.0,1.0,0.0,0.0,0.0,0.0,1.0,True,1.0
creativity,creativity,multi_solution_dependency,evaluation_unseen_adaptation,repeat_rate,full_aassr,aassr_no_novelty,30,0.0,0.0,0.0,0.0,0.0,0.0,1.0,True,1.0
creativity,creativity,multi_solution_dependency,evaluation_unseen_adaptation,error_rate,full_aassr,aassr_no_novelty,30,0.0,0.0,0.0,0.0,0.0,0.0,1.0,True,1.0
creativity,creativity,multi_solution_dependency,evaluation_unseen_adaptation,success,full_aassr,dqn,30,1.0,1.0,0.0,0.0,0.0,0.0,1.0,True,1.0
creativity,creativity,multi_solution_dependency,evaluation_unseen_adaptation,steps,full_aassr,dqn,30,3.3333333333333335,3.1,0.2333333333333335,0.05555555555555576,0.4222222222222224,0.46295659455985266,0.021898905054747262,True,0.13139343032848358
creativity,creativity,multi_solution_dependency,evaluation_unseen_adaptation,high_level_steps,full_aassr,dqn,30,3.3333333333333335,3.1,0.2333333333333335,0.055555555555555726,0.41111111111111126,0.46295659455985266,0.021648917554122293,True,0.12989350532473376
creativity,creativity,multi_solution_dependency,evaluation_unseen_adaptation,primitive_steps,full_aassr,dqn,30,3.3333333333333335,3.1,0.2333333333333335,0.06666666666666682,0.4111111111111112,0.46295659455985266,0.024998750062496876,True,0.14999250037498124
creativity,creativity,multi_solution_dependency,evaluation_unseen_adaptation,reward,full_aassr,dqn,30,1.0,1.0,0.0,0.0,0.0,0.0,1.0,True,1.0
creativity,creativity,multi_solution_dependency,evaluation_unseen_adaptation,errors,full_aassr,dqn,30,0.0,0.0,0.0,0.0,0.0,0.0,1.0,True,1.0
creativity,creativity,multi_solution_dependency,evaluation_unseen_adaptation,repeats,full_aassr,dqn,30,0.0,0.0,0.0,0.0,0.0,0.0,1.0,True,1.0
creativity,creativity,multi_solution_dependency,evaluation_unseen_adaptation,imagined_nodes,full_aassr,dqn,30,0.0,0.0,0.0,0.0,0.0,0.0,1.0,True,1.0
creativity,creativity,multi_solution_dependency,evaluation_unseen_adaptation,actual_return,full_aassr,dqn,30,1.0,1.0,0.0,0.0,0.0,0.0,1.0,True,1.0
creativity,creativity,multi_solution_dependency,evaluation_unseen_adaptation,runtime_seconds,full_aassr,dqn,30,0.00036673000108243694,0.0023197322230165203,-0.0019530022219340836,-0.002095542223024596,-0.0018123488931450992,-4.789680988980741,4.999750012499375e-05,True,0.0002999850007499625
creativity,creativity,multi_solution_dependency,evaluation_unseen_adaptation,real_transitions,full_aassr,dqn,30,3.3333333333333335,3.1,0.2333333333333335,0.05555555555555576,0.41111111111111126,0.46295659455985266,0.024198790060496977,True,0.14519274036298185
creativity,creativity,multi_solution_dependency,evaluation_unseen_adaptation,imagined_transitions,full_aassr,dqn,30,0.0,0.0,0.0,0.0,0.0,0.0,1.0,True,1.0
creativity,creativity,multi_solution_dependency,evaluation_unseen_adaptation,action_proposals,full_aassr,dqn,30,3.3333333333333335,3.1,0.2333333333333335,0.055555555555555726,0.41111111111111126,0.46295659455985266,0.024348782560871956,True,0.14609269536523173
creativity,creativity,multi_solution_dependency,evaluation_unseen_adaptation,novelty_score,full_aassr,dqn,30,1.0,1.0,0.0,0.0,0.0,0.0,1.0,True,1.0
creativity,creativity,multi_solution_dependency,evaluation_unseen_adaptation,repeat_rate,full_aassr,dqn,30,0.0,0.0,0.0,0.0,0.0,0.0,1.0,True,1.0
creativity,creativity,multi_solution_dependency,evaluation_unseen_adaptation,error_rate,full_aassr,dqn,30,0.0,0.0,0.0,0.0,0.0,0.0,1.0,True,1.0
creativity,creativity,multi_solution_dependency,evaluation_unseen_adaptation,success,full_aassr,novelty_search,30,1.0,1.0,0.0,0.0,0.0,0.0,1.0,True,1.0
creativity,creativity,multi_solution_dependency,evaluation_unseen_adaptation,steps,full_aassr,novelty_search,30,3.3333333333333335,3.3333333333333335,0.0,0.0,0.0,0.0,1.0,True,1.0
creativity,creativity,multi_solution_dependency,evaluation_unseen_adaptation,high_level_steps,full_aassr,novelty_search,30,3.3333333333333335,3.3333333333333335,0.0,0.0,0.0,0.0,1.0,True,1.0
creativity,creativity,multi_solution_dependency,evaluation_unseen_adaptation,primitive_steps,full_aassr,novelty_search,30,3.3333333333333335,3.3333333333333335,0.0,0.0,0.0,0.0,1.0,True,1.0
creativity,creativity,multi_solution_dependency,evaluation_unseen_adaptation,reward,full_aassr,novelty_search,30,1.0,1.0,0.0,0.0,0.0,0.0,1.0,True,1.0
creativity,creativity,multi_solution_dependency,evaluation_unseen_adaptation,errors,full_aassr,novelty_search,30,0.0,0.0,0.0,0.0,0.0,0.0,1.0,True,1.0
creativity,creativity,multi_solution_dependency,evaluation_unseen_adaptation,repeats,full_aassr,novelty_search,30,0.0,0.0,0.0,0.0,0.0,0.0,1.0,True,1.0
creativity,creativity,multi_solution_dependency,evaluation_unseen_adaptation,imagined_nodes,full_aassr,novelty_search,30,0.0,0.0,0.0,0.0,0.0,0.0,1.0,True,1.0
creativity,creativity,multi_solution_dependency,evaluation_unseen_adaptation,actual_return,full_aassr,novelty_search,30,1.0,1.0,0.0,0.0,0.0,0.0,1.0,True,1.0
creativity,creativity,multi_solution_dependency,evaluation_unseen_adaptation,runtime_seconds,full_aassr,novelty_search,30,0.00036673000108243694,0.00025770111080621267,0.00010902889027622424,0.00010047555454851438,0.00011766222305595875,4.435513158516353,4.999750012499375e-05,True,0.0002999850007499625
creativity,creativity,multi_solution_dependency,evaluation_unseen_adaptation,real_transitions,full_aassr,novelty_search,30,3.3333333333333335,3.3333333333333335,0.0,0.0,0.0,0.0,1.0,True,1.0
creativity,creativity,multi_solution_dependency,evaluation_unseen_adaptation,imagined_transitions,full_aassr,novelty_search,30,0.0,0.0,0.0,0.0,0.0,0.0,1.0,True,1.0
creativity,creativity,multi_solution_dependency,evaluation_unseen_adaptation,action_proposals,full_aassr,novelty_search,30,3.3333333333333335,3.3333333333333335,0.0,0.0,0.0,0.0,1.0,True,1.0
creativity,creativity,multi_solution_dependency,evaluation_unseen_adaptation,novelty_score,full_aassr,novelty_search,30,1.0,1.0,0.0,0.0,0.0,0.0,1.0,True,1.0
creativity,creativity,multi_solution_dependency,evaluation_unseen_adaptation,repeat_rate,full_aassr,novelty_search,30,0.0,0.0,0.0,0.0,0.0,0.0,1.0,True,1.0
creativity,creativity,multi_solution_dependency,evaluation_unseen_adaptation,error_rate,full_aassr,novelty_search,30,0.0,0.0,0.0,0.0,0.0,0.0,1.0,True,1.0
creativity,creativity,multi_solution_dependency,evaluation_unseen_adaptation,success,full_aassr,q_learning,30,1.0,1.0,0.0,0.0,0.0,0.0,1.0,True,1.0
creativity,creativity,multi_solution_dependency,evaluation_unseen_adaptation,steps,full_aassr,q_learning,30,3.3333333333333335,3.3333333333333335,0.0,0.0,0.0,0.0,1.0,True,1.0
creativity,creativity,multi_solution_dependency,evaluation_unseen_adaptation,high_level_steps,full_aassr,q_learning,30,3.3333333333333335,3.3333333333333335,0.0,0.0,0.0,0.0,1.0,True,1.0
creativity,creativity,multi_solution_dependency,evaluation_unseen_adaptation,primitive_steps,full_aassr,q_learning,30,3.3333333333333335,3.3333333333333335,0.0,0.0,0.0,0.0,1.0,True,1.0
creativity,creativity,multi_solution_dependency,evaluation_unseen_adaptation,reward,full_aassr,q_learning,30,1.0,1.0,0.0,0.0,0.0,0.0,1.0,True,1.0
creativity,creativity,multi_solution_dependency,evaluation_unseen_adaptation,errors,full_aassr,q_learning,30,0.0,0.0,0.0,0.0,0.0,0.0,1.0,True,1.0
creativity,creativity,multi_solution_dependency,evaluation_unseen_adaptation,repeats,full_aassr,q_learning,30,0.0,0.0,0.0,0.0,0.0,0.0,1.0,True,1.0
creativity,creativity,multi_solution_dependency,evaluation_unseen_adaptation,imagined_nodes,full_aassr,q_learning,30,0.0,0.0,0.0,0.0,0.0,0.0,1.0,True,1.0
creativity,creativity,multi_solution_dependency,evaluation_unseen_adaptation,actual_return,full_aassr,q_learning,30,1.0,1.0,0.0,0.0,0.0,0.0,1.0,True,1.0
creativity,creativity,multi_solution_dependency,evaluation_unseen_adaptation,runtime_seconds,full_aassr,q_learning,30,0.00036673000108243694,0.0001791855556398837,0.0001875444454425532,0.0001809199997094563,0.0001949566649273038,9.344384845527385,4.999750012499375e-05,True,0.0002999850007499625
creativity,creativity,multi_solution_dependency,evaluation_unseen_adaptation,real_transitions,full_aassr,q_learning,30,3.3333333333333335,3.3333333333333335,0.0,0.0,0.0,0.0,1.0,True,1.0
creativity,creativity,multi_solution_dependency,evaluation_unseen_adaptation,imagined_transitions,full_aassr,q_learning,30,0.0,0.0,0.0,0.0,0.0,0.0,1.0,True,1.0
creativity,creativity,multi_solution_dependency,evaluation_unseen_adaptation,action_proposals,full_aassr,q_learning,30,3.3333333333333335,3.3333333333333335,0.0,0.0,0.0,0.0,1.0,True,1.0
creativity,creativity,multi_solution_dependency,evaluation_unseen_adaptation,novelty_score,full_aassr,q_learning,30,1.0,1.0,0.0,0.0,0.0,0.0,1.0,True,1.0
creativity,creativity,multi_solution_dependency,evaluation_unseen_adaptation,repeat_rate,full_aassr,q_learning,30,0.0,0.0,0.0,0.0,0.0,0.0,1.0,True,1.0
creativity,creativity,multi_solution_dependency,evaluation_unseen_adaptation,error_rate,full_aassr,q_learning,30,0.0,0.0,0.0,0.0,0.0,0.0,1.0,True,1.0
creativity,creativity,multi_solution_dependency,evaluation_unseen_adaptation,success,full_aassr,random,30,1.0,1.0,0.0,0.0,0.0,0.0,1.0,True,1.0
creativity,creativity,multi_solution_dependency,evaluation_unseen_adaptation,steps,full_aassr,random,30,3.3333333333333335,3.1222222222222222,0.21111111111111125,0.04444444444444461,0.37777777777777793,0.4441483531015755,0.029248537573121344,True,0.1462426878656067
creativity,creativity,multi_solution_dependency,evaluation_unseen_adaptation,high_level_steps,full_aassr,random,30,3.3333333333333335,3.1222222222222222,0.21111111111111125,0.04444444444444467,0.37777777777777793,0.4441483531015755,0.029698515074246288,True,0.14849257537123145
creativity,creativity,multi_solution_dependency,evaluation_unseen_adaptation,primitive_steps,full_aassr,random,30,3.3333333333333335,3.1222222222222222,0.21111111111111125,0.04444444444444461,0.37777777777777793,0.4441483531015755,0.031748412579371034,True,0.15874206289685516
creativity,creativity,multi_solution_dependency,evaluation_unseen_adaptation,reward,full_aassr,random,30,1.0,1.0,0.0,0.0,0.0,0.0,1.0,True,1.0
creativity,creativity,multi_solution_dependency,evaluation_unseen_adaptation,errors,full_aassr,random,30,0.0,0.0,0.0,0.0,0.0,0.0,1.0,True,1.0
creativity,creativity,multi_solution_dependency,evaluation_unseen_adaptation,repeats,full_aassr,random,30,0.0,0.0,0.0,0.0,0.0,0.0,1.0,True,1.0
creativity,creativity,multi_solution_dependency,evaluation_unseen_adaptation,imagined_nodes,full_aassr,random,30,0.0,0.0,0.0,0.0,0.0,0.0,1.0,True,1.0
creativity,creativity,multi_solution_dependency,evaluation_unseen_adaptation,actual_return,full_aassr,random,30,1.0,1.0,0.0,0.0,0.0,0.0,1.0,True,1.0
creativity,creativity,multi_solution_dependency,evaluation_unseen_adaptation,runtime_seconds,full_aassr,random,30,0.00036673000108243694,0.00015718555692324622,0.0002095444441591907,0.00019598555421301473,0.00022276444295938645,5.445795316278658,4.999750012499375e-05,True,0.0002999850007499625
creativity,creativity,multi_solution_dependency,evaluation_unseen_adaptation,real_transitions,full_aassr,random,30,3.3333333333333335,3.1222222222222222,0.21111111111111125,0.05555555555555571,0.37777777777777793,0.4441483531015755,0.02999850007499625,True,0.14999250037498124
creativity,creativity,multi_solution_dependency,evaluation_unseen_adaptation,imagined_transitions,full_aassr,random,30,0.0,0.0,0.0,0.0,0.0,0.0,1.0,True,1.0
creativity,creativity,multi_solution_dependency,evaluation_unseen_adaptation,action_proposals,full_aassr,random,30,3.3333333333333335,3.1222222222222222,0.21111111111111125,0.04444444444444463,0.37777777777777793,0.4441483531015755,0.029498525073746312,True,0.14749262536873156
creativity,creativity,multi_solution_dependency,evaluation_unseen_adaptation,novelty_score,full_aassr,random,30,1.0,1.0,0.0,0.0,0.0,0.0,1.0,True,1.0
creativity,creativity,multi_solution_dependency,evaluation_unseen_adaptation,repeat_rate,full_aassr,random,30,0.0,0.0,0.0,0.0,0.0,0.0,1.0,True,1.0
creativity,creativity,multi_solution_dependency,evaluation_unseen_adaptation,error_rate,full_aassr,random,30,0.0,0.0,0.0,0.0,0.0,0.0,1.0,True,1.0
creativity,creativity,multi_solution_dependency,training,success,full_aassr,aassr_no_imagination,30,1.0,1.0,0.0,0.0,0.0,0.0,1.0,True,1.0
creativity,creativity,multi_solution_dependency,training,steps,full_aassr,aassr_no_imagination,30,3.2334666666666667,3.2882000000000002,-0.0547333333333333,-0.06619999999999994,-0.043733333333333284,-1.71702472475988,4.999750012499375e-05,True,0.0002999850007499625
creativity,creativity,multi_solution_dependency,training,high_level_steps,full_aassr,aassr_no_imagination,30,3.2334666666666667,3.2882000000000002,-0.0547333333333333,-0.06613333333333324,-0.04353333333333328,-1.71702472475988,4.999750012499375e-05,True,0.0002999850007499625
creativity,creativity,multi_solution_dependency,training,primitive_steps,full_aassr,aassr_no_imagination,30,3.2334666666666667,3.2882000000000002,-0.0547333333333333,-0.06579999999999998,-0.043533333333333396,-1.71702472475988,4.999750012499375e-05,True,0.0002999850007499625
creativity,creativity,multi_solution_dependency,training,reward,full_aassr,aassr_no_imagination,30,1.0,1.0,0.0,0.0,0.0,0.0,1.0,True,1.0
creativity,creativity,multi_solution_dependency,training,errors,full_aassr,aassr_no_imagination,30,0.0,0.0,0.0,0.0,0.0,0.0,1.0,True,1.0
creativity,creativity,multi_solution_dependency,training,repeats,full_aassr,aassr_no_imagination,30,0.0,0.0,0.0,0.0,0.0,0.0,1.0,True,1.0
creativity,creativity,multi_solution_dependency,training,imagined_nodes,full_aassr,aassr_no_imagination,30,2.727933333333333,0.0,2.727933333333333,2.6119333333333334,2.8426,8.405846694749172,4.999750012499375e-05,True,0.0002999850007499625
creativity,creativity,multi_solution_dependency,training,actual_return,full_aassr,aassr_no_imagination,30,1.0,1.0,0.0,0.0,0.0,0.0,1.0,True,1.0
creativity,creativity,multi_solution_dependency,training,runtime_seconds,full_aassr,aassr_no_imagination,30,0.000902374193262464,0.0007901786533824634,0.00011219553988000066,-1.5129553169632962e-05,0.00025750947308260944,0.2766228510580419,0.13379331033448327,True,0.13379331033448327
creativity,creativity,multi_solution_dependency,training,real_transitions,full_aassr,aassr_no_imagination,30,3.2334666666666667,3.2882000000000002,-0.0547333333333333,-0.06606666666666654,-0.04353333333333335,-1.71702472475988,4.999750012499375e-05,True,0.0002999850007499625
creativity,creativity,multi_solution_dependency,training,imagined_transitions,full_aassr,aassr_no_imagination,30,2.727933333333333,0.0,2.727933333333333,2.615933333333333,2.840333333333333,8.405846694749172,4.999750012499375e-05,True,0.0002999850007499625
creativity,creativity,multi_solution_dependency,training,action_proposals,full_aassr,aassr_no_imagination,30,3.2334666666666667,3.2882000000000002,-0.0547333333333333,-0.06599999999999998,-0.04359999999999999,-1.71702472475988,4.999750012499375e-05,True,0.0002999850007499625
creativity,creativity,multi_solution_dependency,training,novelty_score,full_aassr,aassr_no_imagination,30,0.0,0.0,0.0,0.0,0.0,0.0,1.0,True,1.0
creativity,creativity,multi_solution_dependency,training,repeat_rate,full_aassr,aassr_no_imagination,30,0.0,0.0,0.0,0.0,0.0,0.0,1.0,True,1.0
creativity,creativity,multi_solution_dependency,training,error_rate,full_aassr,aassr_no_imagination,30,0.0,0.0,0.0,0.0,0.0,0.0,1.0,True,1.0
creativity,creativity,multi_solution_dependency,training,success,full_aassr,aassr_no_novelty,30,1.0,1.0,0.0,0.0,0.0,0.0,1.0,True,1.0
creativity,creativity,multi_solution_dependency,training,steps,full_aassr,aassr_no_novelty,30,3.2334666666666667,3.2329999999999997,0.00046666666666663007,-0.00986666666666666,0.010599999999999913,0.016094439859723506,0.9429528523573821,True,0.9429528523573821
creativity,creativity,multi_solution_dependency,training,high_level_steps,full_aassr,aassr_no_novelty,30,3.2334666666666667,3.2329999999999997,0.00046666666666663007,-0.00993333333333332,0.010533333333333268,0.016094439859723506,0.9421528923553822,True,0.9421528923553822
creativity,creativity,multi_solution_dependency,training,primitive_steps,full_aassr,aassr_no_novelty,30,3.2334666666666667,3.2329999999999997,0.00046666666666663007,-0.00993333333333332,0.01033333333333326,0.016094439859723506,0.9399530023498825,True,0.9399530023498825
creativity,creativity,multi_solution_dependency,training,reward,full_aassr,aassr_no_novelty,30,1.0,1.0,0.0,0.0,0.0,0.0,1.0,True,1.0
creativity,creativity,multi_solution_dependency,training,errors,full_aassr,aassr_no_novelty,30,0.0,0.0,0.0,0.0,0.0,0.0,1.0,True,1.0
creativity,creativity,multi_solution_dependency,training,repeats,full_aassr,aassr_no_novelty,30,0.0,0.0,0.0,0.0,0.0,0.0,1.0,True,1.0
creativity,creativity,multi_solution_dependency,training,imagined_nodes,full_aassr,aassr_no_novelty,30,2.727933333333333,2.7318000000000002,-0.0038666666666666996,-0.057666666666666755,0.052066666666666664,-0.025048939019204193,0.8892555372231389,True,0.8892555372231389
creativity,creativity,multi_solution_dependency,training,actual_return,full_aassr,aassr_no_novelty,30,1.0,1.0,0.0,0.0,0.0,0.0,1.0,True,1.0
creativity,creativity,multi_solution_dependency,training,runtime_seconds,full_aassr,aassr_no_novelty,30,0.000902374193262464,0.0005295317135363196,0.0003728424797261444,0.000235899679774108,0.0005317760396224911,0.90518755095525,4.999750012499375e-05,True,0.0002999850007499625
creativity,creativity,multi_solution_dependency,training,real_transitions,full_aassr,aassr_no_novelty,30,3.2334666666666667,3.2329999999999997,0.00046666666666663007,-0.009733333333333372,0.010599999999999927,0.016094439859723506,0.9422028898555073,True,0.9422028898555073
creativity,creativity,multi_solution_dependency,training,imagined_transitions,full_aassr,aassr_no_novelty,30,2.727933333333333,2.7318000000000002,-0.0038666666666666996,-0.058133333333333356,0.05066666666666664,-0.025048939019204193,0.887855607219639,True,0.887855607219639
creativity,creativity,multi_solution_dependency,training,action_proposals,full_aassr,aassr_no_novelty,30,3.2334666666666667,3.2329999999999997,0.00046666666666663007,-0.010066666666666653,0.010333333333333247,0.016094439859723506,0.9416029198540073,True,0.9416029198540073
creativity,creativity,multi_solution_dependency,training,novelty_score,full_aassr,aassr_no_novelty,30,0.0,0.0,0.0,0.0,0.0,0.0,1.0,True,1.0
creativity,creativity,multi_solution_dependency,training,repeat_rate,full_aassr,aassr_no_novelty,30,0.0,0.0,0.0,0.0,0.0,0.0,1.0,True,1.0
creativity,creativity,multi_solution_dependency,training,error_rate,full_aassr,aassr_no_novelty,30,0.0,0.0,0.0,0.0,0.0,0.0,1.0,True,1.0
creativity,creativity,multi_solution_dependency,training,success,full_aassr,dqn,30,1.0,1.0,0.0,0.0,0.0,0.0,1.0,True,1.0
creativity,creativity,multi_solution_dependency,training,steps,full_aassr,dqn,30,3.2334666666666667,3.1686666666666667,0.06479999999999997,0.04853333333333329,0.08153333333333332,1.3562992040838462,4.999750012499375e-05,True,0.0002999850007499625
creativity,creativity,multi_solution_dependency,training,high_level_steps,full_aassr,dqn,30,3.2334666666666667,3.1686666666666667,0.06479999999999997,0.0478,0.08166666666666668,1.3562992040838462,4.999750012499375e-05,True,0.0002999850007499625
creativity,creativity,multi_solution_dependency,training,primitive_steps,full_aassr,dqn,30,3.2334666666666667,3.1686666666666667,0.06479999999999997,0.04826666666666664,0.0815333333333332,1.3562992040838462,4.999750012499375e-05,True,0.0002999850007499625
creativity,creativity,multi_solution_dependency,training,reward,full_aassr,dqn,30,1.0,1.0,0.0,0.0,0.0,0.0,1.0,True,1.0
creativity,creativity,multi_solution_dependency,training,errors,full_aassr,dqn,30,0.0,0.0,0.0,0.0,0.0,0.0,1.0,True,1.0
creativity,creativity,multi_solution_dependency,training,repeats,full_aassr,dqn,30,0.0,0.0,0.0,0.0,0.0,0.0,1.0,True,1.0
creativity,creativity,multi_solution_dependency,training,imagined_nodes,full_aassr,dqn,30,2.727933333333333,0.0,2.727933333333333,2.6148666666666665,2.8397333333333337,8.405846694749172,4.999750012499375e-05,True,0.0002999850007499625
creativity,creativity,multi_solution_dependency,training,actual_return,full_aassr,dqn,30,1.0,1.0,0.0,0.0,0.0,0.0,1.0,True,1.0
creativity,creativity,multi_solution_dependency,training,runtime_seconds,full_aassr,dqn,30,0.000902374193262464,0.004751280633350447,-0.0038489064400879817,-0.00396493702015141,-0.003701278473409669,-10.239543701523976,4.999750012499375e-05,True,0.0002999850007499625
creativity,creativity,multi_solution_dependency,training,real_transitions,full_aassr,dqn,30,3.2334666666666667,3.1686666666666667,0.06479999999999997,0.04759999999999998,0.08220000000000001,1.3562992040838462,4.999750012499375e-05,True,0.0002999850007499625
creativity,creativity,multi_solution_dependency,training,imagined_transitions,full_aassr,dqn,30,2.727933333333333,0.0,2.727933333333333,2.6156,2.8427333333333333,8.405846694749172,4.999750012499375e-05,True,0.0002999850007499625
creativity,creativity,multi_solution_dependency,training,action_proposals,full_aassr,dqn,30,3.2334666666666667,3.1686666666666667,0.06479999999999997,0.047799999999999974,0.08126666666666665,1.3562992040838462,4.999750012499375e-05,True,0.0002999850007499625
creativity,creativity,multi_solution_dependency,training,novelty_score,full_aassr,dqn,30,0.0,0.0,0.0,0.0,0.0,0.0,1.0,True,1.0
creativity,creativity,multi_solution_dependency,training,repeat_rate,full_aassr,dqn,30,0.0,0.0,0.0,0.0,0.0,0.0,1.0,True,1.0
creativity,creativity,multi_solution_dependency,training,error_rate,full_aassr,dqn,30,0.0,0.0,0.0,0.0,0.0,0.0,1.0,True,1.0
creativity,creativity,multi_solution_dependency,training,success,full_aassr,novelty_search,30,1.0,1.0,0.0,0.0,0.0,0.0,1.0,True,1.0
creativity,creativity,multi_solution_dependency,training,steps,full_aassr,novelty_search,30,3.2334666666666667,3.155533333333333,0.07793333333333329,0.06300000000000001,0.0913333333333333,1.9179074433349608,4.999750012499375e-05,True,0.0002999850007499625
creativity,creativity,multi_solution_dependency,training,high_level_steps,full_aassr,novelty_search,30,3.2334666666666667,3.155533333333333,0.07793333333333329,0.06333333333333332,0.09159999999999997,1.9179074433349608,4.999750012499375e-05,True,0.0002999850007499625
creativity,creativity,multi_solution_dependency,training,primitive_steps,full_aassr,novelty_search,30,3.2334666666666667,3.155533333333333,0.07793333333333329,0.06279999999999997,0.09186666666666658,1.9179074433349608,4.999750012499375e-05,True,0.0002999850007499625
creativity,creativity,multi_solution_dependency,training,reward,full_aassr,novelty_search,30,1.0,1.0,0.0,0.0,0.0,0.0,1.0,True,1.0
creativity,creativity,multi_solution_dependency,training,errors,full_aassr,novelty_search,30,0.0,0.0,0.0,0.0,0.0,0.0,1.0,True,1.0
creativity,creativity,multi_solution_dependency,training,repeats,full_aassr,novelty_search,30,0.0,0.0,0.0,0.0,0.0,0.0,1.0,True,1.0
creativity,creativity,multi_solution_dependency,training,imagined_nodes,full_aassr,novelty_search,30,2.727933333333333,0.0,2.727933333333333,2.6168,2.844,8.405846694749172,4.999750012499375e-05,True,0.0002999850007499625
creativity,creativity,multi_solution_dependency,training,actual_return,full_aassr,novelty_search,30,1.0,1.0,0.0,0.0,0.0,0.0,1.0,True,1.0
creativity,creativity,multi_solution_dependency,training,runtime_seconds,full_aassr,novelty_search,30,0.000902374193262464,0.00039507751999772156,0.0005072966732647425,0.00034662115993948345,0.0006832029866694938,1.0581724017670335,4.999750012499375e-05,True,0.0002999850007499625
creativity,creativity,multi_solution_dependency,training,real_transitions,full_aassr,novelty_search,30,3.2334666666666667,3.155533333333333,0.07793333333333329,0.06333333333333327,0.09173333333333325,1.9179074433349608,4.999750012499375e-05,True,0.0002999850007499625
creativity,creativity,multi_solution_dependency,training,imagined_transitions,full_aassr,novelty_search,30,2.727933333333333,0.0,2.727933333333333,2.6150666666666664,2.8414,8.405846694749172,4.999750012499375e-05,True,0.0002999850007499625
creativity,creativity,multi_solution_dependency,training,action_proposals,full_aassr,novelty_search,30,3.2334666666666667,3.155533333333333,0.07793333333333329,0.06373333333333334,0.09146666666666665,1.9179074433349608,4.999750012499375e-05,True,0.0002999850007499625
creativity,creativity,multi_solution_dependency,training,novelty_score,full_aassr,novelty_search,30,0.0,0.0,0.0,0.0,0.0,0.0,1.0,True,1.0
creativity,creativity,multi_solution_dependency,training,repeat_rate,full_aassr,novelty_search,30,0.0,0.0,0.0,0.0,0.0,0.0,1.0,True,1.0
creativity,creativity,multi_solution_dependency,training,error_rate,full_aassr,novelty_search,30,0.0,0.0,0.0,0.0,0.0,0.0,1.0,True,1.0
creativity,creativity,multi_solution_dependency,training,success,full_aassr,q_learning,30,1.0,1.0,0.0,0.0,0.0,0.0,1.0,True,1.0
creativity,creativity,multi_solution_dependency,training,steps,full_aassr,q_learning,30,3.2334666666666667,3.0167333333333333,0.21673333333333333,0.19813333333333336,0.23419999999999994,4.251509199187598,4.999750012499375e-05,True,0.0002999850007499625
creativity,creativity,multi_solution_dependency,training,high_level_steps,full_aassr,q_learning,30,3.2334666666666667,3.0167333333333333,0.21673333333333333,0.19766666666666666,0.23426666666666662,4.251509199187598,4.999750012499375e-05,True,0.0002999850007499625
creativity,creativity,multi_solution_dependency,training,primitive_steps,full_aassr,q_learning,30,3.2334666666666667,3.0167333333333333,0.21673333333333333,0.19773333333333332,0.23479999999999998,4.251509199187598,4.999750012499375e-05,True,0.0002999850007499625
creativity,creativity,multi_solution_dependency,training,reward,full_aassr,q_learning,30,1.0,1.0,0.0,0.0,0.0,0.0,1.0,True,1.0
creativity,creativity,multi_solution_dependency,training,errors,full_aassr,q_learning,30,0.0,0.0,0.0,0.0,0.0,0.0,1.0,True,1.0
creativity,creativity,multi_solution_dependency,training,repeats,full_aassr,q_learning,30,0.0,0.0,0.0,0.0,0.0,0.0,1.0,True,1.0
creativity,creativity,multi_solution_dependency,training,imagined_nodes,full_aassr,q_learning,30,2.727933333333333,0.0,2.727933333333333,2.612,2.839,8.405846694749172,4.999750012499375e-05,True,0.0002999850007499625
creativity,creativity,multi_solution_dependency,training,actual_return,full_aassr,q_learning,30,1.0,1.0,0.0,0.0,0.0,0.0,1.0,True,1.0
creativity,creativity,multi_solution_dependency,training,runtime_seconds,full_aassr,q_learning,30,0.000902374193262464,0.0002521846600070906,0.0006501895332553734,0.0004444685865892097,0.000836234266673758,1.2620413805420636,4.999750012499375e-05,True,0.0002999850007499625
creativity,creativity,multi_solution_dependency,training,real_transitions,full_aassr,q_learning,30,3.2334666666666667,3.0167333333333333,0.21673333333333333,0.19886666666666664,0.23406666666666665,4.251509199187598,4.999750012499375e-05,True,0.0002999850007499625
creativity,creativity,multi_solution_dependency,training,imagined_transitions,full_aassr,q_learning,30,2.727933333333333,0.0,2.727933333333333,2.6111999999999997,2.8437333333333332,8.405846694749172,4.999750012499375e-05,True,0.0002999850007499625
creativity,creativity,multi_solution_dependency,training,action_proposals,full_aassr,q_learning,30,3.2334666666666667,3.0167333333333333,0.21673333333333333,0.19853333333333328,0.2341333333333333,4.251509199187598,4.999750012499375e-05,True,0.0002999850007499625
creativity,creativity,multi_solution_dependency,training,novelty_score,full_aassr,q_learning,30,0.0,0.0,0.0,0.0,0.0,0.0,1.0,True,1.0
creativity,creativity,multi_solution_dependency,training,repeat_rate,full_aassr,q_learning,30,0.0,0.0,0.0,0.0,0.0,0.0,1.0,True,1.0
creativity,creativity,multi_solution_dependency,training,error_rate,full_aassr,q_learning,30,0.0,0.0,0.0,0.0,0.0,0.0,1.0,True,1.0
creativity,creativity,multi_solution_dependency,training,success,full_aassr,random,30,1.0,1.0,0.0,0.0,0.0,0.0,1.0,True,1.0
creativity,creativity,multi_solution_dependency,training,steps,full_aassr,random,30,3.2334666666666667,3.192533333333333,0.04093333333333328,0.017533333333333238,0.06526666666666663,0.6047136717895093,0.0016499175041247937,True,0.0032998350082495873
creativity,creativity,multi_solution_dependency,training,high_level_steps,full_aassr,random,30,3.2334666666666667,3.192533333333333,0.04093333333333328,0.017933333333333325,0.06466666666666662,0.6047136717895093,0.00199990000499975,True,0.0039998000099995
creativity,creativity,multi_solution_dependency,training,primitive_steps,full_aassr,random,30,3.2334666666666667,3.192533333333333,0.04093333333333328,0.01779999999999998,0.06586666666666664,0.6047136717895093,0.0019499025048747563,True,0.0038998050097495125
creativity,creativity,multi_solution_dependency,training,reward,full_aassr,random,30,1.0,1.0,0.0,0.0,0.0,0.0,1.0,True,1.0
creativity,creativity,multi_solution_dependency,training,errors,full_aassr,random,30,0.0,0.0,0.0,0.0,0.0,0.0,1.0,True,1.0
creativity,creativity,multi_solution_dependency,training,repeats,full_aassr,random,30,0.0,0.0,0.0,0.0,0.0,0.0,1.0,True,1.0
creativity,creativity,multi_solution_dependency,training,imagined_nodes,full_aassr,random,30,2.727933333333333,0.0,2.727933333333333,2.6110666666666664,2.8421333333333334,8.405846694749172,4.999750012499375e-05,True,0.0002999850007499625
creativity,creativity,multi_solution_dependency,training,actual_return,full_aassr,random,30,1.0,1.0,0.0,0.0,0.0,0.0,1.0,True,1.0
creativity,creativity,multi_solution_dependency,training,runtime_seconds,full_aassr,random,30,0.000902374193262464,0.00023573983342697224,0.0006666343598354918,0.0005743992132542189,0.0008015294732448333,1.9642686203003241,4.999750012499375e-05,True,0.0002999850007499625
creativity,creativity,multi_solution_dependency,training,real_transitions,full_aassr,random,30,3.2334666666666667,3.192533333333333,0.04093333333333328,0.018266666666666622,0.06479999999999995,0.6047136717895093,0.0020998950052497373,True,0.004199790010499475
creativity,creativity,multi_solution_dependency,training,imagined_transitions,full_aassr,random,30,2.727933333333333,0.0,2.727933333333333,2.6114,2.8418,8.405846694749172,4.999750012499375e-05,True,0.0002999850007499625
creativity,creativity,multi_solution_dependency,training,action_proposals,full_aassr,random,30,3.2334666666666667,3.192533333333333,0.04093333333333328,0.017533333333333342,0.06513333333333327,0.6047136717895093,0.00199990000499975,True,0.0039998000099995
creativity,creativity,multi_solution_dependency,training,novelty_score,full_aassr,random,30,0.0,0.0,0.0,0.0,0.0,0.0,1.0,True,1.0
creativity,creativity,multi_solution_dependency,training,repeat_rate,full_aassr,random,30,0.0,0.0,0.0,0.0,0.0,0.0,1.0,True,1.0
creativity,creativity,multi_solution_dependency,training,error_rate,full_aassr,random,30,0.0,0.0,0.0,0.0,0.0,0.0,1.0,True,1.0
transfer,transfer,opaque_dependency_l6,adaptation,success,full_transfer,from_scratch_contextual_policy,30,0.10441176470588236,0.09068627450980392,0.013725490196078431,-0.023333333333333334,0.05612745098039216,0.12333361631675312,0.5151242437878106,True,1.0
transfer,transfer,opaque_dependency_l6,adaptation,steps,full_transfer,from_scratch_contextual_policy,30,6.0,6.0,0.0,0.0,0.0,0.0,1.0,True,1.0
transfer,transfer,opaque_dependency_l6,adaptation,reward,full_transfer,from_scratch_contextual_policy,30,0.10441176470588236,0.09068627450980392,0.013725490196078431,-0.021862745098039215,0.05588235294117647,0.12333361631675312,0.5193740312984351,True,1.0
transfer,transfer,opaque_dependency_l6,adaptation,errors,full_transfer,from_scratch_contextual_policy,30,0.0,0.0,0.0,0.0,0.0,0.0,1.0,True,1.0
transfer,transfer,opaque_dependency_l6,adaptation,repeats,full_transfer,from_scratch_contextual_policy,30,0.0,0.0,0.0,0.0,0.0,0.0,1.0,True,1.0
transfer,transfer,opaque_dependency_l6,adaptation,prediction_score,full_transfer,from_scratch_contextual_policy,30,0.9052532679738563,0.0,0.9052532679738563,0.9020751633986929,0.9083088235294118,101.21338167622457,4.999750012499375e-05,True,0.000199990000499975
transfer,transfer,opaque_dependency_l6,adaptation,holdout_score,full_transfer,from_scratch_contextual_policy,30,0.2469669117647059,0.0,0.2469669117647059,0.24640803717320262,0.24752450980392157,155.5360403732802,4.999750012499375e-05,True,0.000199990000499975
transfer,transfer,opaque_dependency_l6,adaptation,holdout_gain,full_transfer,from_scratch_contextual_policy,30,8.859272875816992e-05,0.0,8.859272875816992e-05,5.208333333333332e-05,0.00012765522875816994,0.8350997948243992,0.000199990000499975,True,0.000199990000499975
transfer,transfer,opaque_dependency_l6,adaptation,imagined_nodes,full_transfer,from_scratch_contextual_policy,30,98.28426470588235,0.0,98.28426470588235,94.76156862745098,102.05563725490197,9.590782192085864,4.999750012499375e-05,True,0.000199990000499975
transfer,transfer,opaque_dependency_l6,adaptation,imagination_depth,full_transfer,from_scratch_contextual_policy,30,4.8595098039215685,0.0,4.8595098039215685,4.794509803921569,4.921127450980392,27.276946700436543,4.999750012499375e-05,True,0.000199990000499975
transfer,transfer,opaque_dependency_l6,adaptation,actual_return,full_transfer,from_scratch_contextual_policy,30,0.10441176470588236,0.09068627450980392,0.013725490196078431,-0.023088235294117646,0.05495098039215686,0.12333361631675312,0.5183740812959352,True,1.0
transfer,transfer,opaque_dependency_l6,adaptation,runtime_seconds,full_transfer,from_scratch_contextual_policy,30,0.0036898103823848802,0.0003855910735314954,0.0033042193088533844,0.003182522553929719,0.0034097003529799017,10.118569742106574,4.999750012499375e-05,True,0.000199990000499975
transfer,transfer,opaque_dependency_l6,adaptation,real_transitions,full_transfer,from_scratch_contextual_policy,30,6.0,6.0,0.0,0.0,0.0,0.0,1.0,True,1.0
transfer,transfer,opaque_dependency_l6,adaptation,imagined_transitions,full_transfer,from_scratch_contextual_policy,30,98.28426470588235,0.0,98.28426470588235,94.71921568627451,102.05632352941176,9.590782192085864,4.999750012499375e-05,True,0.000199990000499975
transfer,transfer,opaque_dependency_l6,adaptation,action_proposals,full_transfer,from_scratch_contextual_policy,30,6.0,6.0,0.0,0.0,0.0,0.0,1.0,True,1.0
transfer,transfer,opaque_dependency_l6,adaptation,repeat_rate,full_transfer,from_scratch_contextual_policy,30,0.0,0.0,0.0,0.0,0.0,0.0,1.0,True,1.0
transfer,transfer,opaque_dependency_l6,adaptation,error_rate,full_transfer,from_scratch_contextual_policy,30,0.0,0.0,0.0,0.0,0.0,0.0,1.0,True,1.0
transfer,transfer,opaque_dependency_l6,adaptation,success,full_transfer,from_scratch_full_aassr,30,0.10441176470588236,0.08803921568627451,0.01637254901960784,-0.022892156862745098,0.053039215686274496,0.15154057571315355,0.41317934103294834,True,1.0
transfer,transfer,opaque_dependency_l6,adaptation,steps,full_transfer,from_scratch_full_aassr,30,6.0,6.0,0.0,0.0,0.0,0.0,1.0,True,1.0
transfer,transfer,opaque_dependency_l6,adaptation,reward,full_transfer,from_scratch_full_aassr,30,0.10441176470588236,0.08803921568627451,0.01637254901960784,-0.021225490196078434,0.05480392156862745,0.15154057571315355,0.41447927603619816,True,1.0
transfer,transfer,opaque_dependency_l6,adaptation,errors,full_transfer,from_scratch_full_aassr,30,0.0,0.0,0.0,0.0,0.0,0.0,1.0,True,1.0
transfer,transfer,opaque_dependency_l6,adaptation,repeats,full_transfer,from_scratch_full_aassr,30,0.0,0.0,0.0,0.0,0.0,0.0,1.0,True,1.0
transfer,transfer,opaque_dependency_l6,adaptation,prediction_score,full_transfer,from_scratch_full_aassr,30,0.9052532679738563,0.9020506535947711,0.003202614379085067,-0.0006209150326796142,0.006691176470588319,0.3106079656916984,0.09989500524973752,True,0.2434378281085946
transfer,transfer,opaque_dependency_l6,adaptation,holdout_score,full_transfer,from_scratch_full_aassr,30,0.2469669117647059,0.22081611958396302,0.026150792180742857,0.02525982022976954,0.02700684855608188,10.475078248681717,4.999750012499375e-05,True,0.000199990000499975
transfer,transfer,opaque_dependency_l6,adaptation,holdout_gain,full_transfer,from_scratch_full_aassr,30,8.859272875816992e-05,0.0007321001438648498,-0.0006435074151066798,-0.0007677112511671336,-0.0005221334470721725,-1.8646138059748476,4.999750012499375e-05,True,0.000199990000499975
transfer,transfer,opaque_dependency_l6,adaptation,imagined_nodes,full_transfer,from_scratch_full_aassr,30,98.28426470588235,100.78769607843137,-2.503431372549019,-6.580098039215685,1.6304411764705908,-0.21309707770156475,0.2522373881305935,True,0.504474776261187
transfer,transfer,opaque_dependency_l6,adaptation,imagination_depth,full_transfer,from_scratch_full_aassr,30,4.8595098039215685,4.8606372549019605,-0.0011274509803920493,-0.07274509803921557,0.06740196078431374,-0.005696682101596039,0.976251187440628,True,1.0
transfer,transfer,opaque_dependency_l6,adaptation,actual_return,full_transfer,from_scratch_full_aassr,30,0.10441176470588236,0.08803921568627451,0.01637254901960784,-0.022254901960784317,0.052941176470588235,0.15154057571315355,0.41647917604119794,True,1.0
transfer,transfer,opaque_dependency_l6,adaptation,runtime_seconds,full_transfer,from_scratch_full_aassr,30,0.0036898103823848802,0.0033395192549676937,0.00035029112741718636,0.00023217034289058682,0.00046441305394646237,1.0652040048637774,4.999750012499375e-05,True,0.000199990000499975
transfer,transfer,opaque_dependency_l6,adaptation,real_transitions,full_transfer,from_scratch_full_aassr,30,6.0,6.0,0.0,0.0,0.0,0.0,1.0,True,1.0
transfer,transfer,opaque_dependency_l6,adaptation,imagined_transitions,full_transfer,from_scratch_full_aassr,30,98.28426470588235,100.78769607843137,-2.503431372549019,-6.584754901960784,1.5967647058823522,-0.21309707770156475,0.25393730313484325,True,0.5078746062696865
transfer,transfer,opaque_dependency_l6,adaptation,action_proposals,full_transfer,from_scratch_full_aassr,30,6.0,6.0,0.0,0.0,0.0,0.0,1.0,True,1.0
transfer,transfer,opaque_dependency_l6,adaptation,repeat_rate,full_transfer,from_scratch_full_aassr,30,0.0,0.0,0.0,0.0,0.0,0.0,1.0,True,1.0
transfer,transfer,opaque_dependency_l6,adaptation,error_rate,full_transfer,from_scratch_full_aassr,30,0.0,0.0,0.0,0.0,0.0,0.0,1.0,True,1.0
transfer,transfer,opaque_dependency_l6,adaptation,success,full_transfer,policy_reset_effect_retained,30,0.10441176470588236,0.10137254901960784,0.00303921568627451,-0.01941176470588235,0.025980392156862743,0.0461310686251966,0.8024098795060247,True,1.0
transfer,transfer,opaque_dependency_l6,adaptation,steps,full_transfer,policy_reset_effect_retained,30,6.0,6.0,0.0,0.0,0.0,0.0,1.0,True,1.0
transfer,transfer,opaque_dependency_l6,adaptation,reward,full_transfer,policy_reset_effect_retained,30,0.10441176470588236,0.10137254901960784,0.00303921568627451,-0.020196078431372548,0.02656862745098039,0.0461310686251966,0.8027598620068996,True,1.0
transfer,transfer,opaque_dependency_l6,adaptation,errors,full_transfer,policy_reset_effect_retained,30,0.0,0.0,0.0,0.0,0.0,0.0,1.0,True,1.0
transfer,transfer,opaque_dependency_l6,adaptation,repeats,full_transfer,policy_reset_effect_retained,30,0.0,0.0,0.0,0.0,0.0,0.0,1.0,True,1.0
transfer,transfer,opaque_dependency_l6,adaptation,prediction_score,full_transfer,policy_reset_effect_retained,30,0.9052532679738563,0.9027696078431372,0.002483660130719086,-0.0014133986928103193,0.006192810457516503,0.23422515874131955,0.2055897205139743,True,0.2434378281085946
transfer,transfer,opaque_dependency_l6,adaptation,holdout_score,full_transfer,policy_reset_effect_retained,30,0.2469669117647059,0.21823535216323636,0.028731559601469506,0.027689651849787816,0.029891605163082504,9.243093646794868,4.999750012499375e-05,True,0.000199990000499975
transfer,transfer,opaque_dependency_l6,adaptation,holdout_gain,full_transfer,policy_reset_effect_retained,30,8.859272875816992e-05,0.0006055004272793626,-0.0005169076985211926,-0.0006495164873733212,-0.00039083083070972345,-1.4013477496387794,4.999750012499375e-05,True,0.000199990000499975
transfer,transfer,opaque_dependency_l6,adaptation,imagined_nodes,full_transfer,policy_reset_effect_retained,30,98.28426470588235,98.09980392156862,0.18446078431372495,-2.021911764705883,2.5642156862745082,0.02850445296467618,0.8768561571921404,True,0.8768561571921404
transfer,transfer,opaque_dependency_l6,adaptation,imagination_depth,full_transfer,policy_reset_effect_retained,30,4.8595098039215685,4.850196078431372,0.009313725490196222,-0.043480392156862606,0.060539215686274635,0.062263781669465966,0.7326633668316584,True,1.0
transfer,transfer,opaque_dependency_l6,adaptation,actual_return,full_transfer,policy_reset_effect_retained,30,0.10441176470588236,0.10137254901960784,0.00303921568627451,-0.020833333333333332,0.02607843137254902,0.0461310686251966,0.8022598870056498,True,1.0
transfer,transfer,opaque_dependency_l6,adaptation,runtime_seconds,full_transfer,policy_reset_effect_retained,30,0.0036898103823848802,0.003274106651946318,0.000415703730438562,0.00035423743120690257,0.00047581642671823784,2.443629888027125,4.999750012499375e-05,True,0.000199990000499975
transfer,transfer,opaque_dependency_l6,adaptation,real_transitions,full_transfer,policy_reset_effect_retained,30,6.0,6.0,0.0,0.0,0.0,0.0,1.0,True,1.0
transfer,transfer,opaque_dependency_l6,adaptation,imagined_transitions,full_transfer,policy_reset_effect_retained,30,98.28426470588235,98.09980392156862,0.18446078431372495,-2.1227941176470613,2.472696078431372,0.02850445296467618,0.8771561421928904,True,0.8771561421928904
transfer,transfer,opaque_dependency_l6,adaptation,action_proposals,full_transfer,policy_reset_effect_retained,30,6.0,6.0,0.0,0.0,0.0,0.0,1.0,True,1.0
transfer,transfer,opaque_dependency_l6,adaptation,repeat_rate,full_transfer,policy_reset_effect_retained,30,0.0,0.0,0.0,0.0,0.0,0.0,1.0,True,1.0
transfer,transfer,opaque_dependency_l6,adaptation,error_rate,full_transfer,policy_reset_effect_retained,30,0.0,0.0,0.0,0.0,0.0,0.0,1.0,True,1.0
transfer,transfer,opaque_dependency_l6,adaptation,success,full_transfer,policy_reset_prophecy_retained,30,0.10441176470588236,0.10740196078431373,-0.0029901960784313713,-0.02696078431372549,0.02230392156862745,-0.04221510977816501,0.8192590370481476,True,1.0
transfer,transfer,opaque_dependency_l6,adaptation,steps,full_transfer,policy_reset_prophecy_retained,30,6.0,6.0,0.0,0.0,0.0,0.0,1.0,True,1.0
transfer,transfer,opaque_dependency_l6,adaptation,reward,full_transfer,policy_reset_prophecy_retained,30,0.10441176470588236,0.10740196078431373,-0.0029901960784313713,-0.027450980392156862,0.02127450980392157,-0.04221510977816501,0.8215589220538974,True,1.0
transfer,transfer,opaque_dependency_l6,adaptation,errors,full_transfer,policy_reset_prophecy_retained,30,0.0,0.0,0.0,0.0,0.0,0.0,1.0,True,1.0
transfer,transfer,opaque_dependency_l6,adaptation,repeats,full_transfer,policy_reset_prophecy_retained,30,0.0,0.0,0.0,0.0,0.0,0.0,1.0,True,1.0
transfer,transfer,opaque_dependency_l6,adaptation,prediction_score,full_transfer,policy_reset_prophecy_retained,30,0.9052532679738563,0.9018055555555554,0.003447712418300745,-0.0002287581699345953,0.006830065359477178,0.33568971664528896,0.08114594270286486,True,0.2434378281085946
transfer,transfer,opaque_dependency_l6,adaptation,holdout_score,full_transfer,policy_reset_prophecy_retained,30,0.2469669117647059,0.22079199166927002,0.02617492009543585,0.02538336421288727,0.026936786179892893,11.92323152389196,4.999750012499375e-05,True,0.000199990000499975
transfer,transfer,opaque_dependency_l6,adaptation,holdout_gain,full_transfer,policy_reset_prophecy_retained,30,8.859272875816992e-05,0.0007014080237119452,-0.0006128152949537753,-0.0007439088292335841,-0.00048675770489495983,-1.7014471044474841,4.999750012499375e-05,True,0.000199990000499975
transfer,transfer,opaque_dependency_l6,adaptation,imagined_nodes,full_transfer,policy_reset_prophecy_retained,30,98.28426470588235,101.53803921568627,-3.253774509803923,-5.475245098039218,-1.1046568627451014,-0.5274358911823308,0.006249687515624219,True,0.018749062546872655
transfer,transfer,opaque_dependency_l6,adaptation,imagination_depth,full_transfer,policy_reset_prophecy_retained,30,4.8595098039215685,4.8910294117647055,-0.03151960784313722,-0.08343137254901958,0.012696078431372637,-0.2338485034520208,0.2189890505474726,True,0.6569671516424178
transfer,transfer,opaque_dependency_l6,adaptation,actual_return,full_transfer,policy_reset_prophecy_retained,30,0.10441176470588236,0.10740196078431373,-0.0029901960784313713,-0.02764705882352941,0.02156862745098039,-0.04221510977816501,0.8196590170491476,True,1.0
transfer,transfer,opaque_dependency_l6,adaptation,runtime_seconds,full_transfer,policy_reset_prophecy_retained,30,0.0036898103823848802,0.003333610936144182,0.000356199446240698,0.0003028954805503257,0.00040777401972103266,2.374333563036744,4.999750012499375e-05,True,0.000199990000499975
transfer,transfer,opaque_dependency_l6,adaptation,real_transitions,full_transfer,policy_reset_prophecy_retained,30,6.0,6.0,0.0,0.0,0.0,0.0,1.0,True,1.0
transfer,transfer,opaque_dependency_l6,adaptation,imagined_transitions,full_transfer,policy_reset_prophecy_retained,30,98.28426470588235,101.53803921568627,-3.253774509803923,-5.435833333333337,-1.2135294117647077,-0.5274358911823308,0.006149692515374231,True,0.018449077546122693
transfer,transfer,opaque_dependency_l6,adaptation,action_proposals,full_transfer,policy_reset_prophecy_retained,30,6.0,6.0,0.0,0.0,0.0,0.0,1.0,True,1.0
transfer,transfer,opaque_dependency_l6,adaptation,repeat_rate,full_transfer,policy_reset_prophecy_retained,30,0.0,0.0,0.0,0.0,0.0,0.0,1.0,True,1.0
transfer,transfer,opaque_dependency_l6,adaptation,error_rate,full_transfer,policy_reset_prophecy_retained,30,0.0,0.0,0.0,0.0,0.0,0.0,1.0,True,1.0
transfer,transfer,opaque_dependency_l6,adaptation_curve,adaptation_auc,full_transfer,from_scratch_contextual_policy,30,0.1353515625,0.11682942708333334,0.018522135416666665,-0.0287109375,0.07373046875,0.12883020221684718,0.5148242587870606,True,1.0
transfer,transfer,opaque_dependency_l6,adaptation_curve,transfer_gain_vs_from_scratch,full_transfer,from_scratch_contextual_policy,30,0.014908854166666667,-0.00361328125,0.018522135416666665,-0.027473958333333333,0.07366536458333334,0.12883020221684718,0.5064746762661867,True,1.0
transfer,transfer,opaque_dependency_l6,adaptation_curve,unseen_prediction_calibration_error,full_transfer,from_scratch_contextual_policy,30,0.6943055555555555,0.06333333333333332,0.6309722222222223,0.5975,0.6615277777777777,6.9390841384333815,4.999750012499375e-05,True,0.000199990000499975
transfer,transfer,opaque_dependency_l6,adaptation_curve,adaptation_auc,full_transfer,from_scratch_full_aassr,30,0.1353515625,0.12044270833333333,0.014908854166666667,-0.034440104166666666,0.06435546875,0.10850380304141861,0.5578721063946802,True,1.0
transfer,transfer,opaque_dependency_l6,adaptation_curve,transfer_gain_vs_from_scratch,full_transfer,from_scratch_full_aassr,30,0.014908854166666667,0.0,0.014908854166666667,-0.03359375,0.06324869791666667,0.10850380304141861,0.5591220438978051,True,1.0
transfer,transfer,opaque_dependency_l6,adaptation_curve,unseen_prediction_calibration_error,full_transfer,from_scratch_full_aassr,30,0.6943055555555555,0.6868055555555556,0.007500000000000012,-0.028194444444444446,0.043194444444444445,0.07432932721325977,0.6934653267336633,True,1.0
transfer,transfer,opaque_dependency_l6,adaptation_curve,adaptation_auc,full_transfer,policy_reset_effect_retained,30,0.1353515625,0.13134765625,0.00400390625,-0.02705078125,0.034765625,0.04540880848037233,0.8123593820308984,True,1.0
transfer,transfer,opaque_dependency_l6,adaptation_curve,episodes_to_50,full_transfer,policy_reset_effect_retained,2,40.0,40.0,0.0,0.0,0.0,0.0,1.0,True,1.0
transfer,transfer,opaque_dependency_l6,adaptation_curve,transfer_gain_vs_from_scratch,full_transfer,policy_reset_effect_retained,30,0.014908854166666667,0.010904947916666666,0.00400390625,-0.0265625,0.03583984375,0.04540880848037233,0.8154092295385231,True,1.0
transfer,transfer,opaque_dependency_l6,adaptation_curve,unseen_prediction_calibration_error,full_transfer,policy_reset_effect_retained,30,0.6943055555555555,0.6877777777777777,0.006527777777777779,-0.018055555555555557,0.030277777777777782,0.09750144482570053,0.608119594020299,True,1.0
transfer,transfer,opaque_dependency_l6,adaptation_curve,adaptation_auc,full_transfer,policy_reset_prophecy_retained,30,0.1353515625,0.13916015625,-0.00380859375,-0.0375,0.0294921875,-0.03934208800003084,0.8387580620968952,True,1.0
transfer,transfer,opaque_dependency_l6,adaptation_curve,episodes_to_50,full_transfer,policy_reset_prophecy_retained,2,16.0,64.0,-48.0,-48.0,-48.0,0.0,0.5,True,1.0
transfer,transfer,opaque_dependency_l6,adaptation_curve,transfer_gain_vs_from_scratch,full_transfer,policy_reset_prophecy_retained,30,0.014908854166666667,0.018717447916666668,-0.00380859375,-0.037109375,0.030078125,-0.03934208800003084,0.8326583670816459,True,1.0
transfer,transfer,opaque_dependency_l6,adaptation_curve,unseen_prediction_calibration_error,full_transfer,policy_reset_prophecy_retained,30,0.6943055555555555,0.6759722222222222,0.018333333333333333,-0.009305555555555536,0.044444444444444446,0.24326669080846633,0.19559022048897556,True,0.5867706614669267
transfer,transfer,opaque_dependency_l6,evaluation_unseen_adaptation,success,full_transfer,from_scratch_contextual_policy,30,0.07083333333333333,0.06333333333333332,0.007500000000000001,-0.016666666666666666,0.035833333333333335,0.09937374846619441,0.6535673216339183,True,1.0
transfer,transfer,opaque_dependency_l6,evaluation_unseen_adaptation,steps,full_transfer,from_scratch_contextual_policy,30,6.0,6.0,0.0,0.0,0.0,0.0,1.0,True,1.0
transfer,transfer,opaque_dependency_l6,evaluation_unseen_adaptation,reward,full_transfer,from_scratch_contextual_policy,30,0.07083333333333333,0.06333333333333332,0.007500000000000001,-0.016666666666666666,0.035833333333333335,0.09937374846619441,0.648767561621919,True,1.0
transfer,transfer,opaque_dependency_l6,evaluation_unseen_adaptation,errors,full_transfer,from_scratch_contextual_policy,30,0.0,0.0,0.0,0.0,0.0,0.0,1.0,True,1.0
transfer,transfer,opaque_dependency_l6,evaluation_unseen_adaptation,repeats,full_transfer,from_scratch_contextual_policy,30,0.0,0.0,0.0,0.0,0.0,0.0,1.0,True,1.0
transfer,transfer,opaque_dependency_l6,evaluation_unseen_adaptation,prediction_score,full_transfer,from_scratch_contextual_policy,30,0.7648611111111117,0.0,0.7648611111111117,0.7526388888888894,0.7766666666666674,22.08577273931472,4.999750012499375e-05,True,0.000199990000499975
transfer,transfer,opaque_dependency_l6,evaluation_unseen_adaptation,holdout_score,full_transfer,from_scratch_contextual_policy,30,0.9873958333333334,0.0,0.9873958333333334,0.9837239583333334,0.9909895833333333,97.55482760504569,4.999750012499375e-05,True,0.000199990000499975
transfer,transfer,opaque_dependency_l6,evaluation_unseen_adaptation,imagined_nodes,full_transfer,from_scratch_contextual_policy,30,68.67416666666666,0.0,68.67416666666666,53.486666666666665,83.89416666666666,1.5910847887349993,4.999750012499375e-05,True,0.000199990000499975
transfer,transfer,opaque_dependency_l6,evaluation_unseen_adaptation,imagination_depth,full_transfer,from_scratch_contextual_policy,30,1.8591666666666666,0.0,1.8591666666666666,1.4733333333333334,2.2266666666666666,1.7398066311252856,4.999750012499375e-05,True,0.000199990000499975
transfer,transfer,opaque_dependency_l6,evaluation_unseen_adaptation,actual_return,full_transfer,from_scratch_contextual_policy,30,0.07083333333333333,0.06333333333333332,0.007500000000000001,-0.017499999999999998,0.035833333333333335,0.09937374846619441,0.6568171591420429,True,1.0
transfer,transfer,opaque_dependency_l6,evaluation_unseen_adaptation,runtime_seconds,full_transfer,from_scratch_contextual_policy,30,0.004049085060821623,0.0010348016116593498,0.0030142834491622733,0.0026886010641758427,0.003354008131657853,3.1850617723546577,4.999750012499375e-05,True,0.000199990000499975
transfer,transfer,opaque_dependency_l6,evaluation_unseen_adaptation,real_transitions,full_transfer,from_scratch_contextual_policy,30,6.0,6.0,0.0,0.0,0.0,0.0,1.0,True,1.0
transfer,transfer,opaque_dependency_l6,evaluation_unseen_adaptation,imagined_transitions,full_transfer,from_scratch_contextual_policy,30,68.67416666666666,0.0,68.67416666666666,53.502500000000005,83.8275,1.5910847887349993,4.999750012499375e-05,True,0.000199990000499975
transfer,transfer,opaque_dependency_l6,evaluation_unseen_adaptation,action_proposals,full_transfer,from_scratch_contextual_policy,30,6.0,6.0,0.0,0.0,0.0,0.0,1.0,True,1.0
transfer,transfer,opaque_dependency_l6,evaluation_unseen_adaptation,repeat_rate,full_transfer,from_scratch_contextual_policy,30,0.0,0.0,0.0,0.0,0.0,0.0,1.0,True,1.0
transfer,transfer,opaque_dependency_l6,evaluation_unseen_adaptation,error_rate,full_transfer,from_scratch_contextual_policy,30,0.0,0.0,0.0,0.0,0.0,0.0,1.0,True,1.0
transfer,transfer,opaque_dependency_l6,evaluation_unseen_adaptation,success,full_transfer,from_scratch_full_aassr,30,0.07083333333333333,0.065,0.005833333333333333,-0.01916666666666667,0.03166666666666666,0.08087925419221512,0.6998650067496626,True,1.0
transfer,transfer,opaque_dependency_l6,evaluation_unseen_adaptation,steps,full_transfer,from_scratch_full_aassr,30,6.0,6.0,0.0,0.0,0.0,0.0,1.0,True,1.0
transfer,transfer,opaque_dependency_l6,evaluation_unseen_adaptation,reward,full_transfer,from_scratch_full_aassr,30,0.07083333333333333,0.065,0.005833333333333333,-0.019166666666666665,0.03166666666666667,0.08087925419221512,0.7091145442727863,True,1.0
transfer,transfer,opaque_dependency_l6,evaluation_unseen_adaptation,errors,full_transfer,from_scratch_full_aassr,30,0.0,0.0,0.0,0.0,0.0,0.0,1.0,True,1.0
transfer,transfer,opaque_dependency_l6,evaluation_unseen_adaptation,repeats,full_transfer,from_scratch_full_aassr,30,0.0,0.0,0.0,0.0,0.0,0.0,1.0,True,1.0
transfer,transfer,opaque_dependency_l6,evaluation_unseen_adaptation,prediction_score,full_transfer,from_scratch_full_aassr,30,0.7648611111111117,0.7506944444444452,0.014166666666666475,-0.0015277777777767917,0.029444444444444193,0.33179512858968313,0.08084595770211489,True,0.1670916454177291
transfer,transfer,opaque_dependency_l6,evaluation_unseen_adaptation,holdout_score,full_transfer,from_scratch_full_aassr,30,0.9873958333333334,0.5616049116945852,0.42579092163874827,0.41890250721500755,0.43279379261036927,21.581657530307737,4.999750012499375e-05,True,0.000199990000499975
transfer,transfer,opaque_dependency_l6,evaluation_unseen_adaptation,imagined_nodes,full_transfer,from_scratch_full_aassr,30,68.67416666666666,67.03666666666668,1.6374999999999993,-16.5175,19.534166666666668,0.03218789561170567,0.856407179641018,True,0.856407179641018
transfer,transfer,opaque_dependency_l6,evaluation_unseen_adaptation,imagination_depth,full_transfer,from_scratch_full_aassr,30,1.8591666666666666,1.7141666666666666,0.145,-0.3241666666666667,0.5733333333333334,0.11203908088761198,0.5446727663616819,True,1.0
transfer,transfer,opaque_dependency_l6,evaluation_unseen_adaptation,actual_return,full_transfer,from_scratch_full_aassr,30,0.07083333333333333,0.065,0.005833333333333333,-0.02,0.03166666666666666,0.08087925419221512,0.712264386780661,True,1.0
transfer,transfer,opaque_dependency_l6,evaluation_unseen_adaptation,runtime_seconds,full_transfer,from_scratch_full_aassr,30,0.004049085060821623,0.002501754656657916,0.0015473304041637068,0.0011520518859380294,0.0019284833876047438,1.4083747135785583,4.999750012499375e-05,True,0.000199990000499975
transfer,transfer,opaque_dependency_l6,evaluation_unseen_adaptation,real_transitions,full_transfer,from_scratch_full_aassr,30,6.0,6.0,0.0,0.0,0.0,0.0,1.0,True,1.0
transfer,transfer,opaque_dependency_l6,evaluation_unseen_adaptation,imagined_transitions,full_transfer,from_scratch_full_aassr,30,68.67416666666666,67.03666666666668,1.6374999999999993,-16.656666666666666,19.243333333333332,0.03218789561170567,0.8652067396630169,True,0.8652067396630169
transfer,transfer,opaque_dependency_l6,evaluation_unseen_adaptation,action_proposals,full_transfer,from_scratch_full_aassr,30,6.0,6.0,0.0,0.0,0.0,0.0,1.0,True,1.0
transfer,transfer,opaque_dependency_l6,evaluation_unseen_adaptation,repeat_rate,full_transfer,from_scratch_full_aassr,30,0.0,0.0,0.0,0.0,0.0,0.0,1.0,True,1.0
transfer,transfer,opaque_dependency_l6,evaluation_unseen_adaptation,error_rate,full_transfer,from_scratch_full_aassr,30,0.0,0.0,0.0,0.0,0.0,0.0,1.0,True,1.0
transfer,transfer,opaque_dependency_l6,evaluation_unseen_adaptation,success,full_transfer,policy_reset_effect_retained,30,0.07083333333333333,0.07083333333333333,-1.3877787807814458e-18,-0.015833333333333335,0.01583333333333333,-3.051009898029117e-17,1.0,True,1.0
transfer,transfer,opaque_dependency_l6,evaluation_unseen_adaptation,steps,full_transfer,policy_reset_effect_retained,30,6.0,6.0,0.0,0.0,0.0,0.0,1.0,True,1.0
transfer,transfer,opaque_dependency_l6,evaluation_unseen_adaptation,reward,full_transfer,policy_reset_effect_retained,30,0.07083333333333333,0.07083333333333333,-1.3877787807814458e-18,-0.015833333333333335,0.01583333333333333,-3.051009898029117e-17,1.0,True,1.0
transfer,transfer,opaque_dependency_l6,evaluation_unseen_adaptation,errors,full_transfer,policy_reset_effect_retained,30,0.0,0.0,0.0,0.0,0.0,0.0,1.0,True,1.0
transfer,transfer,opaque_dependency_l6,evaluation_unseen_adaptation,repeats,full_transfer,policy_reset_effect_retained,30,0.0,0.0,0.0,0.0,0.0,0.0,1.0,True,1.0
transfer,transfer,opaque_dependency_l6,evaluation_unseen_adaptation,prediction_score,full_transfer,policy_reset_effect_retained,30,0.7648611111111117,0.7586111111111116,0.006250000000000089,-0.008194444444443175,0.01986111111110943,0.15564377943752175,0.4106794660266987,True,0.4106794660266987
transfer,transfer,opaque_dependency_l6,evaluation_unseen_adaptation,holdout_score,full_transfer,policy_reset_effect_retained,30,0.9873958333333334,0.5513159348022831,0.4360798985310501,0.43036846891534436,0.44221123555416314,25.5130653931368,4.999750012499375e-05,True,0.000199990000499975
transfer,transfer,opaque_dependency_l6,evaluation_unseen_adaptation,imagined_nodes,full_transfer,policy_reset_effect_retained,30,68.67416666666666,70.40916666666666,-1.7350000000000008,-4.35,0.7283333333333328,-0.23455746207238887,0.2127893605319734,True,0.4255787210639468
transfer,transfer,opaque_dependency_l6,evaluation_unseen_adaptation,imagination_depth,full_transfer,policy_reset_effect_retained,30,1.8591666666666666,1.8599999999999999,-0.000833333333333323,-0.025833333333333337,0.02249999999999997,-0.01181144660244248,1.0,True,1.0
transfer,transfer,opaque_dependency_l6,evaluation_unseen_adaptation,actual_return,full_transfer,policy_reset_effect_retained,30,0.07083333333333333,0.07083333333333333,-1.3877787807814458e-18,-0.016666666666666666,0.01583333333333333,-3.051009898029117e-17,1.0,True,1.0
transfer,transfer,opaque_dependency_l6,evaluation_unseen_adaptation,runtime_seconds,full_transfer,policy_reset_effect_retained,30,0.004049085060821623,0.002609444021682672,0.0014396410391389507,0.0013731982675267015,0.0015028207907989174,7.7106545597472165,4.999750012499375e-05,True,0.000199990000499975
transfer,transfer,opaque_dependency_l6,evaluation_unseen_adaptation,real_transitions,full_transfer,policy_reset_effect_retained,30,6.0,6.0,0.0,0.0,0.0,0.0,1.0,True,1.0
transfer,transfer,opaque_dependency_l6,evaluation_unseen_adaptation,imagined_transitions,full_transfer,policy_reset_effect_retained,30,68.67416666666666,70.40916666666666,-1.7350000000000008,-4.380833333333333,0.8083333333333319,-0.23455746207238887,0.21073946302684865,True,0.4214789260536973
transfer,transfer,opaque_dependency_l6,evaluation_unseen_adaptation,action_proposals,full_transfer,policy_reset_effect_retained,30,6.0,6.0,0.0,0.0,0.0,0.0,1.0,True,1.0
transfer,transfer,opaque_dependency_l6,evaluation_unseen_adaptation,repeat_rate,full_transfer,policy_reset_effect_retained,30,0.0,0.0,0.0,0.0,0.0,0.0,1.0,True,1.0
transfer,transfer,opaque_dependency_l6,evaluation_unseen_adaptation,error_rate,full_transfer,policy_reset_effect_retained,30,0.0,0.0,0.0,0.0,0.0,0.0,1.0,True,1.0
transfer,transfer,opaque_dependency_l6,evaluation_unseen_adaptation,success,full_transfer,policy_reset_prophecy_retained,30,0.07083333333333333,0.07416666666666667,-0.0033333333333333335,-0.020833333333333332,0.015000000000000005,-0.06461939296158904,0.7894605269736513,True,1.0
transfer,transfer,opaque_dependency_l6,evaluation_unseen_adaptation,steps,full_transfer,policy_reset_prophecy_retained,30,6.0,6.0,0.0,0.0,0.0,0.0,1.0,True,1.0
transfer,transfer,opaque_dependency_l6,evaluation_unseen_adaptation,reward,full_transfer,policy_reset_prophecy_retained,30,0.07083333333333333,0.07416666666666667,-0.0033333333333333335,-0.021666666666666667,0.014999999999999998,-0.06461939296158904,0.7908604569771511,True,1.0
transfer,transfer,opaque_dependency_l6,evaluation_unseen_adaptation,errors,full_transfer,policy_reset_prophecy_retained,30,0.0,0.0,0.0,0.0,0.0,0.0,1.0,True,1.0
transfer,transfer,opaque_dependency_l6,evaluation_unseen_adaptation,repeats,full_transfer,policy_reset_prophecy_retained,30,0.0,0.0,0.0,0.0,0.0,0.0,1.0,True,1.0
transfer,transfer,opaque_dependency_l6,evaluation_unseen_adaptation,prediction_score,full_transfer,policy_reset_prophecy_retained,30,0.7648611111111117,0.7501388888888897,0.014722222222222026,7.549516567451064e-16,0.028472222222223623,0.36717552664684094,0.055697215139243035,True,0.1670916454177291
transfer,transfer,opaque_dependency_l6,evaluation_unseen_adaptation,holdout_score,full_transfer,policy_reset_prophecy_retained,30,0.9873958333333334,0.5621718706488441,0.4252239626844893,0.41854010460178254,0.43197958002645553,21.947004187855125,4.999750012499375e-05,True,0.000199990000499975
transfer,transfer,opaque_dependency_l6,evaluation_unseen_adaptation,imagined_nodes,full_transfer,policy_reset_prophecy_retained,30,68.67416666666666,73.15916666666666,-4.485,-7.734166666666669,-1.569166666666667,-0.5055934207978355,0.006249687515624219,True,0.018749062546872655
transfer,transfer,opaque_dependency_l6,evaluation_unseen_adaptation,imagination_depth,full_transfer,policy_reset_prophecy_retained,30,1.8591666666666666,1.8633333333333333,-0.004166666666666652,-0.027499999999999962,0.01583333333333336,-0.06613665636569295,0.7885605719714014,True,1.0
transfer,transfer,opaque_dependency_l6,evaluation_unseen_adaptation,actual_return,full_transfer,policy_reset_prophecy_retained,30,0.07083333333333333,0.07416666666666667,-0.0033333333333333335,-0.021666666666666667,0.015000000000000001,-0.06461939296158904,0.792210389480526,True,1.0
transfer,transfer,opaque_dependency_l6,evaluation_unseen_adaptation,runtime_seconds,full_transfer,policy_reset_prophecy_retained,30,0.004049085060821623,0.0026873642942130877,0.0013617207666085352,0.0012318463499987652,0.0014633787099548499,4.17807559312884,4.999750012499375e-05,True,0.000199990000499975
transfer,transfer,opaque_dependency_l6,evaluation_unseen_adaptation,real_transitions,full_transfer,policy_reset_prophecy_retained,30,6.0,6.0,0.0,0.0,0.0,0.0,1.0,True,1.0
transfer,transfer,opaque_dependency_l6,evaluation_unseen_adaptation,imagined_transitions,full_transfer,policy_reset_prophecy_retained,30,68.67416666666666,73.15916666666666,-4.485,-7.7025,-1.6066666666666667,-0.5055934207978355,0.00759962001899905,True,0.02279886005699715
transfer,transfer,opaque_dependency_l6,evaluation_unseen_adaptation,action_proposals,full_transfer,policy_reset_prophecy_retained,30,6.0,6.0,0.0,0.0,0.0,0.0,1.0,True,1.0
transfer,transfer,opaque_dependency_l6,evaluation_unseen_adaptation,repeat_rate,full_transfer,policy_reset_prophecy_retained,30,0.0,0.0,0.0,0.0,0.0,0.0,1.0,True,1.0
transfer,transfer,opaque_dependency_l6,evaluation_unseen_adaptation,error_rate,full_transfer,policy_reset_prophecy_retained,30,0.0,0.0,0.0,0.0,0.0,0.0,1.0,True,1.0
