experiment,suite,condition,environment,model,phase,action_family,metric,seed_count,mean,sd,ci95_low,ci95_high,minimum,maximum
ablation,ablation,axis_aggregation=max,opaque_dependency_l6,axis_marginal_mean,training,ablation_axis,success,30,0.33521666666666666,0.07133779325943884,0.3112333333333333,0.36038333333333333,0.217,0.49300000000000005
ablation,ablation,axis_aggregation=max,opaque_dependency_l6,axis_marginal_mean,training,ablation_axis,prediction_score,30,0.9899944444444445,0.0005587742011924374,0.9897972222222222,0.9901861111111111,0.98875,0.9909166666666667
ablation,ablation,axis_aggregation=max,opaque_dependency_l6,axis_marginal_mean,training,ablation_axis,holdout_gain,30,6.3778436010959445e-06,4.876738246617554e-06,4.7173293468316916e-06,8.083681962278508e-06,0.0,1.7361111111111104e-05
ablation,ablation,axis_aggregation=max,opaque_dependency_l6,axis_marginal_mean,training,ablation_axis,learning_auc,30,0.33526763381690844,0.07129862756311885,0.3101717525429381,0.36103051525762886,0.21710855427713857,0.49324662331165586
ablation,ablation,axis_aggregation=max,opaque_dependency_l6,axis_marginal_mean,training,ablation_axis,final_tail_success,30,0.4995,0.10892381076570971,0.4623333333333334,0.5388333333333333,0.31,0.705
ablation,ablation,axis_aggregation=max,opaque_dependency_l6,axis_marginal_mean,training,ablation_axis,first_success_real_transitions,30,282.2,212.5148919731152,209.4,360.6,6.0,678.0
ablation,ablation,axis_aggregation=mean,opaque_dependency_l6,axis_marginal_mean,training,ablation_axis,success,30,0.33521666666666666,0.07133779325943884,0.3104333333333333,0.3602166666666667,0.217,0.49300000000000005
ablation,ablation,axis_aggregation=mean,opaque_dependency_l6,axis_marginal_mean,training,ablation_axis,prediction_score,30,0.9899944444444445,0.0005587742011924374,0.9897972222222222,0.9901916666666666,0.98875,0.9909166666666667
ablation,ablation,axis_aggregation=mean,opaque_dependency_l6,axis_marginal_mean,training,ablation_axis,holdout_gain,30,6.3778436010959445e-06,4.876738246617554e-06,4.704664743587377e-06,8.120457675711298e-06,0.0,1.7361111111111104e-05
ablation,ablation,axis_aggregation=mean,opaque_dependency_l6,axis_marginal_mean,training,ablation_axis,learning_auc,30,0.33526763381690844,0.07129862756311885,0.3101300650325163,0.3605219276304819,0.21710855427713857,0.49324662331165586
ablation,ablation,axis_aggregation=mean,opaque_dependency_l6,axis_marginal_mean,training,ablation_axis,final_tail_success,30,0.4995,0.10892381076570971,0.46116666666666667,0.5383333333333334,0.31,0.705
ablation,ablation,axis_aggregation=mean,opaque_dependency_l6,axis_marginal_mean,training,ablation_axis,first_success_real_transitions,30,282.2,212.5148919731152,208.0,356.6,6.0,678.0
ablation,ablation,axis_aggregation=risk-adjusted,opaque_dependency_l6,axis_marginal_mean,training,ablation_axis,success,30,0.33521666666666666,0.07133779325943884,0.30979999999999996,0.36029999999999995,0.217,0.49300000000000005
ablation,ablation,axis_aggregation=risk-adjusted,opaque_dependency_l6,axis_marginal_mean,training,ablation_axis,prediction_score,30,0.9899944444444445,0.0005587742011924374,0.9897916666666667,0.9901888888888889,0.98875,0.9909166666666667
ablation,ablation,axis_aggregation=risk-adjusted,opaque_dependency_l6,axis_marginal_mean,training,ablation_axis,holdout_gain,30,6.3778436010959445e-06,4.876738246617554e-06,4.716916185666187e-06,8.074078854822675e-06,0.0,1.7361111111111104e-05
ablation,ablation,axis_aggregation=risk-adjusted,opaque_dependency_l6,axis_marginal_mean,training,ablation_axis,learning_auc,30,0.33526763381690844,0.07129862756311885,0.3110305152576288,0.3605552776388194,0.21710855427713857,0.49324662331165586
ablation,ablation,axis_aggregation=risk-adjusted,opaque_dependency_l6,axis_marginal_mean,training,ablation_axis,final_tail_success,30,0.4995,0.10892381076570971,0.4613333333333333,0.5381666666666667,0.31,0.705
ablation,ablation,axis_aggregation=risk-adjusted,opaque_dependency_l6,axis_marginal_mean,training,ablation_axis,first_success_real_transitions,30,282.2,212.5148919731152,209.6,357.0,6.0,678.0
ablation,ablation,axis_branch=1,opaque_dependency_l6,axis_marginal_mean,training,ablation_axis,success,30,0.33521666666666666,0.07133779325943884,0.31085,0.3605,0.217,0.49300000000000005
ablation,ablation,axis_branch=1,opaque_dependency_l6,axis_marginal_mean,training,ablation_axis,prediction_score,30,0.9899944444444445,0.0005587742011924374,0.9897888888888888,0.9901916666666666,0.98875,0.9909166666666667
ablation,ablation,axis_branch=1,opaque_dependency_l6,axis_marginal_mean,training,ablation_axis,holdout_gain,30,6.3778436010959445e-06,4.876738246617554e-06,4.702481160814494e-06,8.10288944482785e-06,0.0,1.7361111111111104e-05
ablation,ablation,axis_branch=1,opaque_dependency_l6,axis_marginal_mean,training,ablation_axis,learning_auc,30,0.33526763381690844,0.07129862756311885,0.3109804902451226,0.36057195264298814,0.21710855427713857,0.49324662331165586
ablation,ablation,axis_branch=1,opaque_dependency_l6,axis_marginal_mean,training,ablation_axis,final_tail_success,30,0.4995,0.10892381076570971,0.46166666666666667,0.5375,0.31,0.705
ablation,ablation,axis_branch=1,opaque_dependency_l6,axis_marginal_mean,training,ablation_axis,first_success_real_transitions,30,282.2,212.5148919731152,211.2,356.4,6.0,678.0
ablation,ablation,axis_branch=2,opaque_dependency_l6,axis_marginal_mean,training,ablation_axis,success,30,0.33521666666666666,0.07133779325943884,0.30943333333333334,0.3606,0.217,0.49300000000000005
ablation,ablation,axis_branch=2,opaque_dependency_l6,axis_marginal_mean,training,ablation_axis,prediction_score,30,0.9899944444444445,0.0005587742011924374,0.9897833333333333,0.9901888888888889,0.98875,0.9909166666666667
ablation,ablation,axis_branch=2,opaque_dependency_l6,axis_marginal_mean,training,ablation_axis,holdout_gain,30,6.3778436010959445e-06,4.876738246617554e-06,4.710372345282832e-06,8.137800320318437e-06,0.0,1.7361111111111104e-05
ablation,ablation,axis_branch=2,opaque_dependency_l6,axis_marginal_mean,training,ablation_axis,learning_auc,30,0.33526763381690844,0.07129862756311885,0.31083875270968814,0.3615057528764382,0.21710855427713857,0.49324662331165586
ablation,ablation,axis_branch=2,opaque_dependency_l6,axis_marginal_mean,training,ablation_axis,final_tail_success,30,0.4995,0.10892381076570971,0.46049999999999996,0.5393333333333333,0.31,0.705
ablation,ablation,axis_branch=2,opaque_dependency_l6,axis_marginal_mean,training,ablation_axis,first_success_real_transitions,30,282.2,212.5148919731152,209.0,358.2,6.0,678.0
ablation,ablation,axis_branch=4,opaque_dependency_l6,axis_marginal_mean,training,ablation_axis,success,30,0.33521666666666666,0.07133779325943884,0.3105833333333333,0.36006666666666665,0.217,0.49300000000000005
ablation,ablation,axis_branch=4,opaque_dependency_l6,axis_marginal_mean,training,ablation_axis,prediction_score,30,0.9899944444444445,0.0005587742011924374,0.9897916666666667,0.9901888888888889,0.98875,0.9909166666666667
ablation,ablation,axis_branch=4,opaque_dependency_l6,axis_marginal_mean,training,ablation_axis,holdout_gain,30,6.3778436010959445e-06,4.876738246617554e-06,4.717300015706878e-06,8.15039824049841e-06,0.0,1.7361111111111104e-05
ablation,ablation,axis_branch=4,opaque_dependency_l6,axis_marginal_mean,training,ablation_axis,learning_auc,30,0.33526763381690844,0.07129862756311885,0.3109388027347007,0.3597715524428881,0.21710855427713857,0.49324662331165586
ablation,ablation,axis_branch=4,opaque_dependency_l6,axis_marginal_mean,training,ablation_axis,final_tail_success,30,0.4995,0.10892381076570971,0.46116666666666667,0.537,0.31,0.705
ablation,ablation,axis_branch=4,opaque_dependency_l6,axis_marginal_mean,training,ablation_axis,first_success_real_transitions,30,282.2,212.5148919731152,206.2,357.8,6.0,678.0
ablation,ablation,axis_depth=1,opaque_dependency_l6,axis_marginal_mean,training,ablation_axis,success,30,0.33521666666666666,0.07133779325943884,0.30983333333333335,0.3607666666666667,0.217,0.49300000000000005
ablation,ablation,axis_depth=1,opaque_dependency_l6,axis_marginal_mean,training,ablation_axis,prediction_score,30,0.9899944444444444,0.0005587742011924424,0.9898027777777777,0.9901972222222221,0.98875,0.9909166666666667
ablation,ablation,axis_depth=1,opaque_dependency_l6,axis_marginal_mean,training,ablation_axis,holdout_gain,30,6.3778436010959445e-06,4.876738246617554e-06,4.738492804163094e-06,8.131084371999759e-06,0.0,1.7361111111111104e-05
ablation,ablation,axis_depth=1,opaque_dependency_l6,axis_marginal_mean,training,ablation_axis,learning_auc,30,0.33526763381690844,0.07129862756311883,0.3103134900783725,0.3605219276304819,0.21710855427713857,0.4932466233116558
ablation,ablation,axis_depth=1,opaque_dependency_l6,axis_marginal_mean,training,ablation_axis,final_tail_success,30,0.4995,0.10892381076570971,0.461,0.5381666666666667,0.31,0.705
ablation,ablation,axis_depth=1,opaque_dependency_l6,axis_marginal_mean,training,ablation_axis,first_success_real_transitions,30,282.2,212.5148919731152,208.0,358.6,6.0,678.0
ablation,ablation,axis_depth=2,opaque_dependency_l6,axis_marginal_mean,training,ablation_axis,success,30,0.33521666666666666,0.07133779325943884,0.3105333333333333,0.36005000000000004,0.217,0.49300000000000005
ablation,ablation,axis_depth=2,opaque_dependency_l6,axis_marginal_mean,training,ablation_axis,prediction_score,30,0.9899944444444444,0.0005587742011924424,0.9898,0.9901833333333332,0.98875,0.9909166666666667
ablation,ablation,axis_depth=2,opaque_dependency_l6,axis_marginal_mean,training,ablation_axis,holdout_gain,30,6.3778436010959445e-06,4.876738246617554e-06,4.706411074164698e-06,8.12950649726012e-06,0.0,1.7361111111111104e-05
ablation,ablation,axis_depth=2,opaque_dependency_l6,axis_marginal_mean,training,ablation_axis,learning_auc,30,0.33526763381690844,0.07129862756311883,0.3111639152909788,0.3615140903785226,0.21710855427713857,0.4932466233116558
ablation,ablation,axis_depth=2,opaque_dependency_l6,axis_marginal_mean,training,ablation_axis,final_tail_success,30,0.4995,0.10892381076570971,0.4615,0.5385000000000001,0.31,0.705
ablation,ablation,axis_depth=2,opaque_dependency_l6,axis_marginal_mean,training,ablation_axis,first_success_real_transitions,30,282.2,212.5148919731152,210.2,357.8,6.0,678.0
ablation,ablation,axis_depth=4,opaque_dependency_l6,axis_marginal_mean,training,ablation_axis,success,30,0.33521666666666666,0.07133779325943884,0.3104833333333333,0.3606833333333333,0.217,0.49300000000000005
ablation,ablation,axis_depth=4,opaque_dependency_l6,axis_marginal_mean,training,ablation_axis,prediction_score,30,0.9899944444444444,0.0005587742011924424,0.9898,0.9901888888888889,0.98875,0.9909166666666667
ablation,ablation,axis_depth=4,opaque_dependency_l6,axis_marginal_mean,training,ablation_axis,holdout_gain,30,6.3778436010959445e-06,4.876738246617554e-06,4.7188245412350275e-06,8.083163174169138e-06,0.0,1.7361111111111104e-05
ablation,ablation,axis_depth=4,opaque_dependency_l6,axis_marginal_mean,training,ablation_axis,learning_auc,30,0.33526763381690844,0.07129862756311883,0.31057195264298815,0.3596715024178756,0.21710855427713857,0.4932466233116558
ablation,ablation,axis_depth=4,opaque_dependency_l6,axis_marginal_mean,training,ablation_axis,final_tail_success,30,0.4995,0.10892381076570971,0.461,0.539,0.31,0.705
ablation,ablation,axis_depth=4,opaque_dependency_l6,axis_marginal_mean,training,ablation_axis,first_success_real_transitions,30,282.2,212.5148919731152,205.8,355.0,6.0,678.0
ablation,ablation,axis_depth=6,opaque_dependency_l6,axis_marginal_mean,training,ablation_axis,success,30,0.33521666666666666,0.07133779325943884,0.31120000000000003,0.3609666666666667,0.217,0.49300000000000005
ablation,ablation,axis_depth=6,opaque_dependency_l6,axis_marginal_mean,training,ablation_axis,prediction_score,30,0.9899944444444444,0.0005587742011924424,0.9897916666666666,0.9901861111111111,0.98875,0.9909166666666667
ablation,ablation,axis_depth=6,opaque_dependency_l6,axis_marginal_mean,training,ablation_axis,holdout_gain,30,6.3778436010959445e-06,4.876738246617554e-06,4.712266877095307e-06,8.118843704841147e-06,0.0,1.7361111111111104e-05
ablation,ablation,axis_depth=6,opaque_dependency_l6,axis_marginal_mean,training,ablation_axis,learning_auc,30,0.33526763381690844,0.07129862756311883,0.30991328997832246,0.361789227947307,0.21710855427713857,0.4932466233116558
ablation,ablation,axis_depth=6,opaque_dependency_l6,axis_marginal_mean,training,ablation_axis,final_tail_success,30,0.4995,0.10892381076570971,0.4623333333333334,0.5373333333333333,0.31,0.705
ablation,ablation,axis_depth=6,opaque_dependency_l6,axis_marginal_mean,training,ablation_axis,first_success_real_transitions,30,282.2,212.5148919731152,209.4,357.6,6.0,678.0
ablation,ablation,contextual_policy,opaque_dependency_l6,none,evaluation_seen,opaque,success,30,0.0,0.0,0.0,0.0,0.0,0.0
ablation,ablation,contextual_policy,opaque_dependency_l6,none,evaluation_seen,opaque,steps,30,6.0,0.0,6.0,6.0,6.0,6.0
ablation,ablation,contextual_policy,opaque_dependency_l6,none,evaluation_seen,opaque,high_level_steps,30,6.0,0.0,6.0,6.0,6.0,6.0
ablation,ablation,contextual_policy,opaque_dependency_l6,none,evaluation_seen,opaque,primitive_steps,30,6.0,0.0,6.0,6.0,6.0,6.0
ablation,ablation,contextual_policy,opaque_dependency_l6,none,evaluation_seen,opaque,reward,30,0.0,0.0,0.0,0.0,0.0,0.0
ablation,ablation,contextual_policy,opaque_dependency_l6,none,evaluation_seen,opaque,errors,30,0.0,0.0,0.0,0.0,0.0,0.0
ablation,ablation,contextual_policy,opaque_dependency_l6,none,evaluation_seen,opaque,repeats,30,0.0,0.0,0.0,0.0,0.0,0.0
ablation,ablation,contextual_policy,opaque_dependency_l6,none,evaluation_seen,opaque,prediction_score,30,0.0,0.0,0.0,0.0,0.0,0.0
ablation,ablation,contextual_policy,opaque_dependency_l6,none,evaluation_seen,opaque,holdout_score,30,0.0,0.0,0.0,0.0,0.0,0.0
ablation,ablation,contextual_policy,opaque_dependency_l6,none,evaluation_seen,opaque,imagined_nodes,30,0.0,0.0,0.0,0.0,0.0,0.0
ablation,ablation,contextual_policy,opaque_dependency_l6,none,evaluation_seen,opaque,imagination_depth,30,0.0,0.0,0.0,0.0,0.0,0.0
ablation,ablation,contextual_policy,opaque_dependency_l6,none,evaluation_seen,opaque,actual_return,30,0.0,0.0,0.0,0.0,0.0,0.0
ablation,ablation,contextual_policy,opaque_dependency_l6,none,evaluation_seen,opaque,runtime_seconds,30,0.0032557579499649966,0.0003513786950574953,0.003129819366586162,0.003375740100018447,0.0025398204999510197,0.003785775998694589
ablation,ablation,contextual_policy,opaque_dependency_l6,none,evaluation_seen,opaque,real_transitions,30,6.0,0.0,6.0,6.0,6.0,6.0
ablation,ablation,contextual_policy,opaque_dependency_l6,none,evaluation_seen,opaque,imagined_transitions,30,0.0,0.0,0.0,0.0,0.0,0.0
ablation,ablation,contextual_policy,opaque_dependency_l6,none,evaluation_seen,opaque,action_proposals,30,6.0,0.0,6.0,6.0,6.0,6.0
ablation,ablation,contextual_policy,opaque_dependency_l6,none,evaluation_seen,opaque,repeat_rate,30,0.0,0.0,0.0,0.0,0.0,0.0
ablation,ablation,contextual_policy,opaque_dependency_l6,none,evaluation_seen,opaque,error_rate,30,0.0,0.0,0.0,0.0,0.0,0.0
ablation,ablation,contextual_policy,opaque_dependency_l6,none,evaluation_unseen_zero_shot,opaque,success,30,0.0,0.0,0.0,0.0,0.0,0.0
ablation,ablation,contextual_policy,opaque_dependency_l6,none,evaluation_unseen_zero_shot,opaque,steps,30,6.0,0.0,6.0,6.0,6.0,6.0
ablation,ablation,contextual_policy,opaque_dependency_l6,none,evaluation_unseen_zero_shot,opaque,high_level_steps,30,6.0,0.0,6.0,6.0,6.0,6.0
ablation,ablation,contextual_policy,opaque_dependency_l6,none,evaluation_unseen_zero_shot,opaque,primitive_steps,30,6.0,0.0,6.0,6.0,6.0,6.0
ablation,ablation,contextual_policy,opaque_dependency_l6,none,evaluation_unseen_zero_shot,opaque,reward,30,0.0,0.0,0.0,0.0,0.0,0.0
ablation,ablation,contextual_policy,opaque_dependency_l6,none,evaluation_unseen_zero_shot,opaque,errors,30,0.0,0.0,0.0,0.0,0.0,0.0
ablation,ablation,contextual_policy,opaque_dependency_l6,none,evaluation_unseen_zero_shot,opaque,repeats,30,0.0,0.0,0.0,0.0,0.0,0.0
ablation,ablation,contextual_policy,opaque_dependency_l6,none,evaluation_unseen_zero_shot,opaque,prediction_score,30,0.0,0.0,0.0,0.0,0.0,0.0
ablation,ablation,contextual_policy,opaque_dependency_l6,none,evaluation_unseen_zero_shot,opaque,holdout_score,30,0.0,0.0,0.0,0.0,0.0,0.0
ablation,ablation,contextual_policy,opaque_dependency_l6,none,evaluation_unseen_zero_shot,opaque,imagined_nodes,30,0.0,0.0,0.0,0.0,0.0,0.0
ablation,ablation,contextual_policy,opaque_dependency_l6,none,evaluation_unseen_zero_shot,opaque,imagination_depth,30,0.0,0.0,0.0,0.0,0.0,0.0
ablation,ablation,contextual_policy,opaque_dependency_l6,none,evaluation_unseen_zero_shot,opaque,actual_return,30,0.0,0.0,0.0,0.0,0.0,0.0
ablation,ablation,contextual_policy,opaque_dependency_l6,none,evaluation_unseen_zero_shot,opaque,runtime_seconds,30,0.0031513529831863705,0.00035452426277066915,0.003024733366415603,0.00327942606646684,0.002549834500387078,0.0037260930000047664
ablation,ablation,contextual_policy,opaque_dependency_l6,none,evaluation_unseen_zero_shot,opaque,real_transitions,30,6.0,0.0,6.0,6.0,6.0,6.0
ablation,ablation,contextual_policy,opaque_dependency_l6,none,evaluation_unseen_zero_shot,opaque,imagined_transitions,30,0.0,0.0,0.0,0.0,0.0,0.0
ablation,ablation,contextual_policy,opaque_dependency_l6,none,evaluation_unseen_zero_shot,opaque,action_proposals,30,6.0,0.0,6.0,6.0,6.0,6.0
ablation,ablation,contextual_policy,opaque_dependency_l6,none,evaluation_unseen_zero_shot,opaque,repeat_rate,30,0.0,0.0,0.0,0.0,0.0,0.0
ablation,ablation,contextual_policy,opaque_dependency_l6,none,evaluation_unseen_zero_shot,opaque,error_rate,30,0.0,0.0,0.0,0.0,0.0,0.0
ablation,ablation,contextual_policy,opaque_dependency_l6,none,training,opaque,success,30,0.4769333333333333,0.06741926632101812,0.4531833333333333,0.5004333333333333,0.35,0.581
ablation,ablation,contextual_policy,opaque_dependency_l6,none,training,opaque,steps,30,6.0,0.0,6.0,6.0,6.0,6.0
ablation,ablation,contextual_policy,opaque_dependency_l6,none,training,opaque,high_level_steps,30,6.0,0.0,6.0,6.0,6.0,6.0
ablation,ablation,contextual_policy,opaque_dependency_l6,none,training,opaque,primitive_steps,30,6.0,0.0,6.0,6.0,6.0,6.0
ablation,ablation,contextual_policy,opaque_dependency_l6,none,training,opaque,reward,30,0.4769333333333333,0.06741926632101812,0.4533333333333333,0.5000833333333333,0.35,0.581
ablation,ablation,contextual_policy,opaque_dependency_l6,none,training,opaque,errors,30,0.0,0.0,0.0,0.0,0.0,0.0
ablation,ablation,contextual_policy,opaque_dependency_l6,none,training,opaque,repeats,30,0.0,0.0,0.0,0.0,0.0,0.0
ablation,ablation,contextual_policy,opaque_dependency_l6,none,training,opaque,prediction_score,30,0.0,0.0,0.0,0.0,0.0,0.0
ablation,ablation,contextual_policy,opaque_dependency_l6,none,training,opaque,holdout_score,30,0.0,0.0,0.0,0.0,0.0,0.0
ablation,ablation,contextual_policy,opaque_dependency_l6,none,training,opaque,holdout_gain,30,0.0,0.0,0.0,0.0,0.0,0.0
ablation,ablation,contextual_policy,opaque_dependency_l6,none,training,opaque,imagined_nodes,30,0.0,0.0,0.0,0.0,0.0,0.0
ablation,ablation,contextual_policy,opaque_dependency_l6,none,training,opaque,imagination_depth,30,0.0,0.0,0.0,0.0,0.0,0.0
ablation,ablation,contextual_policy,opaque_dependency_l6,none,training,opaque,actual_return,30,0.4769333333333333,0.06741926632101812,0.45335000000000003,0.5004166666666667,0.35,0.581
ablation,ablation,contextual_policy,opaque_dependency_l6,none,training,opaque,runtime_seconds,30,0.00041700282496409875,4.62368465478756e-05,0.00040160007988548994,0.0004340228266262178,0.00035705735020746945,0.000544493199820863
ablation,ablation,contextual_policy,opaque_dependency_l6,none,training,opaque,real_transitions,30,6.0,0.0,6.0,6.0,6.0,6.0
ablation,ablation,contextual_policy,opaque_dependency_l6,none,training,opaque,imagined_transitions,30,0.0,0.0,0.0,0.0,0.0,0.0
ablation,ablation,contextual_policy,opaque_dependency_l6,none,training,opaque,action_proposals,30,6.0,0.0,6.0,6.0,6.0,6.0
ablation,ablation,contextual_policy,opaque_dependency_l6,none,training,opaque,repeat_rate,30,0.0,0.0,0.0,0.0,0.0,0.0
ablation,ablation,contextual_policy,opaque_dependency_l6,none,training,opaque,error_rate,30,0.0,0.0,0.0,0.0,0.0,0.0
ablation,ablation,contextual_policy,opaque_dependency_l6,none,training,opaque,learning_auc,30,0.47703851925962987,0.0673742523460903,0.4527513756878439,0.5003418375854595,0.3501750875437719,0.5810405202601301
ablation,ablation,contextual_policy,opaque_dependency_l6,none,training,opaque,final_tail_success,30,0.7568333333333332,0.10073422982021188,0.7233333333333333,0.792,0.525,0.91
ablation,ablation,contextual_policy,opaque_dependency_l6,none,training,opaque,first_success_real_transitions,30,382.2,426.21747727074086,244.2,548.4,6.0,1938.0
ablation,ablation,full_aassr,opaque_dependency_l6,tabular_online,evaluation_seen,opaque,success,30,0.0,0.0,0.0,0.0,0.0,0.0
ablation,ablation,full_aassr,opaque_dependency_l6,tabular_online,evaluation_seen,opaque,steps,30,6.0,0.0,6.0,6.0,6.0,6.0
ablation,ablation,full_aassr,opaque_dependency_l6,tabular_online,evaluation_seen,opaque,high_level_steps,30,6.0,0.0,6.0,6.0,6.0,6.0
ablation,ablation,full_aassr,opaque_dependency_l6,tabular_online,evaluation_seen,opaque,primitive_steps,30,6.0,0.0,6.0,6.0,6.0,6.0
ablation,ablation,full_aassr,opaque_dependency_l6,tabular_online,evaluation_seen,opaque,reward,30,0.0,0.0,0.0,0.0,0.0,0.0
ablation,ablation,full_aassr,opaque_dependency_l6,tabular_online,evaluation_seen,opaque,errors,30,0.0,0.0,0.0,0.0,0.0,0.0
ablation,ablation,full_aassr,opaque_dependency_l6,tabular_online,evaluation_seen,opaque,repeats,30,0.0,0.0,0.0,0.0,0.0,0.0
ablation,ablation,full_aassr,opaque_dependency_l6,tabular_online,evaluation_seen,opaque,prediction_score,30,0.0,0.0,0.0,0.0,0.0,0.0
ablation,ablation,full_aassr,opaque_dependency_l6,tabular_online,evaluation_seen,opaque,holdout_score,30,1.0,0.0,1.0,1.0,1.0,1.0
ablation,ablation,full_aassr,opaque_dependency_l6,tabular_online,evaluation_seen,opaque,imagined_nodes,30,0.0,0.0,0.0,0.0,0.0,0.0
ablation,ablation,full_aassr,opaque_dependency_l6,tabular_online,evaluation_seen,opaque,imagination_depth,30,0.0,0.0,0.0,0.0,0.0,0.0
ablation,ablation,full_aassr,opaque_dependency_l6,tabular_online,evaluation_seen,opaque,actual_return,30,0.0,0.0,0.0,0.0,0.0,0.0
ablation,ablation,full_aassr,opaque_dependency_l6,tabular_online,evaluation_seen,opaque,runtime_seconds,30,0.003473828750201695,0.00044665068595677526,0.003317755433405788,0.0036313826502106772,0.002816487500385847,0.004640516000072239
ablation,ablation,full_aassr,opaque_dependency_l6,tabular_online,evaluation_seen,opaque,real_transitions,30,6.0,0.0,6.0,6.0,6.0,6.0
ablation,ablation,full_aassr,opaque_dependency_l6,tabular_online,evaluation_seen,opaque,imagined_transitions,30,0.0,0.0,0.0,0.0,0.0,0.0
ablation,ablation,full_aassr,opaque_dependency_l6,tabular_online,evaluation_seen,opaque,action_proposals,30,6.0,0.0,6.0,6.0,6.0,6.0
ablation,ablation,full_aassr,opaque_dependency_l6,tabular_online,evaluation_seen,opaque,repeat_rate,30,0.0,0.0,0.0,0.0,0.0,0.0
ablation,ablation,full_aassr,opaque_dependency_l6,tabular_online,evaluation_seen,opaque,error_rate,30,0.0,0.0,0.0,0.0,0.0,0.0
ablation,ablation,full_aassr,opaque_dependency_l6,tabular_online,evaluation_unseen_zero_shot,opaque,success,30,0.0,0.0,0.0,0.0,0.0,0.0
ablation,ablation,full_aassr,opaque_dependency_l6,tabular_online,evaluation_unseen_zero_shot,opaque,steps,30,6.0,0.0,6.0,6.0,6.0,6.0
ablation,ablation,full_aassr,opaque_dependency_l6,tabular_online,evaluation_unseen_zero_shot,opaque,high_level_steps,30,6.0,0.0,6.0,6.0,6.0,6.0
ablation,ablation,full_aassr,opaque_dependency_l6,tabular_online,evaluation_unseen_zero_shot,opaque,primitive_steps,30,6.0,0.0,6.0,6.0,6.0,6.0
ablation,ablation,full_aassr,opaque_dependency_l6,tabular_online,evaluation_unseen_zero_shot,opaque,reward,30,0.0,0.0,0.0,0.0,0.0,0.0
ablation,ablation,full_aassr,opaque_dependency_l6,tabular_online,evaluation_unseen_zero_shot,opaque,errors,30,0.0,0.0,0.0,0.0,0.0,0.0
ablation,ablation,full_aassr,opaque_dependency_l6,tabular_online,evaluation_unseen_zero_shot,opaque,repeats,30,0.0,0.0,0.0,0.0,0.0,0.0
ablation,ablation,full_aassr,opaque_dependency_l6,tabular_online,evaluation_unseen_zero_shot,opaque,prediction_score,30,0.0,0.0,0.0,0.0,0.0,0.0
ablation,ablation,full_aassr,opaque_dependency_l6,tabular_online,evaluation_unseen_zero_shot,opaque,holdout_score,30,1.0,0.0,1.0,1.0,1.0,1.0
ablation,ablation,full_aassr,opaque_dependency_l6,tabular_online,evaluation_unseen_zero_shot,opaque,imagined_nodes,30,0.0,0.0,0.0,0.0,0.0,0.0
ablation,ablation,full_aassr,opaque_dependency_l6,tabular_online,evaluation_unseen_zero_shot,opaque,imagination_depth,30,0.0,0.0,0.0,0.0,0.0,0.0
ablation,ablation,full_aassr,opaque_dependency_l6,tabular_online,evaluation_unseen_zero_shot,opaque,actual_return,30,0.0,0.0,0.0,0.0,0.0,0.0
ablation,ablation,full_aassr,opaque_dependency_l6,tabular_online,evaluation_unseen_zero_shot,opaque,runtime_seconds,30,0.0034980397000035734,0.0005091670356882903,0.0033160279834070633,0.0036759064833410474,0.002805515999207273,0.004423517999675823
ablation,ablation,full_aassr,opaque_dependency_l6,tabular_online,evaluation_unseen_zero_shot,opaque,real_transitions,30,6.0,0.0,6.0,6.0,6.0,6.0
ablation,ablation,full_aassr,opaque_dependency_l6,tabular_online,evaluation_unseen_zero_shot,opaque,imagined_transitions,30,0.0,0.0,0.0,0.0,0.0,0.0
ablation,ablation,full_aassr,opaque_dependency_l6,tabular_online,evaluation_unseen_zero_shot,opaque,action_proposals,30,6.0,0.0,6.0,6.0,6.0,6.0
ablation,ablation,full_aassr,opaque_dependency_l6,tabular_online,evaluation_unseen_zero_shot,opaque,repeat_rate,30,0.0,0.0,0.0,0.0,0.0,0.0
ablation,ablation,full_aassr,opaque_dependency_l6,tabular_online,evaluation_unseen_zero_shot,opaque,error_rate,30,0.0,0.0,0.0,0.0,0.0,0.0
ablation,ablation,full_aassr,opaque_dependency_l6,tabular_online,training,opaque,success,30,0.35561666666666664,0.09941559262747099,0.3204666666666666,0.39103333333333334,0.136,0.569
ablation,ablation,full_aassr,opaque_dependency_l6,tabular_online,training,opaque,steps,30,6.0,0.0,6.0,6.0,6.0,6.0
ablation,ablation,full_aassr,opaque_dependency_l6,tabular_online,training,opaque,high_level_steps,30,6.0,0.0,6.0,6.0,6.0,6.0
ablation,ablation,full_aassr,opaque_dependency_l6,tabular_online,training,opaque,primitive_steps,30,6.0,0.0,6.0,6.0,6.0,6.0
ablation,ablation,full_aassr,opaque_dependency_l6,tabular_online,training,opaque,reward,30,0.35561666666666664,0.09941559262747099,0.3212,0.39133333333333337,0.136,0.569
ablation,ablation,full_aassr,opaque_dependency_l6,tabular_online,training,opaque,errors,30,0.0,0.0,0.0,0.0,0.0,0.0
ablation,ablation,full_aassr,opaque_dependency_l6,tabular_online,training,opaque,repeats,30,0.0,0.0,0.0,0.0,0.0,0.0
ablation,ablation,full_aassr,opaque_dependency_l6,tabular_online,training,opaque,prediction_score,30,0.9899861111111111,0.0005643815204616007,0.9897888888888888,0.9901805555555555,0.98875,0.9909166666666667
ablation,ablation,full_aassr,opaque_dependency_l6,tabular_online,training,opaque,holdout_score,30,0.12353812622633432,0.00022607434086332074,0.1234601640611115,0.12361415107174008,0.12303559324548644,0.1239719795736979
ablation,ablation,full_aassr,opaque_dependency_l6,tabular_online,training,opaque,holdout_gain,30,6.4646491566515e-06,4.9544842778547776e-06,4.759448130372043e-06,8.25282816174227e-06,0.0,1.7361111111111104e-05
ablation,ablation,full_aassr,opaque_dependency_l6,tabular_online,training,opaque,imagined_nodes,30,186.4534,1.3553257554729334,185.97328333333334,186.93046666666666,184.109,189.0075
ablation,ablation,full_aassr,opaque_dependency_l6,tabular_online,training,opaque,imagination_depth,30,5.444116666666667,0.02492910061496927,5.435533333333334,5.453033333333334,5.386,5.5005
ablation,ablation,full_aassr,opaque_dependency_l6,tabular_online,training,opaque,actual_return,30,0.35561666666666664,0.09941559262747099,0.32,0.3900166666666667,0.136,0.569
ablation,ablation,full_aassr,opaque_dependency_l6,tabular_online,training,opaque,runtime_seconds,30,0.006656164208364498,0.000320663826327457,0.006547468304974124,0.006772836993479966,0.0058622758996498305,0.007475902600068366
ablation,ablation,full_aassr,opaque_dependency_l6,tabular_online,training,opaque,real_transitions,30,6.0,0.0,6.0,6.0,6.0,6.0
ablation,ablation,full_aassr,opaque_dependency_l6,tabular_online,training,opaque,imagined_transitions,30,186.4534,1.3553257554729334,185.98673333333332,186.9523333333333,184.109,189.0075
ablation,ablation,full_aassr,opaque_dependency_l6,tabular_online,training,opaque,action_proposals,30,6.0,0.0,6.0,6.0,6.0,6.0
ablation,ablation,full_aassr,opaque_dependency_l6,tabular_online,training,opaque,repeat_rate,30,0.0,0.0,0.0,0.0,0.0,0.0
ablation,ablation,full_aassr,opaque_dependency_l6,tabular_online,training,opaque,error_rate,30,0.0,0.0,0.0,0.0,0.0,0.0
ablation,ablation,full_aassr,opaque_dependency_l6,tabular_online,training,opaque,learning_auc,30,0.35566116391529096,0.09941143891180972,0.3201267300316825,0.3899533099883275,0.13581790895447723,0.5690345172586293
ablation,ablation,full_aassr,opaque_dependency_l6,tabular_online,training,opaque,final_tail_success,30,0.534,0.146260278153425,0.4815,0.5843333333333334,0.215,0.84
ablation,ablation,full_aassr,opaque_dependency_l6,tabular_online,training,opaque,first_success_real_transitions,30,332.6,323.8109921245566,225.4,452.2,6.0,1158.0
ablation,ablation,full_depth1_branch1_max,opaque_dependency_l6,tabular_online,evaluation_seen,opaque,success,30,0.0,0.0,0.0,0.0,0.0,0.0
ablation,ablation,full_depth1_branch1_max,opaque_dependency_l6,tabular_online,evaluation_seen,opaque,steps,30,6.0,0.0,6.0,6.0,6.0,6.0
ablation,ablation,full_depth1_branch1_max,opaque_dependency_l6,tabular_online,evaluation_seen,opaque,high_level_steps,30,6.0,0.0,6.0,6.0,6.0,6.0
ablation,ablation,full_depth1_branch1_max,opaque_dependency_l6,tabular_online,evaluation_seen,opaque,primitive_steps,30,6.0,0.0,6.0,6.0,6.0,6.0
ablation,ablation,full_depth1_branch1_max,opaque_dependency_l6,tabular_online,evaluation_seen,opaque,reward,30,0.0,0.0,0.0,0.0,0.0,0.0
ablation,ablation,full_depth1_branch1_max,opaque_dependency_l6,tabular_online,evaluation_seen,opaque,errors,30,0.0,0.0,0.0,0.0,0.0,0.0
ablation,ablation,full_depth1_branch1_max,opaque_dependency_l6,tabular_online,evaluation_seen,opaque,repeats,30,0.0,0.0,0.0,0.0,0.0,0.0
ablation,ablation,full_depth1_branch1_max,opaque_dependency_l6,tabular_online,evaluation_seen,opaque,prediction_score,30,0.0,0.0,0.0,0.0,0.0,0.0
ablation,ablation,full_depth1_branch1_max,opaque_dependency_l6,tabular_online,evaluation_seen,opaque,holdout_score,30,1.0,0.0,1.0,1.0,1.0,1.0
ablation,ablation,full_depth1_branch1_max,opaque_dependency_l6,tabular_online,evaluation_seen,opaque,imagined_nodes,30,0.0,0.0,0.0,0.0,0.0,0.0
ablation,ablation,full_depth1_branch1_max,opaque_dependency_l6,tabular_online,evaluation_seen,opaque,imagination_depth,30,0.0,0.0,0.0,0.0,0.0,0.0
ablation,ablation,full_depth1_branch1_max,opaque_dependency_l6,tabular_online,evaluation_seen,opaque,actual_return,30,0.0,0.0,0.0,0.0,0.0,0.0
ablation,ablation,full_depth1_branch1_max,opaque_dependency_l6,tabular_online,evaluation_seen,opaque,runtime_seconds,30,0.0034660751998890193,0.0003953626079233418,0.0033247064831472624,0.0036068391665758097,0.0028596430002653505,0.004066542999935336
ablation,ablation,full_depth1_branch1_max,opaque_dependency_l6,tabular_online,evaluation_seen,opaque,real_transitions,30,6.0,0.0,6.0,6.0,6.0,6.0
ablation,ablation,full_depth1_branch1_max,opaque_dependency_l6,tabular_online,evaluation_seen,opaque,imagined_transitions,30,0.0,0.0,0.0,0.0,0.0,0.0
ablation,ablation,full_depth1_branch1_max,opaque_dependency_l6,tabular_online,evaluation_seen,opaque,action_proposals,30,6.0,0.0,6.0,6.0,6.0,6.0
ablation,ablation,full_depth1_branch1_max,opaque_dependency_l6,tabular_online,evaluation_seen,opaque,repeat_rate,30,0.0,0.0,0.0,0.0,0.0,0.0
ablation,ablation,full_depth1_branch1_max,opaque_dependency_l6,tabular_online,evaluation_seen,opaque,error_rate,30,0.0,0.0,0.0,0.0,0.0,0.0
ablation,ablation,full_depth1_branch1_max,opaque_dependency_l6,tabular_online,evaluation_unseen_zero_shot,opaque,success,30,0.0,0.0,0.0,0.0,0.0,0.0
ablation,ablation,full_depth1_branch1_max,opaque_dependency_l6,tabular_online,evaluation_unseen_zero_shot,opaque,steps,30,6.0,0.0,6.0,6.0,6.0,6.0
ablation,ablation,full_depth1_branch1_max,opaque_dependency_l6,tabular_online,evaluation_unseen_zero_shot,opaque,high_level_steps,30,6.0,0.0,6.0,6.0,6.0,6.0
ablation,ablation,full_depth1_branch1_max,opaque_dependency_l6,tabular_online,evaluation_unseen_zero_shot,opaque,primitive_steps,30,6.0,0.0,6.0,6.0,6.0,6.0
ablation,ablation,full_depth1_branch1_max,opaque_dependency_l6,tabular_online,evaluation_unseen_zero_shot,opaque,reward,30,0.0,0.0,0.0,0.0,0.0,0.0
ablation,ablation,full_depth1_branch1_max,opaque_dependency_l6,tabular_online,evaluation_unseen_zero_shot,opaque,errors,30,0.0,0.0,0.0,0.0,0.0,0.0
ablation,ablation,full_depth1_branch1_max,opaque_dependency_l6,tabular_online,evaluation_unseen_zero_shot,opaque,repeats,30,0.0,0.0,0.0,0.0,0.0,0.0
ablation,ablation,full_depth1_branch1_max,opaque_dependency_l6,tabular_online,evaluation_unseen_zero_shot,opaque,prediction_score,30,0.0,0.0,0.0,0.0,0.0,0.0
ablation,ablation,full_depth1_branch1_max,opaque_dependency_l6,tabular_online,evaluation_unseen_zero_shot,opaque,holdout_score,30,1.0,0.0,1.0,1.0,1.0,1.0
ablation,ablation,full_depth1_branch1_max,opaque_dependency_l6,tabular_online,evaluation_unseen_zero_shot,opaque,imagined_nodes,30,0.0,0.0,0.0,0.0,0.0,0.0
ablation,ablation,full_depth1_branch1_max,opaque_dependency_l6,tabular_online,evaluation_unseen_zero_shot,opaque,imagination_depth,30,0.0,0.0,0.0,0.0,0.0,0.0
ablation,ablation,full_depth1_branch1_max,opaque_dependency_l6,tabular_online,evaluation_unseen_zero_shot,opaque,actual_return,30,0.0,0.0,0.0,0.0,0.0,0.0
ablation,ablation,full_depth1_branch1_max,opaque_dependency_l6,tabular_online,evaluation_unseen_zero_shot,opaque,runtime_seconds,30,0.0035362969501729824,0.00037861773309978973,0.0034019560830735526,0.003669464283744067,0.0027665509990765715,0.004084506499930285
ablation,ablation,full_depth1_branch1_max,opaque_dependency_l6,tabular_online,evaluation_unseen_zero_shot,opaque,real_transitions,30,6.0,0.0,6.0,6.0,6.0,6.0
ablation,ablation,full_depth1_branch1_max,opaque_dependency_l6,tabular_online,evaluation_unseen_zero_shot,opaque,imagined_transitions,30,0.0,0.0,0.0,0.0,0.0,0.0
ablation,ablation,full_depth1_branch1_max,opaque_dependency_l6,tabular_online,evaluation_unseen_zero_shot,opaque,action_proposals,30,6.0,0.0,6.0,6.0,6.0,6.0
ablation,ablation,full_depth1_branch1_max,opaque_dependency_l6,tabular_online,evaluation_unseen_zero_shot,opaque,repeat_rate,30,0.0,0.0,0.0,0.0,0.0,0.0
ablation,ablation,full_depth1_branch1_max,opaque_dependency_l6,tabular_online,evaluation_unseen_zero_shot,opaque,error_rate,30,0.0,0.0,0.0,0.0,0.0,0.0
ablation,ablation,full_depth1_branch1_max,opaque_dependency_l6,tabular_online,training,opaque,success,30,0.33521666666666666,0.07133779325943883,0.3103666666666667,0.36051666666666665,0.217,0.493
ablation,ablation,full_depth1_branch1_max,opaque_dependency_l6,tabular_online,training,opaque,steps,30,6.0,0.0,6.0,6.0,6.0,6.0
ablation,ablation,full_depth1_branch1_max,opaque_dependency_l6,tabular_online,training,opaque,high_level_steps,30,6.0,0.0,6.0,6.0,6.0,6.0
ablation,ablation,full_depth1_branch1_max,opaque_dependency_l6,tabular_online,training,opaque,primitive_steps,30,6.0,0.0,6.0,6.0,6.0,6.0
ablation,ablation,full_depth1_branch1_max,opaque_dependency_l6,tabular_online,training,opaque,reward,30,0.33521666666666666,0.07133779325943883,0.3105,0.36036666666666667,0.217,0.493
ablation,ablation,full_depth1_branch1_max,opaque_dependency_l6,tabular_online,training,opaque,errors,30,0.0,0.0,0.0,0.0,0.0,0.0
ablation,ablation,full_depth1_branch1_max,opaque_dependency_l6,tabular_online,training,opaque,repeats,30,0.0,0.0,0.0,0.0,0.0,0.0
ablation,ablation,full_depth1_branch1_max,opaque_dependency_l6,tabular_online,training,opaque,prediction_score,30,0.9899944444444445,0.0005587742011924325,0.9897944444444444,0.9901916666666666,0.98875,0.9909166666666667
ablation,ablation,full_depth1_branch1_max,opaque_dependency_l6,tabular_online,training,opaque,holdout_score,30,0.12354595175287926,0.00021976011280834515,0.12346493538976255,0.12361961732142893,0.12305159026929598,0.1239719795736979
ablation,ablation,full_depth1_branch1_max,opaque_dependency_l6,tabular_online,training,opaque,holdout_gain,30,6.3778436010959445e-06,4.876738246617554e-06,4.714937839937839e-06,8.17775814141969e-06,0.0,1.7361111111111104e-05
ablation,ablation,full_depth1_branch1_max,opaque_dependency_l6,tabular_online,training,opaque,imagined_nodes,30,9.115633333333333,0.03982763148726094,9.1016,9.1294,9.035,9.18
ablation,ablation,full_depth1_branch1_max,opaque_dependency_l6,tabular_online,training,opaque,imagination_depth,30,0.9708666666666667,0.002438673089362663,0.9700000000000001,0.9717333333333333,0.966,0.9755
ablation,ablation,full_depth1_branch1_max,opaque_dependency_l6,tabular_online,training,opaque,actual_return,30,0.33521666666666666,0.07133779325943883,0.30998333333333333,0.3595833333333333,0.217,0.493
ablation,ablation,full_depth1_branch1_max,opaque_dependency_l6,tabular_online,training,opaque,runtime_seconds,30,0.0015714897582865283,9.711290501754608e-05,0.001537321703311075,0.001606107709938563,0.0013624343998235417,0.0017523769498366164
ablation,ablation,full_depth1_branch1_max,opaque_dependency_l6,tabular_online,training,opaque,real_transitions,30,6.0,0.0,6.0,6.0,6.0,6.0
ablation,ablation,full_depth1_branch1_max,opaque_dependency_l6,tabular_online,training,opaque,imagined_transitions,30,9.115633333333333,0.03982763148726094,9.102266666666667,9.128866666666665,9.035,9.18
ablation,ablation,full_depth1_branch1_max,opaque_dependency_l6,tabular_online,training,opaque,action_proposals,30,6.0,0.0,6.0,6.0,6.0,6.0
ablation,ablation,full_depth1_branch1_max,opaque_dependency_l6,tabular_online,training,opaque,repeat_rate,30,0.0,0.0,0.0,0.0,0.0,0.0
ablation,ablation,full_depth1_branch1_max,opaque_dependency_l6,tabular_online,training,opaque,error_rate,30,0.0,0.0,0.0,0.0,0.0,0.0
ablation,ablation,full_depth1_branch1_max,opaque_dependency_l6,tabular_online,training,opaque,learning_auc,30,0.33526763381690844,0.07129862756311883,0.31003001500750377,0.3606970151742538,0.21710855427713857,0.4932466233116558
ablation,ablation,full_depth1_branch1_max,opaque_dependency_l6,tabular_online,training,opaque,final_tail_success,30,0.4995,0.10892381076570971,0.46266666666666667,0.5376666666666666,0.31,0.705
ablation,ablation,full_depth1_branch1_max,opaque_dependency_l6,tabular_online,training,opaque,first_success_real_transitions,30,282.2,212.5148919731152,209.0,356.8,6.0,678.0
ablation,ablation,full_depth1_branch1_mean,opaque_dependency_l6,tabular_online,evaluation_seen,opaque,success,30,0.0,0.0,0.0,0.0,0.0,0.0
ablation,ablation,full_depth1_branch1_mean,opaque_dependency_l6,tabular_online,evaluation_seen,opaque,steps,30,6.0,0.0,6.0,6.0,6.0,6.0
ablation,ablation,full_depth1_branch1_mean,opaque_dependency_l6,tabular_online,evaluation_seen,opaque,high_level_steps,30,6.0,0.0,6.0,6.0,6.0,6.0
ablation,ablation,full_depth1_branch1_mean,opaque_dependency_l6,tabular_online,evaluation_seen,opaque,primitive_steps,30,6.0,0.0,6.0,6.0,6.0,6.0
ablation,ablation,full_depth1_branch1_mean,opaque_dependency_l6,tabular_online,evaluation_seen,opaque,reward,30,0.0,0.0,0.0,0.0,0.0,0.0
ablation,ablation,full_depth1_branch1_mean,opaque_dependency_l6,tabular_online,evaluation_seen,opaque,errors,30,0.0,0.0,0.0,0.0,0.0,0.0
ablation,ablation,full_depth1_branch1_mean,opaque_dependency_l6,tabular_online,evaluation_seen,opaque,repeats,30,0.0,0.0,0.0,0.0,0.0,0.0
ablation,ablation,full_depth1_branch1_mean,opaque_dependency_l6,tabular_online,evaluation_seen,opaque,prediction_score,30,0.0,0.0,0.0,0.0,0.0,0.0
ablation,ablation,full_depth1_branch1_mean,opaque_dependency_l6,tabular_online,evaluation_seen,opaque,holdout_score,30,1.0,0.0,1.0,1.0,1.0,1.0
ablation,ablation,full_depth1_branch1_mean,opaque_dependency_l6,tabular_online,evaluation_seen,opaque,imagined_nodes,30,0.0,0.0,0.0,0.0,0.0,0.0
ablation,ablation,full_depth1_branch1_mean,opaque_dependency_l6,tabular_online,evaluation_seen,opaque,imagination_depth,30,0.0,0.0,0.0,0.0,0.0,0.0
ablation,ablation,full_depth1_branch1_mean,opaque_dependency_l6,tabular_online,evaluation_seen,opaque,actual_return,30,0.0,0.0,0.0,0.0,0.0,0.0
ablation,ablation,full_depth1_branch1_mean,opaque_dependency_l6,tabular_online,evaluation_seen,opaque,runtime_seconds,30,0.0034990918501328757,0.00039954895242940217,0.0033586478668197134,0.003640689849969931,0.0027932940008759035,0.004075376499531558
ablation,ablation,full_depth1_branch1_mean,opaque_dependency_l6,tabular_online,evaluation_seen,opaque,real_transitions,30,6.0,0.0,6.0,6.0,6.0,6.0
ablation,ablation,full_depth1_branch1_mean,opaque_dependency_l6,tabular_online,evaluation_seen,opaque,imagined_transitions,30,0.0,0.0,0.0,0.0,0.0,0.0
ablation,ablation,full_depth1_branch1_mean,opaque_dependency_l6,tabular_online,evaluation_seen,opaque,action_proposals,30,6.0,0.0,6.0,6.0,6.0,6.0
ablation,ablation,full_depth1_branch1_mean,opaque_dependency_l6,tabular_online,evaluation_seen,opaque,repeat_rate,30,0.0,0.0,0.0,0.0,0.0,0.0
ablation,ablation,full_depth1_branch1_mean,opaque_dependency_l6,tabular_online,evaluation_seen,opaque,error_rate,30,0.0,0.0,0.0,0.0,0.0,0.0
ablation,ablation,full_depth1_branch1_mean,opaque_dependency_l6,tabular_online,evaluation_unseen_zero_shot,opaque,success,30,0.0,0.0,0.0,0.0,0.0,0.0
ablation,ablation,full_depth1_branch1_mean,opaque_dependency_l6,tabular_online,evaluation_unseen_zero_shot,opaque,steps,30,6.0,0.0,6.0,6.0,6.0,6.0
ablation,ablation,full_depth1_branch1_mean,opaque_dependency_l6,tabular_online,evaluation_unseen_zero_shot,opaque,high_level_steps,30,6.0,0.0,6.0,6.0,6.0,6.0
ablation,ablation,full_depth1_branch1_mean,opaque_dependency_l6,tabular_online,evaluation_unseen_zero_shot,opaque,primitive_steps,30,6.0,0.0,6.0,6.0,6.0,6.0
ablation,ablation,full_depth1_branch1_mean,opaque_dependency_l6,tabular_online,evaluation_unseen_zero_shot,opaque,reward,30,0.0,0.0,0.0,0.0,0.0,0.0
ablation,ablation,full_depth1_branch1_mean,opaque_dependency_l6,tabular_online,evaluation_unseen_zero_shot,opaque,errors,30,0.0,0.0,0.0,0.0,0.0,0.0
ablation,ablation,full_depth1_branch1_mean,opaque_dependency_l6,tabular_online,evaluation_unseen_zero_shot,opaque,repeats,30,0.0,0.0,0.0,0.0,0.0,0.0
ablation,ablation,full_depth1_branch1_mean,opaque_dependency_l6,tabular_online,evaluation_unseen_zero_shot,opaque,prediction_score,30,0.0,0.0,0.0,0.0,0.0,0.0
ablation,ablation,full_depth1_branch1_mean,opaque_dependency_l6,tabular_online,evaluation_unseen_zero_shot,opaque,holdout_score,30,1.0,0.0,1.0,1.0,1.0,1.0
ablation,ablation,full_depth1_branch1_mean,opaque_dependency_l6,tabular_online,evaluation_unseen_zero_shot,opaque,imagined_nodes,30,0.0,0.0,0.0,0.0,0.0,0.0
ablation,ablation,full_depth1_branch1_mean,opaque_dependency_l6,tabular_online,evaluation_unseen_zero_shot,opaque,imagination_depth,30,0.0,0.0,0.0,0.0,0.0,0.0
ablation,ablation,full_depth1_branch1_mean,opaque_dependency_l6,tabular_online,evaluation_unseen_zero_shot,opaque,actual_return,30,0.0,0.0,0.0,0.0,0.0,0.0
ablation,ablation,full_depth1_branch1_mean,opaque_dependency_l6,tabular_online,evaluation_unseen_zero_shot,opaque,runtime_seconds,30,0.00362863113306715,0.0005036210998886936,0.003453332499809524,0.003813611499863327,0.002772038000402972,0.005179663498565788
ablation,ablation,full_depth1_branch1_mean,opaque_dependency_l6,tabular_online,evaluation_unseen_zero_shot,opaque,real_transitions,30,6.0,0.0,6.0,6.0,6.0,6.0
ablation,ablation,full_depth1_branch1_mean,opaque_dependency_l6,tabular_online,evaluation_unseen_zero_shot,opaque,imagined_transitions,30,0.0,0.0,0.0,0.0,0.0,0.0
ablation,ablation,full_depth1_branch1_mean,opaque_dependency_l6,tabular_online,evaluation_unseen_zero_shot,opaque,action_proposals,30,6.0,0.0,6.0,6.0,6.0,6.0
ablation,ablation,full_depth1_branch1_mean,opaque_dependency_l6,tabular_online,evaluation_unseen_zero_shot,opaque,repeat_rate,30,0.0,0.0,0.0,0.0,0.0,0.0
ablation,ablation,full_depth1_branch1_mean,opaque_dependency_l6,tabular_online,evaluation_unseen_zero_shot,opaque,error_rate,30,0.0,0.0,0.0,0.0,0.0,0.0
ablation,ablation,full_depth1_branch1_mean,opaque_dependency_l6,tabular_online,training,opaque,success,30,0.33521666666666666,0.07133779325943883,0.3107,0.36001666666666665,0.217,0.493
ablation,ablation,full_depth1_branch1_mean,opaque_dependency_l6,tabular_online,training,opaque,steps,30,6.0,0.0,6.0,6.0,6.0,6.0
ablation,ablation,full_depth1_branch1_mean,opaque_dependency_l6,tabular_online,training,opaque,high_level_steps,30,6.0,0.0,6.0,6.0,6.0,6.0
ablation,ablation,full_depth1_branch1_mean,opaque_dependency_l6,tabular_online,training,opaque,primitive_steps,30,6.0,0.0,6.0,6.0,6.0,6.0
ablation,ablation,full_depth1_branch1_mean,opaque_dependency_l6,tabular_online,training,opaque,reward,30,0.33521666666666666,0.07133779325943883,0.3106,0.35986666666666667,0.217,0.493
ablation,ablation,full_depth1_branch1_mean,opaque_dependency_l6,tabular_online,training,opaque,errors,30,0.0,0.0,0.0,0.0,0.0,0.0
ablation,ablation,full_depth1_branch1_mean,opaque_dependency_l6,tabular_online,training,opaque,repeats,30,0.0,0.0,0.0,0.0,0.0,0.0
ablation,ablation,full_depth1_branch1_mean,opaque_dependency_l6,tabular_online,training,opaque,prediction_score,30,0.9899944444444445,0.0005587742011924325,0.9897944444444444,0.9901888888888889,0.98875,0.9909166666666667
ablation,ablation,full_depth1_branch1_mean,opaque_dependency_l6,tabular_online,training,opaque,holdout_score,30,0.12354595175287926,0.00021976011280834515,0.12346680740207883,0.12361967533500251,0.12305159026929598,0.1239719795736979
ablation,ablation,full_depth1_branch1_mean,opaque_dependency_l6,tabular_online,training,opaque,holdout_gain,30,6.3778436010959445e-06,4.876738246617554e-06,4.702265712682379e-06,8.053295843550531e-06,0.0,1.7361111111111104e-05
ablation,ablation,full_depth1_branch1_mean,opaque_dependency_l6,tabular_online,training,opaque,imagined_nodes,30,9.115633333333333,0.03982763148726094,9.101066666666666,9.1296,9.035,9.18
ablation,ablation,full_depth1_branch1_mean,opaque_dependency_l6,tabular_online,training,opaque,imagination_depth,30,0.9708666666666667,0.002438673089362663,0.9700000000000001,0.9717,0.966,0.9755
ablation,ablation,full_depth1_branch1_mean,opaque_dependency_l6,tabular_online,training,opaque,actual_return,30,0.33521666666666666,0.07133779325943883,0.30915,0.35973333333333335,0.217,0.493
ablation,ablation,full_depth1_branch1_mean,opaque_dependency_l6,tabular_online,training,opaque,runtime_seconds,30,0.001577976086680428,8.318606105407842e-05,0.0015490216016182483,0.001607220960005361,0.0014253346002224133,0.0017023911003198008
ablation,ablation,full_depth1_branch1_mean,opaque_dependency_l6,tabular_online,training,opaque,real_transitions,30,6.0,0.0,6.0,6.0,6.0,6.0
ablation,ablation,full_depth1_branch1_mean,opaque_dependency_l6,tabular_online,training,opaque,imagined_transitions,30,9.115633333333333,0.03982763148726094,9.101033333333334,9.129233333333334,9.035,9.18
ablation,ablation,full_depth1_branch1_mean,opaque_dependency_l6,tabular_online,training,opaque,action_proposals,30,6.0,0.0,6.0,6.0,6.0,6.0
ablation,ablation,full_depth1_branch1_mean,opaque_dependency_l6,tabular_online,training,opaque,repeat_rate,30,0.0,0.0,0.0,0.0,0.0,0.0
ablation,ablation,full_depth1_branch1_mean,opaque_dependency_l6,tabular_online,training,opaque,error_rate,30,0.0,0.0,0.0,0.0,0.0,0.0
ablation,ablation,full_depth1_branch1_mean,opaque_dependency_l6,tabular_online,training,opaque,learning_auc,30,0.33526763381690844,0.07129862756311883,0.3108804402201101,0.36021344005336,0.21710855427713857,0.4932466233116558
ablation,ablation,full_depth1_branch1_mean,opaque_dependency_l6,tabular_online,training,opaque,final_tail_success,30,0.4995,0.10892381076570971,0.46016666666666667,0.5366666666666667,0.31,0.705
ablation,ablation,full_depth1_branch1_mean,opaque_dependency_l6,tabular_online,training,opaque,first_success_real_transitions,30,282.2,212.5148919731152,207.4,360.4,6.0,678.0
ablation,ablation,full_depth1_branch1_risk-adjusted,opaque_dependency_l6,tabular_online,evaluation_seen,opaque,success,30,0.0,0.0,0.0,0.0,0.0,0.0
ablation,ablation,full_depth1_branch1_risk-adjusted,opaque_dependency_l6,tabular_online,evaluation_seen,opaque,steps,30,6.0,0.0,6.0,6.0,6.0,6.0
ablation,ablation,full_depth1_branch1_risk-adjusted,opaque_dependency_l6,tabular_online,evaluation_seen,opaque,high_level_steps,30,6.0,0.0,6.0,6.0,6.0,6.0
ablation,ablation,full_depth1_branch1_risk-adjusted,opaque_dependency_l6,tabular_online,evaluation_seen,opaque,primitive_steps,30,6.0,0.0,6.0,6.0,6.0,6.0
ablation,ablation,full_depth1_branch1_risk-adjusted,opaque_dependency_l6,tabular_online,evaluation_seen,opaque,reward,30,0.0,0.0,0.0,0.0,0.0,0.0
ablation,ablation,full_depth1_branch1_risk-adjusted,opaque_dependency_l6,tabular_online,evaluation_seen,opaque,errors,30,0.0,0.0,0.0,0.0,0.0,0.0
ablation,ablation,full_depth1_branch1_risk-adjusted,opaque_dependency_l6,tabular_online,evaluation_seen,opaque,repeats,30,0.0,0.0,0.0,0.0,0.0,0.0
ablation,ablation,full_depth1_branch1_risk-adjusted,opaque_dependency_l6,tabular_online,evaluation_seen,opaque,prediction_score,30,0.0,0.0,0.0,0.0,0.0,0.0
ablation,ablation,full_depth1_branch1_risk-adjusted,opaque_dependency_l6,tabular_online,evaluation_seen,opaque,holdout_score,30,1.0,0.0,1.0,1.0,1.0,1.0
ablation,ablation,full_depth1_branch1_risk-adjusted,opaque_dependency_l6,tabular_online,evaluation_seen,opaque,imagined_nodes,30,0.0,0.0,0.0,0.0,0.0,0.0
ablation,ablation,full_depth1_branch1_risk-adjusted,opaque_dependency_l6,tabular_online,evaluation_seen,opaque,imagination_depth,30,0.0,0.0,0.0,0.0,0.0,0.0
ablation,ablation,full_depth1_branch1_risk-adjusted,opaque_dependency_l6,tabular_online,evaluation_seen,opaque,actual_return,30,0.0,0.0,0.0,0.0,0.0,0.0
ablation,ablation,full_depth1_branch1_risk-adjusted,opaque_dependency_l6,tabular_online,evaluation_seen,opaque,runtime_seconds,30,0.0034327045332853837,0.0004456702464234325,0.003278535216653836,0.0035892397834250004,0.002837532998964889,0.004501379000867018
ablation,ablation,full_depth1_branch1_risk-adjusted,opaque_dependency_l6,tabular_online,evaluation_seen,opaque,real_transitions,30,6.0,0.0,6.0,6.0,6.0,6.0
ablation,ablation,full_depth1_branch1_risk-adjusted,opaque_dependency_l6,tabular_online,evaluation_seen,opaque,imagined_transitions,30,0.0,0.0,0.0,0.0,0.0,0.0
ablation,ablation,full_depth1_branch1_risk-adjusted,opaque_dependency_l6,tabular_online,evaluation_seen,opaque,action_proposals,30,6.0,0.0,6.0,6.0,6.0,6.0
ablation,ablation,full_depth1_branch1_risk-adjusted,opaque_dependency_l6,tabular_online,evaluation_seen,opaque,repeat_rate,30,0.0,0.0,0.0,0.0,0.0,0.0
ablation,ablation,full_depth1_branch1_risk-adjusted,opaque_dependency_l6,tabular_online,evaluation_seen,opaque,error_rate,30,0.0,0.0,0.0,0.0,0.0,0.0
ablation,ablation,full_depth1_branch1_risk-adjusted,opaque_dependency_l6,tabular_online,evaluation_unseen_zero_shot,opaque,success,30,0.0,0.0,0.0,0.0,0.0,0.0
ablation,ablation,full_depth1_branch1_risk-adjusted,opaque_dependency_l6,tabular_online,evaluation_unseen_zero_shot,opaque,steps,30,6.0,0.0,6.0,6.0,6.0,6.0
ablation,ablation,full_depth1_branch1_risk-adjusted,opaque_dependency_l6,tabular_online,evaluation_unseen_zero_shot,opaque,high_level_steps,30,6.0,0.0,6.0,6.0,6.0,6.0
ablation,ablation,full_depth1_branch1_risk-adjusted,opaque_dependency_l6,tabular_online,evaluation_unseen_zero_shot,opaque,primitive_steps,30,6.0,0.0,6.0,6.0,6.0,6.0
ablation,ablation,full_depth1_branch1_risk-adjusted,opaque_dependency_l6,tabular_online,evaluation_unseen_zero_shot,opaque,reward,30,0.0,0.0,0.0,0.0,0.0,0.0
ablation,ablation,full_depth1_branch1_risk-adjusted,opaque_dependency_l6,tabular_online,evaluation_unseen_zero_shot,opaque,errors,30,0.0,0.0,0.0,0.0,0.0,0.0
ablation,ablation,full_depth1_branch1_risk-adjusted,opaque_dependency_l6,tabular_online,evaluation_unseen_zero_shot,opaque,repeats,30,0.0,0.0,0.0,0.0,0.0,0.0
ablation,ablation,full_depth1_branch1_risk-adjusted,opaque_dependency_l6,tabular_online,evaluation_unseen_zero_shot,opaque,prediction_score,30,0.0,0.0,0.0,0.0,0.0,0.0
ablation,ablation,full_depth1_branch1_risk-adjusted,opaque_dependency_l6,tabular_online,evaluation_unseen_zero_shot,opaque,holdout_score,30,1.0,0.0,1.0,1.0,1.0,1.0
ablation,ablation,full_depth1_branch1_risk-adjusted,opaque_dependency_l6,tabular_online,evaluation_unseen_zero_shot,opaque,imagined_nodes,30,0.0,0.0,0.0,0.0,0.0,0.0
ablation,ablation,full_depth1_branch1_risk-adjusted,opaque_dependency_l6,tabular_online,evaluation_unseen_zero_shot,opaque,imagination_depth,30,0.0,0.0,0.0,0.0,0.0,0.0
ablation,ablation,full_depth1_branch1_risk-adjusted,opaque_dependency_l6,tabular_online,evaluation_unseen_zero_shot,opaque,actual_return,30,0.0,0.0,0.0,0.0,0.0,0.0
ablation,ablation,full_depth1_branch1_risk-adjusted,opaque_dependency_l6,tabular_online,evaluation_unseen_zero_shot,opaque,runtime_seconds,30,0.0035510331333013403,0.0006322637713461994,0.0033525466497909898,0.0037841313166039376,0.0028059225001197774,0.005952244500804227
ablation,ablation,full_depth1_branch1_risk-adjusted,opaque_dependency_l6,tabular_online,evaluation_unseen_zero_shot,opaque,real_transitions,30,6.0,0.0,6.0,6.0,6.0,6.0
ablation,ablation,full_depth1_branch1_risk-adjusted,opaque_dependency_l6,tabular_online,evaluation_unseen_zero_shot,opaque,imagined_transitions,30,0.0,0.0,0.0,0.0,0.0,0.0
ablation,ablation,full_depth1_branch1_risk-adjusted,opaque_dependency_l6,tabular_online,evaluation_unseen_zero_shot,opaque,action_proposals,30,6.0,0.0,6.0,6.0,6.0,6.0
ablation,ablation,full_depth1_branch1_risk-adjusted,opaque_dependency_l6,tabular_online,evaluation_unseen_zero_shot,opaque,repeat_rate,30,0.0,0.0,0.0,0.0,0.0,0.0
ablation,ablation,full_depth1_branch1_risk-adjusted,opaque_dependency_l6,tabular_online,evaluation_unseen_zero_shot,opaque,error_rate,30,0.0,0.0,0.0,0.0,0.0,0.0
ablation,ablation,full_depth1_branch1_risk-adjusted,opaque_dependency_l6,tabular_online,training,opaque,success,30,0.33521666666666666,0.07133779325943883,0.3104333333333333,0.3611333333333333,0.217,0.493
ablation,ablation,full_depth1_branch1_risk-adjusted,opaque_dependency_l6,tabular_online,training,opaque,steps,30,6.0,0.0,6.0,6.0,6.0,6.0
ablation,ablation,full_depth1_branch1_risk-adjusted,opaque_dependency_l6,tabular_online,training,opaque,high_level_steps,30,6.0,0.0,6.0,6.0,6.0,6.0
ablation,ablation,full_depth1_branch1_risk-adjusted,opaque_dependency_l6,tabular_online,training,opaque,primitive_steps,30,6.0,0.0,6.0,6.0,6.0,6.0
ablation,ablation,full_depth1_branch1_risk-adjusted,opaque_dependency_l6,tabular_online,training,opaque,reward,30,0.33521666666666666,0.07133779325943883,0.31120000000000003,0.36033333333333334,0.217,0.493
ablation,ablation,full_depth1_branch1_risk-adjusted,opaque_dependency_l6,tabular_online,training,opaque,errors,30,0.0,0.0,0.0,0.0,0.0,0.0
ablation,ablation,full_depth1_branch1_risk-adjusted,opaque_dependency_l6,tabular_online,training,opaque,repeats,30,0.0,0.0,0.0,0.0,0.0,0.0
ablation,ablation,full_depth1_branch1_risk-adjusted,opaque_dependency_l6,tabular_online,training,opaque,prediction_score,30,0.9899944444444445,0.0005587742011924325,0.9897972222222222,0.9901888888888889,0.98875,0.9909166666666667
ablation,ablation,full_depth1_branch1_risk-adjusted,opaque_dependency_l6,tabular_online,training,opaque,holdout_score,30,0.12354595175287926,0.00021976011280834515,0.12346426230842676,0.1236211555593544,0.12305159026929598,0.1239719795736979
ablation,ablation,full_depth1_branch1_risk-adjusted,opaque_dependency_l6,tabular_online,training,opaque,holdout_gain,30,6.3778436010959445e-06,4.876738246617554e-06,4.736393437480393e-06,8.168619770042403e-06,0.0,1.7361111111111104e-05
ablation,ablation,full_depth1_branch1_risk-adjusted,opaque_dependency_l6,tabular_online,training,opaque,imagined_nodes,30,9.115633333333333,0.03982763148726094,9.101666666666667,9.129199999999999,9.035,9.18
ablation,ablation,full_depth1_branch1_risk-adjusted,opaque_dependency_l6,tabular_online,training,opaque,imagination_depth,30,0.9708666666666667,0.002438673089362663,0.9700333333333333,0.9717333333333333,0.966,0.9755
ablation,ablation,full_depth1_branch1_risk-adjusted,opaque_dependency_l6,tabular_online,training,opaque,actual_return,30,0.33521666666666666,0.07133779325943883,0.31001666666666666,0.36106666666666665,0.217,0.493
ablation,ablation,full_depth1_branch1_risk-adjusted,opaque_dependency_l6,tabular_online,training,opaque,runtime_seconds,30,0.0015779825333879368,9.644475635752881e-05,0.001544024835090386,0.0016125379550988629,0.0014211660000000848,0.001828424250590615
ablation,ablation,full_depth1_branch1_risk-adjusted,opaque_dependency_l6,tabular_online,training,opaque,real_transitions,30,6.0,0.0,6.0,6.0,6.0,6.0
ablation,ablation,full_depth1_branch1_risk-adjusted,opaque_dependency_l6,tabular_online,training,opaque,imagined_transitions,30,9.115633333333333,0.03982763148726094,9.101066666666666,9.129766666666667,9.035,9.18
ablation,ablation,full_depth1_branch1_risk-adjusted,opaque_dependency_l6,tabular_online,training,opaque,action_proposals,30,6.0,0.0,6.0,6.0,6.0,6.0
ablation,ablation,full_depth1_branch1_risk-adjusted,opaque_dependency_l6,tabular_online,training,opaque,repeat_rate,30,0.0,0.0,0.0,0.0,0.0,0.0
ablation,ablation,full_depth1_branch1_risk-adjusted,opaque_dependency_l6,tabular_online,training,opaque,error_rate,30,0.0,0.0,0.0,0.0,0.0,0.0
ablation,ablation,full_depth1_branch1_risk-adjusted,opaque_dependency_l6,tabular_online,training,opaque,learning_auc,30,0.33526763381690844,0.07129862756311883,0.3105219276304819,0.3608554277138569,0.21710855427713857,0.4932466233116558
ablation,ablation,full_depth1_branch1_risk-adjusted,opaque_dependency_l6,tabular_online,training,opaque,final_tail_success,30,0.4995,0.10892381076570971,0.4625,0.5381666666666667,0.31,0.705
ablation,ablation,full_depth1_branch1_risk-adjusted,opaque_dependency_l6,tabular_online,training,opaque,first_success_real_transitions,30,282.2,212.5148919731152,209.2,357.6,6.0,678.0
ablation,ablation,full_depth1_branch2_max,opaque_dependency_l6,tabular_online,evaluation_seen,opaque,success,30,0.0,0.0,0.0,0.0,0.0,0.0
ablation,ablation,full_depth1_branch2_max,opaque_dependency_l6,tabular_online,evaluation_seen,opaque,steps,30,6.0,0.0,6.0,6.0,6.0,6.0
ablation,ablation,full_depth1_branch2_max,opaque_dependency_l6,tabular_online,evaluation_seen,opaque,high_level_steps,30,6.0,0.0,6.0,6.0,6.0,6.0
ablation,ablation,full_depth1_branch2_max,opaque_dependency_l6,tabular_online,evaluation_seen,opaque,primitive_steps,30,6.0,0.0,6.0,6.0,6.0,6.0
ablation,ablation,full_depth1_branch2_max,opaque_dependency_l6,tabular_online,evaluation_seen,opaque,reward,30,0.0,0.0,0.0,0.0,0.0,0.0
ablation,ablation,full_depth1_branch2_max,opaque_dependency_l6,tabular_online,evaluation_seen,opaque,errors,30,0.0,0.0,0.0,0.0,0.0,0.0
ablation,ablation,full_depth1_branch2_max,opaque_dependency_l6,tabular_online,evaluation_seen,opaque,repeats,30,0.0,0.0,0.0,0.0,0.0,0.0
ablation,ablation,full_depth1_branch2_max,opaque_dependency_l6,tabular_online,evaluation_seen,opaque,prediction_score,30,0.0,0.0,0.0,0.0,0.0,0.0
ablation,ablation,full_depth1_branch2_max,opaque_dependency_l6,tabular_online,evaluation_seen,opaque,holdout_score,30,1.0,0.0,1.0,1.0,1.0,1.0
ablation,ablation,full_depth1_branch2_max,opaque_dependency_l6,tabular_online,evaluation_seen,opaque,imagined_nodes,30,0.0,0.0,0.0,0.0,0.0,0.0
ablation,ablation,full_depth1_branch2_max,opaque_dependency_l6,tabular_online,evaluation_seen,opaque,imagination_depth,30,0.0,0.0,0.0,0.0,0.0,0.0
ablation,ablation,full_depth1_branch2_max,opaque_dependency_l6,tabular_online,evaluation_seen,opaque,actual_return,30,0.0,0.0,0.0,0.0,0.0,0.0
ablation,ablation,full_depth1_branch2_max,opaque_dependency_l6,tabular_online,evaluation_seen,opaque,runtime_seconds,30,0.003627874866845862,0.00047613085971463033,0.0034647501832466027,0.0037964762169285676,0.0028785664997121787,0.004746184999821708
ablation,ablation,full_depth1_branch2_max,opaque_dependency_l6,tabular_online,evaluation_seen,opaque,real_transitions,30,6.0,0.0,6.0,6.0,6.0,6.0
ablation,ablation,full_depth1_branch2_max,opaque_dependency_l6,tabular_online,evaluation_seen,opaque,imagined_transitions,30,0.0,0.0,0.0,0.0,0.0,0.0
ablation,ablation,full_depth1_branch2_max,opaque_dependency_l6,tabular_online,evaluation_seen,opaque,action_proposals,30,6.0,0.0,6.0,6.0,6.0,6.0
ablation,ablation,full_depth1_branch2_max,opaque_dependency_l6,tabular_online,evaluation_seen,opaque,repeat_rate,30,0.0,0.0,0.0,0.0,0.0,0.0
ablation,ablation,full_depth1_branch2_max,opaque_dependency_l6,tabular_online,evaluation_seen,opaque,error_rate,30,0.0,0.0,0.0,0.0,0.0,0.0
ablation,ablation,full_depth1_branch2_max,opaque_dependency_l6,tabular_online,evaluation_unseen_zero_shot,opaque,success,30,0.0,0.0,0.0,0.0,0.0,0.0
ablation,ablation,full_depth1_branch2_max,opaque_dependency_l6,tabular_online,evaluation_unseen_zero_shot,opaque,steps,30,6.0,0.0,6.0,6.0,6.0,6.0
ablation,ablation,full_depth1_branch2_max,opaque_dependency_l6,tabular_online,evaluation_unseen_zero_shot,opaque,high_level_steps,30,6.0,0.0,6.0,6.0,6.0,6.0
ablation,ablation,full_depth1_branch2_max,opaque_dependency_l6,tabular_online,evaluation_unseen_zero_shot,opaque,primitive_steps,30,6.0,0.0,6.0,6.0,6.0,6.0
ablation,ablation,full_depth1_branch2_max,opaque_dependency_l6,tabular_online,evaluation_unseen_zero_shot,opaque,reward,30,0.0,0.0,0.0,0.0,0.0,0.0
ablation,ablation,full_depth1_branch2_max,opaque_dependency_l6,tabular_online,evaluation_unseen_zero_shot,opaque,errors,30,0.0,0.0,0.0,0.0,0.0,0.0
ablation,ablation,full_depth1_branch2_max,opaque_dependency_l6,tabular_online,evaluation_unseen_zero_shot,opaque,repeats,30,0.0,0.0,0.0,0.0,0.0,0.0
ablation,ablation,full_depth1_branch2_max,opaque_dependency_l6,tabular_online,evaluation_unseen_zero_shot,opaque,prediction_score,30,0.0,0.0,0.0,0.0,0.0,0.0
ablation,ablation,full_depth1_branch2_max,opaque_dependency_l6,tabular_online,evaluation_unseen_zero_shot,opaque,holdout_score,30,1.0,0.0,1.0,1.0,1.0,1.0
ablation,ablation,full_depth1_branch2_max,opaque_dependency_l6,tabular_online,evaluation_unseen_zero_shot,opaque,imagined_nodes,30,0.0,0.0,0.0,0.0,0.0,0.0
ablation,ablation,full_depth1_branch2_max,opaque_dependency_l6,tabular_online,evaluation_unseen_zero_shot,opaque,imagination_depth,30,0.0,0.0,0.0,0.0,0.0,0.0
ablation,ablation,full_depth1_branch2_max,opaque_dependency_l6,tabular_online,evaluation_unseen_zero_shot,opaque,actual_return,30,0.0,0.0,0.0,0.0,0.0,0.0
ablation,ablation,full_depth1_branch2_max,opaque_dependency_l6,tabular_online,evaluation_unseen_zero_shot,opaque,runtime_seconds,30,0.0035159190667909566,0.0004475285711216796,0.0033642119835324896,0.0036757117168745024,0.0028428389999317007,0.005072787501412677
ablation,ablation,full_depth1_branch2_max,opaque_dependency_l6,tabular_online,evaluation_unseen_zero_shot,opaque,real_transitions,30,6.0,0.0,6.0,6.0,6.0,6.0
ablation,ablation,full_depth1_branch2_max,opaque_dependency_l6,tabular_online,evaluation_unseen_zero_shot,opaque,imagined_transitions,30,0.0,0.0,0.0,0.0,0.0,0.0
ablation,ablation,full_depth1_branch2_max,opaque_dependency_l6,tabular_online,evaluation_unseen_zero_shot,opaque,action_proposals,30,6.0,0.0,6.0,6.0,6.0,6.0
ablation,ablation,full_depth1_branch2_max,opaque_dependency_l6,tabular_online,evaluation_unseen_zero_shot,opaque,repeat_rate,30,0.0,0.0,0.0,0.0,0.0,0.0
ablation,ablation,full_depth1_branch2_max,opaque_dependency_l6,tabular_online,evaluation_unseen_zero_shot,opaque,error_rate,30,0.0,0.0,0.0,0.0,0.0,0.0
ablation,ablation,full_depth1_branch2_max,opaque_dependency_l6,tabular_online,training,opaque,success,30,0.33521666666666666,0.07133779325943883,0.31120000000000003,0.35973333333333335,0.217,0.493
ablation,ablation,full_depth1_branch2_max,opaque_dependency_l6,tabular_online,training,opaque,steps,30,6.0,0.0,6.0,6.0,6.0,6.0
ablation,ablation,full_depth1_branch2_max,opaque_dependency_l6,tabular_online,training,opaque,high_level_steps,30,6.0,0.0,6.0,6.0,6.0,6.0
ablation,ablation,full_depth1_branch2_max,opaque_dependency_l6,tabular_online,training,opaque,primitive_steps,30,6.0,0.0,6.0,6.0,6.0,6.0
ablation,ablation,full_depth1_branch2_max,opaque_dependency_l6,tabular_online,training,opaque,reward,30,0.33521666666666666,0.07133779325943883,0.3108333333333333,0.36023333333333335,0.217,0.493
ablation,ablation,full_depth1_branch2_max,opaque_dependency_l6,tabular_online,training,opaque,errors,30,0.0,0.0,0.0,0.0,0.0,0.0
ablation,ablation,full_depth1_branch2_max,opaque_dependency_l6,tabular_online,training,opaque,repeats,30,0.0,0.0,0.0,0.0,0.0,0.0
ablation,ablation,full_depth1_branch2_max,opaque_dependency_l6,tabular_online,training,opaque,prediction_score,30,0.9899944444444445,0.0005587742011924325,0.9897972222222222,0.9901833333333333,0.98875,0.9909166666666667
ablation,ablation,full_depth1_branch2_max,opaque_dependency_l6,tabular_online,training,opaque,holdout_score,30,0.12354595175287926,0.00021976011280834515,0.12346615714458099,0.12361842638223987,0.12305159026929598,0.1239719795736979
ablation,ablation,full_depth1_branch2_max,opaque_dependency_l6,tabular_online,training,opaque,holdout_gain,30,6.3778436010959445e-06,4.876738246617554e-06,4.694218181963279e-06,8.061927264346274e-06,0.0,1.7361111111111104e-05
ablation,ablation,full_depth1_branch2_max,opaque_dependency_l6,tabular_online,training,opaque,imagined_nodes,30,13.67345,0.05974144723089135,13.652199999999999,13.6943,13.5525,13.77
ablation,ablation,full_depth1_branch2_max,opaque_dependency_l6,tabular_online,training,opaque,imagination_depth,30,0.9708666666666667,0.002438673089362663,0.9700000000000001,0.9717166666666667,0.966,0.9755
ablation,ablation,full_depth1_branch2_max,opaque_dependency_l6,tabular_online,training,opaque,actual_return,30,0.33521666666666666,0.07133779325943883,0.3099166666666667,0.3609833333333333,0.217,0.493
ablation,ablation,full_depth1_branch2_max,opaque_dependency_l6,tabular_online,training,opaque,runtime_seconds,30,0.0017166432933309504,7.598128448403945e-05,0.0016883213633113578,0.0017421573250297417,0.0014587442494812422,0.0018384756001469213
ablation,ablation,full_depth1_branch2_max,opaque_dependency_l6,tabular_online,training,opaque,real_transitions,30,6.0,0.0,6.0,6.0,6.0,6.0
ablation,ablation,full_depth1_branch2_max,opaque_dependency_l6,tabular_online,training,opaque,imagined_transitions,30,13.67345,0.05974144723089135,13.652199999999999,13.694700000000001,13.5525,13.77
ablation,ablation,full_depth1_branch2_max,opaque_dependency_l6,tabular_online,training,opaque,action_proposals,30,6.0,0.0,6.0,6.0,6.0,6.0
ablation,ablation,full_depth1_branch2_max,opaque_dependency_l6,tabular_online,training,opaque,repeat_rate,30,0.0,0.0,0.0,0.0,0.0,0.0
ablation,ablation,full_depth1_branch2_max,opaque_dependency_l6,tabular_online,training,opaque,error_rate,30,0.0,0.0,0.0,0.0,0.0,0.0
ablation,ablation,full_depth1_branch2_max,opaque_dependency_l6,tabular_online,training,opaque,learning_auc,30,0.33526763381690844,0.07129862756311883,0.3107553776888444,0.35982991495747874,0.21710855427713857,0.4932466233116558
ablation,ablation,full_depth1_branch2_max,opaque_dependency_l6,tabular_online,training,opaque,final_tail_success,30,0.4995,0.10892381076570971,0.461,0.5378333333333334,0.31,0.705
ablation,ablation,full_depth1_branch2_max,opaque_dependency_l6,tabular_online,training,opaque,first_success_real_transitions,30,282.2,212.5148919731152,208.6,356.2,6.0,678.0
ablation,ablation,full_depth1_branch2_mean,opaque_dependency_l6,tabular_online,evaluation_seen,opaque,success,30,0.0,0.0,0.0,0.0,0.0,0.0
ablation,ablation,full_depth1_branch2_mean,opaque_dependency_l6,tabular_online,evaluation_seen,opaque,steps,30,6.0,0.0,6.0,6.0,6.0,6.0
ablation,ablation,full_depth1_branch2_mean,opaque_dependency_l6,tabular_online,evaluation_seen,opaque,high_level_steps,30,6.0,0.0,6.0,6.0,6.0,6.0
ablation,ablation,full_depth1_branch2_mean,opaque_dependency_l6,tabular_online,evaluation_seen,opaque,primitive_steps,30,6.0,0.0,6.0,6.0,6.0,6.0
ablation,ablation,full_depth1_branch2_mean,opaque_dependency_l6,tabular_online,evaluation_seen,opaque,reward,30,0.0,0.0,0.0,0.0,0.0,0.0
ablation,ablation,full_depth1_branch2_mean,opaque_dependency_l6,tabular_online,evaluation_seen,opaque,errors,30,0.0,0.0,0.0,0.0,0.0,0.0
ablation,ablation,full_depth1_branch2_mean,opaque_dependency_l6,tabular_online,evaluation_seen,opaque,repeats,30,0.0,0.0,0.0,0.0,0.0,0.0
ablation,ablation,full_depth1_branch2_mean,opaque_dependency_l6,tabular_online,evaluation_seen,opaque,prediction_score,30,0.0,0.0,0.0,0.0,0.0,0.0
ablation,ablation,full_depth1_branch2_mean,opaque_dependency_l6,tabular_online,evaluation_seen,opaque,holdout_score,30,1.0,0.0,1.0,1.0,1.0,1.0
ablation,ablation,full_depth1_branch2_mean,opaque_dependency_l6,tabular_online,evaluation_seen,opaque,imagined_nodes,30,0.0,0.0,0.0,0.0,0.0,0.0
ablation,ablation,full_depth1_branch2_mean,opaque_dependency_l6,tabular_online,evaluation_seen,opaque,imagination_depth,30,0.0,0.0,0.0,0.0,0.0,0.0
ablation,ablation,full_depth1_branch2_mean,opaque_dependency_l6,tabular_online,evaluation_seen,opaque,actual_return,30,0.0,0.0,0.0,0.0,0.0,0.0
ablation,ablation,full_depth1_branch2_mean,opaque_dependency_l6,tabular_online,evaluation_seen,opaque,runtime_seconds,30,0.0034898933832737387,0.0005017048984642389,0.003323940133491609,0.0036786463830940194,0.002848865999985719,0.004942698999366257
ablation,ablation,full_depth1_branch2_mean,opaque_dependency_l6,tabular_online,evaluation_seen,opaque,real_transitions,30,6.0,0.0,6.0,6.0,6.0,6.0
ablation,ablation,full_depth1_branch2_mean,opaque_dependency_l6,tabular_online,evaluation_seen,opaque,imagined_transitions,30,0.0,0.0,0.0,0.0,0.0,0.0
ablation,ablation,full_depth1_branch2_mean,opaque_dependency_l6,tabular_online,evaluation_seen,opaque,action_proposals,30,6.0,0.0,6.0,6.0,6.0,6.0
ablation,ablation,full_depth1_branch2_mean,opaque_dependency_l6,tabular_online,evaluation_seen,opaque,repeat_rate,30,0.0,0.0,0.0,0.0,0.0,0.0
ablation,ablation,full_depth1_branch2_mean,opaque_dependency_l6,tabular_online,evaluation_seen,opaque,error_rate,30,0.0,0.0,0.0,0.0,0.0,0.0
ablation,ablation,full_depth1_branch2_mean,opaque_dependency_l6,tabular_online,evaluation_unseen_zero_shot,opaque,success,30,0.0,0.0,0.0,0.0,0.0,0.0
ablation,ablation,full_depth1_branch2_mean,opaque_dependency_l6,tabular_online,evaluation_unseen_zero_shot,opaque,steps,30,6.0,0.0,6.0,6.0,6.0,6.0
ablation,ablation,full_depth1_branch2_mean,opaque_dependency_l6,tabular_online,evaluation_unseen_zero_shot,opaque,high_level_steps,30,6.0,0.0,6.0,6.0,6.0,6.0
ablation,ablation,full_depth1_branch2_mean,opaque_dependency_l6,tabular_online,evaluation_unseen_zero_shot,opaque,primitive_steps,30,6.0,0.0,6.0,6.0,6.0,6.0
ablation,ablation,full_depth1_branch2_mean,opaque_dependency_l6,tabular_online,evaluation_unseen_zero_shot,opaque,reward,30,0.0,0.0,0.0,0.0,0.0,0.0
ablation,ablation,full_depth1_branch2_mean,opaque_dependency_l6,tabular_online,evaluation_unseen_zero_shot,opaque,errors,30,0.0,0.0,0.0,0.0,0.0,0.0
ablation,ablation,full_depth1_branch2_mean,opaque_dependency_l6,tabular_online,evaluation_unseen_zero_shot,opaque,repeats,30,0.0,0.0,0.0,0.0,0.0,0.0
ablation,ablation,full_depth1_branch2_mean,opaque_dependency_l6,tabular_online,evaluation_unseen_zero_shot,opaque,prediction_score,30,0.0,0.0,0.0,0.0,0.0,0.0
ablation,ablation,full_depth1_branch2_mean,opaque_dependency_l6,tabular_online,evaluation_unseen_zero_shot,opaque,holdout_score,30,1.0,0.0,1.0,1.0,1.0,1.0
ablation,ablation,full_depth1_branch2_mean,opaque_dependency_l6,tabular_online,evaluation_unseen_zero_shot,opaque,imagined_nodes,30,0.0,0.0,0.0,0.0,0.0,0.0
ablation,ablation,full_depth1_branch2_mean,opaque_dependency_l6,tabular_online,evaluation_unseen_zero_shot,opaque,imagination_depth,30,0.0,0.0,0.0,0.0,0.0,0.0
ablation,ablation,full_depth1_branch2_mean,opaque_dependency_l6,tabular_online,evaluation_unseen_zero_shot,opaque,actual_return,30,0.0,0.0,0.0,0.0,0.0,0.0
ablation,ablation,full_depth1_branch2_mean,opaque_dependency_l6,tabular_online,evaluation_unseen_zero_shot,opaque,runtime_seconds,30,0.003493061766867565,0.0004905017005689611,0.0033269865667049695,0.003674655833601719,0.002806304001423996,0.005040419000433758
ablation,ablation,full_depth1_branch2_mean,opaque_dependency_l6,tabular_online,evaluation_unseen_zero_shot,opaque,real_transitions,30,6.0,0.0,6.0,6.0,6.0,6.0
ablation,ablation,full_depth1_branch2_mean,opaque_dependency_l6,tabular_online,evaluation_unseen_zero_shot,opaque,imagined_transitions,30,0.0,0.0,0.0,0.0,0.0,0.0
ablation,ablation,full_depth1_branch2_mean,opaque_dependency_l6,tabular_online,evaluation_unseen_zero_shot,opaque,action_proposals,30,6.0,0.0,6.0,6.0,6.0,6.0
ablation,ablation,full_depth1_branch2_mean,opaque_dependency_l6,tabular_online,evaluation_unseen_zero_shot,opaque,repeat_rate,30,0.0,0.0,0.0,0.0,0.0,0.0
ablation,ablation,full_depth1_branch2_mean,opaque_dependency_l6,tabular_online,evaluation_unseen_zero_shot,opaque,error_rate,30,0.0,0.0,0.0,0.0,0.0,0.0
ablation,ablation,full_depth1_branch2_mean,opaque_dependency_l6,tabular_online,training,opaque,success,30,0.33521666666666666,0.07133779325943883,0.3105,0.3606166666666667,0.217,0.493
ablation,ablation,full_depth1_branch2_mean,opaque_dependency_l6,tabular_online,training,opaque,steps,30,6.0,0.0,6.0,6.0,6.0,6.0
ablation,ablation,full_depth1_branch2_mean,opaque_dependency_l6,tabular_online,training,opaque,high_level_steps,30,6.0,0.0,6.0,6.0,6.0,6.0
ablation,ablation,full_depth1_branch2_mean,opaque_dependency_l6,tabular_online,training,opaque,primitive_steps,30,6.0,0.0,6.0,6.0,6.0,6.0
ablation,ablation,full_depth1_branch2_mean,opaque_dependency_l6,tabular_online,training,opaque,reward,30,0.33521666666666666,0.07133779325943883,0.30966666666666665,0.3598166666666666,0.217,0.493
ablation,ablation,full_depth1_branch2_mean,opaque_dependency_l6,tabular_online,training,opaque,errors,30,0.0,0.0,0.0,0.0,0.0,0.0
ablation,ablation,full_depth1_branch2_mean,opaque_dependency_l6,tabular_online,training,opaque,repeats,30,0.0,0.0,0.0,0.0,0.0,0.0
ablation,ablation,full_depth1_branch2_mean,opaque_dependency_l6,tabular_online,training,opaque,prediction_score,30,0.9899944444444445,0.0005587742011924325,0.9897972222222222,0.9901916666666666,0.98875,0.9909166666666667
ablation,ablation,full_depth1_branch2_mean,opaque_dependency_l6,tabular_online,training,opaque,holdout_score,30,0.12354595175287926,0.00021976011280834515,0.12346871230605162,0.12362174912758171,0.12305159026929598,0.1239719795736979
ablation,ablation,full_depth1_branch2_mean,opaque_dependency_l6,tabular_online,training,opaque,holdout_gain,30,6.3778436010959445e-06,4.876738246617554e-06,4.7679083747391495e-06,8.09079755456567e-06,0.0,1.7361111111111104e-05
ablation,ablation,full_depth1_branch2_mean,opaque_dependency_l6,tabular_online,training,opaque,imagined_nodes,30,13.67345,0.05974144723089135,13.65235,13.6943,13.5525,13.77
ablation,ablation,full_depth1_branch2_mean,opaque_dependency_l6,tabular_online,training,opaque,imagination_depth,30,0.9708666666666667,0.002438673089362663,0.9700166666666666,0.9717333333333333,0.966,0.9755
ablation,ablation,full_depth1_branch2_mean,opaque_dependency_l6,tabular_online,training,opaque,actual_return,30,0.33521666666666666,0.07133779325943883,0.31033333333333335,0.36064999999999997,0.217,0.493
ablation,ablation,full_depth1_branch2_mean,opaque_dependency_l6,tabular_online,training,opaque,runtime_seconds,30,0.001722226143377581,0.00010530616422595752,0.0016867773116997949,0.0017607886867132038,0.0015334889502555597,0.0019849574502295584
ablation,ablation,full_depth1_branch2_mean,opaque_dependency_l6,tabular_online,training,opaque,real_transitions,30,6.0,0.0,6.0,6.0,6.0,6.0
ablation,ablation,full_depth1_branch2_mean,opaque_dependency_l6,tabular_online,training,opaque,imagined_transitions,30,13.67345,0.05974144723089135,13.652700000000001,13.6945,13.5525,13.77
ablation,ablation,full_depth1_branch2_mean,opaque_dependency_l6,tabular_online,training,opaque,action_proposals,30,6.0,0.0,6.0,6.0,6.0,6.0
ablation,ablation,full_depth1_branch2_mean,opaque_dependency_l6,tabular_online,training,opaque,repeat_rate,30,0.0,0.0,0.0,0.0,0.0,0.0
ablation,ablation,full_depth1_branch2_mean,opaque_dependency_l6,tabular_online,training,opaque,error_rate,30,0.0,0.0,0.0,0.0,0.0,0.0
ablation,ablation,full_depth1_branch2_mean,opaque_dependency_l6,tabular_online,training,opaque,learning_auc,30,0.33526763381690844,0.07129862756311883,0.31019676504919125,0.3608887777221944,0.21710855427713857,0.4932466233116558
ablation,ablation,full_depth1_branch2_mean,opaque_dependency_l6,tabular_online,training,opaque,final_tail_success,30,0.4995,0.10892381076570971,0.46166666666666667,0.5366666666666667,0.31,0.705
ablation,ablation,full_depth1_branch2_mean,opaque_dependency_l6,tabular_online,training,opaque,first_success_real_transitions,30,282.2,212.5148919731152,207.2,359.4,6.0,678.0
ablation,ablation,full_depth1_branch2_risk-adjusted,opaque_dependency_l6,tabular_online,evaluation_seen,opaque,success,30,0.0,0.0,0.0,0.0,0.0,0.0
ablation,ablation,full_depth1_branch2_risk-adjusted,opaque_dependency_l6,tabular_online,evaluation_seen,opaque,steps,30,6.0,0.0,6.0,6.0,6.0,6.0
ablation,ablation,full_depth1_branch2_risk-adjusted,opaque_dependency_l6,tabular_online,evaluation_seen,opaque,high_level_steps,30,6.0,0.0,6.0,6.0,6.0,6.0
ablation,ablation,full_depth1_branch2_risk-adjusted,opaque_dependency_l6,tabular_online,evaluation_seen,opaque,primitive_steps,30,6.0,0.0,6.0,6.0,6.0,6.0
ablation,ablation,full_depth1_branch2_risk-adjusted,opaque_dependency_l6,tabular_online,evaluation_seen,opaque,reward,30,0.0,0.0,0.0,0.0,0.0,0.0
ablation,ablation,full_depth1_branch2_risk-adjusted,opaque_dependency_l6,tabular_online,evaluation_seen,opaque,errors,30,0.0,0.0,0.0,0.0,0.0,0.0
ablation,ablation,full_depth1_branch2_risk-adjusted,opaque_dependency_l6,tabular_online,evaluation_seen,opaque,repeats,30,0.0,0.0,0.0,0.0,0.0,0.0
ablation,ablation,full_depth1_branch2_risk-adjusted,opaque_dependency_l6,tabular_online,evaluation_seen,opaque,prediction_score,30,0.0,0.0,0.0,0.0,0.0,0.0
ablation,ablation,full_depth1_branch2_risk-adjusted,opaque_dependency_l6,tabular_online,evaluation_seen,opaque,holdout_score,30,1.0,0.0,1.0,1.0,1.0,1.0
ablation,ablation,full_depth1_branch2_risk-adjusted,opaque_dependency_l6,tabular_online,evaluation_seen,opaque,imagined_nodes,30,0.0,0.0,0.0,0.0,0.0,0.0
ablation,ablation,full_depth1_branch2_risk-adjusted,opaque_dependency_l6,tabular_online,evaluation_seen,opaque,imagination_depth,30,0.0,0.0,0.0,0.0,0.0,0.0
ablation,ablation,full_depth1_branch2_risk-adjusted,opaque_dependency_l6,tabular_online,evaluation_seen,opaque,actual_return,30,0.0,0.0,0.0,0.0,0.0,0.0
ablation,ablation,full_depth1_branch2_risk-adjusted,opaque_dependency_l6,tabular_online,evaluation_seen,opaque,runtime_seconds,30,0.0037015333665234114,0.0004300122654839331,0.0035522169164614753,0.0038503308664027524,0.0029456795009900815,0.005010419499594718
ablation,ablation,full_depth1_branch2_risk-adjusted,opaque_dependency_l6,tabular_online,evaluation_seen,opaque,real_transitions,30,6.0,0.0,6.0,6.0,6.0,6.0
ablation,ablation,full_depth1_branch2_risk-adjusted,opaque_dependency_l6,tabular_online,evaluation_seen,opaque,imagined_transitions,30,0.0,0.0,0.0,0.0,0.0,0.0
ablation,ablation,full_depth1_branch2_risk-adjusted,opaque_dependency_l6,tabular_online,evaluation_seen,opaque,action_proposals,30,6.0,0.0,6.0,6.0,6.0,6.0
ablation,ablation,full_depth1_branch2_risk-adjusted,opaque_dependency_l6,tabular_online,evaluation_seen,opaque,repeat_rate,30,0.0,0.0,0.0,0.0,0.0,0.0
ablation,ablation,full_depth1_branch2_risk-adjusted,opaque_dependency_l6,tabular_online,evaluation_seen,opaque,error_rate,30,0.0,0.0,0.0,0.0,0.0,0.0
ablation,ablation,full_depth1_branch2_risk-adjusted,opaque_dependency_l6,tabular_online,evaluation_unseen_zero_shot,opaque,success,30,0.0,0.0,0.0,0.0,0.0,0.0
ablation,ablation,full_depth1_branch2_risk-adjusted,opaque_dependency_l6,tabular_online,evaluation_unseen_zero_shot,opaque,steps,30,6.0,0.0,6.0,6.0,6.0,6.0
ablation,ablation,full_depth1_branch2_risk-adjusted,opaque_dependency_l6,tabular_online,evaluation_unseen_zero_shot,opaque,high_level_steps,30,6.0,0.0,6.0,6.0,6.0,6.0
ablation,ablation,full_depth1_branch2_risk-adjusted,opaque_dependency_l6,tabular_online,evaluation_unseen_zero_shot,opaque,primitive_steps,30,6.0,0.0,6.0,6.0,6.0,6.0
ablation,ablation,full_depth1_branch2_risk-adjusted,opaque_dependency_l6,tabular_online,evaluation_unseen_zero_shot,opaque,reward,30,0.0,0.0,0.0,0.0,0.0,0.0
ablation,ablation,full_depth1_branch2_risk-adjusted,opaque_dependency_l6,tabular_online,evaluation_unseen_zero_shot,opaque,errors,30,0.0,0.0,0.0,0.0,0.0,0.0
ablation,ablation,full_depth1_branch2_risk-adjusted,opaque_dependency_l6,tabular_online,evaluation_unseen_zero_shot,opaque,repeats,30,0.0,0.0,0.0,0.0,0.0,0.0
ablation,ablation,full_depth1_branch2_risk-adjusted,opaque_dependency_l6,tabular_online,evaluation_unseen_zero_shot,opaque,prediction_score,30,0.0,0.0,0.0,0.0,0.0,0.0
ablation,ablation,full_depth1_branch2_risk-adjusted,opaque_dependency_l6,tabular_online,evaluation_unseen_zero_shot,opaque,holdout_score,30,1.0,0.0,1.0,1.0,1.0,1.0
ablation,ablation,full_depth1_branch2_risk-adjusted,opaque_dependency_l6,tabular_online,evaluation_unseen_zero_shot,opaque,imagined_nodes,30,0.0,0.0,0.0,0.0,0.0,0.0
ablation,ablation,full_depth1_branch2_risk-adjusted,opaque_dependency_l6,tabular_online,evaluation_unseen_zero_shot,opaque,imagination_depth,30,0.0,0.0,0.0,0.0,0.0,0.0
ablation,ablation,full_depth1_branch2_risk-adjusted,opaque_dependency_l6,tabular_online,evaluation_unseen_zero_shot,opaque,actual_return,30,0.0,0.0,0.0,0.0,0.0,0.0
ablation,ablation,full_depth1_branch2_risk-adjusted,opaque_dependency_l6,tabular_online,evaluation_unseen_zero_shot,opaque,runtime_seconds,30,0.0035441473335085906,0.0005448583102049801,0.003359562133482541,0.003750057849606189,0.0027896295009122696,0.004929029499035096
ablation,ablation,full_depth1_branch2_risk-adjusted,opaque_dependency_l6,tabular_online,evaluation_unseen_zero_shot,opaque,real_transitions,30,6.0,0.0,6.0,6.0,6.0,6.0
ablation,ablation,full_depth1_branch2_risk-adjusted,opaque_dependency_l6,tabular_online,evaluation_unseen_zero_shot,opaque,imagined_transitions,30,0.0,0.0,0.0,0.0,0.0,0.0
ablation,ablation,full_depth1_branch2_risk-adjusted,opaque_dependency_l6,tabular_online,evaluation_unseen_zero_shot,opaque,action_proposals,30,6.0,0.0,6.0,6.0,6.0,6.0
ablation,ablation,full_depth1_branch2_risk-adjusted,opaque_dependency_l6,tabular_online,evaluation_unseen_zero_shot,opaque,repeat_rate,30,0.0,0.0,0.0,0.0,0.0,0.0
ablation,ablation,full_depth1_branch2_risk-adjusted,opaque_dependency_l6,tabular_online,evaluation_unseen_zero_shot,opaque,error_rate,30,0.0,0.0,0.0,0.0,0.0,0.0
ablation,ablation,full_depth1_branch2_risk-adjusted,opaque_dependency_l6,tabular_online,training,opaque,success,30,0.33521666666666666,0.07133779325943883,0.3095333333333333,0.36086666666666667,0.217,0.493
ablation,ablation,full_depth1_branch2_risk-adjusted,opaque_dependency_l6,tabular_online,training,opaque,steps,30,6.0,0.0,6.0,6.0,6.0,6.0
ablation,ablation,full_depth1_branch2_risk-adjusted,opaque_dependency_l6,tabular_online,training,opaque,high_level_steps,30,6.0,0.0,6.0,6.0,6.0,6.0
ablation,ablation,full_depth1_branch2_risk-adjusted,opaque_dependency_l6,tabular_online,training,opaque,primitive_steps,30,6.0,0.0,6.0,6.0,6.0,6.0
ablation,ablation,full_depth1_branch2_risk-adjusted,opaque_dependency_l6,tabular_online,training,opaque,reward,30,0.33521666666666666,0.07133779325943883,0.31001666666666666,0.36018333333333336,0.217,0.493
ablation,ablation,full_depth1_branch2_risk-adjusted,opaque_dependency_l6,tabular_online,training,opaque,errors,30,0.0,0.0,0.0,0.0,0.0,0.0
ablation,ablation,full_depth1_branch2_risk-adjusted,opaque_dependency_l6,tabular_online,training,opaque,repeats,30,0.0,0.0,0.0,0.0,0.0,0.0
ablation,ablation,full_depth1_branch2_risk-adjusted,opaque_dependency_l6,tabular_online,training,opaque,prediction_score,30,0.9899944444444445,0.0005587742011924325,0.9897972222222222,0.9901833333333333,0.98875,0.9909166666666667
ablation,ablation,full_depth1_branch2_risk-adjusted,opaque_dependency_l6,tabular_online,training,opaque,holdout_score,30,0.12354595175287926,0.00021976011280834515,0.12346873757131273,0.12362123939294391,0.12305159026929598,0.1239719795736979
ablation,ablation,full_depth1_branch2_risk-adjusted,opaque_dependency_l6,tabular_online,training,opaque,holdout_gain,30,6.3778436010959445e-06,4.876738246617554e-06,4.680684301608214e-06,8.108212768965113e-06,0.0,1.7361111111111104e-05
ablation,ablation,full_depth1_branch2_risk-adjusted,opaque_dependency_l6,tabular_online,training,opaque,imagined_nodes,30,13.67345,0.05974144723089135,13.652999999999999,13.69455,13.5525,13.77
ablation,ablation,full_depth1_branch2_risk-adjusted,opaque_dependency_l6,tabular_online,training,opaque,imagination_depth,30,0.9708666666666667,0.002438673089362663,0.9700000000000001,0.9717333333333333,0.966,0.9755
ablation,ablation,full_depth1_branch2_risk-adjusted,opaque_dependency_l6,tabular_online,training,opaque,actual_return,30,0.33521666666666666,0.07133779325943883,0.3106666666666667,0.36110000000000003,0.217,0.493
ablation,ablation,full_depth1_branch2_risk-adjusted,opaque_dependency_l6,tabular_online,training,opaque,runtime_seconds,30,0.0017293197033373872,8.503054214021785e-05,0.001699858306652459,0.0017599468200613045,0.0015664150501397672,0.0019657278003869577
ablation,ablation,full_depth1_branch2_risk-adjusted,opaque_dependency_l6,tabular_online,training,opaque,real_transitions,30,6.0,0.0,6.0,6.0,6.0,6.0
ablation,ablation,full_depth1_branch2_risk-adjusted,opaque_dependency_l6,tabular_online,training,opaque,imagined_transitions,30,13.67345,0.05974144723089135,13.6517,13.694799999999999,13.5525,13.77
ablation,ablation,full_depth1_branch2_risk-adjusted,opaque_dependency_l6,tabular_online,training,opaque,action_proposals,30,6.0,0.0,6.0,6.0,6.0,6.0
ablation,ablation,full_depth1_branch2_risk-adjusted,opaque_dependency_l6,tabular_online,training,opaque,repeat_rate,30,0.0,0.0,0.0,0.0,0.0,0.0
ablation,ablation,full_depth1_branch2_risk-adjusted,opaque_dependency_l6,tabular_online,training,opaque,error_rate,30,0.0,0.0,0.0,0.0,0.0,0.0
ablation,ablation,full_depth1_branch2_risk-adjusted,opaque_dependency_l6,tabular_online,training,opaque,learning_auc,30,0.33526763381690844,0.07129862756311883,0.31098049024512253,0.36048024012006,0.21710855427713857,0.4932466233116558
ablation,ablation,full_depth1_branch2_risk-adjusted,opaque_dependency_l6,tabular_online,training,opaque,final_tail_success,30,0.4995,0.10892381076570971,0.4618333333333334,0.5383333333333334,0.31,0.705
ablation,ablation,full_depth1_branch2_risk-adjusted,opaque_dependency_l6,tabular_online,training,opaque,first_success_real_transitions,30,282.2,212.5148919731152,211.6,359.0,6.0,678.0
ablation,ablation,full_depth1_branch4_max,opaque_dependency_l6,tabular_online,evaluation_seen,opaque,success,30,0.0,0.0,0.0,0.0,0.0,0.0
ablation,ablation,full_depth1_branch4_max,opaque_dependency_l6,tabular_online,evaluation_seen,opaque,steps,30,6.0,0.0,6.0,6.0,6.0,6.0
ablation,ablation,full_depth1_branch4_max,opaque_dependency_l6,tabular_online,evaluation_seen,opaque,high_level_steps,30,6.0,0.0,6.0,6.0,6.0,6.0
ablation,ablation,full_depth1_branch4_max,opaque_dependency_l6,tabular_online,evaluation_seen,opaque,primitive_steps,30,6.0,0.0,6.0,6.0,6.0,6.0
ablation,ablation,full_depth1_branch4_max,opaque_dependency_l6,tabular_online,evaluation_seen,opaque,reward,30,0.0,0.0,0.0,0.0,0.0,0.0
ablation,ablation,full_depth1_branch4_max,opaque_dependency_l6,tabular_online,evaluation_seen,opaque,errors,30,0.0,0.0,0.0,0.0,0.0,0.0
ablation,ablation,full_depth1_branch4_max,opaque_dependency_l6,tabular_online,evaluation_seen,opaque,repeats,30,0.0,0.0,0.0,0.0,0.0,0.0
ablation,ablation,full_depth1_branch4_max,opaque_dependency_l6,tabular_online,evaluation_seen,opaque,prediction_score,30,0.0,0.0,0.0,0.0,0.0,0.0
ablation,ablation,full_depth1_branch4_max,opaque_dependency_l6,tabular_online,evaluation_seen,opaque,holdout_score,30,1.0,0.0,1.0,1.0,1.0,1.0
ablation,ablation,full_depth1_branch4_max,opaque_dependency_l6,tabular_online,evaluation_seen,opaque,imagined_nodes,30,0.0,0.0,0.0,0.0,0.0,0.0
ablation,ablation,full_depth1_branch4_max,opaque_dependency_l6,tabular_online,evaluation_seen,opaque,imagination_depth,30,0.0,0.0,0.0,0.0,0.0,0.0
ablation,ablation,full_depth1_branch4_max,opaque_dependency_l6,tabular_online,evaluation_seen,opaque,actual_return,30,0.0,0.0,0.0,0.0,0.0,0.0
ablation,ablation,full_depth1_branch4_max,opaque_dependency_l6,tabular_online,evaluation_seen,opaque,runtime_seconds,30,0.003445390099984555,0.00044206524622852043,0.003293727333298496,0.0036032707666599894,0.002792239498521667,0.004285463000705932
ablation,ablation,full_depth1_branch4_max,opaque_dependency_l6,tabular_online,evaluation_seen,opaque,real_transitions,30,6.0,0.0,6.0,6.0,6.0,6.0
ablation,ablation,full_depth1_branch4_max,opaque_dependency_l6,tabular_online,evaluation_seen,opaque,imagined_transitions,30,0.0,0.0,0.0,0.0,0.0,0.0
ablation,ablation,full_depth1_branch4_max,opaque_dependency_l6,tabular_online,evaluation_seen,opaque,action_proposals,30,6.0,0.0,6.0,6.0,6.0,6.0
ablation,ablation,full_depth1_branch4_max,opaque_dependency_l6,tabular_online,evaluation_seen,opaque,repeat_rate,30,0.0,0.0,0.0,0.0,0.0,0.0
ablation,ablation,full_depth1_branch4_max,opaque_dependency_l6,tabular_online,evaluation_seen,opaque,error_rate,30,0.0,0.0,0.0,0.0,0.0,0.0
ablation,ablation,full_depth1_branch4_max,opaque_dependency_l6,tabular_online,evaluation_unseen_zero_shot,opaque,success,30,0.0,0.0,0.0,0.0,0.0,0.0
ablation,ablation,full_depth1_branch4_max,opaque_dependency_l6,tabular_online,evaluation_unseen_zero_shot,opaque,steps,30,6.0,0.0,6.0,6.0,6.0,6.0
ablation,ablation,full_depth1_branch4_max,opaque_dependency_l6,tabular_online,evaluation_unseen_zero_shot,opaque,high_level_steps,30,6.0,0.0,6.0,6.0,6.0,6.0
ablation,ablation,full_depth1_branch4_max,opaque_dependency_l6,tabular_online,evaluation_unseen_zero_shot,opaque,primitive_steps,30,6.0,0.0,6.0,6.0,6.0,6.0
ablation,ablation,full_depth1_branch4_max,opaque_dependency_l6,tabular_online,evaluation_unseen_zero_shot,opaque,reward,30,0.0,0.0,0.0,0.0,0.0,0.0
ablation,ablation,full_depth1_branch4_max,opaque_dependency_l6,tabular_online,evaluation_unseen_zero_shot,opaque,errors,30,0.0,0.0,0.0,0.0,0.0,0.0
ablation,ablation,full_depth1_branch4_max,opaque_dependency_l6,tabular_online,evaluation_unseen_zero_shot,opaque,repeats,30,0.0,0.0,0.0,0.0,0.0,0.0
ablation,ablation,full_depth1_branch4_max,opaque_dependency_l6,tabular_online,evaluation_unseen_zero_shot,opaque,prediction_score,30,0.0,0.0,0.0,0.0,0.0,0.0
ablation,ablation,full_depth1_branch4_max,opaque_dependency_l6,tabular_online,evaluation_unseen_zero_shot,opaque,holdout_score,30,1.0,0.0,1.0,1.0,1.0,1.0
ablation,ablation,full_depth1_branch4_max,opaque_dependency_l6,tabular_online,evaluation_unseen_zero_shot,opaque,imagined_nodes,30,0.0,0.0,0.0,0.0,0.0,0.0
ablation,ablation,full_depth1_branch4_max,opaque_dependency_l6,tabular_online,evaluation_unseen_zero_shot,opaque,imagination_depth,30,0.0,0.0,0.0,0.0,0.0,0.0
ablation,ablation,full_depth1_branch4_max,opaque_dependency_l6,tabular_online,evaluation_unseen_zero_shot,opaque,actual_return,30,0.0,0.0,0.0,0.0,0.0,0.0
ablation,ablation,full_depth1_branch4_max,opaque_dependency_l6,tabular_online,evaluation_unseen_zero_shot,opaque,runtime_seconds,30,0.003401229550208275,0.0004454452558779796,0.0032478095669842633,0.003557299000172255,0.002777212998335017,0.0043817080005828755
ablation,ablation,full_depth1_branch4_max,opaque_dependency_l6,tabular_online,evaluation_unseen_zero_shot,opaque,real_transitions,30,6.0,0.0,6.0,6.0,6.0,6.0
ablation,ablation,full_depth1_branch4_max,opaque_dependency_l6,tabular_online,evaluation_unseen_zero_shot,opaque,imagined_transitions,30,0.0,0.0,0.0,0.0,0.0,0.0
ablation,ablation,full_depth1_branch4_max,opaque_dependency_l6,tabular_online,evaluation_unseen_zero_shot,opaque,action_proposals,30,6.0,0.0,6.0,6.0,6.0,6.0
ablation,ablation,full_depth1_branch4_max,opaque_dependency_l6,tabular_online,evaluation_unseen_zero_shot,opaque,repeat_rate,30,0.0,0.0,0.0,0.0,0.0,0.0
ablation,ablation,full_depth1_branch4_max,opaque_dependency_l6,tabular_online,evaluation_unseen_zero_shot,opaque,error_rate,30,0.0,0.0,0.0,0.0,0.0,0.0
ablation,ablation,full_depth1_branch4_max,opaque_dependency_l6,tabular_online,training,opaque,success,30,0.33521666666666666,0.07133779325943883,0.3106833333333333,0.3606666666666667,0.217,0.493
ablation,ablation,full_depth1_branch4_max,opaque_dependency_l6,tabular_online,training,opaque,steps,30,6.0,0.0,6.0,6.0,6.0,6.0
ablation,ablation,full_depth1_branch4_max,opaque_dependency_l6,tabular_online,training,opaque,high_level_steps,30,6.0,0.0,6.0,6.0,6.0,6.0
ablation,ablation,full_depth1_branch4_max,opaque_dependency_l6,tabular_online,training,opaque,primitive_steps,30,6.0,0.0,6.0,6.0,6.0,6.0
ablation,ablation,full_depth1_branch4_max,opaque_dependency_l6,tabular_online,training,opaque,reward,30,0.33521666666666666,0.07133779325943883,0.31024999999999997,0.36041666666666666,0.217,0.493
ablation,ablation,full_depth1_branch4_max,opaque_dependency_l6,tabular_online,training,opaque,errors,30,0.0,0.0,0.0,0.0,0.0,0.0
ablation,ablation,full_depth1_branch4_max,opaque_dependency_l6,tabular_online,training,opaque,repeats,30,0.0,0.0,0.0,0.0,0.0,0.0
ablation,ablation,full_depth1_branch4_max,opaque_dependency_l6,tabular_online,training,opaque,prediction_score,30,0.9899944444444445,0.0005587742011924325,0.9897972222222222,0.9901944444444445,0.98875,0.9909166666666667
ablation,ablation,full_depth1_branch4_max,opaque_dependency_l6,tabular_online,training,opaque,holdout_score,30,0.12354595175287926,0.00021976011280834515,0.12346524379789581,0.12362015934388235,0.12305159026929598,0.1239719795736979
ablation,ablation,full_depth1_branch4_max,opaque_dependency_l6,tabular_online,training,opaque,holdout_gain,30,6.3778436010959445e-06,4.876738246617554e-06,4.6543548816833125e-06,8.109943682860348e-06,0.0,1.7361111111111104e-05
ablation,ablation,full_depth1_branch4_max,opaque_dependency_l6,tabular_online,training,opaque,imagined_nodes,30,13.67345,0.05974144723089135,13.65185,13.69405,13.5525,13.77
ablation,ablation,full_depth1_branch4_max,opaque_dependency_l6,tabular_online,training,opaque,imagination_depth,30,0.9708666666666667,0.002438673089362663,0.9699833333333333,0.9716833333333333,0.966,0.9755
ablation,ablation,full_depth1_branch4_max,opaque_dependency_l6,tabular_online,training,opaque,actual_return,30,0.33521666666666666,0.07133779325943883,0.3113,0.35975,0.217,0.493
ablation,ablation,full_depth1_branch4_max,opaque_dependency_l6,tabular_online,training,opaque,runtime_seconds,30,0.0017484206900427429,9.99659561890327e-05,0.0017153627383430527,0.0017852766701112464,0.0015999337999382988,0.002039443750254577
ablation,ablation,full_depth1_branch4_max,opaque_dependency_l6,tabular_online,training,opaque,real_transitions,30,6.0,0.0,6.0,6.0,6.0,6.0
ablation,ablation,full_depth1_branch4_max,opaque_dependency_l6,tabular_online,training,opaque,imagined_transitions,30,13.67345,0.05974144723089135,13.652,13.694350000000002,13.5525,13.77
ablation,ablation,full_depth1_branch4_max,opaque_dependency_l6,tabular_online,training,opaque,action_proposals,30,6.0,0.0,6.0,6.0,6.0,6.0
ablation,ablation,full_depth1_branch4_max,opaque_dependency_l6,tabular_online,training,opaque,repeat_rate,30,0.0,0.0,0.0,0.0,0.0,0.0
ablation,ablation,full_depth1_branch4_max,opaque_dependency_l6,tabular_online,training,opaque,error_rate,30,0.0,0.0,0.0,0.0,0.0,0.0
ablation,ablation,full_depth1_branch4_max,opaque_dependency_l6,tabular_online,training,opaque,learning_auc,30,0.33526763381690844,0.07129862756311883,0.3099049524762381,0.3608637652159413,0.21710855427713857,0.4932466233116558
ablation,ablation,full_depth1_branch4_max,opaque_dependency_l6,tabular_online,training,opaque,final_tail_success,30,0.4995,0.10892381076570971,0.46216666666666667,0.538,0.31,0.705
ablation,ablation,full_depth1_branch4_max,opaque_dependency_l6,tabular_online,training,opaque,first_success_real_transitions,30,282.2,212.5148919731152,206.6,359.0,6.0,678.0
ablation,ablation,full_depth1_branch4_mean,opaque_dependency_l6,tabular_online,evaluation_seen,opaque,success,30,0.0,0.0,0.0,0.0,0.0,0.0
ablation,ablation,full_depth1_branch4_mean,opaque_dependency_l6,tabular_online,evaluation_seen,opaque,steps,30,6.0,0.0,6.0,6.0,6.0,6.0
ablation,ablation,full_depth1_branch4_mean,opaque_dependency_l6,tabular_online,evaluation_seen,opaque,high_level_steps,30,6.0,0.0,6.0,6.0,6.0,6.0
ablation,ablation,full_depth1_branch4_mean,opaque_dependency_l6,tabular_online,evaluation_seen,opaque,primitive_steps,30,6.0,0.0,6.0,6.0,6.0,6.0
ablation,ablation,full_depth1_branch4_mean,opaque_dependency_l6,tabular_online,evaluation_seen,opaque,reward,30,0.0,0.0,0.0,0.0,0.0,0.0
ablation,ablation,full_depth1_branch4_mean,opaque_dependency_l6,tabular_online,evaluation_seen,opaque,errors,30,0.0,0.0,0.0,0.0,0.0,0.0
ablation,ablation,full_depth1_branch4_mean,opaque_dependency_l6,tabular_online,evaluation_seen,opaque,repeats,30,0.0,0.0,0.0,0.0,0.0,0.0
ablation,ablation,full_depth1_branch4_mean,opaque_dependency_l6,tabular_online,evaluation_seen,opaque,prediction_score,30,0.0,0.0,0.0,0.0,0.0,0.0
ablation,ablation,full_depth1_branch4_mean,opaque_dependency_l6,tabular_online,evaluation_seen,opaque,holdout_score,30,1.0,0.0,1.0,1.0,1.0,1.0
ablation,ablation,full_depth1_branch4_mean,opaque_dependency_l6,tabular_online,evaluation_seen,opaque,imagined_nodes,30,0.0,0.0,0.0,0.0,0.0,0.0
ablation,ablation,full_depth1_branch4_mean,opaque_dependency_l6,tabular_online,evaluation_seen,opaque,imagination_depth,30,0.0,0.0,0.0,0.0,0.0,0.0
ablation,ablation,full_depth1_branch4_mean,opaque_dependency_l6,tabular_online,evaluation_seen,opaque,actual_return,30,0.0,0.0,0.0,0.0,0.0,0.0
ablation,ablation,full_depth1_branch4_mean,opaque_dependency_l6,tabular_online,evaluation_seen,opaque,runtime_seconds,30,0.003565009166763048,0.00044763208323054377,0.0034033631001317796,0.0037232397167729987,0.0028311324995593167,0.004650070498464629
ablation,ablation,full_depth1_branch4_mean,opaque_dependency_l6,tabular_online,evaluation_seen,opaque,real_transitions,30,6.0,0.0,6.0,6.0,6.0,6.0
ablation,ablation,full_depth1_branch4_mean,opaque_dependency_l6,tabular_online,evaluation_seen,opaque,imagined_transitions,30,0.0,0.0,0.0,0.0,0.0,0.0
ablation,ablation,full_depth1_branch4_mean,opaque_dependency_l6,tabular_online,evaluation_seen,opaque,action_proposals,30,6.0,0.0,6.0,6.0,6.0,6.0
ablation,ablation,full_depth1_branch4_mean,opaque_dependency_l6,tabular_online,evaluation_seen,opaque,repeat_rate,30,0.0,0.0,0.0,0.0,0.0,0.0
ablation,ablation,full_depth1_branch4_mean,opaque_dependency_l6,tabular_online,evaluation_seen,opaque,error_rate,30,0.0,0.0,0.0,0.0,0.0,0.0
ablation,ablation,full_depth1_branch4_mean,opaque_dependency_l6,tabular_online,evaluation_unseen_zero_shot,opaque,success,30,0.0,0.0,0.0,0.0,0.0,0.0
ablation,ablation,full_depth1_branch4_mean,opaque_dependency_l6,tabular_online,evaluation_unseen_zero_shot,opaque,steps,30,6.0,0.0,6.0,6.0,6.0,6.0
ablation,ablation,full_depth1_branch4_mean,opaque_dependency_l6,tabular_online,evaluation_unseen_zero_shot,opaque,high_level_steps,30,6.0,0.0,6.0,6.0,6.0,6.0
ablation,ablation,full_depth1_branch4_mean,opaque_dependency_l6,tabular_online,evaluation_unseen_zero_shot,opaque,primitive_steps,30,6.0,0.0,6.0,6.0,6.0,6.0
ablation,ablation,full_depth1_branch4_mean,opaque_dependency_l6,tabular_online,evaluation_unseen_zero_shot,opaque,reward,30,0.0,0.0,0.0,0.0,0.0,0.0
ablation,ablation,full_depth1_branch4_mean,opaque_dependency_l6,tabular_online,evaluation_unseen_zero_shot,opaque,errors,30,0.0,0.0,0.0,0.0,0.0,0.0
ablation,ablation,full_depth1_branch4_mean,opaque_dependency_l6,tabular_online,evaluation_unseen_zero_shot,opaque,repeats,30,0.0,0.0,0.0,0.0,0.0,0.0
ablation,ablation,full_depth1_branch4_mean,opaque_dependency_l6,tabular_online,evaluation_unseen_zero_shot,opaque,prediction_score,30,0.0,0.0,0.0,0.0,0.0,0.0
ablation,ablation,full_depth1_branch4_mean,opaque_dependency_l6,tabular_online,evaluation_unseen_zero_shot,opaque,holdout_score,30,1.0,0.0,1.0,1.0,1.0,1.0
ablation,ablation,full_depth1_branch4_mean,opaque_dependency_l6,tabular_online,evaluation_unseen_zero_shot,opaque,imagined_nodes,30,0.0,0.0,0.0,0.0,0.0,0.0
ablation,ablation,full_depth1_branch4_mean,opaque_dependency_l6,tabular_online,evaluation_unseen_zero_shot,opaque,imagination_depth,30,0.0,0.0,0.0,0.0,0.0,0.0
ablation,ablation,full_depth1_branch4_mean,opaque_dependency_l6,tabular_online,evaluation_unseen_zero_shot,opaque,actual_return,30,0.0,0.0,0.0,0.0,0.0,0.0
ablation,ablation,full_depth1_branch4_mean,opaque_dependency_l6,tabular_online,evaluation_unseen_zero_shot,opaque,runtime_seconds,30,0.00358445074990838,0.0004983381002752189,0.0034079070165219795,0.0037645957501614854,0.0027836939982080365,0.004993820500094444
ablation,ablation,full_depth1_branch4_mean,opaque_dependency_l6,tabular_online,evaluation_unseen_zero_shot,opaque,real_transitions,30,6.0,0.0,6.0,6.0,6.0,6.0
ablation,ablation,full_depth1_branch4_mean,opaque_dependency_l6,tabular_online,evaluation_unseen_zero_shot,opaque,imagined_transitions,30,0.0,0.0,0.0,0.0,0.0,0.0
ablation,ablation,full_depth1_branch4_mean,opaque_dependency_l6,tabular_online,evaluation_unseen_zero_shot,opaque,action_proposals,30,6.0,0.0,6.0,6.0,6.0,6.0
ablation,ablation,full_depth1_branch4_mean,opaque_dependency_l6,tabular_online,evaluation_unseen_zero_shot,opaque,repeat_rate,30,0.0,0.0,0.0,0.0,0.0,0.0
ablation,ablation,full_depth1_branch4_mean,opaque_dependency_l6,tabular_online,evaluation_unseen_zero_shot,opaque,error_rate,30,0.0,0.0,0.0,0.0,0.0,0.0
ablation,ablation,full_depth1_branch4_mean,opaque_dependency_l6,tabular_online,training,opaque,success,30,0.33521666666666666,0.07133779325943883,0.31001666666666666,0.3604,0.217,0.493
ablation,ablation,full_depth1_branch4_mean,opaque_dependency_l6,tabular_online,training,opaque,steps,30,6.0,0.0,6.0,6.0,6.0,6.0
ablation,ablation,full_depth1_branch4_mean,opaque_dependency_l6,tabular_online,training,opaque,high_level_steps,30,6.0,0.0,6.0,6.0,6.0,6.0
ablation,ablation,full_depth1_branch4_mean,opaque_dependency_l6,tabular_online,training,opaque,primitive_steps,30,6.0,0.0,6.0,6.0,6.0,6.0
ablation,ablation,full_depth1_branch4_mean,opaque_dependency_l6,tabular_online,training,opaque,reward,30,0.33521666666666666,0.07133779325943883,0.3107833333333333,0.3599833333333333,0.217,0.493
ablation,ablation,full_depth1_branch4_mean,opaque_dependency_l6,tabular_online,training,opaque,errors,30,0.0,0.0,0.0,0.0,0.0,0.0
ablation,ablation,full_depth1_branch4_mean,opaque_dependency_l6,tabular_online,training,opaque,repeats,30,0.0,0.0,0.0,0.0,0.0,0.0
ablation,ablation,full_depth1_branch4_mean,opaque_dependency_l6,tabular_online,training,opaque,prediction_score,30,0.9899944444444445,0.0005587742011924325,0.9897944444444444,0.9901861111111111,0.98875,0.9909166666666667
ablation,ablation,full_depth1_branch4_mean,opaque_dependency_l6,tabular_online,training,opaque,holdout_score,30,0.12354595175287926,0.00021976011280834515,0.12346723913760119,0.12361958902678905,0.12305159026929598,0.1239719795736979
ablation,ablation,full_depth1_branch4_mean,opaque_dependency_l6,tabular_online,training,opaque,holdout_gain,30,6.3778436010959445e-06,4.876738246617554e-06,4.713156050991728e-06,8.07527311736604e-06,0.0,1.7361111111111104e-05
ablation,ablation,full_depth1_branch4_mean,opaque_dependency_l6,tabular_online,training,opaque,imagined_nodes,30,13.67345,0.05974144723089135,13.65215,13.69455,13.5525,13.77
ablation,ablation,full_depth1_branch4_mean,opaque_dependency_l6,tabular_online,training,opaque,imagination_depth,30,0.9708666666666667,0.002438673089362663,0.9700166666666666,0.97175,0.966,0.9755
ablation,ablation,full_depth1_branch4_mean,opaque_dependency_l6,tabular_online,training,opaque,actual_return,30,0.33521666666666666,0.07133779325943883,0.3098666666666666,0.361,0.217,0.493
ablation,ablation,full_depth1_branch4_mean,opaque_dependency_l6,tabular_online,training,opaque,runtime_seconds,30,0.0017200836883062343,9.88552345180081e-05,0.0016847831283099367,0.001754050938349974,0.001503034749737708,0.0018811454496899386
ablation,ablation,full_depth1_branch4_mean,opaque_dependency_l6,tabular_online,training,opaque,real_transitions,30,6.0,0.0,6.0,6.0,6.0,6.0
ablation,ablation,full_depth1_branch4_mean,opaque_dependency_l6,tabular_online,training,opaque,imagined_transitions,30,13.67345,0.05974144723089135,13.65185,13.69525,13.5525,13.77
ablation,ablation,full_depth1_branch4_mean,opaque_dependency_l6,tabular_online,training,opaque,action_proposals,30,6.0,0.0,6.0,6.0,6.0,6.0
ablation,ablation,full_depth1_branch4_mean,opaque_dependency_l6,tabular_online,training,opaque,repeat_rate,30,0.0,0.0,0.0,0.0,0.0,0.0
ablation,ablation,full_depth1_branch4_mean,opaque_dependency_l6,tabular_online,training,opaque,error_rate,30,0.0,0.0,0.0,0.0,0.0,0.0
ablation,ablation,full_depth1_branch4_mean,opaque_dependency_l6,tabular_online,training,opaque,learning_auc,30,0.33526763381690844,0.07129862756311883,0.31110555277638824,0.36095547773886943,0.21710855427713857,0.4932466233116558
ablation,ablation,full_depth1_branch4_mean,opaque_dependency_l6,tabular_online,training,opaque,final_tail_success,30,0.4995,0.10892381076570971,0.4615,0.5368333333333334,0.31,0.705
ablation,ablation,full_depth1_branch4_mean,opaque_dependency_l6,tabular_online,training,opaque,first_success_real_transitions,30,282.2,212.5148919731152,208.8,354.0,6.0,678.0
ablation,ablation,full_depth1_branch4_risk-adjusted,opaque_dependency_l6,tabular_online,evaluation_seen,opaque,success,30,0.0,0.0,0.0,0.0,0.0,0.0
ablation,ablation,full_depth1_branch4_risk-adjusted,opaque_dependency_l6,tabular_online,evaluation_seen,opaque,steps,30,6.0,0.0,6.0,6.0,6.0,6.0
ablation,ablation,full_depth1_branch4_risk-adjusted,opaque_dependency_l6,tabular_online,evaluation_seen,opaque,high_level_steps,30,6.0,0.0,6.0,6.0,6.0,6.0
ablation,ablation,full_depth1_branch4_risk-adjusted,opaque_dependency_l6,tabular_online,evaluation_seen,opaque,primitive_steps,30,6.0,0.0,6.0,6.0,6.0,6.0
ablation,ablation,full_depth1_branch4_risk-adjusted,opaque_dependency_l6,tabular_online,evaluation_seen,opaque,reward,30,0.0,0.0,0.0,0.0,0.0,0.0
ablation,ablation,full_depth1_branch4_risk-adjusted,opaque_dependency_l6,tabular_online,evaluation_seen,opaque,errors,30,0.0,0.0,0.0,0.0,0.0,0.0
ablation,ablation,full_depth1_branch4_risk-adjusted,opaque_dependency_l6,tabular_online,evaluation_seen,opaque,repeats,30,0.0,0.0,0.0,0.0,0.0,0.0
ablation,ablation,full_depth1_branch4_risk-adjusted,opaque_dependency_l6,tabular_online,evaluation_seen,opaque,prediction_score,30,0.0,0.0,0.0,0.0,0.0,0.0
ablation,ablation,full_depth1_branch4_risk-adjusted,opaque_dependency_l6,tabular_online,evaluation_seen,opaque,holdout_score,30,1.0,0.0,1.0,1.0,1.0,1.0
ablation,ablation,full_depth1_branch4_risk-adjusted,opaque_dependency_l6,tabular_online,evaluation_seen,opaque,imagined_nodes,30,0.0,0.0,0.0,0.0,0.0,0.0
ablation,ablation,full_depth1_branch4_risk-adjusted,opaque_dependency_l6,tabular_online,evaluation_seen,opaque,imagination_depth,30,0.0,0.0,0.0,0.0,0.0,0.0
ablation,ablation,full_depth1_branch4_risk-adjusted,opaque_dependency_l6,tabular_online,evaluation_seen,opaque,actual_return,30,0.0,0.0,0.0,0.0,0.0,0.0
ablation,ablation,full_depth1_branch4_risk-adjusted,opaque_dependency_l6,tabular_online,evaluation_seen,opaque,runtime_seconds,30,0.0035256436332856537,0.00043154872297970125,0.003375474199948561,0.00367755873320372,0.0027746614998613948,0.004654959999170387
ablation,ablation,full_depth1_branch4_risk-adjusted,opaque_dependency_l6,tabular_online,evaluation_seen,opaque,real_transitions,30,6.0,0.0,6.0,6.0,6.0,6.0
ablation,ablation,full_depth1_branch4_risk-adjusted,opaque_dependency_l6,tabular_online,evaluation_seen,opaque,imagined_transitions,30,0.0,0.0,0.0,0.0,0.0,0.0
ablation,ablation,full_depth1_branch4_risk-adjusted,opaque_dependency_l6,tabular_online,evaluation_seen,opaque,action_proposals,30,6.0,0.0,6.0,6.0,6.0,6.0
ablation,ablation,full_depth1_branch4_risk-adjusted,opaque_dependency_l6,tabular_online,evaluation_seen,opaque,repeat_rate,30,0.0,0.0,0.0,0.0,0.0,0.0
ablation,ablation,full_depth1_branch4_risk-adjusted,opaque_dependency_l6,tabular_online,evaluation_seen,opaque,error_rate,30,0.0,0.0,0.0,0.0,0.0,0.0
ablation,ablation,full_depth1_branch4_risk-adjusted,opaque_dependency_l6,tabular_online,evaluation_unseen_zero_shot,opaque,success,30,0.0,0.0,0.0,0.0,0.0,0.0
ablation,ablation,full_depth1_branch4_risk-adjusted,opaque_dependency_l6,tabular_online,evaluation_unseen_zero_shot,opaque,steps,30,6.0,0.0,6.0,6.0,6.0,6.0
ablation,ablation,full_depth1_branch4_risk-adjusted,opaque_dependency_l6,tabular_online,evaluation_unseen_zero_shot,opaque,high_level_steps,30,6.0,0.0,6.0,6.0,6.0,6.0
ablation,ablation,full_depth1_branch4_risk-adjusted,opaque_dependency_l6,tabular_online,evaluation_unseen_zero_shot,opaque,primitive_steps,30,6.0,0.0,6.0,6.0,6.0,6.0
ablation,ablation,full_depth1_branch4_risk-adjusted,opaque_dependency_l6,tabular_online,evaluation_unseen_zero_shot,opaque,reward,30,0.0,0.0,0.0,0.0,0.0,0.0
ablation,ablation,full_depth1_branch4_risk-adjusted,opaque_dependency_l6,tabular_online,evaluation_unseen_zero_shot,opaque,errors,30,0.0,0.0,0.0,0.0,0.0,0.0
ablation,ablation,full_depth1_branch4_risk-adjusted,opaque_dependency_l6,tabular_online,evaluation_unseen_zero_shot,opaque,repeats,30,0.0,0.0,0.0,0.0,0.0,0.0
ablation,ablation,full_depth1_branch4_risk-adjusted,opaque_dependency_l6,tabular_online,evaluation_unseen_zero_shot,opaque,prediction_score,30,0.0,0.0,0.0,0.0,0.0,0.0
ablation,ablation,full_depth1_branch4_risk-adjusted,opaque_dependency_l6,tabular_online,evaluation_unseen_zero_shot,opaque,holdout_score,30,1.0,0.0,1.0,1.0,1.0,1.0
ablation,ablation,full_depth1_branch4_risk-adjusted,opaque_dependency_l6,tabular_online,evaluation_unseen_zero_shot,opaque,imagined_nodes,30,0.0,0.0,0.0,0.0,0.0,0.0
ablation,ablation,full_depth1_branch4_risk-adjusted,opaque_dependency_l6,tabular_online,evaluation_unseen_zero_shot,opaque,imagination_depth,30,0.0,0.0,0.0,0.0,0.0,0.0
ablation,ablation,full_depth1_branch4_risk-adjusted,opaque_dependency_l6,tabular_online,evaluation_unseen_zero_shot,opaque,actual_return,30,0.0,0.0,0.0,0.0,0.0,0.0
ablation,ablation,full_depth1_branch4_risk-adjusted,opaque_dependency_l6,tabular_online,evaluation_unseen_zero_shot,opaque,runtime_seconds,30,0.0033800461666639117,0.00036038494532700303,0.003251682783617677,0.0035087332502686574,0.0027911669996683484,0.004081800000130897
ablation,ablation,full_depth1_branch4_risk-adjusted,opaque_dependency_l6,tabular_online,evaluation_unseen_zero_shot,opaque,real_transitions,30,6.0,0.0,6.0,6.0,6.0,6.0
ablation,ablation,full_depth1_branch4_risk-adjusted,opaque_dependency_l6,tabular_online,evaluation_unseen_zero_shot,opaque,imagined_transitions,30,0.0,0.0,0.0,0.0,0.0,0.0
ablation,ablation,full_depth1_branch4_risk-adjusted,opaque_dependency_l6,tabular_online,evaluation_unseen_zero_shot,opaque,action_proposals,30,6.0,0.0,6.0,6.0,6.0,6.0
ablation,ablation,full_depth1_branch4_risk-adjusted,opaque_dependency_l6,tabular_online,evaluation_unseen_zero_shot,opaque,repeat_rate,30,0.0,0.0,0.0,0.0,0.0,0.0
ablation,ablation,full_depth1_branch4_risk-adjusted,opaque_dependency_l6,tabular_online,evaluation_unseen_zero_shot,opaque,error_rate,30,0.0,0.0,0.0,0.0,0.0,0.0
ablation,ablation,full_depth1_branch4_risk-adjusted,opaque_dependency_l6,tabular_online,training,opaque,success,30,0.33521666666666666,0.07133779325943883,0.31056666666666666,0.3607333333333333,0.217,0.493
ablation,ablation,full_depth1_branch4_risk-adjusted,opaque_dependency_l6,tabular_online,training,opaque,steps,30,6.0,0.0,6.0,6.0,6.0,6.0
ablation,ablation,full_depth1_branch4_risk-adjusted,opaque_dependency_l6,tabular_online,training,opaque,high_level_steps,30,6.0,0.0,6.0,6.0,6.0,6.0
ablation,ablation,full_depth1_branch4_risk-adjusted,opaque_dependency_l6,tabular_online,training,opaque,primitive_steps,30,6.0,0.0,6.0,6.0,6.0,6.0
ablation,ablation,full_depth1_branch4_risk-adjusted,opaque_dependency_l6,tabular_online,training,opaque,reward,30,0.33521666666666666,0.07133779325943883,0.31018333333333337,0.3611333333333333,0.217,0.493
ablation,ablation,full_depth1_branch4_risk-adjusted,opaque_dependency_l6,tabular_online,training,opaque,errors,30,0.0,0.0,0.0,0.0,0.0,0.0
ablation,ablation,full_depth1_branch4_risk-adjusted,opaque_dependency_l6,tabular_online,training,opaque,repeats,30,0.0,0.0,0.0,0.0,0.0,0.0
ablation,ablation,full_depth1_branch4_risk-adjusted,opaque_dependency_l6,tabular_online,training,opaque,prediction_score,30,0.9899944444444445,0.0005587742011924325,0.9897972222222222,0.9901833333333333,0.98875,0.9909166666666667
ablation,ablation,full_depth1_branch4_risk-adjusted,opaque_dependency_l6,tabular_online,training,opaque,holdout_score,30,0.12354595175287926,0.00021976011280834515,0.12346628142083446,0.12362185820365568,0.12305159026929598,0.1239719795736979
ablation,ablation,full_depth1_branch4_risk-adjusted,opaque_dependency_l6,tabular_online,training,opaque,holdout_gain,30,6.3778436010959445e-06,4.876738246617554e-06,4.737086964415395e-06,8.15055470306429e-06,0.0,1.7361111111111104e-05
ablation,ablation,full_depth1_branch4_risk-adjusted,opaque_dependency_l6,tabular_online,training,opaque,imagined_nodes,30,13.67345,0.05974144723089135,13.652050000000001,13.693999999999999,13.5525,13.77
ablation,ablation,full_depth1_branch4_risk-adjusted,opaque_dependency_l6,tabular_online,training,opaque,imagination_depth,30,0.9708666666666667,0.002438673089362663,0.9700333333333333,0.9717333333333333,0.966,0.9755
ablation,ablation,full_depth1_branch4_risk-adjusted,opaque_dependency_l6,tabular_online,training,opaque,actual_return,30,0.33521666666666666,0.07133779325943883,0.31051666666666666,0.3605,0.217,0.493
ablation,ablation,full_depth1_branch4_risk-adjusted,opaque_dependency_l6,tabular_online,training,opaque,runtime_seconds,30,0.001759010536701438,0.00012373538956552226,0.0017176668266979203,0.0018035606466267685,0.0014746002004103502,0.002223990650221822
ablation,ablation,full_depth1_branch4_risk-adjusted,opaque_dependency_l6,tabular_online,training,opaque,real_transitions,30,6.0,0.0,6.0,6.0,6.0,6.0
ablation,ablation,full_depth1_branch4_risk-adjusted,opaque_dependency_l6,tabular_online,training,opaque,imagined_transitions,30,13.67345,0.05974144723089135,13.6516,13.6945,13.5525,13.77
ablation,ablation,full_depth1_branch4_risk-adjusted,opaque_dependency_l6,tabular_online,training,opaque,action_proposals,30,6.0,0.0,6.0,6.0,6.0,6.0
ablation,ablation,full_depth1_branch4_risk-adjusted,opaque_dependency_l6,tabular_online,training,opaque,repeat_rate,30,0.0,0.0,0.0,0.0,0.0,0.0
ablation,ablation,full_depth1_branch4_risk-adjusted,opaque_dependency_l6,tabular_online,training,opaque,error_rate,30,0.0,0.0,0.0,0.0,0.0,0.0
ablation,ablation,full_depth1_branch4_risk-adjusted,opaque_dependency_l6,tabular_online,training,opaque,learning_auc,30,0.33526763381690844,0.07129862756311883,0.30950475237618813,0.3608637652159413,0.21710855427713857,0.4932466233116558
ablation,ablation,full_depth1_branch4_risk-adjusted,opaque_dependency_l6,tabular_online,training,opaque,final_tail_success,30,0.4995,0.10892381076570971,0.46116666666666667,0.5381666666666667,0.31,0.705
ablation,ablation,full_depth1_branch4_risk-adjusted,opaque_dependency_l6,tabular_online,training,opaque,first_success_real_transitions,30,282.2,212.5148919731152,212.4,357.6,6.0,678.0
ablation,ablation,full_depth2_branch1_max,opaque_dependency_l6,tabular_online,evaluation_seen,opaque,success,30,0.0,0.0,0.0,0.0,0.0,0.0
ablation,ablation,full_depth2_branch1_max,opaque_dependency_l6,tabular_online,evaluation_seen,opaque,steps,30,6.0,0.0,6.0,6.0,6.0,6.0
ablation,ablation,full_depth2_branch1_max,opaque_dependency_l6,tabular_online,evaluation_seen,opaque,high_level_steps,30,6.0,0.0,6.0,6.0,6.0,6.0
ablation,ablation,full_depth2_branch1_max,opaque_dependency_l6,tabular_online,evaluation_seen,opaque,primitive_steps,30,6.0,0.0,6.0,6.0,6.0,6.0
ablation,ablation,full_depth2_branch1_max,opaque_dependency_l6,tabular_online,evaluation_seen,opaque,reward,30,0.0,0.0,0.0,0.0,0.0,0.0
ablation,ablation,full_depth2_branch1_max,opaque_dependency_l6,tabular_online,evaluation_seen,opaque,errors,30,0.0,0.0,0.0,0.0,0.0,0.0
ablation,ablation,full_depth2_branch1_max,opaque_dependency_l6,tabular_online,evaluation_seen,opaque,repeats,30,0.0,0.0,0.0,0.0,0.0,0.0
ablation,ablation,full_depth2_branch1_max,opaque_dependency_l6,tabular_online,evaluation_seen,opaque,prediction_score,30,0.0,0.0,0.0,0.0,0.0,0.0
ablation,ablation,full_depth2_branch1_max,opaque_dependency_l6,tabular_online,evaluation_seen,opaque,holdout_score,30,1.0,0.0,1.0,1.0,1.0,1.0
ablation,ablation,full_depth2_branch1_max,opaque_dependency_l6,tabular_online,evaluation_seen,opaque,imagined_nodes,30,0.0,0.0,0.0,0.0,0.0,0.0
ablation,ablation,full_depth2_branch1_max,opaque_dependency_l6,tabular_online,evaluation_seen,opaque,imagination_depth,30,0.0,0.0,0.0,0.0,0.0,0.0
ablation,ablation,full_depth2_branch1_max,opaque_dependency_l6,tabular_online,evaluation_seen,opaque,actual_return,30,0.0,0.0,0.0,0.0,0.0,0.0
ablation,ablation,full_depth2_branch1_max,opaque_dependency_l6,tabular_online,evaluation_seen,opaque,runtime_seconds,30,0.0033871816834531877,0.0003982075180202549,0.003250809216910663,0.003528562650181508,0.002786699498828966,0.0040622775006340815
ablation,ablation,full_depth2_branch1_max,opaque_dependency_l6,tabular_online,evaluation_seen,opaque,real_transitions,30,6.0,0.0,6.0,6.0,6.0,6.0
ablation,ablation,full_depth2_branch1_max,opaque_dependency_l6,tabular_online,evaluation_seen,opaque,imagined_transitions,30,0.0,0.0,0.0,0.0,0.0,0.0
ablation,ablation,full_depth2_branch1_max,opaque_dependency_l6,tabular_online,evaluation_seen,opaque,action_proposals,30,6.0,0.0,6.0,6.0,6.0,6.0
ablation,ablation,full_depth2_branch1_max,opaque_dependency_l6,tabular_online,evaluation_seen,opaque,repeat_rate,30,0.0,0.0,0.0,0.0,0.0,0.0
ablation,ablation,full_depth2_branch1_max,opaque_dependency_l6,tabular_online,evaluation_seen,opaque,error_rate,30,0.0,0.0,0.0,0.0,0.0,0.0
ablation,ablation,full_depth2_branch1_max,opaque_dependency_l6,tabular_online,evaluation_unseen_zero_shot,opaque,success,30,0.0,0.0,0.0,0.0,0.0,0.0
ablation,ablation,full_depth2_branch1_max,opaque_dependency_l6,tabular_online,evaluation_unseen_zero_shot,opaque,steps,30,6.0,0.0,6.0,6.0,6.0,6.0
ablation,ablation,full_depth2_branch1_max,opaque_dependency_l6,tabular_online,evaluation_unseen_zero_shot,opaque,high_level_steps,30,6.0,0.0,6.0,6.0,6.0,6.0
ablation,ablation,full_depth2_branch1_max,opaque_dependency_l6,tabular_online,evaluation_unseen_zero_shot,opaque,primitive_steps,30,6.0,0.0,6.0,6.0,6.0,6.0
ablation,ablation,full_depth2_branch1_max,opaque_dependency_l6,tabular_online,evaluation_unseen_zero_shot,opaque,reward,30,0.0,0.0,0.0,0.0,0.0,0.0
ablation,ablation,full_depth2_branch1_max,opaque_dependency_l6,tabular_online,evaluation_unseen_zero_shot,opaque,errors,30,0.0,0.0,0.0,0.0,0.0,0.0
ablation,ablation,full_depth2_branch1_max,opaque_dependency_l6,tabular_online,evaluation_unseen_zero_shot,opaque,repeats,30,0.0,0.0,0.0,0.0,0.0,0.0
ablation,ablation,full_depth2_branch1_max,opaque_dependency_l6,tabular_online,evaluation_unseen_zero_shot,opaque,prediction_score,30,0.0,0.0,0.0,0.0,0.0,0.0
ablation,ablation,full_depth2_branch1_max,opaque_dependency_l6,tabular_online,evaluation_unseen_zero_shot,opaque,holdout_score,30,1.0,0.0,1.0,1.0,1.0,1.0
ablation,ablation,full_depth2_branch1_max,opaque_dependency_l6,tabular_online,evaluation_unseen_zero_shot,opaque,imagined_nodes,30,0.0,0.0,0.0,0.0,0.0,0.0
ablation,ablation,full_depth2_branch1_max,opaque_dependency_l6,tabular_online,evaluation_unseen_zero_shot,opaque,imagination_depth,30,0.0,0.0,0.0,0.0,0.0,0.0
ablation,ablation,full_depth2_branch1_max,opaque_dependency_l6,tabular_online,evaluation_unseen_zero_shot,opaque,actual_return,30,0.0,0.0,0.0,0.0,0.0,0.0
ablation,ablation,full_depth2_branch1_max,opaque_dependency_l6,tabular_online,evaluation_unseen_zero_shot,opaque,runtime_seconds,30,0.003448268116553663,0.00037505707314959417,0.00331675231680371,0.003581662849455218,0.0028493149991845714,0.004111438998370432
ablation,ablation,full_depth2_branch1_max,opaque_dependency_l6,tabular_online,evaluation_unseen_zero_shot,opaque,real_transitions,30,6.0,0.0,6.0,6.0,6.0,6.0
ablation,ablation,full_depth2_branch1_max,opaque_dependency_l6,tabular_online,evaluation_unseen_zero_shot,opaque,imagined_transitions,30,0.0,0.0,0.0,0.0,0.0,0.0
ablation,ablation,full_depth2_branch1_max,opaque_dependency_l6,tabular_online,evaluation_unseen_zero_shot,opaque,action_proposals,30,6.0,0.0,6.0,6.0,6.0,6.0
ablation,ablation,full_depth2_branch1_max,opaque_dependency_l6,tabular_online,evaluation_unseen_zero_shot,opaque,repeat_rate,30,0.0,0.0,0.0,0.0,0.0,0.0
ablation,ablation,full_depth2_branch1_max,opaque_dependency_l6,tabular_online,evaluation_unseen_zero_shot,opaque,error_rate,30,0.0,0.0,0.0,0.0,0.0,0.0
ablation,ablation,full_depth2_branch1_max,opaque_dependency_l6,tabular_online,training,opaque,success,30,0.33521666666666666,0.07133779325943883,0.30970000000000003,0.3608166666666667,0.217,0.493
ablation,ablation,full_depth2_branch1_max,opaque_dependency_l6,tabular_online,training,opaque,steps,30,6.0,0.0,6.0,6.0,6.0,6.0
ablation,ablation,full_depth2_branch1_max,opaque_dependency_l6,tabular_online,training,opaque,high_level_steps,30,6.0,0.0,6.0,6.0,6.0,6.0
ablation,ablation,full_depth2_branch1_max,opaque_dependency_l6,tabular_online,training,opaque,primitive_steps,30,6.0,0.0,6.0,6.0,6.0,6.0
ablation,ablation,full_depth2_branch1_max,opaque_dependency_l6,tabular_online,training,opaque,reward,30,0.33521666666666666,0.07133779325943883,0.31085,0.35994999999999994,0.217,0.493
ablation,ablation,full_depth2_branch1_max,opaque_dependency_l6,tabular_online,training,opaque,errors,30,0.0,0.0,0.0,0.0,0.0,0.0
ablation,ablation,full_depth2_branch1_max,opaque_dependency_l6,tabular_online,training,opaque,repeats,30,0.0,0.0,0.0,0.0,0.0,0.0
ablation,ablation,full_depth2_branch1_max,opaque_dependency_l6,tabular_online,training,opaque,prediction_score,30,0.9899944444444445,0.0005587742011924325,0.9897888888888888,0.9901833333333333,0.98875,0.9909166666666667
ablation,ablation,full_depth2_branch1_max,opaque_dependency_l6,tabular_online,training,opaque,holdout_score,30,0.12354595175287926,0.00021976011280834515,0.12347007753229476,0.12362241537866496,0.12305159026929598,0.1239719795736979
ablation,ablation,full_depth2_branch1_max,opaque_dependency_l6,tabular_online,training,opaque,holdout_gain,30,6.3778436010959445e-06,4.876738246617554e-06,4.7012512890869666e-06,8.135069192986924e-06,0.0,1.7361111111111104e-05
ablation,ablation,full_depth2_branch1_max,opaque_dependency_l6,tabular_online,training,opaque,imagined_nodes,30,12.91235,0.055945347407552345,12.892483333333333,12.931099999999999,12.7985,12.9945
ablation,ablation,full_depth2_branch1_max,opaque_dependency_l6,tabular_online,training,opaque,imagination_depth,30,1.9334333333333333,0.005384737904378493,1.9316,1.9353666666666667,1.9195,1.9455
ablation,ablation,full_depth2_branch1_max,opaque_dependency_l6,tabular_online,training,opaque,actual_return,30,0.33521666666666666,0.07133779325943883,0.311,0.36064999999999997,0.217,0.493
ablation,ablation,full_depth2_branch1_max,opaque_dependency_l6,tabular_online,training,opaque,runtime_seconds,30,0.0017498479800080531,0.00013492234618120457,0.0017089983200591328,0.0018031963266626312,0.0015584143500454956,0.0023408101496752353
ablation,ablation,full_depth2_branch1_max,opaque_dependency_l6,tabular_online,training,opaque,real_transitions,30,6.0,0.0,6.0,6.0,6.0,6.0
ablation,ablation,full_depth2_branch1_max,opaque_dependency_l6,tabular_online,training,opaque,imagined_transitions,30,12.91235,0.055945347407552345,12.893,12.932083333333333,12.7985,12.9945
ablation,ablation,full_depth2_branch1_max,opaque_dependency_l6,tabular_online,training,opaque,action_proposals,30,6.0,0.0,6.0,6.0,6.0,6.0
ablation,ablation,full_depth2_branch1_max,opaque_dependency_l6,tabular_online,training,opaque,repeat_rate,30,0.0,0.0,0.0,0.0,0.0,0.0
ablation,ablation,full_depth2_branch1_max,opaque_dependency_l6,tabular_online,training,opaque,error_rate,30,0.0,0.0,0.0,0.0,0.0,0.0
ablation,ablation,full_depth2_branch1_max,opaque_dependency_l6,tabular_online,training,opaque,learning_auc,30,0.33526763381690844,0.07129862756311883,0.3110638652659663,0.3612056028014007,0.21710855427713857,0.4932466233116558
ablation,ablation,full_depth2_branch1_max,opaque_dependency_l6,tabular_online,training,opaque,final_tail_success,30,0.4995,0.10892381076570971,0.46199999999999997,0.5371666666666667,0.31,0.705
ablation,ablation,full_depth2_branch1_max,opaque_dependency_l6,tabular_online,training,opaque,first_success_real_transitions,30,282.2,212.5148919731152,208.6,358.6,6.0,678.0
ablation,ablation,full_depth2_branch1_mean,opaque_dependency_l6,tabular_online,evaluation_seen,opaque,success,30,0.0,0.0,0.0,0.0,0.0,0.0
ablation,ablation,full_depth2_branch1_mean,opaque_dependency_l6,tabular_online,evaluation_seen,opaque,steps,30,6.0,0.0,6.0,6.0,6.0,6.0
ablation,ablation,full_depth2_branch1_mean,opaque_dependency_l6,tabular_online,evaluation_seen,opaque,high_level_steps,30,6.0,0.0,6.0,6.0,6.0,6.0
ablation,ablation,full_depth2_branch1_mean,opaque_dependency_l6,tabular_online,evaluation_seen,opaque,primitive_steps,30,6.0,0.0,6.0,6.0,6.0,6.0
ablation,ablation,full_depth2_branch1_mean,opaque_dependency_l6,tabular_online,evaluation_seen,opaque,reward,30,0.0,0.0,0.0,0.0,0.0,0.0
ablation,ablation,full_depth2_branch1_mean,opaque_dependency_l6,tabular_online,evaluation_seen,opaque,errors,30,0.0,0.0,0.0,0.0,0.0,0.0
ablation,ablation,full_depth2_branch1_mean,opaque_dependency_l6,tabular_online,evaluation_seen,opaque,repeats,30,0.0,0.0,0.0,0.0,0.0,0.0
ablation,ablation,full_depth2_branch1_mean,opaque_dependency_l6,tabular_online,evaluation_seen,opaque,prediction_score,30,0.0,0.0,0.0,0.0,0.0,0.0
ablation,ablation,full_depth2_branch1_mean,opaque_dependency_l6,tabular_online,evaluation_seen,opaque,holdout_score,30,1.0,0.0,1.0,1.0,1.0,1.0
ablation,ablation,full_depth2_branch1_mean,opaque_dependency_l6,tabular_online,evaluation_seen,opaque,imagined_nodes,30,0.0,0.0,0.0,0.0,0.0,0.0
ablation,ablation,full_depth2_branch1_mean,opaque_dependency_l6,tabular_online,evaluation_seen,opaque,imagination_depth,30,0.0,0.0,0.0,0.0,0.0,0.0
ablation,ablation,full_depth2_branch1_mean,opaque_dependency_l6,tabular_online,evaluation_seen,opaque,actual_return,30,0.0,0.0,0.0,0.0,0.0,0.0
ablation,ablation,full_depth2_branch1_mean,opaque_dependency_l6,tabular_online,evaluation_seen,opaque,runtime_seconds,30,0.0035756635000191938,0.0004272792155321696,0.0034236822832026522,0.003720340366809978,0.0027830484994046858,0.004178416000504512
ablation,ablation,full_depth2_branch1_mean,opaque_dependency_l6,tabular_online,evaluation_seen,opaque,real_transitions,30,6.0,0.0,6.0,6.0,6.0,6.0
ablation,ablation,full_depth2_branch1_mean,opaque_dependency_l6,tabular_online,evaluation_seen,opaque,imagined_transitions,30,0.0,0.0,0.0,0.0,0.0,0.0
ablation,ablation,full_depth2_branch1_mean,opaque_dependency_l6,tabular_online,evaluation_seen,opaque,action_proposals,30,6.0,0.0,6.0,6.0,6.0,6.0
ablation,ablation,full_depth2_branch1_mean,opaque_dependency_l6,tabular_online,evaluation_seen,opaque,repeat_rate,30,0.0,0.0,0.0,0.0,0.0,0.0
ablation,ablation,full_depth2_branch1_mean,opaque_dependency_l6,tabular_online,evaluation_seen,opaque,error_rate,30,0.0,0.0,0.0,0.0,0.0,0.0
ablation,ablation,full_depth2_branch1_mean,opaque_dependency_l6,tabular_online,evaluation_unseen_zero_shot,opaque,success,30,0.0,0.0,0.0,0.0,0.0,0.0
ablation,ablation,full_depth2_branch1_mean,opaque_dependency_l6,tabular_online,evaluation_unseen_zero_shot,opaque,steps,30,6.0,0.0,6.0,6.0,6.0,6.0
ablation,ablation,full_depth2_branch1_mean,opaque_dependency_l6,tabular_online,evaluation_unseen_zero_shot,opaque,high_level_steps,30,6.0,0.0,6.0,6.0,6.0,6.0
ablation,ablation,full_depth2_branch1_mean,opaque_dependency_l6,tabular_online,evaluation_unseen_zero_shot,opaque,primitive_steps,30,6.0,0.0,6.0,6.0,6.0,6.0
ablation,ablation,full_depth2_branch1_mean,opaque_dependency_l6,tabular_online,evaluation_unseen_zero_shot,opaque,reward,30,0.0,0.0,0.0,0.0,0.0,0.0
ablation,ablation,full_depth2_branch1_mean,opaque_dependency_l6,tabular_online,evaluation_unseen_zero_shot,opaque,errors,30,0.0,0.0,0.0,0.0,0.0,0.0
ablation,ablation,full_depth2_branch1_mean,opaque_dependency_l6,tabular_online,evaluation_unseen_zero_shot,opaque,repeats,30,0.0,0.0,0.0,0.0,0.0,0.0
ablation,ablation,full_depth2_branch1_mean,opaque_dependency_l6,tabular_online,evaluation_unseen_zero_shot,opaque,prediction_score,30,0.0,0.0,0.0,0.0,0.0,0.0
ablation,ablation,full_depth2_branch1_mean,opaque_dependency_l6,tabular_online,evaluation_unseen_zero_shot,opaque,holdout_score,30,1.0,0.0,1.0,1.0,1.0,1.0
ablation,ablation,full_depth2_branch1_mean,opaque_dependency_l6,tabular_online,evaluation_unseen_zero_shot,opaque,imagined_nodes,30,0.0,0.0,0.0,0.0,0.0,0.0
ablation,ablation,full_depth2_branch1_mean,opaque_dependency_l6,tabular_online,evaluation_unseen_zero_shot,opaque,imagination_depth,30,0.0,0.0,0.0,0.0,0.0,0.0
ablation,ablation,full_depth2_branch1_mean,opaque_dependency_l6,tabular_online,evaluation_unseen_zero_shot,opaque,actual_return,30,0.0,0.0,0.0,0.0,0.0,0.0
ablation,ablation,full_depth2_branch1_mean,opaque_dependency_l6,tabular_online,evaluation_unseen_zero_shot,opaque,runtime_seconds,30,0.003550152683329846,0.00047151185148493647,0.003390118833621576,0.0037229322166725375,0.002909832501900382,0.004927105500537436
ablation,ablation,full_depth2_branch1_mean,opaque_dependency_l6,tabular_online,evaluation_unseen_zero_shot,opaque,real_transitions,30,6.0,0.0,6.0,6.0,6.0,6.0
ablation,ablation,full_depth2_branch1_mean,opaque_dependency_l6,tabular_online,evaluation_unseen_zero_shot,opaque,imagined_transitions,30,0.0,0.0,0.0,0.0,0.0,0.0
ablation,ablation,full_depth2_branch1_mean,opaque_dependency_l6,tabular_online,evaluation_unseen_zero_shot,opaque,action_proposals,30,6.0,0.0,6.0,6.0,6.0,6.0
ablation,ablation,full_depth2_branch1_mean,opaque_dependency_l6,tabular_online,evaluation_unseen_zero_shot,opaque,repeat_rate,30,0.0,0.0,0.0,0.0,0.0,0.0
ablation,ablation,full_depth2_branch1_mean,opaque_dependency_l6,tabular_online,evaluation_unseen_zero_shot,opaque,error_rate,30,0.0,0.0,0.0,0.0,0.0,0.0
ablation,ablation,full_depth2_branch1_mean,opaque_dependency_l6,tabular_online,training,opaque,success,30,0.33521666666666666,0.07133779325943883,0.31028333333333336,0.3605833333333333,0.217,0.493
ablation,ablation,full_depth2_branch1_mean,opaque_dependency_l6,tabular_online,training,opaque,steps,30,6.0,0.0,6.0,6.0,6.0,6.0
ablation,ablation,full_depth2_branch1_mean,opaque_dependency_l6,tabular_online,training,opaque,high_level_steps,30,6.0,0.0,6.0,6.0,6.0,6.0
ablation,ablation,full_depth2_branch1_mean,opaque_dependency_l6,tabular_online,training,opaque,primitive_steps,30,6.0,0.0,6.0,6.0,6.0,6.0
ablation,ablation,full_depth2_branch1_mean,opaque_dependency_l6,tabular_online,training,opaque,reward,30,0.33521666666666666,0.07133779325943883,0.31046666666666667,0.3610666666666667,0.217,0.493
ablation,ablation,full_depth2_branch1_mean,opaque_dependency_l6,tabular_online,training,opaque,errors,30,0.0,0.0,0.0,0.0,0.0,0.0
ablation,ablation,full_depth2_branch1_mean,opaque_dependency_l6,tabular_online,training,opaque,repeats,30,0.0,0.0,0.0,0.0,0.0,0.0
ablation,ablation,full_depth2_branch1_mean,opaque_dependency_l6,tabular_online,training,opaque,prediction_score,30,0.9899944444444445,0.0005587742011924325,0.9898,0.9901888888888889,0.98875,0.9909166666666667
ablation,ablation,full_depth2_branch1_mean,opaque_dependency_l6,tabular_online,training,opaque,holdout_score,30,0.12354595175287926,0.00021976011280834515,0.1234691244231463,0.12362001350996403,0.12305159026929598,0.1239719795736979
ablation,ablation,full_depth2_branch1_mean,opaque_dependency_l6,tabular_online,training,opaque,holdout_gain,30,6.3778436010959445e-06,4.876738246617554e-06,4.759856834105554e-06,8.119780307706565e-06,0.0,1.7361111111111104e-05
ablation,ablation,full_depth2_branch1_mean,opaque_dependency_l6,tabular_online,training,opaque,imagined_nodes,30,12.91235,0.055945347407552345,12.891733333333333,12.932166666666667,12.7985,12.9945
ablation,ablation,full_depth2_branch1_mean,opaque_dependency_l6,tabular_online,training,opaque,imagination_depth,30,1.9334333333333333,0.005384737904378493,1.9315,1.9353333333333333,1.9195,1.9455
ablation,ablation,full_depth2_branch1_mean,opaque_dependency_l6,tabular_online,training,opaque,actual_return,30,0.33521666666666666,0.07133779325943883,0.3107833333333333,0.3604833333333333,0.217,0.493
ablation,ablation,full_depth2_branch1_mean,opaque_dependency_l6,tabular_online,training,opaque,runtime_seconds,30,0.0017398027032638006,0.00012134219257297549,0.001703325368205454,0.0017879560482436014,0.0015810050998261431,0.0022649698002060177
ablation,ablation,full_depth2_branch1_mean,opaque_dependency_l6,tabular_online,training,opaque,real_transitions,30,6.0,0.0,6.0,6.0,6.0,6.0
ablation,ablation,full_depth2_branch1_mean,opaque_dependency_l6,tabular_online,training,opaque,imagined_transitions,30,12.91235,0.055945347407552345,12.892433333333335,12.932216666666667,12.7985,12.9945
ablation,ablation,full_depth2_branch1_mean,opaque_dependency_l6,tabular_online,training,opaque,action_proposals,30,6.0,0.0,6.0,6.0,6.0,6.0
ablation,ablation,full_depth2_branch1_mean,opaque_dependency_l6,tabular_online,training,opaque,repeat_rate,30,0.0,0.0,0.0,0.0,0.0,0.0
ablation,ablation,full_depth2_branch1_mean,opaque_dependency_l6,tabular_online,training,opaque,error_rate,30,0.0,0.0,0.0,0.0,0.0,0.0
ablation,ablation,full_depth2_branch1_mean,opaque_dependency_l6,tabular_online,training,opaque,learning_auc,30,0.33526763381690844,0.07129862756311883,0.30972152743038184,0.3605219276304819,0.21710855427713857,0.4932466233116558
ablation,ablation,full_depth2_branch1_mean,opaque_dependency_l6,tabular_online,training,opaque,final_tail_success,30,0.4995,0.10892381076570971,0.4608333333333334,0.537,0.31,0.705
ablation,ablation,full_depth2_branch1_mean,opaque_dependency_l6,tabular_online,training,opaque,first_success_real_transitions,30,282.2,212.5148919731152,206.8,358.6,6.0,678.0
ablation,ablation,full_depth2_branch1_risk-adjusted,opaque_dependency_l6,tabular_online,evaluation_seen,opaque,success,30,0.0,0.0,0.0,0.0,0.0,0.0
ablation,ablation,full_depth2_branch1_risk-adjusted,opaque_dependency_l6,tabular_online,evaluation_seen,opaque,steps,30,6.0,0.0,6.0,6.0,6.0,6.0
ablation,ablation,full_depth2_branch1_risk-adjusted,opaque_dependency_l6,tabular_online,evaluation_seen,opaque,high_level_steps,30,6.0,0.0,6.0,6.0,6.0,6.0
ablation,ablation,full_depth2_branch1_risk-adjusted,opaque_dependency_l6,tabular_online,evaluation_seen,opaque,primitive_steps,30,6.0,0.0,6.0,6.0,6.0,6.0
ablation,ablation,full_depth2_branch1_risk-adjusted,opaque_dependency_l6,tabular_online,evaluation_seen,opaque,reward,30,0.0,0.0,0.0,0.0,0.0,0.0
ablation,ablation,full_depth2_branch1_risk-adjusted,opaque_dependency_l6,tabular_online,evaluation_seen,opaque,errors,30,0.0,0.0,0.0,0.0,0.0,0.0
ablation,ablation,full_depth2_branch1_risk-adjusted,opaque_dependency_l6,tabular_online,evaluation_seen,opaque,repeats,30,0.0,0.0,0.0,0.0,0.0,0.0
ablation,ablation,full_depth2_branch1_risk-adjusted,opaque_dependency_l6,tabular_online,evaluation_seen,opaque,prediction_score,30,0.0,0.0,0.0,0.0,0.0,0.0
ablation,ablation,full_depth2_branch1_risk-adjusted,opaque_dependency_l6,tabular_online,evaluation_seen,opaque,holdout_score,30,1.0,0.0,1.0,1.0,1.0,1.0
ablation,ablation,full_depth2_branch1_risk-adjusted,opaque_dependency_l6,tabular_online,evaluation_seen,opaque,imagined_nodes,30,0.0,0.0,0.0,0.0,0.0,0.0
ablation,ablation,full_depth2_branch1_risk-adjusted,opaque_dependency_l6,tabular_online,evaluation_seen,opaque,imagination_depth,30,0.0,0.0,0.0,0.0,0.0,0.0
ablation,ablation,full_depth2_branch1_risk-adjusted,opaque_dependency_l6,tabular_online,evaluation_seen,opaque,actual_return,30,0.0,0.0,0.0,0.0,0.0,0.0
ablation,ablation,full_depth2_branch1_risk-adjusted,opaque_dependency_l6,tabular_online,evaluation_seen,opaque,runtime_seconds,30,0.0034515735666306377,0.0003592792299631336,0.003325078317022417,0.0035777394000421434,0.002885546000616159,0.0040158520005934405
ablation,ablation,full_depth2_branch1_risk-adjusted,opaque_dependency_l6,tabular_online,evaluation_seen,opaque,real_transitions,30,6.0,0.0,6.0,6.0,6.0,6.0
ablation,ablation,full_depth2_branch1_risk-adjusted,opaque_dependency_l6,tabular_online,evaluation_seen,opaque,imagined_transitions,30,0.0,0.0,0.0,0.0,0.0,0.0
ablation,ablation,full_depth2_branch1_risk-adjusted,opaque_dependency_l6,tabular_online,evaluation_seen,opaque,action_proposals,30,6.0,0.0,6.0,6.0,6.0,6.0
ablation,ablation,full_depth2_branch1_risk-adjusted,opaque_dependency_l6,tabular_online,evaluation_seen,opaque,repeat_rate,30,0.0,0.0,0.0,0.0,0.0,0.0
ablation,ablation,full_depth2_branch1_risk-adjusted,opaque_dependency_l6,tabular_online,evaluation_seen,opaque,error_rate,30,0.0,0.0,0.0,0.0,0.0,0.0
ablation,ablation,full_depth2_branch1_risk-adjusted,opaque_dependency_l6,tabular_online,evaluation_unseen_zero_shot,opaque,success,30,0.0,0.0,0.0,0.0,0.0,0.0
ablation,ablation,full_depth2_branch1_risk-adjusted,opaque_dependency_l6,tabular_online,evaluation_unseen_zero_shot,opaque,steps,30,6.0,0.0,6.0,6.0,6.0,6.0
ablation,ablation,full_depth2_branch1_risk-adjusted,opaque_dependency_l6,tabular_online,evaluation_unseen_zero_shot,opaque,high_level_steps,30,6.0,0.0,6.0,6.0,6.0,6.0
ablation,ablation,full_depth2_branch1_risk-adjusted,opaque_dependency_l6,tabular_online,evaluation_unseen_zero_shot,opaque,primitive_steps,30,6.0,0.0,6.0,6.0,6.0,6.0
ablation,ablation,full_depth2_branch1_risk-adjusted,opaque_dependency_l6,tabular_online,evaluation_unseen_zero_shot,opaque,reward,30,0.0,0.0,0.0,0.0,0.0,0.0
ablation,ablation,full_depth2_branch1_risk-adjusted,opaque_dependency_l6,tabular_online,evaluation_unseen_zero_shot,opaque,errors,30,0.0,0.0,0.0,0.0,0.0,0.0
ablation,ablation,full_depth2_branch1_risk-adjusted,opaque_dependency_l6,tabular_online,evaluation_unseen_zero_shot,opaque,repeats,30,0.0,0.0,0.0,0.0,0.0,0.0
ablation,ablation,full_depth2_branch1_risk-adjusted,opaque_dependency_l6,tabular_online,evaluation_unseen_zero_shot,opaque,prediction_score,30,0.0,0.0,0.0,0.0,0.0,0.0
ablation,ablation,full_depth2_branch1_risk-adjusted,opaque_dependency_l6,tabular_online,evaluation_unseen_zero_shot,opaque,holdout_score,30,1.0,0.0,1.0,1.0,1.0,1.0
ablation,ablation,full_depth2_branch1_risk-adjusted,opaque_dependency_l6,tabular_online,evaluation_unseen_zero_shot,opaque,imagined_nodes,30,0.0,0.0,0.0,0.0,0.0,0.0
ablation,ablation,full_depth2_branch1_risk-adjusted,opaque_dependency_l6,tabular_online,evaluation_unseen_zero_shot,opaque,imagination_depth,30,0.0,0.0,0.0,0.0,0.0,0.0
ablation,ablation,full_depth2_branch1_risk-adjusted,opaque_dependency_l6,tabular_online,evaluation_unseen_zero_shot,opaque,actual_return,30,0.0,0.0,0.0,0.0,0.0,0.0
ablation,ablation,full_depth2_branch1_risk-adjusted,opaque_dependency_l6,tabular_online,evaluation_unseen_zero_shot,opaque,runtime_seconds,30,0.003483785149937224,0.00045759630327733765,0.0033194799831932566,0.0036456990001315715,0.002777228998747887,0.00428217200023937
ablation,ablation,full_depth2_branch1_risk-adjusted,opaque_dependency_l6,tabular_online,evaluation_unseen_zero_shot,opaque,real_transitions,30,6.0,0.0,6.0,6.0,6.0,6.0
ablation,ablation,full_depth2_branch1_risk-adjusted,opaque_dependency_l6,tabular_online,evaluation_unseen_zero_shot,opaque,imagined_transitions,30,0.0,0.0,0.0,0.0,0.0,0.0
ablation,ablation,full_depth2_branch1_risk-adjusted,opaque_dependency_l6,tabular_online,evaluation_unseen_zero_shot,opaque,action_proposals,30,6.0,0.0,6.0,6.0,6.0,6.0
ablation,ablation,full_depth2_branch1_risk-adjusted,opaque_dependency_l6,tabular_online,evaluation_unseen_zero_shot,opaque,repeat_rate,30,0.0,0.0,0.0,0.0,0.0,0.0
ablation,ablation,full_depth2_branch1_risk-adjusted,opaque_dependency_l6,tabular_online,evaluation_unseen_zero_shot,opaque,error_rate,30,0.0,0.0,0.0,0.0,0.0,0.0
ablation,ablation,full_depth2_branch1_risk-adjusted,opaque_dependency_l6,tabular_online,training,opaque,success,30,0.33521666666666666,0.07133779325943883,0.3105333333333333,0.36019999999999996,0.217,0.493
ablation,ablation,full_depth2_branch1_risk-adjusted,opaque_dependency_l6,tabular_online,training,opaque,steps,30,6.0,0.0,6.0,6.0,6.0,6.0
ablation,ablation,full_depth2_branch1_risk-adjusted,opaque_dependency_l6,tabular_online,training,opaque,high_level_steps,30,6.0,0.0,6.0,6.0,6.0,6.0
ablation,ablation,full_depth2_branch1_risk-adjusted,opaque_dependency_l6,tabular_online,training,opaque,primitive_steps,30,6.0,0.0,6.0,6.0,6.0,6.0
ablation,ablation,full_depth2_branch1_risk-adjusted,opaque_dependency_l6,tabular_online,training,opaque,reward,30,0.33521666666666666,0.07133779325943883,0.31043333333333334,0.36128333333333335,0.217,0.493
ablation,ablation,full_depth2_branch1_risk-adjusted,opaque_dependency_l6,tabular_online,training,opaque,errors,30,0.0,0.0,0.0,0.0,0.0,0.0
ablation,ablation,full_depth2_branch1_risk-adjusted,opaque_dependency_l6,tabular_online,training,opaque,repeats,30,0.0,0.0,0.0,0.0,0.0,0.0
ablation,ablation,full_depth2_branch1_risk-adjusted,opaque_dependency_l6,tabular_online,training,opaque,prediction_score,30,0.9899944444444445,0.0005587742011924325,0.9897944444444444,0.9901916666666666,0.98875,0.9909166666666667
ablation,ablation,full_depth2_branch1_risk-adjusted,opaque_dependency_l6,tabular_online,training,opaque,holdout_score,30,0.12354595175287926,0.00021976011280834515,0.12346764264492817,0.12362157507664015,0.12305159026929598,0.1239719795736979
ablation,ablation,full_depth2_branch1_risk-adjusted,opaque_dependency_l6,tabular_online,training,opaque,holdout_gain,30,6.3778436010959445e-06,4.876738246617554e-06,4.731603474357097e-06,8.151213888452806e-06,0.0,1.7361111111111104e-05
ablation,ablation,full_depth2_branch1_risk-adjusted,opaque_dependency_l6,tabular_online,training,opaque,imagined_nodes,30,12.91235,0.055945347407552345,12.892750000000001,12.932250000000002,12.7985,12.9945
ablation,ablation,full_depth2_branch1_risk-adjusted,opaque_dependency_l6,tabular_online,training,opaque,imagination_depth,30,1.9334333333333333,0.005384737904378493,1.9315,1.9353,1.9195,1.9455
ablation,ablation,full_depth2_branch1_risk-adjusted,opaque_dependency_l6,tabular_online,training,opaque,actual_return,30,0.33521666666666666,0.07133779325943883,0.31029999999999996,0.3605,0.217,0.493
ablation,ablation,full_depth2_branch1_risk-adjusted,opaque_dependency_l6,tabular_online,training,opaque,runtime_seconds,30,0.0017515717667207355,0.00011933323406006997,0.0017164001766665023,0.0017967851317439152,0.0016197295001766179,0.002278455750099965
ablation,ablation,full_depth2_branch1_risk-adjusted,opaque_dependency_l6,tabular_online,training,opaque,real_transitions,30,6.0,0.0,6.0,6.0,6.0,6.0
ablation,ablation,full_depth2_branch1_risk-adjusted,opaque_dependency_l6,tabular_online,training,opaque,imagined_transitions,30,12.91235,0.055945347407552345,12.89245,12.932216666666667,12.7985,12.9945
ablation,ablation,full_depth2_branch1_risk-adjusted,opaque_dependency_l6,tabular_online,training,opaque,action_proposals,30,6.0,0.0,6.0,6.0,6.0,6.0
ablation,ablation,full_depth2_branch1_risk-adjusted,opaque_dependency_l6,tabular_online,training,opaque,repeat_rate,30,0.0,0.0,0.0,0.0,0.0,0.0
ablation,ablation,full_depth2_branch1_risk-adjusted,opaque_dependency_l6,tabular_online,training,opaque,error_rate,30,0.0,0.0,0.0,0.0,0.0,0.0
ablation,ablation,full_depth2_branch1_risk-adjusted,opaque_dependency_l6,tabular_online,training,opaque,learning_auc,30,0.33526763381690844,0.07129862756311883,0.3106303151575788,0.36194764048691014,0.21710855427713857,0.4932466233116558
ablation,ablation,full_depth2_branch1_risk-adjusted,opaque_dependency_l6,tabular_online,training,opaque,final_tail_success,30,0.4995,0.10892381076570971,0.46,0.5386666666666666,0.31,0.705
ablation,ablation,full_depth2_branch1_risk-adjusted,opaque_dependency_l6,tabular_online,training,opaque,first_success_real_transitions,30,282.2,212.5148919731152,208.2,355.4,6.0,678.0
ablation,ablation,full_depth2_branch2_max,opaque_dependency_l6,tabular_online,evaluation_seen,opaque,success,30,0.0,0.0,0.0,0.0,0.0,0.0
ablation,ablation,full_depth2_branch2_max,opaque_dependency_l6,tabular_online,evaluation_seen,opaque,steps,30,6.0,0.0,6.0,6.0,6.0,6.0
ablation,ablation,full_depth2_branch2_max,opaque_dependency_l6,tabular_online,evaluation_seen,opaque,high_level_steps,30,6.0,0.0,6.0,6.0,6.0,6.0
ablation,ablation,full_depth2_branch2_max,opaque_dependency_l6,tabular_online,evaluation_seen,opaque,primitive_steps,30,6.0,0.0,6.0,6.0,6.0,6.0
ablation,ablation,full_depth2_branch2_max,opaque_dependency_l6,tabular_online,evaluation_seen,opaque,reward,30,0.0,0.0,0.0,0.0,0.0,0.0
ablation,ablation,full_depth2_branch2_max,opaque_dependency_l6,tabular_online,evaluation_seen,opaque,errors,30,0.0,0.0,0.0,0.0,0.0,0.0
ablation,ablation,full_depth2_branch2_max,opaque_dependency_l6,tabular_online,evaluation_seen,opaque,repeats,30,0.0,0.0,0.0,0.0,0.0,0.0
ablation,ablation,full_depth2_branch2_max,opaque_dependency_l6,tabular_online,evaluation_seen,opaque,prediction_score,30,0.0,0.0,0.0,0.0,0.0,0.0
ablation,ablation,full_depth2_branch2_max,opaque_dependency_l6,tabular_online,evaluation_seen,opaque,holdout_score,30,1.0,0.0,1.0,1.0,1.0,1.0
ablation,ablation,full_depth2_branch2_max,opaque_dependency_l6,tabular_online,evaluation_seen,opaque,imagined_nodes,30,0.0,0.0,0.0,0.0,0.0,0.0
ablation,ablation,full_depth2_branch2_max,opaque_dependency_l6,tabular_online,evaluation_seen,opaque,imagination_depth,30,0.0,0.0,0.0,0.0,0.0,0.0
ablation,ablation,full_depth2_branch2_max,opaque_dependency_l6,tabular_online,evaluation_seen,opaque,actual_return,30,0.0,0.0,0.0,0.0,0.0,0.0
ablation,ablation,full_depth2_branch2_max,opaque_dependency_l6,tabular_online,evaluation_seen,opaque,runtime_seconds,30,0.0035249418665334814,0.0003814215515758332,0.003392981866495878,0.0036592226830689466,0.002864290500874631,0.004105604998476338
ablation,ablation,full_depth2_branch2_max,opaque_dependency_l6,tabular_online,evaluation_seen,opaque,real_transitions,30,6.0,0.0,6.0,6.0,6.0,6.0
ablation,ablation,full_depth2_branch2_max,opaque_dependency_l6,tabular_online,evaluation_seen,opaque,imagined_transitions,30,0.0,0.0,0.0,0.0,0.0,0.0
ablation,ablation,full_depth2_branch2_max,opaque_dependency_l6,tabular_online,evaluation_seen,opaque,action_proposals,30,6.0,0.0,6.0,6.0,6.0,6.0
ablation,ablation,full_depth2_branch2_max,opaque_dependency_l6,tabular_online,evaluation_seen,opaque,repeat_rate,30,0.0,0.0,0.0,0.0,0.0,0.0
ablation,ablation,full_depth2_branch2_max,opaque_dependency_l6,tabular_online,evaluation_seen,opaque,error_rate,30,0.0,0.0,0.0,0.0,0.0,0.0
ablation,ablation,full_depth2_branch2_max,opaque_dependency_l6,tabular_online,evaluation_unseen_zero_shot,opaque,success,30,0.0,0.0,0.0,0.0,0.0,0.0
ablation,ablation,full_depth2_branch2_max,opaque_dependency_l6,tabular_online,evaluation_unseen_zero_shot,opaque,steps,30,6.0,0.0,6.0,6.0,6.0,6.0
ablation,ablation,full_depth2_branch2_max,opaque_dependency_l6,tabular_online,evaluation_unseen_zero_shot,opaque,high_level_steps,30,6.0,0.0,6.0,6.0,6.0,6.0
ablation,ablation,full_depth2_branch2_max,opaque_dependency_l6,tabular_online,evaluation_unseen_zero_shot,opaque,primitive_steps,30,6.0,0.0,6.0,6.0,6.0,6.0
ablation,ablation,full_depth2_branch2_max,opaque_dependency_l6,tabular_online,evaluation_unseen_zero_shot,opaque,reward,30,0.0,0.0,0.0,0.0,0.0,0.0
ablation,ablation,full_depth2_branch2_max,opaque_dependency_l6,tabular_online,evaluation_unseen_zero_shot,opaque,errors,30,0.0,0.0,0.0,0.0,0.0,0.0
ablation,ablation,full_depth2_branch2_max,opaque_dependency_l6,tabular_online,evaluation_unseen_zero_shot,opaque,repeats,30,0.0,0.0,0.0,0.0,0.0,0.0
ablation,ablation,full_depth2_branch2_max,opaque_dependency_l6,tabular_online,evaluation_unseen_zero_shot,opaque,prediction_score,30,0.0,0.0,0.0,0.0,0.0,0.0
ablation,ablation,full_depth2_branch2_max,opaque_dependency_l6,tabular_online,evaluation_unseen_zero_shot,opaque,holdout_score,30,1.0,0.0,1.0,1.0,1.0,1.0
ablation,ablation,full_depth2_branch2_max,opaque_dependency_l6,tabular_online,evaluation_unseen_zero_shot,opaque,imagined_nodes,30,0.0,0.0,0.0,0.0,0.0,0.0
ablation,ablation,full_depth2_branch2_max,opaque_dependency_l6,tabular_online,evaluation_unseen_zero_shot,opaque,imagination_depth,30,0.0,0.0,0.0,0.0,0.0,0.0
ablation,ablation,full_depth2_branch2_max,opaque_dependency_l6,tabular_online,evaluation_unseen_zero_shot,opaque,actual_return,30,0.0,0.0,0.0,0.0,0.0,0.0
ablation,ablation,full_depth2_branch2_max,opaque_dependency_l6,tabular_online,evaluation_unseen_zero_shot,opaque,runtime_seconds,30,0.003501739300312086,0.0005026556450355714,0.0033221202168788296,0.003682315183740381,0.002856691500346642,0.004253657500521512
ablation,ablation,full_depth2_branch2_max,opaque_dependency_l6,tabular_online,evaluation_unseen_zero_shot,opaque,real_transitions,30,6.0,0.0,6.0,6.0,6.0,6.0
ablation,ablation,full_depth2_branch2_max,opaque_dependency_l6,tabular_online,evaluation_unseen_zero_shot,opaque,imagined_transitions,30,0.0,0.0,0.0,0.0,0.0,0.0
ablation,ablation,full_depth2_branch2_max,opaque_dependency_l6,tabular_online,evaluation_unseen_zero_shot,opaque,action_proposals,30,6.0,0.0,6.0,6.0,6.0,6.0
ablation,ablation,full_depth2_branch2_max,opaque_dependency_l6,tabular_online,evaluation_unseen_zero_shot,opaque,repeat_rate,30,0.0,0.0,0.0,0.0,0.0,0.0
ablation,ablation,full_depth2_branch2_max,opaque_dependency_l6,tabular_online,evaluation_unseen_zero_shot,opaque,error_rate,30,0.0,0.0,0.0,0.0,0.0,0.0
ablation,ablation,full_depth2_branch2_max,opaque_dependency_l6,tabular_online,training,opaque,success,30,0.33521666666666666,0.07133779325943883,0.31065,0.36041666666666666,0.217,0.493
ablation,ablation,full_depth2_branch2_max,opaque_dependency_l6,tabular_online,training,opaque,steps,30,6.0,0.0,6.0,6.0,6.0,6.0
ablation,ablation,full_depth2_branch2_max,opaque_dependency_l6,tabular_online,training,opaque,high_level_steps,30,6.0,0.0,6.0,6.0,6.0,6.0
ablation,ablation,full_depth2_branch2_max,opaque_dependency_l6,tabular_online,training,opaque,primitive_steps,30,6.0,0.0,6.0,6.0,6.0,6.0
ablation,ablation,full_depth2_branch2_max,opaque_dependency_l6,tabular_online,training,opaque,reward,30,0.33521666666666666,0.07133779325943883,0.31006666666666666,0.36041666666666666,0.217,0.493
ablation,ablation,full_depth2_branch2_max,opaque_dependency_l6,tabular_online,training,opaque,errors,30,0.0,0.0,0.0,0.0,0.0,0.0
ablation,ablation,full_depth2_branch2_max,opaque_dependency_l6,tabular_online,training,opaque,repeats,30,0.0,0.0,0.0,0.0,0.0,0.0
ablation,ablation,full_depth2_branch2_max,opaque_dependency_l6,tabular_online,training,opaque,prediction_score,30,0.9899944444444445,0.0005587742011924325,0.9898027777777777,0.9901888888888889,0.98875,0.9909166666666667
ablation,ablation,full_depth2_branch2_max,opaque_dependency_l6,tabular_online,training,opaque,holdout_score,30,0.12354595175287926,0.00021976011280834515,0.12346855189572906,0.1236210710829894,0.12305159026929598,0.1239719795736979
ablation,ablation,full_depth2_branch2_max,opaque_dependency_l6,tabular_online,training,opaque,holdout_gain,30,6.3778436010959445e-06,4.876738246617554e-06,4.6532489752598435e-06,8.151043210799177e-06,0.0,1.7361111111111104e-05
ablation,ablation,full_depth2_branch2_max,opaque_dependency_l6,tabular_online,training,opaque,imagined_nodes,30,28.860316666666666,0.12596581934667073,28.816266666666667,28.903983333333333,28.6065,29.048
ablation,ablation,full_depth2_branch2_max,opaque_dependency_l6,tabular_online,training,opaque,imagination_depth,30,1.9334333333333333,0.005384737904378493,1.9314833333333332,1.9353,1.9195,1.9455
ablation,ablation,full_depth2_branch2_max,opaque_dependency_l6,tabular_online,training,opaque,actual_return,30,0.33521666666666666,0.07133779325943883,0.30981666666666663,0.36055,0.217,0.493
ablation,ablation,full_depth2_branch2_max,opaque_dependency_l6,tabular_online,training,opaque,runtime_seconds,30,0.0022358043733149923,0.0001500181420840512,0.0021884475083614233,0.0022953296834083933,0.002075497450190596,0.002839111600173055
ablation,ablation,full_depth2_branch2_max,opaque_dependency_l6,tabular_online,training,opaque,real_transitions,30,6.0,0.0,6.0,6.0,6.0,6.0
ablation,ablation,full_depth2_branch2_max,opaque_dependency_l6,tabular_online,training,opaque,imagined_transitions,30,28.860316666666666,0.12596581934667073,28.81586666666667,28.903666666666666,28.6065,29.048
ablation,ablation,full_depth2_branch2_max,opaque_dependency_l6,tabular_online,training,opaque,action_proposals,30,6.0,0.0,6.0,6.0,6.0,6.0
ablation,ablation,full_depth2_branch2_max,opaque_dependency_l6,tabular_online,training,opaque,repeat_rate,30,0.0,0.0,0.0,0.0,0.0,0.0
ablation,ablation,full_depth2_branch2_max,opaque_dependency_l6,tabular_online,training,opaque,error_rate,30,0.0,0.0,0.0,0.0,0.0,0.0
ablation,ablation,full_depth2_branch2_max,opaque_dependency_l6,tabular_online,training,opaque,learning_auc,30,0.33526763381690844,0.07129862756311883,0.31071369017842254,0.36133066533266633,0.21710855427713857,0.4932466233116558
ablation,ablation,full_depth2_branch2_max,opaque_dependency_l6,tabular_online,training,opaque,final_tail_success,30,0.4995,0.10892381076570971,0.461,0.5373333333333333,0.31,0.705
ablation,ablation,full_depth2_branch2_max,opaque_dependency_l6,tabular_online,training,opaque,first_success_real_transitions,30,282.2,212.5148919731152,208.4,359.4,6.0,678.0
ablation,ablation,full_depth2_branch2_mean,opaque_dependency_l6,tabular_online,evaluation_seen,opaque,success,30,0.0,0.0,0.0,0.0,0.0,0.0
ablation,ablation,full_depth2_branch2_mean,opaque_dependency_l6,tabular_online,evaluation_seen,opaque,steps,30,6.0,0.0,6.0,6.0,6.0,6.0
ablation,ablation,full_depth2_branch2_mean,opaque_dependency_l6,tabular_online,evaluation_seen,opaque,high_level_steps,30,6.0,0.0,6.0,6.0,6.0,6.0
ablation,ablation,full_depth2_branch2_mean,opaque_dependency_l6,tabular_online,evaluation_seen,opaque,primitive_steps,30,6.0,0.0,6.0,6.0,6.0,6.0
ablation,ablation,full_depth2_branch2_mean,opaque_dependency_l6,tabular_online,evaluation_seen,opaque,reward,30,0.0,0.0,0.0,0.0,0.0,0.0
ablation,ablation,full_depth2_branch2_mean,opaque_dependency_l6,tabular_online,evaluation_seen,opaque,errors,30,0.0,0.0,0.0,0.0,0.0,0.0
ablation,ablation,full_depth2_branch2_mean,opaque_dependency_l6,tabular_online,evaluation_seen,opaque,repeats,30,0.0,0.0,0.0,0.0,0.0,0.0
ablation,ablation,full_depth2_branch2_mean,opaque_dependency_l6,tabular_online,evaluation_seen,opaque,prediction_score,30,0.0,0.0,0.0,0.0,0.0,0.0
ablation,ablation,full_depth2_branch2_mean,opaque_dependency_l6,tabular_online,evaluation_seen,opaque,holdout_score,30,1.0,0.0,1.0,1.0,1.0,1.0
ablation,ablation,full_depth2_branch2_mean,opaque_dependency_l6,tabular_online,evaluation_seen,opaque,imagined_nodes,30,0.0,0.0,0.0,0.0,0.0,0.0
ablation,ablation,full_depth2_branch2_mean,opaque_dependency_l6,tabular_online,evaluation_seen,opaque,imagination_depth,30,0.0,0.0,0.0,0.0,0.0,0.0
ablation,ablation,full_depth2_branch2_mean,opaque_dependency_l6,tabular_online,evaluation_seen,opaque,actual_return,30,0.0,0.0,0.0,0.0,0.0,0.0
ablation,ablation,full_depth2_branch2_mean,opaque_dependency_l6,tabular_online,evaluation_seen,opaque,runtime_seconds,30,0.0035709567666102277,0.0003976806976847833,0.003433306116630168,0.0037083033831004286,0.0028053215002000796,0.004190919498505537
ablation,ablation,full_depth2_branch2_mean,opaque_dependency_l6,tabular_online,evaluation_seen,opaque,real_transitions,30,6.0,0.0,6.0,6.0,6.0,6.0
ablation,ablation,full_depth2_branch2_mean,opaque_dependency_l6,tabular_online,evaluation_seen,opaque,imagined_transitions,30,0.0,0.0,0.0,0.0,0.0,0.0
ablation,ablation,full_depth2_branch2_mean,opaque_dependency_l6,tabular_online,evaluation_seen,opaque,action_proposals,30,6.0,0.0,6.0,6.0,6.0,6.0
ablation,ablation,full_depth2_branch2_mean,opaque_dependency_l6,tabular_online,evaluation_seen,opaque,repeat_rate,30,0.0,0.0,0.0,0.0,0.0,0.0
ablation,ablation,full_depth2_branch2_mean,opaque_dependency_l6,tabular_online,evaluation_seen,opaque,error_rate,30,0.0,0.0,0.0,0.0,0.0,0.0
ablation,ablation,full_depth2_branch2_mean,opaque_dependency_l6,tabular_online,evaluation_unseen_zero_shot,opaque,success,30,0.0,0.0,0.0,0.0,0.0,0.0
ablation,ablation,full_depth2_branch2_mean,opaque_dependency_l6,tabular_online,evaluation_unseen_zero_shot,opaque,steps,30,6.0,0.0,6.0,6.0,6.0,6.0
ablation,ablation,full_depth2_branch2_mean,opaque_dependency_l6,tabular_online,evaluation_unseen_zero_shot,opaque,high_level_steps,30,6.0,0.0,6.0,6.0,6.0,6.0
ablation,ablation,full_depth2_branch2_mean,opaque_dependency_l6,tabular_online,evaluation_unseen_zero_shot,opaque,primitive_steps,30,6.0,0.0,6.0,6.0,6.0,6.0
ablation,ablation,full_depth2_branch2_mean,opaque_dependency_l6,tabular_online,evaluation_unseen_zero_shot,opaque,reward,30,0.0,0.0,0.0,0.0,0.0,0.0
ablation,ablation,full_depth2_branch2_mean,opaque_dependency_l6,tabular_online,evaluation_unseen_zero_shot,opaque,errors,30,0.0,0.0,0.0,0.0,0.0,0.0
ablation,ablation,full_depth2_branch2_mean,opaque_dependency_l6,tabular_online,evaluation_unseen_zero_shot,opaque,repeats,30,0.0,0.0,0.0,0.0,0.0,0.0
ablation,ablation,full_depth2_branch2_mean,opaque_dependency_l6,tabular_online,evaluation_unseen_zero_shot,opaque,prediction_score,30,0.0,0.0,0.0,0.0,0.0,0.0
ablation,ablation,full_depth2_branch2_mean,opaque_dependency_l6,tabular_online,evaluation_unseen_zero_shot,opaque,holdout_score,30,1.0,0.0,1.0,1.0,1.0,1.0
ablation,ablation,full_depth2_branch2_mean,opaque_dependency_l6,tabular_online,evaluation_unseen_zero_shot,opaque,imagined_nodes,30,0.0,0.0,0.0,0.0,0.0,0.0
ablation,ablation,full_depth2_branch2_mean,opaque_dependency_l6,tabular_online,evaluation_unseen_zero_shot,opaque,imagination_depth,30,0.0,0.0,0.0,0.0,0.0,0.0
ablation,ablation,full_depth2_branch2_mean,opaque_dependency_l6,tabular_online,evaluation_unseen_zero_shot,opaque,actual_return,30,0.0,0.0,0.0,0.0,0.0,0.0
ablation,ablation,full_depth2_branch2_mean,opaque_dependency_l6,tabular_online,evaluation_unseen_zero_shot,opaque,runtime_seconds,30,0.0036486978499112106,0.0004697083580271571,0.003482997783275399,0.0038140405167262845,0.0027850364983896727,0.004460852999909548
ablation,ablation,full_depth2_branch2_mean,opaque_dependency_l6,tabular_online,evaluation_unseen_zero_shot,opaque,real_transitions,30,6.0,0.0,6.0,6.0,6.0,6.0
ablation,ablation,full_depth2_branch2_mean,opaque_dependency_l6,tabular_online,evaluation_unseen_zero_shot,opaque,imagined_transitions,30,0.0,0.0,0.0,0.0,0.0,0.0
ablation,ablation,full_depth2_branch2_mean,opaque_dependency_l6,tabular_online,evaluation_unseen_zero_shot,opaque,action_proposals,30,6.0,0.0,6.0,6.0,6.0,6.0
ablation,ablation,full_depth2_branch2_mean,opaque_dependency_l6,tabular_online,evaluation_unseen_zero_shot,opaque,repeat_rate,30,0.0,0.0,0.0,0.0,0.0,0.0
ablation,ablation,full_depth2_branch2_mean,opaque_dependency_l6,tabular_online,evaluation_unseen_zero_shot,opaque,error_rate,30,0.0,0.0,0.0,0.0,0.0,0.0
ablation,ablation,full_depth2_branch2_mean,opaque_dependency_l6,tabular_online,training,opaque,success,30,0.33521666666666666,0.07133779325943883,0.31039999999999995,0.3606666666666667,0.217,0.493
ablation,ablation,full_depth2_branch2_mean,opaque_dependency_l6,tabular_online,training,opaque,steps,30,6.0,0.0,6.0,6.0,6.0,6.0
ablation,ablation,full_depth2_branch2_mean,opaque_dependency_l6,tabular_online,training,opaque,high_level_steps,30,6.0,0.0,6.0,6.0,6.0,6.0
ablation,ablation,full_depth2_branch2_mean,opaque_dependency_l6,tabular_online,training,opaque,primitive_steps,30,6.0,0.0,6.0,6.0,6.0,6.0
ablation,ablation,full_depth2_branch2_mean,opaque_dependency_l6,tabular_online,training,opaque,reward,30,0.33521666666666666,0.07133779325943883,0.3106333333333333,0.361,0.217,0.493
ablation,ablation,full_depth2_branch2_mean,opaque_dependency_l6,tabular_online,training,opaque,errors,30,0.0,0.0,0.0,0.0,0.0,0.0
ablation,ablation,full_depth2_branch2_mean,opaque_dependency_l6,tabular_online,training,opaque,repeats,30,0.0,0.0,0.0,0.0,0.0,0.0
ablation,ablation,full_depth2_branch2_mean,opaque_dependency_l6,tabular_online,training,opaque,prediction_score,30,0.9899944444444445,0.0005587742011924325,0.9897972222222222,0.9901916666666666,0.98875,0.9909166666666667
ablation,ablation,full_depth2_branch2_mean,opaque_dependency_l6,tabular_online,training,opaque,holdout_score,30,0.12354595175287926,0.00021976011280834515,0.12346639241929032,0.1236227866393191,0.12305159026929598,0.1239719795736979
ablation,ablation,full_depth2_branch2_mean,opaque_dependency_l6,tabular_online,training,opaque,holdout_gain,30,6.3778436010959445e-06,4.876738246617554e-06,4.712878171211504e-06,8.161913329006251e-06,0.0,1.7361111111111104e-05
ablation,ablation,full_depth2_branch2_mean,opaque_dependency_l6,tabular_online,training,opaque,imagined_nodes,30,28.860316666666666,0.12596581934667073,28.81501666666667,28.904666666666667,28.6065,29.048
ablation,ablation,full_depth2_branch2_mean,opaque_dependency_l6,tabular_online,training,opaque,imagination_depth,30,1.9334333333333333,0.005384737904378493,1.93155,1.9353333333333333,1.9195,1.9455
ablation,ablation,full_depth2_branch2_mean,opaque_dependency_l6,tabular_online,training,opaque,actual_return,30,0.33521666666666666,0.07133779325943883,0.31065,0.3607833333333333,0.217,0.493
ablation,ablation,full_depth2_branch2_mean,opaque_dependency_l6,tabular_online,training,opaque,runtime_seconds,30,0.0022027876882969094,0.00015023286373520167,0.0021547496332665708,0.002258900133316638,0.001994478649823577,0.002791582100035157
ablation,ablation,full_depth2_branch2_mean,opaque_dependency_l6,tabular_online,training,opaque,real_transitions,30,6.0,0.0,6.0,6.0,6.0,6.0
ablation,ablation,full_depth2_branch2_mean,opaque_dependency_l6,tabular_online,training,opaque,imagined_transitions,30,28.860316666666666,0.12596581934667073,28.8146,28.902916666666666,28.6065,29.048
ablation,ablation,full_depth2_branch2_mean,opaque_dependency_l6,tabular_online,training,opaque,action_proposals,30,6.0,0.0,6.0,6.0,6.0,6.0
ablation,ablation,full_depth2_branch2_mean,opaque_dependency_l6,tabular_online,training,opaque,repeat_rate,30,0.0,0.0,0.0,0.0,0.0,0.0
ablation,ablation,full_depth2_branch2_mean,opaque_dependency_l6,tabular_online,training,opaque,error_rate,30,0.0,0.0,0.0,0.0,0.0,0.0
ablation,ablation,full_depth2_branch2_mean,opaque_dependency_l6,tabular_online,training,opaque,learning_auc,30,0.33526763381690844,0.07129862756311883,0.31043855260963815,0.36048857762214437,0.21710855427713857,0.4932466233116558
ablation,ablation,full_depth2_branch2_mean,opaque_dependency_l6,tabular_online,training,opaque,final_tail_success,30,0.4995,0.10892381076570971,0.46166666666666667,0.5388333333333333,0.31,0.705
ablation,ablation,full_depth2_branch2_mean,opaque_dependency_l6,tabular_online,training,opaque,first_success_real_transitions,30,282.2,212.5148919731152,207.2,355.6,6.0,678.0
ablation,ablation,full_depth2_branch2_risk-adjusted,opaque_dependency_l6,tabular_online,evaluation_seen,opaque,success,30,0.0,0.0,0.0,0.0,0.0,0.0
ablation,ablation,full_depth2_branch2_risk-adjusted,opaque_dependency_l6,tabular_online,evaluation_seen,opaque,steps,30,6.0,0.0,6.0,6.0,6.0,6.0
ablation,ablation,full_depth2_branch2_risk-adjusted,opaque_dependency_l6,tabular_online,evaluation_seen,opaque,high_level_steps,30,6.0,0.0,6.0,6.0,6.0,6.0
ablation,ablation,full_depth2_branch2_risk-adjusted,opaque_dependency_l6,tabular_online,evaluation_seen,opaque,primitive_steps,30,6.0,0.0,6.0,6.0,6.0,6.0
ablation,ablation,full_depth2_branch2_risk-adjusted,opaque_dependency_l6,tabular_online,evaluation_seen,opaque,reward,30,0.0,0.0,0.0,0.0,0.0,0.0
ablation,ablation,full_depth2_branch2_risk-adjusted,opaque_dependency_l6,tabular_online,evaluation_seen,opaque,errors,30,0.0,0.0,0.0,0.0,0.0,0.0
ablation,ablation,full_depth2_branch2_risk-adjusted,opaque_dependency_l6,tabular_online,evaluation_seen,opaque,repeats,30,0.0,0.0,0.0,0.0,0.0,0.0
ablation,ablation,full_depth2_branch2_risk-adjusted,opaque_dependency_l6,tabular_online,evaluation_seen,opaque,prediction_score,30,0.0,0.0,0.0,0.0,0.0,0.0
ablation,ablation,full_depth2_branch2_risk-adjusted,opaque_dependency_l6,tabular_online,evaluation_seen,opaque,holdout_score,30,1.0,0.0,1.0,1.0,1.0,1.0
ablation,ablation,full_depth2_branch2_risk-adjusted,opaque_dependency_l6,tabular_online,evaluation_seen,opaque,imagined_nodes,30,0.0,0.0,0.0,0.0,0.0,0.0
ablation,ablation,full_depth2_branch2_risk-adjusted,opaque_dependency_l6,tabular_online,evaluation_seen,opaque,imagination_depth,30,0.0,0.0,0.0,0.0,0.0,0.0
ablation,ablation,full_depth2_branch2_risk-adjusted,opaque_dependency_l6,tabular_online,evaluation_seen,opaque,actual_return,30,0.0,0.0,0.0,0.0,0.0,0.0
ablation,ablation,full_depth2_branch2_risk-adjusted,opaque_dependency_l6,tabular_online,evaluation_seen,opaque,runtime_seconds,30,0.003678581233209116,0.00043697037336753406,0.0035214318665724325,0.003831460749633455,0.0028711465009837412,0.004362687999382615
ablation,ablation,full_depth2_branch2_risk-adjusted,opaque_dependency_l6,tabular_online,evaluation_seen,opaque,real_transitions,30,6.0,0.0,6.0,6.0,6.0,6.0
ablation,ablation,full_depth2_branch2_risk-adjusted,opaque_dependency_l6,tabular_online,evaluation_seen,opaque,imagined_transitions,30,0.0,0.0,0.0,0.0,0.0,0.0
ablation,ablation,full_depth2_branch2_risk-adjusted,opaque_dependency_l6,tabular_online,evaluation_seen,opaque,action_proposals,30,6.0,0.0,6.0,6.0,6.0,6.0
ablation,ablation,full_depth2_branch2_risk-adjusted,opaque_dependency_l6,tabular_online,evaluation_seen,opaque,repeat_rate,30,0.0,0.0,0.0,0.0,0.0,0.0
ablation,ablation,full_depth2_branch2_risk-adjusted,opaque_dependency_l6,tabular_online,evaluation_seen,opaque,error_rate,30,0.0,0.0,0.0,0.0,0.0,0.0
ablation,ablation,full_depth2_branch2_risk-adjusted,opaque_dependency_l6,tabular_online,evaluation_unseen_zero_shot,opaque,success,30,0.0,0.0,0.0,0.0,0.0,0.0
ablation,ablation,full_depth2_branch2_risk-adjusted,opaque_dependency_l6,tabular_online,evaluation_unseen_zero_shot,opaque,steps,30,6.0,0.0,6.0,6.0,6.0,6.0
ablation,ablation,full_depth2_branch2_risk-adjusted,opaque_dependency_l6,tabular_online,evaluation_unseen_zero_shot,opaque,high_level_steps,30,6.0,0.0,6.0,6.0,6.0,6.0
ablation,ablation,full_depth2_branch2_risk-adjusted,opaque_dependency_l6,tabular_online,evaluation_unseen_zero_shot,opaque,primitive_steps,30,6.0,0.0,6.0,6.0,6.0,6.0
ablation,ablation,full_depth2_branch2_risk-adjusted,opaque_dependency_l6,tabular_online,evaluation_unseen_zero_shot,opaque,reward,30,0.0,0.0,0.0,0.0,0.0,0.0
ablation,ablation,full_depth2_branch2_risk-adjusted,opaque_dependency_l6,tabular_online,evaluation_unseen_zero_shot,opaque,errors,30,0.0,0.0,0.0,0.0,0.0,0.0
ablation,ablation,full_depth2_branch2_risk-adjusted,opaque_dependency_l6,tabular_online,evaluation_unseen_zero_shot,opaque,repeats,30,0.0,0.0,0.0,0.0,0.0,0.0
ablation,ablation,full_depth2_branch2_risk-adjusted,opaque_dependency_l6,tabular_online,evaluation_unseen_zero_shot,opaque,prediction_score,30,0.0,0.0,0.0,0.0,0.0,0.0
ablation,ablation,full_depth2_branch2_risk-adjusted,opaque_dependency_l6,tabular_online,evaluation_unseen_zero_shot,opaque,holdout_score,30,1.0,0.0,1.0,1.0,1.0,1.0
ablation,ablation,full_depth2_branch2_risk-adjusted,opaque_dependency_l6,tabular_online,evaluation_unseen_zero_shot,opaque,imagined_nodes,30,0.0,0.0,0.0,0.0,0.0,0.0
ablation,ablation,full_depth2_branch2_risk-adjusted,opaque_dependency_l6,tabular_online,evaluation_unseen_zero_shot,opaque,imagination_depth,30,0.0,0.0,0.0,0.0,0.0,0.0
ablation,ablation,full_depth2_branch2_risk-adjusted,opaque_dependency_l6,tabular_online,evaluation_unseen_zero_shot,opaque,actual_return,30,0.0,0.0,0.0,0.0,0.0,0.0
ablation,ablation,full_depth2_branch2_risk-adjusted,opaque_dependency_l6,tabular_online,evaluation_unseen_zero_shot,opaque,runtime_seconds,30,0.0035283600835003506,0.0004529040075277834,0.00337060540021533,0.003691963333452198,0.002781284001248423,0.004372144500375725
ablation,ablation,full_depth2_branch2_risk-adjusted,opaque_dependency_l6,tabular_online,evaluation_unseen_zero_shot,opaque,real_transitions,30,6.0,0.0,6.0,6.0,6.0,6.0
ablation,ablation,full_depth2_branch2_risk-adjusted,opaque_dependency_l6,tabular_online,evaluation_unseen_zero_shot,opaque,imagined_transitions,30,0.0,0.0,0.0,0.0,0.0,0.0
ablation,ablation,full_depth2_branch2_risk-adjusted,opaque_dependency_l6,tabular_online,evaluation_unseen_zero_shot,opaque,action_proposals,30,6.0,0.0,6.0,6.0,6.0,6.0
ablation,ablation,full_depth2_branch2_risk-adjusted,opaque_dependency_l6,tabular_online,evaluation_unseen_zero_shot,opaque,repeat_rate,30,0.0,0.0,0.0,0.0,0.0,0.0
ablation,ablation,full_depth2_branch2_risk-adjusted,opaque_dependency_l6,tabular_online,evaluation_unseen_zero_shot,opaque,error_rate,30,0.0,0.0,0.0,0.0,0.0,0.0
ablation,ablation,full_depth2_branch2_risk-adjusted,opaque_dependency_l6,tabular_online,training,opaque,success,30,0.33521666666666666,0.07133779325943883,0.30981666666666663,0.3604,0.217,0.493
ablation,ablation,full_depth2_branch2_risk-adjusted,opaque_dependency_l6,tabular_online,training,opaque,steps,30,6.0,0.0,6.0,6.0,6.0,6.0
ablation,ablation,full_depth2_branch2_risk-adjusted,opaque_dependency_l6,tabular_online,training,opaque,high_level_steps,30,6.0,0.0,6.0,6.0,6.0,6.0
ablation,ablation,full_depth2_branch2_risk-adjusted,opaque_dependency_l6,tabular_online,training,opaque,primitive_steps,30,6.0,0.0,6.0,6.0,6.0,6.0
ablation,ablation,full_depth2_branch2_risk-adjusted,opaque_dependency_l6,tabular_online,training,opaque,reward,30,0.33521666666666666,0.07133779325943883,0.31039999999999995,0.36019999999999996,0.217,0.493
ablation,ablation,full_depth2_branch2_risk-adjusted,opaque_dependency_l6,tabular_online,training,opaque,errors,30,0.0,0.0,0.0,0.0,0.0,0.0
ablation,ablation,full_depth2_branch2_risk-adjusted,opaque_dependency_l6,tabular_online,training,opaque,repeats,30,0.0,0.0,0.0,0.0,0.0,0.0
ablation,ablation,full_depth2_branch2_risk-adjusted,opaque_dependency_l6,tabular_online,training,opaque,prediction_score,30,0.9899944444444445,0.0005587742011924325,0.9897944444444444,0.9901861111111111,0.98875,0.9909166666666667
ablation,ablation,full_depth2_branch2_risk-adjusted,opaque_dependency_l6,tabular_online,training,opaque,holdout_score,30,0.12354595175287926,0.00021976011280834515,0.12346930748858072,0.1236206107654839,0.12305159026929598,0.1239719795736979
ablation,ablation,full_depth2_branch2_risk-adjusted,opaque_dependency_l6,tabular_online,training,opaque,holdout_gain,30,6.3778436010959445e-06,4.876738246617554e-06,4.689165202752158e-06,8.231636804553468e-06,0.0,1.7361111111111104e-05
ablation,ablation,full_depth2_branch2_risk-adjusted,opaque_dependency_l6,tabular_online,training,opaque,imagined_nodes,30,28.860316666666666,0.12596581934667073,28.816233333333333,28.904483333333335,28.6065,29.048
ablation,ablation,full_depth2_branch2_risk-adjusted,opaque_dependency_l6,tabular_online,training,opaque,imagination_depth,30,1.9334333333333333,0.005384737904378493,1.93155,1.9353333333333333,1.9195,1.9455
ablation,ablation,full_depth2_branch2_risk-adjusted,opaque_dependency_l6,tabular_online,training,opaque,actual_return,30,0.33521666666666666,0.07133779325943883,0.3106333333333333,0.3607833333333333,0.217,0.493
ablation,ablation,full_depth2_branch2_risk-adjusted,opaque_dependency_l6,tabular_online,training,opaque,runtime_seconds,30,0.002444152401654477,0.00013771098640292278,0.0023993420334304876,0.002496886440141922,0.0021556756500212943,0.0029937543000414734
ablation,ablation,full_depth2_branch2_risk-adjusted,opaque_dependency_l6,tabular_online,training,opaque,real_transitions,30,6.0,0.0,6.0,6.0,6.0,6.0
ablation,ablation,full_depth2_branch2_risk-adjusted,opaque_dependency_l6,tabular_online,training,opaque,imagined_transitions,30,28.860316666666666,0.12596581934667073,28.816266666666667,28.906316666666665,28.6065,29.048
ablation,ablation,full_depth2_branch2_risk-adjusted,opaque_dependency_l6,tabular_online,training,opaque,action_proposals,30,6.0,0.0,6.0,6.0,6.0,6.0
ablation,ablation,full_depth2_branch2_risk-adjusted,opaque_dependency_l6,tabular_online,training,opaque,repeat_rate,30,0.0,0.0,0.0,0.0,0.0,0.0
ablation,ablation,full_depth2_branch2_risk-adjusted,opaque_dependency_l6,tabular_online,training,opaque,error_rate,30,0.0,0.0,0.0,0.0,0.0,0.0
ablation,ablation,full_depth2_branch2_risk-adjusted,opaque_dependency_l6,tabular_online,training,opaque,learning_auc,30,0.33526763381690844,0.07129862756311883,0.3111639152909788,0.36087210271802567,0.21710855427713857,0.4932466233116558
ablation,ablation,full_depth2_branch2_risk-adjusted,opaque_dependency_l6,tabular_online,training,opaque,final_tail_success,30,0.4995,0.10892381076570971,0.46166666666666667,0.538,0.31,0.705
ablation,ablation,full_depth2_branch2_risk-adjusted,opaque_dependency_l6,tabular_online,training,opaque,first_success_real_transitions,30,282.2,212.5148919731152,207.8,356.2,6.0,678.0
ablation,ablation,full_depth2_branch4_max,opaque_dependency_l6,tabular_online,evaluation_seen,opaque,success,30,0.0,0.0,0.0,0.0,0.0,0.0
ablation,ablation,full_depth2_branch4_max,opaque_dependency_l6,tabular_online,evaluation_seen,opaque,steps,30,6.0,0.0,6.0,6.0,6.0,6.0
ablation,ablation,full_depth2_branch4_max,opaque_dependency_l6,tabular_online,evaluation_seen,opaque,high_level_steps,30,6.0,0.0,6.0,6.0,6.0,6.0
ablation,ablation,full_depth2_branch4_max,opaque_dependency_l6,tabular_online,evaluation_seen,opaque,primitive_steps,30,6.0,0.0,6.0,6.0,6.0,6.0
ablation,ablation,full_depth2_branch4_max,opaque_dependency_l6,tabular_online,evaluation_seen,opaque,reward,30,0.0,0.0,0.0,0.0,0.0,0.0
ablation,ablation,full_depth2_branch4_max,opaque_dependency_l6,tabular_online,evaluation_seen,opaque,errors,30,0.0,0.0,0.0,0.0,0.0,0.0
ablation,ablation,full_depth2_branch4_max,opaque_dependency_l6,tabular_online,evaluation_seen,opaque,repeats,30,0.0,0.0,0.0,0.0,0.0,0.0
ablation,ablation,full_depth2_branch4_max,opaque_dependency_l6,tabular_online,evaluation_seen,opaque,prediction_score,30,0.0,0.0,0.0,0.0,0.0,0.0
ablation,ablation,full_depth2_branch4_max,opaque_dependency_l6,tabular_online,evaluation_seen,opaque,holdout_score,30,1.0,0.0,1.0,1.0,1.0,1.0
ablation,ablation,full_depth2_branch4_max,opaque_dependency_l6,tabular_online,evaluation_seen,opaque,imagined_nodes,30,0.0,0.0,0.0,0.0,0.0,0.0
ablation,ablation,full_depth2_branch4_max,opaque_dependency_l6,tabular_online,evaluation_seen,opaque,imagination_depth,30,0.0,0.0,0.0,0.0,0.0,0.0
ablation,ablation,full_depth2_branch4_max,opaque_dependency_l6,tabular_online,evaluation_seen,opaque,actual_return,30,0.0,0.0,0.0,0.0,0.0,0.0
ablation,ablation,full_depth2_branch4_max,opaque_dependency_l6,tabular_online,evaluation_seen,opaque,runtime_seconds,30,0.0034705208832456263,0.0004316386395760282,0.003322125466618066,0.003620737766463814,0.0028243679991282987,0.004258268998673884
ablation,ablation,full_depth2_branch4_max,opaque_dependency_l6,tabular_online,evaluation_seen,opaque,real_transitions,30,6.0,0.0,6.0,6.0,6.0,6.0
ablation,ablation,full_depth2_branch4_max,opaque_dependency_l6,tabular_online,evaluation_seen,opaque,imagined_transitions,30,0.0,0.0,0.0,0.0,0.0,0.0
ablation,ablation,full_depth2_branch4_max,opaque_dependency_l6,tabular_online,evaluation_seen,opaque,action_proposals,30,6.0,0.0,6.0,6.0,6.0,6.0
ablation,ablation,full_depth2_branch4_max,opaque_dependency_l6,tabular_online,evaluation_seen,opaque,repeat_rate,30,0.0,0.0,0.0,0.0,0.0,0.0
ablation,ablation,full_depth2_branch4_max,opaque_dependency_l6,tabular_online,evaluation_seen,opaque,error_rate,30,0.0,0.0,0.0,0.0,0.0,0.0
ablation,ablation,full_depth2_branch4_max,opaque_dependency_l6,tabular_online,evaluation_unseen_zero_shot,opaque,success,30,0.0,0.0,0.0,0.0,0.0,0.0
ablation,ablation,full_depth2_branch4_max,opaque_dependency_l6,tabular_online,evaluation_unseen_zero_shot,opaque,steps,30,6.0,0.0,6.0,6.0,6.0,6.0
ablation,ablation,full_depth2_branch4_max,opaque_dependency_l6,tabular_online,evaluation_unseen_zero_shot,opaque,high_level_steps,30,6.0,0.0,6.0,6.0,6.0,6.0
ablation,ablation,full_depth2_branch4_max,opaque_dependency_l6,tabular_online,evaluation_unseen_zero_shot,opaque,primitive_steps,30,6.0,0.0,6.0,6.0,6.0,6.0
ablation,ablation,full_depth2_branch4_max,opaque_dependency_l6,tabular_online,evaluation_unseen_zero_shot,opaque,reward,30,0.0,0.0,0.0,0.0,0.0,0.0
ablation,ablation,full_depth2_branch4_max,opaque_dependency_l6,tabular_online,evaluation_unseen_zero_shot,opaque,errors,30,0.0,0.0,0.0,0.0,0.0,0.0
ablation,ablation,full_depth2_branch4_max,opaque_dependency_l6,tabular_online,evaluation_unseen_zero_shot,opaque,repeats,30,0.0,0.0,0.0,0.0,0.0,0.0
ablation,ablation,full_depth2_branch4_max,opaque_dependency_l6,tabular_online,evaluation_unseen_zero_shot,opaque,prediction_score,30,0.0,0.0,0.0,0.0,0.0,0.0
ablation,ablation,full_depth2_branch4_max,opaque_dependency_l6,tabular_online,evaluation_unseen_zero_shot,opaque,holdout_score,30,1.0,0.0,1.0,1.0,1.0,1.0
ablation,ablation,full_depth2_branch4_max,opaque_dependency_l6,tabular_online,evaluation_unseen_zero_shot,opaque,imagined_nodes,30,0.0,0.0,0.0,0.0,0.0,0.0
ablation,ablation,full_depth2_branch4_max,opaque_dependency_l6,tabular_online,evaluation_unseen_zero_shot,opaque,imagination_depth,30,0.0,0.0,0.0,0.0,0.0,0.0
ablation,ablation,full_depth2_branch4_max,opaque_dependency_l6,tabular_online,evaluation_unseen_zero_shot,opaque,actual_return,30,0.0,0.0,0.0,0.0,0.0,0.0
ablation,ablation,full_depth2_branch4_max,opaque_dependency_l6,tabular_online,evaluation_unseen_zero_shot,opaque,runtime_seconds,30,0.003590560033262591,0.0004996456255715743,0.0034275145498346925,0.003768898399823229,0.0028295654998510143,0.005071195999480551
ablation,ablation,full_depth2_branch4_max,opaque_dependency_l6,tabular_online,evaluation_unseen_zero_shot,opaque,real_transitions,30,6.0,0.0,6.0,6.0,6.0,6.0
ablation,ablation,full_depth2_branch4_max,opaque_dependency_l6,tabular_online,evaluation_unseen_zero_shot,opaque,imagined_transitions,30,0.0,0.0,0.0,0.0,0.0,0.0
ablation,ablation,full_depth2_branch4_max,opaque_dependency_l6,tabular_online,evaluation_unseen_zero_shot,opaque,action_proposals,30,6.0,0.0,6.0,6.0,6.0,6.0
ablation,ablation,full_depth2_branch4_max,opaque_dependency_l6,tabular_online,evaluation_unseen_zero_shot,opaque,repeat_rate,30,0.0,0.0,0.0,0.0,0.0,0.0
ablation,ablation,full_depth2_branch4_max,opaque_dependency_l6,tabular_online,evaluation_unseen_zero_shot,opaque,error_rate,30,0.0,0.0,0.0,0.0,0.0,0.0
ablation,ablation,full_depth2_branch4_max,opaque_dependency_l6,tabular_online,training,opaque,success,30,0.33521666666666666,0.07133779325943883,0.3107666666666667,0.3605833333333333,0.217,0.493
ablation,ablation,full_depth2_branch4_max,opaque_dependency_l6,tabular_online,training,opaque,steps,30,6.0,0.0,6.0,6.0,6.0,6.0
ablation,ablation,full_depth2_branch4_max,opaque_dependency_l6,tabular_online,training,opaque,high_level_steps,30,6.0,0.0,6.0,6.0,6.0,6.0
ablation,ablation,full_depth2_branch4_max,opaque_dependency_l6,tabular_online,training,opaque,primitive_steps,30,6.0,0.0,6.0,6.0,6.0,6.0
ablation,ablation,full_depth2_branch4_max,opaque_dependency_l6,tabular_online,training,opaque,reward,30,0.33521666666666666,0.07133779325943883,0.3097333333333333,0.3605833333333333,0.217,0.493
ablation,ablation,full_depth2_branch4_max,opaque_dependency_l6,tabular_online,training,opaque,errors,30,0.0,0.0,0.0,0.0,0.0,0.0
ablation,ablation,full_depth2_branch4_max,opaque_dependency_l6,tabular_online,training,opaque,repeats,30,0.0,0.0,0.0,0.0,0.0,0.0
ablation,ablation,full_depth2_branch4_max,opaque_dependency_l6,tabular_online,training,opaque,prediction_score,30,0.9899944444444445,0.0005587742011924325,0.9897944444444444,0.9901888888888889,0.98875,0.9909166666666667
ablation,ablation,full_depth2_branch4_max,opaque_dependency_l6,tabular_online,training,opaque,holdout_score,30,0.12354595175287926,0.00021976011280834515,0.12346497735725125,0.12362254725598748,0.12305159026929598,0.1239719795736979
ablation,ablation,full_depth2_branch4_max,opaque_dependency_l6,tabular_online,training,opaque,holdout_gain,30,6.3778436010959445e-06,4.876738246617554e-06,4.715382973961404e-06,8.136057642824478e-06,0.0,1.7361111111111104e-05
ablation,ablation,full_depth2_branch4_max,opaque_dependency_l6,tabular_online,training,opaque,imagined_nodes,30,28.860316666666666,0.12596581934667073,28.816166666666668,28.90485,28.6065,29.048
ablation,ablation,full_depth2_branch4_max,opaque_dependency_l6,tabular_online,training,opaque,imagination_depth,30,1.9334333333333333,0.005384737904378493,1.9315333333333333,1.9353166666666666,1.9195,1.9455
ablation,ablation,full_depth2_branch4_max,opaque_dependency_l6,tabular_online,training,opaque,actual_return,30,0.33521666666666666,0.07133779325943883,0.31018333333333337,0.36029999999999995,0.217,0.493
ablation,ablation,full_depth2_branch4_max,opaque_dependency_l6,tabular_online,training,opaque,runtime_seconds,30,0.0021986411199065815,0.0001267895570669824,0.002156502069950996,0.002245943661635101,0.001956277049626806,0.002634549050068017
ablation,ablation,full_depth2_branch4_max,opaque_dependency_l6,tabular_online,training,opaque,real_transitions,30,6.0,0.0,6.0,6.0,6.0,6.0
ablation,ablation,full_depth2_branch4_max,opaque_dependency_l6,tabular_online,training,opaque,imagined_transitions,30,28.860316666666666,0.12596581934667073,28.816716666666665,28.904433333333333,28.6065,29.048
ablation,ablation,full_depth2_branch4_max,opaque_dependency_l6,tabular_online,training,opaque,action_proposals,30,6.0,0.0,6.0,6.0,6.0,6.0
ablation,ablation,full_depth2_branch4_max,opaque_dependency_l6,tabular_online,training,opaque,repeat_rate,30,0.0,0.0,0.0,0.0,0.0,0.0
ablation,ablation,full_depth2_branch4_max,opaque_dependency_l6,tabular_online,training,opaque,error_rate,30,0.0,0.0,0.0,0.0,0.0,0.0
ablation,ablation,full_depth2_branch4_max,opaque_dependency_l6,tabular_online,training,opaque,learning_auc,30,0.33526763381690844,0.07129862756311883,0.3096715024178756,0.3615891278972819,0.21710855427713857,0.4932466233116558
ablation,ablation,full_depth2_branch4_max,opaque_dependency_l6,tabular_online,training,opaque,final_tail_success,30,0.4995,0.10892381076570971,0.4615,0.538,0.31,0.705
ablation,ablation,full_depth2_branch4_max,opaque_dependency_l6,tabular_online,training,opaque,first_success_real_transitions,30,282.2,212.5148919731152,207.8,357.6,6.0,678.0
ablation,ablation,full_depth2_branch4_mean,opaque_dependency_l6,tabular_online,evaluation_seen,opaque,success,30,0.0,0.0,0.0,0.0,0.0,0.0
ablation,ablation,full_depth2_branch4_mean,opaque_dependency_l6,tabular_online,evaluation_seen,opaque,steps,30,6.0,0.0,6.0,6.0,6.0,6.0
ablation,ablation,full_depth2_branch4_mean,opaque_dependency_l6,tabular_online,evaluation_seen,opaque,high_level_steps,30,6.0,0.0,6.0,6.0,6.0,6.0
ablation,ablation,full_depth2_branch4_mean,opaque_dependency_l6,tabular_online,evaluation_seen,opaque,primitive_steps,30,6.0,0.0,6.0,6.0,6.0,6.0
ablation,ablation,full_depth2_branch4_mean,opaque_dependency_l6,tabular_online,evaluation_seen,opaque,reward,30,0.0,0.0,0.0,0.0,0.0,0.0
ablation,ablation,full_depth2_branch4_mean,opaque_dependency_l6,tabular_online,evaluation_seen,opaque,errors,30,0.0,0.0,0.0,0.0,0.0,0.0
ablation,ablation,full_depth2_branch4_mean,opaque_dependency_l6,tabular_online,evaluation_seen,opaque,repeats,30,0.0,0.0,0.0,0.0,0.0,0.0
ablation,ablation,full_depth2_branch4_mean,opaque_dependency_l6,tabular_online,evaluation_seen,opaque,prediction_score,30,0.0,0.0,0.0,0.0,0.0,0.0
ablation,ablation,full_depth2_branch4_mean,opaque_dependency_l6,tabular_online,evaluation_seen,opaque,holdout_score,30,1.0,0.0,1.0,1.0,1.0,1.0
ablation,ablation,full_depth2_branch4_mean,opaque_dependency_l6,tabular_online,evaluation_seen,opaque,imagined_nodes,30,0.0,0.0,0.0,0.0,0.0,0.0
ablation,ablation,full_depth2_branch4_mean,opaque_dependency_l6,tabular_online,evaluation_seen,opaque,imagination_depth,30,0.0,0.0,0.0,0.0,0.0,0.0
ablation,ablation,full_depth2_branch4_mean,opaque_dependency_l6,tabular_online,evaluation_seen,opaque,actual_return,30,0.0,0.0,0.0,0.0,0.0,0.0
ablation,ablation,full_depth2_branch4_mean,opaque_dependency_l6,tabular_online,evaluation_seen,opaque,runtime_seconds,30,0.003446657716636158,0.00040414635145277696,0.00330366751679685,0.0035936072166174804,0.0028056975001527463,0.004458244000852573
ablation,ablation,full_depth2_branch4_mean,opaque_dependency_l6,tabular_online,evaluation_seen,opaque,real_transitions,30,6.0,0.0,6.0,6.0,6.0,6.0
ablation,ablation,full_depth2_branch4_mean,opaque_dependency_l6,tabular_online,evaluation_seen,opaque,imagined_transitions,30,0.0,0.0,0.0,0.0,0.0,0.0
ablation,ablation,full_depth2_branch4_mean,opaque_dependency_l6,tabular_online,evaluation_seen,opaque,action_proposals,30,6.0,0.0,6.0,6.0,6.0,6.0
ablation,ablation,full_depth2_branch4_mean,opaque_dependency_l6,tabular_online,evaluation_seen,opaque,repeat_rate,30,0.0,0.0,0.0,0.0,0.0,0.0
ablation,ablation,full_depth2_branch4_mean,opaque_dependency_l6,tabular_online,evaluation_seen,opaque,error_rate,30,0.0,0.0,0.0,0.0,0.0,0.0
ablation,ablation,full_depth2_branch4_mean,opaque_dependency_l6,tabular_online,evaluation_unseen_zero_shot,opaque,success,30,0.0,0.0,0.0,0.0,0.0,0.0
ablation,ablation,full_depth2_branch4_mean,opaque_dependency_l6,tabular_online,evaluation_unseen_zero_shot,opaque,steps,30,6.0,0.0,6.0,6.0,6.0,6.0
ablation,ablation,full_depth2_branch4_mean,opaque_dependency_l6,tabular_online,evaluation_unseen_zero_shot,opaque,high_level_steps,30,6.0,0.0,6.0,6.0,6.0,6.0
ablation,ablation,full_depth2_branch4_mean,opaque_dependency_l6,tabular_online,evaluation_unseen_zero_shot,opaque,primitive_steps,30,6.0,0.0,6.0,6.0,6.0,6.0
ablation,ablation,full_depth2_branch4_mean,opaque_dependency_l6,tabular_online,evaluation_unseen_zero_shot,opaque,reward,30,0.0,0.0,0.0,0.0,0.0,0.0
ablation,ablation,full_depth2_branch4_mean,opaque_dependency_l6,tabular_online,evaluation_unseen_zero_shot,opaque,errors,30,0.0,0.0,0.0,0.0,0.0,0.0
ablation,ablation,full_depth2_branch4_mean,opaque_dependency_l6,tabular_online,evaluation_unseen_zero_shot,opaque,repeats,30,0.0,0.0,0.0,0.0,0.0,0.0
ablation,ablation,full_depth2_branch4_mean,opaque_dependency_l6,tabular_online,evaluation_unseen_zero_shot,opaque,prediction_score,30,0.0,0.0,0.0,0.0,0.0,0.0
ablation,ablation,full_depth2_branch4_mean,opaque_dependency_l6,tabular_online,evaluation_unseen_zero_shot,opaque,holdout_score,30,1.0,0.0,1.0,1.0,1.0,1.0
ablation,ablation,full_depth2_branch4_mean,opaque_dependency_l6,tabular_online,evaluation_unseen_zero_shot,opaque,imagined_nodes,30,0.0,0.0,0.0,0.0,0.0,0.0
ablation,ablation,full_depth2_branch4_mean,opaque_dependency_l6,tabular_online,evaluation_unseen_zero_shot,opaque,imagination_depth,30,0.0,0.0,0.0,0.0,0.0,0.0
ablation,ablation,full_depth2_branch4_mean,opaque_dependency_l6,tabular_online,evaluation_unseen_zero_shot,opaque,actual_return,30,0.0,0.0,0.0,0.0,0.0,0.0
ablation,ablation,full_depth2_branch4_mean,opaque_dependency_l6,tabular_online,evaluation_unseen_zero_shot,opaque,runtime_seconds,30,0.0036719878832712615,0.0005672799363531673,0.00348292779980208,0.0038764574000088032,0.0028474989997630475,0.005525975498749176
ablation,ablation,full_depth2_branch4_mean,opaque_dependency_l6,tabular_online,evaluation_unseen_zero_shot,opaque,real_transitions,30,6.0,0.0,6.0,6.0,6.0,6.0
ablation,ablation,full_depth2_branch4_mean,opaque_dependency_l6,tabular_online,evaluation_unseen_zero_shot,opaque,imagined_transitions,30,0.0,0.0,0.0,0.0,0.0,0.0
ablation,ablation,full_depth2_branch4_mean,opaque_dependency_l6,tabular_online,evaluation_unseen_zero_shot,opaque,action_proposals,30,6.0,0.0,6.0,6.0,6.0,6.0
ablation,ablation,full_depth2_branch4_mean,opaque_dependency_l6,tabular_online,evaluation_unseen_zero_shot,opaque,repeat_rate,30,0.0,0.0,0.0,0.0,0.0,0.0
ablation,ablation,full_depth2_branch4_mean,opaque_dependency_l6,tabular_online,evaluation_unseen_zero_shot,opaque,error_rate,30,0.0,0.0,0.0,0.0,0.0,0.0
ablation,ablation,full_depth2_branch4_mean,opaque_dependency_l6,tabular_online,training,opaque,success,30,0.33521666666666666,0.07133779325943883,0.31074999999999997,0.36055,0.217,0.493
ablation,ablation,full_depth2_branch4_mean,opaque_dependency_l6,tabular_online,training,opaque,steps,30,6.0,0.0,6.0,6.0,6.0,6.0
ablation,ablation,full_depth2_branch4_mean,opaque_dependency_l6,tabular_online,training,opaque,high_level_steps,30,6.0,0.0,6.0,6.0,6.0,6.0
ablation,ablation,full_depth2_branch4_mean,opaque_dependency_l6,tabular_online,training,opaque,primitive_steps,30,6.0,0.0,6.0,6.0,6.0,6.0
ablation,ablation,full_depth2_branch4_mean,opaque_dependency_l6,tabular_online,training,opaque,reward,30,0.33521666666666666,0.07133779325943883,0.3107333333333333,0.36075,0.217,0.493
ablation,ablation,full_depth2_branch4_mean,opaque_dependency_l6,tabular_online,training,opaque,errors,30,0.0,0.0,0.0,0.0,0.0,0.0
ablation,ablation,full_depth2_branch4_mean,opaque_dependency_l6,tabular_online,training,opaque,repeats,30,0.0,0.0,0.0,0.0,0.0,0.0
ablation,ablation,full_depth2_branch4_mean,opaque_dependency_l6,tabular_online,training,opaque,prediction_score,30,0.9899944444444445,0.0005587742011924325,0.9897916666666667,0.9901888888888889,0.98875,0.9909166666666667
ablation,ablation,full_depth2_branch4_mean,opaque_dependency_l6,tabular_online,training,opaque,holdout_score,30,0.12354595175287926,0.00021976011280834515,0.12346896393925873,0.12362045157058275,0.12305159026929598,0.1239719795736979
ablation,ablation,full_depth2_branch4_mean,opaque_dependency_l6,tabular_online,training,opaque,holdout_gain,30,6.3778436010959445e-06,4.876738246617554e-06,4.698590933591999e-06,8.224211347799368e-06,0.0,1.7361111111111104e-05
ablation,ablation,full_depth2_branch4_mean,opaque_dependency_l6,tabular_online,training,opaque,imagined_nodes,30,28.860316666666666,0.12596581934667073,28.81475,28.903833333333335,28.6065,29.048
ablation,ablation,full_depth2_branch4_mean,opaque_dependency_l6,tabular_online,training,opaque,imagination_depth,30,1.9334333333333333,0.005384737904378493,1.93155,1.9353,1.9195,1.9455
ablation,ablation,full_depth2_branch4_mean,opaque_dependency_l6,tabular_online,training,opaque,actual_return,30,0.33521666666666666,0.07133779325943883,0.31024999999999997,0.36045,0.217,0.493
ablation,ablation,full_depth2_branch4_mean,opaque_dependency_l6,tabular_online,training,opaque,runtime_seconds,30,0.002215273006692102,0.0001181074392550689,0.0021770684816869714,0.0022585694733522057,0.002042552650600555,0.002618519550000201
ablation,ablation,full_depth2_branch4_mean,opaque_dependency_l6,tabular_online,training,opaque,real_transitions,30,6.0,0.0,6.0,6.0,6.0,6.0
ablation,ablation,full_depth2_branch4_mean,opaque_dependency_l6,tabular_online,training,opaque,imagined_transitions,30,28.860316666666666,0.12596581934667073,28.81525,28.903383333333334,28.6065,29.048
ablation,ablation,full_depth2_branch4_mean,opaque_dependency_l6,tabular_online,training,opaque,action_proposals,30,6.0,0.0,6.0,6.0,6.0,6.0
ablation,ablation,full_depth2_branch4_mean,opaque_dependency_l6,tabular_online,training,opaque,repeat_rate,30,0.0,0.0,0.0,0.0,0.0,0.0
ablation,ablation,full_depth2_branch4_mean,opaque_dependency_l6,tabular_online,training,opaque,error_rate,30,0.0,0.0,0.0,0.0,0.0,0.0
ablation,ablation,full_depth2_branch4_mean,opaque_dependency_l6,tabular_online,training,opaque,learning_auc,30,0.33526763381690844,0.07129862756311883,0.3103635150908788,0.36068867767216944,0.21710855427713857,0.4932466233116558
ablation,ablation,full_depth2_branch4_mean,opaque_dependency_l6,tabular_online,training,opaque,final_tail_success,30,0.4995,0.10892381076570971,0.4625,0.5391666666666667,0.31,0.705
ablation,ablation,full_depth2_branch4_mean,opaque_dependency_l6,tabular_online,training,opaque,first_success_real_transitions,30,282.2,212.5148919731152,208.6,356.6,6.0,678.0
ablation,ablation,full_depth2_branch4_risk-adjusted,opaque_dependency_l6,tabular_online,evaluation_seen,opaque,success,30,0.0,0.0,0.0,0.0,0.0,0.0
ablation,ablation,full_depth2_branch4_risk-adjusted,opaque_dependency_l6,tabular_online,evaluation_seen,opaque,steps,30,6.0,0.0,6.0,6.0,6.0,6.0
ablation,ablation,full_depth2_branch4_risk-adjusted,opaque_dependency_l6,tabular_online,evaluation_seen,opaque,high_level_steps,30,6.0,0.0,6.0,6.0,6.0,6.0
ablation,ablation,full_depth2_branch4_risk-adjusted,opaque_dependency_l6,tabular_online,evaluation_seen,opaque,primitive_steps,30,6.0,0.0,6.0,6.0,6.0,6.0
ablation,ablation,full_depth2_branch4_risk-adjusted,opaque_dependency_l6,tabular_online,evaluation_seen,opaque,reward,30,0.0,0.0,0.0,0.0,0.0,0.0
ablation,ablation,full_depth2_branch4_risk-adjusted,opaque_dependency_l6,tabular_online,evaluation_seen,opaque,errors,30,0.0,0.0,0.0,0.0,0.0,0.0
ablation,ablation,full_depth2_branch4_risk-adjusted,opaque_dependency_l6,tabular_online,evaluation_seen,opaque,repeats,30,0.0,0.0,0.0,0.0,0.0,0.0
ablation,ablation,full_depth2_branch4_risk-adjusted,opaque_dependency_l6,tabular_online,evaluation_seen,opaque,prediction_score,30,0.0,0.0,0.0,0.0,0.0,0.0
ablation,ablation,full_depth2_branch4_risk-adjusted,opaque_dependency_l6,tabular_online,evaluation_seen,opaque,holdout_score,30,1.0,0.0,1.0,1.0,1.0,1.0
ablation,ablation,full_depth2_branch4_risk-adjusted,opaque_dependency_l6,tabular_online,evaluation_seen,opaque,imagined_nodes,30,0.0,0.0,0.0,0.0,0.0,0.0
ablation,ablation,full_depth2_branch4_risk-adjusted,opaque_dependency_l6,tabular_online,evaluation_seen,opaque,imagination_depth,30,0.0,0.0,0.0,0.0,0.0,0.0
ablation,ablation,full_depth2_branch4_risk-adjusted,opaque_dependency_l6,tabular_online,evaluation_seen,opaque,actual_return,30,0.0,0.0,0.0,0.0,0.0,0.0
ablation,ablation,full_depth2_branch4_risk-adjusted,opaque_dependency_l6,tabular_online,evaluation_seen,opaque,runtime_seconds,30,0.00356685833336572,0.00048223407558793365,0.0034017447999309903,0.0037379007668059783,0.002797003499872517,0.004876870000152848
ablation,ablation,full_depth2_branch4_risk-adjusted,opaque_dependency_l6,tabular_online,evaluation_seen,opaque,real_transitions,30,6.0,0.0,6.0,6.0,6.0,6.0
ablation,ablation,full_depth2_branch4_risk-adjusted,opaque_dependency_l6,tabular_online,evaluation_seen,opaque,imagined_transitions,30,0.0,0.0,0.0,0.0,0.0,0.0
ablation,ablation,full_depth2_branch4_risk-adjusted,opaque_dependency_l6,tabular_online,evaluation_seen,opaque,action_proposals,30,6.0,0.0,6.0,6.0,6.0,6.0
ablation,ablation,full_depth2_branch4_risk-adjusted,opaque_dependency_l6,tabular_online,evaluation_seen,opaque,repeat_rate,30,0.0,0.0,0.0,0.0,0.0,0.0
ablation,ablation,full_depth2_branch4_risk-adjusted,opaque_dependency_l6,tabular_online,evaluation_seen,opaque,error_rate,30,0.0,0.0,0.0,0.0,0.0,0.0
ablation,ablation,full_depth2_branch4_risk-adjusted,opaque_dependency_l6,tabular_online,evaluation_unseen_zero_shot,opaque,success,30,0.0,0.0,0.0,0.0,0.0,0.0
ablation,ablation,full_depth2_branch4_risk-adjusted,opaque_dependency_l6,tabular_online,evaluation_unseen_zero_shot,opaque,steps,30,6.0,0.0,6.0,6.0,6.0,6.0
ablation,ablation,full_depth2_branch4_risk-adjusted,opaque_dependency_l6,tabular_online,evaluation_unseen_zero_shot,opaque,high_level_steps,30,6.0,0.0,6.0,6.0,6.0,6.0
ablation,ablation,full_depth2_branch4_risk-adjusted,opaque_dependency_l6,tabular_online,evaluation_unseen_zero_shot,opaque,primitive_steps,30,6.0,0.0,6.0,6.0,6.0,6.0
ablation,ablation,full_depth2_branch4_risk-adjusted,opaque_dependency_l6,tabular_online,evaluation_unseen_zero_shot,opaque,reward,30,0.0,0.0,0.0,0.0,0.0,0.0
ablation,ablation,full_depth2_branch4_risk-adjusted,opaque_dependency_l6,tabular_online,evaluation_unseen_zero_shot,opaque,errors,30,0.0,0.0,0.0,0.0,0.0,0.0
ablation,ablation,full_depth2_branch4_risk-adjusted,opaque_dependency_l6,tabular_online,evaluation_unseen_zero_shot,opaque,repeats,30,0.0,0.0,0.0,0.0,0.0,0.0
ablation,ablation,full_depth2_branch4_risk-adjusted,opaque_dependency_l6,tabular_online,evaluation_unseen_zero_shot,opaque,prediction_score,30,0.0,0.0,0.0,0.0,0.0,0.0
ablation,ablation,full_depth2_branch4_risk-adjusted,opaque_dependency_l6,tabular_online,evaluation_unseen_zero_shot,opaque,holdout_score,30,1.0,0.0,1.0,1.0,1.0,1.0
ablation,ablation,full_depth2_branch4_risk-adjusted,opaque_dependency_l6,tabular_online,evaluation_unseen_zero_shot,opaque,imagined_nodes,30,0.0,0.0,0.0,0.0,0.0,0.0
ablation,ablation,full_depth2_branch4_risk-adjusted,opaque_dependency_l6,tabular_online,evaluation_unseen_zero_shot,opaque,imagination_depth,30,0.0,0.0,0.0,0.0,0.0,0.0
ablation,ablation,full_depth2_branch4_risk-adjusted,opaque_dependency_l6,tabular_online,evaluation_unseen_zero_shot,opaque,actual_return,30,0.0,0.0,0.0,0.0,0.0,0.0
ablation,ablation,full_depth2_branch4_risk-adjusted,opaque_dependency_l6,tabular_online,evaluation_unseen_zero_shot,opaque,runtime_seconds,30,0.0035108849332415653,0.0004794460791264582,0.0033494969328700486,0.003687183533300413,0.0028190934982558246,0.005060736499581253
ablation,ablation,full_depth2_branch4_risk-adjusted,opaque_dependency_l6,tabular_online,evaluation_unseen_zero_shot,opaque,real_transitions,30,6.0,0.0,6.0,6.0,6.0,6.0
ablation,ablation,full_depth2_branch4_risk-adjusted,opaque_dependency_l6,tabular_online,evaluation_unseen_zero_shot,opaque,imagined_transitions,30,0.0,0.0,0.0,0.0,0.0,0.0
ablation,ablation,full_depth2_branch4_risk-adjusted,opaque_dependency_l6,tabular_online,evaluation_unseen_zero_shot,opaque,action_proposals,30,6.0,0.0,6.0,6.0,6.0,6.0
ablation,ablation,full_depth2_branch4_risk-adjusted,opaque_dependency_l6,tabular_online,evaluation_unseen_zero_shot,opaque,repeat_rate,30,0.0,0.0,0.0,0.0,0.0,0.0
ablation,ablation,full_depth2_branch4_risk-adjusted,opaque_dependency_l6,tabular_online,evaluation_unseen_zero_shot,opaque,error_rate,30,0.0,0.0,0.0,0.0,0.0,0.0
ablation,ablation,full_depth2_branch4_risk-adjusted,opaque_dependency_l6,tabular_online,training,opaque,success,30,0.33521666666666666,0.07133779325943883,0.3107333333333333,0.3610833333333333,0.217,0.493
ablation,ablation,full_depth2_branch4_risk-adjusted,opaque_dependency_l6,tabular_online,training,opaque,steps,30,6.0,0.0,6.0,6.0,6.0,6.0
ablation,ablation,full_depth2_branch4_risk-adjusted,opaque_dependency_l6,tabular_online,training,opaque,high_level_steps,30,6.0,0.0,6.0,6.0,6.0,6.0
ablation,ablation,full_depth2_branch4_risk-adjusted,opaque_dependency_l6,tabular_online,training,opaque,primitive_steps,30,6.0,0.0,6.0,6.0,6.0,6.0
ablation,ablation,full_depth2_branch4_risk-adjusted,opaque_dependency_l6,tabular_online,training,opaque,reward,30,0.33521666666666666,0.07133779325943883,0.31115,0.36045,0.217,0.493
ablation,ablation,full_depth2_branch4_risk-adjusted,opaque_dependency_l6,tabular_online,training,opaque,errors,30,0.0,0.0,0.0,0.0,0.0,0.0
ablation,ablation,full_depth2_branch4_risk-adjusted,opaque_dependency_l6,tabular_online,training,opaque,repeats,30,0.0,0.0,0.0,0.0,0.0,0.0
ablation,ablation,full_depth2_branch4_risk-adjusted,opaque_dependency_l6,tabular_online,training,opaque,prediction_score,30,0.9899944444444445,0.0005587742011924325,0.9897972222222222,0.9901944444444444,0.98875,0.9909166666666667
ablation,ablation,full_depth2_branch4_risk-adjusted,opaque_dependency_l6,tabular_online,training,opaque,holdout_score,30,0.12354595175287926,0.00021976011280834515,0.1234663804074339,0.12362217277518253,0.12305159026929598,0.1239719795736979
ablation,ablation,full_depth2_branch4_risk-adjusted,opaque_dependency_l6,tabular_online,training,opaque,holdout_gain,30,6.3778436010959445e-06,4.876738246617554e-06,4.730661515081804e-06,8.143055241307585e-06,0.0,1.7361111111111104e-05
ablation,ablation,full_depth2_branch4_risk-adjusted,opaque_dependency_l6,tabular_online,training,opaque,imagined_nodes,30,28.860316666666666,0.12596581934667073,28.816466666666667,28.904116666666667,28.6065,29.048
ablation,ablation,full_depth2_branch4_risk-adjusted,opaque_dependency_l6,tabular_online,training,opaque,imagination_depth,30,1.9334333333333333,0.005384737904378493,1.9315666666666667,1.9353,1.9195,1.9455
ablation,ablation,full_depth2_branch4_risk-adjusted,opaque_dependency_l6,tabular_online,training,opaque,actual_return,30,0.33521666666666666,0.07133779325943883,0.31085,0.3601,0.217,0.493
ablation,ablation,full_depth2_branch4_risk-adjusted,opaque_dependency_l6,tabular_online,training,opaque,runtime_seconds,30,0.002428461288230028,0.00012582498479161947,0.0023848002965426228,0.0024730294198239185,0.0021883701998740433,0.002770973299877369
ablation,ablation,full_depth2_branch4_risk-adjusted,opaque_dependency_l6,tabular_online,training,opaque,real_transitions,30,6.0,0.0,6.0,6.0,6.0,6.0
ablation,ablation,full_depth2_branch4_risk-adjusted,opaque_dependency_l6,tabular_online,training,opaque,imagined_transitions,30,28.860316666666666,0.12596581934667073,28.816266666666667,28.903650000000003,28.6065,29.048
ablation,ablation,full_depth2_branch4_risk-adjusted,opaque_dependency_l6,tabular_online,training,opaque,action_proposals,30,6.0,0.0,6.0,6.0,6.0,6.0
ablation,ablation,full_depth2_branch4_risk-adjusted,opaque_dependency_l6,tabular_online,training,opaque,repeat_rate,30,0.0,0.0,0.0,0.0,0.0,0.0
ablation,ablation,full_depth2_branch4_risk-adjusted,opaque_dependency_l6,tabular_online,training,opaque,error_rate,30,0.0,0.0,0.0,0.0,0.0,0.0
ablation,ablation,full_depth2_branch4_risk-adjusted,opaque_dependency_l6,tabular_online,training,opaque,learning_auc,30,0.33526763381690844,0.07129862756311883,0.31078039019509757,0.36002167750541936,0.21710855427713857,0.4932466233116558
ablation,ablation,full_depth2_branch4_risk-adjusted,opaque_dependency_l6,tabular_online,training,opaque,final_tail_success,30,0.4995,0.10892381076570971,0.4615,0.537,0.31,0.705
ablation,ablation,full_depth2_branch4_risk-adjusted,opaque_dependency_l6,tabular_online,training,opaque,first_success_real_transitions,30,282.2,212.5148919731152,206.6,357.8,6.0,678.0
ablation,ablation,full_depth4_branch1_max,opaque_dependency_l6,tabular_online,evaluation_seen,opaque,success,30,0.0,0.0,0.0,0.0,0.0,0.0
ablation,ablation,full_depth4_branch1_max,opaque_dependency_l6,tabular_online,evaluation_seen,opaque,steps,30,6.0,0.0,6.0,6.0,6.0,6.0
ablation,ablation,full_depth4_branch1_max,opaque_dependency_l6,tabular_online,evaluation_seen,opaque,high_level_steps,30,6.0,0.0,6.0,6.0,6.0,6.0
ablation,ablation,full_depth4_branch1_max,opaque_dependency_l6,tabular_online,evaluation_seen,opaque,primitive_steps,30,6.0,0.0,6.0,6.0,6.0,6.0
ablation,ablation,full_depth4_branch1_max,opaque_dependency_l6,tabular_online,evaluation_seen,opaque,reward,30,0.0,0.0,0.0,0.0,0.0,0.0
ablation,ablation,full_depth4_branch1_max,opaque_dependency_l6,tabular_online,evaluation_seen,opaque,errors,30,0.0,0.0,0.0,0.0,0.0,0.0
ablation,ablation,full_depth4_branch1_max,opaque_dependency_l6,tabular_online,evaluation_seen,opaque,repeats,30,0.0,0.0,0.0,0.0,0.0,0.0
ablation,ablation,full_depth4_branch1_max,opaque_dependency_l6,tabular_online,evaluation_seen,opaque,prediction_score,30,0.0,0.0,0.0,0.0,0.0,0.0
ablation,ablation,full_depth4_branch1_max,opaque_dependency_l6,tabular_online,evaluation_seen,opaque,holdout_score,30,1.0,0.0,1.0,1.0,1.0,1.0
ablation,ablation,full_depth4_branch1_max,opaque_dependency_l6,tabular_online,evaluation_seen,opaque,imagined_nodes,30,0.0,0.0,0.0,0.0,0.0,0.0
ablation,ablation,full_depth4_branch1_max,opaque_dependency_l6,tabular_online,evaluation_seen,opaque,imagination_depth,30,0.0,0.0,0.0,0.0,0.0,0.0
ablation,ablation,full_depth4_branch1_max,opaque_dependency_l6,tabular_online,evaluation_seen,opaque,actual_return,30,0.0,0.0,0.0,0.0,0.0,0.0
ablation,ablation,full_depth4_branch1_max,opaque_dependency_l6,tabular_online,evaluation_seen,opaque,runtime_seconds,30,0.00357159518332143,0.0004917913575455158,0.00340612083315015,0.003744737799812962,0.0028115154994884507,0.005079019499535206
ablation,ablation,full_depth4_branch1_max,opaque_dependency_l6,tabular_online,evaluation_seen,opaque,real_transitions,30,6.0,0.0,6.0,6.0,6.0,6.0
ablation,ablation,full_depth4_branch1_max,opaque_dependency_l6,tabular_online,evaluation_seen,opaque,imagined_transitions,30,0.0,0.0,0.0,0.0,0.0,0.0
ablation,ablation,full_depth4_branch1_max,opaque_dependency_l6,tabular_online,evaluation_seen,opaque,action_proposals,30,6.0,0.0,6.0,6.0,6.0,6.0
ablation,ablation,full_depth4_branch1_max,opaque_dependency_l6,tabular_online,evaluation_seen,opaque,repeat_rate,30,0.0,0.0,0.0,0.0,0.0,0.0
ablation,ablation,full_depth4_branch1_max,opaque_dependency_l6,tabular_online,evaluation_seen,opaque,error_rate,30,0.0,0.0,0.0,0.0,0.0,0.0
ablation,ablation,full_depth4_branch1_max,opaque_dependency_l6,tabular_online,evaluation_unseen_zero_shot,opaque,success,30,0.0,0.0,0.0,0.0,0.0,0.0
ablation,ablation,full_depth4_branch1_max,opaque_dependency_l6,tabular_online,evaluation_unseen_zero_shot,opaque,steps,30,6.0,0.0,6.0,6.0,6.0,6.0
ablation,ablation,full_depth4_branch1_max,opaque_dependency_l6,tabular_online,evaluation_unseen_zero_shot,opaque,high_level_steps,30,6.0,0.0,6.0,6.0,6.0,6.0
ablation,ablation,full_depth4_branch1_max,opaque_dependency_l6,tabular_online,evaluation_unseen_zero_shot,opaque,primitive_steps,30,6.0,0.0,6.0,6.0,6.0,6.0
ablation,ablation,full_depth4_branch1_max,opaque_dependency_l6,tabular_online,evaluation_unseen_zero_shot,opaque,reward,30,0.0,0.0,0.0,0.0,0.0,0.0
ablation,ablation,full_depth4_branch1_max,opaque_dependency_l6,tabular_online,evaluation_unseen_zero_shot,opaque,errors,30,0.0,0.0,0.0,0.0,0.0,0.0
ablation,ablation,full_depth4_branch1_max,opaque_dependency_l6,tabular_online,evaluation_unseen_zero_shot,opaque,repeats,30,0.0,0.0,0.0,0.0,0.0,0.0
ablation,ablation,full_depth4_branch1_max,opaque_dependency_l6,tabular_online,evaluation_unseen_zero_shot,opaque,prediction_score,30,0.0,0.0,0.0,0.0,0.0,0.0
ablation,ablation,full_depth4_branch1_max,opaque_dependency_l6,tabular_online,evaluation_unseen_zero_shot,opaque,holdout_score,30,1.0,0.0,1.0,1.0,1.0,1.0
ablation,ablation,full_depth4_branch1_max,opaque_dependency_l6,tabular_online,evaluation_unseen_zero_shot,opaque,imagined_nodes,30,0.0,0.0,0.0,0.0,0.0,0.0
ablation,ablation,full_depth4_branch1_max,opaque_dependency_l6,tabular_online,evaluation_unseen_zero_shot,opaque,imagination_depth,30,0.0,0.0,0.0,0.0,0.0,0.0
ablation,ablation,full_depth4_branch1_max,opaque_dependency_l6,tabular_online,evaluation_unseen_zero_shot,opaque,actual_return,30,0.0,0.0,0.0,0.0,0.0,0.0
ablation,ablation,full_depth4_branch1_max,opaque_dependency_l6,tabular_online,evaluation_unseen_zero_shot,opaque,runtime_seconds,30,0.0035320136331623265,0.000550934515293124,0.0033463159168071193,0.003734018950044022,0.002775250999693526,0.005161250499804737
ablation,ablation,full_depth4_branch1_max,opaque_dependency_l6,tabular_online,evaluation_unseen_zero_shot,opaque,real_transitions,30,6.0,0.0,6.0,6.0,6.0,6.0
ablation,ablation,full_depth4_branch1_max,opaque_dependency_l6,tabular_online,evaluation_unseen_zero_shot,opaque,imagined_transitions,30,0.0,0.0,0.0,0.0,0.0,0.0
ablation,ablation,full_depth4_branch1_max,opaque_dependency_l6,tabular_online,evaluation_unseen_zero_shot,opaque,action_proposals,30,6.0,0.0,6.0,6.0,6.0,6.0
ablation,ablation,full_depth4_branch1_max,opaque_dependency_l6,tabular_online,evaluation_unseen_zero_shot,opaque,repeat_rate,30,0.0,0.0,0.0,0.0,0.0,0.0
ablation,ablation,full_depth4_branch1_max,opaque_dependency_l6,tabular_online,evaluation_unseen_zero_shot,opaque,error_rate,30,0.0,0.0,0.0,0.0,0.0,0.0
ablation,ablation,full_depth4_branch1_max,opaque_dependency_l6,tabular_online,training,opaque,success,30,0.33521666666666666,0.07133779325943883,0.31046666666666667,0.36014999999999997,0.217,0.493
ablation,ablation,full_depth4_branch1_max,opaque_dependency_l6,tabular_online,training,opaque,steps,30,6.0,0.0,6.0,6.0,6.0,6.0
ablation,ablation,full_depth4_branch1_max,opaque_dependency_l6,tabular_online,training,opaque,high_level_steps,30,6.0,0.0,6.0,6.0,6.0,6.0
ablation,ablation,full_depth4_branch1_max,opaque_dependency_l6,tabular_online,training,opaque,primitive_steps,30,6.0,0.0,6.0,6.0,6.0,6.0
ablation,ablation,full_depth4_branch1_max,opaque_dependency_l6,tabular_online,training,opaque,reward,30,0.33521666666666666,0.07133779325943883,0.31065,0.3606666666666667,0.217,0.493
ablation,ablation,full_depth4_branch1_max,opaque_dependency_l6,tabular_online,training,opaque,errors,30,0.0,0.0,0.0,0.0,0.0,0.0
ablation,ablation,full_depth4_branch1_max,opaque_dependency_l6,tabular_online,training,opaque,repeats,30,0.0,0.0,0.0,0.0,0.0,0.0
ablation,ablation,full_depth4_branch1_max,opaque_dependency_l6,tabular_online,training,opaque,prediction_score,30,0.9899944444444445,0.0005587742011924325,0.9897972222222222,0.9901944444444444,0.98875,0.9909166666666667
ablation,ablation,full_depth4_branch1_max,opaque_dependency_l6,tabular_online,training,opaque,holdout_score,30,0.12354595175287926,0.00021976011280834515,0.12346546040655884,0.12362036469884365,0.12305159026929598,0.1239719795736979
ablation,ablation,full_depth4_branch1_max,opaque_dependency_l6,tabular_online,training,opaque,holdout_gain,30,6.3778436010959445e-06,4.876738246617554e-06,4.733371359703414e-06,8.089047330388974e-06,0.0,1.7361111111111104e-05
ablation,ablation,full_depth4_branch1_max,opaque_dependency_l6,tabular_online,training,opaque,imagined_nodes,30,18.22605,0.08448141501394617,18.195983333333334,18.254833333333334,18.0585,18.3595
ablation,ablation,full_depth4_branch1_max,opaque_dependency_l6,tabular_online,training,opaque,imagination_depth,30,3.8053000000000003,0.012559238940263086,3.8007666666666666,3.8095833333333333,3.7715,3.827
ablation,ablation,full_depth4_branch1_max,opaque_dependency_l6,tabular_online,training,opaque,actual_return,30,0.33521666666666666,0.07133779325943883,0.31105,0.3604,0.217,0.493
ablation,ablation,full_depth4_branch1_max,opaque_dependency_l6,tabular_online,training,opaque,runtime_seconds,30,0.001955759269873185,0.00011712949894770888,0.0019148371082017548,0.0019955287881428378,0.001748795549836359,0.0021523699500539807
ablation,ablation,full_depth4_branch1_max,opaque_dependency_l6,tabular_online,training,opaque,real_transitions,30,6.0,0.0,6.0,6.0,6.0,6.0
ablation,ablation,full_depth4_branch1_max,opaque_dependency_l6,tabular_online,training,opaque,imagined_transitions,30,18.22605,0.08448141501394617,18.19561666666667,18.25575,18.0585,18.3595
ablation,ablation,full_depth4_branch1_max,opaque_dependency_l6,tabular_online,training,opaque,action_proposals,30,6.0,0.0,6.0,6.0,6.0,6.0
ablation,ablation,full_depth4_branch1_max,opaque_dependency_l6,tabular_online,training,opaque,repeat_rate,30,0.0,0.0,0.0,0.0,0.0,0.0
ablation,ablation,full_depth4_branch1_max,opaque_dependency_l6,tabular_online,training,opaque,error_rate,30,0.0,0.0,0.0,0.0,0.0,0.0
ablation,ablation,full_depth4_branch1_max,opaque_dependency_l6,tabular_online,training,opaque,learning_auc,30,0.33526763381690844,0.07129862756311883,0.31033850258462564,0.36044689011172254,0.21710855427713857,0.4932466233116558
ablation,ablation,full_depth4_branch1_max,opaque_dependency_l6,tabular_online,training,opaque,final_tail_success,30,0.4995,0.10892381076570971,0.461,0.5383333333333334,0.31,0.705
ablation,ablation,full_depth4_branch1_max,opaque_dependency_l6,tabular_online,training,opaque,first_success_real_transitions,30,282.2,212.5148919731152,209.4,358.6,6.0,678.0
ablation,ablation,full_depth4_branch1_mean,opaque_dependency_l6,tabular_online,evaluation_seen,opaque,success,30,0.0,0.0,0.0,0.0,0.0,0.0
ablation,ablation,full_depth4_branch1_mean,opaque_dependency_l6,tabular_online,evaluation_seen,opaque,steps,30,6.0,0.0,6.0,6.0,6.0,6.0
ablation,ablation,full_depth4_branch1_mean,opaque_dependency_l6,tabular_online,evaluation_seen,opaque,high_level_steps,30,6.0,0.0,6.0,6.0,6.0,6.0
ablation,ablation,full_depth4_branch1_mean,opaque_dependency_l6,tabular_online,evaluation_seen,opaque,primitive_steps,30,6.0,0.0,6.0,6.0,6.0,6.0
ablation,ablation,full_depth4_branch1_mean,opaque_dependency_l6,tabular_online,evaluation_seen,opaque,reward,30,0.0,0.0,0.0,0.0,0.0,0.0
ablation,ablation,full_depth4_branch1_mean,opaque_dependency_l6,tabular_online,evaluation_seen,opaque,errors,30,0.0,0.0,0.0,0.0,0.0,0.0
ablation,ablation,full_depth4_branch1_mean,opaque_dependency_l6,tabular_online,evaluation_seen,opaque,repeats,30,0.0,0.0,0.0,0.0,0.0,0.0
ablation,ablation,full_depth4_branch1_mean,opaque_dependency_l6,tabular_online,evaluation_seen,opaque,prediction_score,30,0.0,0.0,0.0,0.0,0.0,0.0
ablation,ablation,full_depth4_branch1_mean,opaque_dependency_l6,tabular_online,evaluation_seen,opaque,holdout_score,30,1.0,0.0,1.0,1.0,1.0,1.0
ablation,ablation,full_depth4_branch1_mean,opaque_dependency_l6,tabular_online,evaluation_seen,opaque,imagined_nodes,30,0.0,0.0,0.0,0.0,0.0,0.0
ablation,ablation,full_depth4_branch1_mean,opaque_dependency_l6,tabular_online,evaluation_seen,opaque,imagination_depth,30,0.0,0.0,0.0,0.0,0.0,0.0
ablation,ablation,full_depth4_branch1_mean,opaque_dependency_l6,tabular_online,evaluation_seen,opaque,actual_return,30,0.0,0.0,0.0,0.0,0.0,0.0
ablation,ablation,full_depth4_branch1_mean,opaque_dependency_l6,tabular_online,evaluation_seen,opaque,runtime_seconds,30,0.003499825183088736,0.0005093858440404638,0.0033268296330206796,0.0036826459997925365,0.002764922000351362,0.00468317650113022
ablation,ablation,full_depth4_branch1_mean,opaque_dependency_l6,tabular_online,evaluation_seen,opaque,real_transitions,30,6.0,0.0,6.0,6.0,6.0,6.0
ablation,ablation,full_depth4_branch1_mean,opaque_dependency_l6,tabular_online,evaluation_seen,opaque,imagined_transitions,30,0.0,0.0,0.0,0.0,0.0,0.0
ablation,ablation,full_depth4_branch1_mean,opaque_dependency_l6,tabular_online,evaluation_seen,opaque,action_proposals,30,6.0,0.0,6.0,6.0,6.0,6.0
ablation,ablation,full_depth4_branch1_mean,opaque_dependency_l6,tabular_online,evaluation_seen,opaque,repeat_rate,30,0.0,0.0,0.0,0.0,0.0,0.0
ablation,ablation,full_depth4_branch1_mean,opaque_dependency_l6,tabular_online,evaluation_seen,opaque,error_rate,30,0.0,0.0,0.0,0.0,0.0,0.0
ablation,ablation,full_depth4_branch1_mean,opaque_dependency_l6,tabular_online,evaluation_unseen_zero_shot,opaque,success,30,0.0,0.0,0.0,0.0,0.0,0.0
ablation,ablation,full_depth4_branch1_mean,opaque_dependency_l6,tabular_online,evaluation_unseen_zero_shot,opaque,steps,30,6.0,0.0,6.0,6.0,6.0,6.0
ablation,ablation,full_depth4_branch1_mean,opaque_dependency_l6,tabular_online,evaluation_unseen_zero_shot,opaque,high_level_steps,30,6.0,0.0,6.0,6.0,6.0,6.0
ablation,ablation,full_depth4_branch1_mean,opaque_dependency_l6,tabular_online,evaluation_unseen_zero_shot,opaque,primitive_steps,30,6.0,0.0,6.0,6.0,6.0,6.0
ablation,ablation,full_depth4_branch1_mean,opaque_dependency_l6,tabular_online,evaluation_unseen_zero_shot,opaque,reward,30,0.0,0.0,0.0,0.0,0.0,0.0
ablation,ablation,full_depth4_branch1_mean,opaque_dependency_l6,tabular_online,evaluation_unseen_zero_shot,opaque,errors,30,0.0,0.0,0.0,0.0,0.0,0.0
ablation,ablation,full_depth4_branch1_mean,opaque_dependency_l6,tabular_online,evaluation_unseen_zero_shot,opaque,repeats,30,0.0,0.0,0.0,0.0,0.0,0.0
ablation,ablation,full_depth4_branch1_mean,opaque_dependency_l6,tabular_online,evaluation_unseen_zero_shot,opaque,prediction_score,30,0.0,0.0,0.0,0.0,0.0,0.0
ablation,ablation,full_depth4_branch1_mean,opaque_dependency_l6,tabular_online,evaluation_unseen_zero_shot,opaque,holdout_score,30,1.0,0.0,1.0,1.0,1.0,1.0
ablation,ablation,full_depth4_branch1_mean,opaque_dependency_l6,tabular_online,evaluation_unseen_zero_shot,opaque,imagined_nodes,30,0.0,0.0,0.0,0.0,0.0,0.0
ablation,ablation,full_depth4_branch1_mean,opaque_dependency_l6,tabular_online,evaluation_unseen_zero_shot,opaque,imagination_depth,30,0.0,0.0,0.0,0.0,0.0,0.0
ablation,ablation,full_depth4_branch1_mean,opaque_dependency_l6,tabular_online,evaluation_unseen_zero_shot,opaque,actual_return,30,0.0,0.0,0.0,0.0,0.0,0.0
ablation,ablation,full_depth4_branch1_mean,opaque_dependency_l6,tabular_online,evaluation_unseen_zero_shot,opaque,runtime_seconds,30,0.0035575508002366404,0.0005108354840817714,0.0033789447835539856,0.003737612116819946,0.0028510745013772976,0.0049320945009822025
ablation,ablation,full_depth4_branch1_mean,opaque_dependency_l6,tabular_online,evaluation_unseen_zero_shot,opaque,real_transitions,30,6.0,0.0,6.0,6.0,6.0,6.0
ablation,ablation,full_depth4_branch1_mean,opaque_dependency_l6,tabular_online,evaluation_unseen_zero_shot,opaque,imagined_transitions,30,0.0,0.0,0.0,0.0,0.0,0.0
ablation,ablation,full_depth4_branch1_mean,opaque_dependency_l6,tabular_online,evaluation_unseen_zero_shot,opaque,action_proposals,30,6.0,0.0,6.0,6.0,6.0,6.0
ablation,ablation,full_depth4_branch1_mean,opaque_dependency_l6,tabular_online,evaluation_unseen_zero_shot,opaque,repeat_rate,30,0.0,0.0,0.0,0.0,0.0,0.0
ablation,ablation,full_depth4_branch1_mean,opaque_dependency_l6,tabular_online,evaluation_unseen_zero_shot,opaque,error_rate,30,0.0,0.0,0.0,0.0,0.0,0.0
ablation,ablation,full_depth4_branch1_mean,opaque_dependency_l6,tabular_online,training,opaque,success,30,0.33521666666666666,0.07133779325943883,0.30996666666666667,0.35925,0.217,0.493
ablation,ablation,full_depth4_branch1_mean,opaque_dependency_l6,tabular_online,training,opaque,steps,30,6.0,0.0,6.0,6.0,6.0,6.0
ablation,ablation,full_depth4_branch1_mean,opaque_dependency_l6,tabular_online,training,opaque,high_level_steps,30,6.0,0.0,6.0,6.0,6.0,6.0
ablation,ablation,full_depth4_branch1_mean,opaque_dependency_l6,tabular_online,training,opaque,primitive_steps,30,6.0,0.0,6.0,6.0,6.0,6.0
ablation,ablation,full_depth4_branch1_mean,opaque_dependency_l6,tabular_online,training,opaque,reward,30,0.33521666666666666,0.07133779325943883,0.3096833333333333,0.3607833333333333,0.217,0.493
ablation,ablation,full_depth4_branch1_mean,opaque_dependency_l6,tabular_online,training,opaque,errors,30,0.0,0.0,0.0,0.0,0.0,0.0
ablation,ablation,full_depth4_branch1_mean,opaque_dependency_l6,tabular_online,training,opaque,repeats,30,0.0,0.0,0.0,0.0,0.0,0.0
ablation,ablation,full_depth4_branch1_mean,opaque_dependency_l6,tabular_online,training,opaque,prediction_score,30,0.9899944444444445,0.0005587742011924325,0.9897944444444444,0.9901888888888889,0.98875,0.9909166666666667
ablation,ablation,full_depth4_branch1_mean,opaque_dependency_l6,tabular_online,training,opaque,holdout_score,30,0.12354595175287926,0.00021976011280834515,0.12346848556965533,0.12362206515923115,0.12305159026929598,0.1239719795736979
ablation,ablation,full_depth4_branch1_mean,opaque_dependency_l6,tabular_online,training,opaque,holdout_gain,30,6.3778436010959445e-06,4.876738246617554e-06,4.71514553438573e-06,8.168211837142997e-06,0.0,1.7361111111111104e-05
ablation,ablation,full_depth4_branch1_mean,opaque_dependency_l6,tabular_online,training,opaque,imagined_nodes,30,18.22605,0.08448141501394617,18.19591666666667,18.255433333333333,18.0585,18.3595
ablation,ablation,full_depth4_branch1_mean,opaque_dependency_l6,tabular_online,training,opaque,imagination_depth,30,3.8053000000000003,0.012559238940263086,3.8007333333333335,3.8096,3.7715,3.827
ablation,ablation,full_depth4_branch1_mean,opaque_dependency_l6,tabular_online,training,opaque,actual_return,30,0.33521666666666666,0.07133779325943883,0.30996666666666667,0.36051666666666665,0.217,0.493
ablation,ablation,full_depth4_branch1_mean,opaque_dependency_l6,tabular_online,training,opaque,runtime_seconds,30,0.001962735203333917,7.397966367908198e-05,0.0019374409250279617,0.0019885212300267694,0.0017963368000491755,0.002106909100257326
ablation,ablation,full_depth4_branch1_mean,opaque_dependency_l6,tabular_online,training,opaque,real_transitions,30,6.0,0.0,6.0,6.0,6.0,6.0
ablation,ablation,full_depth4_branch1_mean,opaque_dependency_l6,tabular_online,training,opaque,imagined_transitions,30,18.22605,0.08448141501394617,18.195833333333333,18.255583333333334,18.0585,18.3595
ablation,ablation,full_depth4_branch1_mean,opaque_dependency_l6,tabular_online,training,opaque,action_proposals,30,6.0,0.0,6.0,6.0,6.0,6.0
ablation,ablation,full_depth4_branch1_mean,opaque_dependency_l6,tabular_online,training,opaque,repeat_rate,30,0.0,0.0,0.0,0.0,0.0,0.0
ablation,ablation,full_depth4_branch1_mean,opaque_dependency_l6,tabular_online,training,opaque,error_rate,30,0.0,0.0,0.0,0.0,0.0,0.0
ablation,ablation,full_depth4_branch1_mean,opaque_dependency_l6,tabular_online,training,opaque,learning_auc,30,0.33526763381690844,0.07129862756311883,0.3104552276138069,0.36114724028681006,0.21710855427713857,0.4932466233116558
ablation,ablation,full_depth4_branch1_mean,opaque_dependency_l6,tabular_online,training,opaque,final_tail_success,30,0.4995,0.10892381076570971,0.4615,0.5386666666666666,0.31,0.705
ablation,ablation,full_depth4_branch1_mean,opaque_dependency_l6,tabular_online,training,opaque,first_success_real_transitions,30,282.2,212.5148919731152,209.0,358.6,6.0,678.0
ablation,ablation,full_depth4_branch1_risk-adjusted,opaque_dependency_l6,tabular_online,evaluation_seen,opaque,success,30,0.0,0.0,0.0,0.0,0.0,0.0
ablation,ablation,full_depth4_branch1_risk-adjusted,opaque_dependency_l6,tabular_online,evaluation_seen,opaque,steps,30,6.0,0.0,6.0,6.0,6.0,6.0
ablation,ablation,full_depth4_branch1_risk-adjusted,opaque_dependency_l6,tabular_online,evaluation_seen,opaque,high_level_steps,30,6.0,0.0,6.0,6.0,6.0,6.0
ablation,ablation,full_depth4_branch1_risk-adjusted,opaque_dependency_l6,tabular_online,evaluation_seen,opaque,primitive_steps,30,6.0,0.0,6.0,6.0,6.0,6.0
ablation,ablation,full_depth4_branch1_risk-adjusted,opaque_dependency_l6,tabular_online,evaluation_seen,opaque,reward,30,0.0,0.0,0.0,0.0,0.0,0.0
ablation,ablation,full_depth4_branch1_risk-adjusted,opaque_dependency_l6,tabular_online,evaluation_seen,opaque,errors,30,0.0,0.0,0.0,0.0,0.0,0.0
ablation,ablation,full_depth4_branch1_risk-adjusted,opaque_dependency_l6,tabular_online,evaluation_seen,opaque,repeats,30,0.0,0.0,0.0,0.0,0.0,0.0
ablation,ablation,full_depth4_branch1_risk-adjusted,opaque_dependency_l6,tabular_online,evaluation_seen,opaque,prediction_score,30,0.0,0.0,0.0,0.0,0.0,0.0
ablation,ablation,full_depth4_branch1_risk-adjusted,opaque_dependency_l6,tabular_online,evaluation_seen,opaque,holdout_score,30,1.0,0.0,1.0,1.0,1.0,1.0
ablation,ablation,full_depth4_branch1_risk-adjusted,opaque_dependency_l6,tabular_online,evaluation_seen,opaque,imagined_nodes,30,0.0,0.0,0.0,0.0,0.0,0.0
ablation,ablation,full_depth4_branch1_risk-adjusted,opaque_dependency_l6,tabular_online,evaluation_seen,opaque,imagination_depth,30,0.0,0.0,0.0,0.0,0.0,0.0
ablation,ablation,full_depth4_branch1_risk-adjusted,opaque_dependency_l6,tabular_online,evaluation_seen,opaque,actual_return,30,0.0,0.0,0.0,0.0,0.0,0.0
ablation,ablation,full_depth4_branch1_risk-adjusted,opaque_dependency_l6,tabular_online,evaluation_seen,opaque,runtime_seconds,30,0.0036331947667398103,0.0005665863929390192,0.003439629999930427,0.0038384460503196657,0.0028497834999870976,0.005324774002074264
ablation,ablation,full_depth4_branch1_risk-adjusted,opaque_dependency_l6,tabular_online,evaluation_seen,opaque,real_transitions,30,6.0,0.0,6.0,6.0,6.0,6.0
ablation,ablation,full_depth4_branch1_risk-adjusted,opaque_dependency_l6,tabular_online,evaluation_seen,opaque,imagined_transitions,30,0.0,0.0,0.0,0.0,0.0,0.0
ablation,ablation,full_depth4_branch1_risk-adjusted,opaque_dependency_l6,tabular_online,evaluation_seen,opaque,action_proposals,30,6.0,0.0,6.0,6.0,6.0,6.0
ablation,ablation,full_depth4_branch1_risk-adjusted,opaque_dependency_l6,tabular_online,evaluation_seen,opaque,repeat_rate,30,0.0,0.0,0.0,0.0,0.0,0.0
ablation,ablation,full_depth4_branch1_risk-adjusted,opaque_dependency_l6,tabular_online,evaluation_seen,opaque,error_rate,30,0.0,0.0,0.0,0.0,0.0,0.0
ablation,ablation,full_depth4_branch1_risk-adjusted,opaque_dependency_l6,tabular_online,evaluation_unseen_zero_shot,opaque,success,30,0.0,0.0,0.0,0.0,0.0,0.0
ablation,ablation,full_depth4_branch1_risk-adjusted,opaque_dependency_l6,tabular_online,evaluation_unseen_zero_shot,opaque,steps,30,6.0,0.0,6.0,6.0,6.0,6.0
ablation,ablation,full_depth4_branch1_risk-adjusted,opaque_dependency_l6,tabular_online,evaluation_unseen_zero_shot,opaque,high_level_steps,30,6.0,0.0,6.0,6.0,6.0,6.0
ablation,ablation,full_depth4_branch1_risk-adjusted,opaque_dependency_l6,tabular_online,evaluation_unseen_zero_shot,opaque,primitive_steps,30,6.0,0.0,6.0,6.0,6.0,6.0
ablation,ablation,full_depth4_branch1_risk-adjusted,opaque_dependency_l6,tabular_online,evaluation_unseen_zero_shot,opaque,reward,30,0.0,0.0,0.0,0.0,0.0,0.0
ablation,ablation,full_depth4_branch1_risk-adjusted,opaque_dependency_l6,tabular_online,evaluation_unseen_zero_shot,opaque,errors,30,0.0,0.0,0.0,0.0,0.0,0.0
ablation,ablation,full_depth4_branch1_risk-adjusted,opaque_dependency_l6,tabular_online,evaluation_unseen_zero_shot,opaque,repeats,30,0.0,0.0,0.0,0.0,0.0,0.0
ablation,ablation,full_depth4_branch1_risk-adjusted,opaque_dependency_l6,tabular_online,evaluation_unseen_zero_shot,opaque,prediction_score,30,0.0,0.0,0.0,0.0,0.0,0.0
ablation,ablation,full_depth4_branch1_risk-adjusted,opaque_dependency_l6,tabular_online,evaluation_unseen_zero_shot,opaque,holdout_score,30,1.0,0.0,1.0,1.0,1.0,1.0
ablation,ablation,full_depth4_branch1_risk-adjusted,opaque_dependency_l6,tabular_online,evaluation_unseen_zero_shot,opaque,imagined_nodes,30,0.0,0.0,0.0,0.0,0.0,0.0
ablation,ablation,full_depth4_branch1_risk-adjusted,opaque_dependency_l6,tabular_online,evaluation_unseen_zero_shot,opaque,imagination_depth,30,0.0,0.0,0.0,0.0,0.0,0.0
ablation,ablation,full_depth4_branch1_risk-adjusted,opaque_dependency_l6,tabular_online,evaluation_unseen_zero_shot,opaque,actual_return,30,0.0,0.0,0.0,0.0,0.0,0.0
ablation,ablation,full_depth4_branch1_risk-adjusted,opaque_dependency_l6,tabular_online,evaluation_unseen_zero_shot,opaque,runtime_seconds,30,0.0035969282167206983,0.0004888125523372082,0.0034220226832549086,0.0037684109165614546,0.0028714715009846258,0.004783165499975439
ablation,ablation,full_depth4_branch1_risk-adjusted,opaque_dependency_l6,tabular_online,evaluation_unseen_zero_shot,opaque,real_transitions,30,6.0,0.0,6.0,6.0,6.0,6.0
ablation,ablation,full_depth4_branch1_risk-adjusted,opaque_dependency_l6,tabular_online,evaluation_unseen_zero_shot,opaque,imagined_transitions,30,0.0,0.0,0.0,0.0,0.0,0.0
ablation,ablation,full_depth4_branch1_risk-adjusted,opaque_dependency_l6,tabular_online,evaluation_unseen_zero_shot,opaque,action_proposals,30,6.0,0.0,6.0,6.0,6.0,6.0
ablation,ablation,full_depth4_branch1_risk-adjusted,opaque_dependency_l6,tabular_online,evaluation_unseen_zero_shot,opaque,repeat_rate,30,0.0,0.0,0.0,0.0,0.0,0.0
ablation,ablation,full_depth4_branch1_risk-adjusted,opaque_dependency_l6,tabular_online,evaluation_unseen_zero_shot,opaque,error_rate,30,0.0,0.0,0.0,0.0,0.0,0.0
ablation,ablation,full_depth4_branch1_risk-adjusted,opaque_dependency_l6,tabular_online,training,opaque,success,30,0.33521666666666666,0.07133779325943883,0.3107666666666667,0.3605,0.217,0.493
ablation,ablation,full_depth4_branch1_risk-adjusted,opaque_dependency_l6,tabular_online,training,opaque,steps,30,6.0,0.0,6.0,6.0,6.0,6.0
ablation,ablation,full_depth4_branch1_risk-adjusted,opaque_dependency_l6,tabular_online,training,opaque,high_level_steps,30,6.0,0.0,6.0,6.0,6.0,6.0
ablation,ablation,full_depth4_branch1_risk-adjusted,opaque_dependency_l6,tabular_online,training,opaque,primitive_steps,30,6.0,0.0,6.0,6.0,6.0,6.0
ablation,ablation,full_depth4_branch1_risk-adjusted,opaque_dependency_l6,tabular_online,training,opaque,reward,30,0.33521666666666666,0.07133779325943883,0.3107666666666667,0.3607666666666667,0.217,0.493
ablation,ablation,full_depth4_branch1_risk-adjusted,opaque_dependency_l6,tabular_online,training,opaque,errors,30,0.0,0.0,0.0,0.0,0.0,0.0
ablation,ablation,full_depth4_branch1_risk-adjusted,opaque_dependency_l6,tabular_online,training,opaque,repeats,30,0.0,0.0,0.0,0.0,0.0,0.0
ablation,ablation,full_depth4_branch1_risk-adjusted,opaque_dependency_l6,tabular_online,training,opaque,prediction_score,30,0.9899944444444445,0.0005587742011924325,0.9897916666666667,0.9901833333333333,0.98875,0.9909166666666667
ablation,ablation,full_depth4_branch1_risk-adjusted,opaque_dependency_l6,tabular_online,training,opaque,holdout_score,30,0.12354595175287926,0.00021976011280834515,0.1234647187869431,0.12362304938961705,0.12305159026929598,0.1239719795736979
ablation,ablation,full_depth4_branch1_risk-adjusted,opaque_dependency_l6,tabular_online,training,opaque,holdout_gain,30,6.3778436010959445e-06,4.876738246617554e-06,4.645646422820335e-06,8.148238899570954e-06,0.0,1.7361111111111104e-05
ablation,ablation,full_depth4_branch1_risk-adjusted,opaque_dependency_l6,tabular_online,training,opaque,imagined_nodes,30,18.22605,0.08448141501394617,18.196316666666668,18.254733333333334,18.0585,18.3595
ablation,ablation,full_depth4_branch1_risk-adjusted,opaque_dependency_l6,tabular_online,training,opaque,imagination_depth,30,3.8053000000000003,0.012559238940263086,3.8007833333333334,3.80965,3.7715,3.827
ablation,ablation,full_depth4_branch1_risk-adjusted,opaque_dependency_l6,tabular_online,training,opaque,actual_return,30,0.33521666666666666,0.07133779325943883,0.30956666666666666,0.36051666666666665,0.217,0.493
ablation,ablation,full_depth4_branch1_risk-adjusted,opaque_dependency_l6,tabular_online,training,opaque,runtime_seconds,30,0.0019719651316661233,0.00011041028047174259,0.0019332149382734012,0.0020114174916981333,0.0017064465500588994,0.0021818283503234853
ablation,ablation,full_depth4_branch1_risk-adjusted,opaque_dependency_l6,tabular_online,training,opaque,real_transitions,30,6.0,0.0,6.0,6.0,6.0,6.0
ablation,ablation,full_depth4_branch1_risk-adjusted,opaque_dependency_l6,tabular_online,training,opaque,imagined_transitions,30,18.22605,0.08448141501394617,18.196933333333334,18.2557,18.0585,18.3595
ablation,ablation,full_depth4_branch1_risk-adjusted,opaque_dependency_l6,tabular_online,training,opaque,action_proposals,30,6.0,0.0,6.0,6.0,6.0,6.0
ablation,ablation,full_depth4_branch1_risk-adjusted,opaque_dependency_l6,tabular_online,training,opaque,repeat_rate,30,0.0,0.0,0.0,0.0,0.0,0.0
ablation,ablation,full_depth4_branch1_risk-adjusted,opaque_dependency_l6,tabular_online,training,opaque,error_rate,30,0.0,0.0,0.0,0.0,0.0,0.0
ablation,ablation,full_depth4_branch1_risk-adjusted,opaque_dependency_l6,tabular_online,training,opaque,learning_auc,30,0.33526763381690844,0.07129862756311883,0.31098049024512253,0.35997165249291313,0.21710855427713857,0.4932466233116558
ablation,ablation,full_depth4_branch1_risk-adjusted,opaque_dependency_l6,tabular_online,training,opaque,final_tail_success,30,0.4995,0.10892381076570971,0.46199999999999997,0.5368333333333334,0.31,0.705
ablation,ablation,full_depth4_branch1_risk-adjusted,opaque_dependency_l6,tabular_online,training,opaque,first_success_real_transitions,30,282.2,212.5148919731152,209.6,357.8,6.0,678.0
ablation,ablation,full_depth4_branch2_max,opaque_dependency_l6,tabular_online,evaluation_seen,opaque,success,30,0.0,0.0,0.0,0.0,0.0,0.0
ablation,ablation,full_depth4_branch2_max,opaque_dependency_l6,tabular_online,evaluation_seen,opaque,steps,30,6.0,0.0,6.0,6.0,6.0,6.0
ablation,ablation,full_depth4_branch2_max,opaque_dependency_l6,tabular_online,evaluation_seen,opaque,high_level_steps,30,6.0,0.0,6.0,6.0,6.0,6.0
ablation,ablation,full_depth4_branch2_max,opaque_dependency_l6,tabular_online,evaluation_seen,opaque,primitive_steps,30,6.0,0.0,6.0,6.0,6.0,6.0
ablation,ablation,full_depth4_branch2_max,opaque_dependency_l6,tabular_online,evaluation_seen,opaque,reward,30,0.0,0.0,0.0,0.0,0.0,0.0
ablation,ablation,full_depth4_branch2_max,opaque_dependency_l6,tabular_online,evaluation_seen,opaque,errors,30,0.0,0.0,0.0,0.0,0.0,0.0
ablation,ablation,full_depth4_branch2_max,opaque_dependency_l6,tabular_online,evaluation_seen,opaque,repeats,30,0.0,0.0,0.0,0.0,0.0,0.0
ablation,ablation,full_depth4_branch2_max,opaque_dependency_l6,tabular_online,evaluation_seen,opaque,prediction_score,30,0.0,0.0,0.0,0.0,0.0,0.0
ablation,ablation,full_depth4_branch2_max,opaque_dependency_l6,tabular_online,evaluation_seen,opaque,holdout_score,30,1.0,0.0,1.0,1.0,1.0,1.0
ablation,ablation,full_depth4_branch2_max,opaque_dependency_l6,tabular_online,evaluation_seen,opaque,imagined_nodes,30,0.0,0.0,0.0,0.0,0.0,0.0
ablation,ablation,full_depth4_branch2_max,opaque_dependency_l6,tabular_online,evaluation_seen,opaque,imagination_depth,30,0.0,0.0,0.0,0.0,0.0,0.0
ablation,ablation,full_depth4_branch2_max,opaque_dependency_l6,tabular_online,evaluation_seen,opaque,actual_return,30,0.0,0.0,0.0,0.0,0.0,0.0
ablation,ablation,full_depth4_branch2_max,opaque_dependency_l6,tabular_online,evaluation_seen,opaque,runtime_seconds,30,0.0035438575500641796,0.00041450600275898274,0.003393318599972796,0.003683492100079699,0.002707500999968033,0.004097632999910275
ablation,ablation,full_depth4_branch2_max,opaque_dependency_l6,tabular_online,evaluation_seen,opaque,real_transitions,30,6.0,0.0,6.0,6.0,6.0,6.0
ablation,ablation,full_depth4_branch2_max,opaque_dependency_l6,tabular_online,evaluation_seen,opaque,imagined_transitions,30,0.0,0.0,0.0,0.0,0.0,0.0
ablation,ablation,full_depth4_branch2_max,opaque_dependency_l6,tabular_online,evaluation_seen,opaque,action_proposals,30,6.0,0.0,6.0,6.0,6.0,6.0
ablation,ablation,full_depth4_branch2_max,opaque_dependency_l6,tabular_online,evaluation_seen,opaque,repeat_rate,30,0.0,0.0,0.0,0.0,0.0,0.0
ablation,ablation,full_depth4_branch2_max,opaque_dependency_l6,tabular_online,evaluation_seen,opaque,error_rate,30,0.0,0.0,0.0,0.0,0.0,0.0
ablation,ablation,full_depth4_branch2_max,opaque_dependency_l6,tabular_online,evaluation_unseen_zero_shot,opaque,success,30,0.0,0.0,0.0,0.0,0.0,0.0
ablation,ablation,full_depth4_branch2_max,opaque_dependency_l6,tabular_online,evaluation_unseen_zero_shot,opaque,steps,30,6.0,0.0,6.0,6.0,6.0,6.0
ablation,ablation,full_depth4_branch2_max,opaque_dependency_l6,tabular_online,evaluation_unseen_zero_shot,opaque,high_level_steps,30,6.0,0.0,6.0,6.0,6.0,6.0
ablation,ablation,full_depth4_branch2_max,opaque_dependency_l6,tabular_online,evaluation_unseen_zero_shot,opaque,primitive_steps,30,6.0,0.0,6.0,6.0,6.0,6.0
ablation,ablation,full_depth4_branch2_max,opaque_dependency_l6,tabular_online,evaluation_unseen_zero_shot,opaque,reward,30,0.0,0.0,0.0,0.0,0.0,0.0
ablation,ablation,full_depth4_branch2_max,opaque_dependency_l6,tabular_online,evaluation_unseen_zero_shot,opaque,errors,30,0.0,0.0,0.0,0.0,0.0,0.0
ablation,ablation,full_depth4_branch2_max,opaque_dependency_l6,tabular_online,evaluation_unseen_zero_shot,opaque,repeats,30,0.0,0.0,0.0,0.0,0.0,0.0
ablation,ablation,full_depth4_branch2_max,opaque_dependency_l6,tabular_online,evaluation_unseen_zero_shot,opaque,prediction_score,30,0.0,0.0,0.0,0.0,0.0,0.0
ablation,ablation,full_depth4_branch2_max,opaque_dependency_l6,tabular_online,evaluation_unseen_zero_shot,opaque,holdout_score,30,1.0,0.0,1.0,1.0,1.0,1.0
ablation,ablation,full_depth4_branch2_max,opaque_dependency_l6,tabular_online,evaluation_unseen_zero_shot,opaque,imagined_nodes,30,0.0,0.0,0.0,0.0,0.0,0.0
ablation,ablation,full_depth4_branch2_max,opaque_dependency_l6,tabular_online,evaluation_unseen_zero_shot,opaque,imagination_depth,30,0.0,0.0,0.0,0.0,0.0,0.0
ablation,ablation,full_depth4_branch2_max,opaque_dependency_l6,tabular_online,evaluation_unseen_zero_shot,opaque,actual_return,30,0.0,0.0,0.0,0.0,0.0,0.0
ablation,ablation,full_depth4_branch2_max,opaque_dependency_l6,tabular_online,evaluation_unseen_zero_shot,opaque,runtime_seconds,30,0.0033935195167044485,0.00038052793637465113,0.003261815883112528,0.00352776778350138,0.00278752500002156,0.004117679502087412
ablation,ablation,full_depth4_branch2_max,opaque_dependency_l6,tabular_online,evaluation_unseen_zero_shot,opaque,real_transitions,30,6.0,0.0,6.0,6.0,6.0,6.0
ablation,ablation,full_depth4_branch2_max,opaque_dependency_l6,tabular_online,evaluation_unseen_zero_shot,opaque,imagined_transitions,30,0.0,0.0,0.0,0.0,0.0,0.0
ablation,ablation,full_depth4_branch2_max,opaque_dependency_l6,tabular_online,evaluation_unseen_zero_shot,opaque,action_proposals,30,6.0,0.0,6.0,6.0,6.0,6.0
ablation,ablation,full_depth4_branch2_max,opaque_dependency_l6,tabular_online,evaluation_unseen_zero_shot,opaque,repeat_rate,30,0.0,0.0,0.0,0.0,0.0,0.0
ablation,ablation,full_depth4_branch2_max,opaque_dependency_l6,tabular_online,evaluation_unseen_zero_shot,opaque,error_rate,30,0.0,0.0,0.0,0.0,0.0,0.0
ablation,ablation,full_depth4_branch2_max,opaque_dependency_l6,tabular_online,training,opaque,success,30,0.33521666666666666,0.07133779325943883,0.31126666666666664,0.36019999999999996,0.217,0.493
ablation,ablation,full_depth4_branch2_max,opaque_dependency_l6,tabular_online,training,opaque,steps,30,6.0,0.0,6.0,6.0,6.0,6.0
ablation,ablation,full_depth4_branch2_max,opaque_dependency_l6,tabular_online,training,opaque,high_level_steps,30,6.0,0.0,6.0,6.0,6.0,6.0
ablation,ablation,full_depth4_branch2_max,opaque_dependency_l6,tabular_online,training,opaque,primitive_steps,30,6.0,0.0,6.0,6.0,6.0,6.0
ablation,ablation,full_depth4_branch2_max,opaque_dependency_l6,tabular_online,training,opaque,reward,30,0.33521666666666666,0.07133779325943883,0.3105833333333333,0.3605,0.217,0.493
ablation,ablation,full_depth4_branch2_max,opaque_dependency_l6,tabular_online,training,opaque,errors,30,0.0,0.0,0.0,0.0,0.0,0.0
ablation,ablation,full_depth4_branch2_max,opaque_dependency_l6,tabular_online,training,opaque,repeats,30,0.0,0.0,0.0,0.0,0.0,0.0
ablation,ablation,full_depth4_branch2_max,opaque_dependency_l6,tabular_online,training,opaque,prediction_score,30,0.9899944444444445,0.0005587742011924325,0.9897888888888888,0.9901916666666666,0.98875,0.9909166666666667
ablation,ablation,full_depth4_branch2_max,opaque_dependency_l6,tabular_online,training,opaque,holdout_score,30,0.12354595175287926,0.00021976011280834515,0.12346647150528542,0.1236227671329328,0.12305159026929598,0.1239719795736979
ablation,ablation,full_depth4_branch2_max,opaque_dependency_l6,tabular_online,training,opaque,holdout_gain,30,6.3778436010959445e-06,4.876738246617554e-06,4.759050564304186e-06,8.103686615435335e-06,0.0,1.7361111111111104e-05
ablation,ablation,full_depth4_branch2_max,opaque_dependency_l6,tabular_online,training,opaque,imagined_nodes,30,89.57891666666666,0.49387811010782756,89.40599999999999,89.75351666666667,88.6785,90.436
ablation,ablation,full_depth4_branch2_max,opaque_dependency_l6,tabular_online,training,opaque,imagination_depth,30,3.8075833333333335,0.012527269106408107,3.8031,3.8120166666666666,3.7755,3.83
ablation,ablation,full_depth4_branch2_max,opaque_dependency_l6,tabular_online,training,opaque,actual_return,30,0.33521666666666666,0.07133779325943883,0.3099166666666667,0.36121666666666663,0.217,0.493
ablation,ablation,full_depth4_branch2_max,opaque_dependency_l6,tabular_online,training,opaque,runtime_seconds,30,0.003987192019970583,0.00024026024199862584,0.0039032841883202005,0.004069520664921826,0.0035306126498180672,0.004502634649485117
ablation,ablation,full_depth4_branch2_max,opaque_dependency_l6,tabular_online,training,opaque,real_transitions,30,6.0,0.0,6.0,6.0,6.0,6.0
ablation,ablation,full_depth4_branch2_max,opaque_dependency_l6,tabular_online,training,opaque,imagined_transitions,30,89.57891666666666,0.49387811010782756,89.40425,89.75338333333335,88.6785,90.436
ablation,ablation,full_depth4_branch2_max,opaque_dependency_l6,tabular_online,training,opaque,action_proposals,30,6.0,0.0,6.0,6.0,6.0,6.0
ablation,ablation,full_depth4_branch2_max,opaque_dependency_l6,tabular_online,training,opaque,repeat_rate,30,0.0,0.0,0.0,0.0,0.0,0.0
ablation,ablation,full_depth4_branch2_max,opaque_dependency_l6,tabular_online,training,opaque,error_rate,30,0.0,0.0,0.0,0.0,0.0,0.0
ablation,ablation,full_depth4_branch2_max,opaque_dependency_l6,tabular_online,training,opaque,learning_auc,30,0.33526763381690844,0.07129862756311883,0.31020510255127565,0.35969651492412874,0.21710855427713857,0.4932466233116558
ablation,ablation,full_depth4_branch2_max,opaque_dependency_l6,tabular_online,training,opaque,final_tail_success,30,0.4995,0.10892381076570971,0.4623333333333334,0.5391666666666667,0.31,0.705
ablation,ablation,full_depth4_branch2_max,opaque_dependency_l6,tabular_online,training,opaque,first_success_real_transitions,30,282.2,212.5148919731152,206.8,357.8,6.0,678.0
ablation,ablation,full_depth4_branch2_mean,opaque_dependency_l6,tabular_online,evaluation_seen,opaque,success,30,0.0,0.0,0.0,0.0,0.0,0.0
ablation,ablation,full_depth4_branch2_mean,opaque_dependency_l6,tabular_online,evaluation_seen,opaque,steps,30,6.0,0.0,6.0,6.0,6.0,6.0
ablation,ablation,full_depth4_branch2_mean,opaque_dependency_l6,tabular_online,evaluation_seen,opaque,high_level_steps,30,6.0,0.0,6.0,6.0,6.0,6.0
ablation,ablation,full_depth4_branch2_mean,opaque_dependency_l6,tabular_online,evaluation_seen,opaque,primitive_steps,30,6.0,0.0,6.0,6.0,6.0,6.0
ablation,ablation,full_depth4_branch2_mean,opaque_dependency_l6,tabular_online,evaluation_seen,opaque,reward,30,0.0,0.0,0.0,0.0,0.0,0.0
ablation,ablation,full_depth4_branch2_mean,opaque_dependency_l6,tabular_online,evaluation_seen,opaque,errors,30,0.0,0.0,0.0,0.0,0.0,0.0
ablation,ablation,full_depth4_branch2_mean,opaque_dependency_l6,tabular_online,evaluation_seen,opaque,repeats,30,0.0,0.0,0.0,0.0,0.0,0.0
ablation,ablation,full_depth4_branch2_mean,opaque_dependency_l6,tabular_online,evaluation_seen,opaque,prediction_score,30,0.0,0.0,0.0,0.0,0.0,0.0
ablation,ablation,full_depth4_branch2_mean,opaque_dependency_l6,tabular_online,evaluation_seen,opaque,holdout_score,30,1.0,0.0,1.0,1.0,1.0,1.0
ablation,ablation,full_depth4_branch2_mean,opaque_dependency_l6,tabular_online,evaluation_seen,opaque,imagined_nodes,30,0.0,0.0,0.0,0.0,0.0,0.0
ablation,ablation,full_depth4_branch2_mean,opaque_dependency_l6,tabular_online,evaluation_seen,opaque,imagination_depth,30,0.0,0.0,0.0,0.0,0.0,0.0
ablation,ablation,full_depth4_branch2_mean,opaque_dependency_l6,tabular_online,evaluation_seen,opaque,actual_return,30,0.0,0.0,0.0,0.0,0.0,0.0
ablation,ablation,full_depth4_branch2_mean,opaque_dependency_l6,tabular_online,evaluation_seen,opaque,runtime_seconds,30,0.0033998607834995107,0.00041006532682469864,0.0032562583000302157,0.0035422185668867313,0.002768575001246063,0.004035344999283552
ablation,ablation,full_depth4_branch2_mean,opaque_dependency_l6,tabular_online,evaluation_seen,opaque,real_transitions,30,6.0,0.0,6.0,6.0,6.0,6.0
ablation,ablation,full_depth4_branch2_mean,opaque_dependency_l6,tabular_online,evaluation_seen,opaque,imagined_transitions,30,0.0,0.0,0.0,0.0,0.0,0.0
ablation,ablation,full_depth4_branch2_mean,opaque_dependency_l6,tabular_online,evaluation_seen,opaque,action_proposals,30,6.0,0.0,6.0,6.0,6.0,6.0
ablation,ablation,full_depth4_branch2_mean,opaque_dependency_l6,tabular_online,evaluation_seen,opaque,repeat_rate,30,0.0,0.0,0.0,0.0,0.0,0.0
ablation,ablation,full_depth4_branch2_mean,opaque_dependency_l6,tabular_online,evaluation_seen,opaque,error_rate,30,0.0,0.0,0.0,0.0,0.0,0.0
ablation,ablation,full_depth4_branch2_mean,opaque_dependency_l6,tabular_online,evaluation_unseen_zero_shot,opaque,success,30,0.0,0.0,0.0,0.0,0.0,0.0
ablation,ablation,full_depth4_branch2_mean,opaque_dependency_l6,tabular_online,evaluation_unseen_zero_shot,opaque,steps,30,6.0,0.0,6.0,6.0,6.0,6.0
ablation,ablation,full_depth4_branch2_mean,opaque_dependency_l6,tabular_online,evaluation_unseen_zero_shot,opaque,high_level_steps,30,6.0,0.0,6.0,6.0,6.0,6.0
ablation,ablation,full_depth4_branch2_mean,opaque_dependency_l6,tabular_online,evaluation_unseen_zero_shot,opaque,primitive_steps,30,6.0,0.0,6.0,6.0,6.0,6.0
ablation,ablation,full_depth4_branch2_mean,opaque_dependency_l6,tabular_online,evaluation_unseen_zero_shot,opaque,reward,30,0.0,0.0,0.0,0.0,0.0,0.0
ablation,ablation,full_depth4_branch2_mean,opaque_dependency_l6,tabular_online,evaluation_unseen_zero_shot,opaque,errors,30,0.0,0.0,0.0,0.0,0.0,0.0
ablation,ablation,full_depth4_branch2_mean,opaque_dependency_l6,tabular_online,evaluation_unseen_zero_shot,opaque,repeats,30,0.0,0.0,0.0,0.0,0.0,0.0
ablation,ablation,full_depth4_branch2_mean,opaque_dependency_l6,tabular_online,evaluation_unseen_zero_shot,opaque,prediction_score,30,0.0,0.0,0.0,0.0,0.0,0.0
ablation,ablation,full_depth4_branch2_mean,opaque_dependency_l6,tabular_online,evaluation_unseen_zero_shot,opaque,holdout_score,30,1.0,0.0,1.0,1.0,1.0,1.0
ablation,ablation,full_depth4_branch2_mean,opaque_dependency_l6,tabular_online,evaluation_unseen_zero_shot,opaque,imagined_nodes,30,0.0,0.0,0.0,0.0,0.0,0.0
ablation,ablation,full_depth4_branch2_mean,opaque_dependency_l6,tabular_online,evaluation_unseen_zero_shot,opaque,imagination_depth,30,0.0,0.0,0.0,0.0,0.0,0.0
ablation,ablation,full_depth4_branch2_mean,opaque_dependency_l6,tabular_online,evaluation_unseen_zero_shot,opaque,actual_return,30,0.0,0.0,0.0,0.0,0.0,0.0
ablation,ablation,full_depth4_branch2_mean,opaque_dependency_l6,tabular_online,evaluation_unseen_zero_shot,opaque,runtime_seconds,30,0.003418196800116372,0.00042683215691574053,0.003265461583422924,0.0035661119834840063,0.0027814290006062947,0.004039811000257032
ablation,ablation,full_depth4_branch2_mean,opaque_dependency_l6,tabular_online,evaluation_unseen_zero_shot,opaque,real_transitions,30,6.0,0.0,6.0,6.0,6.0,6.0
ablation,ablation,full_depth4_branch2_mean,opaque_dependency_l6,tabular_online,evaluation_unseen_zero_shot,opaque,imagined_transitions,30,0.0,0.0,0.0,0.0,0.0,0.0
ablation,ablation,full_depth4_branch2_mean,opaque_dependency_l6,tabular_online,evaluation_unseen_zero_shot,opaque,action_proposals,30,6.0,0.0,6.0,6.0,6.0,6.0
ablation,ablation,full_depth4_branch2_mean,opaque_dependency_l6,tabular_online,evaluation_unseen_zero_shot,opaque,repeat_rate,30,0.0,0.0,0.0,0.0,0.0,0.0
ablation,ablation,full_depth4_branch2_mean,opaque_dependency_l6,tabular_online,evaluation_unseen_zero_shot,opaque,error_rate,30,0.0,0.0,0.0,0.0,0.0,0.0
ablation,ablation,full_depth4_branch2_mean,opaque_dependency_l6,tabular_online,training,opaque,success,30,0.33521666666666666,0.07133779325943883,0.3103833333333333,0.35986666666666667,0.217,0.493
ablation,ablation,full_depth4_branch2_mean,opaque_dependency_l6,tabular_online,training,opaque,steps,30,6.0,0.0,6.0,6.0,6.0,6.0
ablation,ablation,full_depth4_branch2_mean,opaque_dependency_l6,tabular_online,training,opaque,high_level_steps,30,6.0,0.0,6.0,6.0,6.0,6.0
ablation,ablation,full_depth4_branch2_mean,opaque_dependency_l6,tabular_online,training,opaque,primitive_steps,30,6.0,0.0,6.0,6.0,6.0,6.0
ablation,ablation,full_depth4_branch2_mean,opaque_dependency_l6,tabular_online,training,opaque,reward,30,0.33521666666666666,0.07133779325943883,0.31024999999999997,0.36125,0.217,0.493
ablation,ablation,full_depth4_branch2_mean,opaque_dependency_l6,tabular_online,training,opaque,errors,30,0.0,0.0,0.0,0.0,0.0,0.0
ablation,ablation,full_depth4_branch2_mean,opaque_dependency_l6,tabular_online,training,opaque,repeats,30,0.0,0.0,0.0,0.0,0.0,0.0
ablation,ablation,full_depth4_branch2_mean,opaque_dependency_l6,tabular_online,training,opaque,prediction_score,30,0.9899944444444445,0.0005587742011924325,0.9898027777777778,0.9901805555555556,0.98875,0.9909166666666667
ablation,ablation,full_depth4_branch2_mean,opaque_dependency_l6,tabular_online,training,opaque,holdout_score,30,0.12354595175287926,0.00021976011280834515,0.12346593665602326,0.12362100918979525,0.12305159026929598,0.1239719795736979
ablation,ablation,full_depth4_branch2_mean,opaque_dependency_l6,tabular_online,training,opaque,holdout_gain,30,6.3778436010959445e-06,4.876738246617554e-06,4.740753839006182e-06,8.08711191085445e-06,0.0,1.7361111111111104e-05
ablation,ablation,full_depth4_branch2_mean,opaque_dependency_l6,tabular_online,training,opaque,imagined_nodes,30,89.57891666666666,0.49387811010782756,89.40443333333333,89.75013333333332,88.6785,90.436
ablation,ablation,full_depth4_branch2_mean,opaque_dependency_l6,tabular_online,training,opaque,imagination_depth,30,3.8075833333333335,0.012527269106408107,3.8032,3.81195,3.7755,3.83
ablation,ablation,full_depth4_branch2_mean,opaque_dependency_l6,tabular_online,training,opaque,actual_return,30,0.33521666666666666,0.07133779325943883,0.3110166666666666,0.36179999999999995,0.217,0.493
ablation,ablation,full_depth4_branch2_mean,opaque_dependency_l6,tabular_online,training,opaque,runtime_seconds,30,0.0040620286699714295,0.0002805097731293287,0.003962666188285221,0.004159615066567494,0.003453702399710892,0.00466300735042023
ablation,ablation,full_depth4_branch2_mean,opaque_dependency_l6,tabular_online,training,opaque,real_transitions,30,6.0,0.0,6.0,6.0,6.0,6.0
ablation,ablation,full_depth4_branch2_mean,opaque_dependency_l6,tabular_online,training,opaque,imagined_transitions,30,89.57891666666666,0.49387811010782756,89.39511666666667,89.74871666666667,88.6785,90.436
ablation,ablation,full_depth4_branch2_mean,opaque_dependency_l6,tabular_online,training,opaque,action_proposals,30,6.0,0.0,6.0,6.0,6.0,6.0
ablation,ablation,full_depth4_branch2_mean,opaque_dependency_l6,tabular_online,training,opaque,repeat_rate,30,0.0,0.0,0.0,0.0,0.0,0.0
ablation,ablation,full_depth4_branch2_mean,opaque_dependency_l6,tabular_online,training,opaque,error_rate,30,0.0,0.0,0.0,0.0,0.0,0.0
ablation,ablation,full_depth4_branch2_mean,opaque_dependency_l6,tabular_online,training,opaque,learning_auc,30,0.33526763381690844,0.07129862756311883,0.3114057028514257,0.36038852759713186,0.21710855427713857,0.4932466233116558
ablation,ablation,full_depth4_branch2_mean,opaque_dependency_l6,tabular_online,training,opaque,final_tail_success,30,0.4995,0.10892381076570971,0.4618333333333334,0.5383333333333334,0.31,0.705
ablation,ablation,full_depth4_branch2_mean,opaque_dependency_l6,tabular_online,training,opaque,first_success_real_transitions,30,282.2,212.5148919731152,211.6,358.4,6.0,678.0
ablation,ablation,full_depth4_branch2_risk-adjusted,opaque_dependency_l6,tabular_online,evaluation_seen,opaque,success,30,0.0,0.0,0.0,0.0,0.0,0.0
ablation,ablation,full_depth4_branch2_risk-adjusted,opaque_dependency_l6,tabular_online,evaluation_seen,opaque,steps,30,6.0,0.0,6.0,6.0,6.0,6.0
ablation,ablation,full_depth4_branch2_risk-adjusted,opaque_dependency_l6,tabular_online,evaluation_seen,opaque,high_level_steps,30,6.0,0.0,6.0,6.0,6.0,6.0
ablation,ablation,full_depth4_branch2_risk-adjusted,opaque_dependency_l6,tabular_online,evaluation_seen,opaque,primitive_steps,30,6.0,0.0,6.0,6.0,6.0,6.0
ablation,ablation,full_depth4_branch2_risk-adjusted,opaque_dependency_l6,tabular_online,evaluation_seen,opaque,reward,30,0.0,0.0,0.0,0.0,0.0,0.0
ablation,ablation,full_depth4_branch2_risk-adjusted,opaque_dependency_l6,tabular_online,evaluation_seen,opaque,errors,30,0.0,0.0,0.0,0.0,0.0,0.0
ablation,ablation,full_depth4_branch2_risk-adjusted,opaque_dependency_l6,tabular_online,evaluation_seen,opaque,repeats,30,0.0,0.0,0.0,0.0,0.0,0.0
ablation,ablation,full_depth4_branch2_risk-adjusted,opaque_dependency_l6,tabular_online,evaluation_seen,opaque,prediction_score,30,0.0,0.0,0.0,0.0,0.0,0.0
ablation,ablation,full_depth4_branch2_risk-adjusted,opaque_dependency_l6,tabular_online,evaluation_seen,opaque,holdout_score,30,1.0,0.0,1.0,1.0,1.0,1.0
ablation,ablation,full_depth4_branch2_risk-adjusted,opaque_dependency_l6,tabular_online,evaluation_seen,opaque,imagined_nodes,30,0.0,0.0,0.0,0.0,0.0,0.0
ablation,ablation,full_depth4_branch2_risk-adjusted,opaque_dependency_l6,tabular_online,evaluation_seen,opaque,imagination_depth,30,0.0,0.0,0.0,0.0,0.0,0.0
ablation,ablation,full_depth4_branch2_risk-adjusted,opaque_dependency_l6,tabular_online,evaluation_seen,opaque,actual_return,30,0.0,0.0,0.0,0.0,0.0,0.0
ablation,ablation,full_depth4_branch2_risk-adjusted,opaque_dependency_l6,tabular_online,evaluation_seen,opaque,runtime_seconds,30,0.0033306899166782385,0.00043650418906720394,0.0031766369333684754,0.0034854038499470335,0.0027781390004383865,0.004082210498891073
ablation,ablation,full_depth4_branch2_risk-adjusted,opaque_dependency_l6,tabular_online,evaluation_seen,opaque,real_transitions,30,6.0,0.0,6.0,6.0,6.0,6.0
ablation,ablation,full_depth4_branch2_risk-adjusted,opaque_dependency_l6,tabular_online,evaluation_seen,opaque,imagined_transitions,30,0.0,0.0,0.0,0.0,0.0,0.0
ablation,ablation,full_depth4_branch2_risk-adjusted,opaque_dependency_l6,tabular_online,evaluation_seen,opaque,action_proposals,30,6.0,0.0,6.0,6.0,6.0,6.0
ablation,ablation,full_depth4_branch2_risk-adjusted,opaque_dependency_l6,tabular_online,evaluation_seen,opaque,repeat_rate,30,0.0,0.0,0.0,0.0,0.0,0.0
ablation,ablation,full_depth4_branch2_risk-adjusted,opaque_dependency_l6,tabular_online,evaluation_seen,opaque,error_rate,30,0.0,0.0,0.0,0.0,0.0,0.0
ablation,ablation,full_depth4_branch2_risk-adjusted,opaque_dependency_l6,tabular_online,evaluation_unseen_zero_shot,opaque,success,30,0.0,0.0,0.0,0.0,0.0,0.0
ablation,ablation,full_depth4_branch2_risk-adjusted,opaque_dependency_l6,tabular_online,evaluation_unseen_zero_shot,opaque,steps,30,6.0,0.0,6.0,6.0,6.0,6.0
ablation,ablation,full_depth4_branch2_risk-adjusted,opaque_dependency_l6,tabular_online,evaluation_unseen_zero_shot,opaque,high_level_steps,30,6.0,0.0,6.0,6.0,6.0,6.0
ablation,ablation,full_depth4_branch2_risk-adjusted,opaque_dependency_l6,tabular_online,evaluation_unseen_zero_shot,opaque,primitive_steps,30,6.0,0.0,6.0,6.0,6.0,6.0
ablation,ablation,full_depth4_branch2_risk-adjusted,opaque_dependency_l6,tabular_online,evaluation_unseen_zero_shot,opaque,reward,30,0.0,0.0,0.0,0.0,0.0,0.0
ablation,ablation,full_depth4_branch2_risk-adjusted,opaque_dependency_l6,tabular_online,evaluation_unseen_zero_shot,opaque,errors,30,0.0,0.0,0.0,0.0,0.0,0.0
ablation,ablation,full_depth4_branch2_risk-adjusted,opaque_dependency_l6,tabular_online,evaluation_unseen_zero_shot,opaque,repeats,30,0.0,0.0,0.0,0.0,0.0,0.0
ablation,ablation,full_depth4_branch2_risk-adjusted,opaque_dependency_l6,tabular_online,evaluation_unseen_zero_shot,opaque,prediction_score,30,0.0,0.0,0.0,0.0,0.0,0.0
ablation,ablation,full_depth4_branch2_risk-adjusted,opaque_dependency_l6,tabular_online,evaluation_unseen_zero_shot,opaque,holdout_score,30,1.0,0.0,1.0,1.0,1.0,1.0
ablation,ablation,full_depth4_branch2_risk-adjusted,opaque_dependency_l6,tabular_online,evaluation_unseen_zero_shot,opaque,imagined_nodes,30,0.0,0.0,0.0,0.0,0.0,0.0
ablation,ablation,full_depth4_branch2_risk-adjusted,opaque_dependency_l6,tabular_online,evaluation_unseen_zero_shot,opaque,imagination_depth,30,0.0,0.0,0.0,0.0,0.0,0.0
ablation,ablation,full_depth4_branch2_risk-adjusted,opaque_dependency_l6,tabular_online,evaluation_unseen_zero_shot,opaque,actual_return,30,0.0,0.0,0.0,0.0,0.0,0.0
ablation,ablation,full_depth4_branch2_risk-adjusted,opaque_dependency_l6,tabular_online,evaluation_unseen_zero_shot,opaque,runtime_seconds,30,0.0033389218833035556,0.0004904225291586149,0.0031668432997830676,0.0035143596998483797,0.0027728169987676667,0.004074140500015346
ablation,ablation,full_depth4_branch2_risk-adjusted,opaque_dependency_l6,tabular_online,evaluation_unseen_zero_shot,opaque,real_transitions,30,6.0,0.0,6.0,6.0,6.0,6.0
ablation,ablation,full_depth4_branch2_risk-adjusted,opaque_dependency_l6,tabular_online,evaluation_unseen_zero_shot,opaque,imagined_transitions,30,0.0,0.0,0.0,0.0,0.0,0.0
ablation,ablation,full_depth4_branch2_risk-adjusted,opaque_dependency_l6,tabular_online,evaluation_unseen_zero_shot,opaque,action_proposals,30,6.0,0.0,6.0,6.0,6.0,6.0
ablation,ablation,full_depth4_branch2_risk-adjusted,opaque_dependency_l6,tabular_online,evaluation_unseen_zero_shot,opaque,repeat_rate,30,0.0,0.0,0.0,0.0,0.0,0.0
ablation,ablation,full_depth4_branch2_risk-adjusted,opaque_dependency_l6,tabular_online,evaluation_unseen_zero_shot,opaque,error_rate,30,0.0,0.0,0.0,0.0,0.0,0.0
ablation,ablation,full_depth4_branch2_risk-adjusted,opaque_dependency_l6,tabular_online,training,opaque,success,30,0.33521666666666666,0.07133779325943883,0.30956666666666666,0.3603333333333333,0.217,0.493
ablation,ablation,full_depth4_branch2_risk-adjusted,opaque_dependency_l6,tabular_online,training,opaque,steps,30,6.0,0.0,6.0,6.0,6.0,6.0
ablation,ablation,full_depth4_branch2_risk-adjusted,opaque_dependency_l6,tabular_online,training,opaque,high_level_steps,30,6.0,0.0,6.0,6.0,6.0,6.0
ablation,ablation,full_depth4_branch2_risk-adjusted,opaque_dependency_l6,tabular_online,training,opaque,primitive_steps,30,6.0,0.0,6.0,6.0,6.0,6.0
ablation,ablation,full_depth4_branch2_risk-adjusted,opaque_dependency_l6,tabular_online,training,opaque,reward,30,0.33521666666666666,0.07133779325943883,0.3106666666666667,0.35991666666666666,0.217,0.493
ablation,ablation,full_depth4_branch2_risk-adjusted,opaque_dependency_l6,tabular_online,training,opaque,errors,30,0.0,0.0,0.0,0.0,0.0,0.0
ablation,ablation,full_depth4_branch2_risk-adjusted,opaque_dependency_l6,tabular_online,training,opaque,repeats,30,0.0,0.0,0.0,0.0,0.0,0.0
ablation,ablation,full_depth4_branch2_risk-adjusted,opaque_dependency_l6,tabular_online,training,opaque,prediction_score,30,0.9899944444444445,0.0005587742011924325,0.9897972222222222,0.9901861111111111,0.98875,0.9909166666666667
ablation,ablation,full_depth4_branch2_risk-adjusted,opaque_dependency_l6,tabular_online,training,opaque,holdout_score,30,0.12354595175287926,0.00021976011280834515,0.12346662581778242,0.12362042810675003,0.12305159026929598,0.1239719795736979
ablation,ablation,full_depth4_branch2_risk-adjusted,opaque_dependency_l6,tabular_online,training,opaque,holdout_gain,30,6.3778436010959445e-06,4.876738246617554e-06,4.70985149110149e-06,8.116508669924058e-06,0.0,1.7361111111111104e-05
ablation,ablation,full_depth4_branch2_risk-adjusted,opaque_dependency_l6,tabular_online,training,opaque,imagined_nodes,30,89.57891666666666,0.49387811010782756,89.40691666666666,89.75368333333334,88.6785,90.436
ablation,ablation,full_depth4_branch2_risk-adjusted,opaque_dependency_l6,tabular_online,training,opaque,imagination_depth,30,3.8075833333333335,0.012527269106408107,3.8031333333333337,3.812,3.7755,3.83
ablation,ablation,full_depth4_branch2_risk-adjusted,opaque_dependency_l6,tabular_online,training,opaque,actual_return,30,0.33521666666666666,0.07133779325943883,0.31065,0.36016666666666663,0.217,0.493
ablation,ablation,full_depth4_branch2_risk-adjusted,opaque_dependency_l6,tabular_online,training,opaque,runtime_seconds,30,0.004235664046608629,0.0002542538772256303,0.004149934649958353,0.0043318720149322565,0.0037820243498135823,0.004926492599668563
ablation,ablation,full_depth4_branch2_risk-adjusted,opaque_dependency_l6,tabular_online,training,opaque,real_transitions,30,6.0,0.0,6.0,6.0,6.0,6.0
ablation,ablation,full_depth4_branch2_risk-adjusted,opaque_dependency_l6,tabular_online,training,opaque,imagined_transitions,30,89.57891666666666,0.49387811010782756,89.4037,89.74849999999999,88.6785,90.436
ablation,ablation,full_depth4_branch2_risk-adjusted,opaque_dependency_l6,tabular_online,training,opaque,action_proposals,30,6.0,0.0,6.0,6.0,6.0,6.0
ablation,ablation,full_depth4_branch2_risk-adjusted,opaque_dependency_l6,tabular_online,training,opaque,repeat_rate,30,0.0,0.0,0.0,0.0,0.0,0.0
ablation,ablation,full_depth4_branch2_risk-adjusted,opaque_dependency_l6,tabular_online,training,opaque,error_rate,30,0.0,0.0,0.0,0.0,0.0,0.0
ablation,ablation,full_depth4_branch2_risk-adjusted,opaque_dependency_l6,tabular_online,training,opaque,learning_auc,30,0.33526763381690844,0.07129862756311883,0.31138902784725697,0.3604552276138069,0.21710855427713857,0.4932466233116558
ablation,ablation,full_depth4_branch2_risk-adjusted,opaque_dependency_l6,tabular_online,training,opaque,final_tail_success,30,0.4995,0.10892381076570971,0.46216666666666667,0.5383333333333333,0.31,0.705
ablation,ablation,full_depth4_branch2_risk-adjusted,opaque_dependency_l6,tabular_online,training,opaque,first_success_real_transitions,30,282.2,212.5148919731152,208.8,358.8,6.0,678.0
ablation,ablation,full_depth4_branch4_max,opaque_dependency_l6,tabular_online,evaluation_seen,opaque,success,30,0.0,0.0,0.0,0.0,0.0,0.0
ablation,ablation,full_depth4_branch4_max,opaque_dependency_l6,tabular_online,evaluation_seen,opaque,steps,30,6.0,0.0,6.0,6.0,6.0,6.0
ablation,ablation,full_depth4_branch4_max,opaque_dependency_l6,tabular_online,evaluation_seen,opaque,high_level_steps,30,6.0,0.0,6.0,6.0,6.0,6.0
ablation,ablation,full_depth4_branch4_max,opaque_dependency_l6,tabular_online,evaluation_seen,opaque,primitive_steps,30,6.0,0.0,6.0,6.0,6.0,6.0
ablation,ablation,full_depth4_branch4_max,opaque_dependency_l6,tabular_online,evaluation_seen,opaque,reward,30,0.0,0.0,0.0,0.0,0.0,0.0
ablation,ablation,full_depth4_branch4_max,opaque_dependency_l6,tabular_online,evaluation_seen,opaque,errors,30,0.0,0.0,0.0,0.0,0.0,0.0
ablation,ablation,full_depth4_branch4_max,opaque_dependency_l6,tabular_online,evaluation_seen,opaque,repeats,30,0.0,0.0,0.0,0.0,0.0,0.0
ablation,ablation,full_depth4_branch4_max,opaque_dependency_l6,tabular_online,evaluation_seen,opaque,prediction_score,30,0.0,0.0,0.0,0.0,0.0,0.0
ablation,ablation,full_depth4_branch4_max,opaque_dependency_l6,tabular_online,evaluation_seen,opaque,holdout_score,30,1.0,0.0,1.0,1.0,1.0,1.0
ablation,ablation,full_depth4_branch4_max,opaque_dependency_l6,tabular_online,evaluation_seen,opaque,imagined_nodes,30,0.0,0.0,0.0,0.0,0.0,0.0
ablation,ablation,full_depth4_branch4_max,opaque_dependency_l6,tabular_online,evaluation_seen,opaque,imagination_depth,30,0.0,0.0,0.0,0.0,0.0,0.0
ablation,ablation,full_depth4_branch4_max,opaque_dependency_l6,tabular_online,evaluation_seen,opaque,actual_return,30,0.0,0.0,0.0,0.0,0.0,0.0
ablation,ablation,full_depth4_branch4_max,opaque_dependency_l6,tabular_online,evaluation_seen,opaque,runtime_seconds,30,0.003378678099878016,0.0004222522657894822,0.0032366293164862634,0.0035315797332538448,0.0027854999994451645,0.004176019998558331
ablation,ablation,full_depth4_branch4_max,opaque_dependency_l6,tabular_online,evaluation_seen,opaque,real_transitions,30,6.0,0.0,6.0,6.0,6.0,6.0
ablation,ablation,full_depth4_branch4_max,opaque_dependency_l6,tabular_online,evaluation_seen,opaque,imagined_transitions,30,0.0,0.0,0.0,0.0,0.0,0.0
ablation,ablation,full_depth4_branch4_max,opaque_dependency_l6,tabular_online,evaluation_seen,opaque,action_proposals,30,6.0,0.0,6.0,6.0,6.0,6.0
ablation,ablation,full_depth4_branch4_max,opaque_dependency_l6,tabular_online,evaluation_seen,opaque,repeat_rate,30,0.0,0.0,0.0,0.0,0.0,0.0
ablation,ablation,full_depth4_branch4_max,opaque_dependency_l6,tabular_online,evaluation_seen,opaque,error_rate,30,0.0,0.0,0.0,0.0,0.0,0.0
ablation,ablation,full_depth4_branch4_max,opaque_dependency_l6,tabular_online,evaluation_unseen_zero_shot,opaque,success,30,0.0,0.0,0.0,0.0,0.0,0.0
ablation,ablation,full_depth4_branch4_max,opaque_dependency_l6,tabular_online,evaluation_unseen_zero_shot,opaque,steps,30,6.0,0.0,6.0,6.0,6.0,6.0
ablation,ablation,full_depth4_branch4_max,opaque_dependency_l6,tabular_online,evaluation_unseen_zero_shot,opaque,high_level_steps,30,6.0,0.0,6.0,6.0,6.0,6.0
ablation,ablation,full_depth4_branch4_max,opaque_dependency_l6,tabular_online,evaluation_unseen_zero_shot,opaque,primitive_steps,30,6.0,0.0,6.0,6.0,6.0,6.0
ablation,ablation,full_depth4_branch4_max,opaque_dependency_l6,tabular_online,evaluation_unseen_zero_shot,opaque,reward,30,0.0,0.0,0.0,0.0,0.0,0.0
ablation,ablation,full_depth4_branch4_max,opaque_dependency_l6,tabular_online,evaluation_unseen_zero_shot,opaque,errors,30,0.0,0.0,0.0,0.0,0.0,0.0
ablation,ablation,full_depth4_branch4_max,opaque_dependency_l6,tabular_online,evaluation_unseen_zero_shot,opaque,repeats,30,0.0,0.0,0.0,0.0,0.0,0.0
ablation,ablation,full_depth4_branch4_max,opaque_dependency_l6,tabular_online,evaluation_unseen_zero_shot,opaque,prediction_score,30,0.0,0.0,0.0,0.0,0.0,0.0
ablation,ablation,full_depth4_branch4_max,opaque_dependency_l6,tabular_online,evaluation_unseen_zero_shot,opaque,holdout_score,30,1.0,0.0,1.0,1.0,1.0,1.0
ablation,ablation,full_depth4_branch4_max,opaque_dependency_l6,tabular_online,evaluation_unseen_zero_shot,opaque,imagined_nodes,30,0.0,0.0,0.0,0.0,0.0,0.0
ablation,ablation,full_depth4_branch4_max,opaque_dependency_l6,tabular_online,evaluation_unseen_zero_shot,opaque,imagination_depth,30,0.0,0.0,0.0,0.0,0.0,0.0
ablation,ablation,full_depth4_branch4_max,opaque_dependency_l6,tabular_online,evaluation_unseen_zero_shot,opaque,actual_return,30,0.0,0.0,0.0,0.0,0.0,0.0
ablation,ablation,full_depth4_branch4_max,opaque_dependency_l6,tabular_online,evaluation_unseen_zero_shot,opaque,runtime_seconds,30,0.0034688522834524825,0.0003836262618709729,0.003334835266757485,0.0036013958999489355,0.002767478500754805,0.004073593500943389
ablation,ablation,full_depth4_branch4_max,opaque_dependency_l6,tabular_online,evaluation_unseen_zero_shot,opaque,real_transitions,30,6.0,0.0,6.0,6.0,6.0,6.0
ablation,ablation,full_depth4_branch4_max,opaque_dependency_l6,tabular_online,evaluation_unseen_zero_shot,opaque,imagined_transitions,30,0.0,0.0,0.0,0.0,0.0,0.0
ablation,ablation,full_depth4_branch4_max,opaque_dependency_l6,tabular_online,evaluation_unseen_zero_shot,opaque,action_proposals,30,6.0,0.0,6.0,6.0,6.0,6.0
ablation,ablation,full_depth4_branch4_max,opaque_dependency_l6,tabular_online,evaluation_unseen_zero_shot,opaque,repeat_rate,30,0.0,0.0,0.0,0.0,0.0,0.0
ablation,ablation,full_depth4_branch4_max,opaque_dependency_l6,tabular_online,evaluation_unseen_zero_shot,opaque,error_rate,30,0.0,0.0,0.0,0.0,0.0,0.0
ablation,ablation,full_depth4_branch4_max,opaque_dependency_l6,tabular_online,training,opaque,success,30,0.33521666666666666,0.07133779325943883,0.3103666666666667,0.3604,0.217,0.493
ablation,ablation,full_depth4_branch4_max,opaque_dependency_l6,tabular_online,training,opaque,steps,30,6.0,0.0,6.0,6.0,6.0,6.0
ablation,ablation,full_depth4_branch4_max,opaque_dependency_l6,tabular_online,training,opaque,high_level_steps,30,6.0,0.0,6.0,6.0,6.0,6.0
ablation,ablation,full_depth4_branch4_max,opaque_dependency_l6,tabular_online,training,opaque,primitive_steps,30,6.0,0.0,6.0,6.0,6.0,6.0
ablation,ablation,full_depth4_branch4_max,opaque_dependency_l6,tabular_online,training,opaque,reward,30,0.33521666666666666,0.07133779325943883,0.3108,0.3603833333333333,0.217,0.493
ablation,ablation,full_depth4_branch4_max,opaque_dependency_l6,tabular_online,training,opaque,errors,30,0.0,0.0,0.0,0.0,0.0,0.0
ablation,ablation,full_depth4_branch4_max,opaque_dependency_l6,tabular_online,training,opaque,repeats,30,0.0,0.0,0.0,0.0,0.0,0.0
ablation,ablation,full_depth4_branch4_max,opaque_dependency_l6,tabular_online,training,opaque,prediction_score,30,0.9899944444444445,0.0005587742011924325,0.9897972222222222,0.9901888888888889,0.98875,0.9909166666666667
ablation,ablation,full_depth4_branch4_max,opaque_dependency_l6,tabular_online,training,opaque,holdout_score,30,0.12354595175287926,0.00021976011280834515,0.12346607133943173,0.12362008639733957,0.12305159026929598,0.1239719795736979
ablation,ablation,full_depth4_branch4_max,opaque_dependency_l6,tabular_online,training,opaque,holdout_gain,30,6.3778436010959445e-06,4.876738246617554e-06,4.740565375982043e-06,8.121103405017514e-06,0.0,1.7361111111111104e-05
ablation,ablation,full_depth4_branch4_max,opaque_dependency_l6,tabular_online,training,opaque,imagined_nodes,30,89.57891666666666,0.49387811010782756,89.39863333333332,89.74605,88.6785,90.436
ablation,ablation,full_depth4_branch4_max,opaque_dependency_l6,tabular_online,training,opaque,imagination_depth,30,3.8075833333333335,0.012527269106408107,3.8030166666666667,3.811916666666667,3.7755,3.83
ablation,ablation,full_depth4_branch4_max,opaque_dependency_l6,tabular_online,training,opaque,actual_return,30,0.33521666666666666,0.07133779325943883,0.3103666666666667,0.36013333333333336,0.217,0.493
ablation,ablation,full_depth4_branch4_max,opaque_dependency_l6,tabular_online,training,opaque,runtime_seconds,30,0.0040569867200014416,0.0002659980133828691,0.003966049189974729,0.0041502072749945605,0.0033730288001825102,0.004686487149840104
ablation,ablation,full_depth4_branch4_max,opaque_dependency_l6,tabular_online,training,opaque,real_transitions,30,6.0,0.0,6.0,6.0,6.0,6.0
ablation,ablation,full_depth4_branch4_max,opaque_dependency_l6,tabular_online,training,opaque,imagined_transitions,30,89.57891666666666,0.49387811010782756,89.40256666666667,89.75266666666667,88.6785,90.436
ablation,ablation,full_depth4_branch4_max,opaque_dependency_l6,tabular_online,training,opaque,action_proposals,30,6.0,0.0,6.0,6.0,6.0,6.0
ablation,ablation,full_depth4_branch4_max,opaque_dependency_l6,tabular_online,training,opaque,repeat_rate,30,0.0,0.0,0.0,0.0,0.0,0.0
ablation,ablation,full_depth4_branch4_max,opaque_dependency_l6,tabular_online,training,opaque,error_rate,30,0.0,0.0,0.0,0.0,0.0,0.0
ablation,ablation,full_depth4_branch4_max,opaque_dependency_l6,tabular_online,training,opaque,learning_auc,30,0.33526763381690844,0.07129862756311883,0.31033016508254124,0.36030515257628815,0.21710855427713857,0.4932466233116558
ablation,ablation,full_depth4_branch4_max,opaque_dependency_l6,tabular_online,training,opaque,final_tail_success,30,0.4995,0.10892381076570971,0.46066666666666667,0.538,0.31,0.705
ablation,ablation,full_depth4_branch4_max,opaque_dependency_l6,tabular_online,training,opaque,first_success_real_transitions,30,282.2,212.5148919731152,209.0,359.8,6.0,678.0
ablation,ablation,full_depth4_branch4_mean,opaque_dependency_l6,tabular_online,evaluation_seen,opaque,success,30,0.0,0.0,0.0,0.0,0.0,0.0
ablation,ablation,full_depth4_branch4_mean,opaque_dependency_l6,tabular_online,evaluation_seen,opaque,steps,30,6.0,0.0,6.0,6.0,6.0,6.0
ablation,ablation,full_depth4_branch4_mean,opaque_dependency_l6,tabular_online,evaluation_seen,opaque,high_level_steps,30,6.0,0.0,6.0,6.0,6.0,6.0
ablation,ablation,full_depth4_branch4_mean,opaque_dependency_l6,tabular_online,evaluation_seen,opaque,primitive_steps,30,6.0,0.0,6.0,6.0,6.0,6.0
ablation,ablation,full_depth4_branch4_mean,opaque_dependency_l6,tabular_online,evaluation_seen,opaque,reward,30,0.0,0.0,0.0,0.0,0.0,0.0
ablation,ablation,full_depth4_branch4_mean,opaque_dependency_l6,tabular_online,evaluation_seen,opaque,errors,30,0.0,0.0,0.0,0.0,0.0,0.0
ablation,ablation,full_depth4_branch4_mean,opaque_dependency_l6,tabular_online,evaluation_seen,opaque,repeats,30,0.0,0.0,0.0,0.0,0.0,0.0
ablation,ablation,full_depth4_branch4_mean,opaque_dependency_l6,tabular_online,evaluation_seen,opaque,prediction_score,30,0.0,0.0,0.0,0.0,0.0,0.0
ablation,ablation,full_depth4_branch4_mean,opaque_dependency_l6,tabular_online,evaluation_seen,opaque,holdout_score,30,1.0,0.0,1.0,1.0,1.0,1.0
ablation,ablation,full_depth4_branch4_mean,opaque_dependency_l6,tabular_online,evaluation_seen,opaque,imagined_nodes,30,0.0,0.0,0.0,0.0,0.0,0.0
ablation,ablation,full_depth4_branch4_mean,opaque_dependency_l6,tabular_online,evaluation_seen,opaque,imagination_depth,30,0.0,0.0,0.0,0.0,0.0,0.0
ablation,ablation,full_depth4_branch4_mean,opaque_dependency_l6,tabular_online,evaluation_seen,opaque,actual_return,30,0.0,0.0,0.0,0.0,0.0,0.0
ablation,ablation,full_depth4_branch4_mean,opaque_dependency_l6,tabular_online,evaluation_seen,opaque,runtime_seconds,30,0.003372621299926929,0.0004225996263449617,0.003226007999862001,0.0035226970000367145,0.0027562820001912768,0.004024983999115648
ablation,ablation,full_depth4_branch4_mean,opaque_dependency_l6,tabular_online,evaluation_seen,opaque,real_transitions,30,6.0,0.0,6.0,6.0,6.0,6.0
ablation,ablation,full_depth4_branch4_mean,opaque_dependency_l6,tabular_online,evaluation_seen,opaque,imagined_transitions,30,0.0,0.0,0.0,0.0,0.0,0.0
ablation,ablation,full_depth4_branch4_mean,opaque_dependency_l6,tabular_online,evaluation_seen,opaque,action_proposals,30,6.0,0.0,6.0,6.0,6.0,6.0
ablation,ablation,full_depth4_branch4_mean,opaque_dependency_l6,tabular_online,evaluation_seen,opaque,repeat_rate,30,0.0,0.0,0.0,0.0,0.0,0.0
ablation,ablation,full_depth4_branch4_mean,opaque_dependency_l6,tabular_online,evaluation_seen,opaque,error_rate,30,0.0,0.0,0.0,0.0,0.0,0.0
ablation,ablation,full_depth4_branch4_mean,opaque_dependency_l6,tabular_online,evaluation_unseen_zero_shot,opaque,success,30,0.0,0.0,0.0,0.0,0.0,0.0
ablation,ablation,full_depth4_branch4_mean,opaque_dependency_l6,tabular_online,evaluation_unseen_zero_shot,opaque,steps,30,6.0,0.0,6.0,6.0,6.0,6.0
ablation,ablation,full_depth4_branch4_mean,opaque_dependency_l6,tabular_online,evaluation_unseen_zero_shot,opaque,high_level_steps,30,6.0,0.0,6.0,6.0,6.0,6.0
ablation,ablation,full_depth4_branch4_mean,opaque_dependency_l6,tabular_online,evaluation_unseen_zero_shot,opaque,primitive_steps,30,6.0,0.0,6.0,6.0,6.0,6.0
ablation,ablation,full_depth4_branch4_mean,opaque_dependency_l6,tabular_online,evaluation_unseen_zero_shot,opaque,reward,30,0.0,0.0,0.0,0.0,0.0,0.0
ablation,ablation,full_depth4_branch4_mean,opaque_dependency_l6,tabular_online,evaluation_unseen_zero_shot,opaque,errors,30,0.0,0.0,0.0,0.0,0.0,0.0
ablation,ablation,full_depth4_branch4_mean,opaque_dependency_l6,tabular_online,evaluation_unseen_zero_shot,opaque,repeats,30,0.0,0.0,0.0,0.0,0.0,0.0
ablation,ablation,full_depth4_branch4_mean,opaque_dependency_l6,tabular_online,evaluation_unseen_zero_shot,opaque,prediction_score,30,0.0,0.0,0.0,0.0,0.0,0.0
ablation,ablation,full_depth4_branch4_mean,opaque_dependency_l6,tabular_online,evaluation_unseen_zero_shot,opaque,holdout_score,30,1.0,0.0,1.0,1.0,1.0,1.0
ablation,ablation,full_depth4_branch4_mean,opaque_dependency_l6,tabular_online,evaluation_unseen_zero_shot,opaque,imagined_nodes,30,0.0,0.0,0.0,0.0,0.0,0.0
ablation,ablation,full_depth4_branch4_mean,opaque_dependency_l6,tabular_online,evaluation_unseen_zero_shot,opaque,imagination_depth,30,0.0,0.0,0.0,0.0,0.0,0.0
ablation,ablation,full_depth4_branch4_mean,opaque_dependency_l6,tabular_online,evaluation_unseen_zero_shot,opaque,actual_return,30,0.0,0.0,0.0,0.0,0.0,0.0
ablation,ablation,full_depth4_branch4_mean,opaque_dependency_l6,tabular_online,evaluation_unseen_zero_shot,opaque,runtime_seconds,30,0.0033735515996910787,0.00039105290875816705,0.0032343752331847405,0.003510240066592814,0.0026912094990257174,0.0040095630011637694
ablation,ablation,full_depth4_branch4_mean,opaque_dependency_l6,tabular_online,evaluation_unseen_zero_shot,opaque,real_transitions,30,6.0,0.0,6.0,6.0,6.0,6.0
ablation,ablation,full_depth4_branch4_mean,opaque_dependency_l6,tabular_online,evaluation_unseen_zero_shot,opaque,imagined_transitions,30,0.0,0.0,0.0,0.0,0.0,0.0
ablation,ablation,full_depth4_branch4_mean,opaque_dependency_l6,tabular_online,evaluation_unseen_zero_shot,opaque,action_proposals,30,6.0,0.0,6.0,6.0,6.0,6.0
ablation,ablation,full_depth4_branch4_mean,opaque_dependency_l6,tabular_online,evaluation_unseen_zero_shot,opaque,repeat_rate,30,0.0,0.0,0.0,0.0,0.0,0.0
ablation,ablation,full_depth4_branch4_mean,opaque_dependency_l6,tabular_online,evaluation_unseen_zero_shot,opaque,error_rate,30,0.0,0.0,0.0,0.0,0.0,0.0
ablation,ablation,full_depth4_branch4_mean,opaque_dependency_l6,tabular_online,training,opaque,success,30,0.33521666666666666,0.07133779325943883,0.31056666666666666,0.3606333333333333,0.217,0.493
ablation,ablation,full_depth4_branch4_mean,opaque_dependency_l6,tabular_online,training,opaque,steps,30,6.0,0.0,6.0,6.0,6.0,6.0
ablation,ablation,full_depth4_branch4_mean,opaque_dependency_l6,tabular_online,training,opaque,high_level_steps,30,6.0,0.0,6.0,6.0,6.0,6.0
ablation,ablation,full_depth4_branch4_mean,opaque_dependency_l6,tabular_online,training,opaque,primitive_steps,30,6.0,0.0,6.0,6.0,6.0,6.0
ablation,ablation,full_depth4_branch4_mean,opaque_dependency_l6,tabular_online,training,opaque,reward,30,0.33521666666666666,0.07133779325943883,0.3110166666666666,0.3599333333333333,0.217,0.493
ablation,ablation,full_depth4_branch4_mean,opaque_dependency_l6,tabular_online,training,opaque,errors,30,0.0,0.0,0.0,0.0,0.0,0.0
ablation,ablation,full_depth4_branch4_mean,opaque_dependency_l6,tabular_online,training,opaque,repeats,30,0.0,0.0,0.0,0.0,0.0,0.0
ablation,ablation,full_depth4_branch4_mean,opaque_dependency_l6,tabular_online,training,opaque,prediction_score,30,0.9899944444444445,0.0005587742011924325,0.9898,0.9901805555555555,0.98875,0.9909166666666667
ablation,ablation,full_depth4_branch4_mean,opaque_dependency_l6,tabular_online,training,opaque,holdout_score,30,0.12354595175287926,0.00021976011280834515,0.12346705066736426,0.12362220997101599,0.12305159026929598,0.1239719795736979
ablation,ablation,full_depth4_branch4_mean,opaque_dependency_l6,tabular_online,training,opaque,holdout_gain,30,6.3778436010959445e-06,4.876738246617554e-06,4.675709338299917e-06,8.172763210353788e-06,0.0,1.7361111111111104e-05
ablation,ablation,full_depth4_branch4_mean,opaque_dependency_l6,tabular_online,training,opaque,imagined_nodes,30,89.57891666666666,0.49387811010782756,89.408,89.75143333333334,88.6785,90.436
ablation,ablation,full_depth4_branch4_mean,opaque_dependency_l6,tabular_online,training,opaque,imagination_depth,30,3.8075833333333335,0.012527269106408107,3.80305,3.8121333333333336,3.7755,3.83
ablation,ablation,full_depth4_branch4_mean,opaque_dependency_l6,tabular_online,training,opaque,actual_return,30,0.33521666666666666,0.07133779325943883,0.3106,0.3598166666666666,0.217,0.493
ablation,ablation,full_depth4_branch4_mean,opaque_dependency_l6,tabular_online,training,opaque,runtime_seconds,30,0.003983695748381433,0.00022953606098992155,0.003899422086763661,0.00405930455000004,0.0033583660001459065,0.004325727000075858
ablation,ablation,full_depth4_branch4_mean,opaque_dependency_l6,tabular_online,training,opaque,real_transitions,30,6.0,0.0,6.0,6.0,6.0,6.0
ablation,ablation,full_depth4_branch4_mean,opaque_dependency_l6,tabular_online,training,opaque,imagined_transitions,30,89.57891666666666,0.49387811010782756,89.40653333333333,89.75818333333333,88.6785,90.436
ablation,ablation,full_depth4_branch4_mean,opaque_dependency_l6,tabular_online,training,opaque,action_proposals,30,6.0,0.0,6.0,6.0,6.0,6.0
ablation,ablation,full_depth4_branch4_mean,opaque_dependency_l6,tabular_online,training,opaque,repeat_rate,30,0.0,0.0,0.0,0.0,0.0,0.0
ablation,ablation,full_depth4_branch4_mean,opaque_dependency_l6,tabular_online,training,opaque,error_rate,30,0.0,0.0,0.0,0.0,0.0,0.0
ablation,ablation,full_depth4_branch4_mean,opaque_dependency_l6,tabular_online,training,opaque,learning_auc,30,0.33526763381690844,0.07129862756311883,0.3098299149574787,0.35994663998666,0.21710855427713857,0.4932466233116558
ablation,ablation,full_depth4_branch4_mean,opaque_dependency_l6,tabular_online,training,opaque,final_tail_success,30,0.4995,0.10892381076570971,0.46049999999999996,0.538,0.31,0.705
ablation,ablation,full_depth4_branch4_mean,opaque_dependency_l6,tabular_online,training,opaque,first_success_real_transitions,30,282.2,212.5148919731152,208.8,360.6,6.0,678.0
ablation,ablation,full_depth4_branch4_risk-adjusted,opaque_dependency_l6,tabular_online,evaluation_seen,opaque,success,30,0.0,0.0,0.0,0.0,0.0,0.0
ablation,ablation,full_depth4_branch4_risk-adjusted,opaque_dependency_l6,tabular_online,evaluation_seen,opaque,steps,30,6.0,0.0,6.0,6.0,6.0,6.0
ablation,ablation,full_depth4_branch4_risk-adjusted,opaque_dependency_l6,tabular_online,evaluation_seen,opaque,high_level_steps,30,6.0,0.0,6.0,6.0,6.0,6.0
ablation,ablation,full_depth4_branch4_risk-adjusted,opaque_dependency_l6,tabular_online,evaluation_seen,opaque,primitive_steps,30,6.0,0.0,6.0,6.0,6.0,6.0
ablation,ablation,full_depth4_branch4_risk-adjusted,opaque_dependency_l6,tabular_online,evaluation_seen,opaque,reward,30,0.0,0.0,0.0,0.0,0.0,0.0
ablation,ablation,full_depth4_branch4_risk-adjusted,opaque_dependency_l6,tabular_online,evaluation_seen,opaque,errors,30,0.0,0.0,0.0,0.0,0.0,0.0
ablation,ablation,full_depth4_branch4_risk-adjusted,opaque_dependency_l6,tabular_online,evaluation_seen,opaque,repeats,30,0.0,0.0,0.0,0.0,0.0,0.0
ablation,ablation,full_depth4_branch4_risk-adjusted,opaque_dependency_l6,tabular_online,evaluation_seen,opaque,prediction_score,30,0.0,0.0,0.0,0.0,0.0,0.0
ablation,ablation,full_depth4_branch4_risk-adjusted,opaque_dependency_l6,tabular_online,evaluation_seen,opaque,holdout_score,30,1.0,0.0,1.0,1.0,1.0,1.0
ablation,ablation,full_depth4_branch4_risk-adjusted,opaque_dependency_l6,tabular_online,evaluation_seen,opaque,imagined_nodes,30,0.0,0.0,0.0,0.0,0.0,0.0
ablation,ablation,full_depth4_branch4_risk-adjusted,opaque_dependency_l6,tabular_online,evaluation_seen,opaque,imagination_depth,30,0.0,0.0,0.0,0.0,0.0,0.0
ablation,ablation,full_depth4_branch4_risk-adjusted,opaque_dependency_l6,tabular_online,evaluation_seen,opaque,actual_return,30,0.0,0.0,0.0,0.0,0.0,0.0
ablation,ablation,full_depth4_branch4_risk-adjusted,opaque_dependency_l6,tabular_online,evaluation_seen,opaque,runtime_seconds,30,0.003463195099810643,0.00042452459540006054,0.0033160836164946284,0.003614957516624903,0.0027743274996464605,0.004411291999858804
ablation,ablation,full_depth4_branch4_risk-adjusted,opaque_dependency_l6,tabular_online,evaluation_seen,opaque,real_transitions,30,6.0,0.0,6.0,6.0,6.0,6.0
ablation,ablation,full_depth4_branch4_risk-adjusted,opaque_dependency_l6,tabular_online,evaluation_seen,opaque,imagined_transitions,30,0.0,0.0,0.0,0.0,0.0,0.0
ablation,ablation,full_depth4_branch4_risk-adjusted,opaque_dependency_l6,tabular_online,evaluation_seen,opaque,action_proposals,30,6.0,0.0,6.0,6.0,6.0,6.0
ablation,ablation,full_depth4_branch4_risk-adjusted,opaque_dependency_l6,tabular_online,evaluation_seen,opaque,repeat_rate,30,0.0,0.0,0.0,0.0,0.0,0.0
ablation,ablation,full_depth4_branch4_risk-adjusted,opaque_dependency_l6,tabular_online,evaluation_seen,opaque,error_rate,30,0.0,0.0,0.0,0.0,0.0,0.0
ablation,ablation,full_depth4_branch4_risk-adjusted,opaque_dependency_l6,tabular_online,evaluation_unseen_zero_shot,opaque,success,30,0.0,0.0,0.0,0.0,0.0,0.0
ablation,ablation,full_depth4_branch4_risk-adjusted,opaque_dependency_l6,tabular_online,evaluation_unseen_zero_shot,opaque,steps,30,6.0,0.0,6.0,6.0,6.0,6.0
ablation,ablation,full_depth4_branch4_risk-adjusted,opaque_dependency_l6,tabular_online,evaluation_unseen_zero_shot,opaque,high_level_steps,30,6.0,0.0,6.0,6.0,6.0,6.0
ablation,ablation,full_depth4_branch4_risk-adjusted,opaque_dependency_l6,tabular_online,evaluation_unseen_zero_shot,opaque,primitive_steps,30,6.0,0.0,6.0,6.0,6.0,6.0
ablation,ablation,full_depth4_branch4_risk-adjusted,opaque_dependency_l6,tabular_online,evaluation_unseen_zero_shot,opaque,reward,30,0.0,0.0,0.0,0.0,0.0,0.0
ablation,ablation,full_depth4_branch4_risk-adjusted,opaque_dependency_l6,tabular_online,evaluation_unseen_zero_shot,opaque,errors,30,0.0,0.0,0.0,0.0,0.0,0.0
ablation,ablation,full_depth4_branch4_risk-adjusted,opaque_dependency_l6,tabular_online,evaluation_unseen_zero_shot,opaque,repeats,30,0.0,0.0,0.0,0.0,0.0,0.0
ablation,ablation,full_depth4_branch4_risk-adjusted,opaque_dependency_l6,tabular_online,evaluation_unseen_zero_shot,opaque,prediction_score,30,0.0,0.0,0.0,0.0,0.0,0.0
ablation,ablation,full_depth4_branch4_risk-adjusted,opaque_dependency_l6,tabular_online,evaluation_unseen_zero_shot,opaque,holdout_score,30,1.0,0.0,1.0,1.0,1.0,1.0
ablation,ablation,full_depth4_branch4_risk-adjusted,opaque_dependency_l6,tabular_online,evaluation_unseen_zero_shot,opaque,imagined_nodes,30,0.0,0.0,0.0,0.0,0.0,0.0
ablation,ablation,full_depth4_branch4_risk-adjusted,opaque_dependency_l6,tabular_online,evaluation_unseen_zero_shot,opaque,imagination_depth,30,0.0,0.0,0.0,0.0,0.0,0.0
ablation,ablation,full_depth4_branch4_risk-adjusted,opaque_dependency_l6,tabular_online,evaluation_unseen_zero_shot,opaque,actual_return,30,0.0,0.0,0.0,0.0,0.0,0.0
ablation,ablation,full_depth4_branch4_risk-adjusted,opaque_dependency_l6,tabular_online,evaluation_unseen_zero_shot,opaque,runtime_seconds,30,0.0034186382333427903,0.00040148579434716317,0.0032768054000625853,0.003567940800082094,0.0027255265004350803,0.004182256000349298
ablation,ablation,full_depth4_branch4_risk-adjusted,opaque_dependency_l6,tabular_online,evaluation_unseen_zero_shot,opaque,real_transitions,30,6.0,0.0,6.0,6.0,6.0,6.0
ablation,ablation,full_depth4_branch4_risk-adjusted,opaque_dependency_l6,tabular_online,evaluation_unseen_zero_shot,opaque,imagined_transitions,30,0.0,0.0,0.0,0.0,0.0,0.0
ablation,ablation,full_depth4_branch4_risk-adjusted,opaque_dependency_l6,tabular_online,evaluation_unseen_zero_shot,opaque,action_proposals,30,6.0,0.0,6.0,6.0,6.0,6.0
ablation,ablation,full_depth4_branch4_risk-adjusted,opaque_dependency_l6,tabular_online,evaluation_unseen_zero_shot,opaque,repeat_rate,30,0.0,0.0,0.0,0.0,0.0,0.0
ablation,ablation,full_depth4_branch4_risk-adjusted,opaque_dependency_l6,tabular_online,evaluation_unseen_zero_shot,opaque,error_rate,30,0.0,0.0,0.0,0.0,0.0,0.0
ablation,ablation,full_depth4_branch4_risk-adjusted,opaque_dependency_l6,tabular_online,training,opaque,success,30,0.33521666666666666,0.07133779325943883,0.3101,0.3608166666666667,0.217,0.493
ablation,ablation,full_depth4_branch4_risk-adjusted,opaque_dependency_l6,tabular_online,training,opaque,steps,30,6.0,0.0,6.0,6.0,6.0,6.0
ablation,ablation,full_depth4_branch4_risk-adjusted,opaque_dependency_l6,tabular_online,training,opaque,high_level_steps,30,6.0,0.0,6.0,6.0,6.0,6.0
ablation,ablation,full_depth4_branch4_risk-adjusted,opaque_dependency_l6,tabular_online,training,opaque,primitive_steps,30,6.0,0.0,6.0,6.0,6.0,6.0
ablation,ablation,full_depth4_branch4_risk-adjusted,opaque_dependency_l6,tabular_online,training,opaque,reward,30,0.33521666666666666,0.07133779325943883,0.31006666666666666,0.3597666666666666,0.217,0.493
ablation,ablation,full_depth4_branch4_risk-adjusted,opaque_dependency_l6,tabular_online,training,opaque,errors,30,0.0,0.0,0.0,0.0,0.0,0.0
ablation,ablation,full_depth4_branch4_risk-adjusted,opaque_dependency_l6,tabular_online,training,opaque,repeats,30,0.0,0.0,0.0,0.0,0.0,0.0
ablation,ablation,full_depth4_branch4_risk-adjusted,opaque_dependency_l6,tabular_online,training,opaque,prediction_score,30,0.9899944444444445,0.0005587742011924325,0.9897972222222222,0.9901833333333333,0.98875,0.9909166666666667
ablation,ablation,full_depth4_branch4_risk-adjusted,opaque_dependency_l6,tabular_online,training,opaque,holdout_score,30,0.12354595175287926,0.00021976011280834515,0.12346797687344638,0.12361981870389568,0.12305159026929598,0.1239719795736979
ablation,ablation,full_depth4_branch4_risk-adjusted,opaque_dependency_l6,tabular_online,training,opaque,holdout_gain,30,6.3778436010959445e-06,4.876738246617554e-06,4.69903629728864e-06,8.103356184877921e-06,0.0,1.7361111111111104e-05
ablation,ablation,full_depth4_branch4_risk-adjusted,opaque_dependency_l6,tabular_online,training,opaque,imagined_nodes,30,89.57891666666666,0.49387811010782756,89.40761666666667,89.75318333333333,88.6785,90.436
ablation,ablation,full_depth4_branch4_risk-adjusted,opaque_dependency_l6,tabular_online,training,opaque,imagination_depth,30,3.8075833333333335,0.012527269106408107,3.80335,3.81205,3.7755,3.83
ablation,ablation,full_depth4_branch4_risk-adjusted,opaque_dependency_l6,tabular_online,training,opaque,actual_return,30,0.33521666666666666,0.07133779325943883,0.31033333333333335,0.36038333333333333,0.217,0.493
ablation,ablation,full_depth4_branch4_risk-adjusted,opaque_dependency_l6,tabular_online,training,opaque,runtime_seconds,30,0.004242137368307157,0.00024353187873186777,0.004153347653253877,0.0043264859866098656,0.003582641850152868,0.004776620699849445
ablation,ablation,full_depth4_branch4_risk-adjusted,opaque_dependency_l6,tabular_online,training,opaque,real_transitions,30,6.0,0.0,6.0,6.0,6.0,6.0
ablation,ablation,full_depth4_branch4_risk-adjusted,opaque_dependency_l6,tabular_online,training,opaque,imagined_transitions,30,89.57891666666666,0.49387811010782756,89.40438333333333,89.7517,88.6785,90.436
ablation,ablation,full_depth4_branch4_risk-adjusted,opaque_dependency_l6,tabular_online,training,opaque,action_proposals,30,6.0,0.0,6.0,6.0,6.0,6.0
ablation,ablation,full_depth4_branch4_risk-adjusted,opaque_dependency_l6,tabular_online,training,opaque,repeat_rate,30,0.0,0.0,0.0,0.0,0.0,0.0
ablation,ablation,full_depth4_branch4_risk-adjusted,opaque_dependency_l6,tabular_online,training,opaque,error_rate,30,0.0,0.0,0.0,0.0,0.0,0.0
ablation,ablation,full_depth4_branch4_risk-adjusted,opaque_dependency_l6,tabular_online,training,opaque,learning_auc,30,0.33526763381690844,0.07129862756311883,0.3107303651825913,0.36026346506586626,0.21710855427713857,0.4932466233116558
ablation,ablation,full_depth4_branch4_risk-adjusted,opaque_dependency_l6,tabular_online,training,opaque,final_tail_success,30,0.4995,0.10892381076570971,0.46166666666666667,0.5381666666666667,0.31,0.705
ablation,ablation,full_depth4_branch4_risk-adjusted,opaque_dependency_l6,tabular_online,training,opaque,first_success_real_transitions,30,282.2,212.5148919731152,208.6,357.4,6.0,678.0
ablation,ablation,full_depth6_branch1_max,opaque_dependency_l6,tabular_online,evaluation_seen,opaque,success,30,0.0,0.0,0.0,0.0,0.0,0.0
ablation,ablation,full_depth6_branch1_max,opaque_dependency_l6,tabular_online,evaluation_seen,opaque,steps,30,6.0,0.0,6.0,6.0,6.0,6.0
ablation,ablation,full_depth6_branch1_max,opaque_dependency_l6,tabular_online,evaluation_seen,opaque,high_level_steps,30,6.0,0.0,6.0,6.0,6.0,6.0
ablation,ablation,full_depth6_branch1_max,opaque_dependency_l6,tabular_online,evaluation_seen,opaque,primitive_steps,30,6.0,0.0,6.0,6.0,6.0,6.0
ablation,ablation,full_depth6_branch1_max,opaque_dependency_l6,tabular_online,evaluation_seen,opaque,reward,30,0.0,0.0,0.0,0.0,0.0,0.0
ablation,ablation,full_depth6_branch1_max,opaque_dependency_l6,tabular_online,evaluation_seen,opaque,errors,30,0.0,0.0,0.0,0.0,0.0,0.0
ablation,ablation,full_depth6_branch1_max,opaque_dependency_l6,tabular_online,evaluation_seen,opaque,repeats,30,0.0,0.0,0.0,0.0,0.0,0.0
ablation,ablation,full_depth6_branch1_max,opaque_dependency_l6,tabular_online,evaluation_seen,opaque,prediction_score,30,0.0,0.0,0.0,0.0,0.0,0.0
ablation,ablation,full_depth6_branch1_max,opaque_dependency_l6,tabular_online,evaluation_seen,opaque,holdout_score,30,1.0,0.0,1.0,1.0,1.0,1.0
ablation,ablation,full_depth6_branch1_max,opaque_dependency_l6,tabular_online,evaluation_seen,opaque,imagined_nodes,30,0.0,0.0,0.0,0.0,0.0,0.0
ablation,ablation,full_depth6_branch1_max,opaque_dependency_l6,tabular_online,evaluation_seen,opaque,imagination_depth,30,0.0,0.0,0.0,0.0,0.0,0.0
ablation,ablation,full_depth6_branch1_max,opaque_dependency_l6,tabular_online,evaluation_seen,opaque,actual_return,30,0.0,0.0,0.0,0.0,0.0,0.0
ablation,ablation,full_depth6_branch1_max,opaque_dependency_l6,tabular_online,evaluation_seen,opaque,runtime_seconds,30,0.003454508116459086,0.00039976238283855666,0.0033100437831065695,0.0035915665665622026,0.002815735999465687,0.004172402501280885
ablation,ablation,full_depth6_branch1_max,opaque_dependency_l6,tabular_online,evaluation_seen,opaque,real_transitions,30,6.0,0.0,6.0,6.0,6.0,6.0
ablation,ablation,full_depth6_branch1_max,opaque_dependency_l6,tabular_online,evaluation_seen,opaque,imagined_transitions,30,0.0,0.0,0.0,0.0,0.0,0.0
ablation,ablation,full_depth6_branch1_max,opaque_dependency_l6,tabular_online,evaluation_seen,opaque,action_proposals,30,6.0,0.0,6.0,6.0,6.0,6.0
ablation,ablation,full_depth6_branch1_max,opaque_dependency_l6,tabular_online,evaluation_seen,opaque,repeat_rate,30,0.0,0.0,0.0,0.0,0.0,0.0
ablation,ablation,full_depth6_branch1_max,opaque_dependency_l6,tabular_online,evaluation_seen,opaque,error_rate,30,0.0,0.0,0.0,0.0,0.0,0.0
ablation,ablation,full_depth6_branch1_max,opaque_dependency_l6,tabular_online,evaluation_unseen_zero_shot,opaque,success,30,0.0,0.0,0.0,0.0,0.0,0.0
ablation,ablation,full_depth6_branch1_max,opaque_dependency_l6,tabular_online,evaluation_unseen_zero_shot,opaque,steps,30,6.0,0.0,6.0,6.0,6.0,6.0
ablation,ablation,full_depth6_branch1_max,opaque_dependency_l6,tabular_online,evaluation_unseen_zero_shot,opaque,high_level_steps,30,6.0,0.0,6.0,6.0,6.0,6.0
ablation,ablation,full_depth6_branch1_max,opaque_dependency_l6,tabular_online,evaluation_unseen_zero_shot,opaque,primitive_steps,30,6.0,0.0,6.0,6.0,6.0,6.0
ablation,ablation,full_depth6_branch1_max,opaque_dependency_l6,tabular_online,evaluation_unseen_zero_shot,opaque,reward,30,0.0,0.0,0.0,0.0,0.0,0.0
ablation,ablation,full_depth6_branch1_max,opaque_dependency_l6,tabular_online,evaluation_unseen_zero_shot,opaque,errors,30,0.0,0.0,0.0,0.0,0.0,0.0
ablation,ablation,full_depth6_branch1_max,opaque_dependency_l6,tabular_online,evaluation_unseen_zero_shot,opaque,repeats,30,0.0,0.0,0.0,0.0,0.0,0.0
ablation,ablation,full_depth6_branch1_max,opaque_dependency_l6,tabular_online,evaluation_unseen_zero_shot,opaque,prediction_score,30,0.0,0.0,0.0,0.0,0.0,0.0
ablation,ablation,full_depth6_branch1_max,opaque_dependency_l6,tabular_online,evaluation_unseen_zero_shot,opaque,holdout_score,30,1.0,0.0,1.0,1.0,1.0,1.0
ablation,ablation,full_depth6_branch1_max,opaque_dependency_l6,tabular_online,evaluation_unseen_zero_shot,opaque,imagined_nodes,30,0.0,0.0,0.0,0.0,0.0,0.0
ablation,ablation,full_depth6_branch1_max,opaque_dependency_l6,tabular_online,evaluation_unseen_zero_shot,opaque,imagination_depth,30,0.0,0.0,0.0,0.0,0.0,0.0
ablation,ablation,full_depth6_branch1_max,opaque_dependency_l6,tabular_online,evaluation_unseen_zero_shot,opaque,actual_return,30,0.0,0.0,0.0,0.0,0.0,0.0
ablation,ablation,full_depth6_branch1_max,opaque_dependency_l6,tabular_online,evaluation_unseen_zero_shot,opaque,runtime_seconds,30,0.003356709883349443,0.0004071895105779427,0.0032155804835104695,0.003498678566820066,0.0027814814998419024,0.004165654000680661
ablation,ablation,full_depth6_branch1_max,opaque_dependency_l6,tabular_online,evaluation_unseen_zero_shot,opaque,real_transitions,30,6.0,0.0,6.0,6.0,6.0,6.0
ablation,ablation,full_depth6_branch1_max,opaque_dependency_l6,tabular_online,evaluation_unseen_zero_shot,opaque,imagined_transitions,30,0.0,0.0,0.0,0.0,0.0,0.0
ablation,ablation,full_depth6_branch1_max,opaque_dependency_l6,tabular_online,evaluation_unseen_zero_shot,opaque,action_proposals,30,6.0,0.0,6.0,6.0,6.0,6.0
ablation,ablation,full_depth6_branch1_max,opaque_dependency_l6,tabular_online,evaluation_unseen_zero_shot,opaque,repeat_rate,30,0.0,0.0,0.0,0.0,0.0,0.0
ablation,ablation,full_depth6_branch1_max,opaque_dependency_l6,tabular_online,evaluation_unseen_zero_shot,opaque,error_rate,30,0.0,0.0,0.0,0.0,0.0,0.0
ablation,ablation,full_depth6_branch1_max,opaque_dependency_l6,tabular_online,training,opaque,success,30,0.33521666666666666,0.07133779325943883,0.3108666666666667,0.36041666666666666,0.217,0.493
ablation,ablation,full_depth6_branch1_max,opaque_dependency_l6,tabular_online,training,opaque,steps,30,6.0,0.0,6.0,6.0,6.0,6.0
ablation,ablation,full_depth6_branch1_max,opaque_dependency_l6,tabular_online,training,opaque,high_level_steps,30,6.0,0.0,6.0,6.0,6.0,6.0
ablation,ablation,full_depth6_branch1_max,opaque_dependency_l6,tabular_online,training,opaque,primitive_steps,30,6.0,0.0,6.0,6.0,6.0,6.0
ablation,ablation,full_depth6_branch1_max,opaque_dependency_l6,tabular_online,training,opaque,reward,30,0.33521666666666666,0.07133779325943883,0.3111833333333333,0.3604833333333333,0.217,0.493
ablation,ablation,full_depth6_branch1_max,opaque_dependency_l6,tabular_online,training,opaque,errors,30,0.0,0.0,0.0,0.0,0.0,0.0
ablation,ablation,full_depth6_branch1_max,opaque_dependency_l6,tabular_online,training,opaque,repeats,30,0.0,0.0,0.0,0.0,0.0,0.0
ablation,ablation,full_depth6_branch1_max,opaque_dependency_l6,tabular_online,training,opaque,prediction_score,30,0.9899944444444445,0.0005587742011924325,0.9897972222222222,0.9901861111111111,0.98875,0.9909166666666667
ablation,ablation,full_depth6_branch1_max,opaque_dependency_l6,tabular_online,training,opaque,holdout_score,30,0.12354595175287926,0.00021976011280834515,0.12346824684836011,0.12362196131285778,0.12305159026929598,0.1239719795736979
ablation,ablation,full_depth6_branch1_max,opaque_dependency_l6,tabular_online,training,opaque,holdout_gain,30,6.3778436010959445e-06,4.876738246617554e-06,4.694184287934287e-06,8.088054139231675e-06,0.0,1.7361111111111104e-05
ablation,ablation,full_depth6_branch1_max,opaque_dependency_l6,tabular_online,training,opaque,imagined_nodes,30,20.497416666666666,0.10055827640737998,20.462016666666667,20.534066666666668,20.3205,20.668
ablation,ablation,full_depth6_branch1_max,opaque_dependency_l6,tabular_online,training,opaque,imagination_depth,30,5.439533333333333,0.02417462809803205,5.430983333333333,5.448016666666667,5.379,5.493
ablation,ablation,full_depth6_branch1_max,opaque_dependency_l6,tabular_online,training,opaque,actual_return,30,0.33521666666666666,0.07133779325943883,0.31028333333333336,0.36041666666666666,0.217,0.493
ablation,ablation,full_depth6_branch1_max,opaque_dependency_l6,tabular_online,training,opaque,runtime_seconds,30,0.0020366867117520694,0.00013341072747212308,0.001992358380020111,0.0020866439933680037,0.0018021291999320965,0.0024923016498360085
ablation,ablation,full_depth6_branch1_max,opaque_dependency_l6,tabular_online,training,opaque,real_transitions,30,6.0,0.0,6.0,6.0,6.0,6.0
ablation,ablation,full_depth6_branch1_max,opaque_dependency_l6,tabular_online,training,opaque,imagined_transitions,30,20.497416666666666,0.10055827640737998,20.46173333333333,20.532766666666664,20.3205,20.668
ablation,ablation,full_depth6_branch1_max,opaque_dependency_l6,tabular_online,training,opaque,action_proposals,30,6.0,0.0,6.0,6.0,6.0,6.0
ablation,ablation,full_depth6_branch1_max,opaque_dependency_l6,tabular_online,training,opaque,repeat_rate,30,0.0,0.0,0.0,0.0,0.0,0.0
ablation,ablation,full_depth6_branch1_max,opaque_dependency_l6,tabular_online,training,opaque,error_rate,30,0.0,0.0,0.0,0.0,0.0,0.0
ablation,ablation,full_depth6_branch1_max,opaque_dependency_l6,tabular_online,training,opaque,learning_auc,30,0.33526763381690844,0.07129862756311883,0.3101217275304319,0.36066366516591625,0.21710855427713857,0.4932466233116558
ablation,ablation,full_depth6_branch1_max,opaque_dependency_l6,tabular_online,training,opaque,final_tail_success,30,0.4995,0.10892381076570971,0.4623333333333334,0.539,0.31,0.705
ablation,ablation,full_depth6_branch1_max,opaque_dependency_l6,tabular_online,training,opaque,first_success_real_transitions,30,282.2,212.5148919731152,209.0,358.0,6.0,678.0
ablation,ablation,full_depth6_branch1_mean,opaque_dependency_l6,tabular_online,evaluation_seen,opaque,success,30,0.0,0.0,0.0,0.0,0.0,0.0
ablation,ablation,full_depth6_branch1_mean,opaque_dependency_l6,tabular_online,evaluation_seen,opaque,steps,30,6.0,0.0,6.0,6.0,6.0,6.0
ablation,ablation,full_depth6_branch1_mean,opaque_dependency_l6,tabular_online,evaluation_seen,opaque,high_level_steps,30,6.0,0.0,6.0,6.0,6.0,6.0
ablation,ablation,full_depth6_branch1_mean,opaque_dependency_l6,tabular_online,evaluation_seen,opaque,primitive_steps,30,6.0,0.0,6.0,6.0,6.0,6.0
ablation,ablation,full_depth6_branch1_mean,opaque_dependency_l6,tabular_online,evaluation_seen,opaque,reward,30,0.0,0.0,0.0,0.0,0.0,0.0
ablation,ablation,full_depth6_branch1_mean,opaque_dependency_l6,tabular_online,evaluation_seen,opaque,errors,30,0.0,0.0,0.0,0.0,0.0,0.0
ablation,ablation,full_depth6_branch1_mean,opaque_dependency_l6,tabular_online,evaluation_seen,opaque,repeats,30,0.0,0.0,0.0,0.0,0.0,0.0
ablation,ablation,full_depth6_branch1_mean,opaque_dependency_l6,tabular_online,evaluation_seen,opaque,prediction_score,30,0.0,0.0,0.0,0.0,0.0,0.0
ablation,ablation,full_depth6_branch1_mean,opaque_dependency_l6,tabular_online,evaluation_seen,opaque,holdout_score,30,1.0,0.0,1.0,1.0,1.0,1.0
ablation,ablation,full_depth6_branch1_mean,opaque_dependency_l6,tabular_online,evaluation_seen,opaque,imagined_nodes,30,0.0,0.0,0.0,0.0,0.0,0.0
ablation,ablation,full_depth6_branch1_mean,opaque_dependency_l6,tabular_online,evaluation_seen,opaque,imagination_depth,30,0.0,0.0,0.0,0.0,0.0,0.0
ablation,ablation,full_depth6_branch1_mean,opaque_dependency_l6,tabular_online,evaluation_seen,opaque,actual_return,30,0.0,0.0,0.0,0.0,0.0,0.0
ablation,ablation,full_depth6_branch1_mean,opaque_dependency_l6,tabular_online,evaluation_seen,opaque,runtime_seconds,30,0.0034231505334998175,0.00045081251770161463,0.003267422183348875,0.0035785202333839454,0.0027794450015062467,0.004299608499422902
ablation,ablation,full_depth6_branch1_mean,opaque_dependency_l6,tabular_online,evaluation_seen,opaque,real_transitions,30,6.0,0.0,6.0,6.0,6.0,6.0
ablation,ablation,full_depth6_branch1_mean,opaque_dependency_l6,tabular_online,evaluation_seen,opaque,imagined_transitions,30,0.0,0.0,0.0,0.0,0.0,0.0
ablation,ablation,full_depth6_branch1_mean,opaque_dependency_l6,tabular_online,evaluation_seen,opaque,action_proposals,30,6.0,0.0,6.0,6.0,6.0,6.0
ablation,ablation,full_depth6_branch1_mean,opaque_dependency_l6,tabular_online,evaluation_seen,opaque,repeat_rate,30,0.0,0.0,0.0,0.0,0.0,0.0
ablation,ablation,full_depth6_branch1_mean,opaque_dependency_l6,tabular_online,evaluation_seen,opaque,error_rate,30,0.0,0.0,0.0,0.0,0.0,0.0
ablation,ablation,full_depth6_branch1_mean,opaque_dependency_l6,tabular_online,evaluation_unseen_zero_shot,opaque,success,30,0.0,0.0,0.0,0.0,0.0,0.0
ablation,ablation,full_depth6_branch1_mean,opaque_dependency_l6,tabular_online,evaluation_unseen_zero_shot,opaque,steps,30,6.0,0.0,6.0,6.0,6.0,6.0
ablation,ablation,full_depth6_branch1_mean,opaque_dependency_l6,tabular_online,evaluation_unseen_zero_shot,opaque,high_level_steps,30,6.0,0.0,6.0,6.0,6.0,6.0
ablation,ablation,full_depth6_branch1_mean,opaque_dependency_l6,tabular_online,evaluation_unseen_zero_shot,opaque,primitive_steps,30,6.0,0.0,6.0,6.0,6.0,6.0
ablation,ablation,full_depth6_branch1_mean,opaque_dependency_l6,tabular_online,evaluation_unseen_zero_shot,opaque,reward,30,0.0,0.0,0.0,0.0,0.0,0.0
ablation,ablation,full_depth6_branch1_mean,opaque_dependency_l6,tabular_online,evaluation_unseen_zero_shot,opaque,errors,30,0.0,0.0,0.0,0.0,0.0,0.0
ablation,ablation,full_depth6_branch1_mean,opaque_dependency_l6,tabular_online,evaluation_unseen_zero_shot,opaque,repeats,30,0.0,0.0,0.0,0.0,0.0,0.0
ablation,ablation,full_depth6_branch1_mean,opaque_dependency_l6,tabular_online,evaluation_unseen_zero_shot,opaque,prediction_score,30,0.0,0.0,0.0,0.0,0.0,0.0
ablation,ablation,full_depth6_branch1_mean,opaque_dependency_l6,tabular_online,evaluation_unseen_zero_shot,opaque,holdout_score,30,1.0,0.0,1.0,1.0,1.0,1.0
ablation,ablation,full_depth6_branch1_mean,opaque_dependency_l6,tabular_online,evaluation_unseen_zero_shot,opaque,imagined_nodes,30,0.0,0.0,0.0,0.0,0.0,0.0
ablation,ablation,full_depth6_branch1_mean,opaque_dependency_l6,tabular_online,evaluation_unseen_zero_shot,opaque,imagination_depth,30,0.0,0.0,0.0,0.0,0.0,0.0
ablation,ablation,full_depth6_branch1_mean,opaque_dependency_l6,tabular_online,evaluation_unseen_zero_shot,opaque,actual_return,30,0.0,0.0,0.0,0.0,0.0,0.0
ablation,ablation,full_depth6_branch1_mean,opaque_dependency_l6,tabular_online,evaluation_unseen_zero_shot,opaque,runtime_seconds,30,0.0034527698999978988,0.00041419684687289297,0.003306522016495971,0.003598294850167197,0.002844676500244532,0.004148652999137994
ablation,ablation,full_depth6_branch1_mean,opaque_dependency_l6,tabular_online,evaluation_unseen_zero_shot,opaque,real_transitions,30,6.0,0.0,6.0,6.0,6.0,6.0
ablation,ablation,full_depth6_branch1_mean,opaque_dependency_l6,tabular_online,evaluation_unseen_zero_shot,opaque,imagined_transitions,30,0.0,0.0,0.0,0.0,0.0,0.0
ablation,ablation,full_depth6_branch1_mean,opaque_dependency_l6,tabular_online,evaluation_unseen_zero_shot,opaque,action_proposals,30,6.0,0.0,6.0,6.0,6.0,6.0
ablation,ablation,full_depth6_branch1_mean,opaque_dependency_l6,tabular_online,evaluation_unseen_zero_shot,opaque,repeat_rate,30,0.0,0.0,0.0,0.0,0.0,0.0
ablation,ablation,full_depth6_branch1_mean,opaque_dependency_l6,tabular_online,evaluation_unseen_zero_shot,opaque,error_rate,30,0.0,0.0,0.0,0.0,0.0,0.0
ablation,ablation,full_depth6_branch1_mean,opaque_dependency_l6,tabular_online,training,opaque,success,30,0.33521666666666666,0.07133779325943883,0.3096833333333333,0.36038333333333333,0.217,0.493
ablation,ablation,full_depth6_branch1_mean,opaque_dependency_l6,tabular_online,training,opaque,steps,30,6.0,0.0,6.0,6.0,6.0,6.0
ablation,ablation,full_depth6_branch1_mean,opaque_dependency_l6,tabular_online,training,opaque,high_level_steps,30,6.0,0.0,6.0,6.0,6.0,6.0
ablation,ablation,full_depth6_branch1_mean,opaque_dependency_l6,tabular_online,training,opaque,primitive_steps,30,6.0,0.0,6.0,6.0,6.0,6.0
ablation,ablation,full_depth6_branch1_mean,opaque_dependency_l6,tabular_online,training,opaque,reward,30,0.33521666666666666,0.07133779325943883,0.31038333333333334,0.36024999999999996,0.217,0.493
ablation,ablation,full_depth6_branch1_mean,opaque_dependency_l6,tabular_online,training,opaque,errors,30,0.0,0.0,0.0,0.0,0.0,0.0
ablation,ablation,full_depth6_branch1_mean,opaque_dependency_l6,tabular_online,training,opaque,repeats,30,0.0,0.0,0.0,0.0,0.0,0.0
ablation,ablation,full_depth6_branch1_mean,opaque_dependency_l6,tabular_online,training,opaque,prediction_score,30,0.9899944444444445,0.0005587742011924325,0.9897944444444444,0.9901861111111111,0.98875,0.9909166666666667
ablation,ablation,full_depth6_branch1_mean,opaque_dependency_l6,tabular_online,training,opaque,holdout_score,30,0.12354595175287926,0.00021976011280834515,0.12346702940344148,0.12362367517206735,0.12305159026929598,0.1239719795736979
ablation,ablation,full_depth6_branch1_mean,opaque_dependency_l6,tabular_online,training,opaque,holdout_gain,30,6.3778436010959445e-06,4.876738246617554e-06,4.700111795193849e-06,8.085111496796277e-06,0.0,1.7361111111111104e-05
ablation,ablation,full_depth6_branch1_mean,opaque_dependency_l6,tabular_online,training,opaque,imagined_nodes,30,20.497416666666666,0.10055827640737998,20.461666666666666,20.53308333333333,20.3205,20.668
ablation,ablation,full_depth6_branch1_mean,opaque_dependency_l6,tabular_online,training,opaque,imagination_depth,30,5.439533333333333,0.02417462809803205,5.431033333333333,5.4479,5.379,5.493
ablation,ablation,full_depth6_branch1_mean,opaque_dependency_l6,tabular_online,training,opaque,actual_return,30,0.33521666666666666,0.07133779325943883,0.31074999999999997,0.3606333333333333,0.217,0.493
ablation,ablation,full_depth6_branch1_mean,opaque_dependency_l6,tabular_online,training,opaque,runtime_seconds,30,0.0020222204749811984,0.00016241716451770741,0.0019678182966813133,0.002079901731664722,0.0017200921002513496,0.0026006598498497626
ablation,ablation,full_depth6_branch1_mean,opaque_dependency_l6,tabular_online,training,opaque,real_transitions,30,6.0,0.0,6.0,6.0,6.0,6.0
ablation,ablation,full_depth6_branch1_mean,opaque_dependency_l6,tabular_online,training,opaque,imagined_transitions,30,20.497416666666666,0.10055827640737998,20.461866666666666,20.531983333333336,20.3205,20.668
ablation,ablation,full_depth6_branch1_mean,opaque_dependency_l6,tabular_online,training,opaque,action_proposals,30,6.0,0.0,6.0,6.0,6.0,6.0
ablation,ablation,full_depth6_branch1_mean,opaque_dependency_l6,tabular_online,training,opaque,repeat_rate,30,0.0,0.0,0.0,0.0,0.0,0.0
ablation,ablation,full_depth6_branch1_mean,opaque_dependency_l6,tabular_online,training,opaque,error_rate,30,0.0,0.0,0.0,0.0,0.0,0.0
ablation,ablation,full_depth6_branch1_mean,opaque_dependency_l6,tabular_online,training,opaque,learning_auc,30,0.33526763381690844,0.07129862756311883,0.31054694013673506,0.36080540270135064,0.21710855427713857,0.4932466233116558
ablation,ablation,full_depth6_branch1_mean,opaque_dependency_l6,tabular_online,training,opaque,final_tail_success,30,0.4995,0.10892381076570971,0.4613333333333333,0.5376666666666666,0.31,0.705
ablation,ablation,full_depth6_branch1_mean,opaque_dependency_l6,tabular_online,training,opaque,first_success_real_transitions,30,282.2,212.5148919731152,205.6,358.4,6.0,678.0
ablation,ablation,full_depth6_branch1_risk-adjusted,opaque_dependency_l6,tabular_online,evaluation_seen,opaque,success,30,0.0,0.0,0.0,0.0,0.0,0.0
ablation,ablation,full_depth6_branch1_risk-adjusted,opaque_dependency_l6,tabular_online,evaluation_seen,opaque,steps,30,6.0,0.0,6.0,6.0,6.0,6.0
ablation,ablation,full_depth6_branch1_risk-adjusted,opaque_dependency_l6,tabular_online,evaluation_seen,opaque,high_level_steps,30,6.0,0.0,6.0,6.0,6.0,6.0
ablation,ablation,full_depth6_branch1_risk-adjusted,opaque_dependency_l6,tabular_online,evaluation_seen,opaque,primitive_steps,30,6.0,0.0,6.0,6.0,6.0,6.0
ablation,ablation,full_depth6_branch1_risk-adjusted,opaque_dependency_l6,tabular_online,evaluation_seen,opaque,reward,30,0.0,0.0,0.0,0.0,0.0,0.0
ablation,ablation,full_depth6_branch1_risk-adjusted,opaque_dependency_l6,tabular_online,evaluation_seen,opaque,errors,30,0.0,0.0,0.0,0.0,0.0,0.0
ablation,ablation,full_depth6_branch1_risk-adjusted,opaque_dependency_l6,tabular_online,evaluation_seen,opaque,repeats,30,0.0,0.0,0.0,0.0,0.0,0.0
ablation,ablation,full_depth6_branch1_risk-adjusted,opaque_dependency_l6,tabular_online,evaluation_seen,opaque,prediction_score,30,0.0,0.0,0.0,0.0,0.0,0.0
ablation,ablation,full_depth6_branch1_risk-adjusted,opaque_dependency_l6,tabular_online,evaluation_seen,opaque,holdout_score,30,1.0,0.0,1.0,1.0,1.0,1.0
ablation,ablation,full_depth6_branch1_risk-adjusted,opaque_dependency_l6,tabular_online,evaluation_seen,opaque,imagined_nodes,30,0.0,0.0,0.0,0.0,0.0,0.0
ablation,ablation,full_depth6_branch1_risk-adjusted,opaque_dependency_l6,tabular_online,evaluation_seen,opaque,imagination_depth,30,0.0,0.0,0.0,0.0,0.0,0.0
ablation,ablation,full_depth6_branch1_risk-adjusted,opaque_dependency_l6,tabular_online,evaluation_seen,opaque,actual_return,30,0.0,0.0,0.0,0.0,0.0,0.0
ablation,ablation,full_depth6_branch1_risk-adjusted,opaque_dependency_l6,tabular_online,evaluation_seen,opaque,runtime_seconds,30,0.0033970495167401776,0.00044202581668385945,0.003244530033446305,0.0035550666497826265,0.002804792000679299,0.004248242000612663
ablation,ablation,full_depth6_branch1_risk-adjusted,opaque_dependency_l6,tabular_online,evaluation_seen,opaque,real_transitions,30,6.0,0.0,6.0,6.0,6.0,6.0
ablation,ablation,full_depth6_branch1_risk-adjusted,opaque_dependency_l6,tabular_online,evaluation_seen,opaque,imagined_transitions,30,0.0,0.0,0.0,0.0,0.0,0.0
ablation,ablation,full_depth6_branch1_risk-adjusted,opaque_dependency_l6,tabular_online,evaluation_seen,opaque,action_proposals,30,6.0,0.0,6.0,6.0,6.0,6.0
ablation,ablation,full_depth6_branch1_risk-adjusted,opaque_dependency_l6,tabular_online,evaluation_seen,opaque,repeat_rate,30,0.0,0.0,0.0,0.0,0.0,0.0
ablation,ablation,full_depth6_branch1_risk-adjusted,opaque_dependency_l6,tabular_online,evaluation_seen,opaque,error_rate,30,0.0,0.0,0.0,0.0,0.0,0.0
ablation,ablation,full_depth6_branch1_risk-adjusted,opaque_dependency_l6,tabular_online,evaluation_unseen_zero_shot,opaque,success,30,0.0,0.0,0.0,0.0,0.0,0.0
ablation,ablation,full_depth6_branch1_risk-adjusted,opaque_dependency_l6,tabular_online,evaluation_unseen_zero_shot,opaque,steps,30,6.0,0.0,6.0,6.0,6.0,6.0
ablation,ablation,full_depth6_branch1_risk-adjusted,opaque_dependency_l6,tabular_online,evaluation_unseen_zero_shot,opaque,high_level_steps,30,6.0,0.0,6.0,6.0,6.0,6.0
ablation,ablation,full_depth6_branch1_risk-adjusted,opaque_dependency_l6,tabular_online,evaluation_unseen_zero_shot,opaque,primitive_steps,30,6.0,0.0,6.0,6.0,6.0,6.0
ablation,ablation,full_depth6_branch1_risk-adjusted,opaque_dependency_l6,tabular_online,evaluation_unseen_zero_shot,opaque,reward,30,0.0,0.0,0.0,0.0,0.0,0.0
ablation,ablation,full_depth6_branch1_risk-adjusted,opaque_dependency_l6,tabular_online,evaluation_unseen_zero_shot,opaque,errors,30,0.0,0.0,0.0,0.0,0.0,0.0
ablation,ablation,full_depth6_branch1_risk-adjusted,opaque_dependency_l6,tabular_online,evaluation_unseen_zero_shot,opaque,repeats,30,0.0,0.0,0.0,0.0,0.0,0.0
ablation,ablation,full_depth6_branch1_risk-adjusted,opaque_dependency_l6,tabular_online,evaluation_unseen_zero_shot,opaque,prediction_score,30,0.0,0.0,0.0,0.0,0.0,0.0
ablation,ablation,full_depth6_branch1_risk-adjusted,opaque_dependency_l6,tabular_online,evaluation_unseen_zero_shot,opaque,holdout_score,30,1.0,0.0,1.0,1.0,1.0,1.0
ablation,ablation,full_depth6_branch1_risk-adjusted,opaque_dependency_l6,tabular_online,evaluation_unseen_zero_shot,opaque,imagined_nodes,30,0.0,0.0,0.0,0.0,0.0,0.0
ablation,ablation,full_depth6_branch1_risk-adjusted,opaque_dependency_l6,tabular_online,evaluation_unseen_zero_shot,opaque,imagination_depth,30,0.0,0.0,0.0,0.0,0.0,0.0
ablation,ablation,full_depth6_branch1_risk-adjusted,opaque_dependency_l6,tabular_online,evaluation_unseen_zero_shot,opaque,actual_return,30,0.0,0.0,0.0,0.0,0.0,0.0
ablation,ablation,full_depth6_branch1_risk-adjusted,opaque_dependency_l6,tabular_online,evaluation_unseen_zero_shot,opaque,runtime_seconds,30,0.003420848816608971,0.00047657534515060056,0.0032559305665733214,0.003588242649983537,0.0027858879997802433,0.00418251200040686
ablation,ablation,full_depth6_branch1_risk-adjusted,opaque_dependency_l6,tabular_online,evaluation_unseen_zero_shot,opaque,real_transitions,30,6.0,0.0,6.0,6.0,6.0,6.0
ablation,ablation,full_depth6_branch1_risk-adjusted,opaque_dependency_l6,tabular_online,evaluation_unseen_zero_shot,opaque,imagined_transitions,30,0.0,0.0,0.0,0.0,0.0,0.0
ablation,ablation,full_depth6_branch1_risk-adjusted,opaque_dependency_l6,tabular_online,evaluation_unseen_zero_shot,opaque,action_proposals,30,6.0,0.0,6.0,6.0,6.0,6.0
ablation,ablation,full_depth6_branch1_risk-adjusted,opaque_dependency_l6,tabular_online,evaluation_unseen_zero_shot,opaque,repeat_rate,30,0.0,0.0,0.0,0.0,0.0,0.0
ablation,ablation,full_depth6_branch1_risk-adjusted,opaque_dependency_l6,tabular_online,evaluation_unseen_zero_shot,opaque,error_rate,30,0.0,0.0,0.0,0.0,0.0,0.0
ablation,ablation,full_depth6_branch1_risk-adjusted,opaque_dependency_l6,tabular_online,training,opaque,success,30,0.33521666666666666,0.07133779325943883,0.3108833333333333,0.3592333333333333,0.217,0.493
ablation,ablation,full_depth6_branch1_risk-adjusted,opaque_dependency_l6,tabular_online,training,opaque,steps,30,6.0,0.0,6.0,6.0,6.0,6.0
ablation,ablation,full_depth6_branch1_risk-adjusted,opaque_dependency_l6,tabular_online,training,opaque,high_level_steps,30,6.0,0.0,6.0,6.0,6.0,6.0
ablation,ablation,full_depth6_branch1_risk-adjusted,opaque_dependency_l6,tabular_online,training,opaque,primitive_steps,30,6.0,0.0,6.0,6.0,6.0,6.0
ablation,ablation,full_depth6_branch1_risk-adjusted,opaque_dependency_l6,tabular_online,training,opaque,reward,30,0.33521666666666666,0.07133779325943883,0.31093333333333334,0.3604833333333333,0.217,0.493
ablation,ablation,full_depth6_branch1_risk-adjusted,opaque_dependency_l6,tabular_online,training,opaque,errors,30,0.0,0.0,0.0,0.0,0.0,0.0
ablation,ablation,full_depth6_branch1_risk-adjusted,opaque_dependency_l6,tabular_online,training,opaque,repeats,30,0.0,0.0,0.0,0.0,0.0,0.0
ablation,ablation,full_depth6_branch1_risk-adjusted,opaque_dependency_l6,tabular_online,training,opaque,prediction_score,30,0.9899944444444445,0.0005587742011924325,0.9897888888888888,0.9901888888888889,0.98875,0.9909166666666667
ablation,ablation,full_depth6_branch1_risk-adjusted,opaque_dependency_l6,tabular_online,training,opaque,holdout_score,30,0.12354595175287926,0.00021976011280834515,0.12346510884615934,0.12361828314574659,0.12305159026929598,0.1239719795736979
ablation,ablation,full_depth6_branch1_risk-adjusted,opaque_dependency_l6,tabular_online,training,opaque,holdout_gain,30,6.3778436010959445e-06,4.876738246617554e-06,4.677464689213411e-06,8.133108582357301e-06,0.0,1.7361111111111104e-05
ablation,ablation,full_depth6_branch1_risk-adjusted,opaque_dependency_l6,tabular_online,training,opaque,imagined_nodes,30,20.497416666666666,0.10055827640737998,20.461666666666666,20.532116666666663,20.3205,20.668
ablation,ablation,full_depth6_branch1_risk-adjusted,opaque_dependency_l6,tabular_online,training,opaque,imagination_depth,30,5.439533333333333,0.02417462809803205,5.431116666666667,5.4483500000000005,5.379,5.493
ablation,ablation,full_depth6_branch1_risk-adjusted,opaque_dependency_l6,tabular_online,training,opaque,actual_return,30,0.33521666666666666,0.07133779325943883,0.31001666666666666,0.35986666666666667,0.217,0.493
ablation,ablation,full_depth6_branch1_risk-adjusted,opaque_dependency_l6,tabular_online,training,opaque,runtime_seconds,30,0.0020280114349758758,0.00012214876583187267,0.0019890178465803423,0.0020728315050306265,0.001873974100468331,0.002471110350030358
ablation,ablation,full_depth6_branch1_risk-adjusted,opaque_dependency_l6,tabular_online,training,opaque,real_transitions,30,6.0,0.0,6.0,6.0,6.0,6.0
ablation,ablation,full_depth6_branch1_risk-adjusted,opaque_dependency_l6,tabular_online,training,opaque,imagined_transitions,30,20.497416666666666,0.10055827640737998,20.462866666666667,20.53275,20.3205,20.668
ablation,ablation,full_depth6_branch1_risk-adjusted,opaque_dependency_l6,tabular_online,training,opaque,action_proposals,30,6.0,0.0,6.0,6.0,6.0,6.0
ablation,ablation,full_depth6_branch1_risk-adjusted,opaque_dependency_l6,tabular_online,training,opaque,repeat_rate,30,0.0,0.0,0.0,0.0,0.0,0.0
ablation,ablation,full_depth6_branch1_risk-adjusted,opaque_dependency_l6,tabular_online,training,opaque,error_rate,30,0.0,0.0,0.0,0.0,0.0,0.0
ablation,ablation,full_depth6_branch1_risk-adjusted,opaque_dependency_l6,tabular_online,training,opaque,learning_auc,30,0.33526763381690844,0.07129862756311883,0.310280140070035,0.3608554277138569,0.21710855427713857,0.4932466233116558
ablation,ablation,full_depth6_branch1_risk-adjusted,opaque_dependency_l6,tabular_online,training,opaque,final_tail_success,30,0.4995,0.10892381076570971,0.46066666666666667,0.539,0.31,0.705
ablation,ablation,full_depth6_branch1_risk-adjusted,opaque_dependency_l6,tabular_online,training,opaque,first_success_real_transitions,30,282.2,212.5148919731152,208.4,356.8,6.0,678.0
ablation,ablation,full_depth6_branch2_max,opaque_dependency_l6,tabular_online,evaluation_seen,opaque,success,30,0.0,0.0,0.0,0.0,0.0,0.0
ablation,ablation,full_depth6_branch2_max,opaque_dependency_l6,tabular_online,evaluation_seen,opaque,steps,30,6.0,0.0,6.0,6.0,6.0,6.0
ablation,ablation,full_depth6_branch2_max,opaque_dependency_l6,tabular_online,evaluation_seen,opaque,high_level_steps,30,6.0,0.0,6.0,6.0,6.0,6.0
ablation,ablation,full_depth6_branch2_max,opaque_dependency_l6,tabular_online,evaluation_seen,opaque,primitive_steps,30,6.0,0.0,6.0,6.0,6.0,6.0
ablation,ablation,full_depth6_branch2_max,opaque_dependency_l6,tabular_online,evaluation_seen,opaque,reward,30,0.0,0.0,0.0,0.0,0.0,0.0
ablation,ablation,full_depth6_branch2_max,opaque_dependency_l6,tabular_online,evaluation_seen,opaque,errors,30,0.0,0.0,0.0,0.0,0.0,0.0
ablation,ablation,full_depth6_branch2_max,opaque_dependency_l6,tabular_online,evaluation_seen,opaque,repeats,30,0.0,0.0,0.0,0.0,0.0,0.0
ablation,ablation,full_depth6_branch2_max,opaque_dependency_l6,tabular_online,evaluation_seen,opaque,prediction_score,30,0.0,0.0,0.0,0.0,0.0,0.0
ablation,ablation,full_depth6_branch2_max,opaque_dependency_l6,tabular_online,evaluation_seen,opaque,holdout_score,30,1.0,0.0,1.0,1.0,1.0,1.0
ablation,ablation,full_depth6_branch2_max,opaque_dependency_l6,tabular_online,evaluation_seen,opaque,imagined_nodes,30,0.0,0.0,0.0,0.0,0.0,0.0
ablation,ablation,full_depth6_branch2_max,opaque_dependency_l6,tabular_online,evaluation_seen,opaque,imagination_depth,30,0.0,0.0,0.0,0.0,0.0,0.0
ablation,ablation,full_depth6_branch2_max,opaque_dependency_l6,tabular_online,evaluation_seen,opaque,actual_return,30,0.0,0.0,0.0,0.0,0.0,0.0
ablation,ablation,full_depth6_branch2_max,opaque_dependency_l6,tabular_online,evaluation_seen,opaque,runtime_seconds,30,0.0035078580665334207,0.0005948539728371766,0.0033122830165278477,0.003729149000069204,0.002792524998658337,0.005825870001572185
ablation,ablation,full_depth6_branch2_max,opaque_dependency_l6,tabular_online,evaluation_seen,opaque,real_transitions,30,6.0,0.0,6.0,6.0,6.0,6.0
ablation,ablation,full_depth6_branch2_max,opaque_dependency_l6,tabular_online,evaluation_seen,opaque,imagined_transitions,30,0.0,0.0,0.0,0.0,0.0,0.0
ablation,ablation,full_depth6_branch2_max,opaque_dependency_l6,tabular_online,evaluation_seen,opaque,action_proposals,30,6.0,0.0,6.0,6.0,6.0,6.0
ablation,ablation,full_depth6_branch2_max,opaque_dependency_l6,tabular_online,evaluation_seen,opaque,repeat_rate,30,0.0,0.0,0.0,0.0,0.0,0.0
ablation,ablation,full_depth6_branch2_max,opaque_dependency_l6,tabular_online,evaluation_seen,opaque,error_rate,30,0.0,0.0,0.0,0.0,0.0,0.0
ablation,ablation,full_depth6_branch2_max,opaque_dependency_l6,tabular_online,evaluation_unseen_zero_shot,opaque,success,30,0.0,0.0,0.0,0.0,0.0,0.0
ablation,ablation,full_depth6_branch2_max,opaque_dependency_l6,tabular_online,evaluation_unseen_zero_shot,opaque,steps,30,6.0,0.0,6.0,6.0,6.0,6.0
ablation,ablation,full_depth6_branch2_max,opaque_dependency_l6,tabular_online,evaluation_unseen_zero_shot,opaque,high_level_steps,30,6.0,0.0,6.0,6.0,6.0,6.0
ablation,ablation,full_depth6_branch2_max,opaque_dependency_l6,tabular_online,evaluation_unseen_zero_shot,opaque,primitive_steps,30,6.0,0.0,6.0,6.0,6.0,6.0
ablation,ablation,full_depth6_branch2_max,opaque_dependency_l6,tabular_online,evaluation_unseen_zero_shot,opaque,reward,30,0.0,0.0,0.0,0.0,0.0,0.0
ablation,ablation,full_depth6_branch2_max,opaque_dependency_l6,tabular_online,evaluation_unseen_zero_shot,opaque,errors,30,0.0,0.0,0.0,0.0,0.0,0.0
ablation,ablation,full_depth6_branch2_max,opaque_dependency_l6,tabular_online,evaluation_unseen_zero_shot,opaque,repeats,30,0.0,0.0,0.0,0.0,0.0,0.0
ablation,ablation,full_depth6_branch2_max,opaque_dependency_l6,tabular_online,evaluation_unseen_zero_shot,opaque,prediction_score,30,0.0,0.0,0.0,0.0,0.0,0.0
ablation,ablation,full_depth6_branch2_max,opaque_dependency_l6,tabular_online,evaluation_unseen_zero_shot,opaque,holdout_score,30,1.0,0.0,1.0,1.0,1.0,1.0
ablation,ablation,full_depth6_branch2_max,opaque_dependency_l6,tabular_online,evaluation_unseen_zero_shot,opaque,imagined_nodes,30,0.0,0.0,0.0,0.0,0.0,0.0
ablation,ablation,full_depth6_branch2_max,opaque_dependency_l6,tabular_online,evaluation_unseen_zero_shot,opaque,imagination_depth,30,0.0,0.0,0.0,0.0,0.0,0.0
ablation,ablation,full_depth6_branch2_max,opaque_dependency_l6,tabular_online,evaluation_unseen_zero_shot,opaque,actual_return,30,0.0,0.0,0.0,0.0,0.0,0.0
ablation,ablation,full_depth6_branch2_max,opaque_dependency_l6,tabular_online,evaluation_unseen_zero_shot,opaque,runtime_seconds,30,0.003340821416578062,0.00044342155249189457,0.0031877973331089983,0.003498611866831197,0.0027770395009429193,0.004196635000262176
ablation,ablation,full_depth6_branch2_max,opaque_dependency_l6,tabular_online,evaluation_unseen_zero_shot,opaque,real_transitions,30,6.0,0.0,6.0,6.0,6.0,6.0
ablation,ablation,full_depth6_branch2_max,opaque_dependency_l6,tabular_online,evaluation_unseen_zero_shot,opaque,imagined_transitions,30,0.0,0.0,0.0,0.0,0.0,0.0
ablation,ablation,full_depth6_branch2_max,opaque_dependency_l6,tabular_online,evaluation_unseen_zero_shot,opaque,action_proposals,30,6.0,0.0,6.0,6.0,6.0,6.0
ablation,ablation,full_depth6_branch2_max,opaque_dependency_l6,tabular_online,evaluation_unseen_zero_shot,opaque,repeat_rate,30,0.0,0.0,0.0,0.0,0.0,0.0
ablation,ablation,full_depth6_branch2_max,opaque_dependency_l6,tabular_online,evaluation_unseen_zero_shot,opaque,error_rate,30,0.0,0.0,0.0,0.0,0.0,0.0
ablation,ablation,full_depth6_branch2_max,opaque_dependency_l6,tabular_online,training,opaque,success,30,0.33521666666666666,0.07133779325943883,0.3105,0.36008333333333337,0.217,0.493
ablation,ablation,full_depth6_branch2_max,opaque_dependency_l6,tabular_online,training,opaque,steps,30,6.0,0.0,6.0,6.0,6.0,6.0
ablation,ablation,full_depth6_branch2_max,opaque_dependency_l6,tabular_online,training,opaque,high_level_steps,30,6.0,0.0,6.0,6.0,6.0,6.0
ablation,ablation,full_depth6_branch2_max,opaque_dependency_l6,tabular_online,training,opaque,primitive_steps,30,6.0,0.0,6.0,6.0,6.0,6.0
ablation,ablation,full_depth6_branch2_max,opaque_dependency_l6,tabular_online,training,opaque,reward,30,0.33521666666666666,0.07133779325943883,0.31098333333333333,0.36051666666666665,0.217,0.493
ablation,ablation,full_depth6_branch2_max,opaque_dependency_l6,tabular_online,training,opaque,errors,30,0.0,0.0,0.0,0.0,0.0,0.0
ablation,ablation,full_depth6_branch2_max,opaque_dependency_l6,tabular_online,training,opaque,repeats,30,0.0,0.0,0.0,0.0,0.0,0.0
ablation,ablation,full_depth6_branch2_max,opaque_dependency_l6,tabular_online,training,opaque,prediction_score,30,0.9899944444444445,0.0005587742011924325,0.9897944444444444,0.9901861111111111,0.98875,0.9909166666666667
ablation,ablation,full_depth6_branch2_max,opaque_dependency_l6,tabular_online,training,opaque,holdout_score,30,0.12354595175287926,0.00021976011280834515,0.1234675758287316,0.12362130827159996,0.12305159026929598,0.1239719795736979
ablation,ablation,full_depth6_branch2_max,opaque_dependency_l6,tabular_online,training,opaque,holdout_gain,30,6.3778436010959445e-06,4.876738246617554e-06,4.722543453042173e-06,8.18526185459263e-06,0.0,1.7361111111111104e-05
ablation,ablation,full_depth6_branch2_max,opaque_dependency_l6,tabular_online,training,opaque,imagined_nodes,30,186.45551666666668,1.3531526182708795,185.99519999999998,186.94096666666667,184.146,189.0
ablation,ablation,full_depth6_branch2_max,opaque_dependency_l6,tabular_online,training,opaque,imagination_depth,30,5.4443166666666665,0.024828544242371495,5.435583333333333,5.452983333333333,5.386,5.5005
ablation,ablation,full_depth6_branch2_max,opaque_dependency_l6,tabular_online,training,opaque,actual_return,30,0.33521666666666666,0.07133779325943883,0.3107333333333333,0.36088333333333333,0.217,0.493
ablation,ablation,full_depth6_branch2_max,opaque_dependency_l6,tabular_online,training,opaque,runtime_seconds,30,0.0066809857933214515,0.00043287194826157986,0.00653230661507696,0.006835294773360269,0.005636296799973934,0.0077358836005441845
ablation,ablation,full_depth6_branch2_max,opaque_dependency_l6,tabular_online,training,opaque,real_transitions,30,6.0,0.0,6.0,6.0,6.0,6.0
ablation,ablation,full_depth6_branch2_max,opaque_dependency_l6,tabular_online,training,opaque,imagined_transitions,30,186.45551666666668,1.3531526182708795,185.97841666666667,186.93181666666666,184.146,189.0
ablation,ablation,full_depth6_branch2_max,opaque_dependency_l6,tabular_online,training,opaque,action_proposals,30,6.0,0.0,6.0,6.0,6.0,6.0
ablation,ablation,full_depth6_branch2_max,opaque_dependency_l6,tabular_online,training,opaque,repeat_rate,30,0.0,0.0,0.0,0.0,0.0,0.0
ablation,ablation,full_depth6_branch2_max,opaque_dependency_l6,tabular_online,training,opaque,error_rate,30,0.0,0.0,0.0,0.0,0.0,0.0
ablation,ablation,full_depth6_branch2_max,opaque_dependency_l6,tabular_online,training,opaque,learning_auc,30,0.33526763381690844,0.07129862756311883,0.31005502751375685,0.3601133900283475,0.21710855427713857,0.4932466233116558
ablation,ablation,full_depth6_branch2_max,opaque_dependency_l6,tabular_online,training,opaque,final_tail_success,30,0.4995,0.10892381076570971,0.4613333333333333,0.5378333333333334,0.31,0.705
ablation,ablation,full_depth6_branch2_max,opaque_dependency_l6,tabular_online,training,opaque,first_success_real_transitions,30,282.2,212.5148919731152,207.8,356.8,6.0,678.0
ablation,ablation,full_depth6_branch2_mean,opaque_dependency_l6,tabular_online,evaluation_seen,opaque,success,30,0.0,0.0,0.0,0.0,0.0,0.0
ablation,ablation,full_depth6_branch2_mean,opaque_dependency_l6,tabular_online,evaluation_seen,opaque,steps,30,6.0,0.0,6.0,6.0,6.0,6.0
ablation,ablation,full_depth6_branch2_mean,opaque_dependency_l6,tabular_online,evaluation_seen,opaque,high_level_steps,30,6.0,0.0,6.0,6.0,6.0,6.0
ablation,ablation,full_depth6_branch2_mean,opaque_dependency_l6,tabular_online,evaluation_seen,opaque,primitive_steps,30,6.0,0.0,6.0,6.0,6.0,6.0
ablation,ablation,full_depth6_branch2_mean,opaque_dependency_l6,tabular_online,evaluation_seen,opaque,reward,30,0.0,0.0,0.0,0.0,0.0,0.0
ablation,ablation,full_depth6_branch2_mean,opaque_dependency_l6,tabular_online,evaluation_seen,opaque,errors,30,0.0,0.0,0.0,0.0,0.0,0.0
ablation,ablation,full_depth6_branch2_mean,opaque_dependency_l6,tabular_online,evaluation_seen,opaque,repeats,30,0.0,0.0,0.0,0.0,0.0,0.0
ablation,ablation,full_depth6_branch2_mean,opaque_dependency_l6,tabular_online,evaluation_seen,opaque,prediction_score,30,0.0,0.0,0.0,0.0,0.0,0.0
ablation,ablation,full_depth6_branch2_mean,opaque_dependency_l6,tabular_online,evaluation_seen,opaque,holdout_score,30,1.0,0.0,1.0,1.0,1.0,1.0
ablation,ablation,full_depth6_branch2_mean,opaque_dependency_l6,tabular_online,evaluation_seen,opaque,imagined_nodes,30,0.0,0.0,0.0,0.0,0.0,0.0
ablation,ablation,full_depth6_branch2_mean,opaque_dependency_l6,tabular_online,evaluation_seen,opaque,imagination_depth,30,0.0,0.0,0.0,0.0,0.0,0.0
ablation,ablation,full_depth6_branch2_mean,opaque_dependency_l6,tabular_online,evaluation_seen,opaque,actual_return,30,0.0,0.0,0.0,0.0,0.0,0.0
ablation,ablation,full_depth6_branch2_mean,opaque_dependency_l6,tabular_online,evaluation_seen,opaque,runtime_seconds,30,0.0033823748999081238,0.00048243018657997575,0.0032171814166019126,0.003554493849970944,0.0027305989993328694,0.004899870999070117
ablation,ablation,full_depth6_branch2_mean,opaque_dependency_l6,tabular_online,evaluation_seen,opaque,real_transitions,30,6.0,0.0,6.0,6.0,6.0,6.0
ablation,ablation,full_depth6_branch2_mean,opaque_dependency_l6,tabular_online,evaluation_seen,opaque,imagined_transitions,30,0.0,0.0,0.0,0.0,0.0,0.0
ablation,ablation,full_depth6_branch2_mean,opaque_dependency_l6,tabular_online,evaluation_seen,opaque,action_proposals,30,6.0,0.0,6.0,6.0,6.0,6.0
ablation,ablation,full_depth6_branch2_mean,opaque_dependency_l6,tabular_online,evaluation_seen,opaque,repeat_rate,30,0.0,0.0,0.0,0.0,0.0,0.0
ablation,ablation,full_depth6_branch2_mean,opaque_dependency_l6,tabular_online,evaluation_seen,opaque,error_rate,30,0.0,0.0,0.0,0.0,0.0,0.0
ablation,ablation,full_depth6_branch2_mean,opaque_dependency_l6,tabular_online,evaluation_unseen_zero_shot,opaque,success,30,0.0,0.0,0.0,0.0,0.0,0.0
ablation,ablation,full_depth6_branch2_mean,opaque_dependency_l6,tabular_online,evaluation_unseen_zero_shot,opaque,steps,30,6.0,0.0,6.0,6.0,6.0,6.0
ablation,ablation,full_depth6_branch2_mean,opaque_dependency_l6,tabular_online,evaluation_unseen_zero_shot,opaque,high_level_steps,30,6.0,0.0,6.0,6.0,6.0,6.0
ablation,ablation,full_depth6_branch2_mean,opaque_dependency_l6,tabular_online,evaluation_unseen_zero_shot,opaque,primitive_steps,30,6.0,0.0,6.0,6.0,6.0,6.0
ablation,ablation,full_depth6_branch2_mean,opaque_dependency_l6,tabular_online,evaluation_unseen_zero_shot,opaque,reward,30,0.0,0.0,0.0,0.0,0.0,0.0
ablation,ablation,full_depth6_branch2_mean,opaque_dependency_l6,tabular_online,evaluation_unseen_zero_shot,opaque,errors,30,0.0,0.0,0.0,0.0,0.0,0.0
ablation,ablation,full_depth6_branch2_mean,opaque_dependency_l6,tabular_online,evaluation_unseen_zero_shot,opaque,repeats,30,0.0,0.0,0.0,0.0,0.0,0.0
ablation,ablation,full_depth6_branch2_mean,opaque_dependency_l6,tabular_online,evaluation_unseen_zero_shot,opaque,prediction_score,30,0.0,0.0,0.0,0.0,0.0,0.0
ablation,ablation,full_depth6_branch2_mean,opaque_dependency_l6,tabular_online,evaluation_unseen_zero_shot,opaque,holdout_score,30,1.0,0.0,1.0,1.0,1.0,1.0
ablation,ablation,full_depth6_branch2_mean,opaque_dependency_l6,tabular_online,evaluation_unseen_zero_shot,opaque,imagined_nodes,30,0.0,0.0,0.0,0.0,0.0,0.0
ablation,ablation,full_depth6_branch2_mean,opaque_dependency_l6,tabular_online,evaluation_unseen_zero_shot,opaque,imagination_depth,30,0.0,0.0,0.0,0.0,0.0,0.0
ablation,ablation,full_depth6_branch2_mean,opaque_dependency_l6,tabular_online,evaluation_unseen_zero_shot,opaque,actual_return,30,0.0,0.0,0.0,0.0,0.0,0.0
ablation,ablation,full_depth6_branch2_mean,opaque_dependency_l6,tabular_online,evaluation_unseen_zero_shot,opaque,runtime_seconds,30,0.0035097025998256865,0.00045079945337715547,0.003348103750104201,0.0036621436829542896,0.0027720594994025305,0.004229356000141706
ablation,ablation,full_depth6_branch2_mean,opaque_dependency_l6,tabular_online,evaluation_unseen_zero_shot,opaque,real_transitions,30,6.0,0.0,6.0,6.0,6.0,6.0
ablation,ablation,full_depth6_branch2_mean,opaque_dependency_l6,tabular_online,evaluation_unseen_zero_shot,opaque,imagined_transitions,30,0.0,0.0,0.0,0.0,0.0,0.0
ablation,ablation,full_depth6_branch2_mean,opaque_dependency_l6,tabular_online,evaluation_unseen_zero_shot,opaque,action_proposals,30,6.0,0.0,6.0,6.0,6.0,6.0
ablation,ablation,full_depth6_branch2_mean,opaque_dependency_l6,tabular_online,evaluation_unseen_zero_shot,opaque,repeat_rate,30,0.0,0.0,0.0,0.0,0.0,0.0
ablation,ablation,full_depth6_branch2_mean,opaque_dependency_l6,tabular_online,evaluation_unseen_zero_shot,opaque,error_rate,30,0.0,0.0,0.0,0.0,0.0,0.0
ablation,ablation,full_depth6_branch2_mean,opaque_dependency_l6,tabular_online,training,opaque,success,30,0.33521666666666666,0.07133779325943883,0.311,0.3607166666666667,0.217,0.493
ablation,ablation,full_depth6_branch2_mean,opaque_dependency_l6,tabular_online,training,opaque,steps,30,6.0,0.0,6.0,6.0,6.0,6.0
ablation,ablation,full_depth6_branch2_mean,opaque_dependency_l6,tabular_online,training,opaque,high_level_steps,30,6.0,0.0,6.0,6.0,6.0,6.0
ablation,ablation,full_depth6_branch2_mean,opaque_dependency_l6,tabular_online,training,opaque,primitive_steps,30,6.0,0.0,6.0,6.0,6.0,6.0
ablation,ablation,full_depth6_branch2_mean,opaque_dependency_l6,tabular_online,training,opaque,reward,30,0.33521666666666666,0.07133779325943883,0.3105,0.3607333333333333,0.217,0.493
ablation,ablation,full_depth6_branch2_mean,opaque_dependency_l6,tabular_online,training,opaque,errors,30,0.0,0.0,0.0,0.0,0.0,0.0
ablation,ablation,full_depth6_branch2_mean,opaque_dependency_l6,tabular_online,training,opaque,repeats,30,0.0,0.0,0.0,0.0,0.0,0.0
ablation,ablation,full_depth6_branch2_mean,opaque_dependency_l6,tabular_online,training,opaque,prediction_score,30,0.9899944444444445,0.0005587742011924325,0.9897888888888888,0.9901833333333333,0.98875,0.9909166666666667
ablation,ablation,full_depth6_branch2_mean,opaque_dependency_l6,tabular_online,training,opaque,holdout_score,30,0.12354595175287926,0.00021976011280834515,0.12346655191614204,0.12361919997950599,0.12305159026929598,0.1239719795736979
ablation,ablation,full_depth6_branch2_mean,opaque_dependency_l6,tabular_online,training,opaque,holdout_gain,30,6.3778436010959445e-06,4.876738246617554e-06,4.666529066864743e-06,8.108164585919274e-06,0.0,1.7361111111111104e-05
ablation,ablation,full_depth6_branch2_mean,opaque_dependency_l6,tabular_online,training,opaque,imagined_nodes,30,186.45551666666668,1.3531526182708795,185.98506666666665,186.92238333333333,184.146,189.0
ablation,ablation,full_depth6_branch2_mean,opaque_dependency_l6,tabular_online,training,opaque,imagination_depth,30,5.4443166666666665,0.024828544242371495,5.4353,5.453333333333333,5.386,5.5005
ablation,ablation,full_depth6_branch2_mean,opaque_dependency_l6,tabular_online,training,opaque,actual_return,30,0.33521666666666666,0.07133779325943883,0.31048333333333333,0.35965,0.217,0.493
ablation,ablation,full_depth6_branch2_mean,opaque_dependency_l6,tabular_online,training,opaque,runtime_seconds,30,0.006597798188295564,0.00041655911538096324,0.006452932083247288,0.006738144268241497,0.005615954949578736,0.0076130554000410485
ablation,ablation,full_depth6_branch2_mean,opaque_dependency_l6,tabular_online,training,opaque,real_transitions,30,6.0,0.0,6.0,6.0,6.0,6.0
ablation,ablation,full_depth6_branch2_mean,opaque_dependency_l6,tabular_online,training,opaque,imagined_transitions,30,186.45551666666668,1.3531526182708795,185.97699999999998,186.92104999999998,184.146,189.0
ablation,ablation,full_depth6_branch2_mean,opaque_dependency_l6,tabular_online,training,opaque,action_proposals,30,6.0,0.0,6.0,6.0,6.0,6.0
ablation,ablation,full_depth6_branch2_mean,opaque_dependency_l6,tabular_online,training,opaque,repeat_rate,30,0.0,0.0,0.0,0.0,0.0,0.0
ablation,ablation,full_depth6_branch2_mean,opaque_dependency_l6,tabular_online,training,opaque,error_rate,30,0.0,0.0,0.0,0.0,0.0,0.0
ablation,ablation,full_depth6_branch2_mean,opaque_dependency_l6,tabular_online,training,opaque,learning_auc,30,0.33526763381690844,0.07129862756311883,0.3104969151242288,0.3608304152076038,0.21710855427713857,0.4932466233116558
ablation,ablation,full_depth6_branch2_mean,opaque_dependency_l6,tabular_online,training,opaque,final_tail_success,30,0.4995,0.10892381076570971,0.46,0.5378333333333334,0.31,0.705
ablation,ablation,full_depth6_branch2_mean,opaque_dependency_l6,tabular_online,training,opaque,first_success_real_transitions,30,282.2,212.5148919731152,210.2,360.4,6.0,678.0
ablation,ablation,full_depth6_branch2_risk-adjusted,opaque_dependency_l6,tabular_online,evaluation_seen,opaque,success,30,0.0,0.0,0.0,0.0,0.0,0.0
ablation,ablation,full_depth6_branch2_risk-adjusted,opaque_dependency_l6,tabular_online,evaluation_seen,opaque,steps,30,6.0,0.0,6.0,6.0,6.0,6.0
ablation,ablation,full_depth6_branch2_risk-adjusted,opaque_dependency_l6,tabular_online,evaluation_seen,opaque,high_level_steps,30,6.0,0.0,6.0,6.0,6.0,6.0
ablation,ablation,full_depth6_branch2_risk-adjusted,opaque_dependency_l6,tabular_online,evaluation_seen,opaque,primitive_steps,30,6.0,0.0,6.0,6.0,6.0,6.0
ablation,ablation,full_depth6_branch2_risk-adjusted,opaque_dependency_l6,tabular_online,evaluation_seen,opaque,reward,30,0.0,0.0,0.0,0.0,0.0,0.0
ablation,ablation,full_depth6_branch2_risk-adjusted,opaque_dependency_l6,tabular_online,evaluation_seen,opaque,errors,30,0.0,0.0,0.0,0.0,0.0,0.0
ablation,ablation,full_depth6_branch2_risk-adjusted,opaque_dependency_l6,tabular_online,evaluation_seen,opaque,repeats,30,0.0,0.0,0.0,0.0,0.0,0.0
ablation,ablation,full_depth6_branch2_risk-adjusted,opaque_dependency_l6,tabular_online,evaluation_seen,opaque,prediction_score,30,0.0,0.0,0.0,0.0,0.0,0.0
ablation,ablation,full_depth6_branch2_risk-adjusted,opaque_dependency_l6,tabular_online,evaluation_seen,opaque,holdout_score,30,1.0,0.0,1.0,1.0,1.0,1.0
ablation,ablation,full_depth6_branch2_risk-adjusted,opaque_dependency_l6,tabular_online,evaluation_seen,opaque,imagined_nodes,30,0.0,0.0,0.0,0.0,0.0,0.0
ablation,ablation,full_depth6_branch2_risk-adjusted,opaque_dependency_l6,tabular_online,evaluation_seen,opaque,imagination_depth,30,0.0,0.0,0.0,0.0,0.0,0.0
ablation,ablation,full_depth6_branch2_risk-adjusted,opaque_dependency_l6,tabular_online,evaluation_seen,opaque,actual_return,30,0.0,0.0,0.0,0.0,0.0,0.0
ablation,ablation,full_depth6_branch2_risk-adjusted,opaque_dependency_l6,tabular_online,evaluation_seen,opaque,runtime_seconds,30,0.0034551377832540307,0.0004355956009761123,0.003305732483480824,0.0036102074001149354,0.0027823295003327076,0.004422590499307262
ablation,ablation,full_depth6_branch2_risk-adjusted,opaque_dependency_l6,tabular_online,evaluation_seen,opaque,real_transitions,30,6.0,0.0,6.0,6.0,6.0,6.0
ablation,ablation,full_depth6_branch2_risk-adjusted,opaque_dependency_l6,tabular_online,evaluation_seen,opaque,imagined_transitions,30,0.0,0.0,0.0,0.0,0.0,0.0
ablation,ablation,full_depth6_branch2_risk-adjusted,opaque_dependency_l6,tabular_online,evaluation_seen,opaque,action_proposals,30,6.0,0.0,6.0,6.0,6.0,6.0
ablation,ablation,full_depth6_branch2_risk-adjusted,opaque_dependency_l6,tabular_online,evaluation_seen,opaque,repeat_rate,30,0.0,0.0,0.0,0.0,0.0,0.0
ablation,ablation,full_depth6_branch2_risk-adjusted,opaque_dependency_l6,tabular_online,evaluation_seen,opaque,error_rate,30,0.0,0.0,0.0,0.0,0.0,0.0
ablation,ablation,full_depth6_branch2_risk-adjusted,opaque_dependency_l6,tabular_online,evaluation_unseen_zero_shot,opaque,success,30,0.0,0.0,0.0,0.0,0.0,0.0
ablation,ablation,full_depth6_branch2_risk-adjusted,opaque_dependency_l6,tabular_online,evaluation_unseen_zero_shot,opaque,steps,30,6.0,0.0,6.0,6.0,6.0,6.0
ablation,ablation,full_depth6_branch2_risk-adjusted,opaque_dependency_l6,tabular_online,evaluation_unseen_zero_shot,opaque,high_level_steps,30,6.0,0.0,6.0,6.0,6.0,6.0
ablation,ablation,full_depth6_branch2_risk-adjusted,opaque_dependency_l6,tabular_online,evaluation_unseen_zero_shot,opaque,primitive_steps,30,6.0,0.0,6.0,6.0,6.0,6.0
ablation,ablation,full_depth6_branch2_risk-adjusted,opaque_dependency_l6,tabular_online,evaluation_unseen_zero_shot,opaque,reward,30,0.0,0.0,0.0,0.0,0.0,0.0
ablation,ablation,full_depth6_branch2_risk-adjusted,opaque_dependency_l6,tabular_online,evaluation_unseen_zero_shot,opaque,errors,30,0.0,0.0,0.0,0.0,0.0,0.0
ablation,ablation,full_depth6_branch2_risk-adjusted,opaque_dependency_l6,tabular_online,evaluation_unseen_zero_shot,opaque,repeats,30,0.0,0.0,0.0,0.0,0.0,0.0
ablation,ablation,full_depth6_branch2_risk-adjusted,opaque_dependency_l6,tabular_online,evaluation_unseen_zero_shot,opaque,prediction_score,30,0.0,0.0,0.0,0.0,0.0,0.0
ablation,ablation,full_depth6_branch2_risk-adjusted,opaque_dependency_l6,tabular_online,evaluation_unseen_zero_shot,opaque,holdout_score,30,1.0,0.0,1.0,1.0,1.0,1.0
ablation,ablation,full_depth6_branch2_risk-adjusted,opaque_dependency_l6,tabular_online,evaluation_unseen_zero_shot,opaque,imagined_nodes,30,0.0,0.0,0.0,0.0,0.0,0.0
ablation,ablation,full_depth6_branch2_risk-adjusted,opaque_dependency_l6,tabular_online,evaluation_unseen_zero_shot,opaque,imagination_depth,30,0.0,0.0,0.0,0.0,0.0,0.0
ablation,ablation,full_depth6_branch2_risk-adjusted,opaque_dependency_l6,tabular_online,evaluation_unseen_zero_shot,opaque,actual_return,30,0.0,0.0,0.0,0.0,0.0,0.0
ablation,ablation,full_depth6_branch2_risk-adjusted,opaque_dependency_l6,tabular_online,evaluation_unseen_zero_shot,opaque,runtime_seconds,30,0.003563177550235802,0.0004954375782048069,0.0033908018332149364,0.00373369223367384,0.002746447500248905,0.004423568501224508
ablation,ablation,full_depth6_branch2_risk-adjusted,opaque_dependency_l6,tabular_online,evaluation_unseen_zero_shot,opaque,real_transitions,30,6.0,0.0,6.0,6.0,6.0,6.0
ablation,ablation,full_depth6_branch2_risk-adjusted,opaque_dependency_l6,tabular_online,evaluation_unseen_zero_shot,opaque,imagined_transitions,30,0.0,0.0,0.0,0.0,0.0,0.0
ablation,ablation,full_depth6_branch2_risk-adjusted,opaque_dependency_l6,tabular_online,evaluation_unseen_zero_shot,opaque,action_proposals,30,6.0,0.0,6.0,6.0,6.0,6.0
ablation,ablation,full_depth6_branch2_risk-adjusted,opaque_dependency_l6,tabular_online,evaluation_unseen_zero_shot,opaque,repeat_rate,30,0.0,0.0,0.0,0.0,0.0,0.0
ablation,ablation,full_depth6_branch2_risk-adjusted,opaque_dependency_l6,tabular_online,evaluation_unseen_zero_shot,opaque,error_rate,30,0.0,0.0,0.0,0.0,0.0,0.0
ablation,ablation,full_depth6_branch2_risk-adjusted,opaque_dependency_l6,tabular_online,training,opaque,success,30,0.33521666666666666,0.07133779325943883,0.3110833333333333,0.35996666666666666,0.217,0.493
ablation,ablation,full_depth6_branch2_risk-adjusted,opaque_dependency_l6,tabular_online,training,opaque,steps,30,6.0,0.0,6.0,6.0,6.0,6.0
ablation,ablation,full_depth6_branch2_risk-adjusted,opaque_dependency_l6,tabular_online,training,opaque,high_level_steps,30,6.0,0.0,6.0,6.0,6.0,6.0
ablation,ablation,full_depth6_branch2_risk-adjusted,opaque_dependency_l6,tabular_online,training,opaque,primitive_steps,30,6.0,0.0,6.0,6.0,6.0,6.0
ablation,ablation,full_depth6_branch2_risk-adjusted,opaque_dependency_l6,tabular_online,training,opaque,reward,30,0.33521666666666666,0.07133779325943883,0.31001666666666666,0.3609666666666667,0.217,0.493
ablation,ablation,full_depth6_branch2_risk-adjusted,opaque_dependency_l6,tabular_online,training,opaque,errors,30,0.0,0.0,0.0,0.0,0.0,0.0
ablation,ablation,full_depth6_branch2_risk-adjusted,opaque_dependency_l6,tabular_online,training,opaque,repeats,30,0.0,0.0,0.0,0.0,0.0,0.0
ablation,ablation,full_depth6_branch2_risk-adjusted,opaque_dependency_l6,tabular_online,training,opaque,prediction_score,30,0.9899944444444445,0.0005587742011924325,0.9897972222222222,0.9901944444444445,0.98875,0.9909166666666667
ablation,ablation,full_depth6_branch2_risk-adjusted,opaque_dependency_l6,tabular_online,training,opaque,holdout_score,30,0.12354595175287926,0.00021976011280834515,0.1234670623390489,0.1236225696820578,0.12305159026929598,0.1239719795736979
ablation,ablation,full_depth6_branch2_risk-adjusted,opaque_dependency_l6,tabular_online,training,opaque,holdout_gain,30,6.3778436010959445e-06,4.876738246617554e-06,4.702845742674174e-06,8.10078231361799e-06,0.0,1.7361111111111104e-05
ablation,ablation,full_depth6_branch2_risk-adjusted,opaque_dependency_l6,tabular_online,training,opaque,imagined_nodes,30,186.45551666666668,1.3531526182708795,185.99021666666667,186.93075,184.146,189.0
ablation,ablation,full_depth6_branch2_risk-adjusted,opaque_dependency_l6,tabular_online,training,opaque,imagination_depth,30,5.4443166666666665,0.024828544242371495,5.435566666666667,5.453133333333333,5.386,5.5005
ablation,ablation,full_depth6_branch2_risk-adjusted,opaque_dependency_l6,tabular_online,training,opaque,actual_return,30,0.33521666666666666,0.07133779325943883,0.3100833333333333,0.36075,0.217,0.493
ablation,ablation,full_depth6_branch2_risk-adjusted,opaque_dependency_l6,tabular_online,training,opaque,runtime_seconds,30,0.006832737059992602,0.00039651104668600884,0.0066882793650472495,0.006968331678329074,0.005889524350306602,0.0077703243998257674
ablation,ablation,full_depth6_branch2_risk-adjusted,opaque_dependency_l6,tabular_online,training,opaque,real_transitions,30,6.0,0.0,6.0,6.0,6.0,6.0
ablation,ablation,full_depth6_branch2_risk-adjusted,opaque_dependency_l6,tabular_online,training,opaque,imagined_transitions,30,186.45551666666668,1.3531526182708795,185.99339999999998,186.92344999999997,184.146,189.0
ablation,ablation,full_depth6_branch2_risk-adjusted,opaque_dependency_l6,tabular_online,training,opaque,action_proposals,30,6.0,0.0,6.0,6.0,6.0,6.0
ablation,ablation,full_depth6_branch2_risk-adjusted,opaque_dependency_l6,tabular_online,training,opaque,repeat_rate,30,0.0,0.0,0.0,0.0,0.0,0.0
ablation,ablation,full_depth6_branch2_risk-adjusted,opaque_dependency_l6,tabular_online,training,opaque,error_rate,30,0.0,0.0,0.0,0.0,0.0,0.0
ablation,ablation,full_depth6_branch2_risk-adjusted,opaque_dependency_l6,tabular_online,training,opaque,learning_auc,30,0.33526763381690844,0.07129862756311883,0.3109971652492913,0.3597215274303818,0.21710855427713857,0.4932466233116558
ablation,ablation,full_depth6_branch2_risk-adjusted,opaque_dependency_l6,tabular_online,training,opaque,final_tail_success,30,0.4995,0.10892381076570971,0.4623333333333334,0.5375,0.31,0.705
ablation,ablation,full_depth6_branch2_risk-adjusted,opaque_dependency_l6,tabular_online,training,opaque,first_success_real_transitions,30,282.2,212.5148919731152,210.2,358.8,6.0,678.0
ablation,ablation,full_depth6_branch4_max,opaque_dependency_l6,tabular_online,evaluation_seen,opaque,success,30,0.0,0.0,0.0,0.0,0.0,0.0
ablation,ablation,full_depth6_branch4_max,opaque_dependency_l6,tabular_online,evaluation_seen,opaque,steps,30,6.0,0.0,6.0,6.0,6.0,6.0
ablation,ablation,full_depth6_branch4_max,opaque_dependency_l6,tabular_online,evaluation_seen,opaque,high_level_steps,30,6.0,0.0,6.0,6.0,6.0,6.0
ablation,ablation,full_depth6_branch4_max,opaque_dependency_l6,tabular_online,evaluation_seen,opaque,primitive_steps,30,6.0,0.0,6.0,6.0,6.0,6.0
ablation,ablation,full_depth6_branch4_max,opaque_dependency_l6,tabular_online,evaluation_seen,opaque,reward,30,0.0,0.0,0.0,0.0,0.0,0.0
ablation,ablation,full_depth6_branch4_max,opaque_dependency_l6,tabular_online,evaluation_seen,opaque,errors,30,0.0,0.0,0.0,0.0,0.0,0.0
ablation,ablation,full_depth6_branch4_max,opaque_dependency_l6,tabular_online,evaluation_seen,opaque,repeats,30,0.0,0.0,0.0,0.0,0.0,0.0
ablation,ablation,full_depth6_branch4_max,opaque_dependency_l6,tabular_online,evaluation_seen,opaque,prediction_score,30,0.0,0.0,0.0,0.0,0.0,0.0
ablation,ablation,full_depth6_branch4_max,opaque_dependency_l6,tabular_online,evaluation_seen,opaque,holdout_score,30,1.0,0.0,1.0,1.0,1.0,1.0
ablation,ablation,full_depth6_branch4_max,opaque_dependency_l6,tabular_online,evaluation_seen,opaque,imagined_nodes,30,0.0,0.0,0.0,0.0,0.0,0.0
ablation,ablation,full_depth6_branch4_max,opaque_dependency_l6,tabular_online,evaluation_seen,opaque,imagination_depth,30,0.0,0.0,0.0,0.0,0.0,0.0
ablation,ablation,full_depth6_branch4_max,opaque_dependency_l6,tabular_online,evaluation_seen,opaque,actual_return,30,0.0,0.0,0.0,0.0,0.0,0.0
ablation,ablation,full_depth6_branch4_max,opaque_dependency_l6,tabular_online,evaluation_seen,opaque,runtime_seconds,30,0.0034217485333356305,0.0004361601667575458,0.0032702235168302046,0.0035797607501978444,0.002734081499511376,0.004199259501911001
ablation,ablation,full_depth6_branch4_max,opaque_dependency_l6,tabular_online,evaluation_seen,opaque,real_transitions,30,6.0,0.0,6.0,6.0,6.0,6.0
ablation,ablation,full_depth6_branch4_max,opaque_dependency_l6,tabular_online,evaluation_seen,opaque,imagined_transitions,30,0.0,0.0,0.0,0.0,0.0,0.0
ablation,ablation,full_depth6_branch4_max,opaque_dependency_l6,tabular_online,evaluation_seen,opaque,action_proposals,30,6.0,0.0,6.0,6.0,6.0,6.0
ablation,ablation,full_depth6_branch4_max,opaque_dependency_l6,tabular_online,evaluation_seen,opaque,repeat_rate,30,0.0,0.0,0.0,0.0,0.0,0.0
ablation,ablation,full_depth6_branch4_max,opaque_dependency_l6,tabular_online,evaluation_seen,opaque,error_rate,30,0.0,0.0,0.0,0.0,0.0,0.0
ablation,ablation,full_depth6_branch4_max,opaque_dependency_l6,tabular_online,evaluation_unseen_zero_shot,opaque,success,30,0.0,0.0,0.0,0.0,0.0,0.0
ablation,ablation,full_depth6_branch4_max,opaque_dependency_l6,tabular_online,evaluation_unseen_zero_shot,opaque,steps,30,6.0,0.0,6.0,6.0,6.0,6.0
ablation,ablation,full_depth6_branch4_max,opaque_dependency_l6,tabular_online,evaluation_unseen_zero_shot,opaque,high_level_steps,30,6.0,0.0,6.0,6.0,6.0,6.0
ablation,ablation,full_depth6_branch4_max,opaque_dependency_l6,tabular_online,evaluation_unseen_zero_shot,opaque,primitive_steps,30,6.0,0.0,6.0,6.0,6.0,6.0
ablation,ablation,full_depth6_branch4_max,opaque_dependency_l6,tabular_online,evaluation_unseen_zero_shot,opaque,reward,30,0.0,0.0,0.0,0.0,0.0,0.0
ablation,ablation,full_depth6_branch4_max,opaque_dependency_l6,tabular_online,evaluation_unseen_zero_shot,opaque,errors,30,0.0,0.0,0.0,0.0,0.0,0.0
ablation,ablation,full_depth6_branch4_max,opaque_dependency_l6,tabular_online,evaluation_unseen_zero_shot,opaque,repeats,30,0.0,0.0,0.0,0.0,0.0,0.0
ablation,ablation,full_depth6_branch4_max,opaque_dependency_l6,tabular_online,evaluation_unseen_zero_shot,opaque,prediction_score,30,0.0,0.0,0.0,0.0,0.0,0.0
ablation,ablation,full_depth6_branch4_max,opaque_dependency_l6,tabular_online,evaluation_unseen_zero_shot,opaque,holdout_score,30,1.0,0.0,1.0,1.0,1.0,1.0
ablation,ablation,full_depth6_branch4_max,opaque_dependency_l6,tabular_online,evaluation_unseen_zero_shot,opaque,imagined_nodes,30,0.0,0.0,0.0,0.0,0.0,0.0
ablation,ablation,full_depth6_branch4_max,opaque_dependency_l6,tabular_online,evaluation_unseen_zero_shot,opaque,imagination_depth,30,0.0,0.0,0.0,0.0,0.0,0.0
ablation,ablation,full_depth6_branch4_max,opaque_dependency_l6,tabular_online,evaluation_unseen_zero_shot,opaque,actual_return,30,0.0,0.0,0.0,0.0,0.0,0.0
ablation,ablation,full_depth6_branch4_max,opaque_dependency_l6,tabular_online,evaluation_unseen_zero_shot,opaque,runtime_seconds,30,0.003462086850001166,0.000407278945003682,0.0033175109000973557,0.0036012818832386983,0.0027418235006916804,0.004221045498998138
ablation,ablation,full_depth6_branch4_max,opaque_dependency_l6,tabular_online,evaluation_unseen_zero_shot,opaque,real_transitions,30,6.0,0.0,6.0,6.0,6.0,6.0
ablation,ablation,full_depth6_branch4_max,opaque_dependency_l6,tabular_online,evaluation_unseen_zero_shot,opaque,imagined_transitions,30,0.0,0.0,0.0,0.0,0.0,0.0
ablation,ablation,full_depth6_branch4_max,opaque_dependency_l6,tabular_online,evaluation_unseen_zero_shot,opaque,action_proposals,30,6.0,0.0,6.0,6.0,6.0,6.0
ablation,ablation,full_depth6_branch4_max,opaque_dependency_l6,tabular_online,evaluation_unseen_zero_shot,opaque,repeat_rate,30,0.0,0.0,0.0,0.0,0.0,0.0
ablation,ablation,full_depth6_branch4_max,opaque_dependency_l6,tabular_online,evaluation_unseen_zero_shot,opaque,error_rate,30,0.0,0.0,0.0,0.0,0.0,0.0
ablation,ablation,full_depth6_branch4_max,opaque_dependency_l6,tabular_online,training,opaque,success,30,0.33521666666666666,0.07133779325943883,0.31095,0.3605833333333333,0.217,0.493
ablation,ablation,full_depth6_branch4_max,opaque_dependency_l6,tabular_online,training,opaque,steps,30,6.0,0.0,6.0,6.0,6.0,6.0
ablation,ablation,full_depth6_branch4_max,opaque_dependency_l6,tabular_online,training,opaque,high_level_steps,30,6.0,0.0,6.0,6.0,6.0,6.0
ablation,ablation,full_depth6_branch4_max,opaque_dependency_l6,tabular_online,training,opaque,primitive_steps,30,6.0,0.0,6.0,6.0,6.0,6.0
ablation,ablation,full_depth6_branch4_max,opaque_dependency_l6,tabular_online,training,opaque,reward,30,0.33521666666666666,0.07133779325943883,0.3100833333333333,0.3607166666666667,0.217,0.493
ablation,ablation,full_depth6_branch4_max,opaque_dependency_l6,tabular_online,training,opaque,errors,30,0.0,0.0,0.0,0.0,0.0,0.0
ablation,ablation,full_depth6_branch4_max,opaque_dependency_l6,tabular_online,training,opaque,repeats,30,0.0,0.0,0.0,0.0,0.0,0.0
ablation,ablation,full_depth6_branch4_max,opaque_dependency_l6,tabular_online,training,opaque,prediction_score,30,0.9899944444444445,0.0005587742011924325,0.9897861111111111,0.9901861111111111,0.98875,0.9909166666666667
ablation,ablation,full_depth6_branch4_max,opaque_dependency_l6,tabular_online,training,opaque,holdout_score,30,0.12354595175287926,0.00021976011280834515,0.12346878408456705,0.12362367902121957,0.12305159026929598,0.1239719795736979
ablation,ablation,full_depth6_branch4_max,opaque_dependency_l6,tabular_online,training,opaque,holdout_gain,30,6.3778436010959445e-06,4.876738246617554e-06,4.72279724179234e-06,8.146640229067764e-06,0.0,1.7361111111111104e-05
ablation,ablation,full_depth6_branch4_max,opaque_dependency_l6,tabular_online,training,opaque,imagined_nodes,30,186.45551666666668,1.3531526182708795,185.9933,186.92568333333332,184.146,189.0
ablation,ablation,full_depth6_branch4_max,opaque_dependency_l6,tabular_online,training,opaque,imagination_depth,30,5.4443166666666665,0.024828544242371495,5.4355166666666666,5.45305,5.386,5.5005
ablation,ablation,full_depth6_branch4_max,opaque_dependency_l6,tabular_online,training,opaque,actual_return,30,0.33521666666666666,0.07133779325943883,0.3107333333333333,0.35988333333333333,0.217,0.493
ablation,ablation,full_depth6_branch4_max,opaque_dependency_l6,tabular_online,training,opaque,runtime_seconds,30,0.0066678427150055845,0.00036545021715415546,0.006537932946631918,0.006796003093342976,0.005845096599950921,0.007429113400154165
ablation,ablation,full_depth6_branch4_max,opaque_dependency_l6,tabular_online,training,opaque,real_transitions,30,6.0,0.0,6.0,6.0,6.0,6.0
ablation,ablation,full_depth6_branch4_max,opaque_dependency_l6,tabular_online,training,opaque,imagined_transitions,30,186.45551666666668,1.3531526182708795,185.98098333333334,186.9388,184.146,189.0
ablation,ablation,full_depth6_branch4_max,opaque_dependency_l6,tabular_online,training,opaque,action_proposals,30,6.0,0.0,6.0,6.0,6.0,6.0
ablation,ablation,full_depth6_branch4_max,opaque_dependency_l6,tabular_online,training,opaque,repeat_rate,30,0.0,0.0,0.0,0.0,0.0,0.0
ablation,ablation,full_depth6_branch4_max,opaque_dependency_l6,tabular_online,training,opaque,error_rate,30,0.0,0.0,0.0,0.0,0.0,0.0
ablation,ablation,full_depth6_branch4_max,opaque_dependency_l6,tabular_online,training,opaque,learning_auc,30,0.33526763381690844,0.07129862756311883,0.3100967150241788,0.36088044022011007,0.21710855427713857,0.4932466233116558
ablation,ablation,full_depth6_branch4_max,opaque_dependency_l6,tabular_online,training,opaque,final_tail_success,30,0.4995,0.10892381076570971,0.4618333333333334,0.5386666666666666,0.31,0.705
ablation,ablation,full_depth6_branch4_max,opaque_dependency_l6,tabular_online,training,opaque,first_success_real_transitions,30,282.2,212.5148919731152,207.0,357.8,6.0,678.0
ablation,ablation,full_depth6_branch4_mean,opaque_dependency_l6,tabular_online,evaluation_seen,opaque,success,30,0.0,0.0,0.0,0.0,0.0,0.0
ablation,ablation,full_depth6_branch4_mean,opaque_dependency_l6,tabular_online,evaluation_seen,opaque,steps,30,6.0,0.0,6.0,6.0,6.0,6.0
ablation,ablation,full_depth6_branch4_mean,opaque_dependency_l6,tabular_online,evaluation_seen,opaque,high_level_steps,30,6.0,0.0,6.0,6.0,6.0,6.0
ablation,ablation,full_depth6_branch4_mean,opaque_dependency_l6,tabular_online,evaluation_seen,opaque,primitive_steps,30,6.0,0.0,6.0,6.0,6.0,6.0
ablation,ablation,full_depth6_branch4_mean,opaque_dependency_l6,tabular_online,evaluation_seen,opaque,reward,30,0.0,0.0,0.0,0.0,0.0,0.0
ablation,ablation,full_depth6_branch4_mean,opaque_dependency_l6,tabular_online,evaluation_seen,opaque,errors,30,0.0,0.0,0.0,0.0,0.0,0.0
ablation,ablation,full_depth6_branch4_mean,opaque_dependency_l6,tabular_online,evaluation_seen,opaque,repeats,30,0.0,0.0,0.0,0.0,0.0,0.0
ablation,ablation,full_depth6_branch4_mean,opaque_dependency_l6,tabular_online,evaluation_seen,opaque,prediction_score,30,0.0,0.0,0.0,0.0,0.0,0.0
ablation,ablation,full_depth6_branch4_mean,opaque_dependency_l6,tabular_online,evaluation_seen,opaque,holdout_score,30,1.0,0.0,1.0,1.0,1.0,1.0
ablation,ablation,full_depth6_branch4_mean,opaque_dependency_l6,tabular_online,evaluation_seen,opaque,imagined_nodes,30,0.0,0.0,0.0,0.0,0.0,0.0
ablation,ablation,full_depth6_branch4_mean,opaque_dependency_l6,tabular_online,evaluation_seen,opaque,imagination_depth,30,0.0,0.0,0.0,0.0,0.0,0.0
ablation,ablation,full_depth6_branch4_mean,opaque_dependency_l6,tabular_online,evaluation_seen,opaque,actual_return,30,0.0,0.0,0.0,0.0,0.0,0.0
ablation,ablation,full_depth6_branch4_mean,opaque_dependency_l6,tabular_online,evaluation_seen,opaque,runtime_seconds,30,0.003416272400286592,0.00044690391776099894,0.00326527951710644,0.003573718283795946,0.0027611919997434595,0.004198578499199357
ablation,ablation,full_depth6_branch4_mean,opaque_dependency_l6,tabular_online,evaluation_seen,opaque,real_transitions,30,6.0,0.0,6.0,6.0,6.0,6.0
ablation,ablation,full_depth6_branch4_mean,opaque_dependency_l6,tabular_online,evaluation_seen,opaque,imagined_transitions,30,0.0,0.0,0.0,0.0,0.0,0.0
ablation,ablation,full_depth6_branch4_mean,opaque_dependency_l6,tabular_online,evaluation_seen,opaque,action_proposals,30,6.0,0.0,6.0,6.0,6.0,6.0
ablation,ablation,full_depth6_branch4_mean,opaque_dependency_l6,tabular_online,evaluation_seen,opaque,repeat_rate,30,0.0,0.0,0.0,0.0,0.0,0.0
ablation,ablation,full_depth6_branch4_mean,opaque_dependency_l6,tabular_online,evaluation_seen,opaque,error_rate,30,0.0,0.0,0.0,0.0,0.0,0.0
ablation,ablation,full_depth6_branch4_mean,opaque_dependency_l6,tabular_online,evaluation_unseen_zero_shot,opaque,success,30,0.0,0.0,0.0,0.0,0.0,0.0
ablation,ablation,full_depth6_branch4_mean,opaque_dependency_l6,tabular_online,evaluation_unseen_zero_shot,opaque,steps,30,6.0,0.0,6.0,6.0,6.0,6.0
ablation,ablation,full_depth6_branch4_mean,opaque_dependency_l6,tabular_online,evaluation_unseen_zero_shot,opaque,high_level_steps,30,6.0,0.0,6.0,6.0,6.0,6.0
ablation,ablation,full_depth6_branch4_mean,opaque_dependency_l6,tabular_online,evaluation_unseen_zero_shot,opaque,primitive_steps,30,6.0,0.0,6.0,6.0,6.0,6.0
ablation,ablation,full_depth6_branch4_mean,opaque_dependency_l6,tabular_online,evaluation_unseen_zero_shot,opaque,reward,30,0.0,0.0,0.0,0.0,0.0,0.0
ablation,ablation,full_depth6_branch4_mean,opaque_dependency_l6,tabular_online,evaluation_unseen_zero_shot,opaque,errors,30,0.0,0.0,0.0,0.0,0.0,0.0
ablation,ablation,full_depth6_branch4_mean,opaque_dependency_l6,tabular_online,evaluation_unseen_zero_shot,opaque,repeats,30,0.0,0.0,0.0,0.0,0.0,0.0
ablation,ablation,full_depth6_branch4_mean,opaque_dependency_l6,tabular_online,evaluation_unseen_zero_shot,opaque,prediction_score,30,0.0,0.0,0.0,0.0,0.0,0.0
ablation,ablation,full_depth6_branch4_mean,opaque_dependency_l6,tabular_online,evaluation_unseen_zero_shot,opaque,holdout_score,30,1.0,0.0,1.0,1.0,1.0,1.0
ablation,ablation,full_depth6_branch4_mean,opaque_dependency_l6,tabular_online,evaluation_unseen_zero_shot,opaque,imagined_nodes,30,0.0,0.0,0.0,0.0,0.0,0.0
ablation,ablation,full_depth6_branch4_mean,opaque_dependency_l6,tabular_online,evaluation_unseen_zero_shot,opaque,imagination_depth,30,0.0,0.0,0.0,0.0,0.0,0.0
ablation,ablation,full_depth6_branch4_mean,opaque_dependency_l6,tabular_online,evaluation_unseen_zero_shot,opaque,actual_return,30,0.0,0.0,0.0,0.0,0.0,0.0
ablation,ablation,full_depth6_branch4_mean,opaque_dependency_l6,tabular_online,evaluation_unseen_zero_shot,opaque,runtime_seconds,30,0.0035145210999520107,0.0003806125176110094,0.003379866549861617,0.003647776066456572,0.002770421498280484,0.004233612999232719
ablation,ablation,full_depth6_branch4_mean,opaque_dependency_l6,tabular_online,evaluation_unseen_zero_shot,opaque,real_transitions,30,6.0,0.0,6.0,6.0,6.0,6.0
ablation,ablation,full_depth6_branch4_mean,opaque_dependency_l6,tabular_online,evaluation_unseen_zero_shot,opaque,imagined_transitions,30,0.0,0.0,0.0,0.0,0.0,0.0
ablation,ablation,full_depth6_branch4_mean,opaque_dependency_l6,tabular_online,evaluation_unseen_zero_shot,opaque,action_proposals,30,6.0,0.0,6.0,6.0,6.0,6.0
ablation,ablation,full_depth6_branch4_mean,opaque_dependency_l6,tabular_online,evaluation_unseen_zero_shot,opaque,repeat_rate,30,0.0,0.0,0.0,0.0,0.0,0.0
ablation,ablation,full_depth6_branch4_mean,opaque_dependency_l6,tabular_online,evaluation_unseen_zero_shot,opaque,error_rate,30,0.0,0.0,0.0,0.0,0.0,0.0
ablation,ablation,full_depth6_branch4_mean,opaque_dependency_l6,tabular_online,training,opaque,success,30,0.33521666666666666,0.07133779325943883,0.3103666666666667,0.3608166666666667,0.217,0.493
ablation,ablation,full_depth6_branch4_mean,opaque_dependency_l6,tabular_online,training,opaque,steps,30,6.0,0.0,6.0,6.0,6.0,6.0
ablation,ablation,full_depth6_branch4_mean,opaque_dependency_l6,tabular_online,training,opaque,high_level_steps,30,6.0,0.0,6.0,6.0,6.0,6.0
ablation,ablation,full_depth6_branch4_mean,opaque_dependency_l6,tabular_online,training,opaque,primitive_steps,30,6.0,0.0,6.0,6.0,6.0,6.0
ablation,ablation,full_depth6_branch4_mean,opaque_dependency_l6,tabular_online,training,opaque,reward,30,0.33521666666666666,0.07133779325943883,0.31005,0.36045,0.217,0.493
ablation,ablation,full_depth6_branch4_mean,opaque_dependency_l6,tabular_online,training,opaque,errors,30,0.0,0.0,0.0,0.0,0.0,0.0
ablation,ablation,full_depth6_branch4_mean,opaque_dependency_l6,tabular_online,training,opaque,repeats,30,0.0,0.0,0.0,0.0,0.0,0.0
ablation,ablation,full_depth6_branch4_mean,opaque_dependency_l6,tabular_online,training,opaque,prediction_score,30,0.9899944444444445,0.0005587742011924325,0.9897944444444444,0.9901916666666666,0.98875,0.9909166666666667
ablation,ablation,full_depth6_branch4_mean,opaque_dependency_l6,tabular_online,training,opaque,holdout_score,30,0.12354595175287926,0.00021976011280834515,0.12346768568274132,0.12362175177302197,0.12305159026929598,0.1239719795736979
ablation,ablation,full_depth6_branch4_mean,opaque_dependency_l6,tabular_online,training,opaque,holdout_gain,30,6.3778436010959445e-06,4.876738246617554e-06,4.790803349227261e-06,8.155257360846661e-06,0.0,1.7361111111111104e-05
ablation,ablation,full_depth6_branch4_mean,opaque_dependency_l6,tabular_online,training,opaque,imagined_nodes,30,186.45551666666668,1.3531526182708795,185.98183333333333,186.94234999999998,184.146,189.0
ablation,ablation,full_depth6_branch4_mean,opaque_dependency_l6,tabular_online,training,opaque,imagination_depth,30,5.4443166666666665,0.024828544242371495,5.436033333333333,5.4531,5.386,5.5005
ablation,ablation,full_depth6_branch4_mean,opaque_dependency_l6,tabular_online,training,opaque,actual_return,30,0.33521666666666666,0.07133779325943883,0.3108666666666666,0.3611833333333333,0.217,0.493
ablation,ablation,full_depth6_branch4_mean,opaque_dependency_l6,tabular_online,training,opaque,runtime_seconds,30,0.00654453818006344,0.0004144031187922494,0.006401063908394523,0.00668925021172181,0.005592118550150189,0.007755397950357292
ablation,ablation,full_depth6_branch4_mean,opaque_dependency_l6,tabular_online,training,opaque,real_transitions,30,6.0,0.0,6.0,6.0,6.0,6.0
ablation,ablation,full_depth6_branch4_mean,opaque_dependency_l6,tabular_online,training,opaque,imagined_transitions,30,186.45551666666668,1.3531526182708795,185.97676666666666,186.92818333333332,184.146,189.0
ablation,ablation,full_depth6_branch4_mean,opaque_dependency_l6,tabular_online,training,opaque,action_proposals,30,6.0,0.0,6.0,6.0,6.0,6.0
ablation,ablation,full_depth6_branch4_mean,opaque_dependency_l6,tabular_online,training,opaque,repeat_rate,30,0.0,0.0,0.0,0.0,0.0,0.0
ablation,ablation,full_depth6_branch4_mean,opaque_dependency_l6,tabular_online,training,opaque,error_rate,30,0.0,0.0,0.0,0.0,0.0,0.0
ablation,ablation,full_depth6_branch4_mean,opaque_dependency_l6,tabular_online,training,opaque,learning_auc,30,0.33526763381690844,0.07129862756311883,0.31034684008671004,0.36026346506586626,0.21710855427713857,0.4932466233116558
ablation,ablation,full_depth6_branch4_mean,opaque_dependency_l6,tabular_online,training,opaque,final_tail_success,30,0.4995,0.10892381076570971,0.4618333333333334,0.5376666666666666,0.31,0.705
ablation,ablation,full_depth6_branch4_mean,opaque_dependency_l6,tabular_online,training,opaque,first_success_real_transitions,30,282.2,212.5148919731152,206.8,358.8,6.0,678.0
ablation,ablation,full_depth6_branch4_risk-adjusted,opaque_dependency_l6,tabular_online,evaluation_seen,opaque,success,30,0.0,0.0,0.0,0.0,0.0,0.0
ablation,ablation,full_depth6_branch4_risk-adjusted,opaque_dependency_l6,tabular_online,evaluation_seen,opaque,steps,30,6.0,0.0,6.0,6.0,6.0,6.0
ablation,ablation,full_depth6_branch4_risk-adjusted,opaque_dependency_l6,tabular_online,evaluation_seen,opaque,high_level_steps,30,6.0,0.0,6.0,6.0,6.0,6.0
ablation,ablation,full_depth6_branch4_risk-adjusted,opaque_dependency_l6,tabular_online,evaluation_seen,opaque,primitive_steps,30,6.0,0.0,6.0,6.0,6.0,6.0
ablation,ablation,full_depth6_branch4_risk-adjusted,opaque_dependency_l6,tabular_online,evaluation_seen,opaque,reward,30,0.0,0.0,0.0,0.0,0.0,0.0
ablation,ablation,full_depth6_branch4_risk-adjusted,opaque_dependency_l6,tabular_online,evaluation_seen,opaque,errors,30,0.0,0.0,0.0,0.0,0.0,0.0
ablation,ablation,full_depth6_branch4_risk-adjusted,opaque_dependency_l6,tabular_online,evaluation_seen,opaque,repeats,30,0.0,0.0,0.0,0.0,0.0,0.0
ablation,ablation,full_depth6_branch4_risk-adjusted,opaque_dependency_l6,tabular_online,evaluation_seen,opaque,prediction_score,30,0.0,0.0,0.0,0.0,0.0,0.0
ablation,ablation,full_depth6_branch4_risk-adjusted,opaque_dependency_l6,tabular_online,evaluation_seen,opaque,holdout_score,30,1.0,0.0,1.0,1.0,1.0,1.0
ablation,ablation,full_depth6_branch4_risk-adjusted,opaque_dependency_l6,tabular_online,evaluation_seen,opaque,imagined_nodes,30,0.0,0.0,0.0,0.0,0.0,0.0
ablation,ablation,full_depth6_branch4_risk-adjusted,opaque_dependency_l6,tabular_online,evaluation_seen,opaque,imagination_depth,30,0.0,0.0,0.0,0.0,0.0,0.0
ablation,ablation,full_depth6_branch4_risk-adjusted,opaque_dependency_l6,tabular_online,evaluation_seen,opaque,actual_return,30,0.0,0.0,0.0,0.0,0.0,0.0
ablation,ablation,full_depth6_branch4_risk-adjusted,opaque_dependency_l6,tabular_online,evaluation_seen,opaque,runtime_seconds,30,0.0033360098331856234,0.0004542761437580109,0.003183146949687701,0.0034991149833610204,0.0027675490007095503,0.004189318000717321
ablation,ablation,full_depth6_branch4_risk-adjusted,opaque_dependency_l6,tabular_online,evaluation_seen,opaque,real_transitions,30,6.0,0.0,6.0,6.0,6.0,6.0
ablation,ablation,full_depth6_branch4_risk-adjusted,opaque_dependency_l6,tabular_online,evaluation_seen,opaque,imagined_transitions,30,0.0,0.0,0.0,0.0,0.0,0.0
ablation,ablation,full_depth6_branch4_risk-adjusted,opaque_dependency_l6,tabular_online,evaluation_seen,opaque,action_proposals,30,6.0,0.0,6.0,6.0,6.0,6.0
ablation,ablation,full_depth6_branch4_risk-adjusted,opaque_dependency_l6,tabular_online,evaluation_seen,opaque,repeat_rate,30,0.0,0.0,0.0,0.0,0.0,0.0
ablation,ablation,full_depth6_branch4_risk-adjusted,opaque_dependency_l6,tabular_online,evaluation_seen,opaque,error_rate,30,0.0,0.0,0.0,0.0,0.0,0.0
ablation,ablation,full_depth6_branch4_risk-adjusted,opaque_dependency_l6,tabular_online,evaluation_unseen_zero_shot,opaque,success,30,0.0,0.0,0.0,0.0,0.0,0.0
ablation,ablation,full_depth6_branch4_risk-adjusted,opaque_dependency_l6,tabular_online,evaluation_unseen_zero_shot,opaque,steps,30,6.0,0.0,6.0,6.0,6.0,6.0
ablation,ablation,full_depth6_branch4_risk-adjusted,opaque_dependency_l6,tabular_online,evaluation_unseen_zero_shot,opaque,high_level_steps,30,6.0,0.0,6.0,6.0,6.0,6.0
ablation,ablation,full_depth6_branch4_risk-adjusted,opaque_dependency_l6,tabular_online,evaluation_unseen_zero_shot,opaque,primitive_steps,30,6.0,0.0,6.0,6.0,6.0,6.0
ablation,ablation,full_depth6_branch4_risk-adjusted,opaque_dependency_l6,tabular_online,evaluation_unseen_zero_shot,opaque,reward,30,0.0,0.0,0.0,0.0,0.0,0.0
ablation,ablation,full_depth6_branch4_risk-adjusted,opaque_dependency_l6,tabular_online,evaluation_unseen_zero_shot,opaque,errors,30,0.0,0.0,0.0,0.0,0.0,0.0
ablation,ablation,full_depth6_branch4_risk-adjusted,opaque_dependency_l6,tabular_online,evaluation_unseen_zero_shot,opaque,repeats,30,0.0,0.0,0.0,0.0,0.0,0.0
ablation,ablation,full_depth6_branch4_risk-adjusted,opaque_dependency_l6,tabular_online,evaluation_unseen_zero_shot,opaque,prediction_score,30,0.0,0.0,0.0,0.0,0.0,0.0
ablation,ablation,full_depth6_branch4_risk-adjusted,opaque_dependency_l6,tabular_online,evaluation_unseen_zero_shot,opaque,holdout_score,30,1.0,0.0,1.0,1.0,1.0,1.0
ablation,ablation,full_depth6_branch4_risk-adjusted,opaque_dependency_l6,tabular_online,evaluation_unseen_zero_shot,opaque,imagined_nodes,30,0.0,0.0,0.0,0.0,0.0,0.0
ablation,ablation,full_depth6_branch4_risk-adjusted,opaque_dependency_l6,tabular_online,evaluation_unseen_zero_shot,opaque,imagination_depth,30,0.0,0.0,0.0,0.0,0.0,0.0
ablation,ablation,full_depth6_branch4_risk-adjusted,opaque_dependency_l6,tabular_online,evaluation_unseen_zero_shot,opaque,actual_return,30,0.0,0.0,0.0,0.0,0.0,0.0
ablation,ablation,full_depth6_branch4_risk-adjusted,opaque_dependency_l6,tabular_online,evaluation_unseen_zero_shot,opaque,runtime_seconds,30,0.0034333782665780742,0.0004503992860040967,0.0032780995832921082,0.003591762383002788,0.002765227499330649,0.004168248499336186
ablation,ablation,full_depth6_branch4_risk-adjusted,opaque_dependency_l6,tabular_online,evaluation_unseen_zero_shot,opaque,real_transitions,30,6.0,0.0,6.0,6.0,6.0,6.0
ablation,ablation,full_depth6_branch4_risk-adjusted,opaque_dependency_l6,tabular_online,evaluation_unseen_zero_shot,opaque,imagined_transitions,30,0.0,0.0,0.0,0.0,0.0,0.0
ablation,ablation,full_depth6_branch4_risk-adjusted,opaque_dependency_l6,tabular_online,evaluation_unseen_zero_shot,opaque,action_proposals,30,6.0,0.0,6.0,6.0,6.0,6.0
ablation,ablation,full_depth6_branch4_risk-adjusted,opaque_dependency_l6,tabular_online,evaluation_unseen_zero_shot,opaque,repeat_rate,30,0.0,0.0,0.0,0.0,0.0,0.0
ablation,ablation,full_depth6_branch4_risk-adjusted,opaque_dependency_l6,tabular_online,evaluation_unseen_zero_shot,opaque,error_rate,30,0.0,0.0,0.0,0.0,0.0,0.0
ablation,ablation,full_depth6_branch4_risk-adjusted,opaque_dependency_l6,tabular_online,training,opaque,success,30,0.33521666666666666,0.07133779325943883,0.31056666666666666,0.36035,0.217,0.493
ablation,ablation,full_depth6_branch4_risk-adjusted,opaque_dependency_l6,tabular_online,training,opaque,steps,30,6.0,0.0,6.0,6.0,6.0,6.0
ablation,ablation,full_depth6_branch4_risk-adjusted,opaque_dependency_l6,tabular_online,training,opaque,high_level_steps,30,6.0,0.0,6.0,6.0,6.0,6.0
ablation,ablation,full_depth6_branch4_risk-adjusted,opaque_dependency_l6,tabular_online,training,opaque,primitive_steps,30,6.0,0.0,6.0,6.0,6.0,6.0
ablation,ablation,full_depth6_branch4_risk-adjusted,opaque_dependency_l6,tabular_online,training,opaque,reward,30,0.33521666666666666,0.07133779325943883,0.31105,0.35996666666666666,0.217,0.493
ablation,ablation,full_depth6_branch4_risk-adjusted,opaque_dependency_l6,tabular_online,training,opaque,errors,30,0.0,0.0,0.0,0.0,0.0,0.0
ablation,ablation,full_depth6_branch4_risk-adjusted,opaque_dependency_l6,tabular_online,training,opaque,repeats,30,0.0,0.0,0.0,0.0,0.0,0.0
ablation,ablation,full_depth6_branch4_risk-adjusted,opaque_dependency_l6,tabular_online,training,opaque,prediction_score,30,0.9899944444444445,0.0005587742011924325,0.9897972222222222,0.9901861111111111,0.98875,0.9909166666666667
ablation,ablation,full_depth6_branch4_risk-adjusted,opaque_dependency_l6,tabular_online,training,opaque,holdout_score,30,0.12354595175287926,0.00021976011280834515,0.12346859800491645,0.12362007203929698,0.12305159026929598,0.1239719795736979
ablation,ablation,full_depth6_branch4_risk-adjusted,opaque_dependency_l6,tabular_online,training,opaque,holdout_gain,30,6.3778436010959445e-06,4.876738246617554e-06,4.730237371994618e-06,8.13267713310339e-06,0.0,1.7361111111111104e-05
ablation,ablation,full_depth6_branch4_risk-adjusted,opaque_dependency_l6,tabular_online,training,opaque,imagined_nodes,30,186.45551666666668,1.3531526182708795,185.99411666666666,186.92683333333335,184.146,189.0
ablation,ablation,full_depth6_branch4_risk-adjusted,opaque_dependency_l6,tabular_online,training,opaque,imagination_depth,30,5.4443166666666665,0.024828544242371495,5.435866666666667,5.452916666666667,5.386,5.5005
ablation,ablation,full_depth6_branch4_risk-adjusted,opaque_dependency_l6,tabular_online,training,opaque,actual_return,30,0.33521666666666666,0.07133779325943883,0.31006666666666666,0.36038333333333333,0.217,0.493
ablation,ablation,full_depth6_branch4_risk-adjusted,opaque_dependency_l6,tabular_online,training,opaque,runtime_seconds,30,0.006825443746537106,0.0004000910030121854,0.006682902679902811,0.006959530309852077,0.005865917999879457,0.007622874299864634
ablation,ablation,full_depth6_branch4_risk-adjusted,opaque_dependency_l6,tabular_online,training,opaque,real_transitions,30,6.0,0.0,6.0,6.0,6.0,6.0
ablation,ablation,full_depth6_branch4_risk-adjusted,opaque_dependency_l6,tabular_online,training,opaque,imagined_transitions,30,186.45551666666668,1.3531526182708795,185.98916666666668,186.93596666666664,184.146,189.0
ablation,ablation,full_depth6_branch4_risk-adjusted,opaque_dependency_l6,tabular_online,training,opaque,action_proposals,30,6.0,0.0,6.0,6.0,6.0,6.0
ablation,ablation,full_depth6_branch4_risk-adjusted,opaque_dependency_l6,tabular_online,training,opaque,repeat_rate,30,0.0,0.0,0.0,0.0,0.0,0.0
ablation,ablation,full_depth6_branch4_risk-adjusted,opaque_dependency_l6,tabular_online,training,opaque,error_rate,30,0.0,0.0,0.0,0.0,0.0,0.0
ablation,ablation,full_depth6_branch4_risk-adjusted,opaque_dependency_l6,tabular_online,training,opaque,learning_auc,30,0.33526763381690844,0.07129862756311883,0.3110972152743038,0.36006336501584124,0.21710855427713857,0.4932466233116558
ablation,ablation,full_depth6_branch4_risk-adjusted,opaque_dependency_l6,tabular_online,training,opaque,final_tail_success,30,0.4995,0.10892381076570971,0.4618333333333334,0.538,0.31,0.705
ablation,ablation,full_depth6_branch4_risk-adjusted,opaque_dependency_l6,tabular_online,training,opaque,first_success_real_transitions,30,282.2,212.5148919731152,209.0,357.8,6.0,678.0
ablation,ablation,full_no_error_penalty,opaque_dependency_l6,tabular_online,evaluation_seen,opaque,success,30,0.0,0.0,0.0,0.0,0.0,0.0
ablation,ablation,full_no_error_penalty,opaque_dependency_l6,tabular_online,evaluation_seen,opaque,steps,30,6.0,0.0,6.0,6.0,6.0,6.0
ablation,ablation,full_no_error_penalty,opaque_dependency_l6,tabular_online,evaluation_seen,opaque,high_level_steps,30,6.0,0.0,6.0,6.0,6.0,6.0
ablation,ablation,full_no_error_penalty,opaque_dependency_l6,tabular_online,evaluation_seen,opaque,primitive_steps,30,6.0,0.0,6.0,6.0,6.0,6.0
ablation,ablation,full_no_error_penalty,opaque_dependency_l6,tabular_online,evaluation_seen,opaque,reward,30,0.0,0.0,0.0,0.0,0.0,0.0
ablation,ablation,full_no_error_penalty,opaque_dependency_l6,tabular_online,evaluation_seen,opaque,errors,30,0.0,0.0,0.0,0.0,0.0,0.0
ablation,ablation,full_no_error_penalty,opaque_dependency_l6,tabular_online,evaluation_seen,opaque,repeats,30,0.0,0.0,0.0,0.0,0.0,0.0
ablation,ablation,full_no_error_penalty,opaque_dependency_l6,tabular_online,evaluation_seen,opaque,prediction_score,30,0.0,0.0,0.0,0.0,0.0,0.0
ablation,ablation,full_no_error_penalty,opaque_dependency_l6,tabular_online,evaluation_seen,opaque,holdout_score,30,1.0,0.0,1.0,1.0,1.0,1.0
ablation,ablation,full_no_error_penalty,opaque_dependency_l6,tabular_online,evaluation_seen,opaque,imagined_nodes,30,0.0,0.0,0.0,0.0,0.0,0.0
ablation,ablation,full_no_error_penalty,opaque_dependency_l6,tabular_online,evaluation_seen,opaque,imagination_depth,30,0.0,0.0,0.0,0.0,0.0,0.0
ablation,ablation,full_no_error_penalty,opaque_dependency_l6,tabular_online,evaluation_seen,opaque,actual_return,30,0.0,0.0,0.0,0.0,0.0,0.0
ablation,ablation,full_no_error_penalty,opaque_dependency_l6,tabular_online,evaluation_seen,opaque,runtime_seconds,30,0.003616136699982841,0.0004048416990971694,0.0034734505668166096,0.00375889219980066,0.0028546284994808956,0.004387900999427074
ablation,ablation,full_no_error_penalty,opaque_dependency_l6,tabular_online,evaluation_seen,opaque,real_transitions,30,6.0,0.0,6.0,6.0,6.0,6.0
ablation,ablation,full_no_error_penalty,opaque_dependency_l6,tabular_online,evaluation_seen,opaque,imagined_transitions,30,0.0,0.0,0.0,0.0,0.0,0.0
ablation,ablation,full_no_error_penalty,opaque_dependency_l6,tabular_online,evaluation_seen,opaque,action_proposals,30,6.0,0.0,6.0,6.0,6.0,6.0
ablation,ablation,full_no_error_penalty,opaque_dependency_l6,tabular_online,evaluation_seen,opaque,repeat_rate,30,0.0,0.0,0.0,0.0,0.0,0.0
ablation,ablation,full_no_error_penalty,opaque_dependency_l6,tabular_online,evaluation_seen,opaque,error_rate,30,0.0,0.0,0.0,0.0,0.0,0.0
ablation,ablation,full_no_error_penalty,opaque_dependency_l6,tabular_online,evaluation_unseen_zero_shot,opaque,success,30,0.0,0.0,0.0,0.0,0.0,0.0
ablation,ablation,full_no_error_penalty,opaque_dependency_l6,tabular_online,evaluation_unseen_zero_shot,opaque,steps,30,6.0,0.0,6.0,6.0,6.0,6.0
ablation,ablation,full_no_error_penalty,opaque_dependency_l6,tabular_online,evaluation_unseen_zero_shot,opaque,high_level_steps,30,6.0,0.0,6.0,6.0,6.0,6.0
ablation,ablation,full_no_error_penalty,opaque_dependency_l6,tabular_online,evaluation_unseen_zero_shot,opaque,primitive_steps,30,6.0,0.0,6.0,6.0,6.0,6.0
ablation,ablation,full_no_error_penalty,opaque_dependency_l6,tabular_online,evaluation_unseen_zero_shot,opaque,reward,30,0.0,0.0,0.0,0.0,0.0,0.0
ablation,ablation,full_no_error_penalty,opaque_dependency_l6,tabular_online,evaluation_unseen_zero_shot,opaque,errors,30,0.0,0.0,0.0,0.0,0.0,0.0
ablation,ablation,full_no_error_penalty,opaque_dependency_l6,tabular_online,evaluation_unseen_zero_shot,opaque,repeats,30,0.0,0.0,0.0,0.0,0.0,0.0
ablation,ablation,full_no_error_penalty,opaque_dependency_l6,tabular_online,evaluation_unseen_zero_shot,opaque,prediction_score,30,0.0,0.0,0.0,0.0,0.0,0.0
ablation,ablation,full_no_error_penalty,opaque_dependency_l6,tabular_online,evaluation_unseen_zero_shot,opaque,holdout_score,30,1.0,0.0,1.0,1.0,1.0,1.0
ablation,ablation,full_no_error_penalty,opaque_dependency_l6,tabular_online,evaluation_unseen_zero_shot,opaque,imagined_nodes,30,0.0,0.0,0.0,0.0,0.0,0.0
ablation,ablation,full_no_error_penalty,opaque_dependency_l6,tabular_online,evaluation_unseen_zero_shot,opaque,imagination_depth,30,0.0,0.0,0.0,0.0,0.0,0.0
ablation,ablation,full_no_error_penalty,opaque_dependency_l6,tabular_online,evaluation_unseen_zero_shot,opaque,actual_return,30,0.0,0.0,0.0,0.0,0.0,0.0
ablation,ablation,full_no_error_penalty,opaque_dependency_l6,tabular_online,evaluation_unseen_zero_shot,opaque,runtime_seconds,30,0.003498681250178682,0.0005246282778274359,0.003326639416860416,0.0036958076667845795,0.002863727000221843,0.0053029600021545775
ablation,ablation,full_no_error_penalty,opaque_dependency_l6,tabular_online,evaluation_unseen_zero_shot,opaque,real_transitions,30,6.0,0.0,6.0,6.0,6.0,6.0
ablation,ablation,full_no_error_penalty,opaque_dependency_l6,tabular_online,evaluation_unseen_zero_shot,opaque,imagined_transitions,30,0.0,0.0,0.0,0.0,0.0,0.0
ablation,ablation,full_no_error_penalty,opaque_dependency_l6,tabular_online,evaluation_unseen_zero_shot,opaque,action_proposals,30,6.0,0.0,6.0,6.0,6.0,6.0
ablation,ablation,full_no_error_penalty,opaque_dependency_l6,tabular_online,evaluation_unseen_zero_shot,opaque,repeat_rate,30,0.0,0.0,0.0,0.0,0.0,0.0
ablation,ablation,full_no_error_penalty,opaque_dependency_l6,tabular_online,evaluation_unseen_zero_shot,opaque,error_rate,30,0.0,0.0,0.0,0.0,0.0,0.0
ablation,ablation,full_no_error_penalty,opaque_dependency_l6,tabular_online,training,opaque,success,30,0.33521666666666666,0.07133779325943883,0.31028333333333336,0.35978333333333334,0.217,0.493
ablation,ablation,full_no_error_penalty,opaque_dependency_l6,tabular_online,training,opaque,steps,30,6.0,0.0,6.0,6.0,6.0,6.0
ablation,ablation,full_no_error_penalty,opaque_dependency_l6,tabular_online,training,opaque,high_level_steps,30,6.0,0.0,6.0,6.0,6.0,6.0
ablation,ablation,full_no_error_penalty,opaque_dependency_l6,tabular_online,training,opaque,primitive_steps,30,6.0,0.0,6.0,6.0,6.0,6.0
ablation,ablation,full_no_error_penalty,opaque_dependency_l6,tabular_online,training,opaque,reward,30,0.33521666666666666,0.07133779325943883,0.31024999999999997,0.3602166666666667,0.217,0.493
ablation,ablation,full_no_error_penalty,opaque_dependency_l6,tabular_online,training,opaque,errors,30,0.0,0.0,0.0,0.0,0.0,0.0
ablation,ablation,full_no_error_penalty,opaque_dependency_l6,tabular_online,training,opaque,repeats,30,0.0,0.0,0.0,0.0,0.0,0.0
ablation,ablation,full_no_error_penalty,opaque_dependency_l6,tabular_online,training,opaque,prediction_score,30,0.9899944444444445,0.0005587742011924325,0.9897888888888888,0.9901833333333333,0.98875,0.9909166666666667
ablation,ablation,full_no_error_penalty,opaque_dependency_l6,tabular_online,training,opaque,holdout_score,30,0.12354595175287926,0.00021976011280834515,0.1234688002711875,0.12361958487689903,0.12305159026929598,0.1239719795736979
ablation,ablation,full_no_error_penalty,opaque_dependency_l6,tabular_online,training,opaque,holdout_gain,30,6.3778436010959445e-06,4.876738246617554e-06,4.677392800554566e-06,8.108354239694818e-06,0.0,1.7361111111111104e-05
ablation,ablation,full_no_error_penalty,opaque_dependency_l6,tabular_online,training,opaque,imagined_nodes,30,186.45551666666668,1.3531526182708795,185.98371666666665,186.92603333333332,184.146,189.0
ablation,ablation,full_no_error_penalty,opaque_dependency_l6,tabular_online,training,opaque,imagination_depth,30,5.4443166666666665,0.024828544242371495,5.435633333333333,5.453116666666667,5.386,5.5005
ablation,ablation,full_no_error_penalty,opaque_dependency_l6,tabular_online,training,opaque,actual_return,30,0.33521666666666666,0.07133779325943883,0.3106833333333333,0.36088333333333333,0.217,0.493
ablation,ablation,full_no_error_penalty,opaque_dependency_l6,tabular_online,training,opaque,runtime_seconds,30,0.006728963691666043,0.0002915212261688119,0.0066324425516325084,0.00683527234664119,0.006320428150313091,0.007668518299338757
ablation,ablation,full_no_error_penalty,opaque_dependency_l6,tabular_online,training,opaque,real_transitions,30,6.0,0.0,6.0,6.0,6.0,6.0
ablation,ablation,full_no_error_penalty,opaque_dependency_l6,tabular_online,training,opaque,imagined_transitions,30,186.45551666666668,1.3531526182708795,185.98418333333333,186.92759999999998,184.146,189.0
ablation,ablation,full_no_error_penalty,opaque_dependency_l6,tabular_online,training,opaque,action_proposals,30,6.0,0.0,6.0,6.0,6.0,6.0
ablation,ablation,full_no_error_penalty,opaque_dependency_l6,tabular_online,training,opaque,repeat_rate,30,0.0,0.0,0.0,0.0,0.0,0.0
ablation,ablation,full_no_error_penalty,opaque_dependency_l6,tabular_online,training,opaque,error_rate,30,0.0,0.0,0.0,0.0,0.0,0.0
ablation,ablation,full_no_error_penalty,opaque_dependency_l6,tabular_online,training,opaque,learning_auc,30,0.33526763381690844,0.07129862756311883,0.3095881273970319,0.3608554277138569,0.21710855427713857,0.4932466233116558
ablation,ablation,full_no_error_penalty,opaque_dependency_l6,tabular_online,training,opaque,final_tail_success,30,0.4995,0.10892381076570971,0.4615,0.5368333333333334,0.31,0.705
ablation,ablation,full_no_error_penalty,opaque_dependency_l6,tabular_online,training,opaque,first_success_real_transitions,30,282.2,212.5148919731152,208.0,357.8,6.0,678.0
ablation,ablation,full_no_repeat_penalty,opaque_dependency_l6,tabular_online,evaluation_seen,opaque,success,30,0.0,0.0,0.0,0.0,0.0,0.0
ablation,ablation,full_no_repeat_penalty,opaque_dependency_l6,tabular_online,evaluation_seen,opaque,steps,30,6.0,0.0,6.0,6.0,6.0,6.0
ablation,ablation,full_no_repeat_penalty,opaque_dependency_l6,tabular_online,evaluation_seen,opaque,high_level_steps,30,6.0,0.0,6.0,6.0,6.0,6.0
ablation,ablation,full_no_repeat_penalty,opaque_dependency_l6,tabular_online,evaluation_seen,opaque,primitive_steps,30,6.0,0.0,6.0,6.0,6.0,6.0
ablation,ablation,full_no_repeat_penalty,opaque_dependency_l6,tabular_online,evaluation_seen,opaque,reward,30,0.0,0.0,0.0,0.0,0.0,0.0
ablation,ablation,full_no_repeat_penalty,opaque_dependency_l6,tabular_online,evaluation_seen,opaque,errors,30,0.0,0.0,0.0,0.0,0.0,0.0
ablation,ablation,full_no_repeat_penalty,opaque_dependency_l6,tabular_online,evaluation_seen,opaque,repeats,30,0.0,0.0,0.0,0.0,0.0,0.0
ablation,ablation,full_no_repeat_penalty,opaque_dependency_l6,tabular_online,evaluation_seen,opaque,prediction_score,30,0.0,0.0,0.0,0.0,0.0,0.0
ablation,ablation,full_no_repeat_penalty,opaque_dependency_l6,tabular_online,evaluation_seen,opaque,holdout_score,30,1.0,0.0,1.0,1.0,1.0,1.0
ablation,ablation,full_no_repeat_penalty,opaque_dependency_l6,tabular_online,evaluation_seen,opaque,imagined_nodes,30,0.0,0.0,0.0,0.0,0.0,0.0
ablation,ablation,full_no_repeat_penalty,opaque_dependency_l6,tabular_online,evaluation_seen,opaque,imagination_depth,30,0.0,0.0,0.0,0.0,0.0,0.0
ablation,ablation,full_no_repeat_penalty,opaque_dependency_l6,tabular_online,evaluation_seen,opaque,actual_return,30,0.0,0.0,0.0,0.0,0.0,0.0
ablation,ablation,full_no_repeat_penalty,opaque_dependency_l6,tabular_online,evaluation_seen,opaque,runtime_seconds,30,0.0034525191498638984,0.0004565689890554603,0.003291793500010196,0.0036111338830766425,0.002815720998769393,0.004305286500020884
ablation,ablation,full_no_repeat_penalty,opaque_dependency_l6,tabular_online,evaluation_seen,opaque,real_transitions,30,6.0,0.0,6.0,6.0,6.0,6.0
ablation,ablation,full_no_repeat_penalty,opaque_dependency_l6,tabular_online,evaluation_seen,opaque,imagined_transitions,30,0.0,0.0,0.0,0.0,0.0,0.0
ablation,ablation,full_no_repeat_penalty,opaque_dependency_l6,tabular_online,evaluation_seen,opaque,action_proposals,30,6.0,0.0,6.0,6.0,6.0,6.0
ablation,ablation,full_no_repeat_penalty,opaque_dependency_l6,tabular_online,evaluation_seen,opaque,repeat_rate,30,0.0,0.0,0.0,0.0,0.0,0.0
ablation,ablation,full_no_repeat_penalty,opaque_dependency_l6,tabular_online,evaluation_seen,opaque,error_rate,30,0.0,0.0,0.0,0.0,0.0,0.0
ablation,ablation,full_no_repeat_penalty,opaque_dependency_l6,tabular_online,evaluation_unseen_zero_shot,opaque,success,30,0.0,0.0,0.0,0.0,0.0,0.0
ablation,ablation,full_no_repeat_penalty,opaque_dependency_l6,tabular_online,evaluation_unseen_zero_shot,opaque,steps,30,6.0,0.0,6.0,6.0,6.0,6.0
ablation,ablation,full_no_repeat_penalty,opaque_dependency_l6,tabular_online,evaluation_unseen_zero_shot,opaque,high_level_steps,30,6.0,0.0,6.0,6.0,6.0,6.0
ablation,ablation,full_no_repeat_penalty,opaque_dependency_l6,tabular_online,evaluation_unseen_zero_shot,opaque,primitive_steps,30,6.0,0.0,6.0,6.0,6.0,6.0
ablation,ablation,full_no_repeat_penalty,opaque_dependency_l6,tabular_online,evaluation_unseen_zero_shot,opaque,reward,30,0.0,0.0,0.0,0.0,0.0,0.0
ablation,ablation,full_no_repeat_penalty,opaque_dependency_l6,tabular_online,evaluation_unseen_zero_shot,opaque,errors,30,0.0,0.0,0.0,0.0,0.0,0.0
ablation,ablation,full_no_repeat_penalty,opaque_dependency_l6,tabular_online,evaluation_unseen_zero_shot,opaque,repeats,30,0.0,0.0,0.0,0.0,0.0,0.0
ablation,ablation,full_no_repeat_penalty,opaque_dependency_l6,tabular_online,evaluation_unseen_zero_shot,opaque,prediction_score,30,0.0,0.0,0.0,0.0,0.0,0.0
ablation,ablation,full_no_repeat_penalty,opaque_dependency_l6,tabular_online,evaluation_unseen_zero_shot,opaque,holdout_score,30,1.0,0.0,1.0,1.0,1.0,1.0
ablation,ablation,full_no_repeat_penalty,opaque_dependency_l6,tabular_online,evaluation_unseen_zero_shot,opaque,imagined_nodes,30,0.0,0.0,0.0,0.0,0.0,0.0
ablation,ablation,full_no_repeat_penalty,opaque_dependency_l6,tabular_online,evaluation_unseen_zero_shot,opaque,imagination_depth,30,0.0,0.0,0.0,0.0,0.0,0.0
ablation,ablation,full_no_repeat_penalty,opaque_dependency_l6,tabular_online,evaluation_unseen_zero_shot,opaque,actual_return,30,0.0,0.0,0.0,0.0,0.0,0.0
ablation,ablation,full_no_repeat_penalty,opaque_dependency_l6,tabular_online,evaluation_unseen_zero_shot,opaque,runtime_seconds,30,0.0034586646000194982,0.00045502743371388576,0.003303203083424402,0.003616977550103911,0.0028794134996132925,0.004363573000155156
ablation,ablation,full_no_repeat_penalty,opaque_dependency_l6,tabular_online,evaluation_unseen_zero_shot,opaque,real_transitions,30,6.0,0.0,6.0,6.0,6.0,6.0
ablation,ablation,full_no_repeat_penalty,opaque_dependency_l6,tabular_online,evaluation_unseen_zero_shot,opaque,imagined_transitions,30,0.0,0.0,0.0,0.0,0.0,0.0
ablation,ablation,full_no_repeat_penalty,opaque_dependency_l6,tabular_online,evaluation_unseen_zero_shot,opaque,action_proposals,30,6.0,0.0,6.0,6.0,6.0,6.0
ablation,ablation,full_no_repeat_penalty,opaque_dependency_l6,tabular_online,evaluation_unseen_zero_shot,opaque,repeat_rate,30,0.0,0.0,0.0,0.0,0.0,0.0
ablation,ablation,full_no_repeat_penalty,opaque_dependency_l6,tabular_online,evaluation_unseen_zero_shot,opaque,error_rate,30,0.0,0.0,0.0,0.0,0.0,0.0
ablation,ablation,full_no_repeat_penalty,opaque_dependency_l6,tabular_online,training,opaque,success,30,0.33521666666666666,0.07133779325943883,0.3107333333333333,0.36075,0.217,0.493
ablation,ablation,full_no_repeat_penalty,opaque_dependency_l6,tabular_online,training,opaque,steps,30,6.0,0.0,6.0,6.0,6.0,6.0
ablation,ablation,full_no_repeat_penalty,opaque_dependency_l6,tabular_online,training,opaque,high_level_steps,30,6.0,0.0,6.0,6.0,6.0,6.0
ablation,ablation,full_no_repeat_penalty,opaque_dependency_l6,tabular_online,training,opaque,primitive_steps,30,6.0,0.0,6.0,6.0,6.0,6.0
ablation,ablation,full_no_repeat_penalty,opaque_dependency_l6,tabular_online,training,opaque,reward,30,0.33521666666666666,0.07133779325943883,0.31024999999999997,0.3611333333333333,0.217,0.493
ablation,ablation,full_no_repeat_penalty,opaque_dependency_l6,tabular_online,training,opaque,errors,30,0.0,0.0,0.0,0.0,0.0,0.0
ablation,ablation,full_no_repeat_penalty,opaque_dependency_l6,tabular_online,training,opaque,repeats,30,0.0,0.0,0.0,0.0,0.0,0.0
ablation,ablation,full_no_repeat_penalty,opaque_dependency_l6,tabular_online,training,opaque,prediction_score,30,0.9899944444444445,0.0005587742011924325,0.9898027777777777,0.9901916666666666,0.98875,0.9909166666666667
ablation,ablation,full_no_repeat_penalty,opaque_dependency_l6,tabular_online,training,opaque,holdout_score,30,0.12354595175287926,0.00021976011280834515,0.12346502748470549,0.12362244423693834,0.12305159026929598,0.1239719795736979
ablation,ablation,full_no_repeat_penalty,opaque_dependency_l6,tabular_online,training,opaque,holdout_gain,30,6.3778436010959445e-06,4.876738246617554e-06,4.747735059728878e-06,8.072300988061857e-06,0.0,1.7361111111111104e-05
ablation,ablation,full_no_repeat_penalty,opaque_dependency_l6,tabular_online,training,opaque,imagined_nodes,30,186.45551666666668,1.3531526182708795,185.9912666666667,186.95305,184.146,189.0
ablation,ablation,full_no_repeat_penalty,opaque_dependency_l6,tabular_online,training,opaque,imagination_depth,30,5.4443166666666665,0.024828544242371495,5.435833333333333,5.45295,5.386,5.5005
ablation,ablation,full_no_repeat_penalty,opaque_dependency_l6,tabular_online,training,opaque,actual_return,30,0.33521666666666666,0.07133779325943883,0.3103166666666667,0.36024999999999996,0.217,0.493
ablation,ablation,full_no_repeat_penalty,opaque_dependency_l6,tabular_online,training,opaque,runtime_seconds,30,0.006662433460034663,0.0003117632378624874,0.006564684665019254,0.006777358111712966,0.006167672700059483,0.007833118850176107
ablation,ablation,full_no_repeat_penalty,opaque_dependency_l6,tabular_online,training,opaque,real_transitions,30,6.0,0.0,6.0,6.0,6.0,6.0
ablation,ablation,full_no_repeat_penalty,opaque_dependency_l6,tabular_online,training,opaque,imagined_transitions,30,186.45551666666668,1.3531526182708795,185.99173333333331,186.93701666666666,184.146,189.0
ablation,ablation,full_no_repeat_penalty,opaque_dependency_l6,tabular_online,training,opaque,action_proposals,30,6.0,0.0,6.0,6.0,6.0,6.0
ablation,ablation,full_no_repeat_penalty,opaque_dependency_l6,tabular_online,training,opaque,repeat_rate,30,0.0,0.0,0.0,0.0,0.0,0.0
ablation,ablation,full_no_repeat_penalty,opaque_dependency_l6,tabular_online,training,opaque,error_rate,30,0.0,0.0,0.0,0.0,0.0,0.0
ablation,ablation,full_no_repeat_penalty,opaque_dependency_l6,tabular_online,training,opaque,learning_auc,30,0.33526763381690844,0.07129862756311883,0.31018009004502256,0.36218942804735704,0.21710855427713857,0.4932466233116558
ablation,ablation,full_no_repeat_penalty,opaque_dependency_l6,tabular_online,training,opaque,final_tail_success,30,0.4995,0.10892381076570971,0.463,0.5391666666666667,0.31,0.705
ablation,ablation,full_no_repeat_penalty,opaque_dependency_l6,tabular_online,training,opaque,first_success_real_transitions,30,282.2,212.5148919731152,206.4,356.2,6.0,678.0
ablation,ablation,full_no_validated_information,opaque_dependency_l6,tabular_online,evaluation_seen,opaque,success,30,0.0,0.0,0.0,0.0,0.0,0.0
ablation,ablation,full_no_validated_information,opaque_dependency_l6,tabular_online,evaluation_seen,opaque,steps,30,6.0,0.0,6.0,6.0,6.0,6.0
ablation,ablation,full_no_validated_information,opaque_dependency_l6,tabular_online,evaluation_seen,opaque,high_level_steps,30,6.0,0.0,6.0,6.0,6.0,6.0
ablation,ablation,full_no_validated_information,opaque_dependency_l6,tabular_online,evaluation_seen,opaque,primitive_steps,30,6.0,0.0,6.0,6.0,6.0,6.0
ablation,ablation,full_no_validated_information,opaque_dependency_l6,tabular_online,evaluation_seen,opaque,reward,30,0.0,0.0,0.0,0.0,0.0,0.0
ablation,ablation,full_no_validated_information,opaque_dependency_l6,tabular_online,evaluation_seen,opaque,errors,30,0.0,0.0,0.0,0.0,0.0,0.0
ablation,ablation,full_no_validated_information,opaque_dependency_l6,tabular_online,evaluation_seen,opaque,repeats,30,0.0,0.0,0.0,0.0,0.0,0.0
ablation,ablation,full_no_validated_information,opaque_dependency_l6,tabular_online,evaluation_seen,opaque,prediction_score,30,0.0,0.0,0.0,0.0,0.0,0.0
ablation,ablation,full_no_validated_information,opaque_dependency_l6,tabular_online,evaluation_seen,opaque,holdout_score,30,1.0,0.0,1.0,1.0,1.0,1.0
ablation,ablation,full_no_validated_information,opaque_dependency_l6,tabular_online,evaluation_seen,opaque,imagined_nodes,30,0.0,0.0,0.0,0.0,0.0,0.0
ablation,ablation,full_no_validated_information,opaque_dependency_l6,tabular_online,evaluation_seen,opaque,imagination_depth,30,0.0,0.0,0.0,0.0,0.0,0.0
ablation,ablation,full_no_validated_information,opaque_dependency_l6,tabular_online,evaluation_seen,opaque,actual_return,30,0.0,0.0,0.0,0.0,0.0,0.0
ablation,ablation,full_no_validated_information,opaque_dependency_l6,tabular_online,evaluation_seen,opaque,runtime_seconds,30,0.003463118766715828,0.0004525178240937211,0.0032988275502090496,0.003623045766532111,0.0027823344997887035,0.004191694999171887
ablation,ablation,full_no_validated_information,opaque_dependency_l6,tabular_online,evaluation_seen,opaque,real_transitions,30,6.0,0.0,6.0,6.0,6.0,6.0
ablation,ablation,full_no_validated_information,opaque_dependency_l6,tabular_online,evaluation_seen,opaque,imagined_transitions,30,0.0,0.0,0.0,0.0,0.0,0.0
ablation,ablation,full_no_validated_information,opaque_dependency_l6,tabular_online,evaluation_seen,opaque,action_proposals,30,6.0,0.0,6.0,6.0,6.0,6.0
ablation,ablation,full_no_validated_information,opaque_dependency_l6,tabular_online,evaluation_seen,opaque,repeat_rate,30,0.0,0.0,0.0,0.0,0.0,0.0
ablation,ablation,full_no_validated_information,opaque_dependency_l6,tabular_online,evaluation_seen,opaque,error_rate,30,0.0,0.0,0.0,0.0,0.0,0.0
ablation,ablation,full_no_validated_information,opaque_dependency_l6,tabular_online,evaluation_unseen_zero_shot,opaque,success,30,0.0,0.0,0.0,0.0,0.0,0.0
ablation,ablation,full_no_validated_information,opaque_dependency_l6,tabular_online,evaluation_unseen_zero_shot,opaque,steps,30,6.0,0.0,6.0,6.0,6.0,6.0
ablation,ablation,full_no_validated_information,opaque_dependency_l6,tabular_online,evaluation_unseen_zero_shot,opaque,high_level_steps,30,6.0,0.0,6.0,6.0,6.0,6.0
ablation,ablation,full_no_validated_information,opaque_dependency_l6,tabular_online,evaluation_unseen_zero_shot,opaque,primitive_steps,30,6.0,0.0,6.0,6.0,6.0,6.0
ablation,ablation,full_no_validated_information,opaque_dependency_l6,tabular_online,evaluation_unseen_zero_shot,opaque,reward,30,0.0,0.0,0.0,0.0,0.0,0.0
ablation,ablation,full_no_validated_information,opaque_dependency_l6,tabular_online,evaluation_unseen_zero_shot,opaque,errors,30,0.0,0.0,0.0,0.0,0.0,0.0
ablation,ablation,full_no_validated_information,opaque_dependency_l6,tabular_online,evaluation_unseen_zero_shot,opaque,repeats,30,0.0,0.0,0.0,0.0,0.0,0.0
ablation,ablation,full_no_validated_information,opaque_dependency_l6,tabular_online,evaluation_unseen_zero_shot,opaque,prediction_score,30,0.0,0.0,0.0,0.0,0.0,0.0
ablation,ablation,full_no_validated_information,opaque_dependency_l6,tabular_online,evaluation_unseen_zero_shot,opaque,holdout_score,30,1.0,0.0,1.0,1.0,1.0,1.0
ablation,ablation,full_no_validated_information,opaque_dependency_l6,tabular_online,evaluation_unseen_zero_shot,opaque,imagined_nodes,30,0.0,0.0,0.0,0.0,0.0,0.0
ablation,ablation,full_no_validated_information,opaque_dependency_l6,tabular_online,evaluation_unseen_zero_shot,opaque,imagination_depth,30,0.0,0.0,0.0,0.0,0.0,0.0
ablation,ablation,full_no_validated_information,opaque_dependency_l6,tabular_online,evaluation_unseen_zero_shot,opaque,actual_return,30,0.0,0.0,0.0,0.0,0.0,0.0
ablation,ablation,full_no_validated_information,opaque_dependency_l6,tabular_online,evaluation_unseen_zero_shot,opaque,runtime_seconds,30,0.0034603060668353764,0.0004507576561068224,0.0033042288666086583,0.00362223726666222,0.0028279169993766116,0.004361463500390528
ablation,ablation,full_no_validated_information,opaque_dependency_l6,tabular_online,evaluation_unseen_zero_shot,opaque,real_transitions,30,6.0,0.0,6.0,6.0,6.0,6.0
ablation,ablation,full_no_validated_information,opaque_dependency_l6,tabular_online,evaluation_unseen_zero_shot,opaque,imagined_transitions,30,0.0,0.0,0.0,0.0,0.0,0.0
ablation,ablation,full_no_validated_information,opaque_dependency_l6,tabular_online,evaluation_unseen_zero_shot,opaque,action_proposals,30,6.0,0.0,6.0,6.0,6.0,6.0
ablation,ablation,full_no_validated_information,opaque_dependency_l6,tabular_online,evaluation_unseen_zero_shot,opaque,repeat_rate,30,0.0,0.0,0.0,0.0,0.0,0.0
ablation,ablation,full_no_validated_information,opaque_dependency_l6,tabular_online,evaluation_unseen_zero_shot,opaque,error_rate,30,0.0,0.0,0.0,0.0,0.0,0.0
ablation,ablation,full_no_validated_information,opaque_dependency_l6,tabular_online,training,opaque,success,30,0.33554999999999996,0.06895955211271465,0.31165,0.3595833333333333,0.217,0.493
ablation,ablation,full_no_validated_information,opaque_dependency_l6,tabular_online,training,opaque,steps,30,6.0,0.0,6.0,6.0,6.0,6.0
ablation,ablation,full_no_validated_information,opaque_dependency_l6,tabular_online,training,opaque,high_level_steps,30,6.0,0.0,6.0,6.0,6.0,6.0
ablation,ablation,full_no_validated_information,opaque_dependency_l6,tabular_online,training,opaque,primitive_steps,30,6.0,0.0,6.0,6.0,6.0,6.0
ablation,ablation,full_no_validated_information,opaque_dependency_l6,tabular_online,training,opaque,reward,30,0.33554999999999996,0.06895955211271465,0.3112333333333333,0.3600333333333333,0.217,0.493
ablation,ablation,full_no_validated_information,opaque_dependency_l6,tabular_online,training,opaque,errors,30,0.0,0.0,0.0,0.0,0.0,0.0
ablation,ablation,full_no_validated_information,opaque_dependency_l6,tabular_online,training,opaque,repeats,30,0.0,0.0,0.0,0.0,0.0,0.0
ablation,ablation,full_no_validated_information,opaque_dependency_l6,tabular_online,training,opaque,prediction_score,30,0.9899944444444445,0.0005587742011924325,0.9897944444444444,0.9901916666666666,0.98875,0.9909166666666667
ablation,ablation,full_no_validated_information,opaque_dependency_l6,tabular_online,training,opaque,holdout_score,30,0.0,0.0,0.0,0.0,0.0,0.0
ablation,ablation,full_no_validated_information,opaque_dependency_l6,tabular_online,training,opaque,holdout_gain,30,0.0,0.0,0.0,0.0,0.0,0.0
ablation,ablation,full_no_validated_information,opaque_dependency_l6,tabular_online,training,opaque,imagined_nodes,30,186.45433333333332,1.3525469737099551,185.98253333333332,186.93245,184.146,189.0
ablation,ablation,full_no_validated_information,opaque_dependency_l6,tabular_online,training,opaque,imagination_depth,30,5.4443166666666665,0.024828544242371495,5.435866666666667,5.453116666666667,5.386,5.5005
ablation,ablation,full_no_validated_information,opaque_dependency_l6,tabular_online,training,opaque,actual_return,30,0.33554999999999996,0.06895955211271465,0.3123166666666667,0.3595333333333333,0.217,0.493
ablation,ablation,full_no_validated_information,opaque_dependency_l6,tabular_online,training,opaque,runtime_seconds,30,0.00585996925495856,0.00028575855917440036,0.005765596444983385,0.005964552884965087,0.005297017200049595,0.006935853499919176
ablation,ablation,full_no_validated_information,opaque_dependency_l6,tabular_online,training,opaque,real_transitions,30,6.0,0.0,6.0,6.0,6.0,6.0
ablation,ablation,full_no_validated_information,opaque_dependency_l6,tabular_online,training,opaque,imagined_transitions,30,186.45433333333332,1.3525469737099551,185.98208333333332,186.92688333333334,184.146,189.0
ablation,ablation,full_no_validated_information,opaque_dependency_l6,tabular_online,training,opaque,action_proposals,30,6.0,0.0,6.0,6.0,6.0,6.0
ablation,ablation,full_no_validated_information,opaque_dependency_l6,tabular_online,training,opaque,repeat_rate,30,0.0,0.0,0.0,0.0,0.0,0.0
ablation,ablation,full_no_validated_information,opaque_dependency_l6,tabular_online,training,opaque,error_rate,30,0.0,0.0,0.0,0.0,0.0,0.0
ablation,ablation,full_no_validated_information,opaque_dependency_l6,tabular_online,training,opaque,learning_auc,30,0.33560113390028345,0.06891625760334048,0.31129731532432886,0.35965482741370686,0.21710855427713857,0.4932466233116558
ablation,ablation,full_no_validated_information,opaque_dependency_l6,tabular_online,training,opaque,final_tail_success,30,0.49983333333333335,0.10569542557985066,0.46266666666666667,0.5365,0.31,0.705
ablation,ablation,full_no_validated_information,opaque_dependency_l6,tabular_online,training,opaque,first_success_real_transitions,30,280.4,210.84617697465512,206.6,353.4,6.0,678.0
ablation,ablation,imagination_no_validated_value,opaque_dependency_l6,tabular_online,evaluation_seen,opaque,success,30,0.0,0.0,0.0,0.0,0.0,0.0
ablation,ablation,imagination_no_validated_value,opaque_dependency_l6,tabular_online,evaluation_seen,opaque,steps,30,6.0,0.0,6.0,6.0,6.0,6.0
ablation,ablation,imagination_no_validated_value,opaque_dependency_l6,tabular_online,evaluation_seen,opaque,high_level_steps,30,6.0,0.0,6.0,6.0,6.0,6.0
ablation,ablation,imagination_no_validated_value,opaque_dependency_l6,tabular_online,evaluation_seen,opaque,primitive_steps,30,6.0,0.0,6.0,6.0,6.0,6.0
ablation,ablation,imagination_no_validated_value,opaque_dependency_l6,tabular_online,evaluation_seen,opaque,reward,30,0.0,0.0,0.0,0.0,0.0,0.0
ablation,ablation,imagination_no_validated_value,opaque_dependency_l6,tabular_online,evaluation_seen,opaque,errors,30,0.0,0.0,0.0,0.0,0.0,0.0
ablation,ablation,imagination_no_validated_value,opaque_dependency_l6,tabular_online,evaluation_seen,opaque,repeats,30,0.0,0.0,0.0,0.0,0.0,0.0
ablation,ablation,imagination_no_validated_value,opaque_dependency_l6,tabular_online,evaluation_seen,opaque,prediction_score,30,0.0,0.0,0.0,0.0,0.0,0.0
ablation,ablation,imagination_no_validated_value,opaque_dependency_l6,tabular_online,evaluation_seen,opaque,holdout_score,30,1.0,0.0,1.0,1.0,1.0,1.0
ablation,ablation,imagination_no_validated_value,opaque_dependency_l6,tabular_online,evaluation_seen,opaque,imagined_nodes,30,0.0,0.0,0.0,0.0,0.0,0.0
ablation,ablation,imagination_no_validated_value,opaque_dependency_l6,tabular_online,evaluation_seen,opaque,imagination_depth,30,0.0,0.0,0.0,0.0,0.0,0.0
ablation,ablation,imagination_no_validated_value,opaque_dependency_l6,tabular_online,evaluation_seen,opaque,actual_return,30,0.0,0.0,0.0,0.0,0.0,0.0
ablation,ablation,imagination_no_validated_value,opaque_dependency_l6,tabular_online,evaluation_seen,opaque,runtime_seconds,30,0.0035368936332427743,0.0004241530022155464,0.003388158850080799,0.0036827264831905877,0.0028302264990634285,0.004474365000060061
ablation,ablation,imagination_no_validated_value,opaque_dependency_l6,tabular_online,evaluation_seen,opaque,real_transitions,30,6.0,0.0,6.0,6.0,6.0,6.0
ablation,ablation,imagination_no_validated_value,opaque_dependency_l6,tabular_online,evaluation_seen,opaque,imagined_transitions,30,0.0,0.0,0.0,0.0,0.0,0.0
ablation,ablation,imagination_no_validated_value,opaque_dependency_l6,tabular_online,evaluation_seen,opaque,action_proposals,30,6.0,0.0,6.0,6.0,6.0,6.0
ablation,ablation,imagination_no_validated_value,opaque_dependency_l6,tabular_online,evaluation_seen,opaque,repeat_rate,30,0.0,0.0,0.0,0.0,0.0,0.0
ablation,ablation,imagination_no_validated_value,opaque_dependency_l6,tabular_online,evaluation_seen,opaque,error_rate,30,0.0,0.0,0.0,0.0,0.0,0.0
ablation,ablation,imagination_no_validated_value,opaque_dependency_l6,tabular_online,evaluation_unseen_zero_shot,opaque,success,30,0.0,0.0,0.0,0.0,0.0,0.0
ablation,ablation,imagination_no_validated_value,opaque_dependency_l6,tabular_online,evaluation_unseen_zero_shot,opaque,steps,30,6.0,0.0,6.0,6.0,6.0,6.0
ablation,ablation,imagination_no_validated_value,opaque_dependency_l6,tabular_online,evaluation_unseen_zero_shot,opaque,high_level_steps,30,6.0,0.0,6.0,6.0,6.0,6.0
ablation,ablation,imagination_no_validated_value,opaque_dependency_l6,tabular_online,evaluation_unseen_zero_shot,opaque,primitive_steps,30,6.0,0.0,6.0,6.0,6.0,6.0
ablation,ablation,imagination_no_validated_value,opaque_dependency_l6,tabular_online,evaluation_unseen_zero_shot,opaque,reward,30,0.0,0.0,0.0,0.0,0.0,0.0
ablation,ablation,imagination_no_validated_value,opaque_dependency_l6,tabular_online,evaluation_unseen_zero_shot,opaque,errors,30,0.0,0.0,0.0,0.0,0.0,0.0
ablation,ablation,imagination_no_validated_value,opaque_dependency_l6,tabular_online,evaluation_unseen_zero_shot,opaque,repeats,30,0.0,0.0,0.0,0.0,0.0,0.0
ablation,ablation,imagination_no_validated_value,opaque_dependency_l6,tabular_online,evaluation_unseen_zero_shot,opaque,prediction_score,30,0.0,0.0,0.0,0.0,0.0,0.0
ablation,ablation,imagination_no_validated_value,opaque_dependency_l6,tabular_online,evaluation_unseen_zero_shot,opaque,holdout_score,30,1.0,0.0,1.0,1.0,1.0,1.0
ablation,ablation,imagination_no_validated_value,opaque_dependency_l6,tabular_online,evaluation_unseen_zero_shot,opaque,imagined_nodes,30,0.0,0.0,0.0,0.0,0.0,0.0
ablation,ablation,imagination_no_validated_value,opaque_dependency_l6,tabular_online,evaluation_unseen_zero_shot,opaque,imagination_depth,30,0.0,0.0,0.0,0.0,0.0,0.0
ablation,ablation,imagination_no_validated_value,opaque_dependency_l6,tabular_online,evaluation_unseen_zero_shot,opaque,actual_return,30,0.0,0.0,0.0,0.0,0.0,0.0
ablation,ablation,imagination_no_validated_value,opaque_dependency_l6,tabular_online,evaluation_unseen_zero_shot,opaque,runtime_seconds,30,0.003376748916717285,0.0004010870244265857,0.00324020108312349,0.0035218678166759974,0.002834712500916794,0.0043501214985735715
ablation,ablation,imagination_no_validated_value,opaque_dependency_l6,tabular_online,evaluation_unseen_zero_shot,opaque,real_transitions,30,6.0,0.0,6.0,6.0,6.0,6.0
ablation,ablation,imagination_no_validated_value,opaque_dependency_l6,tabular_online,evaluation_unseen_zero_shot,opaque,imagined_transitions,30,0.0,0.0,0.0,0.0,0.0,0.0
ablation,ablation,imagination_no_validated_value,opaque_dependency_l6,tabular_online,evaluation_unseen_zero_shot,opaque,action_proposals,30,6.0,0.0,6.0,6.0,6.0,6.0
ablation,ablation,imagination_no_validated_value,opaque_dependency_l6,tabular_online,evaluation_unseen_zero_shot,opaque,repeat_rate,30,0.0,0.0,0.0,0.0,0.0,0.0
ablation,ablation,imagination_no_validated_value,opaque_dependency_l6,tabular_online,evaluation_unseen_zero_shot,opaque,error_rate,30,0.0,0.0,0.0,0.0,0.0,0.0
ablation,ablation,imagination_no_validated_value,opaque_dependency_l6,tabular_online,training,opaque,success,30,0.33554999999999996,0.06895955211271465,0.31151666666666666,0.36056666666666665,0.217,0.493
ablation,ablation,imagination_no_validated_value,opaque_dependency_l6,tabular_online,training,opaque,steps,30,6.0,0.0,6.0,6.0,6.0,6.0
ablation,ablation,imagination_no_validated_value,opaque_dependency_l6,tabular_online,training,opaque,high_level_steps,30,6.0,0.0,6.0,6.0,6.0,6.0
ablation,ablation,imagination_no_validated_value,opaque_dependency_l6,tabular_online,training,opaque,primitive_steps,30,6.0,0.0,6.0,6.0,6.0,6.0
ablation,ablation,imagination_no_validated_value,opaque_dependency_l6,tabular_online,training,opaque,reward,30,0.33554999999999996,0.06895955211271465,0.31165,0.3592,0.217,0.493
ablation,ablation,imagination_no_validated_value,opaque_dependency_l6,tabular_online,training,opaque,errors,30,0.0,0.0,0.0,0.0,0.0,0.0
ablation,ablation,imagination_no_validated_value,opaque_dependency_l6,tabular_online,training,opaque,repeats,30,0.0,0.0,0.0,0.0,0.0,0.0
ablation,ablation,imagination_no_validated_value,opaque_dependency_l6,tabular_online,training,opaque,prediction_score,30,0.9899944444444445,0.0005587742011924325,0.9897888888888889,0.9901916666666666,0.98875,0.9909166666666667
ablation,ablation,imagination_no_validated_value,opaque_dependency_l6,tabular_online,training,opaque,holdout_score,30,0.0,0.0,0.0,0.0,0.0,0.0
ablation,ablation,imagination_no_validated_value,opaque_dependency_l6,tabular_online,training,opaque,holdout_gain,30,0.0,0.0,0.0,0.0,0.0,0.0
ablation,ablation,imagination_no_validated_value,opaque_dependency_l6,tabular_online,training,opaque,imagined_nodes,30,186.45433333333332,1.3525469737099551,185.99931666666666,186.94458333333333,184.146,189.0
ablation,ablation,imagination_no_validated_value,opaque_dependency_l6,tabular_online,training,opaque,imagination_depth,30,5.4443166666666665,0.024828544242371495,5.435666666666666,5.453166666666666,5.386,5.5005
ablation,ablation,imagination_no_validated_value,opaque_dependency_l6,tabular_online,training,opaque,actual_return,30,0.33554999999999996,0.06895955211271465,0.31148333333333333,0.36046666666666666,0.217,0.493
ablation,ablation,imagination_no_validated_value,opaque_dependency_l6,tabular_online,training,opaque,runtime_seconds,30,0.005824977868378725,0.00027970696140789937,0.005724115296774835,0.005925910705081089,0.00515880685004231,0.0063819668000360255
ablation,ablation,imagination_no_validated_value,opaque_dependency_l6,tabular_online,training,opaque,real_transitions,30,6.0,0.0,6.0,6.0,6.0,6.0
ablation,ablation,imagination_no_validated_value,opaque_dependency_l6,tabular_online,training,opaque,imagined_transitions,30,186.45433333333332,1.3525469737099551,185.98411666666667,186.9207,184.146,189.0
ablation,ablation,imagination_no_validated_value,opaque_dependency_l6,tabular_online,training,opaque,action_proposals,30,6.0,0.0,6.0,6.0,6.0,6.0
ablation,ablation,imagination_no_validated_value,opaque_dependency_l6,tabular_online,training,opaque,repeat_rate,30,0.0,0.0,0.0,0.0,0.0,0.0
ablation,ablation,imagination_no_validated_value,opaque_dependency_l6,tabular_online,training,opaque,error_rate,30,0.0,0.0,0.0,0.0,0.0,0.0
ablation,ablation,imagination_no_validated_value,opaque_dependency_l6,tabular_online,training,opaque,learning_auc,30,0.33560113390028345,0.06891625760334048,0.3112639653159913,0.35990495247623816,0.21710855427713857,0.4932466233116558
ablation,ablation,imagination_no_validated_value,opaque_dependency_l6,tabular_online,training,opaque,final_tail_success,30,0.49983333333333335,0.10569542557985066,0.46366666666666667,0.5373333333333333,0.31,0.705
ablation,ablation,imagination_no_validated_value,opaque_dependency_l6,tabular_online,training,opaque,first_success_real_transitions,30,280.4,210.84617697465512,207.2,355.8,6.0,678.0
ablation,ablation,prophecy_no_imagination,opaque_dependency_l6,tabular_online,evaluation_seen,opaque,success,30,0.0,0.0,0.0,0.0,0.0,0.0
ablation,ablation,prophecy_no_imagination,opaque_dependency_l6,tabular_online,evaluation_seen,opaque,steps,30,6.0,0.0,6.0,6.0,6.0,6.0
ablation,ablation,prophecy_no_imagination,opaque_dependency_l6,tabular_online,evaluation_seen,opaque,high_level_steps,30,6.0,0.0,6.0,6.0,6.0,6.0
ablation,ablation,prophecy_no_imagination,opaque_dependency_l6,tabular_online,evaluation_seen,opaque,primitive_steps,30,6.0,0.0,6.0,6.0,6.0,6.0
ablation,ablation,prophecy_no_imagination,opaque_dependency_l6,tabular_online,evaluation_seen,opaque,reward,30,0.0,0.0,0.0,0.0,0.0,0.0
ablation,ablation,prophecy_no_imagination,opaque_dependency_l6,tabular_online,evaluation_seen,opaque,errors,30,0.0,0.0,0.0,0.0,0.0,0.0
ablation,ablation,prophecy_no_imagination,opaque_dependency_l6,tabular_online,evaluation_seen,opaque,repeats,30,0.0,0.0,0.0,0.0,0.0,0.0
ablation,ablation,prophecy_no_imagination,opaque_dependency_l6,tabular_online,evaluation_seen,opaque,prediction_score,30,0.0,0.0,0.0,0.0,0.0,0.0
ablation,ablation,prophecy_no_imagination,opaque_dependency_l6,tabular_online,evaluation_seen,opaque,holdout_score,30,1.0,0.0,1.0,1.0,1.0,1.0
ablation,ablation,prophecy_no_imagination,opaque_dependency_l6,tabular_online,evaluation_seen,opaque,imagined_nodes,30,0.0,0.0,0.0,0.0,0.0,0.0
ablation,ablation,prophecy_no_imagination,opaque_dependency_l6,tabular_online,evaluation_seen,opaque,imagination_depth,30,0.0,0.0,0.0,0.0,0.0,0.0
ablation,ablation,prophecy_no_imagination,opaque_dependency_l6,tabular_online,evaluation_seen,opaque,actual_return,30,0.0,0.0,0.0,0.0,0.0,0.0
ablation,ablation,prophecy_no_imagination,opaque_dependency_l6,tabular_online,evaluation_seen,opaque,runtime_seconds,30,0.003405727000266779,0.00036840615291377197,0.003276508866760802,0.003532685900320454,0.002757805499859387,0.003947451001877198
ablation,ablation,prophecy_no_imagination,opaque_dependency_l6,tabular_online,evaluation_seen,opaque,real_transitions,30,6.0,0.0,6.0,6.0,6.0,6.0
ablation,ablation,prophecy_no_imagination,opaque_dependency_l6,tabular_online,evaluation_seen,opaque,imagined_transitions,30,0.0,0.0,0.0,0.0,0.0,0.0
ablation,ablation,prophecy_no_imagination,opaque_dependency_l6,tabular_online,evaluation_seen,opaque,action_proposals,30,6.0,0.0,6.0,6.0,6.0,6.0
ablation,ablation,prophecy_no_imagination,opaque_dependency_l6,tabular_online,evaluation_seen,opaque,repeat_rate,30,0.0,0.0,0.0,0.0,0.0,0.0
ablation,ablation,prophecy_no_imagination,opaque_dependency_l6,tabular_online,evaluation_seen,opaque,error_rate,30,0.0,0.0,0.0,0.0,0.0,0.0
ablation,ablation,prophecy_no_imagination,opaque_dependency_l6,tabular_online,evaluation_unseen_zero_shot,opaque,success,30,0.0,0.0,0.0,0.0,0.0,0.0
ablation,ablation,prophecy_no_imagination,opaque_dependency_l6,tabular_online,evaluation_unseen_zero_shot,opaque,steps,30,6.0,0.0,6.0,6.0,6.0,6.0
ablation,ablation,prophecy_no_imagination,opaque_dependency_l6,tabular_online,evaluation_unseen_zero_shot,opaque,high_level_steps,30,6.0,0.0,6.0,6.0,6.0,6.0
ablation,ablation,prophecy_no_imagination,opaque_dependency_l6,tabular_online,evaluation_unseen_zero_shot,opaque,primitive_steps,30,6.0,0.0,6.0,6.0,6.0,6.0
ablation,ablation,prophecy_no_imagination,opaque_dependency_l6,tabular_online,evaluation_unseen_zero_shot,opaque,reward,30,0.0,0.0,0.0,0.0,0.0,0.0
ablation,ablation,prophecy_no_imagination,opaque_dependency_l6,tabular_online,evaluation_unseen_zero_shot,opaque,errors,30,0.0,0.0,0.0,0.0,0.0,0.0
ablation,ablation,prophecy_no_imagination,opaque_dependency_l6,tabular_online,evaluation_unseen_zero_shot,opaque,repeats,30,0.0,0.0,0.0,0.0,0.0,0.0
ablation,ablation,prophecy_no_imagination,opaque_dependency_l6,tabular_online,evaluation_unseen_zero_shot,opaque,prediction_score,30,0.0,0.0,0.0,0.0,0.0,0.0
ablation,ablation,prophecy_no_imagination,opaque_dependency_l6,tabular_online,evaluation_unseen_zero_shot,opaque,holdout_score,30,1.0,0.0,1.0,1.0,1.0,1.0
ablation,ablation,prophecy_no_imagination,opaque_dependency_l6,tabular_online,evaluation_unseen_zero_shot,opaque,imagined_nodes,30,0.0,0.0,0.0,0.0,0.0,0.0
ablation,ablation,prophecy_no_imagination,opaque_dependency_l6,tabular_online,evaluation_unseen_zero_shot,opaque,imagination_depth,30,0.0,0.0,0.0,0.0,0.0,0.0
ablation,ablation,prophecy_no_imagination,opaque_dependency_l6,tabular_online,evaluation_unseen_zero_shot,opaque,actual_return,30,0.0,0.0,0.0,0.0,0.0,0.0
ablation,ablation,prophecy_no_imagination,opaque_dependency_l6,tabular_online,evaluation_unseen_zero_shot,opaque,runtime_seconds,30,0.003275758416891525,0.00040730607799000244,0.00313969128364018,0.003426520299957095,0.0027771830005804076,0.0039189495002210605
ablation,ablation,prophecy_no_imagination,opaque_dependency_l6,tabular_online,evaluation_unseen_zero_shot,opaque,real_transitions,30,6.0,0.0,6.0,6.0,6.0,6.0
ablation,ablation,prophecy_no_imagination,opaque_dependency_l6,tabular_online,evaluation_unseen_zero_shot,opaque,imagined_transitions,30,0.0,0.0,0.0,0.0,0.0,0.0
ablation,ablation,prophecy_no_imagination,opaque_dependency_l6,tabular_online,evaluation_unseen_zero_shot,opaque,action_proposals,30,6.0,0.0,6.0,6.0,6.0,6.0
ablation,ablation,prophecy_no_imagination,opaque_dependency_l6,tabular_online,evaluation_unseen_zero_shot,opaque,repeat_rate,30,0.0,0.0,0.0,0.0,0.0,0.0
ablation,ablation,prophecy_no_imagination,opaque_dependency_l6,tabular_online,evaluation_unseen_zero_shot,opaque,error_rate,30,0.0,0.0,0.0,0.0,0.0,0.0
ablation,ablation,prophecy_no_imagination,opaque_dependency_l6,tabular_online,training,opaque,success,30,0.4724833333333333,0.07137135561483228,0.44653333333333334,0.49835,0.35,0.5735
ablation,ablation,prophecy_no_imagination,opaque_dependency_l6,tabular_online,training,opaque,steps,30,6.0,0.0,6.0,6.0,6.0,6.0
ablation,ablation,prophecy_no_imagination,opaque_dependency_l6,tabular_online,training,opaque,high_level_steps,30,6.0,0.0,6.0,6.0,6.0,6.0
ablation,ablation,prophecy_no_imagination,opaque_dependency_l6,tabular_online,training,opaque,primitive_steps,30,6.0,0.0,6.0,6.0,6.0,6.0
ablation,ablation,prophecy_no_imagination,opaque_dependency_l6,tabular_online,training,opaque,reward,30,0.4724833333333333,0.07137135561483228,0.44706666666666667,0.4972333333333333,0.35,0.5735
ablation,ablation,prophecy_no_imagination,opaque_dependency_l6,tabular_online,training,opaque,errors,30,0.0,0.0,0.0,0.0,0.0,0.0
ablation,ablation,prophecy_no_imagination,opaque_dependency_l6,tabular_online,training,opaque,repeats,30,0.0,0.0,0.0,0.0,0.0,0.0
ablation,ablation,prophecy_no_imagination,opaque_dependency_l6,tabular_online,training,opaque,prediction_score,30,0.9899944444444445,0.0005587742011924325,0.9898027777777778,0.9901888888888889,0.98875,0.9909166666666667
ablation,ablation,prophecy_no_imagination,opaque_dependency_l6,tabular_online,training,opaque,holdout_score,30,0.12354595175287926,0.00021976011280834515,0.12346789304671095,0.12362122683197985,0.12305159026929598,0.1239719795736979
ablation,ablation,prophecy_no_imagination,opaque_dependency_l6,tabular_online,training,opaque,holdout_gain,30,6.3778436010959445e-06,4.876738246617554e-06,4.703142754320289e-06,8.093711647553292e-06,0.0,1.7361111111111104e-05
ablation,ablation,prophecy_no_imagination,opaque_dependency_l6,tabular_online,training,opaque,imagined_nodes,30,0.0,0.0,0.0,0.0,0.0,0.0
ablation,ablation,prophecy_no_imagination,opaque_dependency_l6,tabular_online,training,opaque,imagination_depth,30,0.0,0.0,0.0,0.0,0.0,0.0
ablation,ablation,prophecy_no_imagination,opaque_dependency_l6,tabular_online,training,opaque,actual_return,30,0.4724833333333333,0.07137135561483228,0.44731666666666664,0.4981333333333334,0.35,0.5735
ablation,ablation,prophecy_no_imagination,opaque_dependency_l6,tabular_online,training,opaque,runtime_seconds,30,0.0012584974617260742,9.402889055702469e-05,0.0012228660250815059,0.0012903983633514144,0.0010985550001641968,0.0014160737004422117
ablation,ablation,prophecy_no_imagination,opaque_dependency_l6,tabular_online,training,opaque,real_transitions,30,6.0,0.0,6.0,6.0,6.0,6.0
ablation,ablation,prophecy_no_imagination,opaque_dependency_l6,tabular_online,training,opaque,imagined_transitions,30,0.0,0.0,0.0,0.0,0.0,0.0
ablation,ablation,prophecy_no_imagination,opaque_dependency_l6,tabular_online,training,opaque,action_proposals,30,6.0,0.0,6.0,6.0,6.0,6.0
ablation,ablation,prophecy_no_imagination,opaque_dependency_l6,tabular_online,training,opaque,repeat_rate,30,0.0,0.0,0.0,0.0,0.0,0.0
ablation,ablation,prophecy_no_imagination,opaque_dependency_l6,tabular_online,training,opaque,error_rate,30,0.0,0.0,0.0,0.0,0.0,0.0
ablation,ablation,prophecy_no_imagination,opaque_dependency_l6,tabular_online,training,opaque,learning_auc,30,0.4725862931465733,0.07133096566163788,0.44781557445389364,0.49773219943304986,0.3501750875437719,0.5735367683841921
ablation,ablation,prophecy_no_imagination,opaque_dependency_l6,tabular_online,training,opaque,final_tail_success,30,0.753,0.10258385972394521,0.7163333333333334,0.7895,0.525,0.91
ablation,ablation,prophecy_no_imagination,opaque_dependency_l6,tabular_online,training,opaque,first_success_real_transitions,30,416.2,508.18577922537,256.6,605.2,6.0,1998.0
autonomy,autonomy,contextual_policy,opaque_dependency_l4,none,evaluation_seen,opaque,success,30,0.0,0.0,0.0,0.0,0.0,0.0
autonomy,autonomy,contextual_policy,opaque_dependency_l4,none,evaluation_seen,opaque,steps,30,4.0,0.0,4.0,4.0,4.0,4.0
autonomy,autonomy,contextual_policy,opaque_dependency_l4,none,evaluation_seen,opaque,high_level_steps,30,4.0,0.0,4.0,4.0,4.0,4.0
autonomy,autonomy,contextual_policy,opaque_dependency_l4,none,evaluation_seen,opaque,primitive_steps,30,4.0,0.0,4.0,4.0,4.0,4.0
autonomy,autonomy,contextual_policy,opaque_dependency_l4,none,evaluation_seen,opaque,reward,30,0.0,0.0,0.0,0.0,0.0,0.0
autonomy,autonomy,contextual_policy,opaque_dependency_l4,none,evaluation_seen,opaque,errors,30,0.0,0.0,0.0,0.0,0.0,0.0
autonomy,autonomy,contextual_policy,opaque_dependency_l4,none,evaluation_seen,opaque,repeats,30,0.0,0.0,0.0,0.0,0.0,0.0
autonomy,autonomy,contextual_policy,opaque_dependency_l4,none,evaluation_seen,opaque,prediction_score,30,0.0,0.0,0.0,0.0,0.0,0.0
autonomy,autonomy,contextual_policy,opaque_dependency_l4,none,evaluation_seen,opaque,holdout_score,30,0.0,0.0,0.0,0.0,0.0,0.0
autonomy,autonomy,contextual_policy,opaque_dependency_l4,none,evaluation_seen,opaque,imagined_nodes,30,0.0,0.0,0.0,0.0,0.0,0.0
autonomy,autonomy,contextual_policy,opaque_dependency_l4,none,evaluation_seen,opaque,imagination_depth,30,0.0,0.0,0.0,0.0,0.0,0.0
autonomy,autonomy,contextual_policy,opaque_dependency_l4,none,evaluation_seen,opaque,actual_return,30,0.0,0.0,0.0,0.0,0.0,0.0
autonomy,autonomy,contextual_policy,opaque_dependency_l4,none,evaluation_seen,opaque,runtime_seconds,30,0.001973741316459685,0.0001868154965041363,0.0019059036170656326,0.0020365633994661038,0.0016848989983554929,0.0022463199986668767
autonomy,autonomy,contextual_policy,opaque_dependency_l4,none,evaluation_seen,opaque,real_transitions,30,4.0,0.0,4.0,4.0,4.0,4.0
autonomy,autonomy,contextual_policy,opaque_dependency_l4,none,evaluation_seen,opaque,imagined_transitions,30,0.0,0.0,0.0,0.0,0.0,0.0
autonomy,autonomy,contextual_policy,opaque_dependency_l4,none,evaluation_seen,opaque,action_proposals,30,4.0,0.0,4.0,4.0,4.0,4.0
autonomy,autonomy,contextual_policy,opaque_dependency_l4,none,evaluation_seen,opaque,repeat_rate,30,0.0,0.0,0.0,0.0,0.0,0.0
autonomy,autonomy,contextual_policy,opaque_dependency_l4,none,evaluation_seen,opaque,error_rate,30,0.0,0.0,0.0,0.0,0.0,0.0
autonomy,autonomy,contextual_policy,opaque_dependency_l4,none,evaluation_unseen_zero_shot,opaque,success,30,0.0,0.0,0.0,0.0,0.0,0.0
autonomy,autonomy,contextual_policy,opaque_dependency_l4,none,evaluation_unseen_zero_shot,opaque,steps,30,4.0,0.0,4.0,4.0,4.0,4.0
autonomy,autonomy,contextual_policy,opaque_dependency_l4,none,evaluation_unseen_zero_shot,opaque,high_level_steps,30,4.0,0.0,4.0,4.0,4.0,4.0
autonomy,autonomy,contextual_policy,opaque_dependency_l4,none,evaluation_unseen_zero_shot,opaque,primitive_steps,30,4.0,0.0,4.0,4.0,4.0,4.0
autonomy,autonomy,contextual_policy,opaque_dependency_l4,none,evaluation_unseen_zero_shot,opaque,reward,30,0.0,0.0,0.0,0.0,0.0,0.0
autonomy,autonomy,contextual_policy,opaque_dependency_l4,none,evaluation_unseen_zero_shot,opaque,errors,30,0.0,0.0,0.0,0.0,0.0,0.0
autonomy,autonomy,contextual_policy,opaque_dependency_l4,none,evaluation_unseen_zero_shot,opaque,repeats,30,0.0,0.0,0.0,0.0,0.0,0.0
autonomy,autonomy,contextual_policy,opaque_dependency_l4,none,evaluation_unseen_zero_shot,opaque,prediction_score,30,0.0,0.0,0.0,0.0,0.0,0.0
autonomy,autonomy,contextual_policy,opaque_dependency_l4,none,evaluation_unseen_zero_shot,opaque,holdout_score,30,0.0,0.0,0.0,0.0,0.0,0.0
autonomy,autonomy,contextual_policy,opaque_dependency_l4,none,evaluation_unseen_zero_shot,opaque,imagined_nodes,30,0.0,0.0,0.0,0.0,0.0,0.0
autonomy,autonomy,contextual_policy,opaque_dependency_l4,none,evaluation_unseen_zero_shot,opaque,imagination_depth,30,0.0,0.0,0.0,0.0,0.0,0.0
autonomy,autonomy,contextual_policy,opaque_dependency_l4,none,evaluation_unseen_zero_shot,opaque,actual_return,30,0.0,0.0,0.0,0.0,0.0,0.0
autonomy,autonomy,contextual_policy,opaque_dependency_l4,none,evaluation_unseen_zero_shot,opaque,runtime_seconds,30,0.0019656730832454438,0.00023153709687744232,0.0018834205667177836,0.0020464966330231015,0.001522652501007542,0.0024555764989054297
autonomy,autonomy,contextual_policy,opaque_dependency_l4,none,evaluation_unseen_zero_shot,opaque,real_transitions,30,4.0,0.0,4.0,4.0,4.0,4.0
autonomy,autonomy,contextual_policy,opaque_dependency_l4,none,evaluation_unseen_zero_shot,opaque,imagined_transitions,30,0.0,0.0,0.0,0.0,0.0,0.0
autonomy,autonomy,contextual_policy,opaque_dependency_l4,none,evaluation_unseen_zero_shot,opaque,action_proposals,30,4.0,0.0,4.0,4.0,4.0,4.0
autonomy,autonomy,contextual_policy,opaque_dependency_l4,none,evaluation_unseen_zero_shot,opaque,repeat_rate,30,0.0,0.0,0.0,0.0,0.0,0.0
autonomy,autonomy,contextual_policy,opaque_dependency_l4,none,evaluation_unseen_zero_shot,opaque,error_rate,30,0.0,0.0,0.0,0.0,0.0,0.0
autonomy,autonomy,contextual_policy,opaque_dependency_l4,none,training,opaque,success,30,0.6542666666666667,0.011666141203273384,0.6501,0.6584666666666668,0.63,0.6735
autonomy,autonomy,contextual_policy,opaque_dependency_l4,none,training,opaque,steps,30,4.0,0.0,4.0,4.0,4.0,4.0
autonomy,autonomy,contextual_policy,opaque_dependency_l4,none,training,opaque,high_level_steps,30,4.0,0.0,4.0,4.0,4.0,4.0
autonomy,autonomy,contextual_policy,opaque_dependency_l4,none,training,opaque,primitive_steps,30,4.0,0.0,4.0,4.0,4.0,4.0
autonomy,autonomy,contextual_policy,opaque_dependency_l4,none,training,opaque,reward,30,0.6542666666666667,0.011666141203273384,0.6501666666666667,0.6584,0.63,0.6735
autonomy,autonomy,contextual_policy,opaque_dependency_l4,none,training,opaque,errors,30,0.0,0.0,0.0,0.0,0.0,0.0
autonomy,autonomy,contextual_policy,opaque_dependency_l4,none,training,opaque,repeats,30,0.0,0.0,0.0,0.0,0.0,0.0
autonomy,autonomy,contextual_policy,opaque_dependency_l4,none,training,opaque,prediction_score,30,0.0,0.0,0.0,0.0,0.0,0.0
autonomy,autonomy,contextual_policy,opaque_dependency_l4,none,training,opaque,holdout_score,30,0.0,0.0,0.0,0.0,0.0,0.0
autonomy,autonomy,contextual_policy,opaque_dependency_l4,none,training,opaque,holdout_gain,30,0.0,0.0,0.0,0.0,0.0,0.0
autonomy,autonomy,contextual_policy,opaque_dependency_l4,none,training,opaque,imagined_nodes,30,0.0,0.0,0.0,0.0,0.0,0.0
autonomy,autonomy,contextual_policy,opaque_dependency_l4,none,training,opaque,imagination_depth,30,0.0,0.0,0.0,0.0,0.0,0.0
autonomy,autonomy,contextual_policy,opaque_dependency_l4,none,training,opaque,actual_return,30,0.6542666666666667,0.011666141203273384,0.65015,0.6584,0.63,0.6735
autonomy,autonomy,contextual_policy,opaque_dependency_l4,none,training,opaque,runtime_seconds,30,0.00027079407000370946,1.998360363680788e-05,0.0002636343367402636,0.00027765979167064265,0.0002274353499233257,0.000307498999973177
autonomy,autonomy,contextual_policy,opaque_dependency_l4,none,training,opaque,real_transitions,30,4.0,0.0,4.0,4.0,4.0,4.0
autonomy,autonomy,contextual_policy,opaque_dependency_l4,none,training,opaque,imagined_transitions,30,0.0,0.0,0.0,0.0,0.0,0.0
autonomy,autonomy,contextual_policy,opaque_dependency_l4,none,training,opaque,action_proposals,30,4.0,0.0,4.0,4.0,4.0,4.0
autonomy,autonomy,contextual_policy,opaque_dependency_l4,none,training,opaque,repeat_rate,30,0.0,0.0,0.0,0.0,0.0,0.0
autonomy,autonomy,contextual_policy,opaque_dependency_l4,none,training,opaque,error_rate,30,0.0,0.0,0.0,0.0,0.0,0.0
autonomy,autonomy,contextual_policy,opaque_dependency_l4,none,training,opaque,learning_auc,30,0.6543688510922128,0.011657209189754292,0.650200100050025,0.658412539603135,0.6300650325162581,0.6735867933966984
autonomy,autonomy,contextual_policy,opaque_dependency_l4,none,training,opaque,final_tail_success,30,0.9113333333333333,0.012312968586100547,0.907,0.9155,0.89,0.94
autonomy,autonomy,contextual_policy,opaque_dependency_l4,none,training,opaque,first_success_real_transitions,30,76.0,76.44515726300467,50.53333333333333,104.4,8.0,316.0
autonomy,autonomy,contextual_policy,opaque_dependency_l6,none,evaluation_seen,opaque,success,30,0.0,0.0,0.0,0.0,0.0,0.0
autonomy,autonomy,contextual_policy,opaque_dependency_l6,none,evaluation_seen,opaque,steps,30,6.0,0.0,6.0,6.0,6.0,6.0
autonomy,autonomy,contextual_policy,opaque_dependency_l6,none,evaluation_seen,opaque,high_level_steps,30,6.0,0.0,6.0,6.0,6.0,6.0
autonomy,autonomy,contextual_policy,opaque_dependency_l6,none,evaluation_seen,opaque,primitive_steps,30,6.0,0.0,6.0,6.0,6.0,6.0
autonomy,autonomy,contextual_policy,opaque_dependency_l6,none,evaluation_seen,opaque,reward,30,0.0,0.0,0.0,0.0,0.0,0.0
autonomy,autonomy,contextual_policy,opaque_dependency_l6,none,evaluation_seen,opaque,errors,30,0.0,0.0,0.0,0.0,0.0,0.0
autonomy,autonomy,contextual_policy,opaque_dependency_l6,none,evaluation_seen,opaque,repeats,30,0.0,0.0,0.0,0.0,0.0,0.0
autonomy,autonomy,contextual_policy,opaque_dependency_l6,none,evaluation_seen,opaque,prediction_score,30,0.0,0.0,0.0,0.0,0.0,0.0
autonomy,autonomy,contextual_policy,opaque_dependency_l6,none,evaluation_seen,opaque,holdout_score,30,0.0,0.0,0.0,0.0,0.0,0.0
autonomy,autonomy,contextual_policy,opaque_dependency_l6,none,evaluation_seen,opaque,imagined_nodes,30,0.0,0.0,0.0,0.0,0.0,0.0
autonomy,autonomy,contextual_policy,opaque_dependency_l6,none,evaluation_seen,opaque,imagination_depth,30,0.0,0.0,0.0,0.0,0.0,0.0
autonomy,autonomy,contextual_policy,opaque_dependency_l6,none,evaluation_seen,opaque,actual_return,30,0.0,0.0,0.0,0.0,0.0,0.0
autonomy,autonomy,contextual_policy,opaque_dependency_l6,none,evaluation_seen,opaque,runtime_seconds,30,0.0033659248834834823,0.00030851791698756814,0.0032580390502601705,0.0034759434832958504,0.0027914745008456522,0.0042857934994390235
autonomy,autonomy,contextual_policy,opaque_dependency_l6,none,evaluation_seen,opaque,real_transitions,30,6.0,0.0,6.0,6.0,6.0,6.0
autonomy,autonomy,contextual_policy,opaque_dependency_l6,none,evaluation_seen,opaque,imagined_transitions,30,0.0,0.0,0.0,0.0,0.0,0.0
autonomy,autonomy,contextual_policy,opaque_dependency_l6,none,evaluation_seen,opaque,action_proposals,30,6.0,0.0,6.0,6.0,6.0,6.0
autonomy,autonomy,contextual_policy,opaque_dependency_l6,none,evaluation_seen,opaque,repeat_rate,30,0.0,0.0,0.0,0.0,0.0,0.0
autonomy,autonomy,contextual_policy,opaque_dependency_l6,none,evaluation_seen,opaque,error_rate,30,0.0,0.0,0.0,0.0,0.0,0.0
autonomy,autonomy,contextual_policy,opaque_dependency_l6,none,evaluation_unseen_zero_shot,opaque,success,30,0.0,0.0,0.0,0.0,0.0,0.0
autonomy,autonomy,contextual_policy,opaque_dependency_l6,none,evaluation_unseen_zero_shot,opaque,steps,30,6.0,0.0,6.0,6.0,6.0,6.0
autonomy,autonomy,contextual_policy,opaque_dependency_l6,none,evaluation_unseen_zero_shot,opaque,high_level_steps,30,6.0,0.0,6.0,6.0,6.0,6.0
autonomy,autonomy,contextual_policy,opaque_dependency_l6,none,evaluation_unseen_zero_shot,opaque,primitive_steps,30,6.0,0.0,6.0,6.0,6.0,6.0
autonomy,autonomy,contextual_policy,opaque_dependency_l6,none,evaluation_unseen_zero_shot,opaque,reward,30,0.0,0.0,0.0,0.0,0.0,0.0
autonomy,autonomy,contextual_policy,opaque_dependency_l6,none,evaluation_unseen_zero_shot,opaque,errors,30,0.0,0.0,0.0,0.0,0.0,0.0
autonomy,autonomy,contextual_policy,opaque_dependency_l6,none,evaluation_unseen_zero_shot,opaque,repeats,30,0.0,0.0,0.0,0.0,0.0,0.0
autonomy,autonomy,contextual_policy,opaque_dependency_l6,none,evaluation_unseen_zero_shot,opaque,prediction_score,30,0.0,0.0,0.0,0.0,0.0,0.0
autonomy,autonomy,contextual_policy,opaque_dependency_l6,none,evaluation_unseen_zero_shot,opaque,holdout_score,30,0.0,0.0,0.0,0.0,0.0,0.0
autonomy,autonomy,contextual_policy,opaque_dependency_l6,none,evaluation_unseen_zero_shot,opaque,imagined_nodes,30,0.0,0.0,0.0,0.0,0.0,0.0
autonomy,autonomy,contextual_policy,opaque_dependency_l6,none,evaluation_unseen_zero_shot,opaque,imagination_depth,30,0.0,0.0,0.0,0.0,0.0,0.0
autonomy,autonomy,contextual_policy,opaque_dependency_l6,none,evaluation_unseen_zero_shot,opaque,actual_return,30,0.0,0.0,0.0,0.0,0.0,0.0
autonomy,autonomy,contextual_policy,opaque_dependency_l6,none,evaluation_unseen_zero_shot,opaque,runtime_seconds,30,0.0033112556001675935,0.00025458433331076704,0.003219027816861247,0.003401681283285143,0.002873168501391774,0.003899159499560483
autonomy,autonomy,contextual_policy,opaque_dependency_l6,none,evaluation_unseen_zero_shot,opaque,real_transitions,30,6.0,0.0,6.0,6.0,6.0,6.0
autonomy,autonomy,contextual_policy,opaque_dependency_l6,none,evaluation_unseen_zero_shot,opaque,imagined_transitions,30,0.0,0.0,0.0,0.0,0.0,0.0
autonomy,autonomy,contextual_policy,opaque_dependency_l6,none,evaluation_unseen_zero_shot,opaque,action_proposals,30,6.0,0.0,6.0,6.0,6.0,6.0
autonomy,autonomy,contextual_policy,opaque_dependency_l6,none,evaluation_unseen_zero_shot,opaque,repeat_rate,30,0.0,0.0,0.0,0.0,0.0,0.0
autonomy,autonomy,contextual_policy,opaque_dependency_l6,none,evaluation_unseen_zero_shot,opaque,error_rate,30,0.0,0.0,0.0,0.0,0.0,0.0
autonomy,autonomy,contextual_policy,opaque_dependency_l6,none,training,opaque,success,30,0.4351333333333333,0.05839120938406168,0.4139666666666667,0.45559999999999995,0.332,0.5485
autonomy,autonomy,contextual_policy,opaque_dependency_l6,none,training,opaque,steps,30,6.0,0.0,6.0,6.0,6.0,6.0
autonomy,autonomy,contextual_policy,opaque_dependency_l6,none,training,opaque,high_level_steps,30,6.0,0.0,6.0,6.0,6.0,6.0
autonomy,autonomy,contextual_policy,opaque_dependency_l6,none,training,opaque,primitive_steps,30,6.0,0.0,6.0,6.0,6.0,6.0
autonomy,autonomy,contextual_policy,opaque_dependency_l6,none,training,opaque,reward,30,0.4351333333333333,0.05839120938406168,0.41445000000000004,0.45526666666666665,0.332,0.5485
autonomy,autonomy,contextual_policy,opaque_dependency_l6,none,training,opaque,errors,30,0.0,0.0,0.0,0.0,0.0,0.0
autonomy,autonomy,contextual_policy,opaque_dependency_l6,none,training,opaque,repeats,30,0.0,0.0,0.0,0.0,0.0,0.0
autonomy,autonomy,contextual_policy,opaque_dependency_l6,none,training,opaque,prediction_score,30,0.0,0.0,0.0,0.0,0.0,0.0
autonomy,autonomy,contextual_policy,opaque_dependency_l6,none,training,opaque,holdout_score,30,0.0,0.0,0.0,0.0,0.0,0.0
autonomy,autonomy,contextual_policy,opaque_dependency_l6,none,training,opaque,holdout_gain,30,0.0,0.0,0.0,0.0,0.0,0.0
autonomy,autonomy,contextual_policy,opaque_dependency_l6,none,training,opaque,imagined_nodes,30,0.0,0.0,0.0,0.0,0.0,0.0
autonomy,autonomy,contextual_policy,opaque_dependency_l6,none,training,opaque,imagination_depth,30,0.0,0.0,0.0,0.0,0.0,0.0
autonomy,autonomy,contextual_policy,opaque_dependency_l6,none,training,opaque,actual_return,30,0.4351333333333333,0.05839120938406168,0.41545,0.4560833333333333,0.332,0.5485
autonomy,autonomy,contextual_policy,opaque_dependency_l6,none,training,opaque,runtime_seconds,30,0.00044002896493863466,3.357832504191207e-05,0.0004287660065635767,0.00045156028003208725,0.0003735328500188189,0.0005176025997789111
autonomy,autonomy,contextual_policy,opaque_dependency_l6,none,training,opaque,real_transitions,30,6.0,0.0,6.0,6.0,6.0,6.0
autonomy,autonomy,contextual_policy,opaque_dependency_l6,none,training,opaque,imagined_transitions,30,0.0,0.0,0.0,0.0,0.0,0.0
autonomy,autonomy,contextual_policy,opaque_dependency_l6,none,training,opaque,action_proposals,30,6.0,0.0,6.0,6.0,6.0,6.0
autonomy,autonomy,contextual_policy,opaque_dependency_l6,none,training,opaque,repeat_rate,30,0.0,0.0,0.0,0.0,0.0,0.0
autonomy,autonomy,contextual_policy,opaque_dependency_l6,none,training,opaque,error_rate,30,0.0,0.0,0.0,0.0,0.0,0.0
autonomy,autonomy,contextual_policy,opaque_dependency_l6,none,training,opaque,learning_auc,30,0.43520093380023345,0.05841987306198184,0.41461564115391025,0.4555694513923629,0.3319159579789895,0.5485242621310655
autonomy,autonomy,contextual_policy,opaque_dependency_l6,none,training,opaque,final_tail_success,30,0.7095,0.0829140602027807,0.6816666666666666,0.7394999999999999,0.555,0.885
autonomy,autonomy,contextual_policy,opaque_dependency_l6,none,training,opaque,first_success_real_transitions,30,320.8,329.82779205790575,215.0,441.2,36.0,1314.0
autonomy,autonomy,contextual_policy,opaque_dependency_l8,none,evaluation_seen,opaque,success,30,0.0,0.0,0.0,0.0,0.0,0.0
autonomy,autonomy,contextual_policy,opaque_dependency_l8,none,evaluation_seen,opaque,steps,30,8.0,0.0,8.0,8.0,8.0,8.0
autonomy,autonomy,contextual_policy,opaque_dependency_l8,none,evaluation_seen,opaque,high_level_steps,30,8.0,0.0,8.0,8.0,8.0,8.0
autonomy,autonomy,contextual_policy,opaque_dependency_l8,none,evaluation_seen,opaque,primitive_steps,30,8.0,0.0,8.0,8.0,8.0,8.0
autonomy,autonomy,contextual_policy,opaque_dependency_l8,none,evaluation_seen,opaque,reward,30,0.0,0.0,0.0,0.0,0.0,0.0
autonomy,autonomy,contextual_policy,opaque_dependency_l8,none,evaluation_seen,opaque,errors,30,0.0,0.0,0.0,0.0,0.0,0.0
autonomy,autonomy,contextual_policy,opaque_dependency_l8,none,evaluation_seen,opaque,repeats,30,0.0,0.0,0.0,0.0,0.0,0.0
autonomy,autonomy,contextual_policy,opaque_dependency_l8,none,evaluation_seen,opaque,prediction_score,30,0.0,0.0,0.0,0.0,0.0,0.0
autonomy,autonomy,contextual_policy,opaque_dependency_l8,none,evaluation_seen,opaque,holdout_score,30,0.0,0.0,0.0,0.0,0.0,0.0
autonomy,autonomy,contextual_policy,opaque_dependency_l8,none,evaluation_seen,opaque,imagined_nodes,30,0.0,0.0,0.0,0.0,0.0,0.0
autonomy,autonomy,contextual_policy,opaque_dependency_l8,none,evaluation_seen,opaque,imagination_depth,30,0.0,0.0,0.0,0.0,0.0,0.0
autonomy,autonomy,contextual_policy,opaque_dependency_l8,none,evaluation_seen,opaque,actual_return,30,0.0,0.0,0.0,0.0,0.0,0.0
autonomy,autonomy,contextual_policy,opaque_dependency_l8,none,evaluation_seen,opaque,runtime_seconds,30,0.00488316286674429,0.0003472766280234146,0.004763770233640874,0.005005035749917927,0.004184657500591129,0.005534999498340767
autonomy,autonomy,contextual_policy,opaque_dependency_l8,none,evaluation_seen,opaque,real_transitions,30,8.0,0.0,8.0,8.0,8.0,8.0
autonomy,autonomy,contextual_policy,opaque_dependency_l8,none,evaluation_seen,opaque,imagined_transitions,30,0.0,0.0,0.0,0.0,0.0,0.0
autonomy,autonomy,contextual_policy,opaque_dependency_l8,none,evaluation_seen,opaque,action_proposals,30,8.0,0.0,8.0,8.0,8.0,8.0
autonomy,autonomy,contextual_policy,opaque_dependency_l8,none,evaluation_seen,opaque,repeat_rate,30,0.0,0.0,0.0,0.0,0.0,0.0
autonomy,autonomy,contextual_policy,opaque_dependency_l8,none,evaluation_seen,opaque,error_rate,30,0.0,0.0,0.0,0.0,0.0,0.0
autonomy,autonomy,contextual_policy,opaque_dependency_l8,none,evaluation_unseen_zero_shot,opaque,success,30,0.0,0.0,0.0,0.0,0.0,0.0
autonomy,autonomy,contextual_policy,opaque_dependency_l8,none,evaluation_unseen_zero_shot,opaque,steps,30,8.0,0.0,8.0,8.0,8.0,8.0
autonomy,autonomy,contextual_policy,opaque_dependency_l8,none,evaluation_unseen_zero_shot,opaque,high_level_steps,30,8.0,0.0,8.0,8.0,8.0,8.0
autonomy,autonomy,contextual_policy,opaque_dependency_l8,none,evaluation_unseen_zero_shot,opaque,primitive_steps,30,8.0,0.0,8.0,8.0,8.0,8.0
autonomy,autonomy,contextual_policy,opaque_dependency_l8,none,evaluation_unseen_zero_shot,opaque,reward,30,0.0,0.0,0.0,0.0,0.0,0.0
autonomy,autonomy,contextual_policy,opaque_dependency_l8,none,evaluation_unseen_zero_shot,opaque,errors,30,0.0,0.0,0.0,0.0,0.0,0.0
autonomy,autonomy,contextual_policy,opaque_dependency_l8,none,evaluation_unseen_zero_shot,opaque,repeats,30,0.0,0.0,0.0,0.0,0.0,0.0
autonomy,autonomy,contextual_policy,opaque_dependency_l8,none,evaluation_unseen_zero_shot,opaque,prediction_score,30,0.0,0.0,0.0,0.0,0.0,0.0
autonomy,autonomy,contextual_policy,opaque_dependency_l8,none,evaluation_unseen_zero_shot,opaque,holdout_score,30,0.0,0.0,0.0,0.0,0.0,0.0
autonomy,autonomy,contextual_policy,opaque_dependency_l8,none,evaluation_unseen_zero_shot,opaque,imagined_nodes,30,0.0,0.0,0.0,0.0,0.0,0.0
autonomy,autonomy,contextual_policy,opaque_dependency_l8,none,evaluation_unseen_zero_shot,opaque,imagination_depth,30,0.0,0.0,0.0,0.0,0.0,0.0
autonomy,autonomy,contextual_policy,opaque_dependency_l8,none,evaluation_unseen_zero_shot,opaque,actual_return,30,0.0,0.0,0.0,0.0,0.0,0.0
autonomy,autonomy,contextual_policy,opaque_dependency_l8,none,evaluation_unseen_zero_shot,opaque,runtime_seconds,30,0.005002057483191796,0.0004045340446778212,0.004856849483131858,0.005136378833441995,0.004264238999894587,0.005518434000259731
autonomy,autonomy,contextual_policy,opaque_dependency_l8,none,evaluation_unseen_zero_shot,opaque,real_transitions,30,8.0,0.0,8.0,8.0,8.0,8.0
autonomy,autonomy,contextual_policy,opaque_dependency_l8,none,evaluation_unseen_zero_shot,opaque,imagined_transitions,30,0.0,0.0,0.0,0.0,0.0,0.0
autonomy,autonomy,contextual_policy,opaque_dependency_l8,none,evaluation_unseen_zero_shot,opaque,action_proposals,30,8.0,0.0,8.0,8.0,8.0,8.0
autonomy,autonomy,contextual_policy,opaque_dependency_l8,none,evaluation_unseen_zero_shot,opaque,repeat_rate,30,0.0,0.0,0.0,0.0,0.0,0.0
autonomy,autonomy,contextual_policy,opaque_dependency_l8,none,evaluation_unseen_zero_shot,opaque,error_rate,30,0.0,0.0,0.0,0.0,0.0,0.0
autonomy,autonomy,contextual_policy,opaque_dependency_l8,none,training,opaque,success,30,0.16735,0.07701356239717423,0.1411666666666667,0.19521666666666665,0.053,0.3135
autonomy,autonomy,contextual_policy,opaque_dependency_l8,none,training,opaque,steps,30,8.0,0.0,8.0,8.0,8.0,8.0
autonomy,autonomy,contextual_policy,opaque_dependency_l8,none,training,opaque,high_level_steps,30,8.0,0.0,8.0,8.0,8.0,8.0
autonomy,autonomy,contextual_policy,opaque_dependency_l8,none,training,opaque,primitive_steps,30,8.0,0.0,8.0,8.0,8.0,8.0
autonomy,autonomy,contextual_policy,opaque_dependency_l8,none,training,opaque,reward,30,0.16735,0.07701356239717423,0.14145,0.1954,0.053,0.3135
autonomy,autonomy,contextual_policy,opaque_dependency_l8,none,training,opaque,errors,30,0.0,0.0,0.0,0.0,0.0,0.0
autonomy,autonomy,contextual_policy,opaque_dependency_l8,none,training,opaque,repeats,30,0.0,0.0,0.0,0.0,0.0,0.0
autonomy,autonomy,contextual_policy,opaque_dependency_l8,none,training,opaque,prediction_score,30,0.0,0.0,0.0,0.0,0.0,0.0
autonomy,autonomy,contextual_policy,opaque_dependency_l8,none,training,opaque,holdout_score,30,0.0,0.0,0.0,0.0,0.0,0.0
autonomy,autonomy,contextual_policy,opaque_dependency_l8,none,training,opaque,holdout_gain,30,0.0,0.0,0.0,0.0,0.0,0.0
autonomy,autonomy,contextual_policy,opaque_dependency_l8,none,training,opaque,imagined_nodes,30,0.0,0.0,0.0,0.0,0.0,0.0
autonomy,autonomy,contextual_policy,opaque_dependency_l8,none,training,opaque,imagination_depth,30,0.0,0.0,0.0,0.0,0.0,0.0
autonomy,autonomy,contextual_policy,opaque_dependency_l8,none,training,opaque,actual_return,30,0.16735,0.07701356239717423,0.1413,0.19531666666666667,0.053,0.3135
autonomy,autonomy,contextual_policy,opaque_dependency_l8,none,training,opaque,runtime_seconds,30,0.0006342747251022956,3.961354003038827e-05,0.0006202649484291518,0.0006484802033892872,0.0005324023494904395,0.0007259748501819559
autonomy,autonomy,contextual_policy,opaque_dependency_l8,none,training,opaque,real_transitions,30,8.0,0.0,8.0,8.0,8.0,8.0
autonomy,autonomy,contextual_policy,opaque_dependency_l8,none,training,opaque,imagined_transitions,30,0.0,0.0,0.0,0.0,0.0,0.0
autonomy,autonomy,contextual_policy,opaque_dependency_l8,none,training,opaque,action_proposals,30,8.0,0.0,8.0,8.0,8.0,8.0
autonomy,autonomy,contextual_policy,opaque_dependency_l8,none,training,opaque,repeat_rate,30,0.0,0.0,0.0,0.0,0.0,0.0
autonomy,autonomy,contextual_policy,opaque_dependency_l8,none,training,opaque,error_rate,30,0.0,0.0,0.0,0.0,0.0,0.0
autonomy,autonomy,contextual_policy,opaque_dependency_l8,none,training,opaque,learning_auc,30,0.1673670168417542,0.07703181872305383,0.1416875104218776,0.19494747373686844,0.05302651325662831,0.3136568284142071
autonomy,autonomy,contextual_policy,opaque_dependency_l8,none,training,opaque,final_tail_success,30,0.2935,0.1408175023408569,0.24616666666666667,0.3468333333333333,0.095,0.565
autonomy,autonomy,contextual_policy,opaque_dependency_l8,none,training,opaque,first_success_real_transitions,30,1274.9333333333334,990.395773671186,953.0666666666667,1628.5333333333333,64.0,3728.0
autonomy,autonomy,dqn,opaque_dependency_l4,dqn:cuda,evaluation_seen,opaque,success,30,0.1,0.1408104619937615,0.05,0.15,0.0,0.5
autonomy,autonomy,dqn,opaque_dependency_l4,dqn:cuda,evaluation_seen,opaque,steps,30,4.0,0.0,4.0,4.0,4.0,4.0
autonomy,autonomy,dqn,opaque_dependency_l4,dqn:cuda,evaluation_seen,opaque,high_level_steps,30,4.0,0.0,4.0,4.0,4.0,4.0
autonomy,autonomy,dqn,opaque_dependency_l4,dqn:cuda,evaluation_seen,opaque,primitive_steps,30,4.0,0.0,4.0,4.0,4.0,4.0
autonomy,autonomy,dqn,opaque_dependency_l4,dqn:cuda,evaluation_seen,opaque,reward,30,0.1,0.1408104619937615,0.05,0.15,0.0,0.5
autonomy,autonomy,dqn,opaque_dependency_l4,dqn:cuda,evaluation_seen,opaque,errors,30,0.0,0.0,0.0,0.0,0.0,0.0
autonomy,autonomy,dqn,opaque_dependency_l4,dqn:cuda,evaluation_seen,opaque,repeats,30,0.0,0.0,0.0,0.0,0.0,0.0
autonomy,autonomy,dqn,opaque_dependency_l4,dqn:cuda,evaluation_seen,opaque,imagined_nodes,30,0.0,0.0,0.0,0.0,0.0,0.0
autonomy,autonomy,dqn,opaque_dependency_l4,dqn:cuda,evaluation_seen,opaque,imagination_depth,30,0.0,0.0,0.0,0.0,0.0,0.0
autonomy,autonomy,dqn,opaque_dependency_l4,dqn:cuda,evaluation_seen,opaque,actual_return,30,0.1,0.1408104619937615,0.05,0.15,0.0,0.5
autonomy,autonomy,dqn,opaque_dependency_l4,dqn:cuda,evaluation_seen,opaque,runtime_seconds,30,0.0014896909000672166,0.00011905330471063034,0.001455137166888259,0.0015371792169462423,0.0014165915000194217,0.0019940985005814584
autonomy,autonomy,dqn,opaque_dependency_l4,dqn:cuda,evaluation_seen,opaque,real_transitions,30,4.0,0.0,4.0,4.0,4.0,4.0
autonomy,autonomy,dqn,opaque_dependency_l4,dqn:cuda,evaluation_seen,opaque,imagined_transitions,30,0.0,0.0,0.0,0.0,0.0,0.0
autonomy,autonomy,dqn,opaque_dependency_l4,dqn:cuda,evaluation_seen,opaque,action_proposals,30,4.0,0.0,4.0,4.0,4.0,4.0
autonomy,autonomy,dqn,opaque_dependency_l4,dqn:cuda,evaluation_seen,opaque,repeat_rate,30,0.0,0.0,0.0,0.0,0.0,0.0
autonomy,autonomy,dqn,opaque_dependency_l4,dqn:cuda,evaluation_seen,opaque,error_rate,30,0.0,0.0,0.0,0.0,0.0,0.0
autonomy,autonomy,dqn,opaque_dependency_l4,dqn:cuda,evaluation_unseen_zero_shot,opaque,success,30,0.03333333333333333,0.06510380747027347,0.0125,0.058333333333333334,0.0,0.25
autonomy,autonomy,dqn,opaque_dependency_l4,dqn:cuda,evaluation_unseen_zero_shot,opaque,steps,30,4.0,0.0,4.0,4.0,4.0,4.0
autonomy,autonomy,dqn,opaque_dependency_l4,dqn:cuda,evaluation_unseen_zero_shot,opaque,high_level_steps,30,4.0,0.0,4.0,4.0,4.0,4.0
autonomy,autonomy,dqn,opaque_dependency_l4,dqn:cuda,evaluation_unseen_zero_shot,opaque,primitive_steps,30,4.0,0.0,4.0,4.0,4.0,4.0
autonomy,autonomy,dqn,opaque_dependency_l4,dqn:cuda,evaluation_unseen_zero_shot,opaque,reward,30,0.03333333333333333,0.06510380747027347,0.0125,0.058333333333333334,0.0,0.25
autonomy,autonomy,dqn,opaque_dependency_l4,dqn:cuda,evaluation_unseen_zero_shot,opaque,errors,30,0.0,0.0,0.0,0.0,0.0,0.0
autonomy,autonomy,dqn,opaque_dependency_l4,dqn:cuda,evaluation_unseen_zero_shot,opaque,repeats,30,0.0,0.0,0.0,0.0,0.0,0.0
autonomy,autonomy,dqn,opaque_dependency_l4,dqn:cuda,evaluation_unseen_zero_shot,opaque,imagined_nodes,30,0.0,0.0,0.0,0.0,0.0,0.0
autonomy,autonomy,dqn,opaque_dependency_l4,dqn:cuda,evaluation_unseen_zero_shot,opaque,imagination_depth,30,0.0,0.0,0.0,0.0,0.0,0.0
autonomy,autonomy,dqn,opaque_dependency_l4,dqn:cuda,evaluation_unseen_zero_shot,opaque,actual_return,30,0.03333333333333333,0.06510380747027347,0.0125,0.058333333333333334,0.0,0.25
autonomy,autonomy,dqn,opaque_dependency_l4,dqn:cuda,evaluation_unseen_zero_shot,opaque,runtime_seconds,30,0.001519388250177144,0.000139885508436534,0.00147546286698586,0.0015738507837425762,0.0014281050006684382,0.0018793095002183691
autonomy,autonomy,dqn,opaque_dependency_l4,dqn:cuda,evaluation_unseen_zero_shot,opaque,real_transitions,30,4.0,0.0,4.0,4.0,4.0,4.0
autonomy,autonomy,dqn,opaque_dependency_l4,dqn:cuda,evaluation_unseen_zero_shot,opaque,imagined_transitions,30,0.0,0.0,0.0,0.0,0.0,0.0
autonomy,autonomy,dqn,opaque_dependency_l4,dqn:cuda,evaluation_unseen_zero_shot,opaque,action_proposals,30,4.0,0.0,4.0,4.0,4.0,4.0
autonomy,autonomy,dqn,opaque_dependency_l4,dqn:cuda,evaluation_unseen_zero_shot,opaque,repeat_rate,30,0.0,0.0,0.0,0.0,0.0,0.0
autonomy,autonomy,dqn,opaque_dependency_l4,dqn:cuda,evaluation_unseen_zero_shot,opaque,error_rate,30,0.0,0.0,0.0,0.0,0.0,0.0
autonomy,autonomy,dqn,opaque_dependency_l4,dqn:cuda,training,opaque,success,30,0.16031666666666666,0.06879084784421861,0.137,0.18603333333333333,0.028,0.3135
autonomy,autonomy,dqn,opaque_dependency_l4,dqn:cuda,training,opaque,steps,30,4.0,0.0,4.0,4.0,4.0,4.0
autonomy,autonomy,dqn,opaque_dependency_l4,dqn:cuda,training,opaque,high_level_steps,30,4.0,0.0,4.0,4.0,4.0,4.0
autonomy,autonomy,dqn,opaque_dependency_l4,dqn:cuda,training,opaque,primitive_steps,30,4.0,0.0,4.0,4.0,4.0,4.0
autonomy,autonomy,dqn,opaque_dependency_l4,dqn:cuda,training,opaque,reward,30,0.16031666666666666,0.06879084784421861,0.1366,0.18445,0.028,0.3135
autonomy,autonomy,dqn,opaque_dependency_l4,dqn:cuda,training,opaque,errors,30,0.0,0.0,0.0,0.0,0.0,0.0
autonomy,autonomy,dqn,opaque_dependency_l4,dqn:cuda,training,opaque,repeats,30,0.0,0.0,0.0,0.0,0.0,0.0
autonomy,autonomy,dqn,opaque_dependency_l4,dqn:cuda,training,opaque,prediction_score,30,0.0,0.0,0.0,0.0,0.0,0.0
autonomy,autonomy,dqn,opaque_dependency_l4,dqn:cuda,training,opaque,holdout_score,30,0.0,0.0,0.0,0.0,0.0,0.0
autonomy,autonomy,dqn,opaque_dependency_l4,dqn:cuda,training,opaque,holdout_gain,30,0.0,0.0,0.0,0.0,0.0,0.0
autonomy,autonomy,dqn,opaque_dependency_l4,dqn:cuda,training,opaque,imagined_nodes,30,0.0,0.0,0.0,0.0,0.0,0.0
autonomy,autonomy,dqn,opaque_dependency_l4,dqn:cuda,training,opaque,imagination_depth,30,0.0,0.0,0.0,0.0,0.0,0.0
autonomy,autonomy,dqn,opaque_dependency_l4,dqn:cuda,training,opaque,actual_return,30,0.16031666666666666,0.06879084784421861,0.13743333333333335,0.18466666666666667,0.028,0.3135
autonomy,autonomy,dqn,opaque_dependency_l4,dqn:cuda,training,opaque,runtime_seconds,30,0.0051362109465970815,0.0005035992663699328,0.004982918961648829,0.005333575199964495,0.004824774349675863,0.006958724449810688
autonomy,autonomy,dqn,opaque_dependency_l4,dqn:cuda,training,opaque,real_transitions,30,4.0,0.0,4.0,4.0,4.0,4.0
autonomy,autonomy,dqn,opaque_dependency_l4,dqn:cuda,training,opaque,imagined_transitions,30,0.0,0.0,0.0,0.0,0.0,0.0
autonomy,autonomy,dqn,opaque_dependency_l4,dqn:cuda,training,opaque,action_proposals,30,4.0,0.0,4.0,4.0,4.0,4.0
autonomy,autonomy,dqn,opaque_dependency_l4,dqn:cuda,training,opaque,repeat_rate,30,0.0,0.0,0.0,0.0,0.0,0.0
autonomy,autonomy,dqn,opaque_dependency_l4,dqn:cuda,training,opaque,error_rate,30,0.0,0.0,0.0,0.0,0.0,0.0
autonomy,autonomy,dqn,opaque_dependency_l4,dqn:cuda,training,opaque,learning_auc,30,0.16028847757211942,0.0687622328257069,0.1369934967483742,0.1850842087710522,0.02801400700350175,0.31340670335167586
autonomy,autonomy,dqn,opaque_dependency_l4,dqn:cuda,training,opaque,final_tail_success,30,0.2725,0.1487230126199662,0.22216666666666668,0.3265,0.015,0.685
autonomy,autonomy,dqn,opaque_dependency_l4,dqn:cuda,training,opaque,first_success_real_transitions,30,67.46666666666667,59.57767073807697,47.46666666666667,88.66666666666667,8.0,232.0
autonomy,autonomy,dqn,opaque_dependency_l6,dqn:cuda,evaluation_seen,opaque,success,30,0.0,0.0,0.0,0.0,0.0,0.0
autonomy,autonomy,dqn,opaque_dependency_l6,dqn:cuda,evaluation_seen,opaque,steps,30,6.0,0.0,6.0,6.0,6.0,6.0
autonomy,autonomy,dqn,opaque_dependency_l6,dqn:cuda,evaluation_seen,opaque,high_level_steps,30,6.0,0.0,6.0,6.0,6.0,6.0
autonomy,autonomy,dqn,opaque_dependency_l6,dqn:cuda,evaluation_seen,opaque,primitive_steps,30,6.0,0.0,6.0,6.0,6.0,6.0
autonomy,autonomy,dqn,opaque_dependency_l6,dqn:cuda,evaluation_seen,opaque,reward,30,0.0,0.0,0.0,0.0,0.0,0.0
autonomy,autonomy,dqn,opaque_dependency_l6,dqn:cuda,evaluation_seen,opaque,errors,30,0.0,0.0,0.0,0.0,0.0,0.0
autonomy,autonomy,dqn,opaque_dependency_l6,dqn:cuda,evaluation_seen,opaque,repeats,30,0.0,0.0,0.0,0.0,0.0,0.0
autonomy,autonomy,dqn,opaque_dependency_l6,dqn:cuda,evaluation_seen,opaque,imagined_nodes,30,0.0,0.0,0.0,0.0,0.0,0.0
autonomy,autonomy,dqn,opaque_dependency_l6,dqn:cuda,evaluation_seen,opaque,imagination_depth,30,0.0,0.0,0.0,0.0,0.0,0.0
autonomy,autonomy,dqn,opaque_dependency_l6,dqn:cuda,evaluation_seen,opaque,actual_return,30,0.0,0.0,0.0,0.0,0.0,0.0
autonomy,autonomy,dqn,opaque_dependency_l6,dqn:cuda,evaluation_seen,opaque,runtime_seconds,30,0.0022607115168793825,0.00020280942872551942,0.002196909683358778,0.0023349249502886476,0.002091787998069776,0.003021144500380615
autonomy,autonomy,dqn,opaque_dependency_l6,dqn:cuda,evaluation_seen,opaque,real_transitions,30,6.0,0.0,6.0,6.0,6.0,6.0
autonomy,autonomy,dqn,opaque_dependency_l6,dqn:cuda,evaluation_seen,opaque,imagined_transitions,30,0.0,0.0,0.0,0.0,0.0,0.0
autonomy,autonomy,dqn,opaque_dependency_l6,dqn:cuda,evaluation_seen,opaque,action_proposals,30,6.0,0.0,6.0,6.0,6.0,6.0
autonomy,autonomy,dqn,opaque_dependency_l6,dqn:cuda,evaluation_seen,opaque,repeat_rate,30,0.0,0.0,0.0,0.0,0.0,0.0
autonomy,autonomy,dqn,opaque_dependency_l6,dqn:cuda,evaluation_seen,opaque,error_rate,30,0.0,0.0,0.0,0.0,0.0,0.0
autonomy,autonomy,dqn,opaque_dependency_l6,dqn:cuda,evaluation_unseen_zero_shot,opaque,success,30,0.0,0.0,0.0,0.0,0.0,0.0
autonomy,autonomy,dqn,opaque_dependency_l6,dqn:cuda,evaluation_unseen_zero_shot,opaque,steps,30,6.0,0.0,6.0,6.0,6.0,6.0
autonomy,autonomy,dqn,opaque_dependency_l6,dqn:cuda,evaluation_unseen_zero_shot,opaque,high_level_steps,30,6.0,0.0,6.0,6.0,6.0,6.0
autonomy,autonomy,dqn,opaque_dependency_l6,dqn:cuda,evaluation_unseen_zero_shot,opaque,primitive_steps,30,6.0,0.0,6.0,6.0,6.0,6.0
autonomy,autonomy,dqn,opaque_dependency_l6,dqn:cuda,evaluation_unseen_zero_shot,opaque,reward,30,0.0,0.0,0.0,0.0,0.0,0.0
autonomy,autonomy,dqn,opaque_dependency_l6,dqn:cuda,evaluation_unseen_zero_shot,opaque,errors,30,0.0,0.0,0.0,0.0,0.0,0.0
autonomy,autonomy,dqn,opaque_dependency_l6,dqn:cuda,evaluation_unseen_zero_shot,opaque,repeats,30,0.0,0.0,0.0,0.0,0.0,0.0
autonomy,autonomy,dqn,opaque_dependency_l6,dqn:cuda,evaluation_unseen_zero_shot,opaque,imagined_nodes,30,0.0,0.0,0.0,0.0,0.0,0.0
autonomy,autonomy,dqn,opaque_dependency_l6,dqn:cuda,evaluation_unseen_zero_shot,opaque,imagination_depth,30,0.0,0.0,0.0,0.0,0.0,0.0
autonomy,autonomy,dqn,opaque_dependency_l6,dqn:cuda,evaluation_unseen_zero_shot,opaque,actual_return,30,0.0,0.0,0.0,0.0,0.0,0.0
autonomy,autonomy,dqn,opaque_dependency_l6,dqn:cuda,evaluation_unseen_zero_shot,opaque,runtime_seconds,30,0.002213250850012021,9.068934463103962e-05,0.002185058666708452,0.0022470533501133707,0.0021296330000041054,0.002491025500348769
autonomy,autonomy,dqn,opaque_dependency_l6,dqn:cuda,evaluation_unseen_zero_shot,opaque,real_transitions,30,6.0,0.0,6.0,6.0,6.0,6.0
autonomy,autonomy,dqn,opaque_dependency_l6,dqn:cuda,evaluation_unseen_zero_shot,opaque,imagined_transitions,30,0.0,0.0,0.0,0.0,0.0,0.0
autonomy,autonomy,dqn,opaque_dependency_l6,dqn:cuda,evaluation_unseen_zero_shot,opaque,action_proposals,30,6.0,0.0,6.0,6.0,6.0,6.0
autonomy,autonomy,dqn,opaque_dependency_l6,dqn:cuda,evaluation_unseen_zero_shot,opaque,repeat_rate,30,0.0,0.0,0.0,0.0,0.0,0.0
autonomy,autonomy,dqn,opaque_dependency_l6,dqn:cuda,evaluation_unseen_zero_shot,opaque,error_rate,30,0.0,0.0,0.0,0.0,0.0,0.0
autonomy,autonomy,dqn,opaque_dependency_l6,dqn:cuda,training,opaque,success,30,0.03606666666666667,0.03177499920869619,0.025316666666666664,0.04783333333333333,0.005,0.1205
autonomy,autonomy,dqn,opaque_dependency_l6,dqn:cuda,training,opaque,steps,30,6.0,0.0,6.0,6.0,6.0,6.0
autonomy,autonomy,dqn,opaque_dependency_l6,dqn:cuda,training,opaque,high_level_steps,30,6.0,0.0,6.0,6.0,6.0,6.0
autonomy,autonomy,dqn,opaque_dependency_l6,dqn:cuda,training,opaque,primitive_steps,30,6.0,0.0,6.0,6.0,6.0,6.0
autonomy,autonomy,dqn,opaque_dependency_l6,dqn:cuda,training,opaque,reward,30,0.03606666666666667,0.03177499920869619,0.02546666666666667,0.04721666666666667,0.005,0.1205
autonomy,autonomy,dqn,opaque_dependency_l6,dqn:cuda,training,opaque,errors,30,0.0,0.0,0.0,0.0,0.0,0.0
autonomy,autonomy,dqn,opaque_dependency_l6,dqn:cuda,training,opaque,repeats,30,0.0,0.0,0.0,0.0,0.0,0.0
autonomy,autonomy,dqn,opaque_dependency_l6,dqn:cuda,training,opaque,prediction_score,30,0.0,0.0,0.0,0.0,0.0,0.0
autonomy,autonomy,dqn,opaque_dependency_l6,dqn:cuda,training,opaque,holdout_score,30,0.0,0.0,0.0,0.0,0.0,0.0
autonomy,autonomy,dqn,opaque_dependency_l6,dqn:cuda,training,opaque,holdout_gain,30,0.0,0.0,0.0,0.0,0.0,0.0
autonomy,autonomy,dqn,opaque_dependency_l6,dqn:cuda,training,opaque,imagined_nodes,30,0.0,0.0,0.0,0.0,0.0,0.0
autonomy,autonomy,dqn,opaque_dependency_l6,dqn:cuda,training,opaque,imagination_depth,30,0.0,0.0,0.0,0.0,0.0,0.0
autonomy,autonomy,dqn,opaque_dependency_l6,dqn:cuda,training,opaque,actual_return,30,0.03606666666666667,0.03177499920869619,0.0251,0.047549999999999995,0.005,0.1205
autonomy,autonomy,dqn,opaque_dependency_l6,dqn:cuda,training,opaque,runtime_seconds,30,0.007894682186701297,0.0006688653897652066,0.007677487010005765,0.008139079858380137,0.007389456949735177,0.010027616299994406
autonomy,autonomy,dqn,opaque_dependency_l6,dqn:cuda,training,opaque,real_transitions,30,6.0,0.0,6.0,6.0,6.0,6.0
autonomy,autonomy,dqn,opaque_dependency_l6,dqn:cuda,training,opaque,imagined_transitions,30,0.0,0.0,0.0,0.0,0.0,0.0
autonomy,autonomy,dqn,opaque_dependency_l6,dqn:cuda,training,opaque,action_proposals,30,6.0,0.0,6.0,6.0,6.0,6.0
autonomy,autonomy,dqn,opaque_dependency_l6,dqn:cuda,training,opaque,repeat_rate,30,0.0,0.0,0.0,0.0,0.0,0.0
autonomy,autonomy,dqn,opaque_dependency_l6,dqn:cuda,training,opaque,error_rate,30,0.0,0.0,0.0,0.0,0.0,0.0
autonomy,autonomy,dqn,opaque_dependency_l6,dqn:cuda,training,opaque,learning_auc,30,0.036068034017008505,0.03175840479559033,0.025654493913623476,0.047998999499749874,0.0050025012506253125,0.12031015507753877
autonomy,autonomy,dqn,opaque_dependency_l6,dqn:cuda,training,opaque,final_tail_success,30,0.056,0.053100425350592,0.037333333333333336,0.07516666666666666,0.0,0.15
autonomy,autonomy,dqn,opaque_dependency_l6,dqn:cuda,training,opaque,first_success_real_transitions,30,286.2,283.49121497061816,197.6,393.8,36.0,1338.0
autonomy,autonomy,dqn,opaque_dependency_l8,dqn:cuda,evaluation_seen,opaque,success,30,0.0,0.0,0.0,0.0,0.0,0.0
autonomy,autonomy,dqn,opaque_dependency_l8,dqn:cuda,evaluation_seen,opaque,steps,30,8.0,0.0,8.0,8.0,8.0,8.0
autonomy,autonomy,dqn,opaque_dependency_l8,dqn:cuda,evaluation_seen,opaque,high_level_steps,30,8.0,0.0,8.0,8.0,8.0,8.0
autonomy,autonomy,dqn,opaque_dependency_l8,dqn:cuda,evaluation_seen,opaque,primitive_steps,30,8.0,0.0,8.0,8.0,8.0,8.0
autonomy,autonomy,dqn,opaque_dependency_l8,dqn:cuda,evaluation_seen,opaque,reward,30,0.0,0.0,0.0,0.0,0.0,0.0
autonomy,autonomy,dqn,opaque_dependency_l8,dqn:cuda,evaluation_seen,opaque,errors,30,0.0,0.0,0.0,0.0,0.0,0.0
autonomy,autonomy,dqn,opaque_dependency_l8,dqn:cuda,evaluation_seen,opaque,repeats,30,0.0,0.0,0.0,0.0,0.0,0.0
autonomy,autonomy,dqn,opaque_dependency_l8,dqn:cuda,evaluation_seen,opaque,imagined_nodes,30,0.0,0.0,0.0,0.0,0.0,0.0
autonomy,autonomy,dqn,opaque_dependency_l8,dqn:cuda,evaluation_seen,opaque,imagination_depth,30,0.0,0.0,0.0,0.0,0.0,0.0
autonomy,autonomy,dqn,opaque_dependency_l8,dqn:cuda,evaluation_seen,opaque,actual_return,30,0.0,0.0,0.0,0.0,0.0,0.0
autonomy,autonomy,dqn,opaque_dependency_l8,dqn:cuda,evaluation_seen,opaque,runtime_seconds,30,0.0029565744832895386,0.00016820819161853965,0.0029018141832784753,0.0030198557831172365,0.0026923370004806203,0.0035502050002105532
autonomy,autonomy,dqn,opaque_dependency_l8,dqn:cuda,evaluation_seen,opaque,real_transitions,30,8.0,0.0,8.0,8.0,8.0,8.0
autonomy,autonomy,dqn,opaque_dependency_l8,dqn:cuda,evaluation_seen,opaque,imagined_transitions,30,0.0,0.0,0.0,0.0,0.0,0.0
autonomy,autonomy,dqn,opaque_dependency_l8,dqn:cuda,evaluation_seen,opaque,action_proposals,30,8.0,0.0,8.0,8.0,8.0,8.0
autonomy,autonomy,dqn,opaque_dependency_l8,dqn:cuda,evaluation_seen,opaque,repeat_rate,30,0.0,0.0,0.0,0.0,0.0,0.0
autonomy,autonomy,dqn,opaque_dependency_l8,dqn:cuda,evaluation_seen,opaque,error_rate,30,0.0,0.0,0.0,0.0,0.0,0.0
autonomy,autonomy,dqn,opaque_dependency_l8,dqn:cuda,evaluation_unseen_zero_shot,opaque,success,30,0.0,0.0,0.0,0.0,0.0,0.0
autonomy,autonomy,dqn,opaque_dependency_l8,dqn:cuda,evaluation_unseen_zero_shot,opaque,steps,30,8.0,0.0,8.0,8.0,8.0,8.0
autonomy,autonomy,dqn,opaque_dependency_l8,dqn:cuda,evaluation_unseen_zero_shot,opaque,high_level_steps,30,8.0,0.0,8.0,8.0,8.0,8.0
autonomy,autonomy,dqn,opaque_dependency_l8,dqn:cuda,evaluation_unseen_zero_shot,opaque,primitive_steps,30,8.0,0.0,8.0,8.0,8.0,8.0
autonomy,autonomy,dqn,opaque_dependency_l8,dqn:cuda,evaluation_unseen_zero_shot,opaque,reward,30,0.0,0.0,0.0,0.0,0.0,0.0
autonomy,autonomy,dqn,opaque_dependency_l8,dqn:cuda,evaluation_unseen_zero_shot,opaque,errors,30,0.0,0.0,0.0,0.0,0.0,0.0
autonomy,autonomy,dqn,opaque_dependency_l8,dqn:cuda,evaluation_unseen_zero_shot,opaque,repeats,30,0.0,0.0,0.0,0.0,0.0,0.0
autonomy,autonomy,dqn,opaque_dependency_l8,dqn:cuda,evaluation_unseen_zero_shot,opaque,imagined_nodes,30,0.0,0.0,0.0,0.0,0.0,0.0
autonomy,autonomy,dqn,opaque_dependency_l8,dqn:cuda,evaluation_unseen_zero_shot,opaque,imagination_depth,30,0.0,0.0,0.0,0.0,0.0,0.0
autonomy,autonomy,dqn,opaque_dependency_l8,dqn:cuda,evaluation_unseen_zero_shot,opaque,actual_return,30,0.0,0.0,0.0,0.0,0.0,0.0
autonomy,autonomy,dqn,opaque_dependency_l8,dqn:cuda,evaluation_unseen_zero_shot,opaque,runtime_seconds,30,0.0029701735833320224,0.00016282889093664044,0.0029166192662087266,0.003029308399932537,0.002790437999065034,0.003408696500264341
autonomy,autonomy,dqn,opaque_dependency_l8,dqn:cuda,evaluation_unseen_zero_shot,opaque,real_transitions,30,8.0,0.0,8.0,8.0,8.0,8.0
autonomy,autonomy,dqn,opaque_dependency_l8,dqn:cuda,evaluation_unseen_zero_shot,opaque,imagined_transitions,30,0.0,0.0,0.0,0.0,0.0,0.0
autonomy,autonomy,dqn,opaque_dependency_l8,dqn:cuda,evaluation_unseen_zero_shot,opaque,action_proposals,30,8.0,0.0,8.0,8.0,8.0,8.0
autonomy,autonomy,dqn,opaque_dependency_l8,dqn:cuda,evaluation_unseen_zero_shot,opaque,repeat_rate,30,0.0,0.0,0.0,0.0,0.0,0.0
autonomy,autonomy,dqn,opaque_dependency_l8,dqn:cuda,evaluation_unseen_zero_shot,opaque,error_rate,30,0.0,0.0,0.0,0.0,0.0,0.0
autonomy,autonomy,dqn,opaque_dependency_l8,dqn:cuda,training,opaque,success,30,0.0028,0.001600646421142796,0.0022500000000000003,0.0034000000000000002,0.0,0.0085
autonomy,autonomy,dqn,opaque_dependency_l8,dqn:cuda,training,opaque,steps,30,8.0,0.0,8.0,8.0,8.0,8.0
autonomy,autonomy,dqn,opaque_dependency_l8,dqn:cuda,training,opaque,high_level_steps,30,8.0,0.0,8.0,8.0,8.0,8.0
autonomy,autonomy,dqn,opaque_dependency_l8,dqn:cuda,training,opaque,primitive_steps,30,8.0,0.0,8.0,8.0,8.0,8.0
autonomy,autonomy,dqn,opaque_dependency_l8,dqn:cuda,training,opaque,reward,30,0.0028,0.001600646421142796,0.002266666666666667,0.0034000000000000002,0.0,0.0085
autonomy,autonomy,dqn,opaque_dependency_l8,dqn:cuda,training,opaque,errors,30,0.0,0.0,0.0,0.0,0.0,0.0
autonomy,autonomy,dqn,opaque_dependency_l8,dqn:cuda,training,opaque,repeats,30,0.0,0.0,0.0,0.0,0.0,0.0
autonomy,autonomy,dqn,opaque_dependency_l8,dqn:cuda,training,opaque,prediction_score,30,0.0,0.0,0.0,0.0,0.0,0.0
autonomy,autonomy,dqn,opaque_dependency_l8,dqn:cuda,training,opaque,holdout_score,30,0.0,0.0,0.0,0.0,0.0,0.0
autonomy,autonomy,dqn,opaque_dependency_l8,dqn:cuda,training,opaque,holdout_gain,30,0.0,0.0,0.0,0.0,0.0,0.0
autonomy,autonomy,dqn,opaque_dependency_l8,dqn:cuda,training,opaque,imagined_nodes,30,0.0,0.0,0.0,0.0,0.0,0.0
autonomy,autonomy,dqn,opaque_dependency_l8,dqn:cuda,training,opaque,imagination_depth,30,0.0,0.0,0.0,0.0,0.0,0.0
autonomy,autonomy,dqn,opaque_dependency_l8,dqn:cuda,training,opaque,actual_return,30,0.0028,0.001600646421142796,0.002266666666666667,0.0034000000000000002,0.0,0.0085
autonomy,autonomy,dqn,opaque_dependency_l8,dqn:cuda,training,opaque,runtime_seconds,30,0.010545095883318088,0.0007673628014485059,0.010307374556698778,0.010854912489945127,0.010019366700347745,0.013103277500078548
autonomy,autonomy,dqn,opaque_dependency_l8,dqn:cuda,training,opaque,real_transitions,30,8.0,0.0,8.0,8.0,8.0,8.0
autonomy,autonomy,dqn,opaque_dependency_l8,dqn:cuda,training,opaque,imagined_transitions,30,0.0,0.0,0.0,0.0,0.0,0.0
autonomy,autonomy,dqn,opaque_dependency_l8,dqn:cuda,training,opaque,action_proposals,30,8.0,0.0,8.0,8.0,8.0,8.0
autonomy,autonomy,dqn,opaque_dependency_l8,dqn:cuda,training,opaque,repeat_rate,30,0.0,0.0,0.0,0.0,0.0,0.0
autonomy,autonomy,dqn,opaque_dependency_l8,dqn:cuda,training,opaque,error_rate,30,0.0,0.0,0.0,0.0,0.0,0.0
autonomy,autonomy,dqn,opaque_dependency_l8,dqn:cuda,training,opaque,learning_auc,30,0.002801400700350175,0.0016014471447151537,0.0022844755711188924,0.0034183758545939637,0.0,0.008504252126063032
autonomy,autonomy,dqn,opaque_dependency_l8,dqn:cuda,training,opaque,final_tail_success,30,0.001,0.0020341905108624313,0.0003333333333333333,0.0018333333333333333,0.0,0.005
autonomy,autonomy,dqn,opaque_dependency_l8,dqn:cuda,training,opaque,first_success_real_transitions,29,1704.0,1486.1278545266555,1202.2068965517242,2254.0689655172414,152.0,5816.0
autonomy,autonomy,full_aassr,opaque_dependency_l4,tabular_online,evaluation_seen,opaque,success,30,0.0,0.0,0.0,0.0,0.0,0.0
autonomy,autonomy,full_aassr,opaque_dependency_l4,tabular_online,evaluation_seen,opaque,steps,30,4.0,0.0,4.0,4.0,4.0,4.0
autonomy,autonomy,full_aassr,opaque_dependency_l4,tabular_online,evaluation_seen,opaque,high_level_steps,30,4.0,0.0,4.0,4.0,4.0,4.0
autonomy,autonomy,full_aassr,opaque_dependency_l4,tabular_online,evaluation_seen,opaque,primitive_steps,30,4.0,0.0,4.0,4.0,4.0,4.0
autonomy,autonomy,full_aassr,opaque_dependency_l4,tabular_online,evaluation_seen,opaque,reward,30,0.0,0.0,0.0,0.0,0.0,0.0
autonomy,autonomy,full_aassr,opaque_dependency_l4,tabular_online,evaluation_seen,opaque,errors,30,0.0,0.0,0.0,0.0,0.0,0.0
autonomy,autonomy,full_aassr,opaque_dependency_l4,tabular_online,evaluation_seen,opaque,repeats,30,0.0,0.0,0.0,0.0,0.0,0.0
autonomy,autonomy,full_aassr,opaque_dependency_l4,tabular_online,evaluation_seen,opaque,prediction_score,30,0.0,0.0,0.0,0.0,0.0,0.0
autonomy,autonomy,full_aassr,opaque_dependency_l4,tabular_online,evaluation_seen,opaque,holdout_score,30,1.0,5.633452187014108e-17,0.9999999999999999,1.0,0.9999999999999999,1.0
autonomy,autonomy,full_aassr,opaque_dependency_l4,tabular_online,evaluation_seen,opaque,imagined_nodes,30,0.0,0.0,0.0,0.0,0.0,0.0
autonomy,autonomy,full_aassr,opaque_dependency_l4,tabular_online,evaluation_seen,opaque,imagination_depth,30,0.0,0.0,0.0,0.0,0.0,0.0
autonomy,autonomy,full_aassr,opaque_dependency_l4,tabular_online,evaluation_seen,opaque,actual_return,30,0.0,0.0,0.0,0.0,0.0,0.0
autonomy,autonomy,full_aassr,opaque_dependency_l4,tabular_online,evaluation_seen,opaque,runtime_seconds,30,0.0023708782000176143,0.000198573049041544,0.0022994876501664595,0.0024390741999426005,0.001880349001585273,0.002603798500931589
autonomy,autonomy,full_aassr,opaque_dependency_l4,tabular_online,evaluation_seen,opaque,real_transitions,30,4.0,0.0,4.0,4.0,4.0,4.0
autonomy,autonomy,full_aassr,opaque_dependency_l4,tabular_online,evaluation_seen,opaque,imagined_transitions,30,0.0,0.0,0.0,0.0,0.0,0.0
autonomy,autonomy,full_aassr,opaque_dependency_l4,tabular_online,evaluation_seen,opaque,action_proposals,30,4.0,0.0,4.0,4.0,4.0,4.0
autonomy,autonomy,full_aassr,opaque_dependency_l4,tabular_online,evaluation_seen,opaque,repeat_rate,30,0.0,0.0,0.0,0.0,0.0,0.0
autonomy,autonomy,full_aassr,opaque_dependency_l4,tabular_online,evaluation_seen,opaque,error_rate,30,0.0,0.0,0.0,0.0,0.0,0.0
autonomy,autonomy,full_aassr,opaque_dependency_l4,tabular_online,evaluation_unseen_zero_shot,opaque,success,30,0.0,0.0,0.0,0.0,0.0,0.0
autonomy,autonomy,full_aassr,opaque_dependency_l4,tabular_online,evaluation_unseen_zero_shot,opaque,steps,30,4.0,0.0,4.0,4.0,4.0,4.0
autonomy,autonomy,full_aassr,opaque_dependency_l4,tabular_online,evaluation_unseen_zero_shot,opaque,high_level_steps,30,4.0,0.0,4.0,4.0,4.0,4.0
autonomy,autonomy,full_aassr,opaque_dependency_l4,tabular_online,evaluation_unseen_zero_shot,opaque,primitive_steps,30,4.0,0.0,4.0,4.0,4.0,4.0
autonomy,autonomy,full_aassr,opaque_dependency_l4,tabular_online,evaluation_unseen_zero_shot,opaque,reward,30,0.0,0.0,0.0,0.0,0.0,0.0
autonomy,autonomy,full_aassr,opaque_dependency_l4,tabular_online,evaluation_unseen_zero_shot,opaque,errors,30,0.0,0.0,0.0,0.0,0.0,0.0
autonomy,autonomy,full_aassr,opaque_dependency_l4,tabular_online,evaluation_unseen_zero_shot,opaque,repeats,30,0.0,0.0,0.0,0.0,0.0,0.0
autonomy,autonomy,full_aassr,opaque_dependency_l4,tabular_online,evaluation_unseen_zero_shot,opaque,prediction_score,30,0.0,0.0,0.0,0.0,0.0,0.0
autonomy,autonomy,full_aassr,opaque_dependency_l4,tabular_online,evaluation_unseen_zero_shot,opaque,holdout_score,30,1.0,5.633452187014108e-17,0.9999999999999999,1.0,0.9999999999999999,1.0
autonomy,autonomy,full_aassr,opaque_dependency_l4,tabular_online,evaluation_unseen_zero_shot,opaque,imagined_nodes,30,0.0,0.0,0.0,0.0,0.0,0.0
autonomy,autonomy,full_aassr,opaque_dependency_l4,tabular_online,evaluation_unseen_zero_shot,opaque,imagination_depth,30,0.0,0.0,0.0,0.0,0.0,0.0
autonomy,autonomy,full_aassr,opaque_dependency_l4,tabular_online,evaluation_unseen_zero_shot,opaque,actual_return,30,0.0,0.0,0.0,0.0,0.0,0.0
autonomy,autonomy,full_aassr,opaque_dependency_l4,tabular_online,evaluation_unseen_zero_shot,opaque,runtime_seconds,30,0.0022838783166953367,0.0002700138659352334,0.0021887575333191006,0.0023778227666334715,0.001743988999951398,0.0026646639993123246
autonomy,autonomy,full_aassr,opaque_dependency_l4,tabular_online,evaluation_unseen_zero_shot,opaque,real_transitions,30,4.0,0.0,4.0,4.0,4.0,4.0
autonomy,autonomy,full_aassr,opaque_dependency_l4,tabular_online,evaluation_unseen_zero_shot,opaque,imagined_transitions,30,0.0,0.0,0.0,0.0,0.0,0.0
autonomy,autonomy,full_aassr,opaque_dependency_l4,tabular_online,evaluation_unseen_zero_shot,opaque,action_proposals,30,4.0,0.0,4.0,4.0,4.0,4.0
autonomy,autonomy,full_aassr,opaque_dependency_l4,tabular_online,evaluation_unseen_zero_shot,opaque,repeat_rate,30,0.0,0.0,0.0,0.0,0.0,0.0
autonomy,autonomy,full_aassr,opaque_dependency_l4,tabular_online,evaluation_unseen_zero_shot,opaque,error_rate,30,0.0,0.0,0.0,0.0,0.0,0.0
autonomy,autonomy,full_aassr,opaque_dependency_l4,tabular_online,training,opaque,success,30,0.6149166666666667,0.05225387023008908,0.5958333333333333,0.6328166666666667,0.4875,0.674
autonomy,autonomy,full_aassr,opaque_dependency_l4,tabular_online,training,opaque,steps,30,4.0,0.0,4.0,4.0,4.0,4.0
autonomy,autonomy,full_aassr,opaque_dependency_l4,tabular_online,training,opaque,high_level_steps,30,4.0,0.0,4.0,4.0,4.0,4.0
autonomy,autonomy,full_aassr,opaque_dependency_l4,tabular_online,training,opaque,primitive_steps,30,4.0,0.0,4.0,4.0,4.0,4.0
autonomy,autonomy,full_aassr,opaque_dependency_l4,tabular_online,training,opaque,reward,30,0.6149166666666667,0.05225387023008908,0.5955999999999999,0.6328666666666667,0.4875,0.674
autonomy,autonomy,full_aassr,opaque_dependency_l4,tabular_online,training,opaque,errors,30,0.0,0.0,0.0,0.0,0.0,0.0
autonomy,autonomy,full_aassr,opaque_dependency_l4,tabular_online,training,opaque,repeats,30,0.0,0.0,0.0,0.0,0.0,0.0
autonomy,autonomy,full_aassr,opaque_dependency_l4,tabular_online,training,opaque,prediction_score,30,0.9899708333333332,0.00046037294352126466,0.9898083333333333,0.9901375,0.989125,0.99125
autonomy,autonomy,full_aassr,opaque_dependency_l4,tabular_online,training,opaque,holdout_score,30,0.12354244748486681,0.00024322129030200212,0.12345269695368442,0.12362366900392723,0.12289620913349497,0.12394482057974704
autonomy,autonomy,full_aassr,opaque_dependency_l4,tabular_online,training,opaque,holdout_gain,30,1.4041534820127272e-05,8.637053546146103e-06,1.1044727637658326e-05,1.7147828239661913e-05,0.0,3.749999999999998e-05
autonomy,autonomy,full_aassr,opaque_dependency_l4,tabular_online,training,opaque,imagined_nodes,30,42.552083333333336,0.2788691475168619,42.45608333333333,42.64918333333333,41.9385,43.122
autonomy,autonomy,full_aassr,opaque_dependency_l4,tabular_online,training,opaque,imagination_depth,30,3.5152,0.017049421064091554,3.5092,3.5212166666666667,3.474,3.5515
autonomy,autonomy,full_aassr,opaque_dependency_l4,tabular_online,training,opaque,actual_return,30,0.6149166666666667,0.05225387023008908,0.59525,0.6327166666666667,0.4875,0.674
autonomy,autonomy,full_aassr,opaque_dependency_l4,tabular_online,training,opaque,runtime_seconds,30,0.0021046374149688444,9.665970181206286e-05,0.002071617918255894,0.002139247128307276,0.0018782051500311355,0.0023616277000983246
autonomy,autonomy,full_aassr,opaque_dependency_l4,tabular_online,training,opaque,real_transitions,30,4.0,0.0,4.0,4.0,4.0,4.0
autonomy,autonomy,full_aassr,opaque_dependency_l4,tabular_online,training,opaque,imagined_transitions,30,42.552083333333336,0.2788691475168619,42.45531666666667,42.65246666666667,41.9385,43.122
autonomy,autonomy,full_aassr,opaque_dependency_l4,tabular_online,training,opaque,action_proposals,30,4.0,0.0,4.0,4.0,4.0,4.0
autonomy,autonomy,full_aassr,opaque_dependency_l4,tabular_online,training,opaque,repeat_rate,30,0.0,0.0,0.0,0.0,0.0,0.0
autonomy,autonomy,full_aassr,opaque_dependency_l4,tabular_online,training,opaque,error_rate,30,0.0,0.0,0.0,0.0,0.0,0.0
autonomy,autonomy,full_aassr,opaque_dependency_l4,tabular_online,training,opaque,learning_auc,30,0.615007503751876,0.0522522343324099,0.5961897615474404,0.6329831582457895,0.4874937468734367,0.6740870435217609
autonomy,autonomy,full_aassr,opaque_dependency_l4,tabular_online,training,opaque,final_tail_success,30,0.8510000000000001,0.07059354273488525,0.8255,0.8751666666666668,0.68,0.925
autonomy,autonomy,full_aassr,opaque_dependency_l4,tabular_online,training,opaque,first_success_real_transitions,30,68.26666666666667,64.31760274597076,47.6,92.66666666666667,8.0,312.0
autonomy,autonomy,full_aassr,opaque_dependency_l6,tabular_online,evaluation_seen,opaque,success,30,0.0,0.0,0.0,0.0,0.0,0.0
autonomy,autonomy,full_aassr,opaque_dependency_l6,tabular_online,evaluation_seen,opaque,steps,30,6.0,0.0,6.0,6.0,6.0,6.0
autonomy,autonomy,full_aassr,opaque_dependency_l6,tabular_online,evaluation_seen,opaque,high_level_steps,30,6.0,0.0,6.0,6.0,6.0,6.0
autonomy,autonomy,full_aassr,opaque_dependency_l6,tabular_online,evaluation_seen,opaque,primitive_steps,30,6.0,0.0,6.0,6.0,6.0,6.0
autonomy,autonomy,full_aassr,opaque_dependency_l6,tabular_online,evaluation_seen,opaque,reward,30,0.0,0.0,0.0,0.0,0.0,0.0
autonomy,autonomy,full_aassr,opaque_dependency_l6,tabular_online,evaluation_seen,opaque,errors,30,0.0,0.0,0.0,0.0,0.0,0.0
autonomy,autonomy,full_aassr,opaque_dependency_l6,tabular_online,evaluation_seen,opaque,repeats,30,0.0,0.0,0.0,0.0,0.0,0.0
autonomy,autonomy,full_aassr,opaque_dependency_l6,tabular_online,evaluation_seen,opaque,prediction_score,30,0.0,0.0,0.0,0.0,0.0,0.0
autonomy,autonomy,full_aassr,opaque_dependency_l6,tabular_online,evaluation_seen,opaque,holdout_score,30,1.0,0.0,1.0,1.0,1.0,1.0
autonomy,autonomy,full_aassr,opaque_dependency_l6,tabular_online,evaluation_seen,opaque,imagined_nodes,30,0.0,0.0,0.0,0.0,0.0,0.0
autonomy,autonomy,full_aassr,opaque_dependency_l6,tabular_online,evaluation_seen,opaque,imagination_depth,30,0.0,0.0,0.0,0.0,0.0,0.0
autonomy,autonomy,full_aassr,opaque_dependency_l6,tabular_online,evaluation_seen,opaque,actual_return,30,0.0,0.0,0.0,0.0,0.0,0.0
autonomy,autonomy,full_aassr,opaque_dependency_l6,tabular_online,evaluation_seen,opaque,runtime_seconds,30,0.0035206789165919566,0.0003934829627442706,0.0033736212166453087,0.00365947588335257,0.0028282919999037402,0.004177226500178222
autonomy,autonomy,full_aassr,opaque_dependency_l6,tabular_online,evaluation_seen,opaque,real_transitions,30,6.0,0.0,6.0,6.0,6.0,6.0
autonomy,autonomy,full_aassr,opaque_dependency_l6,tabular_online,evaluation_seen,opaque,imagined_transitions,30,0.0,0.0,0.0,0.0,0.0,0.0
autonomy,autonomy,full_aassr,opaque_dependency_l6,tabular_online,evaluation_seen,opaque,action_proposals,30,6.0,0.0,6.0,6.0,6.0,6.0
autonomy,autonomy,full_aassr,opaque_dependency_l6,tabular_online,evaluation_seen,opaque,repeat_rate,30,0.0,0.0,0.0,0.0,0.0,0.0
autonomy,autonomy,full_aassr,opaque_dependency_l6,tabular_online,evaluation_seen,opaque,error_rate,30,0.0,0.0,0.0,0.0,0.0,0.0
autonomy,autonomy,full_aassr,opaque_dependency_l6,tabular_online,evaluation_unseen_zero_shot,opaque,success,30,0.0,0.0,0.0,0.0,0.0,0.0
autonomy,autonomy,full_aassr,opaque_dependency_l6,tabular_online,evaluation_unseen_zero_shot,opaque,steps,30,6.0,0.0,6.0,6.0,6.0,6.0
autonomy,autonomy,full_aassr,opaque_dependency_l6,tabular_online,evaluation_unseen_zero_shot,opaque,high_level_steps,30,6.0,0.0,6.0,6.0,6.0,6.0
autonomy,autonomy,full_aassr,opaque_dependency_l6,tabular_online,evaluation_unseen_zero_shot,opaque,primitive_steps,30,6.0,0.0,6.0,6.0,6.0,6.0
autonomy,autonomy,full_aassr,opaque_dependency_l6,tabular_online,evaluation_unseen_zero_shot,opaque,reward,30,0.0,0.0,0.0,0.0,0.0,0.0
autonomy,autonomy,full_aassr,opaque_dependency_l6,tabular_online,evaluation_unseen_zero_shot,opaque,errors,30,0.0,0.0,0.0,0.0,0.0,0.0
autonomy,autonomy,full_aassr,opaque_dependency_l6,tabular_online,evaluation_unseen_zero_shot,opaque,repeats,30,0.0,0.0,0.0,0.0,0.0,0.0
autonomy,autonomy,full_aassr,opaque_dependency_l6,tabular_online,evaluation_unseen_zero_shot,opaque,prediction_score,30,0.0,0.0,0.0,0.0,0.0,0.0
autonomy,autonomy,full_aassr,opaque_dependency_l6,tabular_online,evaluation_unseen_zero_shot,opaque,holdout_score,30,1.0,0.0,1.0,1.0,1.0,1.0
autonomy,autonomy,full_aassr,opaque_dependency_l6,tabular_online,evaluation_unseen_zero_shot,opaque,imagined_nodes,30,0.0,0.0,0.0,0.0,0.0,0.0
autonomy,autonomy,full_aassr,opaque_dependency_l6,tabular_online,evaluation_unseen_zero_shot,opaque,imagination_depth,30,0.0,0.0,0.0,0.0,0.0,0.0
autonomy,autonomy,full_aassr,opaque_dependency_l6,tabular_online,evaluation_unseen_zero_shot,opaque,actual_return,30,0.0,0.0,0.0,0.0,0.0,0.0
autonomy,autonomy,full_aassr,opaque_dependency_l6,tabular_online,evaluation_unseen_zero_shot,opaque,runtime_seconds,30,0.003600903599978968,0.0003878714732998945,0.0034610386668306697,0.0037358133329544216,0.0028392034997523296,0.00437852099945303
autonomy,autonomy,full_aassr,opaque_dependency_l6,tabular_online,evaluation_unseen_zero_shot,opaque,real_transitions,30,6.0,0.0,6.0,6.0,6.0,6.0
autonomy,autonomy,full_aassr,opaque_dependency_l6,tabular_online,evaluation_unseen_zero_shot,opaque,imagined_transitions,30,0.0,0.0,0.0,0.0,0.0,0.0
autonomy,autonomy,full_aassr,opaque_dependency_l6,tabular_online,evaluation_unseen_zero_shot,opaque,action_proposals,30,6.0,0.0,6.0,6.0,6.0,6.0
autonomy,autonomy,full_aassr,opaque_dependency_l6,tabular_online,evaluation_unseen_zero_shot,opaque,repeat_rate,30,0.0,0.0,0.0,0.0,0.0,0.0
autonomy,autonomy,full_aassr,opaque_dependency_l6,tabular_online,evaluation_unseen_zero_shot,opaque,error_rate,30,0.0,0.0,0.0,0.0,0.0,0.0
autonomy,autonomy,full_aassr,opaque_dependency_l6,tabular_online,training,opaque,success,30,0.27365,0.06905084957903274,0.24944999999999998,0.2975,0.14,0.429
autonomy,autonomy,full_aassr,opaque_dependency_l6,tabular_online,training,opaque,steps,30,6.0,0.0,6.0,6.0,6.0,6.0
autonomy,autonomy,full_aassr,opaque_dependency_l6,tabular_online,training,opaque,high_level_steps,30,6.0,0.0,6.0,6.0,6.0,6.0
autonomy,autonomy,full_aassr,opaque_dependency_l6,tabular_online,training,opaque,primitive_steps,30,6.0,0.0,6.0,6.0,6.0,6.0
autonomy,autonomy,full_aassr,opaque_dependency_l6,tabular_online,training,opaque,reward,30,0.27365,0.06905084957903274,0.2502833333333333,0.29758333333333337,0.14,0.429
autonomy,autonomy,full_aassr,opaque_dependency_l6,tabular_online,training,opaque,errors,30,0.0,0.0,0.0,0.0,0.0,0.0
autonomy,autonomy,full_aassr,opaque_dependency_l6,tabular_online,training,opaque,repeats,30,0.0,0.0,0.0,0.0,0.0,0.0
autonomy,autonomy,full_aassr,opaque_dependency_l6,tabular_online,training,opaque,prediction_score,30,0.9899888888888888,0.0005759937827818443,0.9897861111111111,0.9901916666666667,0.9886666666666666,0.9909166666666667
autonomy,autonomy,full_aassr,opaque_dependency_l6,tabular_online,training,opaque,holdout_score,30,0.12353632985024603,0.00021409985611566614,0.12345717592778992,0.12361036690789606,0.1229425208436331,0.12396257459981644
autonomy,autonomy,full_aassr,opaque_dependency_l6,tabular_online,training,opaque,holdout_gain,30,6.170299199710964e-06,4.365389113722761e-06,4.668868168868169e-06,7.729199041699042e-06,0.0,1.7361111111111104e-05
autonomy,autonomy,full_aassr,opaque_dependency_l6,tabular_online,training,opaque,imagined_nodes,30,186.44828333333334,1.3648884549809281,185.96186666666665,186.93671666666665,184.1075,189.0205
autonomy,autonomy,full_aassr,opaque_dependency_l6,tabular_online,training,opaque,imagination_depth,30,5.443616666666667,0.024816458433777364,5.434816666666666,5.452416666666666,5.386,5.502
autonomy,autonomy,full_aassr,opaque_dependency_l6,tabular_online,training,opaque,actual_return,30,0.27365,0.06905084957903274,0.24981666666666666,0.2972666666666666,0.14,0.429
autonomy,autonomy,full_aassr,opaque_dependency_l6,tabular_online,training,opaque,runtime_seconds,30,0.0070465602615979155,0.00039981244067398796,0.006905376838322748,0.0071839312166368475,0.006096679049747763,0.007810605349804973
autonomy,autonomy,full_aassr,opaque_dependency_l6,tabular_online,training,opaque,real_transitions,30,6.0,0.0,6.0,6.0,6.0,6.0
autonomy,autonomy,full_aassr,opaque_dependency_l6,tabular_online,training,opaque,imagined_transitions,30,186.44828333333334,1.3648884549809281,185.9737,186.9338,184.1075,189.0205
autonomy,autonomy,full_aassr,opaque_dependency_l6,tabular_online,training,opaque,action_proposals,30,6.0,0.0,6.0,6.0,6.0,6.0
autonomy,autonomy,full_aassr,opaque_dependency_l6,tabular_online,training,opaque,repeat_rate,30,0.0,0.0,0.0,0.0,0.0,0.0
autonomy,autonomy,full_aassr,opaque_dependency_l6,tabular_online,training,opaque,error_rate,30,0.0,0.0,0.0,0.0,0.0,0.0
autonomy,autonomy,full_aassr,opaque_dependency_l6,tabular_online,training,opaque,learning_auc,30,0.2736701684175421,0.06906690758478197,0.24974987493746872,0.2983241620810405,0.14007003501750875,0.42896448224112055
autonomy,autonomy,full_aassr,opaque_dependency_l6,tabular_online,training,opaque,final_tail_success,30,0.412,0.109155062119019,0.3733333333333333,0.45083333333333336,0.2,0.635
autonomy,autonomy,full_aassr,opaque_dependency_l6,tabular_online,training,opaque,first_success_real_transitions,30,321.2,362.1204219593256,205.6,452.6,36.0,1344.0
autonomy,autonomy,full_aassr,opaque_dependency_l8,tabular_online,evaluation_seen,opaque,success,30,0.0,0.0,0.0,0.0,0.0,0.0
autonomy,autonomy,full_aassr,opaque_dependency_l8,tabular_online,evaluation_seen,opaque,steps,30,8.0,0.0,8.0,8.0,8.0,8.0
autonomy,autonomy,full_aassr,opaque_dependency_l8,tabular_online,evaluation_seen,opaque,high_level_steps,30,8.0,0.0,8.0,8.0,8.0,8.0
autonomy,autonomy,full_aassr,opaque_dependency_l8,tabular_online,evaluation_seen,opaque,primitive_steps,30,8.0,0.0,8.0,8.0,8.0,8.0
autonomy,autonomy,full_aassr,opaque_dependency_l8,tabular_online,evaluation_seen,opaque,reward,30,0.0,0.0,0.0,0.0,0.0,0.0
autonomy,autonomy,full_aassr,opaque_dependency_l8,tabular_online,evaluation_seen,opaque,errors,30,0.0,0.0,0.0,0.0,0.0,0.0
autonomy,autonomy,full_aassr,opaque_dependency_l8,tabular_online,evaluation_seen,opaque,repeats,30,0.0,0.0,0.0,0.0,0.0,0.0
autonomy,autonomy,full_aassr,opaque_dependency_l8,tabular_online,evaluation_seen,opaque,prediction_score,30,0.0,0.0,0.0,0.0,0.0,0.0
autonomy,autonomy,full_aassr,opaque_dependency_l8,tabular_online,evaluation_seen,opaque,holdout_score,30,1.0,0.0,1.0,1.0,1.0,1.0
autonomy,autonomy,full_aassr,opaque_dependency_l8,tabular_online,evaluation_seen,opaque,imagined_nodes,30,0.0,0.0,0.0,0.0,0.0,0.0
autonomy,autonomy,full_aassr,opaque_dependency_l8,tabular_online,evaluation_seen,opaque,imagination_depth,30,0.0,0.0,0.0,0.0,0.0,0.0
autonomy,autonomy,full_aassr,opaque_dependency_l8,tabular_online,evaluation_seen,opaque,actual_return,30,0.0,0.0,0.0,0.0,0.0,0.0
autonomy,autonomy,full_aassr,opaque_dependency_l8,tabular_online,evaluation_seen,opaque,runtime_seconds,30,0.0051917688500931645,0.0005981747203145014,0.004975915383353518,0.0054007831331740214,0.004087410500796977,0.00602524449917837
autonomy,autonomy,full_aassr,opaque_dependency_l8,tabular_online,evaluation_seen,opaque,real_transitions,30,8.0,0.0,8.0,8.0,8.0,8.0
autonomy,autonomy,full_aassr,opaque_dependency_l8,tabular_online,evaluation_seen,opaque,imagined_transitions,30,0.0,0.0,0.0,0.0,0.0,0.0
autonomy,autonomy,full_aassr,opaque_dependency_l8,tabular_online,evaluation_seen,opaque,action_proposals,30,8.0,0.0,8.0,8.0,8.0,8.0
autonomy,autonomy,full_aassr,opaque_dependency_l8,tabular_online,evaluation_seen,opaque,repeat_rate,30,0.0,0.0,0.0,0.0,0.0,0.0
autonomy,autonomy,full_aassr,opaque_dependency_l8,tabular_online,evaluation_seen,opaque,error_rate,30,0.0,0.0,0.0,0.0,0.0,0.0
autonomy,autonomy,full_aassr,opaque_dependency_l8,tabular_online,evaluation_unseen_zero_shot,opaque,success,30,0.0,0.0,0.0,0.0,0.0,0.0
autonomy,autonomy,full_aassr,opaque_dependency_l8,tabular_online,evaluation_unseen_zero_shot,opaque,steps,30,8.0,0.0,8.0,8.0,8.0,8.0
autonomy,autonomy,full_aassr,opaque_dependency_l8,tabular_online,evaluation_unseen_zero_shot,opaque,high_level_steps,30,8.0,0.0,8.0,8.0,8.0,8.0
autonomy,autonomy,full_aassr,opaque_dependency_l8,tabular_online,evaluation_unseen_zero_shot,opaque,primitive_steps,30,8.0,0.0,8.0,8.0,8.0,8.0
autonomy,autonomy,full_aassr,opaque_dependency_l8,tabular_online,evaluation_unseen_zero_shot,opaque,reward,30,0.0,0.0,0.0,0.0,0.0,0.0
autonomy,autonomy,full_aassr,opaque_dependency_l8,tabular_online,evaluation_unseen_zero_shot,opaque,errors,30,0.0,0.0,0.0,0.0,0.0,0.0
autonomy,autonomy,full_aassr,opaque_dependency_l8,tabular_online,evaluation_unseen_zero_shot,opaque,repeats,30,0.0,0.0,0.0,0.0,0.0,0.0
autonomy,autonomy,full_aassr,opaque_dependency_l8,tabular_online,evaluation_unseen_zero_shot,opaque,prediction_score,30,0.0,0.0,0.0,0.0,0.0,0.0
autonomy,autonomy,full_aassr,opaque_dependency_l8,tabular_online,evaluation_unseen_zero_shot,opaque,holdout_score,30,1.0,0.0,1.0,1.0,1.0,1.0
autonomy,autonomy,full_aassr,opaque_dependency_l8,tabular_online,evaluation_unseen_zero_shot,opaque,imagined_nodes,30,0.0,0.0,0.0,0.0,0.0,0.0
autonomy,autonomy,full_aassr,opaque_dependency_l8,tabular_online,evaluation_unseen_zero_shot,opaque,imagination_depth,30,0.0,0.0,0.0,0.0,0.0,0.0
autonomy,autonomy,full_aassr,opaque_dependency_l8,tabular_online,evaluation_unseen_zero_shot,opaque,actual_return,30,0.0,0.0,0.0,0.0,0.0,0.0
autonomy,autonomy,full_aassr,opaque_dependency_l8,tabular_online,evaluation_unseen_zero_shot,opaque,runtime_seconds,30,0.005150533649813345,0.0007055641816866267,0.0049109053498104915,0.005411189399892464,0.00410357900094823,0.006971220501000062
autonomy,autonomy,full_aassr,opaque_dependency_l8,tabular_online,evaluation_unseen_zero_shot,opaque,real_transitions,30,8.0,0.0,8.0,8.0,8.0,8.0
autonomy,autonomy,full_aassr,opaque_dependency_l8,tabular_online,evaluation_unseen_zero_shot,opaque,imagined_transitions,30,0.0,0.0,0.0,0.0,0.0,0.0
autonomy,autonomy,full_aassr,opaque_dependency_l8,tabular_online,evaluation_unseen_zero_shot,opaque,action_proposals,30,8.0,0.0,8.0,8.0,8.0,8.0
autonomy,autonomy,full_aassr,opaque_dependency_l8,tabular_online,evaluation_unseen_zero_shot,opaque,repeat_rate,30,0.0,0.0,0.0,0.0,0.0,0.0
autonomy,autonomy,full_aassr,opaque_dependency_l8,tabular_online,evaluation_unseen_zero_shot,opaque,error_rate,30,0.0,0.0,0.0,0.0,0.0,0.0
autonomy,autonomy,full_aassr,opaque_dependency_l8,tabular_online,training,opaque,success,30,0.03431666666666667,0.03425046773738842,0.023,0.04653333333333333,0.0,0.08
autonomy,autonomy,full_aassr,opaque_dependency_l8,tabular_online,training,opaque,steps,30,8.0,0.0,8.0,8.0,8.0,8.0
autonomy,autonomy,full_aassr,opaque_dependency_l8,tabular_online,training,opaque,high_level_steps,30,8.0,0.0,8.0,8.0,8.0,8.0
autonomy,autonomy,full_aassr,opaque_dependency_l8,tabular_online,training,opaque,primitive_steps,30,8.0,0.0,8.0,8.0,8.0,8.0
autonomy,autonomy,full_aassr,opaque_dependency_l8,tabular_online,training,opaque,reward,30,0.03431666666666667,0.03425046773738842,0.02235,0.04596666666666667,0.0,0.08
autonomy,autonomy,full_aassr,opaque_dependency_l8,tabular_online,training,opaque,errors,30,0.0,0.0,0.0,0.0,0.0,0.0
autonomy,autonomy,full_aassr,opaque_dependency_l8,tabular_online,training,opaque,repeats,30,0.0,0.0,0.0,0.0,0.0,0.0
autonomy,autonomy,full_aassr,opaque_dependency_l8,tabular_online,training,opaque,prediction_score,30,0.9899749999999999,0.0003545425658993206,0.9898541666666667,0.9901020833333334,0.9893125,0.9908125
autonomy,autonomy,full_aassr,opaque_dependency_l8,tabular_online,training,opaque,holdout_score,30,0.12352435400680856,0.00013394130036156537,0.12347915929611225,0.12357254119775309,0.12324525766160213,0.12391809068876289
autonomy,autonomy,full_aassr,opaque_dependency_l8,tabular_online,training,opaque,holdout_gain,30,6.6392562686676655e-06,4.384247607245034e-06,5.184631902003226e-06,8.236992762322008e-06,1.953125e-06,1.9903273809523807e-05
autonomy,autonomy,full_aassr,opaque_dependency_l8,tabular_online,training,opaque,imagined_nodes,30,525.2873999999999,2.722419158737684,524.3421833333333,526.24695,521.2435,530.5505
autonomy,autonomy,full_aassr,opaque_dependency_l8,tabular_online,training,opaque,imagination_depth,30,7.403833333333334,0.023502139790083944,7.396116666666667,7.4121999999999995,7.366,7.4525
autonomy,autonomy,full_aassr,opaque_dependency_l8,tabular_online,training,opaque,actual_return,30,0.03431666666666667,0.03425046773738842,0.02273333333333333,0.046516666666666664,0.0,0.08
autonomy,autonomy,full_aassr,opaque_dependency_l8,tabular_online,training,opaque,runtime_seconds,30,0.018366377895018864,0.0010892026131518846,0.017954169825051214,0.018728866648360175,0.015296066149749094,0.019603764150189818
autonomy,autonomy,full_aassr,opaque_dependency_l8,tabular_online,training,opaque,real_transitions,30,8.0,0.0,8.0,8.0,8.0,8.0
autonomy,autonomy,full_aassr,opaque_dependency_l8,tabular_online,training,opaque,imagined_transitions,30,525.2873999999999,2.722419158737684,524.3656,526.2559333333334,521.2435,530.5505
autonomy,autonomy,full_aassr,opaque_dependency_l8,tabular_online,training,opaque,action_proposals,30,8.0,0.0,8.0,8.0,8.0,8.0
autonomy,autonomy,full_aassr,opaque_dependency_l8,tabular_online,training,opaque,repeat_rate,30,0.0,0.0,0.0,0.0,0.0,0.0
autonomy,autonomy,full_aassr,opaque_dependency_l8,tabular_online,training,opaque,error_rate,30,0.0,0.0,0.0,0.0,0.0,0.0
autonomy,autonomy,full_aassr,opaque_dependency_l8,tabular_online,training,opaque,learning_auc,30,0.034333833583458394,0.0342676015381575,0.022811405702851426,0.046256461564115385,0.0,0.080040020010005
autonomy,autonomy,full_aassr,opaque_dependency_l8,tabular_online,training,opaque,final_tail_success,30,0.04933333333333333,0.05310583663833451,0.031000000000000003,0.068,0.0,0.12
autonomy,autonomy,full_aassr,opaque_dependency_l8,tabular_online,training,opaque,first_success_real_transitions,27,1936.2962962962963,1808.708481312113,1309.037037037037,2605.037037037037,64.0,6672.0
autonomy,autonomy,oracle_upper_bound,opaque_dependency_l4,oracle_privileged,evaluation_seen,opaque,success,30,1.0,0.0,1.0,1.0,1.0,1.0
autonomy,autonomy,oracle_upper_bound,opaque_dependency_l4,oracle_privileged,evaluation_seen,opaque,steps,30,4.0,0.0,4.0,4.0,4.0,4.0
autonomy,autonomy,oracle_upper_bound,opaque_dependency_l4,oracle_privileged,evaluation_seen,opaque,high_level_steps,30,4.0,0.0,4.0,4.0,4.0,4.0
autonomy,autonomy,oracle_upper_bound,opaque_dependency_l4,oracle_privileged,evaluation_seen,opaque,primitive_steps,30,4.0,0.0,4.0,4.0,4.0,4.0
autonomy,autonomy,oracle_upper_bound,opaque_dependency_l4,oracle_privileged,evaluation_seen,opaque,reward,30,1.0,0.0,1.0,1.0,1.0,1.0
autonomy,autonomy,oracle_upper_bound,opaque_dependency_l4,oracle_privileged,evaluation_seen,opaque,errors,30,0.0,0.0,0.0,0.0,0.0,0.0
autonomy,autonomy,oracle_upper_bound,opaque_dependency_l4,oracle_privileged,evaluation_seen,opaque,repeats,30,0.0,0.0,0.0,0.0,0.0,0.0
autonomy,autonomy,oracle_upper_bound,opaque_dependency_l4,oracle_privileged,evaluation_seen,opaque,imagined_nodes,30,0.0,0.0,0.0,0.0,0.0,0.0
autonomy,autonomy,oracle_upper_bound,opaque_dependency_l4,oracle_privileged,evaluation_seen,opaque,imagination_depth,30,0.0,0.0,0.0,0.0,0.0,0.0
autonomy,autonomy,oracle_upper_bound,opaque_dependency_l4,oracle_privileged,evaluation_seen,opaque,actual_return,30,1.0,0.0,1.0,1.0,1.0,1.0
autonomy,autonomy,oracle_upper_bound,opaque_dependency_l4,oracle_privileged,evaluation_seen,opaque,runtime_seconds,30,8.304761677087906e-05,2.561666673002251e-05,7.57452336207886e-05,9.318571672095763e-05,5.943750104052015e-05,0.00020224099993356503
autonomy,autonomy,oracle_upper_bound,opaque_dependency_l4,oracle_privileged,evaluation_seen,opaque,real_transitions,30,4.0,0.0,4.0,4.0,4.0,4.0
autonomy,autonomy,oracle_upper_bound,opaque_dependency_l4,oracle_privileged,evaluation_seen,opaque,imagined_transitions,30,0.0,0.0,0.0,0.0,0.0,0.0
autonomy,autonomy,oracle_upper_bound,opaque_dependency_l4,oracle_privileged,evaluation_seen,opaque,action_proposals,30,4.0,0.0,4.0,4.0,4.0,4.0
autonomy,autonomy,oracle_upper_bound,opaque_dependency_l4,oracle_privileged,evaluation_seen,opaque,repeat_rate,30,0.0,0.0,0.0,0.0,0.0,0.0
autonomy,autonomy,oracle_upper_bound,opaque_dependency_l4,oracle_privileged,evaluation_seen,opaque,error_rate,30,0.0,0.0,0.0,0.0,0.0,0.0
autonomy,autonomy,oracle_upper_bound,opaque_dependency_l4,oracle_privileged,evaluation_unseen_zero_shot,opaque,success,30,1.0,0.0,1.0,1.0,1.0,1.0
autonomy,autonomy,oracle_upper_bound,opaque_dependency_l4,oracle_privileged,evaluation_unseen_zero_shot,opaque,steps,30,4.0,0.0,4.0,4.0,4.0,4.0
autonomy,autonomy,oracle_upper_bound,opaque_dependency_l4,oracle_privileged,evaluation_unseen_zero_shot,opaque,high_level_steps,30,4.0,0.0,4.0,4.0,4.0,4.0
autonomy,autonomy,oracle_upper_bound,opaque_dependency_l4,oracle_privileged,evaluation_unseen_zero_shot,opaque,primitive_steps,30,4.0,0.0,4.0,4.0,4.0,4.0
autonomy,autonomy,oracle_upper_bound,opaque_dependency_l4,oracle_privileged,evaluation_unseen_zero_shot,opaque,reward,30,1.0,0.0,1.0,1.0,1.0,1.0
autonomy,autonomy,oracle_upper_bound,opaque_dependency_l4,oracle_privileged,evaluation_unseen_zero_shot,opaque,errors,30,0.0,0.0,0.0,0.0,0.0,0.0
autonomy,autonomy,oracle_upper_bound,opaque_dependency_l4,oracle_privileged,evaluation_unseen_zero_shot,opaque,repeats,30,0.0,0.0,0.0,0.0,0.0,0.0
autonomy,autonomy,oracle_upper_bound,opaque_dependency_l4,oracle_privileged,evaluation_unseen_zero_shot,opaque,imagined_nodes,30,0.0,0.0,0.0,0.0,0.0,0.0
autonomy,autonomy,oracle_upper_bound,opaque_dependency_l4,oracle_privileged,evaluation_unseen_zero_shot,opaque,imagination_depth,30,0.0,0.0,0.0,0.0,0.0,0.0
autonomy,autonomy,oracle_upper_bound,opaque_dependency_l4,oracle_privileged,evaluation_unseen_zero_shot,opaque,actual_return,30,1.0,0.0,1.0,1.0,1.0,1.0
autonomy,autonomy,oracle_upper_bound,opaque_dependency_l4,oracle_privileged,evaluation_unseen_zero_shot,opaque,runtime_seconds,30,7.706094984799468e-05,1.2527800960750221e-05,7.27176501386566e-05,8.158158324658871e-05,5.921599775319919e-05,0.00010012699902290479
autonomy,autonomy,oracle_upper_bound,opaque_dependency_l4,oracle_privileged,evaluation_unseen_zero_shot,opaque,real_transitions,30,4.0,0.0,4.0,4.0,4.0,4.0
autonomy,autonomy,oracle_upper_bound,opaque_dependency_l4,oracle_privileged,evaluation_unseen_zero_shot,opaque,imagined_transitions,30,0.0,0.0,0.0,0.0,0.0,0.0
autonomy,autonomy,oracle_upper_bound,opaque_dependency_l4,oracle_privileged,evaluation_unseen_zero_shot,opaque,action_proposals,30,4.0,0.0,4.0,4.0,4.0,4.0
autonomy,autonomy,oracle_upper_bound,opaque_dependency_l4,oracle_privileged,evaluation_unseen_zero_shot,opaque,repeat_rate,30,0.0,0.0,0.0,0.0,0.0,0.0
autonomy,autonomy,oracle_upper_bound,opaque_dependency_l4,oracle_privileged,evaluation_unseen_zero_shot,opaque,error_rate,30,0.0,0.0,0.0,0.0,0.0,0.0
autonomy,autonomy,oracle_upper_bound,opaque_dependency_l4,oracle_privileged,training,opaque,success,30,1.0,0.0,1.0,1.0,1.0,1.0
autonomy,autonomy,oracle_upper_bound,opaque_dependency_l4,oracle_privileged,training,opaque,steps,30,4.0,0.0,4.0,4.0,4.0,4.0
autonomy,autonomy,oracle_upper_bound,opaque_dependency_l4,oracle_privileged,training,opaque,high_level_steps,30,4.0,0.0,4.0,4.0,4.0,4.0
autonomy,autonomy,oracle_upper_bound,opaque_dependency_l4,oracle_privileged,training,opaque,primitive_steps,30,4.0,0.0,4.0,4.0,4.0,4.0
autonomy,autonomy,oracle_upper_bound,opaque_dependency_l4,oracle_privileged,training,opaque,reward,30,1.0,0.0,1.0,1.0,1.0,1.0
autonomy,autonomy,oracle_upper_bound,opaque_dependency_l4,oracle_privileged,training,opaque,errors,30,0.0,0.0,0.0,0.0,0.0,0.0
autonomy,autonomy,oracle_upper_bound,opaque_dependency_l4,oracle_privileged,training,opaque,repeats,30,0.0,0.0,0.0,0.0,0.0,0.0
autonomy,autonomy,oracle_upper_bound,opaque_dependency_l4,oracle_privileged,training,opaque,prediction_score,30,0.0,0.0,0.0,0.0,0.0,0.0
autonomy,autonomy,oracle_upper_bound,opaque_dependency_l4,oracle_privileged,training,opaque,holdout_score,30,0.0,0.0,0.0,0.0,0.0,0.0
autonomy,autonomy,oracle_upper_bound,opaque_dependency_l4,oracle_privileged,training,opaque,holdout_gain,30,0.0,0.0,0.0,0.0,0.0,0.0
autonomy,autonomy,oracle_upper_bound,opaque_dependency_l4,oracle_privileged,training,opaque,imagined_nodes,30,0.0,0.0,0.0,0.0,0.0,0.0
autonomy,autonomy,oracle_upper_bound,opaque_dependency_l4,oracle_privileged,training,opaque,imagination_depth,30,0.0,0.0,0.0,0.0,0.0,0.0
autonomy,autonomy,oracle_upper_bound,opaque_dependency_l4,oracle_privileged,training,opaque,actual_return,30,1.0,0.0,1.0,1.0,1.0,1.0
autonomy,autonomy,oracle_upper_bound,opaque_dependency_l4,oracle_privileged,training,opaque,runtime_seconds,30,8.566200001320491e-05,7.327615410420712e-06,8.311543006954404e-05,8.831313000700903e-05,7.097495064954273e-05,0.00010493425028107594
autonomy,autonomy,oracle_upper_bound,opaque_dependency_l4,oracle_privileged,training,opaque,real_transitions,30,4.0,0.0,4.0,4.0,4.0,4.0
autonomy,autonomy,oracle_upper_bound,opaque_dependency_l4,oracle_privileged,training,opaque,imagined_transitions,30,0.0,0.0,0.0,0.0,0.0,0.0
autonomy,autonomy,oracle_upper_bound,opaque_dependency_l4,oracle_privileged,training,opaque,action_proposals,30,4.0,0.0,4.0,4.0,4.0,4.0
autonomy,autonomy,oracle_upper_bound,opaque_dependency_l4,oracle_privileged,training,opaque,repeat_rate,30,0.0,0.0,0.0,0.0,0.0,0.0
autonomy,autonomy,oracle_upper_bound,opaque_dependency_l4,oracle_privileged,training,opaque,error_rate,30,0.0,0.0,0.0,0.0,0.0,0.0
autonomy,autonomy,oracle_upper_bound,opaque_dependency_l4,oracle_privileged,training,opaque,learning_auc,30,1.0,0.0,1.0,1.0,1.0,1.0
autonomy,autonomy,oracle_upper_bound,opaque_dependency_l4,oracle_privileged,training,opaque,final_tail_success,30,1.0,0.0,1.0,1.0,1.0,1.0
autonomy,autonomy,oracle_upper_bound,opaque_dependency_l4,oracle_privileged,training,opaque,first_success_real_transitions,30,4.0,0.0,4.0,4.0,4.0,4.0
autonomy,autonomy,oracle_upper_bound,opaque_dependency_l6,oracle_privileged,evaluation_seen,opaque,success,30,1.0,0.0,1.0,1.0,1.0,1.0
autonomy,autonomy,oracle_upper_bound,opaque_dependency_l6,oracle_privileged,evaluation_seen,opaque,steps,30,6.0,0.0,6.0,6.0,6.0,6.0
autonomy,autonomy,oracle_upper_bound,opaque_dependency_l6,oracle_privileged,evaluation_seen,opaque,high_level_steps,30,6.0,0.0,6.0,6.0,6.0,6.0
autonomy,autonomy,oracle_upper_bound,opaque_dependency_l6,oracle_privileged,evaluation_seen,opaque,primitive_steps,30,6.0,0.0,6.0,6.0,6.0,6.0
autonomy,autonomy,oracle_upper_bound,opaque_dependency_l6,oracle_privileged,evaluation_seen,opaque,reward,30,1.0,0.0,1.0,1.0,1.0,1.0
autonomy,autonomy,oracle_upper_bound,opaque_dependency_l6,oracle_privileged,evaluation_seen,opaque,errors,30,0.0,0.0,0.0,0.0,0.0,0.0
autonomy,autonomy,oracle_upper_bound,opaque_dependency_l6,oracle_privileged,evaluation_seen,opaque,repeats,30,0.0,0.0,0.0,0.0,0.0,0.0
autonomy,autonomy,oracle_upper_bound,opaque_dependency_l6,oracle_privileged,evaluation_seen,opaque,imagined_nodes,30,0.0,0.0,0.0,0.0,0.0,0.0
autonomy,autonomy,oracle_upper_bound,opaque_dependency_l6,oracle_privileged,evaluation_seen,opaque,imagination_depth,30,0.0,0.0,0.0,0.0,0.0,0.0
autonomy,autonomy,oracle_upper_bound,opaque_dependency_l6,oracle_privileged,evaluation_seen,opaque,actual_return,30,1.0,0.0,1.0,1.0,1.0,1.0
autonomy,autonomy,oracle_upper_bound,opaque_dependency_l6,oracle_privileged,evaluation_seen,opaque,runtime_seconds,30,0.00012370001687668264,3.394564976333039e-05,0.00011431286676573412,0.00013751065040802738,9.303700004238635e-05,0.0002868829999351874
autonomy,autonomy,oracle_upper_bound,opaque_dependency_l6,oracle_privileged,evaluation_seen,opaque,real_transitions,30,6.0,0.0,6.0,6.0,6.0,6.0
autonomy,autonomy,oracle_upper_bound,opaque_dependency_l6,oracle_privileged,evaluation_seen,opaque,imagined_transitions,30,0.0,0.0,0.0,0.0,0.0,0.0
autonomy,autonomy,oracle_upper_bound,opaque_dependency_l6,oracle_privileged,evaluation_seen,opaque,action_proposals,30,6.0,0.0,6.0,6.0,6.0,6.0
autonomy,autonomy,oracle_upper_bound,opaque_dependency_l6,oracle_privileged,evaluation_seen,opaque,repeat_rate,30,0.0,0.0,0.0,0.0,0.0,0.0
autonomy,autonomy,oracle_upper_bound,opaque_dependency_l6,oracle_privileged,evaluation_seen,opaque,error_rate,30,0.0,0.0,0.0,0.0,0.0,0.0
autonomy,autonomy,oracle_upper_bound,opaque_dependency_l6,oracle_privileged,evaluation_unseen_zero_shot,opaque,success,30,1.0,0.0,1.0,1.0,1.0,1.0
autonomy,autonomy,oracle_upper_bound,opaque_dependency_l6,oracle_privileged,evaluation_unseen_zero_shot,opaque,steps,30,6.0,0.0,6.0,6.0,6.0,6.0
autonomy,autonomy,oracle_upper_bound,opaque_dependency_l6,oracle_privileged,evaluation_unseen_zero_shot,opaque,high_level_steps,30,6.0,0.0,6.0,6.0,6.0,6.0
autonomy,autonomy,oracle_upper_bound,opaque_dependency_l6,oracle_privileged,evaluation_unseen_zero_shot,opaque,primitive_steps,30,6.0,0.0,6.0,6.0,6.0,6.0
autonomy,autonomy,oracle_upper_bound,opaque_dependency_l6,oracle_privileged,evaluation_unseen_zero_shot,opaque,reward,30,1.0,0.0,1.0,1.0,1.0,1.0
autonomy,autonomy,oracle_upper_bound,opaque_dependency_l6,oracle_privileged,evaluation_unseen_zero_shot,opaque,errors,30,0.0,0.0,0.0,0.0,0.0,0.0
autonomy,autonomy,oracle_upper_bound,opaque_dependency_l6,oracle_privileged,evaluation_unseen_zero_shot,opaque,repeats,30,0.0,0.0,0.0,0.0,0.0,0.0
autonomy,autonomy,oracle_upper_bound,opaque_dependency_l6,oracle_privileged,evaluation_unseen_zero_shot,opaque,imagined_nodes,30,0.0,0.0,0.0,0.0,0.0,0.0
autonomy,autonomy,oracle_upper_bound,opaque_dependency_l6,oracle_privileged,evaluation_unseen_zero_shot,opaque,imagination_depth,30,0.0,0.0,0.0,0.0,0.0,0.0
autonomy,autonomy,oracle_upper_bound,opaque_dependency_l6,oracle_privileged,evaluation_unseen_zero_shot,opaque,actual_return,30,1.0,0.0,1.0,1.0,1.0,1.0
autonomy,autonomy,oracle_upper_bound,opaque_dependency_l6,oracle_privileged,evaluation_unseen_zero_shot,opaque,runtime_seconds,30,0.0001230135165921335,3.130105316839672e-05,0.00011385366648513203,0.00013536716667294967,8.986099914181977e-05,0.0002714339994417969
autonomy,autonomy,oracle_upper_bound,opaque_dependency_l6,oracle_privileged,evaluation_unseen_zero_shot,opaque,real_transitions,30,6.0,0.0,6.0,6.0,6.0,6.0
autonomy,autonomy,oracle_upper_bound,opaque_dependency_l6,oracle_privileged,evaluation_unseen_zero_shot,opaque,imagined_transitions,30,0.0,0.0,0.0,0.0,0.0,0.0
autonomy,autonomy,oracle_upper_bound,opaque_dependency_l6,oracle_privileged,evaluation_unseen_zero_shot,opaque,action_proposals,30,6.0,0.0,6.0,6.0,6.0,6.0
autonomy,autonomy,oracle_upper_bound,opaque_dependency_l6,oracle_privileged,evaluation_unseen_zero_shot,opaque,repeat_rate,30,0.0,0.0,0.0,0.0,0.0,0.0
autonomy,autonomy,oracle_upper_bound,opaque_dependency_l6,oracle_privileged,evaluation_unseen_zero_shot,opaque,error_rate,30,0.0,0.0,0.0,0.0,0.0,0.0
autonomy,autonomy,oracle_upper_bound,opaque_dependency_l6,oracle_privileged,training,opaque,success,30,1.0,0.0,1.0,1.0,1.0,1.0
autonomy,autonomy,oracle_upper_bound,opaque_dependency_l6,oracle_privileged,training,opaque,steps,30,6.0,0.0,6.0,6.0,6.0,6.0
autonomy,autonomy,oracle_upper_bound,opaque_dependency_l6,oracle_privileged,training,opaque,high_level_steps,30,6.0,0.0,6.0,6.0,6.0,6.0
autonomy,autonomy,oracle_upper_bound,opaque_dependency_l6,oracle_privileged,training,opaque,primitive_steps,30,6.0,0.0,6.0,6.0,6.0,6.0
autonomy,autonomy,oracle_upper_bound,opaque_dependency_l6,oracle_privileged,training,opaque,reward,30,1.0,0.0,1.0,1.0,1.0,1.0
autonomy,autonomy,oracle_upper_bound,opaque_dependency_l6,oracle_privileged,training,opaque,errors,30,0.0,0.0,0.0,0.0,0.0,0.0
autonomy,autonomy,oracle_upper_bound,opaque_dependency_l6,oracle_privileged,training,opaque,repeats,30,0.0,0.0,0.0,0.0,0.0,0.0
autonomy,autonomy,oracle_upper_bound,opaque_dependency_l6,oracle_privileged,training,opaque,prediction_score,30,0.0,0.0,0.0,0.0,0.0,0.0
autonomy,autonomy,oracle_upper_bound,opaque_dependency_l6,oracle_privileged,training,opaque,holdout_score,30,0.0,0.0,0.0,0.0,0.0,0.0
autonomy,autonomy,oracle_upper_bound,opaque_dependency_l6,oracle_privileged,training,opaque,holdout_gain,30,0.0,0.0,0.0,0.0,0.0,0.0
autonomy,autonomy,oracle_upper_bound,opaque_dependency_l6,oracle_privileged,training,opaque,imagined_nodes,30,0.0,0.0,0.0,0.0,0.0,0.0
autonomy,autonomy,oracle_upper_bound,opaque_dependency_l6,oracle_privileged,training,opaque,imagination_depth,30,0.0,0.0,0.0,0.0,0.0,0.0
autonomy,autonomy,oracle_upper_bound,opaque_dependency_l6,oracle_privileged,training,opaque,actual_return,30,1.0,0.0,1.0,1.0,1.0,1.0
autonomy,autonomy,oracle_upper_bound,opaque_dependency_l6,oracle_privileged,training,opaque,runtime_seconds,30,0.000130881798263484,1.3081544400977847e-05,0.00012638987658622984,0.0001355842232495585,0.00010601949953706935,0.00015798035002080723
autonomy,autonomy,oracle_upper_bound,opaque_dependency_l6,oracle_privileged,training,opaque,real_transitions,30,6.0,0.0,6.0,6.0,6.0,6.0
autonomy,autonomy,oracle_upper_bound,opaque_dependency_l6,oracle_privileged,training,opaque,imagined_transitions,30,0.0,0.0,0.0,0.0,0.0,0.0
autonomy,autonomy,oracle_upper_bound,opaque_dependency_l6,oracle_privileged,training,opaque,action_proposals,30,6.0,0.0,6.0,6.0,6.0,6.0
autonomy,autonomy,oracle_upper_bound,opaque_dependency_l6,oracle_privileged,training,opaque,repeat_rate,30,0.0,0.0,0.0,0.0,0.0,0.0
autonomy,autonomy,oracle_upper_bound,opaque_dependency_l6,oracle_privileged,training,opaque,error_rate,30,0.0,0.0,0.0,0.0,0.0,0.0
autonomy,autonomy,oracle_upper_bound,opaque_dependency_l6,oracle_privileged,training,opaque,learning_auc,30,1.0,0.0,1.0,1.0,1.0,1.0
autonomy,autonomy,oracle_upper_bound,opaque_dependency_l6,oracle_privileged,training,opaque,final_tail_success,30,1.0,0.0,1.0,1.0,1.0,1.0
autonomy,autonomy,oracle_upper_bound,opaque_dependency_l6,oracle_privileged,training,opaque,first_success_real_transitions,30,6.0,0.0,6.0,6.0,6.0,6.0
autonomy,autonomy,oracle_upper_bound,opaque_dependency_l8,oracle_privileged,evaluation_seen,opaque,success,30,1.0,0.0,1.0,1.0,1.0,1.0
autonomy,autonomy,oracle_upper_bound,opaque_dependency_l8,oracle_privileged,evaluation_seen,opaque,steps,30,8.0,0.0,8.0,8.0,8.0,8.0
autonomy,autonomy,oracle_upper_bound,opaque_dependency_l8,oracle_privileged,evaluation_seen,opaque,high_level_steps,30,8.0,0.0,8.0,8.0,8.0,8.0
autonomy,autonomy,oracle_upper_bound,opaque_dependency_l8,oracle_privileged,evaluation_seen,opaque,primitive_steps,30,8.0,0.0,8.0,8.0,8.0,8.0
autonomy,autonomy,oracle_upper_bound,opaque_dependency_l8,oracle_privileged,evaluation_seen,opaque,reward,30,1.0,0.0,1.0,1.0,1.0,1.0
autonomy,autonomy,oracle_upper_bound,opaque_dependency_l8,oracle_privileged,evaluation_seen,opaque,errors,30,0.0,0.0,0.0,0.0,0.0,0.0
autonomy,autonomy,oracle_upper_bound,opaque_dependency_l8,oracle_privileged,evaluation_seen,opaque,repeats,30,0.0,0.0,0.0,0.0,0.0,0.0
autonomy,autonomy,oracle_upper_bound,opaque_dependency_l8,oracle_privileged,evaluation_seen,opaque,imagined_nodes,30,0.0,0.0,0.0,0.0,0.0,0.0
autonomy,autonomy,oracle_upper_bound,opaque_dependency_l8,oracle_privileged,evaluation_seen,opaque,imagination_depth,30,0.0,0.0,0.0,0.0,0.0,0.0
autonomy,autonomy,oracle_upper_bound,opaque_dependency_l8,oracle_privileged,evaluation_seen,opaque,actual_return,30,1.0,0.0,1.0,1.0,1.0,1.0
autonomy,autonomy,oracle_upper_bound,opaque_dependency_l8,oracle_privileged,evaluation_seen,opaque,runtime_seconds,30,0.00017740618304621118,5.794249277692091e-05,0.0001601546496191683,0.00020046559967158828,0.00012208900006953626,0.0003835989983053878
autonomy,autonomy,oracle_upper_bound,opaque_dependency_l8,oracle_privileged,evaluation_seen,opaque,real_transitions,30,8.0,0.0,8.0,8.0,8.0,8.0
autonomy,autonomy,oracle_upper_bound,opaque_dependency_l8,oracle_privileged,evaluation_seen,opaque,imagined_transitions,30,0.0,0.0,0.0,0.0,0.0,0.0
autonomy,autonomy,oracle_upper_bound,opaque_dependency_l8,oracle_privileged,evaluation_seen,opaque,action_proposals,30,8.0,0.0,8.0,8.0,8.0,8.0
autonomy,autonomy,oracle_upper_bound,opaque_dependency_l8,oracle_privileged,evaluation_seen,opaque,repeat_rate,30,0.0,0.0,0.0,0.0,0.0,0.0
autonomy,autonomy,oracle_upper_bound,opaque_dependency_l8,oracle_privileged,evaluation_seen,opaque,error_rate,30,0.0,0.0,0.0,0.0,0.0,0.0
autonomy,autonomy,oracle_upper_bound,opaque_dependency_l8,oracle_privileged,evaluation_unseen_zero_shot,opaque,success,30,1.0,0.0,1.0,1.0,1.0,1.0
autonomy,autonomy,oracle_upper_bound,opaque_dependency_l8,oracle_privileged,evaluation_unseen_zero_shot,opaque,steps,30,8.0,0.0,8.0,8.0,8.0,8.0
autonomy,autonomy,oracle_upper_bound,opaque_dependency_l8,oracle_privileged,evaluation_unseen_zero_shot,opaque,high_level_steps,30,8.0,0.0,8.0,8.0,8.0,8.0
autonomy,autonomy,oracle_upper_bound,opaque_dependency_l8,oracle_privileged,evaluation_unseen_zero_shot,opaque,primitive_steps,30,8.0,0.0,8.0,8.0,8.0,8.0
autonomy,autonomy,oracle_upper_bound,opaque_dependency_l8,oracle_privileged,evaluation_unseen_zero_shot,opaque,reward,30,1.0,0.0,1.0,1.0,1.0,1.0
autonomy,autonomy,oracle_upper_bound,opaque_dependency_l8,oracle_privileged,evaluation_unseen_zero_shot,opaque,errors,30,0.0,0.0,0.0,0.0,0.0,0.0
autonomy,autonomy,oracle_upper_bound,opaque_dependency_l8,oracle_privileged,evaluation_unseen_zero_shot,opaque,repeats,30,0.0,0.0,0.0,0.0,0.0,0.0
autonomy,autonomy,oracle_upper_bound,opaque_dependency_l8,oracle_privileged,evaluation_unseen_zero_shot,opaque,imagined_nodes,30,0.0,0.0,0.0,0.0,0.0,0.0
autonomy,autonomy,oracle_upper_bound,opaque_dependency_l8,oracle_privileged,evaluation_unseen_zero_shot,opaque,imagination_depth,30,0.0,0.0,0.0,0.0,0.0,0.0
autonomy,autonomy,oracle_upper_bound,opaque_dependency_l8,oracle_privileged,evaluation_unseen_zero_shot,opaque,actual_return,30,1.0,0.0,1.0,1.0,1.0,1.0
autonomy,autonomy,oracle_upper_bound,opaque_dependency_l8,oracle_privileged,evaluation_unseen_zero_shot,opaque,runtime_seconds,30,0.00016845374986102494,4.3844872188511554e-05,0.00015587303330539726,0.0001856542497795696,0.00012421600084053353,0.00037353649880969895
autonomy,autonomy,oracle_upper_bound,opaque_dependency_l8,oracle_privileged,evaluation_unseen_zero_shot,opaque,real_transitions,30,8.0,0.0,8.0,8.0,8.0,8.0
autonomy,autonomy,oracle_upper_bound,opaque_dependency_l8,oracle_privileged,evaluation_unseen_zero_shot,opaque,imagined_transitions,30,0.0,0.0,0.0,0.0,0.0,0.0
autonomy,autonomy,oracle_upper_bound,opaque_dependency_l8,oracle_privileged,evaluation_unseen_zero_shot,opaque,action_proposals,30,8.0,0.0,8.0,8.0,8.0,8.0
autonomy,autonomy,oracle_upper_bound,opaque_dependency_l8,oracle_privileged,evaluation_unseen_zero_shot,opaque,repeat_rate,30,0.0,0.0,0.0,0.0,0.0,0.0
autonomy,autonomy,oracle_upper_bound,opaque_dependency_l8,oracle_privileged,evaluation_unseen_zero_shot,opaque,error_rate,30,0.0,0.0,0.0,0.0,0.0,0.0
autonomy,autonomy,oracle_upper_bound,opaque_dependency_l8,oracle_privileged,training,opaque,success,30,1.0,0.0,1.0,1.0,1.0,1.0
autonomy,autonomy,oracle_upper_bound,opaque_dependency_l8,oracle_privileged,training,opaque,steps,30,8.0,0.0,8.0,8.0,8.0,8.0
autonomy,autonomy,oracle_upper_bound,opaque_dependency_l8,oracle_privileged,training,opaque,high_level_steps,30,8.0,0.0,8.0,8.0,8.0,8.0
autonomy,autonomy,oracle_upper_bound,opaque_dependency_l8,oracle_privileged,training,opaque,primitive_steps,30,8.0,0.0,8.0,8.0,8.0,8.0
autonomy,autonomy,oracle_upper_bound,opaque_dependency_l8,oracle_privileged,training,opaque,reward,30,1.0,0.0,1.0,1.0,1.0,1.0
autonomy,autonomy,oracle_upper_bound,opaque_dependency_l8,oracle_privileged,training,opaque,errors,30,0.0,0.0,0.0,0.0,0.0,0.0
autonomy,autonomy,oracle_upper_bound,opaque_dependency_l8,oracle_privileged,training,opaque,repeats,30,0.0,0.0,0.0,0.0,0.0,0.0
autonomy,autonomy,oracle_upper_bound,opaque_dependency_l8,oracle_privileged,training,opaque,prediction_score,30,0.0,0.0,0.0,0.0,0.0,0.0
autonomy,autonomy,oracle_upper_bound,opaque_dependency_l8,oracle_privileged,training,opaque,holdout_score,30,0.0,0.0,0.0,0.0,0.0,0.0
autonomy,autonomy,oracle_upper_bound,opaque_dependency_l8,oracle_privileged,training,opaque,holdout_gain,30,0.0,0.0,0.0,0.0,0.0,0.0
autonomy,autonomy,oracle_upper_bound,opaque_dependency_l8,oracle_privileged,training,opaque,imagined_nodes,30,0.0,0.0,0.0,0.0,0.0,0.0
autonomy,autonomy,oracle_upper_bound,opaque_dependency_l8,oracle_privileged,training,opaque,imagination_depth,30,0.0,0.0,0.0,0.0,0.0,0.0
autonomy,autonomy,oracle_upper_bound,opaque_dependency_l8,oracle_privileged,training,opaque,actual_return,30,1.0,0.0,1.0,1.0,1.0,1.0
autonomy,autonomy,oracle_upper_bound,opaque_dependency_l8,oracle_privileged,training,opaque,runtime_seconds,30,0.0001751233466153887,1.2672805807338238e-05,0.00017062634656467708,0.00017946515832688116,0.00015006759949028493,0.0002043618500174489
autonomy,autonomy,oracle_upper_bound,opaque_dependency_l8,oracle_privileged,training,opaque,real_transitions,30,8.0,0.0,8.0,8.0,8.0,8.0
autonomy,autonomy,oracle_upper_bound,opaque_dependency_l8,oracle_privileged,training,opaque,imagined_transitions,30,0.0,0.0,0.0,0.0,0.0,0.0
autonomy,autonomy,oracle_upper_bound,opaque_dependency_l8,oracle_privileged,training,opaque,action_proposals,30,8.0,0.0,8.0,8.0,8.0,8.0
autonomy,autonomy,oracle_upper_bound,opaque_dependency_l8,oracle_privileged,training,opaque,repeat_rate,30,0.0,0.0,0.0,0.0,0.0,0.0
autonomy,autonomy,oracle_upper_bound,opaque_dependency_l8,oracle_privileged,training,opaque,error_rate,30,0.0,0.0,0.0,0.0,0.0,0.0
autonomy,autonomy,oracle_upper_bound,opaque_dependency_l8,oracle_privileged,training,opaque,learning_auc,30,1.0,0.0,1.0,1.0,1.0,1.0
autonomy,autonomy,oracle_upper_bound,opaque_dependency_l8,oracle_privileged,training,opaque,final_tail_success,30,1.0,0.0,1.0,1.0,1.0,1.0
autonomy,autonomy,oracle_upper_bound,opaque_dependency_l8,oracle_privileged,training,opaque,first_success_real_transitions,30,8.0,0.0,8.0,8.0,8.0,8.0
autonomy,autonomy,prophecy_no_imagination,opaque_dependency_l4,tabular_online,evaluation_seen,opaque,success,30,0.0,0.0,0.0,0.0,0.0,0.0
autonomy,autonomy,prophecy_no_imagination,opaque_dependency_l4,tabular_online,evaluation_seen,opaque,steps,30,4.0,0.0,4.0,4.0,4.0,4.0
autonomy,autonomy,prophecy_no_imagination,opaque_dependency_l4,tabular_online,evaluation_seen,opaque,high_level_steps,30,4.0,0.0,4.0,4.0,4.0,4.0
autonomy,autonomy,prophecy_no_imagination,opaque_dependency_l4,tabular_online,evaluation_seen,opaque,primitive_steps,30,4.0,0.0,4.0,4.0,4.0,4.0
autonomy,autonomy,prophecy_no_imagination,opaque_dependency_l4,tabular_online,evaluation_seen,opaque,reward,30,0.0,0.0,0.0,0.0,0.0,0.0
autonomy,autonomy,prophecy_no_imagination,opaque_dependency_l4,tabular_online,evaluation_seen,opaque,errors,30,0.0,0.0,0.0,0.0,0.0,0.0
autonomy,autonomy,prophecy_no_imagination,opaque_dependency_l4,tabular_online,evaluation_seen,opaque,repeats,30,0.0,0.0,0.0,0.0,0.0,0.0
autonomy,autonomy,prophecy_no_imagination,opaque_dependency_l4,tabular_online,evaluation_seen,opaque,prediction_score,30,0.0,0.0,0.0,0.0,0.0,0.0
autonomy,autonomy,prophecy_no_imagination,opaque_dependency_l4,tabular_online,evaluation_seen,opaque,holdout_score,30,1.0,5.633452187014108e-17,0.9999999999999999,1.0,0.9999999999999999,1.0
autonomy,autonomy,prophecy_no_imagination,opaque_dependency_l4,tabular_online,evaluation_seen,opaque,imagined_nodes,30,0.0,0.0,0.0,0.0,0.0,0.0
autonomy,autonomy,prophecy_no_imagination,opaque_dependency_l4,tabular_online,evaluation_seen,opaque,imagination_depth,30,0.0,0.0,0.0,0.0,0.0,0.0
autonomy,autonomy,prophecy_no_imagination,opaque_dependency_l4,tabular_online,evaluation_seen,opaque,actual_return,30,0.0,0.0,0.0,0.0,0.0,0.0
autonomy,autonomy,prophecy_no_imagination,opaque_dependency_l4,tabular_online,evaluation_seen,opaque,runtime_seconds,30,0.0022881053833795403,0.00019853565331880168,0.0022179567003137585,0.0023567734998456826,0.0018807050003670155,0.002623052000126336
autonomy,autonomy,prophecy_no_imagination,opaque_dependency_l4,tabular_online,evaluation_seen,opaque,real_transitions,30,4.0,0.0,4.0,4.0,4.0,4.0
autonomy,autonomy,prophecy_no_imagination,opaque_dependency_l4,tabular_online,evaluation_seen,opaque,imagined_transitions,30,0.0,0.0,0.0,0.0,0.0,0.0
autonomy,autonomy,prophecy_no_imagination,opaque_dependency_l4,tabular_online,evaluation_seen,opaque,action_proposals,30,4.0,0.0,4.0,4.0,4.0,4.0
autonomy,autonomy,prophecy_no_imagination,opaque_dependency_l4,tabular_online,evaluation_seen,opaque,repeat_rate,30,0.0,0.0,0.0,0.0,0.0,0.0
autonomy,autonomy,prophecy_no_imagination,opaque_dependency_l4,tabular_online,evaluation_seen,opaque,error_rate,30,0.0,0.0,0.0,0.0,0.0,0.0
autonomy,autonomy,prophecy_no_imagination,opaque_dependency_l4,tabular_online,evaluation_unseen_zero_shot,opaque,success,30,0.0,0.0,0.0,0.0,0.0,0.0
autonomy,autonomy,prophecy_no_imagination,opaque_dependency_l4,tabular_online,evaluation_unseen_zero_shot,opaque,steps,30,4.0,0.0,4.0,4.0,4.0,4.0
autonomy,autonomy,prophecy_no_imagination,opaque_dependency_l4,tabular_online,evaluation_unseen_zero_shot,opaque,high_level_steps,30,4.0,0.0,4.0,4.0,4.0,4.0
autonomy,autonomy,prophecy_no_imagination,opaque_dependency_l4,tabular_online,evaluation_unseen_zero_shot,opaque,primitive_steps,30,4.0,0.0,4.0,4.0,4.0,4.0
autonomy,autonomy,prophecy_no_imagination,opaque_dependency_l4,tabular_online,evaluation_unseen_zero_shot,opaque,reward,30,0.0,0.0,0.0,0.0,0.0,0.0
autonomy,autonomy,prophecy_no_imagination,opaque_dependency_l4,tabular_online,evaluation_unseen_zero_shot,opaque,errors,30,0.0,0.0,0.0,0.0,0.0,0.0
autonomy,autonomy,prophecy_no_imagination,opaque_dependency_l4,tabular_online,evaluation_unseen_zero_shot,opaque,repeats,30,0.0,0.0,0.0,0.0,0.0,0.0
autonomy,autonomy,prophecy_no_imagination,opaque_dependency_l4,tabular_online,evaluation_unseen_zero_shot,opaque,prediction_score,30,0.0,0.0,0.0,0.0,0.0,0.0
autonomy,autonomy,prophecy_no_imagination,opaque_dependency_l4,tabular_online,evaluation_unseen_zero_shot,opaque,holdout_score,30,1.0,5.633452187014108e-17,0.9999999999999999,1.0,0.9999999999999999,1.0
autonomy,autonomy,prophecy_no_imagination,opaque_dependency_l4,tabular_online,evaluation_unseen_zero_shot,opaque,imagined_nodes,30,0.0,0.0,0.0,0.0,0.0,0.0
autonomy,autonomy,prophecy_no_imagination,opaque_dependency_l4,tabular_online,evaluation_unseen_zero_shot,opaque,imagination_depth,30,0.0,0.0,0.0,0.0,0.0,0.0
autonomy,autonomy,prophecy_no_imagination,opaque_dependency_l4,tabular_online,evaluation_unseen_zero_shot,opaque,actual_return,30,0.0,0.0,0.0,0.0,0.0,0.0
autonomy,autonomy,prophecy_no_imagination,opaque_dependency_l4,tabular_online,evaluation_unseen_zero_shot,opaque,runtime_seconds,30,0.0022789164832696164,0.00021488491467350936,0.002199038549990898,0.0023527178997852995,0.00177680799853988,0.0025926144992990886
autonomy,autonomy,prophecy_no_imagination,opaque_dependency_l4,tabular_online,evaluation_unseen_zero_shot,opaque,real_transitions,30,4.0,0.0,4.0,4.0,4.0,4.0
autonomy,autonomy,prophecy_no_imagination,opaque_dependency_l4,tabular_online,evaluation_unseen_zero_shot,opaque,imagined_transitions,30,0.0,0.0,0.0,0.0,0.0,0.0
autonomy,autonomy,prophecy_no_imagination,opaque_dependency_l4,tabular_online,evaluation_unseen_zero_shot,opaque,action_proposals,30,4.0,0.0,4.0,4.0,4.0,4.0
autonomy,autonomy,prophecy_no_imagination,opaque_dependency_l4,tabular_online,evaluation_unseen_zero_shot,opaque,repeat_rate,30,0.0,0.0,0.0,0.0,0.0,0.0
autonomy,autonomy,prophecy_no_imagination,opaque_dependency_l4,tabular_online,evaluation_unseen_zero_shot,opaque,error_rate,30,0.0,0.0,0.0,0.0,0.0,0.0
autonomy,autonomy,prophecy_no_imagination,opaque_dependency_l4,tabular_online,training,opaque,success,30,0.6540833333333332,0.011418438909344703,0.6501833333333332,0.6580666666666667,0.63,0.6735
autonomy,autonomy,prophecy_no_imagination,opaque_dependency_l4,tabular_online,training,opaque,steps,30,4.0,0.0,4.0,4.0,4.0,4.0
autonomy,autonomy,prophecy_no_imagination,opaque_dependency_l4,tabular_online,training,opaque,high_level_steps,30,4.0,0.0,4.0,4.0,4.0,4.0
autonomy,autonomy,prophecy_no_imagination,opaque_dependency_l4,tabular_online,training,opaque,primitive_steps,30,4.0,0.0,4.0,4.0,4.0,4.0
autonomy,autonomy,prophecy_no_imagination,opaque_dependency_l4,tabular_online,training,opaque,reward,30,0.6540833333333332,0.011418438909344703,0.6500166666666666,0.6579999999999999,0.63,0.6735
autonomy,autonomy,prophecy_no_imagination,opaque_dependency_l4,tabular_online,training,opaque,errors,30,0.0,0.0,0.0,0.0,0.0,0.0
autonomy,autonomy,prophecy_no_imagination,opaque_dependency_l4,tabular_online,training,opaque,repeats,30,0.0,0.0,0.0,0.0,0.0,0.0
autonomy,autonomy,prophecy_no_imagination,opaque_dependency_l4,tabular_online,training,opaque,prediction_score,30,0.9899916666666666,0.0004366473629145557,0.9898416666666666,0.9901458333333333,0.98925,0.99125
autonomy,autonomy,prophecy_no_imagination,opaque_dependency_l4,tabular_online,training,opaque,holdout_score,30,0.12354695025501776,0.00022258239336853239,0.12346647443698505,0.12362053423641982,0.12289620913349497,0.12394482057974704
autonomy,autonomy,prophecy_no_imagination,opaque_dependency_l4,tabular_online,training,opaque,holdout_gain,30,1.3852140880733334e-05,8.759231081456047e-06,1.0803224670336283e-05,1.6947093406971924e-05,0.0,3.749999999999998e-05
autonomy,autonomy,prophecy_no_imagination,opaque_dependency_l4,tabular_online,training,opaque,imagined_nodes,30,0.0,0.0,0.0,0.0,0.0,0.0
autonomy,autonomy,prophecy_no_imagination,opaque_dependency_l4,tabular_online,training,opaque,imagination_depth,30,0.0,0.0,0.0,0.0,0.0,0.0
autonomy,autonomy,prophecy_no_imagination,opaque_dependency_l4,tabular_online,training,opaque,actual_return,30,0.6540833333333332,0.011418438909344703,0.6500666666666667,0.6579833333333334,0.63,0.6735
autonomy,autonomy,prophecy_no_imagination,opaque_dependency_l4,tabular_online,training,opaque,runtime_seconds,30,0.0008153050232853274,6.720271647459363e-05,0.0007929813665585243,0.000838990449984946,0.0007124066995311296,0.0009712002495798515
autonomy,autonomy,prophecy_no_imagination,opaque_dependency_l4,tabular_online,training,opaque,real_transitions,30,4.0,0.0,4.0,4.0,4.0,4.0
autonomy,autonomy,prophecy_no_imagination,opaque_dependency_l4,tabular_online,training,opaque,imagined_transitions,30,0.0,0.0,0.0,0.0,0.0,0.0
autonomy,autonomy,prophecy_no_imagination,opaque_dependency_l4,tabular_online,training,opaque,action_proposals,30,4.0,0.0,4.0,4.0,4.0,4.0
autonomy,autonomy,prophecy_no_imagination,opaque_dependency_l4,tabular_online,training,opaque,repeat_rate,30,0.0,0.0,0.0,0.0,0.0,0.0
autonomy,autonomy,prophecy_no_imagination,opaque_dependency_l4,tabular_online,training,opaque,error_rate,30,0.0,0.0,0.0,0.0,0.0,0.0
autonomy,autonomy,prophecy_no_imagination,opaque_dependency_l4,tabular_online,training,opaque,learning_auc,30,0.6541854260463565,0.011409478186973559,0.650200100050025,0.6581874270468567,0.6300650325162581,0.6735867933966984
autonomy,autonomy,prophecy_no_imagination,opaque_dependency_l4,tabular_online,training,opaque,final_tail_success,30,0.9113333333333333,0.012312968586100547,0.9071666666666667,0.9156666666666667,0.89,0.94
autonomy,autonomy,prophecy_no_imagination,opaque_dependency_l4,tabular_online,training,opaque,first_success_real_transitions,30,76.0,76.44515726300467,51.733333333333334,104.8,8.0,316.0
autonomy,autonomy,prophecy_no_imagination,opaque_dependency_l6,tabular_online,evaluation_seen,opaque,success,30,0.0,0.0,0.0,0.0,0.0,0.0
autonomy,autonomy,prophecy_no_imagination,opaque_dependency_l6,tabular_online,evaluation_seen,opaque,steps,30,6.0,0.0,6.0,6.0,6.0,6.0
autonomy,autonomy,prophecy_no_imagination,opaque_dependency_l6,tabular_online,evaluation_seen,opaque,high_level_steps,30,6.0,0.0,6.0,6.0,6.0,6.0
autonomy,autonomy,prophecy_no_imagination,opaque_dependency_l6,tabular_online,evaluation_seen,opaque,primitive_steps,30,6.0,0.0,6.0,6.0,6.0,6.0
autonomy,autonomy,prophecy_no_imagination,opaque_dependency_l6,tabular_online,evaluation_seen,opaque,reward,30,0.0,0.0,0.0,0.0,0.0,0.0
autonomy,autonomy,prophecy_no_imagination,opaque_dependency_l6,tabular_online,evaluation_seen,opaque,errors,30,0.0,0.0,0.0,0.0,0.0,0.0
autonomy,autonomy,prophecy_no_imagination,opaque_dependency_l6,tabular_online,evaluation_seen,opaque,repeats,30,0.0,0.0,0.0,0.0,0.0,0.0
autonomy,autonomy,prophecy_no_imagination,opaque_dependency_l6,tabular_online,evaluation_seen,opaque,prediction_score,30,0.0,0.0,0.0,0.0,0.0,0.0
autonomy,autonomy,prophecy_no_imagination,opaque_dependency_l6,tabular_online,evaluation_seen,opaque,holdout_score,30,1.0,0.0,1.0,1.0,1.0,1.0
autonomy,autonomy,prophecy_no_imagination,opaque_dependency_l6,tabular_online,evaluation_seen,opaque,imagined_nodes,30,0.0,0.0,0.0,0.0,0.0,0.0
autonomy,autonomy,prophecy_no_imagination,opaque_dependency_l6,tabular_online,evaluation_seen,opaque,imagination_depth,30,0.0,0.0,0.0,0.0,0.0,0.0
autonomy,autonomy,prophecy_no_imagination,opaque_dependency_l6,tabular_online,evaluation_seen,opaque,actual_return,30,0.0,0.0,0.0,0.0,0.0,0.0
autonomy,autonomy,prophecy_no_imagination,opaque_dependency_l6,tabular_online,evaluation_seen,opaque,runtime_seconds,30,0.003652461166483893,0.0002940715437605486,0.003547110766337331,0.003750820099909712,0.003101217998628272,0.004124214498879155
autonomy,autonomy,prophecy_no_imagination,opaque_dependency_l6,tabular_online,evaluation_seen,opaque,real_transitions,30,6.0,0.0,6.0,6.0,6.0,6.0
autonomy,autonomy,prophecy_no_imagination,opaque_dependency_l6,tabular_online,evaluation_seen,opaque,imagined_transitions,30,0.0,0.0,0.0,0.0,0.0,0.0
autonomy,autonomy,prophecy_no_imagination,opaque_dependency_l6,tabular_online,evaluation_seen,opaque,action_proposals,30,6.0,0.0,6.0,6.0,6.0,6.0
autonomy,autonomy,prophecy_no_imagination,opaque_dependency_l6,tabular_online,evaluation_seen,opaque,repeat_rate,30,0.0,0.0,0.0,0.0,0.0,0.0
autonomy,autonomy,prophecy_no_imagination,opaque_dependency_l6,tabular_online,evaluation_seen,opaque,error_rate,30,0.0,0.0,0.0,0.0,0.0,0.0
autonomy,autonomy,prophecy_no_imagination,opaque_dependency_l6,tabular_online,evaluation_unseen_zero_shot,opaque,success,30,0.0,0.0,0.0,0.0,0.0,0.0
autonomy,autonomy,prophecy_no_imagination,opaque_dependency_l6,tabular_online,evaluation_unseen_zero_shot,opaque,steps,30,6.0,0.0,6.0,6.0,6.0,6.0
autonomy,autonomy,prophecy_no_imagination,opaque_dependency_l6,tabular_online,evaluation_unseen_zero_shot,opaque,high_level_steps,30,6.0,0.0,6.0,6.0,6.0,6.0
autonomy,autonomy,prophecy_no_imagination,opaque_dependency_l6,tabular_online,evaluation_unseen_zero_shot,opaque,primitive_steps,30,6.0,0.0,6.0,6.0,6.0,6.0
autonomy,autonomy,prophecy_no_imagination,opaque_dependency_l6,tabular_online,evaluation_unseen_zero_shot,opaque,reward,30,0.0,0.0,0.0,0.0,0.0,0.0
autonomy,autonomy,prophecy_no_imagination,opaque_dependency_l6,tabular_online,evaluation_unseen_zero_shot,opaque,errors,30,0.0,0.0,0.0,0.0,0.0,0.0
autonomy,autonomy,prophecy_no_imagination,opaque_dependency_l6,tabular_online,evaluation_unseen_zero_shot,opaque,repeats,30,0.0,0.0,0.0,0.0,0.0,0.0
autonomy,autonomy,prophecy_no_imagination,opaque_dependency_l6,tabular_online,evaluation_unseen_zero_shot,opaque,prediction_score,30,0.0,0.0,0.0,0.0,0.0,0.0
autonomy,autonomy,prophecy_no_imagination,opaque_dependency_l6,tabular_online,evaluation_unseen_zero_shot,opaque,holdout_score,30,1.0,0.0,1.0,1.0,1.0,1.0
autonomy,autonomy,prophecy_no_imagination,opaque_dependency_l6,tabular_online,evaluation_unseen_zero_shot,opaque,imagined_nodes,30,0.0,0.0,0.0,0.0,0.0,0.0
autonomy,autonomy,prophecy_no_imagination,opaque_dependency_l6,tabular_online,evaluation_unseen_zero_shot,opaque,imagination_depth,30,0.0,0.0,0.0,0.0,0.0,0.0
autonomy,autonomy,prophecy_no_imagination,opaque_dependency_l6,tabular_online,evaluation_unseen_zero_shot,opaque,actual_return,30,0.0,0.0,0.0,0.0,0.0,0.0
autonomy,autonomy,prophecy_no_imagination,opaque_dependency_l6,tabular_online,evaluation_unseen_zero_shot,opaque,runtime_seconds,30,0.003645889083277628,0.0002506433080778582,0.003560154199867005,0.0037370042832869025,0.0031832599999324883,0.004130375000531785
autonomy,autonomy,prophecy_no_imagination,opaque_dependency_l6,tabular_online,evaluation_unseen_zero_shot,opaque,real_transitions,30,6.0,0.0,6.0,6.0,6.0,6.0
autonomy,autonomy,prophecy_no_imagination,opaque_dependency_l6,tabular_online,evaluation_unseen_zero_shot,opaque,imagined_transitions,30,0.0,0.0,0.0,0.0,0.0,0.0
autonomy,autonomy,prophecy_no_imagination,opaque_dependency_l6,tabular_online,evaluation_unseen_zero_shot,opaque,action_proposals,30,6.0,0.0,6.0,6.0,6.0,6.0
autonomy,autonomy,prophecy_no_imagination,opaque_dependency_l6,tabular_online,evaluation_unseen_zero_shot,opaque,repeat_rate,30,0.0,0.0,0.0,0.0,0.0,0.0
autonomy,autonomy,prophecy_no_imagination,opaque_dependency_l6,tabular_online,evaluation_unseen_zero_shot,opaque,error_rate,30,0.0,0.0,0.0,0.0,0.0,0.0
autonomy,autonomy,prophecy_no_imagination,opaque_dependency_l6,tabular_online,training,opaque,success,30,0.43955,0.05712197324660806,0.41940000000000005,0.45885,0.332,0.5585
autonomy,autonomy,prophecy_no_imagination,opaque_dependency_l6,tabular_online,training,opaque,steps,30,6.0,0.0,6.0,6.0,6.0,6.0
autonomy,autonomy,prophecy_no_imagination,opaque_dependency_l6,tabular_online,training,opaque,high_level_steps,30,6.0,0.0,6.0,6.0,6.0,6.0
autonomy,autonomy,prophecy_no_imagination,opaque_dependency_l6,tabular_online,training,opaque,primitive_steps,30,6.0,0.0,6.0,6.0,6.0,6.0
autonomy,autonomy,prophecy_no_imagination,opaque_dependency_l6,tabular_online,training,opaque,reward,30,0.43955,0.05712197324660806,0.4196666666666667,0.45986666666666665,0.332,0.5585
autonomy,autonomy,prophecy_no_imagination,opaque_dependency_l6,tabular_online,training,opaque,errors,30,0.0,0.0,0.0,0.0,0.0,0.0
autonomy,autonomy,prophecy_no_imagination,opaque_dependency_l6,tabular_online,training,opaque,repeats,30,0.0,0.0,0.0,0.0,0.0,0.0
autonomy,autonomy,prophecy_no_imagination,opaque_dependency_l6,tabular_online,training,opaque,prediction_score,30,0.9899694444444445,0.0005581524554042798,0.9897722222222222,0.9901638888888888,0.9886666666666666,0.9909166666666667
autonomy,autonomy,prophecy_no_imagination,opaque_dependency_l6,tabular_online,training,opaque,holdout_score,30,0.12352249510851727,0.00021385270136027528,0.12344741676906137,0.12359239362891407,0.12288262501029974,0.12396257459981644
autonomy,autonomy,prophecy_no_imagination,opaque_dependency_l6,tabular_online,training,opaque,holdout_gain,30,6.406410310822076e-06,4.495851712625984e-06,4.882292067953833e-06,8.006439162689163e-06,0.0,1.7361111111111104e-05
autonomy,autonomy,prophecy_no_imagination,opaque_dependency_l6,tabular_online,training,opaque,imagined_nodes,30,0.0,0.0,0.0,0.0,0.0,0.0
autonomy,autonomy,prophecy_no_imagination,opaque_dependency_l6,tabular_online,training,opaque,imagination_depth,30,0.0,0.0,0.0,0.0,0.0,0.0
autonomy,autonomy,prophecy_no_imagination,opaque_dependency_l6,tabular_online,training,opaque,actual_return,30,0.43955,0.05712197324660806,0.41905000000000003,0.4591333333333333,0.332,0.5585
autonomy,autonomy,prophecy_no_imagination,opaque_dependency_l6,tabular_online,training,opaque,runtime_seconds,30,0.0013603924316135817,8.451115848102331e-05,0.001331393319973722,0.0013915565282620567,0.001243841950650676,0.0016148074499360517
autonomy,autonomy,prophecy_no_imagination,opaque_dependency_l6,tabular_online,training,opaque,real_transitions,30,6.0,0.0,6.0,6.0,6.0,6.0
autonomy,autonomy,prophecy_no_imagination,opaque_dependency_l6,tabular_online,training,opaque,imagined_transitions,30,0.0,0.0,0.0,0.0,0.0,0.0
autonomy,autonomy,prophecy_no_imagination,opaque_dependency_l6,tabular_online,training,opaque,action_proposals,30,6.0,0.0,6.0,6.0,6.0,6.0
autonomy,autonomy,prophecy_no_imagination,opaque_dependency_l6,tabular_online,training,opaque,repeat_rate,30,0.0,0.0,0.0,0.0,0.0,0.0
autonomy,autonomy,prophecy_no_imagination,opaque_dependency_l6,tabular_online,training,opaque,error_rate,30,0.0,0.0,0.0,0.0,0.0,0.0
autonomy,autonomy,prophecy_no_imagination,opaque_dependency_l6,tabular_online,training,opaque,learning_auc,30,0.4396114724028681,0.05714531197923478,0.4191012172753043,0.45928797732199433,0.3319159579789895,0.5587793896948474
autonomy,autonomy,prophecy_no_imagination,opaque_dependency_l6,tabular_online,training,opaque,final_tail_success,30,0.7158333333333334,0.07978509208831076,0.6881666666666667,0.7443333333333334,0.555,0.885
autonomy,autonomy,prophecy_no_imagination,opaque_dependency_l6,tabular_online,training,opaque,first_success_real_transitions,30,320.8,329.82779205790575,211.8,442.0,36.0,1314.0
autonomy,autonomy,prophecy_no_imagination,opaque_dependency_l8,tabular_online,evaluation_seen,opaque,success,30,0.0,0.0,0.0,0.0,0.0,0.0
autonomy,autonomy,prophecy_no_imagination,opaque_dependency_l8,tabular_online,evaluation_seen,opaque,steps,30,8.0,0.0,8.0,8.0,8.0,8.0
autonomy,autonomy,prophecy_no_imagination,opaque_dependency_l8,tabular_online,evaluation_seen,opaque,high_level_steps,30,8.0,0.0,8.0,8.0,8.0,8.0
autonomy,autonomy,prophecy_no_imagination,opaque_dependency_l8,tabular_online,evaluation_seen,opaque,primitive_steps,30,8.0,0.0,8.0,8.0,8.0,8.0
autonomy,autonomy,prophecy_no_imagination,opaque_dependency_l8,tabular_online,evaluation_seen,opaque,reward,30,0.0,0.0,0.0,0.0,0.0,0.0
autonomy,autonomy,prophecy_no_imagination,opaque_dependency_l8,tabular_online,evaluation_seen,opaque,errors,30,0.0,0.0,0.0,0.0,0.0,0.0
autonomy,autonomy,prophecy_no_imagination,opaque_dependency_l8,tabular_online,evaluation_seen,opaque,repeats,30,0.0,0.0,0.0,0.0,0.0,0.0
autonomy,autonomy,prophecy_no_imagination,opaque_dependency_l8,tabular_online,evaluation_seen,opaque,prediction_score,30,0.0,0.0,0.0,0.0,0.0,0.0
autonomy,autonomy,prophecy_no_imagination,opaque_dependency_l8,tabular_online,evaluation_seen,opaque,holdout_score,30,1.0,0.0,1.0,1.0,1.0,1.0
autonomy,autonomy,prophecy_no_imagination,opaque_dependency_l8,tabular_online,evaluation_seen,opaque,imagined_nodes,30,0.0,0.0,0.0,0.0,0.0,0.0
autonomy,autonomy,prophecy_no_imagination,opaque_dependency_l8,tabular_online,evaluation_seen,opaque,imagination_depth,30,0.0,0.0,0.0,0.0,0.0,0.0
autonomy,autonomy,prophecy_no_imagination,opaque_dependency_l8,tabular_online,evaluation_seen,opaque,actual_return,30,0.0,0.0,0.0,0.0,0.0,0.0
autonomy,autonomy,prophecy_no_imagination,opaque_dependency_l8,tabular_online,evaluation_seen,opaque,runtime_seconds,30,0.00538229610005025,0.00046265218603402605,0.005217447049736317,0.005546922183493734,0.004397498498437926,0.006118151498812949
autonomy,autonomy,prophecy_no_imagination,opaque_dependency_l8,tabular_online,evaluation_seen,opaque,real_transitions,30,8.0,0.0,8.0,8.0,8.0,8.0
autonomy,autonomy,prophecy_no_imagination,opaque_dependency_l8,tabular_online,evaluation_seen,opaque,imagined_transitions,30,0.0,0.0,0.0,0.0,0.0,0.0
autonomy,autonomy,prophecy_no_imagination,opaque_dependency_l8,tabular_online,evaluation_seen,opaque,action_proposals,30,8.0,0.0,8.0,8.0,8.0,8.0
autonomy,autonomy,prophecy_no_imagination,opaque_dependency_l8,tabular_online,evaluation_seen,opaque,repeat_rate,30,0.0,0.0,0.0,0.0,0.0,0.0
autonomy,autonomy,prophecy_no_imagination,opaque_dependency_l8,tabular_online,evaluation_seen,opaque,error_rate,30,0.0,0.0,0.0,0.0,0.0,0.0
autonomy,autonomy,prophecy_no_imagination,opaque_dependency_l8,tabular_online,evaluation_unseen_zero_shot,opaque,success,30,0.0,0.0,0.0,0.0,0.0,0.0
autonomy,autonomy,prophecy_no_imagination,opaque_dependency_l8,tabular_online,evaluation_unseen_zero_shot,opaque,steps,30,8.0,0.0,8.0,8.0,8.0,8.0
autonomy,autonomy,prophecy_no_imagination,opaque_dependency_l8,tabular_online,evaluation_unseen_zero_shot,opaque,high_level_steps,30,8.0,0.0,8.0,8.0,8.0,8.0
autonomy,autonomy,prophecy_no_imagination,opaque_dependency_l8,tabular_online,evaluation_unseen_zero_shot,opaque,primitive_steps,30,8.0,0.0,8.0,8.0,8.0,8.0
autonomy,autonomy,prophecy_no_imagination,opaque_dependency_l8,tabular_online,evaluation_unseen_zero_shot,opaque,reward,30,0.0,0.0,0.0,0.0,0.0,0.0
autonomy,autonomy,prophecy_no_imagination,opaque_dependency_l8,tabular_online,evaluation_unseen_zero_shot,opaque,errors,30,0.0,0.0,0.0,0.0,0.0,0.0
autonomy,autonomy,prophecy_no_imagination,opaque_dependency_l8,tabular_online,evaluation_unseen_zero_shot,opaque,repeats,30,0.0,0.0,0.0,0.0,0.0,0.0
autonomy,autonomy,prophecy_no_imagination,opaque_dependency_l8,tabular_online,evaluation_unseen_zero_shot,opaque,prediction_score,30,0.0,0.0,0.0,0.0,0.0,0.0
autonomy,autonomy,prophecy_no_imagination,opaque_dependency_l8,tabular_online,evaluation_unseen_zero_shot,opaque,holdout_score,30,1.0,0.0,1.0,1.0,1.0,1.0
autonomy,autonomy,prophecy_no_imagination,opaque_dependency_l8,tabular_online,evaluation_unseen_zero_shot,opaque,imagined_nodes,30,0.0,0.0,0.0,0.0,0.0,0.0
autonomy,autonomy,prophecy_no_imagination,opaque_dependency_l8,tabular_online,evaluation_unseen_zero_shot,opaque,imagination_depth,30,0.0,0.0,0.0,0.0,0.0,0.0
autonomy,autonomy,prophecy_no_imagination,opaque_dependency_l8,tabular_online,evaluation_unseen_zero_shot,opaque,actual_return,30,0.0,0.0,0.0,0.0,0.0,0.0
autonomy,autonomy,prophecy_no_imagination,opaque_dependency_l8,tabular_online,evaluation_unseen_zero_shot,opaque,runtime_seconds,30,0.005455896466577542,0.00046170969571543137,0.005288102616517184,0.005609209483280817,0.004559454500558786,0.006263775499974145
autonomy,autonomy,prophecy_no_imagination,opaque_dependency_l8,tabular_online,evaluation_unseen_zero_shot,opaque,real_transitions,30,8.0,0.0,8.0,8.0,8.0,8.0
autonomy,autonomy,prophecy_no_imagination,opaque_dependency_l8,tabular_online,evaluation_unseen_zero_shot,opaque,imagined_transitions,30,0.0,0.0,0.0,0.0,0.0,0.0
autonomy,autonomy,prophecy_no_imagination,opaque_dependency_l8,tabular_online,evaluation_unseen_zero_shot,opaque,action_proposals,30,8.0,0.0,8.0,8.0,8.0,8.0
autonomy,autonomy,prophecy_no_imagination,opaque_dependency_l8,tabular_online,evaluation_unseen_zero_shot,opaque,repeat_rate,30,0.0,0.0,0.0,0.0,0.0,0.0
autonomy,autonomy,prophecy_no_imagination,opaque_dependency_l8,tabular_online,evaluation_unseen_zero_shot,opaque,error_rate,30,0.0,0.0,0.0,0.0,0.0,0.0
autonomy,autonomy,prophecy_no_imagination,opaque_dependency_l8,tabular_online,training,opaque,success,30,0.15943333333333334,0.0745531207669535,0.13381666666666667,0.18548333333333333,0.053,0.3135
autonomy,autonomy,prophecy_no_imagination,opaque_dependency_l8,tabular_online,training,opaque,steps,30,8.0,0.0,8.0,8.0,8.0,8.0
autonomy,autonomy,prophecy_no_imagination,opaque_dependency_l8,tabular_online,training,opaque,high_level_steps,30,8.0,0.0,8.0,8.0,8.0,8.0
autonomy,autonomy,prophecy_no_imagination,opaque_dependency_l8,tabular_online,training,opaque,primitive_steps,30,8.0,0.0,8.0,8.0,8.0,8.0
autonomy,autonomy,prophecy_no_imagination,opaque_dependency_l8,tabular_online,training,opaque,reward,30,0.15943333333333334,0.0745531207669535,0.13361666666666666,0.18631666666666666,0.053,0.3135
autonomy,autonomy,prophecy_no_imagination,opaque_dependency_l8,tabular_online,training,opaque,errors,30,0.0,0.0,0.0,0.0,0.0,0.0
autonomy,autonomy,prophecy_no_imagination,opaque_dependency_l8,tabular_online,training,opaque,repeats,30,0.0,0.0,0.0,0.0,0.0,0.0
autonomy,autonomy,prophecy_no_imagination,opaque_dependency_l8,tabular_online,training,opaque,prediction_score,30,0.9899770833333333,0.00035297509151480176,0.9898541666666667,0.9901020833333334,0.9893125,0.9908125
autonomy,autonomy,prophecy_no_imagination,opaque_dependency_l8,tabular_online,training,opaque,holdout_score,30,0.12352975517296182,0.00012510464185841197,0.1234860932395233,0.12357492108732865,0.12324525766160213,0.1238802951365142
autonomy,autonomy,prophecy_no_imagination,opaque_dependency_l8,tabular_online,training,opaque,holdout_gain,30,6.495407062318459e-06,4.541725244386191e-06,4.9693327734497866e-06,8.066749172379032e-06,0.0,1.9903273809523807e-05
autonomy,autonomy,prophecy_no_imagination,opaque_dependency_l8,tabular_online,training,opaque,imagined_nodes,30,0.0,0.0,0.0,0.0,0.0,0.0
autonomy,autonomy,prophecy_no_imagination,opaque_dependency_l8,tabular_online,training,opaque,imagination_depth,30,0.0,0.0,0.0,0.0,0.0,0.0
autonomy,autonomy,prophecy_no_imagination,opaque_dependency_l8,tabular_online,training,opaque,actual_return,30,0.15943333333333334,0.0745531207669535,0.1332,0.18611666666666665,0.053,0.3135
autonomy,autonomy,prophecy_no_imagination,opaque_dependency_l8,tabular_online,training,opaque,runtime_seconds,30,0.0020178204682966073,8.91695683866438e-05,0.001985568726591494,0.0020484955216995633,0.0018361945497163106,0.0022281808502593774
autonomy,autonomy,prophecy_no_imagination,opaque_dependency_l8,tabular_online,training,opaque,real_transitions,30,8.0,0.0,8.0,8.0,8.0,8.0
autonomy,autonomy,prophecy_no_imagination,opaque_dependency_l8,tabular_online,training,opaque,imagined_transitions,30,0.0,0.0,0.0,0.0,0.0,0.0
autonomy,autonomy,prophecy_no_imagination,opaque_dependency_l8,tabular_online,training,opaque,action_proposals,30,8.0,0.0,8.0,8.0,8.0,8.0
autonomy,autonomy,prophecy_no_imagination,opaque_dependency_l8,tabular_online,training,opaque,repeat_rate,30,0.0,0.0,0.0,0.0,0.0,0.0
autonomy,autonomy,prophecy_no_imagination,opaque_dependency_l8,tabular_online,training,opaque,error_rate,30,0.0,0.0,0.0,0.0,0.0,0.0
autonomy,autonomy,prophecy_no_imagination,opaque_dependency_l8,tabular_online,training,opaque,learning_auc,30,0.15945472736368185,0.07457395204533719,0.13384192096048023,0.18730198432549608,0.05302651325662831,0.3136568284142071
autonomy,autonomy,prophecy_no_imagination,opaque_dependency_l8,tabular_online,training,opaque,final_tail_success,30,0.2768333333333333,0.13536975756928804,0.2305,0.3268333333333333,0.095,0.565
autonomy,autonomy,prophecy_no_imagination,opaque_dependency_l8,tabular_online,training,opaque,first_success_real_transitions,30,1274.9333333333334,990.395773671186,947.4666666666667,1640.0,64.0,3728.0
autonomy,autonomy,q_learning,opaque_dependency_l4,tabular_q_learning,evaluation_seen,opaque,success,30,0.0,0.0,0.0,0.0,0.0,0.0
autonomy,autonomy,q_learning,opaque_dependency_l4,tabular_q_learning,evaluation_seen,opaque,steps,30,4.0,0.0,4.0,4.0,4.0,4.0
autonomy,autonomy,q_learning,opaque_dependency_l4,tabular_q_learning,evaluation_seen,opaque,high_level_steps,30,4.0,0.0,4.0,4.0,4.0,4.0
autonomy,autonomy,q_learning,opaque_dependency_l4,tabular_q_learning,evaluation_seen,opaque,primitive_steps,30,4.0,0.0,4.0,4.0,4.0,4.0
autonomy,autonomy,q_learning,opaque_dependency_l4,tabular_q_learning,evaluation_seen,opaque,reward,30,0.0,0.0,0.0,0.0,0.0,0.0
autonomy,autonomy,q_learning,opaque_dependency_l4,tabular_q_learning,evaluation_seen,opaque,errors,30,0.0,0.0,0.0,0.0,0.0,0.0
autonomy,autonomy,q_learning,opaque_dependency_l4,tabular_q_learning,evaluation_seen,opaque,repeats,30,0.0,0.0,0.0,0.0,0.0,0.0
autonomy,autonomy,q_learning,opaque_dependency_l4,tabular_q_learning,evaluation_seen,opaque,imagined_nodes,30,0.0,0.0,0.0,0.0,0.0,0.0
autonomy,autonomy,q_learning,opaque_dependency_l4,tabular_q_learning,evaluation_seen,opaque,imagination_depth,30,0.0,0.0,0.0,0.0,0.0,0.0
autonomy,autonomy,q_learning,opaque_dependency_l4,tabular_q_learning,evaluation_seen,opaque,actual_return,30,0.0,0.0,0.0,0.0,0.0,0.0
autonomy,autonomy,q_learning,opaque_dependency_l4,tabular_q_learning,evaluation_seen,opaque,runtime_seconds,30,0.00010808611688844393,1.6174580633505595e-05,0.00010257511681023365,0.00011383456707699225,7.811200033756904e-05,0.0001490445007220842
autonomy,autonomy,q_learning,opaque_dependency_l4,tabular_q_learning,evaluation_seen,opaque,real_transitions,30,4.0,0.0,4.0,4.0,4.0,4.0
autonomy,autonomy,q_learning,opaque_dependency_l4,tabular_q_learning,evaluation_seen,opaque,imagined_transitions,30,0.0,0.0,0.0,0.0,0.0,0.0
autonomy,autonomy,q_learning,opaque_dependency_l4,tabular_q_learning,evaluation_seen,opaque,action_proposals,30,4.0,0.0,4.0,4.0,4.0,4.0
autonomy,autonomy,q_learning,opaque_dependency_l4,tabular_q_learning,evaluation_seen,opaque,repeat_rate,30,0.0,0.0,0.0,0.0,0.0,0.0
autonomy,autonomy,q_learning,opaque_dependency_l4,tabular_q_learning,evaluation_seen,opaque,error_rate,30,0.0,0.0,0.0,0.0,0.0,0.0
autonomy,autonomy,q_learning,opaque_dependency_l4,tabular_q_learning,evaluation_unseen_zero_shot,opaque,success,30,0.0,0.0,0.0,0.0,0.0,0.0
autonomy,autonomy,q_learning,opaque_dependency_l4,tabular_q_learning,evaluation_unseen_zero_shot,opaque,steps,30,4.0,0.0,4.0,4.0,4.0,4.0
autonomy,autonomy,q_learning,opaque_dependency_l4,tabular_q_learning,evaluation_unseen_zero_shot,opaque,high_level_steps,30,4.0,0.0,4.0,4.0,4.0,4.0
autonomy,autonomy,q_learning,opaque_dependency_l4,tabular_q_learning,evaluation_unseen_zero_shot,opaque,primitive_steps,30,4.0,0.0,4.0,4.0,4.0,4.0
autonomy,autonomy,q_learning,opaque_dependency_l4,tabular_q_learning,evaluation_unseen_zero_shot,opaque,reward,30,0.0,0.0,0.0,0.0,0.0,0.0
autonomy,autonomy,q_learning,opaque_dependency_l4,tabular_q_learning,evaluation_unseen_zero_shot,opaque,errors,30,0.0,0.0,0.0,0.0,0.0,0.0
autonomy,autonomy,q_learning,opaque_dependency_l4,tabular_q_learning,evaluation_unseen_zero_shot,opaque,repeats,30,0.0,0.0,0.0,0.0,0.0,0.0
autonomy,autonomy,q_learning,opaque_dependency_l4,tabular_q_learning,evaluation_unseen_zero_shot,opaque,imagined_nodes,30,0.0,0.0,0.0,0.0,0.0,0.0
autonomy,autonomy,q_learning,opaque_dependency_l4,tabular_q_learning,evaluation_unseen_zero_shot,opaque,imagination_depth,30,0.0,0.0,0.0,0.0,0.0,0.0
autonomy,autonomy,q_learning,opaque_dependency_l4,tabular_q_learning,evaluation_unseen_zero_shot,opaque,actual_return,30,0.0,0.0,0.0,0.0,0.0,0.0
autonomy,autonomy,q_learning,opaque_dependency_l4,tabular_q_learning,evaluation_unseen_zero_shot,opaque,runtime_seconds,30,0.00010852751672791783,1.7490425349243986e-05,0.00010241820011287928,0.00011483353349710038,8.136649979860522e-05,0.0001493345019116532
autonomy,autonomy,q_learning,opaque_dependency_l4,tabular_q_learning,evaluation_unseen_zero_shot,opaque,real_transitions,30,4.0,0.0,4.0,4.0,4.0,4.0
autonomy,autonomy,q_learning,opaque_dependency_l4,tabular_q_learning,evaluation_unseen_zero_shot,opaque,imagined_transitions,30,0.0,0.0,0.0,0.0,0.0,0.0
autonomy,autonomy,q_learning,opaque_dependency_l4,tabular_q_learning,evaluation_unseen_zero_shot,opaque,action_proposals,30,4.0,0.0,4.0,4.0,4.0,4.0
autonomy,autonomy,q_learning,opaque_dependency_l4,tabular_q_learning,evaluation_unseen_zero_shot,opaque,repeat_rate,30,0.0,0.0,0.0,0.0,0.0,0.0
autonomy,autonomy,q_learning,opaque_dependency_l4,tabular_q_learning,evaluation_unseen_zero_shot,opaque,error_rate,30,0.0,0.0,0.0,0.0,0.0,0.0
autonomy,autonomy,q_learning,opaque_dependency_l4,tabular_q_learning,training,opaque,success,30,0.1267,0.061349423176896546,0.10551666666666668,0.14878333333333332,0.032,0.247
autonomy,autonomy,q_learning,opaque_dependency_l4,tabular_q_learning,training,opaque,steps,30,4.0,0.0,4.0,4.0,4.0,4.0
autonomy,autonomy,q_learning,opaque_dependency_l4,tabular_q_learning,training,opaque,high_level_steps,30,4.0,0.0,4.0,4.0,4.0,4.0
autonomy,autonomy,q_learning,opaque_dependency_l4,tabular_q_learning,training,opaque,primitive_steps,30,4.0,0.0,4.0,4.0,4.0,4.0
autonomy,autonomy,q_learning,opaque_dependency_l4,tabular_q_learning,training,opaque,reward,30,0.1267,0.061349423176896546,0.10583333333333332,0.14888333333333334,0.032,0.247
autonomy,autonomy,q_learning,opaque_dependency_l4,tabular_q_learning,training,opaque,errors,30,0.0,0.0,0.0,0.0,0.0,0.0
autonomy,autonomy,q_learning,opaque_dependency_l4,tabular_q_learning,training,opaque,repeats,30,0.0,0.0,0.0,0.0,0.0,0.0
autonomy,autonomy,q_learning,opaque_dependency_l4,tabular_q_learning,training,opaque,prediction_score,30,0.0,0.0,0.0,0.0,0.0,0.0
autonomy,autonomy,q_learning,opaque_dependency_l4,tabular_q_learning,training,opaque,holdout_score,30,0.0,0.0,0.0,0.0,0.0,0.0
autonomy,autonomy,q_learning,opaque_dependency_l4,tabular_q_learning,training,opaque,holdout_gain,30,0.0,0.0,0.0,0.0,0.0,0.0
autonomy,autonomy,q_learning,opaque_dependency_l4,tabular_q_learning,training,opaque,imagined_nodes,30,0.0,0.0,0.0,0.0,0.0,0.0
autonomy,autonomy,q_learning,opaque_dependency_l4,tabular_q_learning,training,opaque,imagination_depth,30,0.0,0.0,0.0,0.0,0.0,0.0
autonomy,autonomy,q_learning,opaque_dependency_l4,tabular_q_learning,training,opaque,actual_return,30,0.1267,0.061349423176896546,0.1054,0.14908333333333335,0.032,0.247
autonomy,autonomy,q_learning,opaque_dependency_l4,tabular_q_learning,training,opaque,runtime_seconds,30,0.00014944807834544916,1.3933006227880074e-05,0.0001445107683321112,0.00015418566838876964,0.0001214766500488622,0.0001766300998569932
autonomy,autonomy,q_learning,opaque_dependency_l4,tabular_q_learning,training,opaque,real_transitions,30,4.0,0.0,4.0,4.0,4.0,4.0
autonomy,autonomy,q_learning,opaque_dependency_l4,tabular_q_learning,training,opaque,imagined_transitions,30,0.0,0.0,0.0,0.0,0.0,0.0
autonomy,autonomy,q_learning,opaque_dependency_l4,tabular_q_learning,training,opaque,action_proposals,30,4.0,0.0,4.0,4.0,4.0,4.0
autonomy,autonomy,q_learning,opaque_dependency_l4,tabular_q_learning,training,opaque,repeat_rate,30,0.0,0.0,0.0,0.0,0.0,0.0
autonomy,autonomy,q_learning,opaque_dependency_l4,tabular_q_learning,training,opaque,error_rate,30,0.0,0.0,0.0,0.0,0.0,0.0
autonomy,autonomy,q_learning,opaque_dependency_l4,tabular_q_learning,training,opaque,learning_auc,30,0.12669668167417042,0.06135048884679735,0.10601967650491913,0.1484658996164749,0.032016008004002,0.24687343671835918
autonomy,autonomy,q_learning,opaque_dependency_l4,tabular_q_learning,training,opaque,final_tail_success,30,0.17966666666666667,0.1198989037749586,0.13983333333333334,0.22216666666666668,0.0,0.455
autonomy,autonomy,q_learning,opaque_dependency_l4,tabular_q_learning,training,opaque,first_success_real_transitions,30,97.33333333333333,96.48345698234681,65.73333333333333,133.46666666666667,8.0,384.0
autonomy,autonomy,q_learning,opaque_dependency_l6,tabular_q_learning,evaluation_seen,opaque,success,30,0.0,0.0,0.0,0.0,0.0,0.0
autonomy,autonomy,q_learning,opaque_dependency_l6,tabular_q_learning,evaluation_seen,opaque,steps,30,6.0,0.0,6.0,6.0,6.0,6.0
autonomy,autonomy,q_learning,opaque_dependency_l6,tabular_q_learning,evaluation_seen,opaque,high_level_steps,30,6.0,0.0,6.0,6.0,6.0,6.0
autonomy,autonomy,q_learning,opaque_dependency_l6,tabular_q_learning,evaluation_seen,opaque,primitive_steps,30,6.0,0.0,6.0,6.0,6.0,6.0
autonomy,autonomy,q_learning,opaque_dependency_l6,tabular_q_learning,evaluation_seen,opaque,reward,30,0.0,0.0,0.0,0.0,0.0,0.0
autonomy,autonomy,q_learning,opaque_dependency_l6,tabular_q_learning,evaluation_seen,opaque,errors,30,0.0,0.0,0.0,0.0,0.0,0.0
autonomy,autonomy,q_learning,opaque_dependency_l6,tabular_q_learning,evaluation_seen,opaque,repeats,30,0.0,0.0,0.0,0.0,0.0,0.0
autonomy,autonomy,q_learning,opaque_dependency_l6,tabular_q_learning,evaluation_seen,opaque,imagined_nodes,30,0.0,0.0,0.0,0.0,0.0,0.0
autonomy,autonomy,q_learning,opaque_dependency_l6,tabular_q_learning,evaluation_seen,opaque,imagination_depth,30,0.0,0.0,0.0,0.0,0.0,0.0
autonomy,autonomy,q_learning,opaque_dependency_l6,tabular_q_learning,evaluation_seen,opaque,actual_return,30,0.0,0.0,0.0,0.0,0.0,0.0
autonomy,autonomy,q_learning,opaque_dependency_l6,tabular_q_learning,evaluation_seen,opaque,runtime_seconds,30,0.00018004820013205365,4.3373322844191186e-05,0.0001663502168036454,0.00019659161705446119,0.00012706799810985103,0.0003387720009777695
autonomy,autonomy,q_learning,opaque_dependency_l6,tabular_q_learning,evaluation_seen,opaque,real_transitions,30,6.0,0.0,6.0,6.0,6.0,6.0
autonomy,autonomy,q_learning,opaque_dependency_l6,tabular_q_learning,evaluation_seen,opaque,imagined_transitions,30,0.0,0.0,0.0,0.0,0.0,0.0
autonomy,autonomy,q_learning,opaque_dependency_l6,tabular_q_learning,evaluation_seen,opaque,action_proposals,30,6.0,0.0,6.0,6.0,6.0,6.0
autonomy,autonomy,q_learning,opaque_dependency_l6,tabular_q_learning,evaluation_seen,opaque,repeat_rate,30,0.0,0.0,0.0,0.0,0.0,0.0
autonomy,autonomy,q_learning,opaque_dependency_l6,tabular_q_learning,evaluation_seen,opaque,error_rate,30,0.0,0.0,0.0,0.0,0.0,0.0
autonomy,autonomy,q_learning,opaque_dependency_l6,tabular_q_learning,evaluation_unseen_zero_shot,opaque,success,30,0.0,0.0,0.0,0.0,0.0,0.0
autonomy,autonomy,q_learning,opaque_dependency_l6,tabular_q_learning,evaluation_unseen_zero_shot,opaque,steps,30,6.0,0.0,6.0,6.0,6.0,6.0
autonomy,autonomy,q_learning,opaque_dependency_l6,tabular_q_learning,evaluation_unseen_zero_shot,opaque,high_level_steps,30,6.0,0.0,6.0,6.0,6.0,6.0
autonomy,autonomy,q_learning,opaque_dependency_l6,tabular_q_learning,evaluation_unseen_zero_shot,opaque,primitive_steps,30,6.0,0.0,6.0,6.0,6.0,6.0
autonomy,autonomy,q_learning,opaque_dependency_l6,tabular_q_learning,evaluation_unseen_zero_shot,opaque,reward,30,0.0,0.0,0.0,0.0,0.0,0.0
autonomy,autonomy,q_learning,opaque_dependency_l6,tabular_q_learning,evaluation_unseen_zero_shot,opaque,errors,30,0.0,0.0,0.0,0.0,0.0,0.0
autonomy,autonomy,q_learning,opaque_dependency_l6,tabular_q_learning,evaluation_unseen_zero_shot,opaque,repeats,30,0.0,0.0,0.0,0.0,0.0,0.0
autonomy,autonomy,q_learning,opaque_dependency_l6,tabular_q_learning,evaluation_unseen_zero_shot,opaque,imagined_nodes,30,0.0,0.0,0.0,0.0,0.0,0.0
autonomy,autonomy,q_learning,opaque_dependency_l6,tabular_q_learning,evaluation_unseen_zero_shot,opaque,imagination_depth,30,0.0,0.0,0.0,0.0,0.0,0.0
autonomy,autonomy,q_learning,opaque_dependency_l6,tabular_q_learning,evaluation_unseen_zero_shot,opaque,actual_return,30,0.0,0.0,0.0,0.0,0.0,0.0
autonomy,autonomy,q_learning,opaque_dependency_l6,tabular_q_learning,evaluation_unseen_zero_shot,opaque,runtime_seconds,30,0.00017236186653705467,3.71276666856341e-05,0.0001613951663894113,0.0001876211664833439,0.0001253234989417251,0.00033677450017421506
autonomy,autonomy,q_learning,opaque_dependency_l6,tabular_q_learning,evaluation_unseen_zero_shot,opaque,real_transitions,30,6.0,0.0,6.0,6.0,6.0,6.0
autonomy,autonomy,q_learning,opaque_dependency_l6,tabular_q_learning,evaluation_unseen_zero_shot,opaque,imagined_transitions,30,0.0,0.0,0.0,0.0,0.0,0.0
autonomy,autonomy,q_learning,opaque_dependency_l6,tabular_q_learning,evaluation_unseen_zero_shot,opaque,action_proposals,30,6.0,0.0,6.0,6.0,6.0,6.0
autonomy,autonomy,q_learning,opaque_dependency_l6,tabular_q_learning,evaluation_unseen_zero_shot,opaque,repeat_rate,30,0.0,0.0,0.0,0.0,0.0,0.0
autonomy,autonomy,q_learning,opaque_dependency_l6,tabular_q_learning,evaluation_unseen_zero_shot,opaque,error_rate,30,0.0,0.0,0.0,0.0,0.0,0.0
autonomy,autonomy,q_learning,opaque_dependency_l6,tabular_q_learning,training,opaque,success,30,0.011433333333333334,0.014772255759696455,0.007166666666666667,0.017216666666666665,0.002,0.067
autonomy,autonomy,q_learning,opaque_dependency_l6,tabular_q_learning,training,opaque,steps,30,6.0,0.0,6.0,6.0,6.0,6.0
autonomy,autonomy,q_learning,opaque_dependency_l6,tabular_q_learning,training,opaque,high_level_steps,30,6.0,0.0,6.0,6.0,6.0,6.0
autonomy,autonomy,q_learning,opaque_dependency_l6,tabular_q_learning,training,opaque,primitive_steps,30,6.0,0.0,6.0,6.0,6.0,6.0
autonomy,autonomy,q_learning,opaque_dependency_l6,tabular_q_learning,training,opaque,reward,30,0.011433333333333334,0.014772255759696455,0.007083333333333333,0.017416666666666667,0.002,0.067
autonomy,autonomy,q_learning,opaque_dependency_l6,tabular_q_learning,training,opaque,errors,30,0.0,0.0,0.0,0.0,0.0,0.0
autonomy,autonomy,q_learning,opaque_dependency_l6,tabular_q_learning,training,opaque,repeats,30,0.0,0.0,0.0,0.0,0.0,0.0
autonomy,autonomy,q_learning,opaque_dependency_l6,tabular_q_learning,training,opaque,prediction_score,30,0.0,0.0,0.0,0.0,0.0,0.0
autonomy,autonomy,q_learning,opaque_dependency_l6,tabular_q_learning,training,opaque,holdout_score,30,0.0,0.0,0.0,0.0,0.0,0.0
autonomy,autonomy,q_learning,opaque_dependency_l6,tabular_q_learning,training,opaque,holdout_gain,30,0.0,0.0,0.0,0.0,0.0,0.0
autonomy,autonomy,q_learning,opaque_dependency_l6,tabular_q_learning,training,opaque,imagined_nodes,30,0.0,0.0,0.0,0.0,0.0,0.0
autonomy,autonomy,q_learning,opaque_dependency_l6,tabular_q_learning,training,opaque,imagination_depth,30,0.0,0.0,0.0,0.0,0.0,0.0
autonomy,autonomy,q_learning,opaque_dependency_l6,tabular_q_learning,training,opaque,actual_return,30,0.011433333333333334,0.014772255759696455,0.00715,0.0172,0.002,0.067
autonomy,autonomy,q_learning,opaque_dependency_l6,tabular_q_learning,training,opaque,runtime_seconds,30,0.00023390305172118437,1.6455938513617493e-05,0.000228262740013209,0.0002396374217423727,0.00020924439986993093,0.0002776150998543017
autonomy,autonomy,q_learning,opaque_dependency_l6,tabular_q_learning,training,opaque,real_transitions,30,6.0,0.0,6.0,6.0,6.0,6.0
autonomy,autonomy,q_learning,opaque_dependency_l6,tabular_q_learning,training,opaque,imagined_transitions,30,0.0,0.0,0.0,0.0,0.0,0.0
autonomy,autonomy,q_learning,opaque_dependency_l6,tabular_q_learning,training,opaque,action_proposals,30,6.0,0.0,6.0,6.0,6.0,6.0
autonomy,autonomy,q_learning,opaque_dependency_l6,tabular_q_learning,training,opaque,repeat_rate,30,0.0,0.0,0.0,0.0,0.0,0.0
autonomy,autonomy,q_learning,opaque_dependency_l6,tabular_q_learning,training,opaque,error_rate,30,0.0,0.0,0.0,0.0,0.0,0.0
autonomy,autonomy,q_learning,opaque_dependency_l6,tabular_q_learning,training,opaque,learning_auc,30,0.011430715357678839,0.014750455135525049,0.007086876771719193,0.017367016841754214,0.002001000500250125,0.0670335167583792
autonomy,autonomy,q_learning,opaque_dependency_l6,tabular_q_learning,training,opaque,final_tail_success,30,0.007500000000000001,0.020625979600561003,0.0018333333333333333,0.01566666666666667,0.0,0.1
autonomy,autonomy,q_learning,opaque_dependency_l6,tabular_q_learning,training,opaque,first_success_real_transitions,30,341.6,440.46007294880764,207.4,511.4,36.0,2220.0
autonomy,autonomy,q_learning,opaque_dependency_l8,tabular_q_learning,evaluation_seen,opaque,success,30,0.0,0.0,0.0,0.0,0.0,0.0
autonomy,autonomy,q_learning,opaque_dependency_l8,tabular_q_learning,evaluation_seen,opaque,steps,30,8.0,0.0,8.0,8.0,8.0,8.0
autonomy,autonomy,q_learning,opaque_dependency_l8,tabular_q_learning,evaluation_seen,opaque,high_level_steps,30,8.0,0.0,8.0,8.0,8.0,8.0
autonomy,autonomy,q_learning,opaque_dependency_l8,tabular_q_learning,evaluation_seen,opaque,primitive_steps,30,8.0,0.0,8.0,8.0,8.0,8.0
autonomy,autonomy,q_learning,opaque_dependency_l8,tabular_q_learning,evaluation_seen,opaque,reward,30,0.0,0.0,0.0,0.0,0.0,0.0
autonomy,autonomy,q_learning,opaque_dependency_l8,tabular_q_learning,evaluation_seen,opaque,errors,30,0.0,0.0,0.0,0.0,0.0,0.0
autonomy,autonomy,q_learning,opaque_dependency_l8,tabular_q_learning,evaluation_seen,opaque,repeats,30,0.0,0.0,0.0,0.0,0.0,0.0
autonomy,autonomy,q_learning,opaque_dependency_l8,tabular_q_learning,evaluation_seen,opaque,imagined_nodes,30,0.0,0.0,0.0,0.0,0.0,0.0
autonomy,autonomy,q_learning,opaque_dependency_l8,tabular_q_learning,evaluation_seen,opaque,imagination_depth,30,0.0,0.0,0.0,0.0,0.0,0.0
autonomy,autonomy,q_learning,opaque_dependency_l8,tabular_q_learning,evaluation_seen,opaque,actual_return,30,0.0,0.0,0.0,0.0,0.0,0.0
autonomy,autonomy,q_learning,opaque_dependency_l8,tabular_q_learning,evaluation_seen,opaque,runtime_seconds,30,0.00023472128336531265,2.2535123419884186e-05,0.0002268218501994852,0.00024241163332771977,0.00017776100066839716,0.0002773729999898933
autonomy,autonomy,q_learning,opaque_dependency_l8,tabular_q_learning,evaluation_seen,opaque,real_transitions,30,8.0,0.0,8.0,8.0,8.0,8.0
autonomy,autonomy,q_learning,opaque_dependency_l8,tabular_q_learning,evaluation_seen,opaque,imagined_transitions,30,0.0,0.0,0.0,0.0,0.0,0.0
autonomy,autonomy,q_learning,opaque_dependency_l8,tabular_q_learning,evaluation_seen,opaque,action_proposals,30,8.0,0.0,8.0,8.0,8.0,8.0
autonomy,autonomy,q_learning,opaque_dependency_l8,tabular_q_learning,evaluation_seen,opaque,repeat_rate,30,0.0,0.0,0.0,0.0,0.0,0.0
autonomy,autonomy,q_learning,opaque_dependency_l8,tabular_q_learning,evaluation_seen,opaque,error_rate,30,0.0,0.0,0.0,0.0,0.0,0.0
autonomy,autonomy,q_learning,opaque_dependency_l8,tabular_q_learning,evaluation_unseen_zero_shot,opaque,success,30,0.0,0.0,0.0,0.0,0.0,0.0
autonomy,autonomy,q_learning,opaque_dependency_l8,tabular_q_learning,evaluation_unseen_zero_shot,opaque,steps,30,8.0,0.0,8.0,8.0,8.0,8.0
autonomy,autonomy,q_learning,opaque_dependency_l8,tabular_q_learning,evaluation_unseen_zero_shot,opaque,high_level_steps,30,8.0,0.0,8.0,8.0,8.0,8.0
autonomy,autonomy,q_learning,opaque_dependency_l8,tabular_q_learning,evaluation_unseen_zero_shot,opaque,primitive_steps,30,8.0,0.0,8.0,8.0,8.0,8.0
autonomy,autonomy,q_learning,opaque_dependency_l8,tabular_q_learning,evaluation_unseen_zero_shot,opaque,reward,30,0.0,0.0,0.0,0.0,0.0,0.0
autonomy,autonomy,q_learning,opaque_dependency_l8,tabular_q_learning,evaluation_unseen_zero_shot,opaque,errors,30,0.0,0.0,0.0,0.0,0.0,0.0
autonomy,autonomy,q_learning,opaque_dependency_l8,tabular_q_learning,evaluation_unseen_zero_shot,opaque,repeats,30,0.0,0.0,0.0,0.0,0.0,0.0
autonomy,autonomy,q_learning,opaque_dependency_l8,tabular_q_learning,evaluation_unseen_zero_shot,opaque,imagined_nodes,30,0.0,0.0,0.0,0.0,0.0,0.0
autonomy,autonomy,q_learning,opaque_dependency_l8,tabular_q_learning,evaluation_unseen_zero_shot,opaque,imagination_depth,30,0.0,0.0,0.0,0.0,0.0,0.0
autonomy,autonomy,q_learning,opaque_dependency_l8,tabular_q_learning,evaluation_unseen_zero_shot,opaque,actual_return,30,0.0,0.0,0.0,0.0,0.0,0.0
autonomy,autonomy,q_learning,opaque_dependency_l8,tabular_q_learning,evaluation_unseen_zero_shot,opaque,runtime_seconds,30,0.0002612673333399774,6.974857943271674e-05,0.00023951956666617966,0.0002872523999637148,0.0001867810006660875,0.00050707450020127
autonomy,autonomy,q_learning,opaque_dependency_l8,tabular_q_learning,evaluation_unseen_zero_shot,opaque,real_transitions,30,8.0,0.0,8.0,8.0,8.0,8.0
autonomy,autonomy,q_learning,opaque_dependency_l8,tabular_q_learning,evaluation_unseen_zero_shot,opaque,imagined_transitions,30,0.0,0.0,0.0,0.0,0.0,0.0
autonomy,autonomy,q_learning,opaque_dependency_l8,tabular_q_learning,evaluation_unseen_zero_shot,opaque,action_proposals,30,8.0,0.0,8.0,8.0,8.0,8.0
autonomy,autonomy,q_learning,opaque_dependency_l8,tabular_q_learning,evaluation_unseen_zero_shot,opaque,repeat_rate,30,0.0,0.0,0.0,0.0,0.0,0.0
autonomy,autonomy,q_learning,opaque_dependency_l8,tabular_q_learning,evaluation_unseen_zero_shot,opaque,error_rate,30,0.0,0.0,0.0,0.0,0.0,0.0
autonomy,autonomy,q_learning,opaque_dependency_l8,tabular_q_learning,training,opaque,success,30,0.003033333333333333,0.01069396650173498,0.0008833333333333333,0.007066666666666666,0.0,0.0595
autonomy,autonomy,q_learning,opaque_dependency_l8,tabular_q_learning,training,opaque,steps,30,8.0,0.0,8.0,8.0,8.0,8.0
autonomy,autonomy,q_learning,opaque_dependency_l8,tabular_q_learning,training,opaque,high_level_steps,30,8.0,0.0,8.0,8.0,8.0,8.0
autonomy,autonomy,q_learning,opaque_dependency_l8,tabular_q_learning,training,opaque,primitive_steps,30,8.0,0.0,8.0,8.0,8.0,8.0
autonomy,autonomy,q_learning,opaque_dependency_l8,tabular_q_learning,training,opaque,reward,30,0.003033333333333333,0.01069396650173498,0.0008666666666666667,0.0070999999999999995,0.0,0.0595
autonomy,autonomy,q_learning,opaque_dependency_l8,tabular_q_learning,training,opaque,errors,30,0.0,0.0,0.0,0.0,0.0,0.0
autonomy,autonomy,q_learning,opaque_dependency_l8,tabular_q_learning,training,opaque,repeats,30,0.0,0.0,0.0,0.0,0.0,0.0
autonomy,autonomy,q_learning,opaque_dependency_l8,tabular_q_learning,training,opaque,prediction_score,30,0.0,0.0,0.0,0.0,0.0,0.0
autonomy,autonomy,q_learning,opaque_dependency_l8,tabular_q_learning,training,opaque,holdout_score,30,0.0,0.0,0.0,0.0,0.0,0.0
autonomy,autonomy,q_learning,opaque_dependency_l8,tabular_q_learning,training,opaque,holdout_gain,30,0.0,0.0,0.0,0.0,0.0,0.0
autonomy,autonomy,q_learning,opaque_dependency_l8,tabular_q_learning,training,opaque,imagined_nodes,30,0.0,0.0,0.0,0.0,0.0,0.0
autonomy,autonomy,q_learning,opaque_dependency_l8,tabular_q_learning,training,opaque,imagination_depth,30,0.0,0.0,0.0,0.0,0.0,0.0
autonomy,autonomy,q_learning,opaque_dependency_l8,tabular_q_learning,training,opaque,actual_return,30,0.003033333333333333,0.01069396650173498,0.0008833333333333333,0.00705,0.0,0.0595
autonomy,autonomy,q_learning,opaque_dependency_l8,tabular_q_learning,training,opaque,runtime_seconds,30,0.0003316434249640831,2.624673782638817e-05,0.000322731358303281,0.0003406247398932465,0.0002675385498150717,0.0003944785495259566
autonomy,autonomy,q_learning,opaque_dependency_l8,tabular_q_learning,training,opaque,real_transitions,30,8.0,0.0,8.0,8.0,8.0,8.0
autonomy,autonomy,q_learning,opaque_dependency_l8,tabular_q_learning,training,opaque,imagined_transitions,30,0.0,0.0,0.0,0.0,0.0,0.0
autonomy,autonomy,q_learning,opaque_dependency_l8,tabular_q_learning,training,opaque,action_proposals,30,8.0,0.0,8.0,8.0,8.0,8.0
autonomy,autonomy,q_learning,opaque_dependency_l8,tabular_q_learning,training,opaque,repeat_rate,30,0.0,0.0,0.0,0.0,0.0,0.0
autonomy,autonomy,q_learning,opaque_dependency_l8,tabular_q_learning,training,opaque,error_rate,30,0.0,0.0,0.0,0.0,0.0,0.0
autonomy,autonomy,q_learning,opaque_dependency_l8,tabular_q_learning,training,opaque,learning_auc,30,0.00303485075871269,0.010699316159814887,0.0008671002167750542,0.007120226780056695,0.0,0.05952976488244122
autonomy,autonomy,q_learning,opaque_dependency_l8,tabular_q_learning,training,opaque,final_tail_success,30,0.0035,0.019170289512680815,0.0,0.0105,0.0,0.105
autonomy,autonomy,q_learning,opaque_dependency_l8,tabular_q_learning,training,opaque,first_success_real_transitions,24,1143.0,1161.4499184396536,721.0,1642.6666666666667,64.0,4376.0
autonomy,autonomy,random,opaque_dependency_l4,none,evaluation_seen,opaque,success,30,0.06716666666666667,0.02078972447335849,0.060166666666666674,0.07466666666666667,0.035,0.125
autonomy,autonomy,random,opaque_dependency_l4,none,evaluation_seen,opaque,steps,30,4.0,0.0,4.0,4.0,4.0,4.0
autonomy,autonomy,random,opaque_dependency_l4,none,evaluation_seen,opaque,high_level_steps,30,4.0,0.0,4.0,4.0,4.0,4.0
autonomy,autonomy,random,opaque_dependency_l4,none,evaluation_seen,opaque,primitive_steps,30,4.0,0.0,4.0,4.0,4.0,4.0
autonomy,autonomy,random,opaque_dependency_l4,none,evaluation_seen,opaque,reward,30,0.06716666666666667,0.02078972447335849,0.060166666666666674,0.0745,0.035,0.125
autonomy,autonomy,random,opaque_dependency_l4,none,evaluation_seen,opaque,errors,30,0.0,0.0,0.0,0.0,0.0,0.0
autonomy,autonomy,random,opaque_dependency_l4,none,evaluation_seen,opaque,repeats,30,0.0,0.0,0.0,0.0,0.0,0.0
autonomy,autonomy,random,opaque_dependency_l4,none,evaluation_seen,opaque,prediction_score,30,0.0,0.0,0.0,0.0,0.0,0.0
autonomy,autonomy,random,opaque_dependency_l4,none,evaluation_seen,opaque,holdout_score,30,0.0,0.0,0.0,0.0,0.0,0.0
autonomy,autonomy,random,opaque_dependency_l4,none,evaluation_seen,opaque,imagined_nodes,30,0.0,0.0,0.0,0.0,0.0,0.0
autonomy,autonomy,random,opaque_dependency_l4,none,evaluation_seen,opaque,imagination_depth,30,0.0,0.0,0.0,0.0,0.0,0.0
autonomy,autonomy,random,opaque_dependency_l4,none,evaluation_seen,opaque,actual_return,30,0.06716666666666667,0.02078972447335849,0.060166666666666674,0.07466666666666667,0.035,0.125
autonomy,autonomy,random,opaque_dependency_l4,none,evaluation_seen,opaque,runtime_seconds,30,0.0019715604333614464,0.00019400569701833985,0.0019027597001113465,0.0020375816999197317,0.0015065690001938492,0.00224479800046538
autonomy,autonomy,random,opaque_dependency_l4,none,evaluation_seen,opaque,real_transitions,30,4.0,0.0,4.0,4.0,4.0,4.0
autonomy,autonomy,random,opaque_dependency_l4,none,evaluation_seen,opaque,imagined_transitions,30,0.0,0.0,0.0,0.0,0.0,0.0
autonomy,autonomy,random,opaque_dependency_l4,none,evaluation_seen,opaque,action_proposals,30,4.0,0.0,4.0,4.0,4.0,4.0
autonomy,autonomy,random,opaque_dependency_l4,none,evaluation_seen,opaque,repeat_rate,30,0.0,0.0,0.0,0.0,0.0,0.0
autonomy,autonomy,random,opaque_dependency_l4,none,evaluation_seen,opaque,error_rate,30,0.0,0.0,0.0,0.0,0.0,0.0
autonomy,autonomy,random,opaque_dependency_l4,none,evaluation_unseen_zero_shot,opaque,success,30,0.06016666666666667,0.01600017959669318,0.0545,0.066,0.035,0.095
autonomy,autonomy,random,opaque_dependency_l4,none,evaluation_unseen_zero_shot,opaque,steps,30,4.0,0.0,4.0,4.0,4.0,4.0
autonomy,autonomy,random,opaque_dependency_l4,none,evaluation_unseen_zero_shot,opaque,high_level_steps,30,4.0,0.0,4.0,4.0,4.0,4.0
autonomy,autonomy,random,opaque_dependency_l4,none,evaluation_unseen_zero_shot,opaque,primitive_steps,30,4.0,0.0,4.0,4.0,4.0,4.0
autonomy,autonomy,random,opaque_dependency_l4,none,evaluation_unseen_zero_shot,opaque,reward,30,0.06016666666666667,0.01600017959669318,0.0545,0.06566666666666666,0.035,0.095
autonomy,autonomy,random,opaque_dependency_l4,none,evaluation_unseen_zero_shot,opaque,errors,30,0.0,0.0,0.0,0.0,0.0,0.0
autonomy,autonomy,random,opaque_dependency_l4,none,evaluation_unseen_zero_shot,opaque,repeats,30,0.0,0.0,0.0,0.0,0.0,0.0
autonomy,autonomy,random,opaque_dependency_l4,none,evaluation_unseen_zero_shot,opaque,prediction_score,30,0.0,0.0,0.0,0.0,0.0,0.0
autonomy,autonomy,random,opaque_dependency_l4,none,evaluation_unseen_zero_shot,opaque,holdout_score,30,0.0,0.0,0.0,0.0,0.0,0.0
autonomy,autonomy,random,opaque_dependency_l4,none,evaluation_unseen_zero_shot,opaque,imagined_nodes,30,0.0,0.0,0.0,0.0,0.0,0.0
autonomy,autonomy,random,opaque_dependency_l4,none,evaluation_unseen_zero_shot,opaque,imagination_depth,30,0.0,0.0,0.0,0.0,0.0,0.0
autonomy,autonomy,random,opaque_dependency_l4,none,evaluation_unseen_zero_shot,opaque,actual_return,30,0.06016666666666667,0.01600017959669318,0.0545,0.06583333333333334,0.035,0.095
autonomy,autonomy,random,opaque_dependency_l4,none,evaluation_unseen_zero_shot,opaque,runtime_seconds,30,0.0020371471665712308,0.0001675246268294832,0.0019745150999369797,0.002092751566466177,0.001653119498369051,0.0022169494995614514
autonomy,autonomy,random,opaque_dependency_l4,none,evaluation_unseen_zero_shot,opaque,real_transitions,30,4.0,0.0,4.0,4.0,4.0,4.0
autonomy,autonomy,random,opaque_dependency_l4,none,evaluation_unseen_zero_shot,opaque,imagined_transitions,30,0.0,0.0,0.0,0.0,0.0,0.0
autonomy,autonomy,random,opaque_dependency_l4,none,evaluation_unseen_zero_shot,opaque,action_proposals,30,4.0,0.0,4.0,4.0,4.0,4.0
autonomy,autonomy,random,opaque_dependency_l4,none,evaluation_unseen_zero_shot,opaque,repeat_rate,30,0.0,0.0,0.0,0.0,0.0,0.0
autonomy,autonomy,random,opaque_dependency_l4,none,evaluation_unseen_zero_shot,opaque,error_rate,30,0.0,0.0,0.0,0.0,0.0,0.0
autonomy,autonomy,random,opaque_dependency_l4,none,training,opaque,success,30,0.0626,0.005887450124248804,0.06046666666666667,0.06470000000000001,0.046,0.077
autonomy,autonomy,random,opaque_dependency_l4,none,training,opaque,steps,30,4.0,0.0,4.0,4.0,4.0,4.0
autonomy,autonomy,random,opaque_dependency_l4,none,training,opaque,high_level_steps,30,4.0,0.0,4.0,4.0,4.0,4.0
autonomy,autonomy,random,opaque_dependency_l4,none,training,opaque,primitive_steps,30,4.0,0.0,4.0,4.0,4.0,4.0
autonomy,autonomy,random,opaque_dependency_l4,none,training,opaque,reward,30,0.0626,0.005887450124248804,0.06048333333333333,0.06461666666666667,0.046,0.077
autonomy,autonomy,random,opaque_dependency_l4,none,training,opaque,errors,30,0.0,0.0,0.0,0.0,0.0,0.0
autonomy,autonomy,random,opaque_dependency_l4,none,training,opaque,repeats,30,0.0,0.0,0.0,0.0,0.0,0.0
autonomy,autonomy,random,opaque_dependency_l4,none,training,opaque,prediction_score,30,0.0,0.0,0.0,0.0,0.0,0.0
autonomy,autonomy,random,opaque_dependency_l4,none,training,opaque,holdout_score,30,0.0,0.0,0.0,0.0,0.0,0.0
autonomy,autonomy,random,opaque_dependency_l4,none,training,opaque,holdout_gain,30,0.0,0.0,0.0,0.0,0.0,0.0
autonomy,autonomy,random,opaque_dependency_l4,none,training,opaque,imagined_nodes,30,0.0,0.0,0.0,0.0,0.0,0.0
autonomy,autonomy,random,opaque_dependency_l4,none,training,opaque,imagination_depth,30,0.0,0.0,0.0,0.0,0.0,0.0
autonomy,autonomy,random,opaque_dependency_l4,none,training,opaque,actual_return,30,0.0626,0.005887450124248804,0.060533333333333335,0.06458333333333334,0.046,0.077
autonomy,autonomy,random,opaque_dependency_l4,none,training,opaque,runtime_seconds,30,0.00019333591174169366,1.625176806142491e-05,0.0001877331950434988,0.00019914359670898798,0.00016747449997637888,0.0002392925503954757
autonomy,autonomy,random,opaque_dependency_l4,none,training,opaque,real_transitions,30,4.0,0.0,4.0,4.0,4.0,4.0
autonomy,autonomy,random,opaque_dependency_l4,none,training,opaque,imagined_transitions,30,0.0,0.0,0.0,0.0,0.0,0.0
autonomy,autonomy,random,opaque_dependency_l4,none,training,opaque,action_proposals,30,4.0,0.0,4.0,4.0,4.0,4.0
autonomy,autonomy,random,opaque_dependency_l4,none,training,opaque,repeat_rate,30,0.0,0.0,0.0,0.0,0.0,0.0
autonomy,autonomy,random,opaque_dependency_l4,none,training,opaque,error_rate,30,0.0,0.0,0.0,0.0,0.0,0.0
autonomy,autonomy,random,opaque_dependency_l4,none,training,opaque,learning_auc,30,0.06259796564949141,0.005875482471520529,0.06048857762214441,0.06463231615807903,0.04602301150575288,0.07703851925962982
autonomy,autonomy,random,opaque_dependency_l4,none,training,opaque,final_tail_success,30,0.06416666666666666,0.021698694277152562,0.0565,0.07166666666666667,0.02,0.115
autonomy,autonomy,random,opaque_dependency_l4,none,training,opaque,first_success_real_transitions,30,75.33333333333333,72.74012948009928,52.0,103.06666666666666,4.0,280.0
autonomy,autonomy,random,opaque_dependency_l6,none,evaluation_seen,opaque,success,30,0.015166666666666667,0.008145586210497295,0.012333333333333333,0.018000000000000002,0.005,0.035
autonomy,autonomy,random,opaque_dependency_l6,none,evaluation_seen,opaque,steps,30,6.0,0.0,6.0,6.0,6.0,6.0
autonomy,autonomy,random,opaque_dependency_l6,none,evaluation_seen,opaque,high_level_steps,30,6.0,0.0,6.0,6.0,6.0,6.0
autonomy,autonomy,random,opaque_dependency_l6,none,evaluation_seen,opaque,primitive_steps,30,6.0,0.0,6.0,6.0,6.0,6.0
autonomy,autonomy,random,opaque_dependency_l6,none,evaluation_seen,opaque,reward,30,0.015166666666666667,0.008145586210497295,0.0125,0.018166666666666668,0.005,0.035
autonomy,autonomy,random,opaque_dependency_l6,none,evaluation_seen,opaque,errors,30,0.0,0.0,0.0,0.0,0.0,0.0
autonomy,autonomy,random,opaque_dependency_l6,none,evaluation_seen,opaque,repeats,30,0.0,0.0,0.0,0.0,0.0,0.0
autonomy,autonomy,random,opaque_dependency_l6,none,evaluation_seen,opaque,prediction_score,30,0.0,0.0,0.0,0.0,0.0,0.0
autonomy,autonomy,random,opaque_dependency_l6,none,evaluation_seen,opaque,holdout_score,30,0.0,0.0,0.0,0.0,0.0,0.0
autonomy,autonomy,random,opaque_dependency_l6,none,evaluation_seen,opaque,imagined_nodes,30,0.0,0.0,0.0,0.0,0.0,0.0
autonomy,autonomy,random,opaque_dependency_l6,none,evaluation_seen,opaque,imagination_depth,30,0.0,0.0,0.0,0.0,0.0,0.0
autonomy,autonomy,random,opaque_dependency_l6,none,evaluation_seen,opaque,actual_return,30,0.015166666666666667,0.008145586210497295,0.0125,0.018166666666666668,0.005,0.035
autonomy,autonomy,random,opaque_dependency_l6,none,evaluation_seen,opaque,runtime_seconds,30,0.0033056391333520876,0.00028674688192626395,0.0032019590001970454,0.003404405749941361,0.002515837501705391,0.0037395914994704073
autonomy,autonomy,random,opaque_dependency_l6,none,evaluation_seen,opaque,real_transitions,30,6.0,0.0,6.0,6.0,6.0,6.0
autonomy,autonomy,random,opaque_dependency_l6,none,evaluation_seen,opaque,imagined_transitions,30,0.0,0.0,0.0,0.0,0.0,0.0
autonomy,autonomy,random,opaque_dependency_l6,none,evaluation_seen,opaque,action_proposals,30,6.0,0.0,6.0,6.0,6.0,6.0
autonomy,autonomy,random,opaque_dependency_l6,none,evaluation_seen,opaque,repeat_rate,30,0.0,0.0,0.0,0.0,0.0,0.0
autonomy,autonomy,random,opaque_dependency_l6,none,evaluation_seen,opaque,error_rate,30,0.0,0.0,0.0,0.0,0.0,0.0
autonomy,autonomy,random,opaque_dependency_l6,none,evaluation_unseen_zero_shot,opaque,success,30,0.0145,0.008939451499026564,0.011333333333333334,0.017666666666666667,0.0,0.03
autonomy,autonomy,random,opaque_dependency_l6,none,evaluation_unseen_zero_shot,opaque,steps,30,6.0,0.0,6.0,6.0,6.0,6.0
autonomy,autonomy,random,opaque_dependency_l6,none,evaluation_unseen_zero_shot,opaque,high_level_steps,30,6.0,0.0,6.0,6.0,6.0,6.0
autonomy,autonomy,random,opaque_dependency_l6,none,evaluation_unseen_zero_shot,opaque,primitive_steps,30,6.0,0.0,6.0,6.0,6.0,6.0
autonomy,autonomy,random,opaque_dependency_l6,none,evaluation_unseen_zero_shot,opaque,reward,30,0.0145,0.008939451499026564,0.011333333333333334,0.0175,0.0,0.03
autonomy,autonomy,random,opaque_dependency_l6,none,evaluation_unseen_zero_shot,opaque,errors,30,0.0,0.0,0.0,0.0,0.0,0.0
autonomy,autonomy,random,opaque_dependency_l6,none,evaluation_unseen_zero_shot,opaque,repeats,30,0.0,0.0,0.0,0.0,0.0,0.0
autonomy,autonomy,random,opaque_dependency_l6,none,evaluation_unseen_zero_shot,opaque,prediction_score,30,0.0,0.0,0.0,0.0,0.0,0.0
autonomy,autonomy,random,opaque_dependency_l6,none,evaluation_unseen_zero_shot,opaque,holdout_score,30,0.0,0.0,0.0,0.0,0.0,0.0
autonomy,autonomy,random,opaque_dependency_l6,none,evaluation_unseen_zero_shot,opaque,imagined_nodes,30,0.0,0.0,0.0,0.0,0.0,0.0
autonomy,autonomy,random,opaque_dependency_l6,none,evaluation_unseen_zero_shot,opaque,imagination_depth,30,0.0,0.0,0.0,0.0,0.0,0.0
autonomy,autonomy,random,opaque_dependency_l6,none,evaluation_unseen_zero_shot,opaque,actual_return,30,0.0145,0.008939451499026564,0.011333333333333334,0.017666666666666667,0.0,0.03
autonomy,autonomy,random,opaque_dependency_l6,none,evaluation_unseen_zero_shot,opaque,runtime_seconds,30,0.00327315296693511,0.0002624908820846762,0.0031819351172550038,0.003368795900256373,0.002836898000387009,0.003957295498985332
autonomy,autonomy,random,opaque_dependency_l6,none,evaluation_unseen_zero_shot,opaque,real_transitions,30,6.0,0.0,6.0,6.0,6.0,6.0
autonomy,autonomy,random,opaque_dependency_l6,none,evaluation_unseen_zero_shot,opaque,imagined_transitions,30,0.0,0.0,0.0,0.0,0.0,0.0
autonomy,autonomy,random,opaque_dependency_l6,none,evaluation_unseen_zero_shot,opaque,action_proposals,30,6.0,0.0,6.0,6.0,6.0,6.0
autonomy,autonomy,random,opaque_dependency_l6,none,evaluation_unseen_zero_shot,opaque,repeat_rate,30,0.0,0.0,0.0,0.0,0.0,0.0
autonomy,autonomy,random,opaque_dependency_l6,none,evaluation_unseen_zero_shot,opaque,error_rate,30,0.0,0.0,0.0,0.0,0.0,0.0
autonomy,autonomy,random,opaque_dependency_l6,none,training,opaque,success,30,0.015533333333333335,0.0020591818484673643,0.014816666666666667,0.016283333333333334,0.0115,0.0195
autonomy,autonomy,random,opaque_dependency_l6,none,training,opaque,steps,30,6.0,0.0,6.0,6.0,6.0,6.0
autonomy,autonomy,random,opaque_dependency_l6,none,training,opaque,high_level_steps,30,6.0,0.0,6.0,6.0,6.0,6.0
autonomy,autonomy,random,opaque_dependency_l6,none,training,opaque,primitive_steps,30,6.0,0.0,6.0,6.0,6.0,6.0
autonomy,autonomy,random,opaque_dependency_l6,none,training,opaque,reward,30,0.015533333333333335,0.0020591818484673643,0.014833333333333334,0.01625,0.0115,0.0195
autonomy,autonomy,random,opaque_dependency_l6,none,training,opaque,errors,30,0.0,0.0,0.0,0.0,0.0,0.0
autonomy,autonomy,random,opaque_dependency_l6,none,training,opaque,repeats,30,0.0,0.0,0.0,0.0,0.0,0.0
autonomy,autonomy,random,opaque_dependency_l6,none,training,opaque,prediction_score,30,0.0,0.0,0.0,0.0,0.0,0.0
autonomy,autonomy,random,opaque_dependency_l6,none,training,opaque,holdout_score,30,0.0,0.0,0.0,0.0,0.0,0.0
autonomy,autonomy,random,opaque_dependency_l6,none,training,opaque,holdout_gain,30,0.0,0.0,0.0,0.0,0.0,0.0
autonomy,autonomy,random,opaque_dependency_l6,none,training,opaque,imagined_nodes,30,0.0,0.0,0.0,0.0,0.0,0.0
autonomy,autonomy,random,opaque_dependency_l6,none,training,opaque,imagination_depth,30,0.0,0.0,0.0,0.0,0.0,0.0
autonomy,autonomy,random,opaque_dependency_l6,none,training,opaque,actual_return,30,0.015533333333333335,0.0020591818484673643,0.014783333333333334,0.016266666666666665,0.0115,0.0195
autonomy,autonomy,random,opaque_dependency_l6,none,training,opaque,runtime_seconds,30,0.00030333861335287413,2.5662555924281167e-05,0.00029444794006606875,0.0003125500783828708,0.00026259619992924854,0.00036965030022838616
autonomy,autonomy,random,opaque_dependency_l6,none,training,opaque,real_transitions,30,6.0,0.0,6.0,6.0,6.0,6.0
autonomy,autonomy,random,opaque_dependency_l6,none,training,opaque,imagined_transitions,30,0.0,0.0,0.0,0.0,0.0,0.0
autonomy,autonomy,random,opaque_dependency_l6,none,training,opaque,action_proposals,30,6.0,0.0,6.0,6.0,6.0,6.0
autonomy,autonomy,random,opaque_dependency_l6,none,training,opaque,repeat_rate,30,0.0,0.0,0.0,0.0,0.0,0.0
autonomy,autonomy,random,opaque_dependency_l6,none,training,opaque,error_rate,30,0.0,0.0,0.0,0.0,0.0,0.0
autonomy,autonomy,random,opaque_dependency_l6,none,training,opaque,learning_auc,30,0.015499416374854092,0.0020620436342253306,0.014782391195597799,0.01623311655827914,0.01150575287643822,0.01950975487743872
autonomy,autonomy,random,opaque_dependency_l6,none,training,opaque,final_tail_success,30,0.015166666666666667,0.008250740127023646,0.012166666666666666,0.018000000000000002,0.0,0.025
autonomy,autonomy,random,opaque_dependency_l6,none,training,opaque,first_success_real_transitions,30,379.8,355.6047204992916,264.4,512.6,6.0,1452.0
autonomy,autonomy,random,opaque_dependency_l8,none,evaluation_seen,opaque,success,30,0.0038333333333333336,0.003869271813638335,0.0025,0.005166666666666667,0.0,0.01
autonomy,autonomy,random,opaque_dependency_l8,none,evaluation_seen,opaque,steps,30,8.0,0.0,8.0,8.0,8.0,8.0
autonomy,autonomy,random,opaque_dependency_l8,none,evaluation_seen,opaque,high_level_steps,30,8.0,0.0,8.0,8.0,8.0,8.0
autonomy,autonomy,random,opaque_dependency_l8,none,evaluation_seen,opaque,primitive_steps,30,8.0,0.0,8.0,8.0,8.0,8.0
autonomy,autonomy,random,opaque_dependency_l8,none,evaluation_seen,opaque,reward,30,0.0038333333333333336,0.003869271813638335,0.0025,0.005166666666666667,0.0,0.01
autonomy,autonomy,random,opaque_dependency_l8,none,evaluation_seen,opaque,errors,30,0.0,0.0,0.0,0.0,0.0,0.0
autonomy,autonomy,random,opaque_dependency_l8,none,evaluation_seen,opaque,repeats,30,0.0,0.0,0.0,0.0,0.0,0.0
autonomy,autonomy,random,opaque_dependency_l8,none,evaluation_seen,opaque,prediction_score,30,0.0,0.0,0.0,0.0,0.0,0.0
autonomy,autonomy,random,opaque_dependency_l8,none,evaluation_seen,opaque,holdout_score,30,0.0,0.0,0.0,0.0,0.0,0.0
autonomy,autonomy,random,opaque_dependency_l8,none,evaluation_seen,opaque,imagined_nodes,30,0.0,0.0,0.0,0.0,0.0,0.0
autonomy,autonomy,random,opaque_dependency_l8,none,evaluation_seen,opaque,imagination_depth,30,0.0,0.0,0.0,0.0,0.0,0.0
autonomy,autonomy,random,opaque_dependency_l8,none,evaluation_seen,opaque,actual_return,30,0.0038333333333333336,0.003869271813638335,0.0025,0.005166666666666667,0.0,0.01
autonomy,autonomy,random,opaque_dependency_l8,none,evaluation_seen,opaque,runtime_seconds,30,0.0048275670831935714,0.00034429572808721085,0.004703712416570246,0.004941857766335792,0.0037091509990568737,0.0053310669989150485
autonomy,autonomy,random,opaque_dependency_l8,none,evaluation_seen,opaque,real_transitions,30,8.0,0.0,8.0,8.0,8.0,8.0
autonomy,autonomy,random,opaque_dependency_l8,none,evaluation_seen,opaque,imagined_transitions,30,0.0,0.0,0.0,0.0,0.0,0.0
autonomy,autonomy,random,opaque_dependency_l8,none,evaluation_seen,opaque,action_proposals,30,8.0,0.0,8.0,8.0,8.0,8.0
autonomy,autonomy,random,opaque_dependency_l8,none,evaluation_seen,opaque,repeat_rate,30,0.0,0.0,0.0,0.0,0.0,0.0
autonomy,autonomy,random,opaque_dependency_l8,none,evaluation_seen,opaque,error_rate,30,0.0,0.0,0.0,0.0,0.0,0.0
autonomy,autonomy,random,opaque_dependency_l8,none,evaluation_unseen_zero_shot,opaque,success,30,0.004333333333333333,0.004497764451088036,0.0028333333333333335,0.006,0.0,0.02
autonomy,autonomy,random,opaque_dependency_l8,none,evaluation_unseen_zero_shot,opaque,steps,30,8.0,0.0,8.0,8.0,8.0,8.0
autonomy,autonomy,random,opaque_dependency_l8,none,evaluation_unseen_zero_shot,opaque,high_level_steps,30,8.0,0.0,8.0,8.0,8.0,8.0
autonomy,autonomy,random,opaque_dependency_l8,none,evaluation_unseen_zero_shot,opaque,primitive_steps,30,8.0,0.0,8.0,8.0,8.0,8.0
autonomy,autonomy,random,opaque_dependency_l8,none,evaluation_unseen_zero_shot,opaque,reward,30,0.004333333333333333,0.004497764451088036,0.0028333333333333335,0.006,0.0,0.02
autonomy,autonomy,random,opaque_dependency_l8,none,evaluation_unseen_zero_shot,opaque,errors,30,0.0,0.0,0.0,0.0,0.0,0.0
autonomy,autonomy,random,opaque_dependency_l8,none,evaluation_unseen_zero_shot,opaque,repeats,30,0.0,0.0,0.0,0.0,0.0,0.0
autonomy,autonomy,random,opaque_dependency_l8,none,evaluation_unseen_zero_shot,opaque,prediction_score,30,0.0,0.0,0.0,0.0,0.0,0.0
autonomy,autonomy,random,opaque_dependency_l8,none,evaluation_unseen_zero_shot,opaque,holdout_score,30,0.0,0.0,0.0,0.0,0.0,0.0
autonomy,autonomy,random,opaque_dependency_l8,none,evaluation_unseen_zero_shot,opaque,imagined_nodes,30,0.0,0.0,0.0,0.0,0.0,0.0
autonomy,autonomy,random,opaque_dependency_l8,none,evaluation_unseen_zero_shot,opaque,imagination_depth,30,0.0,0.0,0.0,0.0,0.0,0.0
autonomy,autonomy,random,opaque_dependency_l8,none,evaluation_unseen_zero_shot,opaque,actual_return,30,0.004333333333333333,0.004497764451088036,0.0028333333333333335,0.006,0.0,0.02
autonomy,autonomy,random,opaque_dependency_l8,none,evaluation_unseen_zero_shot,opaque,runtime_seconds,30,0.004988613550265048,0.0002122257658788876,0.004914700666748104,0.005060483883484267,0.004346588499902282,0.005348990501224762
autonomy,autonomy,random,opaque_dependency_l8,none,evaluation_unseen_zero_shot,opaque,real_transitions,30,8.0,0.0,8.0,8.0,8.0,8.0
autonomy,autonomy,random,opaque_dependency_l8,none,evaluation_unseen_zero_shot,opaque,imagined_transitions,30,0.0,0.0,0.0,0.0,0.0,0.0
autonomy,autonomy,random,opaque_dependency_l8,none,evaluation_unseen_zero_shot,opaque,action_proposals,30,8.0,0.0,8.0,8.0,8.0,8.0
autonomy,autonomy,random,opaque_dependency_l8,none,evaluation_unseen_zero_shot,opaque,repeat_rate,30,0.0,0.0,0.0,0.0,0.0,0.0
autonomy,autonomy,random,opaque_dependency_l8,none,evaluation_unseen_zero_shot,opaque,error_rate,30,0.0,0.0,0.0,0.0,0.0,0.0
autonomy,autonomy,random,opaque_dependency_l8,none,training,opaque,success,30,0.0036166666666666665,0.0014000205253010998,0.0031666666666666666,0.004116666666666667,0.0015,0.007
autonomy,autonomy,random,opaque_dependency_l8,none,training,opaque,steps,30,8.0,0.0,8.0,8.0,8.0,8.0
autonomy,autonomy,random,opaque_dependency_l8,none,training,opaque,high_level_steps,30,8.0,0.0,8.0,8.0,8.0,8.0
autonomy,autonomy,random,opaque_dependency_l8,none,training,opaque,primitive_steps,30,8.0,0.0,8.0,8.0,8.0,8.0
autonomy,autonomy,random,opaque_dependency_l8,none,training,opaque,reward,30,0.0036166666666666665,0.0014000205253010998,0.00315,0.0041,0.0015,0.007
autonomy,autonomy,random,opaque_dependency_l8,none,training,opaque,errors,30,0.0,0.0,0.0,0.0,0.0,0.0
autonomy,autonomy,random,opaque_dependency_l8,none,training,opaque,repeats,30,0.0,0.0,0.0,0.0,0.0,0.0
autonomy,autonomy,random,opaque_dependency_l8,none,training,opaque,prediction_score,30,0.0,0.0,0.0,0.0,0.0,0.0
autonomy,autonomy,random,opaque_dependency_l8,none,training,opaque,holdout_score,30,0.0,0.0,0.0,0.0,0.0,0.0
autonomy,autonomy,random,opaque_dependency_l8,none,training,opaque,holdout_gain,30,0.0,0.0,0.0,0.0,0.0,0.0
autonomy,autonomy,random,opaque_dependency_l8,none,training,opaque,imagined_nodes,30,0.0,0.0,0.0,0.0,0.0,0.0
autonomy,autonomy,random,opaque_dependency_l8,none,training,opaque,imagination_depth,30,0.0,0.0,0.0,0.0,0.0,0.0
autonomy,autonomy,random,opaque_dependency_l8,none,training,opaque,actual_return,30,0.0036166666666666665,0.0014000205253010998,0.0031666666666666666,0.004116666666666667,0.0015,0.007
autonomy,autonomy,random,opaque_dependency_l8,none,training,opaque,runtime_seconds,30,0.00043005269002751445,2.2873948184663438e-05,0.00042230378337747727,0.0004383281350058193,0.000395476849807892,0.0004898645002394914
autonomy,autonomy,random,opaque_dependency_l8,none,training,opaque,real_transitions,30,8.0,0.0,8.0,8.0,8.0,8.0
autonomy,autonomy,random,opaque_dependency_l8,none,training,opaque,imagined_transitions,30,0.0,0.0,0.0,0.0,0.0,0.0
autonomy,autonomy,random,opaque_dependency_l8,none,training,opaque,action_proposals,30,8.0,0.0,8.0,8.0,8.0,8.0
autonomy,autonomy,random,opaque_dependency_l8,none,training,opaque,repeat_rate,30,0.0,0.0,0.0,0.0,0.0,0.0
autonomy,autonomy,random,opaque_dependency_l8,none,training,opaque,error_rate,30,0.0,0.0,0.0,0.0,0.0,0.0
autonomy,autonomy,random,opaque_dependency_l8,none,training,opaque,learning_auc,30,0.003618475904618976,0.001400720885743972,0.003134900783725196,0.004118726029681508,0.0015007503751875938,0.007003501750875438
autonomy,autonomy,random,opaque_dependency_l8,none,training,opaque,final_tail_success,30,0.002,0.00281620923987523,0.001,0.003,0.0,0.01
autonomy,autonomy,random,opaque_dependency_l8,none,training,opaque,first_success_real_transitions,30,1652.0,1498.9110530073444,1159.7333333333333,2199.4666666666667,48.0,5816.0
creativity,creativity,aassr_no_imagination,multi_solution_dependency,online,evaluation_unseen_adaptation,causal_effect_graph,success,30,1.0,0.0,1.0,1.0,1.0,1.0
creativity,creativity,aassr_no_imagination,multi_solution_dependency,online,evaluation_unseen_adaptation,causal_effect_graph,steps,30,3.3333333333333335,0.0,3.3333333333333335,3.3333333333333335,3.3333333333333335,3.3333333333333335
creativity,creativity,aassr_no_imagination,multi_solution_dependency,online,evaluation_unseen_adaptation,causal_effect_graph,high_level_steps,30,3.3333333333333335,0.0,3.3333333333333335,3.3333333333333335,3.3333333333333335,3.3333333333333335
creativity,creativity,aassr_no_imagination,multi_solution_dependency,online,evaluation_unseen_adaptation,causal_effect_graph,primitive_steps,30,3.3333333333333335,0.0,3.3333333333333335,3.3333333333333335,3.3333333333333335,3.3333333333333335
creativity,creativity,aassr_no_imagination,multi_solution_dependency,online,evaluation_unseen_adaptation,causal_effect_graph,reward,30,1.0,0.0,1.0,1.0,1.0,1.0
creativity,creativity,aassr_no_imagination,multi_solution_dependency,online,evaluation_unseen_adaptation,causal_effect_graph,errors,30,0.0,0.0,0.0,0.0,0.0,0.0
creativity,creativity,aassr_no_imagination,multi_solution_dependency,online,evaluation_unseen_adaptation,causal_effect_graph,repeats,30,0.0,0.0,0.0,0.0,0.0,0.0
creativity,creativity,aassr_no_imagination,multi_solution_dependency,online,evaluation_unseen_adaptation,causal_effect_graph,imagined_nodes,30,0.0,0.0,0.0,0.0,0.0,0.0
creativity,creativity,aassr_no_imagination,multi_solution_dependency,online,evaluation_unseen_adaptation,causal_effect_graph,actual_return,30,1.0,0.0,1.0,1.0,1.0,1.0
creativity,creativity,aassr_no_imagination,multi_solution_dependency,online,evaluation_unseen_adaptation,causal_effect_graph,runtime_seconds,30,0.00026419333395703387,1.1841864592201814e-05,0.0002602511121141207,0.00026859333382971167,0.00024843333327832323,0.00030499999411404133
creativity,creativity,aassr_no_imagination,multi_solution_dependency,online,evaluation_unseen_adaptation,causal_effect_graph,real_transitions,30,3.3333333333333335,0.0,3.3333333333333335,3.3333333333333335,3.3333333333333335,3.3333333333333335
creativity,creativity,aassr_no_imagination,multi_solution_dependency,online,evaluation_unseen_adaptation,causal_effect_graph,imagined_transitions,30,0.0,0.0,0.0,0.0,0.0,0.0
creativity,creativity,aassr_no_imagination,multi_solution_dependency,online,evaluation_unseen_adaptation,causal_effect_graph,action_proposals,30,3.3333333333333335,0.0,3.3333333333333335,3.3333333333333335,3.3333333333333335,3.3333333333333335
creativity,creativity,aassr_no_imagination,multi_solution_dependency,online,evaluation_unseen_adaptation,causal_effect_graph,novelty_score,30,1.0,0.0,1.0,1.0,1.0,1.0
creativity,creativity,aassr_no_imagination,multi_solution_dependency,online,evaluation_unseen_adaptation,causal_effect_graph,repeat_rate,30,0.0,0.0,0.0,0.0,0.0,0.0
creativity,creativity,aassr_no_imagination,multi_solution_dependency,online,evaluation_unseen_adaptation,causal_effect_graph,error_rate,30,0.0,0.0,0.0,0.0,0.0,0.0
creativity,creativity,aassr_no_imagination,multi_solution_dependency,online,training,causal_effect_graph,success,30,1.0,0.0,1.0,1.0,1.0,1.0
creativity,creativity,aassr_no_imagination,multi_solution_dependency,online,training,causal_effect_graph,steps,30,3.2882000000000002,0.04610437932673472,3.2714,3.3042666666666665,3.212,3.374
creativity,creativity,aassr_no_imagination,multi_solution_dependency,online,training,causal_effect_graph,high_level_steps,30,3.2882000000000002,0.04610437932673472,3.271733333333333,3.304333333333333,3.212,3.374
creativity,creativity,aassr_no_imagination,multi_solution_dependency,online,training,causal_effect_graph,primitive_steps,30,3.2882000000000002,0.04610437932673472,3.272066666666667,3.3046,3.212,3.374
creativity,creativity,aassr_no_imagination,multi_solution_dependency,online,training,causal_effect_graph,reward,30,1.0,0.0,1.0,1.0,1.0,1.0
creativity,creativity,aassr_no_imagination,multi_solution_dependency,online,training,causal_effect_graph,errors,30,0.0,0.0,0.0,0.0,0.0,0.0
creativity,creativity,aassr_no_imagination,multi_solution_dependency,online,training,causal_effect_graph,repeats,30,0.0,0.0,0.0,0.0,0.0,0.0
creativity,creativity,aassr_no_imagination,multi_solution_dependency,online,training,causal_effect_graph,imagined_nodes,30,0.0,0.0,0.0,0.0,0.0,0.0
creativity,creativity,aassr_no_imagination,multi_solution_dependency,online,training,causal_effect_graph,actual_return,30,1.0,0.0,1.0,1.0,1.0,1.0
creativity,creativity,aassr_no_imagination,multi_solution_dependency,online,training,causal_effect_graph,runtime_seconds,30,0.0007901786533824634,0.00023565683842821986,0.0007227195465820841,0.0008849810600300164,0.0006717434005113318,0.001792829800164327
creativity,creativity,aassr_no_imagination,multi_solution_dependency,online,training,causal_effect_graph,real_transitions,30,3.2882000000000002,0.04610437932673472,3.2723333333333335,3.304466666666667,3.212,3.374
creativity,creativity,aassr_no_imagination,multi_solution_dependency,online,training,causal_effect_graph,imagined_transitions,30,0.0,0.0,0.0,0.0,0.0,0.0
creativity,creativity,aassr_no_imagination,multi_solution_dependency,online,training,causal_effect_graph,action_proposals,30,3.2882000000000002,0.04610437932673472,3.2723333333333335,3.3040666666666665,3.212,3.374
creativity,creativity,aassr_no_imagination,multi_solution_dependency,online,training,causal_effect_graph,novelty_score,30,0.0,0.0,0.0,0.0,0.0,0.0
creativity,creativity,aassr_no_imagination,multi_solution_dependency,online,training,causal_effect_graph,repeat_rate,30,0.0,0.0,0.0,0.0,0.0,0.0
creativity,creativity,aassr_no_imagination,multi_solution_dependency,online,training,causal_effect_graph,error_rate,30,0.0,0.0,0.0,0.0,0.0,0.0
creativity,creativity,aassr_no_novelty,multi_solution_dependency,online,evaluation_unseen_adaptation,causal_effect_graph,success,30,1.0,0.0,1.0,1.0,1.0,1.0
creativity,creativity,aassr_no_novelty,multi_solution_dependency,online,evaluation_unseen_adaptation,causal_effect_graph,steps,30,3.3333333333333335,0.0,3.3333333333333335,3.3333333333333335,3.3333333333333335,3.3333333333333335
creativity,creativity,aassr_no_novelty,multi_solution_dependency,online,evaluation_unseen_adaptation,causal_effect_graph,high_level_steps,30,3.3333333333333335,0.0,3.3333333333333335,3.3333333333333335,3.3333333333333335,3.3333333333333335
creativity,creativity,aassr_no_novelty,multi_solution_dependency,online,evaluation_unseen_adaptation,causal_effect_graph,primitive_steps,30,3.3333333333333335,0.0,3.3333333333333335,3.3333333333333335,3.3333333333333335,3.3333333333333335
creativity,creativity,aassr_no_novelty,multi_solution_dependency,online,evaluation_unseen_adaptation,causal_effect_graph,reward,30,1.0,0.0,1.0,1.0,1.0,1.0
creativity,creativity,aassr_no_novelty,multi_solution_dependency,online,evaluation_unseen_adaptation,causal_effect_graph,errors,30,0.0,0.0,0.0,0.0,0.0,0.0
creativity,creativity,aassr_no_novelty,multi_solution_dependency,online,evaluation_unseen_adaptation,causal_effect_graph,repeats,30,0.0,0.0,0.0,0.0,0.0,0.0
creativity,creativity,aassr_no_novelty,multi_solution_dependency,online,evaluation_unseen_adaptation,causal_effect_graph,imagined_nodes,30,0.0,0.0,0.0,0.0,0.0,0.0
creativity,creativity,aassr_no_novelty,multi_solution_dependency,online,evaluation_unseen_adaptation,causal_effect_graph,actual_return,30,1.0,0.0,1.0,1.0,1.0,1.0
creativity,creativity,aassr_no_novelty,multi_solution_dependency,online,evaluation_unseen_adaptation,causal_effect_graph,runtime_seconds,30,0.00036804777822302035,4.8179261063042956e-05,0.0003538422231536565,0.0003862800021629988,0.00033836667231904965,0.0005670000003495564
creativity,creativity,aassr_no_novelty,multi_solution_dependency,online,evaluation_unseen_adaptation,causal_effect_graph,real_transitions,30,3.3333333333333335,0.0,3.3333333333333335,3.3333333333333335,3.3333333333333335,3.3333333333333335
creativity,creativity,aassr_no_novelty,multi_solution_dependency,online,evaluation_unseen_adaptation,causal_effect_graph,imagined_transitions,30,0.0,0.0,0.0,0.0,0.0,0.0
creativity,creativity,aassr_no_novelty,multi_solution_dependency,online,evaluation_unseen_adaptation,causal_effect_graph,action_proposals,30,3.3333333333333335,0.0,3.3333333333333335,3.3333333333333335,3.3333333333333335,3.3333333333333335
creativity,creativity,aassr_no_novelty,multi_solution_dependency,online,evaluation_unseen_adaptation,causal_effect_graph,novelty_score,30,1.0,0.0,1.0,1.0,1.0,1.0
creativity,creativity,aassr_no_novelty,multi_solution_dependency,online,evaluation_unseen_adaptation,causal_effect_graph,repeat_rate,30,0.0,0.0,0.0,0.0,0.0,0.0
creativity,creativity,aassr_no_novelty,multi_solution_dependency,online,evaluation_unseen_adaptation,causal_effect_graph,error_rate,30,0.0,0.0,0.0,0.0,0.0,0.0
creativity,creativity,aassr_no_novelty,multi_solution_dependency,online,training,causal_effect_graph,success,30,1.0,0.0,1.0,1.0,1.0,1.0
creativity,creativity,aassr_no_novelty,multi_solution_dependency,online,training,causal_effect_graph,steps,30,3.2329999999999997,0.03958317301842912,3.219266666666667,3.2472,3.174,3.31
creativity,creativity,aassr_no_novelty,multi_solution_dependency,online,training,causal_effect_graph,high_level_steps,30,3.2329999999999997,0.03958317301842912,3.218933333333333,3.2469333333333332,3.174,3.31
creativity,creativity,aassr_no_novelty,multi_solution_dependency,online,training,causal_effect_graph,primitive_steps,30,3.2329999999999997,0.03958317301842912,3.219533333333333,3.2467333333333332,3.174,3.31
creativity,creativity,aassr_no_novelty,multi_solution_dependency,online,training,causal_effect_graph,reward,30,1.0,0.0,1.0,1.0,1.0,1.0
creativity,creativity,aassr_no_novelty,multi_solution_dependency,online,training,causal_effect_graph,errors,30,0.0,0.0,0.0,0.0,0.0,0.0
creativity,creativity,aassr_no_novelty,multi_solution_dependency,online,training,causal_effect_graph,repeats,30,0.0,0.0,0.0,0.0,0.0,0.0
creativity,creativity,aassr_no_novelty,multi_solution_dependency,online,training,causal_effect_graph,imagined_nodes,30,2.7318000000000002,0.2973006605418506,2.6284,2.8363333333333336,1.942,3.354
creativity,creativity,aassr_no_novelty,multi_solution_dependency,online,training,causal_effect_graph,actual_return,30,1.0,0.0,1.0,1.0,1.0,1.0
creativity,creativity,aassr_no_novelty,multi_solution_dependency,online,training,causal_effect_graph,runtime_seconds,30,0.0005295317135363196,0.00024029645708138628,0.00046397763342247346,0.0006266436736196435,0.0004292620004853234,0.0014966088008368389
creativity,creativity,aassr_no_novelty,multi_solution_dependency,online,training,causal_effect_graph,real_transitions,30,3.2329999999999997,0.03958317301842912,3.219533333333333,3.2468,3.174,3.31
creativity,creativity,aassr_no_novelty,multi_solution_dependency,online,training,causal_effect_graph,imagined_transitions,30,2.7318000000000002,0.2973006605418506,2.6236,2.8360666666666665,1.942,3.354
creativity,creativity,aassr_no_novelty,multi_solution_dependency,online,training,causal_effect_graph,action_proposals,30,3.2329999999999997,0.03958317301842912,3.219133333333333,3.2477333333333336,3.174,3.31
creativity,creativity,aassr_no_novelty,multi_solution_dependency,online,training,causal_effect_graph,novelty_score,30,0.0,0.0,0.0,0.0,0.0,0.0
creativity,creativity,aassr_no_novelty,multi_solution_dependency,online,training,causal_effect_graph,repeat_rate,30,0.0,0.0,0.0,0.0,0.0,0.0
creativity,creativity,aassr_no_novelty,multi_solution_dependency,online,training,causal_effect_graph,error_rate,30,0.0,0.0,0.0,0.0,0.0,0.0
creativity,creativity,dqn,multi_solution_dependency,online,evaluation_unseen_adaptation,causal_effect_graph,success,30,1.0,0.0,1.0,1.0,1.0,1.0
creativity,creativity,dqn,multi_solution_dependency,online,evaluation_unseen_adaptation,causal_effect_graph,steps,30,3.1,0.5040069329937309,2.9222222222222225,3.2777777777777777,2.0,4.0
creativity,creativity,dqn,multi_solution_dependency,online,evaluation_unseen_adaptation,causal_effect_graph,high_level_steps,30,3.1,0.5040069329937309,2.9222222222222225,3.2777777777777777,2.0,4.0
creativity,creativity,dqn,multi_solution_dependency,online,evaluation_unseen_adaptation,causal_effect_graph,primitive_steps,30,3.1,0.5040069329937309,2.9222222222222225,3.2777777777777777,2.0,4.0
creativity,creativity,dqn,multi_solution_dependency,online,evaluation_unseen_adaptation,causal_effect_graph,reward,30,1.0,0.0,1.0,1.0,1.0,1.0
creativity,creativity,dqn,multi_solution_dependency,online,evaluation_unseen_adaptation,causal_effect_graph,errors,30,0.0,0.0,0.0,0.0,0.0,0.0
creativity,creativity,dqn,multi_solution_dependency,online,evaluation_unseen_adaptation,causal_effect_graph,repeats,30,0.0,0.0,0.0,0.0,0.0,0.0
creativity,creativity,dqn,multi_solution_dependency,online,evaluation_unseen_adaptation,causal_effect_graph,imagined_nodes,30,0.0,0.0,0.0,0.0,0.0,0.0
creativity,creativity,dqn,multi_solution_dependency,online,evaluation_unseen_adaptation,causal_effect_graph,actual_return,30,1.0,0.0,1.0,1.0,1.0,1.0
creativity,creativity,dqn,multi_solution_dependency,online,evaluation_unseen_adaptation,causal_effect_graph,runtime_seconds,30,0.0023197322230165203,0.0004118089559114581,0.002175390002149571,0.002463642224837612,0.0014099999971222132,0.0031383333262056112
creativity,creativity,dqn,multi_solution_dependency,online,evaluation_unseen_adaptation,causal_effect_graph,real_transitions,30,3.1,0.5040069329937309,2.9222222222222225,3.2666666666666666,2.0,4.0
creativity,creativity,dqn,multi_solution_dependency,online,evaluation_unseen_adaptation,causal_effect_graph,imagined_transitions,30,0.0,0.0,0.0,0.0,0.0,0.0
creativity,creativity,dqn,multi_solution_dependency,online,evaluation_unseen_adaptation,causal_effect_graph,action_proposals,30,3.1,0.5040069329937309,2.9222222222222225,3.2777777777777777,2.0,4.0
creativity,creativity,dqn,multi_solution_dependency,online,evaluation_unseen_adaptation,causal_effect_graph,novelty_score,30,1.0,0.0,1.0,1.0,1.0,1.0
creativity,creativity,dqn,multi_solution_dependency,online,evaluation_unseen_adaptation,causal_effect_graph,repeat_rate,30,0.0,0.0,0.0,0.0,0.0,0.0
creativity,creativity,dqn,multi_solution_dependency,online,evaluation_unseen_adaptation,causal_effect_graph,error_rate,30,0.0,0.0,0.0,0.0,0.0,0.0
creativity,creativity,dqn,multi_solution_dependency,online,training,causal_effect_graph,success,30,1.0,0.0,1.0,1.0,1.0,1.0
creativity,creativity,dqn,multi_solution_dependency,online,training,causal_effect_graph,steps,30,3.1686666666666667,0.043366388807011824,3.1534,3.1839333333333335,3.082,3.272
creativity,creativity,dqn,multi_solution_dependency,online,training,causal_effect_graph,high_level_steps,30,3.1686666666666667,0.043366388807011824,3.1532666666666667,3.1843999999999997,3.082,3.272
creativity,creativity,dqn,multi_solution_dependency,online,training,causal_effect_graph,primitive_steps,30,3.1686666666666667,0.043366388807011824,3.1536666666666666,3.1835333333333335,3.082,3.272
creativity,creativity,dqn,multi_solution_dependency,online,training,causal_effect_graph,reward,30,1.0,0.0,1.0,1.0,1.0,1.0
creativity,creativity,dqn,multi_solution_dependency,online,training,causal_effect_graph,errors,30,0.0,0.0,0.0,0.0,0.0,0.0
creativity,creativity,dqn,multi_solution_dependency,online,training,causal_effect_graph,repeats,30,0.0,0.0,0.0,0.0,0.0,0.0
creativity,creativity,dqn,multi_solution_dependency,online,training,causal_effect_graph,imagined_nodes,30,0.0,0.0,0.0,0.0,0.0,0.0
creativity,creativity,dqn,multi_solution_dependency,online,training,causal_effect_graph,actual_return,30,1.0,0.0,1.0,1.0,1.0,1.0
creativity,creativity,dqn,multi_solution_dependency,online,training,causal_effect_graph,runtime_seconds,30,0.004751280633350447,0.00022074758344226036,0.004678881966621459,0.004835380153350222,0.004341952799702994,0.005597294799576048
creativity,creativity,dqn,multi_solution_dependency,online,training,causal_effect_graph,real_transitions,30,3.1686666666666667,0.043366388807011824,3.1536666666666666,3.1839999999999997,3.082,3.272
creativity,creativity,dqn,multi_solution_dependency,online,training,causal_effect_graph,imagined_transitions,30,0.0,0.0,0.0,0.0,0.0,0.0
creativity,creativity,dqn,multi_solution_dependency,online,training,causal_effect_graph,action_proposals,30,3.1686666666666667,0.043366388807011824,3.1536,3.185,3.082,3.272
creativity,creativity,dqn,multi_solution_dependency,online,training,causal_effect_graph,novelty_score,30,0.0,0.0,0.0,0.0,0.0,0.0
creativity,creativity,dqn,multi_solution_dependency,online,training,causal_effect_graph,repeat_rate,30,0.0,0.0,0.0,0.0,0.0,0.0
creativity,creativity,dqn,multi_solution_dependency,online,training,causal_effect_graph,error_rate,30,0.0,0.0,0.0,0.0,0.0,0.0
creativity,creativity,full_aassr,multi_solution_dependency,online,evaluation_unseen_adaptation,causal_effect_graph,success,30,1.0,0.0,1.0,1.0,1.0,1.0
creativity,creativity,full_aassr,multi_solution_dependency,online,evaluation_unseen_adaptation,causal_effect_graph,steps,30,3.3333333333333335,0.0,3.3333333333333335,3.3333333333333335,3.3333333333333335,3.3333333333333335
creativity,creativity,full_aassr,multi_solution_dependency,online,evaluation_unseen_adaptation,causal_effect_graph,high_level_steps,30,3.3333333333333335,0.0,3.3333333333333335,3.3333333333333335,3.3333333333333335,3.3333333333333335
creativity,creativity,full_aassr,multi_solution_dependency,online,evaluation_unseen_adaptation,causal_effect_graph,primitive_steps,30,3.3333333333333335,0.0,3.3333333333333335,3.3333333333333335,3.3333333333333335,3.3333333333333335
creativity,creativity,full_aassr,multi_solution_dependency,online,evaluation_unseen_adaptation,causal_effect_graph,reward,30,1.0,0.0,1.0,1.0,1.0,1.0
creativity,creativity,full_aassr,multi_solution_dependency,online,evaluation_unseen_adaptation,causal_effect_graph,errors,30,0.0,0.0,0.0,0.0,0.0,0.0
creativity,creativity,full_aassr,multi_solution_dependency,online,evaluation_unseen_adaptation,causal_effect_graph,repeats,30,0.0,0.0,0.0,0.0,0.0,0.0
creativity,creativity,full_aassr,multi_solution_dependency,online,evaluation_unseen_adaptation,causal_effect_graph,imagined_nodes,30,0.0,0.0,0.0,0.0,0.0,0.0
creativity,creativity,full_aassr,multi_solution_dependency,online,evaluation_unseen_adaptation,causal_effect_graph,actual_return,30,1.0,0.0,1.0,1.0,1.0,1.0
creativity,creativity,full_aassr,multi_solution_dependency,online,evaluation_unseen_adaptation,causal_effect_graph,runtime_seconds,30,0.00036673000108243694,1.9018695202906306e-05,0.0003604255555223467,0.0003734422236448154,0.0003405333263799548,0.0004257666684376697
creativity,creativity,full_aassr,multi_solution_dependency,online,evaluation_unseen_adaptation,causal_effect_graph,real_transitions,30,3.3333333333333335,0.0,3.3333333333333335,3.3333333333333335,3.3333333333333335,3.3333333333333335
creativity,creativity,full_aassr,multi_solution_dependency,online,evaluation_unseen_adaptation,causal_effect_graph,imagined_transitions,30,0.0,0.0,0.0,0.0,0.0,0.0
creativity,creativity,full_aassr,multi_solution_dependency,online,evaluation_unseen_adaptation,causal_effect_graph,action_proposals,30,3.3333333333333335,0.0,3.3333333333333335,3.3333333333333335,3.3333333333333335,3.3333333333333335
creativity,creativity,full_aassr,multi_solution_dependency,online,evaluation_unseen_adaptation,causal_effect_graph,novelty_score,30,1.0,0.0,1.0,1.0,1.0,1.0
creativity,creativity,full_aassr,multi_solution_dependency,online,evaluation_unseen_adaptation,causal_effect_graph,repeat_rate,30,0.0,0.0,0.0,0.0,0.0,0.0
creativity,creativity,full_aassr,multi_solution_dependency,online,evaluation_unseen_adaptation,causal_effect_graph,error_rate,30,0.0,0.0,0.0,0.0,0.0,0.0
creativity,creativity,full_aassr,multi_solution_dependency,online,training,causal_effect_graph,success,30,1.0,0.0,1.0,1.0,1.0,1.0
creativity,creativity,full_aassr,multi_solution_dependency,online,training,causal_effect_graph,steps,30,3.2334666666666667,0.04601329143308208,3.2168,3.2498666666666667,3.128,3.31
creativity,creativity,full_aassr,multi_solution_dependency,online,training,causal_effect_graph,high_level_steps,30,3.2334666666666667,0.04601329143308208,3.2173333333333334,3.2489333333333335,3.128,3.31
creativity,creativity,full_aassr,multi_solution_dependency,online,training,causal_effect_graph,primitive_steps,30,3.2334666666666667,0.04601329143308208,3.2171333333333334,3.249,3.128,3.31
creativity,creativity,full_aassr,multi_solution_dependency,online,training,causal_effect_graph,reward,30,1.0,0.0,1.0,1.0,1.0,1.0
creativity,creativity,full_aassr,multi_solution_dependency,online,training,causal_effect_graph,errors,30,0.0,0.0,0.0,0.0,0.0,0.0
creativity,creativity,full_aassr,multi_solution_dependency,online,training,causal_effect_graph,repeats,30,0.0,0.0,0.0,0.0,0.0,0.0
creativity,creativity,full_aassr,multi_solution_dependency,online,training,causal_effect_graph,imagined_nodes,30,2.727933333333333,0.32452808531915933,2.6172,2.8463333333333334,1.97,3.35
creativity,creativity,full_aassr,multi_solution_dependency,online,training,causal_effect_graph,actual_return,30,1.0,0.0,1.0,1.0,1.0,1.0
creativity,creativity,full_aassr,multi_solution_dependency,online,training,causal_effect_graph,runtime_seconds,30,0.000902374193262464,0.00031845791591655735,0.0008333092933675895,0.0010256372198210253,0.0007877638000645675,0.0025741581989568657
creativity,creativity,full_aassr,multi_solution_dependency,online,training,causal_effect_graph,real_transitions,30,3.2334666666666667,0.04601329143308208,3.217,3.2496,3.128,3.31
creativity,creativity,full_aassr,multi_solution_dependency,online,training,causal_effect_graph,imagined_transitions,30,2.727933333333333,0.32452808531915933,2.6094,2.8429999999999995,1.97,3.35
creativity,creativity,full_aassr,multi_solution_dependency,online,training,causal_effect_graph,action_proposals,30,3.2334666666666667,0.04601329143308208,3.2174666666666667,3.2501333333333333,3.128,3.31
creativity,creativity,full_aassr,multi_solution_dependency,online,training,causal_effect_graph,novelty_score,30,0.0,0.0,0.0,0.0,0.0,0.0
creativity,creativity,full_aassr,multi_solution_dependency,online,training,causal_effect_graph,repeat_rate,30,0.0,0.0,0.0,0.0,0.0,0.0
creativity,creativity,full_aassr,multi_solution_dependency,online,training,causal_effect_graph,error_rate,30,0.0,0.0,0.0,0.0,0.0,0.0
creativity,creativity,novelty_search,multi_solution_dependency,online,evaluation_unseen_adaptation,causal_effect_graph,success,30,1.0,0.0,1.0,1.0,1.0,1.0
creativity,creativity,novelty_search,multi_solution_dependency,online,evaluation_unseen_adaptation,causal_effect_graph,steps,30,3.3333333333333335,0.0,3.3333333333333335,3.3333333333333335,3.3333333333333335,3.3333333333333335
creativity,creativity,novelty_search,multi_solution_dependency,online,evaluation_unseen_adaptation,causal_effect_graph,high_level_steps,30,3.3333333333333335,0.0,3.3333333333333335,3.3333333333333335,3.3333333333333335,3.3333333333333335
creativity,creativity,novelty_search,multi_solution_dependency,online,evaluation_unseen_adaptation,causal_effect_graph,primitive_steps,30,3.3333333333333335,0.0,3.3333333333333335,3.3333333333333335,3.3333333333333335,3.3333333333333335
creativity,creativity,novelty_search,multi_solution_dependency,online,evaluation_unseen_adaptation,causal_effect_graph,reward,30,1.0,0.0,1.0,1.0,1.0,1.0
creativity,creativity,novelty_search,multi_solution_dependency,online,evaluation_unseen_adaptation,causal_effect_graph,errors,30,0.0,0.0,0.0,0.0,0.0,0.0
creativity,creativity,novelty_search,multi_solution_dependency,online,evaluation_unseen_adaptation,causal_effect_graph,repeats,30,0.0,0.0,0.0,0.0,0.0,0.0
creativity,creativity,novelty_search,multi_solution_dependency,online,evaluation_unseen_adaptation,causal_effect_graph,imagined_nodes,30,0.0,0.0,0.0,0.0,0.0,0.0
creativity,creativity,novelty_search,multi_solution_dependency,online,evaluation_unseen_adaptation,causal_effect_graph,actual_return,30,1.0,0.0,1.0,1.0,1.0,1.0
creativity,creativity,novelty_search,multi_solution_dependency,online,evaluation_unseen_adaptation,causal_effect_graph,runtime_seconds,30,0.00025770111080621267,1.65778031097685e-05,0.0002523455548928016,0.00026410666727719623,0.00023939999906967083,0.00032356666633859277
creativity,creativity,novelty_search,multi_solution_dependency,online,evaluation_unseen_adaptation,causal_effect_graph,real_transitions,30,3.3333333333333335,0.0,3.3333333333333335,3.3333333333333335,3.3333333333333335,3.3333333333333335
creativity,creativity,novelty_search,multi_solution_dependency,online,evaluation_unseen_adaptation,causal_effect_graph,imagined_transitions,30,0.0,0.0,0.0,0.0,0.0,0.0
creativity,creativity,novelty_search,multi_solution_dependency,online,evaluation_unseen_adaptation,causal_effect_graph,action_proposals,30,3.3333333333333335,0.0,3.3333333333333335,3.3333333333333335,3.3333333333333335,3.3333333333333335
creativity,creativity,novelty_search,multi_solution_dependency,online,evaluation_unseen_adaptation,causal_effect_graph,novelty_score,30,1.0,0.0,1.0,1.0,1.0,1.0
creativity,creativity,novelty_search,multi_solution_dependency,online,evaluation_unseen_adaptation,causal_effect_graph,repeat_rate,30,0.0,0.0,0.0,0.0,0.0,0.0
creativity,creativity,novelty_search,multi_solution_dependency,online,evaluation_unseen_adaptation,causal_effect_graph,error_rate,30,0.0,0.0,0.0,0.0,0.0,0.0
creativity,creativity,novelty_search,multi_solution_dependency,online,training,causal_effect_graph,success,30,1.0,0.0,1.0,1.0,1.0,1.0
creativity,creativity,novelty_search,multi_solution_dependency,online,training,causal_effect_graph,steps,30,3.155533333333333,0.033809540923698825,3.143733333333333,3.167533333333333,3.08,3.21
creativity,creativity,novelty_search,multi_solution_dependency,online,training,causal_effect_graph,high_level_steps,30,3.155533333333333,0.033809540923698825,3.143466666666667,3.167466666666667,3.08,3.21
creativity,creativity,novelty_search,multi_solution_dependency,online,training,causal_effect_graph,primitive_steps,30,3.155533333333333,0.033809540923698825,3.1436,3.167866666666667,3.08,3.21
creativity,creativity,novelty_search,multi_solution_dependency,online,training,causal_effect_graph,reward,30,1.0,0.0,1.0,1.0,1.0,1.0
creativity,creativity,novelty_search,multi_solution_dependency,online,training,causal_effect_graph,errors,30,0.0,0.0,0.0,0.0,0.0,0.0
creativity,creativity,novelty_search,multi_solution_dependency,online,training,causal_effect_graph,repeats,30,0.0,0.0,0.0,0.0,0.0,0.0
creativity,creativity,novelty_search,multi_solution_dependency,online,training,causal_effect_graph,imagined_nodes,30,0.0,0.0,0.0,0.0,0.0,0.0
creativity,creativity,novelty_search,multi_solution_dependency,online,training,causal_effect_graph,actual_return,30,1.0,0.0,1.0,1.0,1.0,1.0
creativity,creativity,novelty_search,multi_solution_dependency,online,training,causal_effect_graph,runtime_seconds,30,0.00039507751999772156,0.0003354455748401538,0.00029524398669794513,0.0005298785666779925,0.00026172899984521793,0.0017866687999339775
creativity,creativity,novelty_search,multi_solution_dependency,online,training,causal_effect_graph,real_transitions,30,3.155533333333333,0.033809540923698825,3.143533333333333,3.1670000000000003,3.08,3.21
creativity,creativity,novelty_search,multi_solution_dependency,online,training,causal_effect_graph,imagined_transitions,30,0.0,0.0,0.0,0.0,0.0,0.0
creativity,creativity,novelty_search,multi_solution_dependency,online,training,causal_effect_graph,action_proposals,30,3.155533333333333,0.033809540923698825,3.1438,3.166933333333333,3.08,3.21
creativity,creativity,novelty_search,multi_solution_dependency,online,training,causal_effect_graph,novelty_score,30,0.0,0.0,0.0,0.0,0.0,0.0
creativity,creativity,novelty_search,multi_solution_dependency,online,training,causal_effect_graph,repeat_rate,30,0.0,0.0,0.0,0.0,0.0,0.0
creativity,creativity,novelty_search,multi_solution_dependency,online,training,causal_effect_graph,error_rate,30,0.0,0.0,0.0,0.0,0.0,0.0
creativity,creativity,q_learning,multi_solution_dependency,online,evaluation_unseen_adaptation,causal_effect_graph,success,30,1.0,0.0,1.0,1.0,1.0,1.0
creativity,creativity,q_learning,multi_solution_dependency,online,evaluation_unseen_adaptation,causal_effect_graph,steps,30,3.3333333333333335,0.0,3.3333333333333335,3.3333333333333335,3.3333333333333335,3.3333333333333335
creativity,creativity,q_learning,multi_solution_dependency,online,evaluation_unseen_adaptation,causal_effect_graph,high_level_steps,30,3.3333333333333335,0.0,3.3333333333333335,3.3333333333333335,3.3333333333333335,3.3333333333333335
creativity,creativity,q_learning,multi_solution_dependency,online,evaluation_unseen_adaptation,causal_effect_graph,primitive_steps,30,3.3333333333333335,0.0,3.3333333333333335,3.3333333333333335,3.3333333333333335,3.3333333333333335
creativity,creativity,q_learning,multi_solution_dependency,online,evaluation_unseen_adaptation,causal_effect_graph,reward,30,1.0,0.0,1.0,1.0,1.0,1.0
creativity,creativity,q_learning,multi_solution_dependency,online,evaluation_unseen_adaptation,causal_effect_graph,errors,30,0.0,0.0,0.0,0.0,0.0,0.0
creativity,creativity,q_learning,multi_solution_dependency,online,evaluation_unseen_adaptation,causal_effect_graph,repeats,30,0.0,0.0,0.0,0.0,0.0,0.0
creativity,creativity,q_learning,multi_solution_dependency,online,evaluation_unseen_adaptation,causal_effect_graph,imagined_nodes,30,0.0,0.0,0.0,0.0,0.0,0.0
creativity,creativity,q_learning,multi_solution_dependency,online,evaluation_unseen_adaptation,causal_effect_graph,actual_return,30,1.0,0.0,1.0,1.0,1.0,1.0
creativity,creativity,q_learning,multi_solution_dependency,online,evaluation_unseen_adaptation,causal_effect_graph,runtime_seconds,30,0.0001791855556398837,9.950346285073808e-06,0.0001760744450924297,0.0001828411125138195,0.00016800000836762288,0.0002175999979954213
creativity,creativity,q_learning,multi_solution_dependency,online,evaluation_unseen_adaptation,causal_effect_graph,real_transitions,30,3.3333333333333335,0.0,3.3333333333333335,3.3333333333333335,3.3333333333333335,3.3333333333333335
creativity,creativity,q_learning,multi_solution_dependency,online,evaluation_unseen_adaptation,causal_effect_graph,imagined_transitions,30,0.0,0.0,0.0,0.0,0.0,0.0
creativity,creativity,q_learning,multi_solution_dependency,online,evaluation_unseen_adaptation,causal_effect_graph,action_proposals,30,3.3333333333333335,0.0,3.3333333333333335,3.3333333333333335,3.3333333333333335,3.3333333333333335
creativity,creativity,q_learning,multi_solution_dependency,online,evaluation_unseen_adaptation,causal_effect_graph,novelty_score,30,1.0,0.0,1.0,1.0,1.0,1.0
creativity,creativity,q_learning,multi_solution_dependency,online,evaluation_unseen_adaptation,causal_effect_graph,repeat_rate,30,0.0,0.0,0.0,0.0,0.0,0.0
creativity,creativity,q_learning,multi_solution_dependency,online,evaluation_unseen_adaptation,causal_effect_graph,error_rate,30,0.0,0.0,0.0,0.0,0.0,0.0
creativity,creativity,q_learning,multi_solution_dependency,online,training,causal_effect_graph,success,30,1.0,0.0,1.0,1.0,1.0,1.0
creativity,creativity,q_learning,multi_solution_dependency,online,training,causal_effect_graph,steps,30,3.0167333333333333,0.041901307142258495,3.0014,3.0311333333333335,2.93,3.084
creativity,creativity,q_learning,multi_solution_dependency,online,training,causal_effect_graph,high_level_steps,30,3.0167333333333333,0.041901307142258495,3.0018000000000002,3.0315333333333334,2.93,3.084
creativity,creativity,q_learning,multi_solution_dependency,online,training,causal_effect_graph,primitive_steps,30,3.0167333333333333,0.041901307142258495,3.0012,3.030733333333333,2.93,3.084
creativity,creativity,q_learning,multi_solution_dependency,online,training,causal_effect_graph,reward,30,1.0,0.0,1.0,1.0,1.0,1.0
creativity,creativity,q_learning,multi_solution_dependency,online,training,causal_effect_graph,errors,30,0.0,0.0,0.0,0.0,0.0,0.0
creativity,creativity,q_learning,multi_solution_dependency,online,training,causal_effect_graph,repeats,30,0.0,0.0,0.0,0.0,0.0,0.0
creativity,creativity,q_learning,multi_solution_dependency,online,training,causal_effect_graph,imagined_nodes,30,0.0,0.0,0.0,0.0,0.0,0.0
creativity,creativity,q_learning,multi_solution_dependency,online,training,causal_effect_graph,actual_return,30,1.0,0.0,1.0,1.0,1.0,1.0
creativity,creativity,q_learning,multi_solution_dependency,online,training,causal_effect_graph,runtime_seconds,30,0.0002521846600070906,0.0003885633017467473,0.00017863722660501176,0.000395785293407971,0.0001683495991746895,0.0023087729999097064
creativity,creativity,q_learning,multi_solution_dependency,online,training,causal_effect_graph,real_transitions,30,3.0167333333333333,0.041901307142258495,3.0019333333333336,3.030466666666667,2.93,3.084
creativity,creativity,q_learning,multi_solution_dependency,online,training,causal_effect_graph,imagined_transitions,30,0.0,0.0,0.0,0.0,0.0,0.0
creativity,creativity,q_learning,multi_solution_dependency,online,training,causal_effect_graph,action_proposals,30,3.0167333333333333,0.041901307142258495,3.0015333333333336,3.030733333333333,2.93,3.084
creativity,creativity,q_learning,multi_solution_dependency,online,training,causal_effect_graph,novelty_score,30,0.0,0.0,0.0,0.0,0.0,0.0
creativity,creativity,q_learning,multi_solution_dependency,online,training,causal_effect_graph,repeat_rate,30,0.0,0.0,0.0,0.0,0.0,0.0
creativity,creativity,q_learning,multi_solution_dependency,online,training,causal_effect_graph,error_rate,30,0.0,0.0,0.0,0.0,0.0,0.0
creativity,creativity,random,multi_solution_dependency,online,evaluation_unseen_adaptation,causal_effect_graph,success,30,1.0,0.0,1.0,1.0,1.0,1.0
creativity,creativity,random,multi_solution_dependency,online,evaluation_unseen_adaptation,causal_effect_graph,steps,30,3.1222222222222222,0.4753166585823875,2.9555555555555557,3.288888888888889,2.3333333333333335,4.0
creativity,creativity,random,multi_solution_dependency,online,evaluation_unseen_adaptation,causal_effect_graph,high_level_steps,30,3.1222222222222222,0.4753166585823875,2.9555555555555557,3.288888888888889,2.3333333333333335,4.0
creativity,creativity,random,multi_solution_dependency,online,evaluation_unseen_adaptation,causal_effect_graph,primitive_steps,30,3.1222222222222222,0.4753166585823875,2.9555555555555557,3.288888888888889,2.3333333333333335,4.0
creativity,creativity,random,multi_solution_dependency,online,evaluation_unseen_adaptation,causal_effect_graph,reward,30,1.0,0.0,1.0,1.0,1.0,1.0
creativity,creativity,random,multi_solution_dependency,online,evaluation_unseen_adaptation,causal_effect_graph,errors,30,0.0,0.0,0.0,0.0,0.0,0.0
creativity,creativity,random,multi_solution_dependency,online,evaluation_unseen_adaptation,causal_effect_graph,repeats,30,0.0,0.0,0.0,0.0,0.0,0.0
creativity,creativity,random,multi_solution_dependency,online,evaluation_unseen_adaptation,causal_effect_graph,imagined_nodes,30,0.0,0.0,0.0,0.0,0.0,0.0
creativity,creativity,random,multi_solution_dependency,online,evaluation_unseen_adaptation,causal_effect_graph,actual_return,30,1.0,0.0,1.0,1.0,1.0,1.0
creativity,creativity,random,multi_solution_dependency,online,evaluation_unseen_adaptation,causal_effect_graph,runtime_seconds,30,0.00015718555692324622,3.066540007511821e-05,0.00014623333311950166,0.00016818222389297768,0.00010976666817441583,0.0002310666701911638
creativity,creativity,random,multi_solution_dependency,online,evaluation_unseen_adaptation,causal_effect_graph,real_transitions,30,3.1222222222222222,0.4753166585823875,2.966666666666667,3.288888888888889,2.3333333333333335,4.0
creativity,creativity,random,multi_solution_dependency,online,evaluation_unseen_adaptation,causal_effect_graph,imagined_transitions,30,0.0,0.0,0.0,0.0,0.0,0.0
creativity,creativity,random,multi_solution_dependency,online,evaluation_unseen_adaptation,causal_effect_graph,action_proposals,30,3.1222222222222222,0.4753166585823875,2.9555555555555557,3.288888888888889,2.3333333333333335,4.0
creativity,creativity,random,multi_solution_dependency,online,evaluation_unseen_adaptation,causal_effect_graph,novelty_score,30,1.0,0.0,1.0,1.0,1.0,1.0
creativity,creativity,random,multi_solution_dependency,online,evaluation_unseen_adaptation,causal_effect_graph,repeat_rate,30,0.0,0.0,0.0,0.0,0.0,0.0
creativity,creativity,random,multi_solution_dependency,online,evaluation_unseen_adaptation,causal_effect_graph,error_rate,30,0.0,0.0,0.0,0.0,0.0,0.0
creativity,creativity,random,multi_solution_dependency,online,training,causal_effect_graph,success,30,1.0,0.0,1.0,1.0,1.0,1.0
creativity,creativity,random,multi_solution_dependency,online,training,causal_effect_graph,steps,30,3.192533333333333,0.05048163430693238,3.1739333333333333,3.2097333333333333,3.066,3.264
creativity,creativity,random,multi_solution_dependency,online,training,causal_effect_graph,high_level_steps,30,3.192533333333333,0.05048163430693238,3.174266666666667,3.2096,3.066,3.264
creativity,creativity,random,multi_solution_dependency,online,training,causal_effect_graph,primitive_steps,30,3.192533333333333,0.05048163430693238,3.1742666666666666,3.2089333333333334,3.066,3.264
creativity,creativity,random,multi_solution_dependency,online,training,causal_effect_graph,reward,30,1.0,0.0,1.0,1.0,1.0,1.0
creativity,creativity,random,multi_solution_dependency,online,training,causal_effect_graph,errors,30,0.0,0.0,0.0,0.0,0.0,0.0
creativity,creativity,random,multi_solution_dependency,online,training,causal_effect_graph,repeats,30,0.0,0.0,0.0,0.0,0.0,0.0
creativity,creativity,random,multi_solution_dependency,online,training,causal_effect_graph,imagined_nodes,30,0.0,0.0,0.0,0.0,0.0,0.0
creativity,creativity,random,multi_solution_dependency,online,training,causal_effect_graph,actual_return,30,1.0,0.0,1.0,1.0,1.0,1.0
creativity,creativity,random,multi_solution_dependency,online,training,causal_effect_graph,runtime_seconds,30,0.00023573983342697224,0.0001031577772141017,0.0002137328264613946,0.00027496552012162286,0.000198981799359899,0.0007778146005584858
creativity,creativity,random,multi_solution_dependency,online,training,causal_effect_graph,real_transitions,30,3.192533333333333,0.05048163430693238,3.1742,3.2090666666666667,3.066,3.264
creativity,creativity,random,multi_solution_dependency,online,training,causal_effect_graph,imagined_transitions,30,0.0,0.0,0.0,0.0,0.0,0.0
creativity,creativity,random,multi_solution_dependency,online,training,causal_effect_graph,action_proposals,30,3.192533333333333,0.05048163430693238,3.174466666666667,3.2094666666666667,3.066,3.264
creativity,creativity,random,multi_solution_dependency,online,training,causal_effect_graph,novelty_score,30,0.0,0.0,0.0,0.0,0.0,0.0
creativity,creativity,random,multi_solution_dependency,online,training,causal_effect_graph,repeat_rate,30,0.0,0.0,0.0,0.0,0.0,0.0
creativity,creativity,random,multi_solution_dependency,online,training,causal_effect_graph,error_rate,30,0.0,0.0,0.0,0.0,0.0,0.0
safe_application,safe_application,safe_rule_agent,docker_local_assessment,deterministic,evaluation_unseen_zero_shot,safe_local,success,30,1.0,0.0,1.0,1.0,1.0,1.0
safe_application,safe_application,safe_rule_agent,docker_local_assessment,deterministic,evaluation_unseen_zero_shot,safe_local,steps,30,2.35,0.0,2.35,2.35,2.35,2.35
safe_application,safe_application,safe_rule_agent,docker_local_assessment,deterministic,evaluation_unseen_zero_shot,safe_local,high_level_steps,30,2.35,0.0,2.35,2.35,2.35,2.35
safe_application,safe_application,safe_rule_agent,docker_local_assessment,deterministic,evaluation_unseen_zero_shot,safe_local,primitive_steps,30,2.35,0.0,2.35,2.35,2.35,2.35
safe_application,safe_application,safe_rule_agent,docker_local_assessment,deterministic,evaluation_unseen_zero_shot,safe_local,reward,30,1.0,0.0,1.0,1.0,1.0,1.0
safe_application,safe_application,safe_rule_agent,docker_local_assessment,deterministic,evaluation_unseen_zero_shot,safe_local,actual_return,30,1.0,0.0,1.0,1.0,1.0,1.0
safe_application,safe_application,safe_rule_agent,docker_local_assessment,deterministic,evaluation_unseen_zero_shot,safe_local,real_transitions,30,2.35,0.0,2.35,2.35,2.35,2.35
safe_application,safe_application,safe_rule_agent,docker_local_assessment,deterministic,evaluation_unseen_zero_shot,safe_local,imagined_transitions,30,0.0,0.0,0.0,0.0,0.0,0.0
safe_application,safe_application,safe_rule_agent,docker_local_assessment,deterministic,evaluation_unseen_zero_shot,safe_local,action_proposals,30,2.35,0.0,2.35,2.35,2.35,2.35
safe_application,safe_application,safe_rule_agent,docker_local_assessment,deterministic,evaluation_unseen_zero_shot,safe_local,repeat_rate,30,0.0,0.0,0.0,0.0,0.0,0.0
safe_application,safe_application,safe_rule_agent,docker_local_assessment,deterministic,evaluation_unseen_zero_shot,safe_local,error_rate,30,0.0,0.0,0.0,0.0,0.0,0.0
transfer,transfer,from_scratch_contextual_policy,opaque_dependency_l6,checkpoint_transfer,adaptation_curve,effect_profile,adaptation_auc,30,0.11682942708333334,0.07724002201355103,0.09007161458333333,0.14459635416666666,0.0,0.2724609375
transfer,transfer,from_scratch_contextual_policy,opaque_dependency_l6,checkpoint_transfer,adaptation_curve,effect_profile,episodes_to_50,1,64.0,0.0,64.0,64.0,64.0,64.0
transfer,transfer,from_scratch_contextual_policy,opaque_dependency_l6,checkpoint_transfer,adaptation_curve,effect_profile,transfer_gain_vs_from_scratch,30,-0.00361328125,0.10561648723901484,-0.0427734375,0.03232421875,-0.22265625,0.1201171875
transfer,transfer,from_scratch_contextual_policy,opaque_dependency_l6,checkpoint_transfer,adaptation_curve,effect_profile,unseen_prediction_calibration_error,30,0.06333333333333332,0.04291799183312874,0.04833333333333333,0.07916666666666666,0.0,0.15
transfer,transfer,from_scratch_contextual_policy,opaque_dependency_l6,tabular_online,adaptation,opaque,success,30,0.09068627450980392,0.06345054328643744,0.0682843137254902,0.11343137254901961,0.0,0.2161764705882353
transfer,transfer,from_scratch_contextual_policy,opaque_dependency_l6,tabular_online,adaptation,opaque,steps,30,6.0,0.0,6.0,6.0,6.0,6.0
transfer,transfer,from_scratch_contextual_policy,opaque_dependency_l6,tabular_online,adaptation,opaque,reward,30,0.09068627450980392,0.06345054328643744,0.06882352941176471,0.1132843137254902,0.0,0.2161764705882353
transfer,transfer,from_scratch_contextual_policy,opaque_dependency_l6,tabular_online,adaptation,opaque,errors,30,0.0,0.0,0.0,0.0,0.0,0.0
transfer,transfer,from_scratch_contextual_policy,opaque_dependency_l6,tabular_online,adaptation,opaque,repeats,30,0.0,0.0,0.0,0.0,0.0,0.0
transfer,transfer,from_scratch_contextual_policy,opaque_dependency_l6,tabular_online,adaptation,opaque,prediction_score,30,0.0,0.0,0.0,0.0,0.0,0.0
transfer,transfer,from_scratch_contextual_policy,opaque_dependency_l6,tabular_online,adaptation,opaque,holdout_score,30,0.0,0.0,0.0,0.0,0.0,0.0
transfer,transfer,from_scratch_contextual_policy,opaque_dependency_l6,tabular_online,adaptation,opaque,holdout_gain,30,0.0,0.0,0.0,0.0,0.0,0.0
transfer,transfer,from_scratch_contextual_policy,opaque_dependency_l6,tabular_online,adaptation,opaque,imagined_nodes,30,0.0,0.0,0.0,0.0,0.0,0.0
transfer,transfer,from_scratch_contextual_policy,opaque_dependency_l6,tabular_online,adaptation,opaque,imagination_depth,30,0.0,0.0,0.0,0.0,0.0,0.0
transfer,transfer,from_scratch_contextual_policy,opaque_dependency_l6,tabular_online,adaptation,opaque,actual_return,30,0.09068627450980392,0.06345054328643744,0.06892156862745098,0.11274509803921569,0.0,0.2161764705882353
transfer,transfer,from_scratch_contextual_policy,opaque_dependency_l6,tabular_online,adaptation,opaque,runtime_seconds,30,0.0003855910735314954,0.0002457908351750349,0.00033686424513956916,0.0004782653626242273,0.00033018882266547093,0.0016836932352709802
transfer,transfer,from_scratch_contextual_policy,opaque_dependency_l6,tabular_online,adaptation,opaque,real_transitions,30,6.0,0.0,6.0,6.0,6.0,6.0
transfer,transfer,from_scratch_contextual_policy,opaque_dependency_l6,tabular_online,adaptation,opaque,imagined_transitions,30,0.0,0.0,0.0,0.0,0.0,0.0
transfer,transfer,from_scratch_contextual_policy,opaque_dependency_l6,tabular_online,adaptation,opaque,action_proposals,30,6.0,0.0,6.0,6.0,6.0,6.0
transfer,transfer,from_scratch_contextual_policy,opaque_dependency_l6,tabular_online,adaptation,opaque,repeat_rate,30,0.0,0.0,0.0,0.0,0.0,0.0
transfer,transfer,from_scratch_contextual_policy,opaque_dependency_l6,tabular_online,adaptation,opaque,error_rate,30,0.0,0.0,0.0,0.0,0.0,0.0
transfer,transfer,from_scratch_contextual_policy,opaque_dependency_l6,tabular_online,evaluation_unseen_adaptation,opaque,success,30,0.06333333333333332,0.04291799183312874,0.04833333333333333,0.07833333333333334,0.0,0.15
transfer,transfer,from_scratch_contextual_policy,opaque_dependency_l6,tabular_online,evaluation_unseen_adaptation,opaque,steps,30,6.0,0.0,6.0,6.0,6.0,6.0
transfer,transfer,from_scratch_contextual_policy,opaque_dependency_l6,tabular_online,evaluation_unseen_adaptation,opaque,reward,30,0.06333333333333332,0.04291799183312874,0.04833333333333333,0.07916666666666666,0.0,0.15
transfer,transfer,from_scratch_contextual_policy,opaque_dependency_l6,tabular_online,evaluation_unseen_adaptation,opaque,errors,30,0.0,0.0,0.0,0.0,0.0,0.0
transfer,transfer,from_scratch_contextual_policy,opaque_dependency_l6,tabular_online,evaluation_unseen_adaptation,opaque,repeats,30,0.0,0.0,0.0,0.0,0.0,0.0
transfer,transfer,from_scratch_contextual_policy,opaque_dependency_l6,tabular_online,evaluation_unseen_adaptation,opaque,prediction_score,30,0.0,0.0,0.0,0.0,0.0,0.0
transfer,transfer,from_scratch_contextual_policy,opaque_dependency_l6,tabular_online,evaluation_unseen_adaptation,opaque,holdout_score,30,0.0,0.0,0.0,0.0,0.0,0.0
transfer,transfer,from_scratch_contextual_policy,opaque_dependency_l6,tabular_online,evaluation_unseen_adaptation,opaque,imagined_nodes,30,0.0,0.0,0.0,0.0,0.0,0.0
transfer,transfer,from_scratch_contextual_policy,opaque_dependency_l6,tabular_online,evaluation_unseen_adaptation,opaque,imagination_depth,30,0.0,0.0,0.0,0.0,0.0,0.0
transfer,transfer,from_scratch_contextual_policy,opaque_dependency_l6,tabular_online,evaluation_unseen_adaptation,opaque,actual_return,30,0.06333333333333332,0.04291799183312874,0.04916666666666667,0.07916666666666666,0.0,0.15
transfer,transfer,from_scratch_contextual_policy,opaque_dependency_l6,tabular_online,evaluation_unseen_adaptation,opaque,runtime_seconds,30,0.0010348016116593498,0.00026890478496024436,0.0009793539308232235,0.0011379517074958131,0.0009492420999522437,0.0024528579999532666
transfer,transfer,from_scratch_contextual_policy,opaque_dependency_l6,tabular_online,evaluation_unseen_adaptation,opaque,real_transitions,30,6.0,0.0,6.0,6.0,6.0,6.0
transfer,transfer,from_scratch_contextual_policy,opaque_dependency_l6,tabular_online,evaluation_unseen_adaptation,opaque,imagined_transitions,30,0.0,0.0,0.0,0.0,0.0,0.0
transfer,transfer,from_scratch_contextual_policy,opaque_dependency_l6,tabular_online,evaluation_unseen_adaptation,opaque,action_proposals,30,6.0,0.0,6.0,6.0,6.0,6.0
transfer,transfer,from_scratch_contextual_policy,opaque_dependency_l6,tabular_online,evaluation_unseen_adaptation,opaque,repeat_rate,30,0.0,0.0,0.0,0.0,0.0,0.0
transfer,transfer,from_scratch_contextual_policy,opaque_dependency_l6,tabular_online,evaluation_unseen_adaptation,opaque,error_rate,30,0.0,0.0,0.0,0.0,0.0,0.0
transfer,transfer,from_scratch_full_aassr,opaque_dependency_l6,checkpoint_transfer,adaptation_curve,effect_profile,adaptation_auc,30,0.12044270833333333,0.08886083474435585,0.09046223958333334,0.15263671875,0.0,0.31640625
transfer,transfer,from_scratch_full_aassr,opaque_dependency_l6,checkpoint_transfer,adaptation_curve,effect_profile,episodes_to_50,2,64.0,0.0,64.0,64.0,64.0,64.0
transfer,transfer,from_scratch_full_aassr,opaque_dependency_l6,checkpoint_transfer,adaptation_curve,effect_profile,transfer_gain_vs_from_scratch,30,0.0,0.0,0.0,0.0,0.0,0.0
transfer,transfer,from_scratch_full_aassr,opaque_dependency_l6,checkpoint_transfer,adaptation_curve,effect_profile,sample_saving_to_50,2,0.0,0.0,0.0,0.0,0.0,0.0
transfer,transfer,from_scratch_full_aassr,opaque_dependency_l6,checkpoint_transfer,adaptation_curve,effect_profile,unseen_prediction_calibration_error,30,0.6868055555555556,0.04795985476647053,0.670138888888889,0.70375,0.5791666666666666,0.7666666666666666
transfer,transfer,from_scratch_full_aassr,opaque_dependency_l6,tabular_online,adaptation,opaque,success,30,0.08803921568627451,0.07124413549521899,0.06392156862745098,0.11387254901960783,0.0,0.24705882352941178
transfer,transfer,from_scratch_full_aassr,opaque_dependency_l6,tabular_online,adaptation,opaque,steps,30,6.0,0.0,6.0,6.0,6.0,6.0
transfer,transfer,from_scratch_full_aassr,opaque_dependency_l6,tabular_online,adaptation,opaque,reward,30,0.08803921568627451,0.07124413549521899,0.062401960784313724,0.11362745098039215,0.0,0.24705882352941178
transfer,transfer,from_scratch_full_aassr,opaque_dependency_l6,tabular_online,adaptation,opaque,errors,30,0.0,0.0,0.0,0.0,0.0,0.0
transfer,transfer,from_scratch_full_aassr,opaque_dependency_l6,tabular_online,adaptation,opaque,repeats,30,0.0,0.0,0.0,0.0,0.0,0.0
transfer,transfer,from_scratch_full_aassr,opaque_dependency_l6,tabular_online,adaptation,opaque,prediction_score,30,0.9020506535947711,0.00396437680025816,0.9006535947712418,0.9034150326797385,0.8941176470588234,0.9085784313725489
transfer,transfer,from_scratch_full_aassr,opaque_dependency_l6,tabular_online,adaptation,opaque,holdout_score,30,0.22081611958396302,0.002208245845170956,0.2200352864182264,0.2215808563800029,0.21706773618538328,0.22546160130718948
transfer,transfer,from_scratch_full_aassr,opaque_dependency_l6,tabular_online,adaptation,opaque,holdout_gain,30,0.0007321001438648498,0.00032146641460414487,0.0006228749010611756,0.0008427767539287148,0.00014705882352941172,0.0014447167755991287
transfer,transfer,from_scratch_full_aassr,opaque_dependency_l6,tabular_online,adaptation,opaque,imagined_nodes,30,100.78769607843137,4.2762308686472865,99.23303921568626,102.22612745098039,89.83529411764705,107.57794117647059
transfer,transfer,from_scratch_full_aassr,opaque_dependency_l6,tabular_online,adaptation,opaque,imagination_depth,30,4.8606372549019605,0.09634911969296198,4.825343137254902,4.891078431372549,4.507352941176471,4.985294117647059
transfer,transfer,from_scratch_full_aassr,opaque_dependency_l6,tabular_online,adaptation,opaque,actual_return,30,0.08803921568627451,0.07124413549521899,0.06357843137254902,0.11357843137254901,0.0,0.24705882352941178
transfer,transfer,from_scratch_full_aassr,opaque_dependency_l6,tabular_online,adaptation,opaque,runtime_seconds,30,0.0033395192549676937,0.00019978192962667496,0.003283127882486773,0.0034215481226048867,0.0030770055875216393,0.0042862502940646235
transfer,transfer,from_scratch_full_aassr,opaque_dependency_l6,tabular_online,adaptation,opaque,real_transitions,30,6.0,0.0,6.0,6.0,6.0,6.0
transfer,transfer,from_scratch_full_aassr,opaque_dependency_l6,tabular_online,adaptation,opaque,imagined_transitions,30,100.78769607843137,4.2762308686472865,99.27073529411764,102.21671568627451,89.83529411764705,107.57794117647059
transfer,transfer,from_scratch_full_aassr,opaque_dependency_l6,tabular_online,adaptation,opaque,action_proposals,30,6.0,0.0,6.0,6.0,6.0,6.0
transfer,transfer,from_scratch_full_aassr,opaque_dependency_l6,tabular_online,adaptation,opaque,repeat_rate,30,0.0,0.0,0.0,0.0,0.0,0.0
transfer,transfer,from_scratch_full_aassr,opaque_dependency_l6,tabular_online,adaptation,opaque,error_rate,30,0.0,0.0,0.0,0.0,0.0,0.0
transfer,transfer,from_scratch_full_aassr,opaque_dependency_l6,tabular_online,evaluation_unseen_adaptation,opaque,success,30,0.065,0.04716076686223924,0.04833333333333333,0.08083333333333334,0.0,0.15
transfer,transfer,from_scratch_full_aassr,opaque_dependency_l6,tabular_online,evaluation_unseen_adaptation,opaque,steps,30,6.0,0.0,6.0,6.0,6.0,6.0
transfer,transfer,from_scratch_full_aassr,opaque_dependency_l6,tabular_online,evaluation_unseen_adaptation,opaque,reward,30,0.065,0.04716076686223924,0.04916666666666667,0.08166666666666668,0.0,0.15
transfer,transfer,from_scratch_full_aassr,opaque_dependency_l6,tabular_online,evaluation_unseen_adaptation,opaque,errors,30,0.0,0.0,0.0,0.0,0.0,0.0
transfer,transfer,from_scratch_full_aassr,opaque_dependency_l6,tabular_online,evaluation_unseen_adaptation,opaque,repeats,30,0.0,0.0,0.0,0.0,0.0,0.0
transfer,transfer,from_scratch_full_aassr,opaque_dependency_l6,tabular_online,evaluation_unseen_adaptation,opaque,prediction_score,30,0.7506944444444452,0.018732697423111823,0.7440277777777806,0.7570833333333343,0.708333333333339,0.7791666666666672
transfer,transfer,from_scratch_full_aassr,opaque_dependency_l6,tabular_online,evaluation_unseen_adaptation,opaque,holdout_score,30,0.5616049116945852,0.019743253061305848,0.5546217336407543,0.5684450757575767,0.5219047619047615,0.5944444444444457
transfer,transfer,from_scratch_full_aassr,opaque_dependency_l6,tabular_online,evaluation_unseen_adaptation,opaque,imagined_nodes,30,67.03666666666668,14.681623708317948,62.002500000000005,72.095,42.975,93.625
transfer,transfer,from_scratch_full_aassr,opaque_dependency_l6,tabular_online,evaluation_unseen_adaptation,opaque,imagination_depth,30,1.7141666666666666,0.3779301233838334,1.5791666666666666,1.8483333333333334,1.05,2.55
transfer,transfer,from_scratch_full_aassr,opaque_dependency_l6,tabular_online,evaluation_unseen_adaptation,opaque,actual_return,30,0.065,0.04716076686223924,0.04916666666666667,0.08166666666666668,0.0,0.15
transfer,transfer,from_scratch_full_aassr,opaque_dependency_l6,tabular_online,evaluation_unseen_adaptation,opaque,runtime_seconds,30,0.002501754656657916,0.0003005559697822666,0.0023967723266825488,0.002610005972443469,0.002025153974769637,0.0031070128249994014
transfer,transfer,from_scratch_full_aassr,opaque_dependency_l6,tabular_online,evaluation_unseen_adaptation,opaque,real_transitions,30,6.0,0.0,6.0,6.0,6.0,6.0
transfer,transfer,from_scratch_full_aassr,opaque_dependency_l6,tabular_online,evaluation_unseen_adaptation,opaque,imagined_transitions,30,67.03666666666668,14.681623708317948,62.0225,72.14833333333334,42.975,93.625
transfer,transfer,from_scratch_full_aassr,opaque_dependency_l6,tabular_online,evaluation_unseen_adaptation,opaque,action_proposals,30,6.0,0.0,6.0,6.0,6.0,6.0
transfer,transfer,from_scratch_full_aassr,opaque_dependency_l6,tabular_online,evaluation_unseen_adaptation,opaque,repeat_rate,30,0.0,0.0,0.0,0.0,0.0,0.0
transfer,transfer,from_scratch_full_aassr,opaque_dependency_l6,tabular_online,evaluation_unseen_adaptation,opaque,error_rate,30,0.0,0.0,0.0,0.0,0.0,0.0
transfer,transfer,full_transfer,opaque_dependency_l6,checkpoint_transfer,adaptation_curve,effect_profile,adaptation_auc,30,0.1353515625,0.1177604192978802,0.09814453125,0.18017578125,0.0,0.556640625
transfer,transfer,full_transfer,opaque_dependency_l6,checkpoint_transfer,adaptation_curve,effect_profile,episodes_to_50,3,32.0,27.712812921102035,16.0,64.0,16.0,64.0
transfer,transfer,full_transfer,opaque_dependency_l6,checkpoint_transfer,adaptation_curve,effect_profile,transfer_gain_vs_from_scratch,30,0.014908854166666667,0.13740397800596524,-0.034016927083333336,0.06311848958333334,-0.26953125,0.298828125
transfer,transfer,full_transfer,opaque_dependency_l6,checkpoint_transfer,adaptation_curve,effect_profile,unseen_prediction_calibration_error,30,0.6943055555555555,0.08241217411989143,0.6633333333333333,0.7211111111111111,0.44583333333333336,0.8
transfer,transfer,full_transfer,opaque_dependency_l6,tabular_online,adaptation,opaque,success,30,0.10441176470588236,0.08648535150151597,0.07691176470588236,0.13661764705882354,0.0,0.4102941176470588
transfer,transfer,full_transfer,opaque_dependency_l6,tabular_online,adaptation,opaque,steps,30,6.0,0.0,6.0,6.0,6.0,6.0
transfer,transfer,full_transfer,opaque_dependency_l6,tabular_online,adaptation,opaque,reward,30,0.10441176470588236,0.08648535150151597,0.07666666666666666,0.1381372549019608,0.0,0.4102941176470588
transfer,transfer,full_transfer,opaque_dependency_l6,tabular_online,adaptation,opaque,errors,30,0.0,0.0,0.0,0.0,0.0,0.0
transfer,transfer,full_transfer,opaque_dependency_l6,tabular_online,adaptation,opaque,repeats,30,0.0,0.0,0.0,0.0,0.0,0.0
transfer,transfer,full_transfer,opaque_dependency_l6,tabular_online,adaptation,opaque,prediction_score,30,0.9052532679738563,0.008944007728836748,0.9019526143790849,0.9083169934640523,0.8870098039215687,0.9176470588235294
transfer,transfer,full_transfer,opaque_dependency_l6,tabular_online,adaptation,opaque,holdout_score,30,0.2469669117647059,0.001587843635288614,0.2463794424019608,0.24750229779411764,0.2426776960784314,0.24901960784313726
transfer,transfer,full_transfer,opaque_dependency_l6,tabular_online,adaptation,opaque,holdout_gain,30,8.859272875816992e-05,0.00010608639746678273,5.259395424836599e-05,0.00012765522875816994,0.0,0.0003676470588235297
transfer,transfer,full_transfer,opaque_dependency_l6,tabular_online,adaptation,opaque,imagined_nodes,30,98.28426470588235,10.24778404278482,94.82083333333334,101.91323529411764,78.2235294117647,124.32941176470588
transfer,transfer,full_transfer,opaque_dependency_l6,tabular_online,adaptation,opaque,imagination_depth,30,4.8595098039215685,0.17815446344820537,4.792450980392157,4.922549019607843,4.329411764705882,5.235294117647059
transfer,transfer,full_transfer,opaque_dependency_l6,tabular_online,adaptation,opaque,actual_return,30,0.10441176470588236,0.08648535150151597,0.07651960784313724,0.13607843137254902,0.0,0.4102941176470588
transfer,transfer,full_transfer,opaque_dependency_l6,tabular_online,adaptation,opaque,runtime_seconds,30,0.0036898103823848802,0.00023079499629636652,0.003613821651906976,0.003776107652028098,0.003235889558966258,0.004232048970922787
transfer,transfer,full_transfer,opaque_dependency_l6,tabular_online,adaptation,opaque,real_transitions,30,6.0,0.0,6.0,6.0,6.0,6.0
transfer,transfer,full_transfer,opaque_dependency_l6,tabular_online,adaptation,opaque,imagined_transitions,30,98.28426470588235,10.24778404278482,94.80098039215686,101.9675,78.2235294117647,124.32941176470588
transfer,transfer,full_transfer,opaque_dependency_l6,tabular_online,adaptation,opaque,action_proposals,30,6.0,0.0,6.0,6.0,6.0,6.0
transfer,transfer,full_transfer,opaque_dependency_l6,tabular_online,adaptation,opaque,repeat_rate,30,0.0,0.0,0.0,0.0,0.0,0.0
transfer,transfer,full_transfer,opaque_dependency_l6,tabular_online,adaptation,opaque,error_rate,30,0.0,0.0,0.0,0.0,0.0,0.0
transfer,transfer,full_transfer,opaque_dependency_l6,tabular_online,evaluation_unseen_adaptation,opaque,success,30,0.07083333333333333,0.061266564731695124,0.051666666666666666,0.09416666666666668,0.0,0.3
transfer,transfer,full_transfer,opaque_dependency_l6,tabular_online,evaluation_unseen_adaptation,opaque,steps,30,6.0,0.0,6.0,6.0,6.0,6.0
transfer,transfer,full_transfer,opaque_dependency_l6,tabular_online,evaluation_unseen_adaptation,opaque,reward,30,0.07083333333333333,0.061266564731695124,0.050833333333333335,0.09333333333333332,0.0,0.3
transfer,transfer,full_transfer,opaque_dependency_l6,tabular_online,evaluation_unseen_adaptation,opaque,errors,30,0.0,0.0,0.0,0.0,0.0,0.0
transfer,transfer,full_transfer,opaque_dependency_l6,tabular_online,evaluation_unseen_adaptation,opaque,repeats,30,0.0,0.0,0.0,0.0,0.0,0.0
transfer,transfer,full_transfer,opaque_dependency_l6,tabular_online,evaluation_unseen_adaptation,opaque,prediction_score,30,0.7648611111111117,0.03463139461494087,0.7526388888888894,0.7766666666666674,0.7,0.8
transfer,transfer,full_transfer,opaque_dependency_l6,tabular_online,evaluation_unseen_adaptation,opaque,holdout_score,30,0.9873958333333334,0.010121445115262176,0.9838020833333334,0.9907291666666667,0.96875,1.0
transfer,transfer,full_transfer,opaque_dependency_l6,tabular_online,evaluation_unseen_adaptation,opaque,imagined_nodes,30,68.67416666666666,43.161852311633524,53.55083333333334,83.7425,0.0,147.6
transfer,transfer,full_transfer,opaque_dependency_l6,tabular_online,evaluation_unseen_adaptation,opaque,imagination_depth,30,1.8591666666666666,1.068605345793044,1.4733333333333332,2.2449999999999997,0.0,3.6
transfer,transfer,full_transfer,opaque_dependency_l6,tabular_online,evaluation_unseen_adaptation,opaque,actual_return,30,0.07083333333333333,0.061266564731695124,0.050833333333333335,0.09333333333333332,0.0,0.3
transfer,transfer,full_transfer,opaque_dependency_l6,tabular_online,evaluation_unseen_adaptation,opaque,runtime_seconds,30,0.004049085060821623,0.0009379458509214656,0.003717552874146592,0.0043852705557896115,0.00254230204999476,0.005834844600343786
transfer,transfer,full_transfer,opaque_dependency_l6,tabular_online,evaluation_unseen_adaptation,opaque,real_transitions,30,6.0,0.0,6.0,6.0,6.0,6.0
transfer,transfer,full_transfer,opaque_dependency_l6,tabular_online,evaluation_unseen_adaptation,opaque,imagined_transitions,30,68.67416666666666,43.161852311633524,53.43833333333334,84.17083333333333,0.0,147.6
transfer,transfer,full_transfer,opaque_dependency_l6,tabular_online,evaluation_unseen_adaptation,opaque,action_proposals,30,6.0,0.0,6.0,6.0,6.0,6.0
transfer,transfer,full_transfer,opaque_dependency_l6,tabular_online,evaluation_unseen_adaptation,opaque,repeat_rate,30,0.0,0.0,0.0,0.0,0.0,0.0
transfer,transfer,full_transfer,opaque_dependency_l6,tabular_online,evaluation_unseen_adaptation,opaque,error_rate,30,0.0,0.0,0.0,0.0,0.0,0.0
transfer,transfer,policy_reset_effect_retained,opaque_dependency_l6,checkpoint_transfer,adaptation_curve,effect_profile,adaptation_auc,30,0.13134765625,0.10963799188775218,0.09599609375,0.17197265625,0.0,0.5302734375
transfer,transfer,policy_reset_effect_retained,opaque_dependency_l6,checkpoint_transfer,adaptation_curve,effect_profile,episodes_to_50,3,48.0,27.712812921102035,16.0,64.0,16.0,64.0
transfer,transfer,policy_reset_effect_retained,opaque_dependency_l6,checkpoint_transfer,adaptation_curve,effect_profile,transfer_gain_vs_from_scratch,30,0.010904947916666666,0.13288109009604174,-0.03466796875,0.058430989583333336,-0.31640625,0.40625
transfer,transfer,policy_reset_effect_retained,opaque_dependency_l6,checkpoint_transfer,adaptation_curve,effect_profile,unseen_prediction_calibration_error,30,0.6877777777777777,0.061275684009484056,0.6640277777777778,0.7075,0.475,0.7791666666666667
transfer,transfer,policy_reset_effect_retained,opaque_dependency_l6,tabular_online,adaptation,opaque,success,30,0.10137254901960784,0.08087814236996546,0.0748529411764706,0.13161764705882353,0.0,0.35
transfer,transfer,policy_reset_effect_retained,opaque_dependency_l6,tabular_online,adaptation,opaque,steps,30,6.0,0.0,6.0,6.0,6.0,6.0
transfer,transfer,policy_reset_effect_retained,opaque_dependency_l6,tabular_online,adaptation,opaque,reward,30,0.10137254901960784,0.08087814236996546,0.07392156862745099,0.13058823529411764,0.0,0.35
transfer,transfer,policy_reset_effect_retained,opaque_dependency_l6,tabular_online,adaptation,opaque,errors,30,0.0,0.0,0.0,0.0,0.0,0.0
transfer,transfer,policy_reset_effect_retained,opaque_dependency_l6,tabular_online,adaptation,opaque,repeats,30,0.0,0.0,0.0,0.0,0.0,0.0
transfer,transfer,policy_reset_effect_retained,opaque_dependency_l6,tabular_online,adaptation,opaque,prediction_score,30,0.9027696078431372,0.003760946319414328,0.901437908496732,0.9040931372549019,0.8958333333333329,0.910294117647059
transfer,transfer,policy_reset_effect_retained,opaque_dependency_l6,tabular_online,adaptation,opaque,holdout_score,30,0.21823535216323636,0.0033991083871127464,0.21699537898130405,0.21942332423403083,0.21086434514959604,0.22272812155165087
transfer,transfer,policy_reset_effect_retained,opaque_dependency_l6,tabular_online,adaptation,opaque,holdout_gain,30,0.0006055004272793626,0.00033691892967532366,0.00048522010870156654,0.0007249906184607302,0.0001458916900093371,0.001521358543417366
transfer,transfer,policy_reset_effect_retained,opaque_dependency_l6,tabular_online,adaptation,opaque,imagined_nodes,30,98.09980392156862,8.843008061299447,95.05299019607843,101.1996568627451,79.39411764705882,116.24558823529412
transfer,transfer,policy_reset_effect_retained,opaque_dependency_l6,tabular_online,adaptation,opaque,imagination_depth,30,4.850196078431372,0.10761328384600163,4.810931372549019,4.887352941176471,4.633823529411765,5.088235294117647
transfer,transfer,policy_reset_effect_retained,opaque_dependency_l6,tabular_online,adaptation,opaque,actual_return,30,0.10137254901960784,0.08087814236996546,0.07441176470588236,0.1305392156862745,0.0,0.35
transfer,transfer,policy_reset_effect_retained,opaque_dependency_l6,tabular_online,adaptation,opaque,runtime_seconds,30,0.003274106651946318,0.00018354088785143486,0.0032076749508040867,0.00333927273037832,0.0028566826476034133,0.003645955441136132
transfer,transfer,policy_reset_effect_retained,opaque_dependency_l6,tabular_online,adaptation,opaque,real_transitions,30,6.0,0.0,6.0,6.0,6.0,6.0
transfer,transfer,policy_reset_effect_retained,opaque_dependency_l6,tabular_online,adaptation,opaque,imagined_transitions,30,98.09980392156862,8.843008061299447,95.01122549019607,101.36872549019608,79.39411764705882,116.24558823529412
transfer,transfer,policy_reset_effect_retained,opaque_dependency_l6,tabular_online,adaptation,opaque,action_proposals,30,6.0,0.0,6.0,6.0,6.0,6.0
transfer,transfer,policy_reset_effect_retained,opaque_dependency_l6,tabular_online,adaptation,opaque,repeat_rate,30,0.0,0.0,0.0,0.0,0.0,0.0
transfer,transfer,policy_reset_effect_retained,opaque_dependency_l6,tabular_online,adaptation,opaque,error_rate,30,0.0,0.0,0.0,0.0,0.0,0.0
transfer,transfer,policy_reset_effect_retained,opaque_dependency_l6,tabular_online,evaluation_unseen_adaptation,opaque,success,30,0.07083333333333333,0.05875259837736502,0.051666666666666666,0.09333333333333334,0.0,0.275
transfer,transfer,policy_reset_effect_retained,opaque_dependency_l6,tabular_online,evaluation_unseen_adaptation,opaque,steps,30,6.0,0.0,6.0,6.0,6.0,6.0
transfer,transfer,policy_reset_effect_retained,opaque_dependency_l6,tabular_online,evaluation_unseen_adaptation,opaque,reward,30,0.07083333333333333,0.05875259837736502,0.051666666666666666,0.09333333333333334,0.0,0.275
transfer,transfer,policy_reset_effect_retained,opaque_dependency_l6,tabular_online,evaluation_unseen_adaptation,opaque,errors,30,0.0,0.0,0.0,0.0,0.0,0.0
transfer,transfer,policy_reset_effect_retained,opaque_dependency_l6,tabular_online,evaluation_unseen_adaptation,opaque,repeats,30,0.0,0.0,0.0,0.0,0.0,0.0
transfer,transfer,policy_reset_effect_retained,opaque_dependency_l6,tabular_online,evaluation_unseen_adaptation,opaque,prediction_score,30,0.7586111111111116,0.01619051643640953,0.7529166666666673,0.7643055555555558,0.72500000000001,0.7833333333333358
transfer,transfer,policy_reset_effect_retained,opaque_dependency_l6,tabular_online,evaluation_unseen_adaptation,opaque,holdout_score,30,0.5513159348022831,0.018912738930238832,0.5447971804511273,0.5580959690893899,0.5180555555555548,0.5875
transfer,transfer,policy_reset_effect_retained,opaque_dependency_l6,tabular_online,evaluation_unseen_adaptation,opaque,imagined_nodes,30,70.40916666666666,41.53288917114121,55.59583333333333,84.63666666666667,0.0,147.45
transfer,transfer,policy_reset_effect_retained,opaque_dependency_l6,tabular_online,evaluation_unseen_adaptation,opaque,imagination_depth,30,1.8599999999999999,1.0628239871146148,1.4974999999999998,2.2191666666666667,0.0,3.6
transfer,transfer,policy_reset_effect_retained,opaque_dependency_l6,tabular_online,evaluation_unseen_adaptation,opaque,actual_return,30,0.07083333333333333,0.05875259837736502,0.0525,0.09333333333333334,0.0,0.275
transfer,transfer,policy_reset_effect_retained,opaque_dependency_l6,tabular_online,evaluation_unseen_adaptation,opaque,runtime_seconds,30,0.002609444021682672,0.0008936448235363246,0.00228817177829745,0.002928760970031241,0.0010698232997310697,0.004232867075086687
transfer,transfer,policy_reset_effect_retained,opaque_dependency_l6,tabular_online,evaluation_unseen_adaptation,opaque,real_transitions,30,6.0,0.0,6.0,6.0,6.0,6.0
transfer,transfer,policy_reset_effect_retained,opaque_dependency_l6,tabular_online,evaluation_unseen_adaptation,opaque,imagined_transitions,30,70.40916666666666,41.53288917114121,55.65916666666667,85.32333333333332,0.0,147.45
transfer,transfer,policy_reset_effect_retained,opaque_dependency_l6,tabular_online,evaluation_unseen_adaptation,opaque,action_proposals,30,6.0,0.0,6.0,6.0,6.0,6.0
transfer,transfer,policy_reset_effect_retained,opaque_dependency_l6,tabular_online,evaluation_unseen_adaptation,opaque,repeat_rate,30,0.0,0.0,0.0,0.0,0.0,0.0
transfer,transfer,policy_reset_effect_retained,opaque_dependency_l6,tabular_online,evaluation_unseen_adaptation,opaque,error_rate,30,0.0,0.0,0.0,0.0,0.0,0.0
transfer,transfer,policy_reset_prophecy_retained,opaque_dependency_l6,checkpoint_transfer,adaptation_curve,effect_profile,adaptation_auc,30,0.13916015625,0.08454975140399948,0.11181640625,0.1697265625,0.0,0.41015625
transfer,transfer,policy_reset_prophecy_retained,opaque_dependency_l6,checkpoint_transfer,adaptation_curve,effect_profile,episodes_to_50,2,64.0,0.0,64.0,64.0,64.0,64.0
transfer,transfer,policy_reset_prophecy_retained,opaque_dependency_l6,checkpoint_transfer,adaptation_curve,effect_profile,transfer_gain_vs_from_scratch,30,0.018717447916666668,0.10235403286562929,-0.019368489583333332,0.05335286458333333,-0.22265625,0.1953125
transfer,transfer,policy_reset_prophecy_retained,opaque_dependency_l6,checkpoint_transfer,adaptation_curve,effect_profile,unseen_prediction_calibration_error,30,0.6759722222222222,0.04780482115776531,0.6586111111111111,0.6920833333333333,0.5333333333333333,0.775
transfer,transfer,policy_reset_prophecy_retained,opaque_dependency_l6,tabular_online,adaptation,opaque,success,30,0.10740196078431373,0.05702169822382667,0.08823529411764705,0.12769607843137257,0.0,0.2514705882352941
transfer,transfer,policy_reset_prophecy_retained,opaque_dependency_l6,tabular_online,adaptation,opaque,steps,30,6.0,0.0,6.0,6.0,6.0,6.0
transfer,transfer,policy_reset_prophecy_retained,opaque_dependency_l6,tabular_online,adaptation,opaque,reward,30,0.10740196078431373,0.05702169822382667,0.08823529411764705,0.12838235294117648,0.0,0.2514705882352941
transfer,transfer,policy_reset_prophecy_retained,opaque_dependency_l6,tabular_online,adaptation,opaque,errors,30,0.0,0.0,0.0,0.0,0.0,0.0
transfer,transfer,policy_reset_prophecy_retained,opaque_dependency_l6,tabular_online,adaptation,opaque,repeats,30,0.0,0.0,0.0,0.0,0.0,0.0
transfer,transfer,policy_reset_prophecy_retained,opaque_dependency_l6,tabular_online,adaptation,opaque,prediction_score,30,0.9018055555555554,0.003858993729766965,0.9004493464052288,0.9031699346405229,0.8941176470588234,0.9098039215686278
transfer,transfer,policy_reset_prophecy_retained,opaque_dependency_l6,tabular_online,adaptation,opaque,holdout_score,30,0.22079199166927002,0.0021296259407311588,0.2200535445422039,0.2215213324569602,0.21722436332730444,0.22487394957983198
transfer,transfer,policy_reset_prophecy_retained,opaque_dependency_l6,tabular_online,adaptation,opaque,holdout_gain,30,0.0007014080237119452,0.0003341875466321418,0.0005861691186446089,0.00082151458744596,0.00014705882352941172,0.001521358543417366
transfer,transfer,policy_reset_prophecy_retained,opaque_dependency_l6,tabular_online,adaptation,opaque,imagined_nodes,30,101.53803921568627,7.063079015751888,99.07960784313725,104.02421568627452,84.71029411764705,116.24558823529412
transfer,transfer,policy_reset_prophecy_retained,opaque_dependency_l6,tabular_online,adaptation,opaque,imagination_depth,30,4.8910294117647055,0.0858443381230346,4.860833333333333,4.921421568627451,4.748529411764705,5.088235294117647
transfer,transfer,policy_reset_prophecy_retained,opaque_dependency_l6,tabular_online,adaptation,opaque,actual_return,30,0.10740196078431373,0.05702169822382667,0.08838235294117647,0.12955882352941175,0.0,0.2514705882352941
transfer,transfer,policy_reset_prophecy_retained,opaque_dependency_l6,tabular_online,adaptation,opaque,runtime_seconds,30,0.003333610936144182,0.0001535154380320632,0.003279429431287081,0.0033878980195018527,0.002935758824006531,0.0036582864704113862
transfer,transfer,policy_reset_prophecy_retained,opaque_dependency_l6,tabular_online,adaptation,opaque,real_transitions,30,6.0,0.0,6.0,6.0,6.0,6.0
transfer,transfer,policy_reset_prophecy_retained,opaque_dependency_l6,tabular_online,adaptation,opaque,imagined_transitions,30,101.53803921568627,7.063079015751888,99.0602450980392,104.0231862745098,84.71029411764705,116.24558823529412
transfer,transfer,policy_reset_prophecy_retained,opaque_dependency_l6,tabular_online,adaptation,opaque,action_proposals,30,6.0,0.0,6.0,6.0,6.0,6.0
transfer,transfer,policy_reset_prophecy_retained,opaque_dependency_l6,tabular_online,adaptation,opaque,repeat_rate,30,0.0,0.0,0.0,0.0,0.0,0.0
transfer,transfer,policy_reset_prophecy_retained,opaque_dependency_l6,tabular_online,adaptation,opaque,error_rate,30,0.0,0.0,0.0,0.0,0.0,0.0
transfer,transfer,policy_reset_prophecy_retained,opaque_dependency_l6,tabular_online,evaluation_unseen_adaptation,opaque,success,30,0.07416666666666667,0.042792267536548474,0.060000000000000005,0.09083333333333334,0.0,0.2
transfer,transfer,policy_reset_prophecy_retained,opaque_dependency_l6,tabular_online,evaluation_unseen_adaptation,opaque,steps,30,6.0,0.0,6.0,6.0,6.0,6.0
transfer,transfer,policy_reset_prophecy_retained,opaque_dependency_l6,tabular_online,evaluation_unseen_adaptation,opaque,reward,30,0.07416666666666667,0.042792267536548474,0.060000000000000005,0.09000000000000001,0.0,0.2
transfer,transfer,policy_reset_prophecy_retained,opaque_dependency_l6,tabular_online,evaluation_unseen_adaptation,opaque,errors,30,0.0,0.0,0.0,0.0,0.0,0.0
transfer,transfer,policy_reset_prophecy_retained,opaque_dependency_l6,tabular_online,evaluation_unseen_adaptation,opaque,repeats,30,0.0,0.0,0.0,0.0,0.0,0.0
transfer,transfer,policy_reset_prophecy_retained,opaque_dependency_l6,tabular_online,evaluation_unseen_adaptation,opaque,prediction_score,30,0.7501388888888897,0.018617293248973432,0.7436111111111108,0.756805555555556,0.7249999999999909,0.7833333333333358
transfer,transfer,policy_reset_prophecy_retained,opaque_dependency_l6,tabular_online,evaluation_unseen_adaptation,opaque,holdout_score,30,0.5621718706488441,0.020314684657615417,0.5550168650793644,0.5693451510721252,0.5212500000000005,0.5964285714285722
transfer,transfer,policy_reset_prophecy_retained,opaque_dependency_l6,tabular_online,evaluation_unseen_adaptation,opaque,imagined_nodes,30,73.15916666666666,42.679795391103234,58.49333333333334,88.3275,0.0,147.45
transfer,transfer,policy_reset_prophecy_retained,opaque_dependency_l6,tabular_online,evaluation_unseen_adaptation,opaque,imagination_depth,30,1.8633333333333333,1.0662076957960454,1.5058333333333331,2.2233333333333336,0.0,3.6
transfer,transfer,policy_reset_prophecy_retained,opaque_dependency_l6,tabular_online,evaluation_unseen_adaptation,opaque,actual_return,30,0.07416666666666667,0.042792267536548474,0.060000000000000005,0.09000000000000001,0.0,0.2
transfer,transfer,policy_reset_prophecy_retained,opaque_dependency_l6,tabular_online,evaluation_unseen_adaptation,opaque,runtime_seconds,30,0.0026873642942130877,0.0009641685616035825,0.0023508056441785205,0.003009028437506398,0.00104669319983077,0.004386348299776728
transfer,transfer,policy_reset_prophecy_retained,opaque_dependency_l6,tabular_online,evaluation_unseen_adaptation,opaque,real_transitions,30,6.0,0.0,6.0,6.0,6.0,6.0
transfer,transfer,policy_reset_prophecy_retained,opaque_dependency_l6,tabular_online,evaluation_unseen_adaptation,opaque,imagined_transitions,30,73.15916666666666,42.679795391103234,58.235,88.45250000000001,0.0,147.45
transfer,transfer,policy_reset_prophecy_retained,opaque_dependency_l6,tabular_online,evaluation_unseen_adaptation,opaque,action_proposals,30,6.0,0.0,6.0,6.0,6.0,6.0
transfer,transfer,policy_reset_prophecy_retained,opaque_dependency_l6,tabular_online,evaluation_unseen_adaptation,opaque,repeat_rate,30,0.0,0.0,0.0,0.0,0.0,0.0
transfer,transfer,policy_reset_prophecy_retained,opaque_dependency_l6,tabular_online,evaluation_unseen_adaptation,opaque,error_rate,30,0.0,0.0,0.0,0.0,0.0,0.0
transfer,transfer,transfer_pretraining,opaque_dependency_l6,tabular_online,training,opaque,success,30,0.35483333333333333,0.073851474121273,0.32848333333333335,0.3798166666666667,0.221,0.4865
transfer,transfer,transfer_pretraining,opaque_dependency_l6,tabular_online,training,opaque,steps,30,6.0,0.0,6.0,6.0,6.0,6.0
transfer,transfer,transfer_pretraining,opaque_dependency_l6,tabular_online,training,opaque,reward,30,0.35483333333333333,0.073851474121273,0.32866666666666666,0.38108333333333333,0.221,0.4865
transfer,transfer,transfer_pretraining,opaque_dependency_l6,tabular_online,training,opaque,errors,30,0.0,0.0,0.0,0.0,0.0,0.0
transfer,transfer,transfer_pretraining,opaque_dependency_l6,tabular_online,training,opaque,repeats,30,0.0,0.0,0.0,0.0,0.0,0.0
transfer,transfer,transfer_pretraining,opaque_dependency_l6,tabular_online,training,opaque,prediction_score,30,0.9900277777777777,0.0005524819189380684,0.9898277777777778,0.9902166666666666,0.9886666666666667,0.9909166666666668
transfer,transfer,transfer_pretraining,opaque_dependency_l6,tabular_online,training,opaque,holdout_score,30,0.24709211684592727,0.00041921766211009705,0.24694263448393228,0.2472413328074467,0.2461872898069178,0.24801628725256897
transfer,transfer,transfer_pretraining,opaque_dependency_l6,tabular_online,training,opaque,holdout_gain,30,1.4129695632547345e-05,6.599759453884176e-06,1.1797809772143485e-05,1.646758454872695e-05,3.086419753086415e-06,2.722094481605351e-05
transfer,transfer,transfer_pretraining,opaque_dependency_l6,tabular_online,training,opaque,imagined_nodes,30,92.96768333333333,1.3161443393968753,92.5058,93.42468333333333,90.347,95.5115
transfer,transfer,transfer_pretraining,opaque_dependency_l6,tabular_online,training,opaque,imagination_depth,30,4.76545,0.02847514039806754,4.755333333333334,4.7754,4.717,4.815
transfer,transfer,transfer_pretraining,opaque_dependency_l6,tabular_online,training,opaque,actual_return,30,0.35483333333333333,0.073851474121273,0.32865,0.3811833333333333,0.221,0.4865
transfer,transfer,transfer_pretraining,opaque_dependency_l6,tabular_online,training,opaque,runtime_seconds,30,0.003643666945010773,0.00020892331747065533,0.003584824358223705,0.0037275845116911416,0.00347387600003276,0.0046276499999366935
transfer,transfer,transfer_pretraining,opaque_dependency_l6,tabular_online,training,opaque,real_transitions,30,6.0,0.0,6.0,6.0,6.0,6.0
transfer,transfer,transfer_pretraining,opaque_dependency_l6,tabular_online,training,opaque,imagined_transitions,30,92.96768333333333,1.3161443393968753,92.4935,93.42890000000001,90.347,95.5115
transfer,transfer,transfer_pretraining,opaque_dependency_l6,tabular_online,training,opaque,action_proposals,30,6.0,0.0,6.0,6.0,6.0,6.0
transfer,transfer,transfer_pretraining,opaque_dependency_l6,tabular_online,training,opaque,repeat_rate,30,0.0,0.0,0.0,0.0,0.0,0.0
transfer,transfer,transfer_pretraining,opaque_dependency_l6,tabular_online,training,opaque,error_rate,30,0.0,0.0,0.0,0.0,0.0,0.0
