experiment,suite,environment,phase,metric,target,baseline,paired_seed_count,target_mean,baseline_mean,paired_mean_difference,ci95_low,ci95_high,effect_size_dz,p_value,oracle_excluded,p_value_holm
autonomy,autonomy,opaque_dependency_l4,evaluation_seen,success,full_aassr,contextual_policy,30,0.0,0.0,0.0,0.0,0.0,0.0,1.0,True,1.0
autonomy,autonomy,opaque_dependency_l4,evaluation_seen,steps,full_aassr,contextual_policy,30,4.0,4.0,0.0,0.0,0.0,0.0,1.0,True,1.0
autonomy,autonomy,opaque_dependency_l4,evaluation_seen,high_level_steps,full_aassr,contextual_policy,30,4.0,4.0,0.0,0.0,0.0,0.0,1.0,True,1.0
autonomy,autonomy,opaque_dependency_l4,evaluation_seen,primitive_steps,full_aassr,contextual_policy,30,4.0,4.0,0.0,0.0,0.0,0.0,1.0,True,1.0
autonomy,autonomy,opaque_dependency_l4,evaluation_seen,reward,full_aassr,contextual_policy,30,0.0,0.0,0.0,0.0,0.0,0.0,1.0,True,1.0
autonomy,autonomy,opaque_dependency_l4,evaluation_seen,errors,full_aassr,contextual_policy,30,0.0,0.0,0.0,0.0,0.0,0.0,1.0,True,1.0
autonomy,autonomy,opaque_dependency_l4,evaluation_seen,repeats,full_aassr,contextual_policy,30,0.0,0.0,0.0,0.0,0.0,0.0,1.0,True,1.0
autonomy,autonomy,opaque_dependency_l4,evaluation_seen,prediction_score,full_aassr,contextual_policy,30,0.0,0.0,0.0,0.0,0.0,0.0,1.0,True,1.0
autonomy,autonomy,opaque_dependency_l4,evaluation_seen,holdout_score,full_aassr,contextual_policy,30,1.0,0.0,1.0,0.9999999999999999,1.0,1.7751104772046158e+16,4.999750012499375e-05,True,0.00014999250037498125
autonomy,autonomy,opaque_dependency_l4,evaluation_seen,imagined_nodes,full_aassr,contextual_policy,30,0.0,0.0,0.0,0.0,0.0,0.0,1.0,True,1.0
autonomy,autonomy,opaque_dependency_l4,evaluation_seen,imagination_depth,full_aassr,contextual_policy,30,0.0,0.0,0.0,0.0,0.0,0.0,1.0,True,1.0
autonomy,autonomy,opaque_dependency_l4,evaluation_seen,actual_return,full_aassr,contextual_policy,30,0.0,0.0,0.0,0.0,0.0,0.0,1.0,True,1.0
autonomy,autonomy,opaque_dependency_l4,evaluation_seen,runtime_seconds,full_aassr,contextual_policy,30,0.0023708782000176143,0.001973741316459685,0.0003971368835579293,0.0002852316836748893,0.0004976970671462671,1.3361601053951884,4.999750012499375e-05,True,0.00024998750062496874
autonomy,autonomy,opaque_dependency_l4,evaluation_seen,real_transitions,full_aassr,contextual_policy,30,4.0,4.0,0.0,0.0,0.0,0.0,1.0,True,1.0
autonomy,autonomy,opaque_dependency_l4,evaluation_seen,imagined_transitions,full_aassr,contextual_policy,30,0.0,0.0,0.0,0.0,0.0,0.0,1.0,True,1.0
autonomy,autonomy,opaque_dependency_l4,evaluation_seen,action_proposals,full_aassr,contextual_policy,30,4.0,4.0,0.0,0.0,0.0,0.0,1.0,True,1.0
autonomy,autonomy,opaque_dependency_l4,evaluation_seen,repeat_rate,full_aassr,contextual_policy,30,0.0,0.0,0.0,0.0,0.0,0.0,1.0,True,1.0
autonomy,autonomy,opaque_dependency_l4,evaluation_seen,error_rate,full_aassr,contextual_policy,30,0.0,0.0,0.0,0.0,0.0,0.0,1.0,True,1.0
autonomy,autonomy,opaque_dependency_l4,evaluation_seen,success,full_aassr,dqn,30,0.0,0.1,-0.1,-0.15,-0.05,-0.7101745039685363,0.0008499575021248938,True,0.003399830008499575
autonomy,autonomy,opaque_dependency_l4,evaluation_seen,steps,full_aassr,dqn,30,4.0,4.0,0.0,0.0,0.0,0.0,1.0,True,1.0
autonomy,autonomy,opaque_dependency_l4,evaluation_seen,high_level_steps,full_aassr,dqn,30,4.0,4.0,0.0,0.0,0.0,0.0,1.0,True,1.0
autonomy,autonomy,opaque_dependency_l4,evaluation_seen,primitive_steps,full_aassr,dqn,30,4.0,4.0,0.0,0.0,0.0,0.0,1.0,True,1.0
autonomy,autonomy,opaque_dependency_l4,evaluation_seen,reward,full_aassr,dqn,30,0.0,0.1,-0.1,-0.15,-0.05,-0.7101745039685363,0.0009499525023748813,True,0.003799810009499525
autonomy,autonomy,opaque_dependency_l4,evaluation_seen,errors,full_aassr,dqn,30,0.0,0.0,0.0,0.0,0.0,0.0,1.0,True,1.0
autonomy,autonomy,opaque_dependency_l4,evaluation_seen,repeats,full_aassr,dqn,30,0.0,0.0,0.0,0.0,0.0,0.0,1.0,True,1.0
autonomy,autonomy,opaque_dependency_l4,evaluation_seen,imagined_nodes,full_aassr,dqn,30,0.0,0.0,0.0,0.0,0.0,0.0,1.0,True,1.0
autonomy,autonomy,opaque_dependency_l4,evaluation_seen,imagination_depth,full_aassr,dqn,30,0.0,0.0,0.0,0.0,0.0,0.0,1.0,True,1.0
autonomy,autonomy,opaque_dependency_l4,evaluation_seen,actual_return,full_aassr,dqn,30,0.0,0.1,-0.1,-0.15,-0.05,-0.7101745039685363,0.0009499525023748813,True,0.003799810009499525
autonomy,autonomy,opaque_dependency_l4,evaluation_seen,runtime_seconds,full_aassr,dqn,30,0.0023708782000176143,0.0014896909000672166,0.0008811872999503976,0.0007928280333289877,0.0009630520330926325,3.6399971089462513,4.999750012499375e-05,True,0.00024998750062496874
autonomy,autonomy,opaque_dependency_l4,evaluation_seen,real_transitions,full_aassr,dqn,30,4.0,4.0,0.0,0.0,0.0,0.0,1.0,True,1.0
autonomy,autonomy,opaque_dependency_l4,evaluation_seen,imagined_transitions,full_aassr,dqn,30,0.0,0.0,0.0,0.0,0.0,0.0,1.0,True,1.0
autonomy,autonomy,opaque_dependency_l4,evaluation_seen,action_proposals,full_aassr,dqn,30,4.0,4.0,0.0,0.0,0.0,0.0,1.0,True,1.0
autonomy,autonomy,opaque_dependency_l4,evaluation_seen,repeat_rate,full_aassr,dqn,30,0.0,0.0,0.0,0.0,0.0,0.0,1.0,True,1.0
autonomy,autonomy,opaque_dependency_l4,evaluation_seen,error_rate,full_aassr,dqn,30,0.0,0.0,0.0,0.0,0.0,0.0,1.0,True,1.0
autonomy,autonomy,opaque_dependency_l4,evaluation_seen,success,full_aassr,prophecy_no_imagination,30,0.0,0.0,0.0,0.0,0.0,0.0,1.0,True,1.0
autonomy,autonomy,opaque_dependency_l4,evaluation_seen,steps,full_aassr,prophecy_no_imagination,30,4.0,4.0,0.0,0.0,0.0,0.0,1.0,True,1.0
autonomy,autonomy,opaque_dependency_l4,evaluation_seen,high_level_steps,full_aassr,prophecy_no_imagination,30,4.0,4.0,0.0,0.0,0.0,0.0,1.0,True,1.0
autonomy,autonomy,opaque_dependency_l4,evaluation_seen,primitive_steps,full_aassr,prophecy_no_imagination,30,4.0,4.0,0.0,0.0,0.0,0.0,1.0,True,1.0
autonomy,autonomy,opaque_dependency_l4,evaluation_seen,reward,full_aassr,prophecy_no_imagination,30,0.0,0.0,0.0,0.0,0.0,0.0,1.0,True,1.0
autonomy,autonomy,opaque_dependency_l4,evaluation_seen,errors,full_aassr,prophecy_no_imagination,30,0.0,0.0,0.0,0.0,0.0,0.0,1.0,True,1.0
autonomy,autonomy,opaque_dependency_l4,evaluation_seen,repeats,full_aassr,prophecy_no_imagination,30,0.0,0.0,0.0,0.0,0.0,0.0,1.0,True,1.0
autonomy,autonomy,opaque_dependency_l4,evaluation_seen,prediction_score,full_aassr,prophecy_no_imagination,30,0.0,0.0,0.0,0.0,0.0,0.0,1.0,True,1.0
autonomy,autonomy,opaque_dependency_l4,evaluation_seen,holdout_score,full_aassr,prophecy_no_imagination,30,1.0,1.0,0.0,0.0,0.0,0.0,1.0,True,1.0
autonomy,autonomy,opaque_dependency_l4,evaluation_seen,imagined_nodes,full_aassr,prophecy_no_imagination,30,0.0,0.0,0.0,0.0,0.0,0.0,1.0,True,1.0
autonomy,autonomy,opaque_dependency_l4,evaluation_seen,imagination_depth,full_aassr,prophecy_no_imagination,30,0.0,0.0,0.0,0.0,0.0,0.0,1.0,True,1.0
autonomy,autonomy,opaque_dependency_l4,evaluation_seen,actual_return,full_aassr,prophecy_no_imagination,30,0.0,0.0,0.0,0.0,0.0,0.0,1.0,True,1.0
autonomy,autonomy,opaque_dependency_l4,evaluation_seen,runtime_seconds,full_aassr,prophecy_no_imagination,30,0.0023708782000176143,0.0022881053833795403,8.277281663807421e-05,-4.499566697631937e-06,0.0001745191836283387,0.3221815436879345,0.08624568771561422,True,0.08624568771561422
autonomy,autonomy,opaque_dependency_l4,evaluation_seen,real_transitions,full_aassr,prophecy_no_imagination,30,4.0,4.0,0.0,0.0,0.0,0.0,1.0,True,1.0
autonomy,autonomy,opaque_dependency_l4,evaluation_seen,imagined_transitions,full_aassr,prophecy_no_imagination,30,0.0,0.0,0.0,0.0,0.0,0.0,1.0,True,1.0
autonomy,autonomy,opaque_dependency_l4,evaluation_seen,action_proposals,full_aassr,prophecy_no_imagination,30,4.0,4.0,0.0,0.0,0.0,0.0,1.0,True,1.0
autonomy,autonomy,opaque_dependency_l4,evaluation_seen,repeat_rate,full_aassr,prophecy_no_imagination,30,0.0,0.0,0.0,0.0,0.0,0.0,1.0,True,1.0
autonomy,autonomy,opaque_dependency_l4,evaluation_seen,error_rate,full_aassr,prophecy_no_imagination,30,0.0,0.0,0.0,0.0,0.0,0.0,1.0,True,1.0
autonomy,autonomy,opaque_dependency_l4,evaluation_seen,success,full_aassr,q_learning,30,0.0,0.0,0.0,0.0,0.0,0.0,1.0,True,1.0
autonomy,autonomy,opaque_dependency_l4,evaluation_seen,steps,full_aassr,q_learning,30,4.0,4.0,0.0,0.0,0.0,0.0,1.0,True,1.0
autonomy,autonomy,opaque_dependency_l4,evaluation_seen,high_level_steps,full_aassr,q_learning,30,4.0,4.0,0.0,0.0,0.0,0.0,1.0,True,1.0
autonomy,autonomy,opaque_dependency_l4,evaluation_seen,primitive_steps,full_aassr,q_learning,30,4.0,4.0,0.0,0.0,0.0,0.0,1.0,True,1.0
autonomy,autonomy,opaque_dependency_l4,evaluation_seen,reward,full_aassr,q_learning,30,0.0,0.0,0.0,0.0,0.0,0.0,1.0,True,1.0
autonomy,autonomy,opaque_dependency_l4,evaluation_seen,errors,full_aassr,q_learning,30,0.0,0.0,0.0,0.0,0.0,0.0,1.0,True,1.0
autonomy,autonomy,opaque_dependency_l4,evaluation_seen,repeats,full_aassr,q_learning,30,0.0,0.0,0.0,0.0,0.0,0.0,1.0,True,1.0
autonomy,autonomy,opaque_dependency_l4,evaluation_seen,imagined_nodes,full_aassr,q_learning,30,0.0,0.0,0.0,0.0,0.0,0.0,1.0,True,1.0
autonomy,autonomy,opaque_dependency_l4,evaluation_seen,imagination_depth,full_aassr,q_learning,30,0.0,0.0,0.0,0.0,0.0,0.0,1.0,True,1.0
autonomy,autonomy,opaque_dependency_l4,evaluation_seen,actual_return,full_aassr,q_learning,30,0.0,0.0,0.0,0.0,0.0,0.0,1.0,True,1.0
autonomy,autonomy,opaque_dependency_l4,evaluation_seen,runtime_seconds,full_aassr,q_learning,30,0.0023708782000176143,0.00010808611688844393,0.0022627920831291702,0.002187947933096438,0.0023306695335534944,11.320886091011667,4.999750012499375e-05,True,0.00024998750062496874
autonomy,autonomy,opaque_dependency_l4,evaluation_seen,real_transitions,full_aassr,q_learning,30,4.0,4.0,0.0,0.0,0.0,0.0,1.0,True,1.0
autonomy,autonomy,opaque_dependency_l4,evaluation_seen,imagined_transitions,full_aassr,q_learning,30,0.0,0.0,0.0,0.0,0.0,0.0,1.0,True,1.0
autonomy,autonomy,opaque_dependency_l4,evaluation_seen,action_proposals,full_aassr,q_learning,30,4.0,4.0,0.0,0.0,0.0,0.0,1.0,True,1.0
autonomy,autonomy,opaque_dependency_l4,evaluation_seen,repeat_rate,full_aassr,q_learning,30,0.0,0.0,0.0,0.0,0.0,0.0,1.0,True,1.0
autonomy,autonomy,opaque_dependency_l4,evaluation_seen,error_rate,full_aassr,q_learning,30,0.0,0.0,0.0,0.0,0.0,0.0,1.0,True,1.0
autonomy,autonomy,opaque_dependency_l4,evaluation_seen,success,full_aassr,random,30,0.0,0.06716666666666667,-0.06716666666666667,-0.07483333333333334,-0.06016666666666667,-3.230762714183108,4.999750012499375e-05,True,0.00024998750062496874
autonomy,autonomy,opaque_dependency_l4,evaluation_seen,steps,full_aassr,random,30,4.0,4.0,0.0,0.0,0.0,0.0,1.0,True,1.0
autonomy,autonomy,opaque_dependency_l4,evaluation_seen,high_level_steps,full_aassr,random,30,4.0,4.0,0.0,0.0,0.0,0.0,1.0,True,1.0
autonomy,autonomy,opaque_dependency_l4,evaluation_seen,primitive_steps,full_aassr,random,30,4.0,4.0,0.0,0.0,0.0,0.0,1.0,True,1.0
autonomy,autonomy,opaque_dependency_l4,evaluation_seen,reward,full_aassr,random,30,0.0,0.06716666666666667,-0.06716666666666667,-0.07466666666666667,-0.060333333333333336,-3.230762714183108,4.999750012499375e-05,True,0.00024998750062496874
autonomy,autonomy,opaque_dependency_l4,evaluation_seen,errors,full_aassr,random,30,0.0,0.0,0.0,0.0,0.0,0.0,1.0,True,1.0
autonomy,autonomy,opaque_dependency_l4,evaluation_seen,repeats,full_aassr,random,30,0.0,0.0,0.0,0.0,0.0,0.0,1.0,True,1.0
autonomy,autonomy,opaque_dependency_l4,evaluation_seen,prediction_score,full_aassr,random,30,0.0,0.0,0.0,0.0,0.0,0.0,1.0,True,1.0
autonomy,autonomy,opaque_dependency_l4,evaluation_seen,holdout_score,full_aassr,random,30,1.0,0.0,1.0,0.9999999999999999,1.0,1.7751104772046158e+16,4.999750012499375e-05,True,0.00014999250037498125
autonomy,autonomy,opaque_dependency_l4,evaluation_seen,imagined_nodes,full_aassr,random,30,0.0,0.0,0.0,0.0,0.0,0.0,1.0,True,1.0
autonomy,autonomy,opaque_dependency_l4,evaluation_seen,imagination_depth,full_aassr,random,30,0.0,0.0,0.0,0.0,0.0,0.0,1.0,True,1.0
autonomy,autonomy,opaque_dependency_l4,evaluation_seen,actual_return,full_aassr,random,30,0.0,0.06716666666666667,-0.06716666666666667,-0.07466666666666667,-0.060000000000000005,-3.230762714183108,4.999750012499375e-05,True,0.00024998750062496874
autonomy,autonomy,opaque_dependency_l4,evaluation_seen,runtime_seconds,full_aassr,random,30,0.0023708782000176143,0.0019715604333614464,0.0003993177666561678,0.00030234845016093454,0.0004945403331027288,1.4680178867344593,4.999750012499375e-05,True,0.00024998750062496874
autonomy,autonomy,opaque_dependency_l4,evaluation_seen,real_transitions,full_aassr,random,30,4.0,4.0,0.0,0.0,0.0,0.0,1.0,True,1.0
autonomy,autonomy,opaque_dependency_l4,evaluation_seen,imagined_transitions,full_aassr,random,30,0.0,0.0,0.0,0.0,0.0,0.0,1.0,True,1.0
autonomy,autonomy,opaque_dependency_l4,evaluation_seen,action_proposals,full_aassr,random,30,4.0,4.0,0.0,0.0,0.0,0.0,1.0,True,1.0
autonomy,autonomy,opaque_dependency_l4,evaluation_seen,repeat_rate,full_aassr,random,30,0.0,0.0,0.0,0.0,0.0,0.0,1.0,True,1.0
autonomy,autonomy,opaque_dependency_l4,evaluation_seen,error_rate,full_aassr,random,30,0.0,0.0,0.0,0.0,0.0,0.0,1.0,True,1.0
autonomy,autonomy,opaque_dependency_l4,evaluation_unseen_zero_shot,success,full_aassr,contextual_policy,30,0.0,0.0,0.0,0.0,0.0,0.0,1.0,True,1.0
autonomy,autonomy,opaque_dependency_l4,evaluation_unseen_zero_shot,steps,full_aassr,contextual_policy,30,4.0,4.0,0.0,0.0,0.0,0.0,1.0,True,1.0
autonomy,autonomy,opaque_dependency_l4,evaluation_unseen_zero_shot,high_level_steps,full_aassr,contextual_policy,30,4.0,4.0,0.0,0.0,0.0,0.0,1.0,True,1.0
autonomy,autonomy,opaque_dependency_l4,evaluation_unseen_zero_shot,primitive_steps,full_aassr,contextual_policy,30,4.0,4.0,0.0,0.0,0.0,0.0,1.0,True,1.0
autonomy,autonomy,opaque_dependency_l4,evaluation_unseen_zero_shot,reward,full_aassr,contextual_policy,30,0.0,0.0,0.0,0.0,0.0,0.0,1.0,True,1.0
autonomy,autonomy,opaque_dependency_l4,evaluation_unseen_zero_shot,errors,full_aassr,contextual_policy,30,0.0,0.0,0.0,0.0,0.0,0.0,1.0,True,1.0
autonomy,autonomy,opaque_dependency_l4,evaluation_unseen_zero_shot,repeats,full_aassr,contextual_policy,30,0.0,0.0,0.0,0.0,0.0,0.0,1.0,True,1.0
autonomy,autonomy,opaque_dependency_l4,evaluation_unseen_zero_shot,prediction_score,full_aassr,contextual_policy,30,0.0,0.0,0.0,0.0,0.0,0.0,1.0,True,1.0
autonomy,autonomy,opaque_dependency_l4,evaluation_unseen_zero_shot,holdout_score,full_aassr,contextual_policy,30,1.0,0.0,1.0,0.9999999999999999,1.0,1.7751104772046158e+16,4.999750012499375e-05,True,0.00014999250037498125
autonomy,autonomy,opaque_dependency_l4,evaluation_unseen_zero_shot,imagined_nodes,full_aassr,contextual_policy,30,0.0,0.0,0.0,0.0,0.0,0.0,1.0,True,1.0
autonomy,autonomy,opaque_dependency_l4,evaluation_unseen_zero_shot,imagination_depth,full_aassr,contextual_policy,30,0.0,0.0,0.0,0.0,0.0,0.0,1.0,True,1.0
autonomy,autonomy,opaque_dependency_l4,evaluation_unseen_zero_shot,actual_return,full_aassr,contextual_policy,30,0.0,0.0,0.0,0.0,0.0,0.0,1.0,True,1.0
autonomy,autonomy,opaque_dependency_l4,evaluation_unseen_zero_shot,runtime_seconds,full_aassr,contextual_policy,30,0.0022838783166953367,0.0019656730832454438,0.0003182052334498925,0.00018755245003073166,0.00044959978343104016,0.8370141144521371,4.999750012499375e-05,True,0.00024998750062496874
autonomy,autonomy,opaque_dependency_l4,evaluation_unseen_zero_shot,real_transitions,full_aassr,contextual_policy,30,4.0,4.0,0.0,0.0,0.0,0.0,1.0,True,1.0
autonomy,autonomy,opaque_dependency_l4,evaluation_unseen_zero_shot,imagined_transitions,full_aassr,contextual_policy,30,0.0,0.0,0.0,0.0,0.0,0.0,1.0,True,1.0
autonomy,autonomy,opaque_dependency_l4,evaluation_unseen_zero_shot,action_proposals,full_aassr,contextual_policy,30,4.0,4.0,0.0,0.0,0.0,0.0,1.0,True,1.0
autonomy,autonomy,opaque_dependency_l4,evaluation_unseen_zero_shot,repeat_rate,full_aassr,contextual_policy,30,0.0,0.0,0.0,0.0,0.0,0.0,1.0,True,1.0
autonomy,autonomy,opaque_dependency_l4,evaluation_unseen_zero_shot,error_rate,full_aassr,contextual_policy,30,0.0,0.0,0.0,0.0,0.0,0.0,1.0,True,1.0
autonomy,autonomy,opaque_dependency_l4,evaluation_unseen_zero_shot,success,full_aassr,dqn,30,0.0,0.03333333333333333,-0.03333333333333333,-0.058333333333333334,-0.0125,-0.5120028248509644,0.014899255037248137,True,0.05959702014899255
autonomy,autonomy,opaque_dependency_l4,evaluation_unseen_zero_shot,steps,full_aassr,dqn,30,4.0,4.0,0.0,0.0,0.0,0.0,1.0,True,1.0
autonomy,autonomy,opaque_dependency_l4,evaluation_unseen_zero_shot,high_level_steps,full_aassr,dqn,30,4.0,4.0,0.0,0.0,0.0,0.0,1.0,True,1.0
autonomy,autonomy,opaque_dependency_l4,evaluation_unseen_zero_shot,primitive_steps,full_aassr,dqn,30,4.0,4.0,0.0,0.0,0.0,0.0,1.0,True,1.0
autonomy,autonomy,opaque_dependency_l4,evaluation_unseen_zero_shot,reward,full_aassr,dqn,30,0.0,0.03333333333333333,-0.03333333333333333,-0.058333333333333334,-0.0125,-0.5120028248509644,0.016049197540122993,True,0.06419679016049197
autonomy,autonomy,opaque_dependency_l4,evaluation_unseen_zero_shot,errors,full_aassr,dqn,30,0.0,0.0,0.0,0.0,0.0,0.0,1.0,True,1.0
autonomy,autonomy,opaque_dependency_l4,evaluation_unseen_zero_shot,repeats,full_aassr,dqn,30,0.0,0.0,0.0,0.0,0.0,0.0,1.0,True,1.0
autonomy,autonomy,opaque_dependency_l4,evaluation_unseen_zero_shot,imagined_nodes,full_aassr,dqn,30,0.0,0.0,0.0,0.0,0.0,0.0,1.0,True,1.0
autonomy,autonomy,opaque_dependency_l4,evaluation_unseen_zero_shot,imagination_depth,full_aassr,dqn,30,0.0,0.0,0.0,0.0,0.0,0.0,1.0,True,1.0
autonomy,autonomy,opaque_dependency_l4,evaluation_unseen_zero_shot,actual_return,full_aassr,dqn,30,0.0,0.03333333333333333,-0.03333333333333333,-0.058333333333333334,-0.0125,-0.5120028248509644,0.01559922003899805,True,0.0623968801559922
autonomy,autonomy,opaque_dependency_l4,evaluation_unseen_zero_shot,runtime_seconds,full_aassr,dqn,30,0.0022838783166953367,0.001519388250177144,0.0007644900665181922,0.0006605145162078165,0.0008673401836519285,2.60709942937656,4.999750012499375e-05,True,0.00024998750062496874
autonomy,autonomy,opaque_dependency_l4,evaluation_unseen_zero_shot,real_transitions,full_aassr,dqn,30,4.0,4.0,0.0,0.0,0.0,0.0,1.0,True,1.0
autonomy,autonomy,opaque_dependency_l4,evaluation_unseen_zero_shot,imagined_transitions,full_aassr,dqn,30,0.0,0.0,0.0,0.0,0.0,0.0,1.0,True,1.0
autonomy,autonomy,opaque_dependency_l4,evaluation_unseen_zero_shot,action_proposals,full_aassr,dqn,30,4.0,4.0,0.0,0.0,0.0,0.0,1.0,True,1.0
autonomy,autonomy,opaque_dependency_l4,evaluation_unseen_zero_shot,repeat_rate,full_aassr,dqn,30,0.0,0.0,0.0,0.0,0.0,0.0,1.0,True,1.0
autonomy,autonomy,opaque_dependency_l4,evaluation_unseen_zero_shot,error_rate,full_aassr,dqn,30,0.0,0.0,0.0,0.0,0.0,0.0,1.0,True,1.0
autonomy,autonomy,opaque_dependency_l4,evaluation_unseen_zero_shot,success,full_aassr,prophecy_no_imagination,30,0.0,0.0,0.0,0.0,0.0,0.0,1.0,True,1.0
autonomy,autonomy,opaque_dependency_l4,evaluation_unseen_zero_shot,steps,full_aassr,prophecy_no_imagination,30,4.0,4.0,0.0,0.0,0.0,0.0,1.0,True,1.0
autonomy,autonomy,opaque_dependency_l4,evaluation_unseen_zero_shot,high_level_steps,full_aassr,prophecy_no_imagination,30,4.0,4.0,0.0,0.0,0.0,0.0,1.0,True,1.0
autonomy,autonomy,opaque_dependency_l4,evaluation_unseen_zero_shot,primitive_steps,full_aassr,prophecy_no_imagination,30,4.0,4.0,0.0,0.0,0.0,0.0,1.0,True,1.0
autonomy,autonomy,opaque_dependency_l4,evaluation_unseen_zero_shot,reward,full_aassr,prophecy_no_imagination,30,0.0,0.0,0.0,0.0,0.0,0.0,1.0,True,1.0
autonomy,autonomy,opaque_dependency_l4,evaluation_unseen_zero_shot,errors,full_aassr,prophecy_no_imagination,30,0.0,0.0,0.0,0.0,0.0,0.0,1.0,True,1.0
autonomy,autonomy,opaque_dependency_l4,evaluation_unseen_zero_shot,repeats,full_aassr,prophecy_no_imagination,30,0.0,0.0,0.0,0.0,0.0,0.0,1.0,True,1.0
autonomy,autonomy,opaque_dependency_l4,evaluation_unseen_zero_shot,prediction_score,full_aassr,prophecy_no_imagination,30,0.0,0.0,0.0,0.0,0.0,0.0,1.0,True,1.0
autonomy,autonomy,opaque_dependency_l4,evaluation_unseen_zero_shot,holdout_score,full_aassr,prophecy_no_imagination,30,1.0,1.0,0.0,0.0,0.0,0.0,1.0,True,1.0
autonomy,autonomy,opaque_dependency_l4,evaluation_unseen_zero_shot,imagined_nodes,full_aassr,prophecy_no_imagination,30,0.0,0.0,0.0,0.0,0.0,0.0,1.0,True,1.0
autonomy,autonomy,opaque_dependency_l4,evaluation_unseen_zero_shot,imagination_depth,full_aassr,prophecy_no_imagination,30,0.0,0.0,0.0,0.0,0.0,0.0,1.0,True,1.0
autonomy,autonomy,opaque_dependency_l4,evaluation_unseen_zero_shot,actual_return,full_aassr,prophecy_no_imagination,30,0.0,0.0,0.0,0.0,0.0,0.0,1.0,True,1.0
autonomy,autonomy,opaque_dependency_l4,evaluation_unseen_zero_shot,runtime_seconds,full_aassr,prophecy_no_imagination,30,0.0022838783166953367,0.0022789164832696164,4.961833425719929e-06,-8.29735331838795e-05,8.984116624924362e-05,0.02057733069831537,0.9115544222788861,True,0.9115544222788861
autonomy,autonomy,opaque_dependency_l4,evaluation_unseen_zero_shot,real_transitions,full_aassr,prophecy_no_imagination,30,4.0,4.0,0.0,0.0,0.0,0.0,1.0,True,1.0
autonomy,autonomy,opaque_dependency_l4,evaluation_unseen_zero_shot,imagined_transitions,full_aassr,prophecy_no_imagination,30,0.0,0.0,0.0,0.0,0.0,0.0,1.0,True,1.0
autonomy,autonomy,opaque_dependency_l4,evaluation_unseen_zero_shot,action_proposals,full_aassr,prophecy_no_imagination,30,4.0,4.0,0.0,0.0,0.0,0.0,1.0,True,1.0
autonomy,autonomy,opaque_dependency_l4,evaluation_unseen_zero_shot,repeat_rate,full_aassr,prophecy_no_imagination,30,0.0,0.0,0.0,0.0,0.0,0.0,1.0,True,1.0
autonomy,autonomy,opaque_dependency_l4,evaluation_unseen_zero_shot,error_rate,full_aassr,prophecy_no_imagination,30,0.0,0.0,0.0,0.0,0.0,0.0,1.0,True,1.0
autonomy,autonomy,opaque_dependency_l4,evaluation_unseen_zero_shot,success,full_aassr,q_learning,30,0.0,0.0,0.0,0.0,0.0,0.0,1.0,True,1.0
autonomy,autonomy,opaque_dependency_l4,evaluation_unseen_zero_shot,steps,full_aassr,q_learning,30,4.0,4.0,0.0,0.0,0.0,0.0,1.0,True,1.0
autonomy,autonomy,opaque_dependency_l4,evaluation_unseen_zero_shot,high_level_steps,full_aassr,q_learning,30,4.0,4.0,0.0,0.0,0.0,0.0,1.0,True,1.0
autonomy,autonomy,opaque_dependency_l4,evaluation_unseen_zero_shot,primitive_steps,full_aassr,q_learning,30,4.0,4.0,0.0,0.0,0.0,0.0,1.0,True,1.0
autonomy,autonomy,opaque_dependency_l4,evaluation_unseen_zero_shot,reward,full_aassr,q_learning,30,0.0,0.0,0.0,0.0,0.0,0.0,1.0,True,1.0
autonomy,autonomy,opaque_dependency_l4,evaluation_unseen_zero_shot,errors,full_aassr,q_learning,30,0.0,0.0,0.0,0.0,0.0,0.0,1.0,True,1.0
autonomy,autonomy,opaque_dependency_l4,evaluation_unseen_zero_shot,repeats,full_aassr,q_learning,30,0.0,0.0,0.0,0.0,0.0,0.0,1.0,True,1.0
autonomy,autonomy,opaque_dependency_l4,evaluation_unseen_zero_shot,imagined_nodes,full_aassr,q_learning,30,0.0,0.0,0.0,0.0,0.0,0.0,1.0,True,1.0
autonomy,autonomy,opaque_dependency_l4,evaluation_unseen_zero_shot,imagination_depth,full_aassr,q_learning,30,0.0,0.0,0.0,0.0,0.0,0.0,1.0,True,1.0
autonomy,autonomy,opaque_dependency_l4,evaluation_unseen_zero_shot,actual_return,full_aassr,q_learning,30,0.0,0.0,0.0,0.0,0.0,0.0,1.0,True,1.0
autonomy,autonomy,opaque_dependency_l4,evaluation_unseen_zero_shot,runtime_seconds,full_aassr,q_learning,30,0.0022838783166953367,0.00010852751672791783,0.0021753507999674186,0.0020776436338492206,0.00226851984965712,8.11864733501407,4.999750012499375e-05,True,0.00024998750062496874
autonomy,autonomy,opaque_dependency_l4,evaluation_unseen_zero_shot,real_transitions,full_aassr,q_learning,30,4.0,4.0,0.0,0.0,0.0,0.0,1.0,True,1.0
autonomy,autonomy,opaque_dependency_l4,evaluation_unseen_zero_shot,imagined_transitions,full_aassr,q_learning,30,0.0,0.0,0.0,0.0,0.0,0.0,1.0,True,1.0
autonomy,autonomy,opaque_dependency_l4,evaluation_unseen_zero_shot,action_proposals,full_aassr,q_learning,30,4.0,4.0,0.0,0.0,0.0,0.0,1.0,True,1.0
autonomy,autonomy,opaque_dependency_l4,evaluation_unseen_zero_shot,repeat_rate,full_aassr,q_learning,30,0.0,0.0,0.0,0.0,0.0,0.0,1.0,True,1.0
autonomy,autonomy,opaque_dependency_l4,evaluation_unseen_zero_shot,error_rate,full_aassr,q_learning,30,0.0,0.0,0.0,0.0,0.0,0.0,1.0,True,1.0
autonomy,autonomy,opaque_dependency_l4,evaluation_unseen_zero_shot,success,full_aassr,random,30,0.0,0.06016666666666667,-0.06016666666666667,-0.06566666666666666,-0.0545,-3.760374457240564,4.999750012499375e-05,True,0.00024998750062496874
autonomy,autonomy,opaque_dependency_l4,evaluation_unseen_zero_shot,steps,full_aassr,random,30,4.0,4.0,0.0,0.0,0.0,0.0,1.0,True,1.0
autonomy,autonomy,opaque_dependency_l4,evaluation_unseen_zero_shot,high_level_steps,full_aassr,random,30,4.0,4.0,0.0,0.0,0.0,0.0,1.0,True,1.0
autonomy,autonomy,opaque_dependency_l4,evaluation_unseen_zero_shot,primitive_steps,full_aassr,random,30,4.0,4.0,0.0,0.0,0.0,0.0,1.0,True,1.0
autonomy,autonomy,opaque_dependency_l4,evaluation_unseen_zero_shot,reward,full_aassr,random,30,0.0,0.06016666666666667,-0.06016666666666667,-0.06566666666666666,-0.0545,-3.760374457240564,4.999750012499375e-05,True,0.00024998750062496874
autonomy,autonomy,opaque_dependency_l4,evaluation_unseen_zero_shot,errors,full_aassr,random,30,0.0,0.0,0.0,0.0,0.0,0.0,1.0,True,1.0
autonomy,autonomy,opaque_dependency_l4,evaluation_unseen_zero_shot,repeats,full_aassr,random,30,0.0,0.0,0.0,0.0,0.0,0.0,1.0,True,1.0
autonomy,autonomy,opaque_dependency_l4,evaluation_unseen_zero_shot,prediction_score,full_aassr,random,30,0.0,0.0,0.0,0.0,0.0,0.0,1.0,True,1.0
autonomy,autonomy,opaque_dependency_l4,evaluation_unseen_zero_shot,holdout_score,full_aassr,random,30,1.0,0.0,1.0,0.9999999999999999,1.0,1.7751104772046158e+16,4.999750012499375e-05,True,0.00014999250037498125
autonomy,autonomy,opaque_dependency_l4,evaluation_unseen_zero_shot,imagined_nodes,full_aassr,random,30,0.0,0.0,0.0,0.0,0.0,0.0,1.0,True,1.0
autonomy,autonomy,opaque_dependency_l4,evaluation_unseen_zero_shot,imagination_depth,full_aassr,random,30,0.0,0.0,0.0,0.0,0.0,0.0,1.0,True,1.0
autonomy,autonomy,opaque_dependency_l4,evaluation_unseen_zero_shot,actual_return,full_aassr,random,30,0.0,0.06016666666666667,-0.06016666666666667,-0.06583333333333334,-0.05466666666666667,-3.760374457240564,4.999750012499375e-05,True,0.00024998750062496874
autonomy,autonomy,opaque_dependency_l4,evaluation_unseen_zero_shot,runtime_seconds,full_aassr,random,30,0.0022838783166953367,0.0020371471665712308,0.00024673115012410567,0.0001433236666149849,0.0003499711836338975,0.8194700093223845,0.000199990000499975,True,0.00039998000099995
autonomy,autonomy,opaque_dependency_l4,evaluation_unseen_zero_shot,real_transitions,full_aassr,random,30,4.0,4.0,0.0,0.0,0.0,0.0,1.0,True,1.0
autonomy,autonomy,opaque_dependency_l4,evaluation_unseen_zero_shot,imagined_transitions,full_aassr,random,30,0.0,0.0,0.0,0.0,0.0,0.0,1.0,True,1.0
autonomy,autonomy,opaque_dependency_l4,evaluation_unseen_zero_shot,action_proposals,full_aassr,random,30,4.0,4.0,0.0,0.0,0.0,0.0,1.0,True,1.0
autonomy,autonomy,opaque_dependency_l4,evaluation_unseen_zero_shot,repeat_rate,full_aassr,random,30,0.0,0.0,0.0,0.0,0.0,0.0,1.0,True,1.0
autonomy,autonomy,opaque_dependency_l4,evaluation_unseen_zero_shot,error_rate,full_aassr,random,30,0.0,0.0,0.0,0.0,0.0,0.0,1.0,True,1.0
autonomy,autonomy,opaque_dependency_l4,training,success,full_aassr,contextual_policy,30,0.6149166666666667,0.6542666666666667,-0.039349999999999996,-0.0571,-0.023066666666666655,-0.8273259991098784,4.999750012499375e-05,True,0.00024998750062496874
autonomy,autonomy,opaque_dependency_l4,training,steps,full_aassr,contextual_policy,30,4.0,4.0,0.0,0.0,0.0,0.0,1.0,True,1.0
autonomy,autonomy,opaque_dependency_l4,training,high_level_steps,full_aassr,contextual_policy,30,4.0,4.0,0.0,0.0,0.0,0.0,1.0,True,1.0
autonomy,autonomy,opaque_dependency_l4,training,primitive_steps,full_aassr,contextual_policy,30,4.0,4.0,0.0,0.0,0.0,0.0,1.0,True,1.0
autonomy,autonomy,opaque_dependency_l4,training,reward,full_aassr,contextual_policy,30,0.6149166666666667,0.6542666666666667,-0.039349999999999996,-0.056416666666666664,-0.02283333333333332,-0.8273259991098784,0.00024998750062496874,True,0.00024998750062496874
autonomy,autonomy,opaque_dependency_l4,training,errors,full_aassr,contextual_policy,30,0.0,0.0,0.0,0.0,0.0,0.0,1.0,True,1.0
autonomy,autonomy,opaque_dependency_l4,training,repeats,full_aassr,contextual_policy,30,0.0,0.0,0.0,0.0,0.0,0.0,1.0,True,1.0
autonomy,autonomy,opaque_dependency_l4,training,prediction_score,full_aassr,contextual_policy,30,0.9899708333333332,0.0,0.9899708333333332,0.9898166666666667,0.9901375,2150.3671040294453,4.999750012499375e-05,True,0.00024998750062496874
autonomy,autonomy,opaque_dependency_l4,training,holdout_score,full_aassr,contextual_policy,30,0.12354244748486681,0.0,0.12354244748486681,0.12345445173451937,0.12362480761947366,507.9425708640353,4.999750012499375e-05,True,0.00024998750062496874
autonomy,autonomy,opaque_dependency_l4,training,holdout_gain,full_aassr,contextual_policy,30,1.4041534820127272e-05,0.0,1.4041534820127272e-05,1.1105633395028646e-05,1.7170510926697936e-05,1.625732056089044,4.999750012499375e-05,True,0.00024998750062496874
autonomy,autonomy,opaque_dependency_l4,training,imagined_nodes,full_aassr,contextual_policy,30,42.552083333333336,0.0,42.552083333333336,42.4524,42.653483333333334,152.5879922975718,4.999750012499375e-05,True,0.00024998750062496874
autonomy,autonomy,opaque_dependency_l4,training,imagination_depth,full_aassr,contextual_policy,30,3.5152,0.0,3.5152,3.509066666666667,3.5212333333333334,206.17708875778186,4.999750012499375e-05,True,0.00024998750062496874
autonomy,autonomy,opaque_dependency_l4,training,actual_return,full_aassr,contextual_policy,30,0.6149166666666667,0.6542666666666667,-0.039349999999999996,-0.056549999999999996,-0.022666666666666665,-0.8273259991098784,9.99950002499875e-05,True,0.00024998750062496874
autonomy,autonomy,opaque_dependency_l4,training,runtime_seconds,full_aassr,contextual_policy,30,0.0021046374149688444,0.00027079407000370946,0.0018338433449651347,0.0017991022950436066,0.0018690296300754804,18.47024480613927,4.999750012499375e-05,True,0.00024998750062496874
autonomy,autonomy,opaque_dependency_l4,training,real_transitions,full_aassr,contextual_policy,30,4.0,4.0,0.0,0.0,0.0,0.0,1.0,True,1.0
autonomy,autonomy,opaque_dependency_l4,training,imagined_transitions,full_aassr,contextual_policy,30,42.552083333333336,0.0,42.552083333333336,42.45328333333334,42.65136666666667,152.5879922975718,4.999750012499375e-05,True,0.00024998750062496874
autonomy,autonomy,opaque_dependency_l4,training,action_proposals,full_aassr,contextual_policy,30,4.0,4.0,0.0,0.0,0.0,0.0,1.0,True,1.0
autonomy,autonomy,opaque_dependency_l4,training,repeat_rate,full_aassr,contextual_policy,30,0.0,0.0,0.0,0.0,0.0,0.0,1.0,True,1.0
autonomy,autonomy,opaque_dependency_l4,training,error_rate,full_aassr,contextual_policy,30,0.0,0.0,0.0,0.0,0.0,0.0,1.0,True,1.0
autonomy,autonomy,opaque_dependency_l4,training,learning_auc,full_aassr,contextual_policy,30,0.615007503751876,0.6543688510922128,-0.03936134734033684,-0.05638652659663167,-0.02315324328831083,-0.8272848782953109,0.00014999250037498125,True,0.00024998750062496874
autonomy,autonomy,opaque_dependency_l4,training,final_tail_success,full_aassr,contextual_policy,30,0.8510000000000001,0.9113333333333333,-0.060333333333333336,-0.08516666666666668,-0.03683333333333334,-0.8635877950031907,0.00014999250037498125,True,0.0002999850007499625
autonomy,autonomy,opaque_dependency_l4,training,first_success_real_transitions,full_aassr,contextual_policy,30,68.26666666666667,76.0,-7.733333333333333,-18.8,-0.13333333333333333,-0.27767301177260456,0.12759362031898405,True,0.4845757712114394
autonomy,autonomy,opaque_dependency_l4,training,success,full_aassr,dqn,30,0.6149166666666667,0.16031666666666666,0.4546,0.42528333333333335,0.48380000000000006,5.367228711508486,4.999750012499375e-05,True,0.00024998750062496874
autonomy,autonomy,opaque_dependency_l4,training,steps,full_aassr,dqn,30,4.0,4.0,0.0,0.0,0.0,0.0,1.0,True,1.0
autonomy,autonomy,opaque_dependency_l4,training,high_level_steps,full_aassr,dqn,30,4.0,4.0,0.0,0.0,0.0,0.0,1.0,True,1.0
autonomy,autonomy,opaque_dependency_l4,training,primitive_steps,full_aassr,dqn,30,4.0,4.0,0.0,0.0,0.0,0.0,1.0,True,1.0
autonomy,autonomy,opaque_dependency_l4,training,reward,full_aassr,dqn,30,0.6149166666666667,0.16031666666666666,0.4546,0.42385,0.48511666666666664,5.367228711508486,4.999750012499375e-05,True,0.00024998750062496874
autonomy,autonomy,opaque_dependency_l4,training,errors,full_aassr,dqn,30,0.0,0.0,0.0,0.0,0.0,0.0,1.0,True,1.0
autonomy,autonomy,opaque_dependency_l4,training,repeats,full_aassr,dqn,30,0.0,0.0,0.0,0.0,0.0,0.0,1.0,True,1.0
autonomy,autonomy,opaque_dependency_l4,training,prediction_score,full_aassr,dqn,30,0.9899708333333332,0.0,0.9899708333333332,0.9898125,0.9901333333333333,2150.3671040294453,4.999750012499375e-05,True,0.00024998750062496874
autonomy,autonomy,opaque_dependency_l4,training,holdout_score,full_aassr,dqn,30,0.12354244748486681,0.0,0.12354244748486681,0.12345442648576407,0.12362266453540349,507.9425708640353,4.999750012499375e-05,True,0.00024998750062496874
autonomy,autonomy,opaque_dependency_l4,training,holdout_gain,full_aassr,dqn,30,1.4041534820127272e-05,0.0,1.4041534820127272e-05,1.1121495729611836e-05,1.7214345438645775e-05,1.625732056089044,4.999750012499375e-05,True,0.00024998750062496874
autonomy,autonomy,opaque_dependency_l4,training,imagined_nodes,full_aassr,dqn,30,42.552083333333336,0.0,42.552083333333336,42.45451666666667,42.6475,152.5879922975718,4.999750012499375e-05,True,0.00024998750062496874
autonomy,autonomy,opaque_dependency_l4,training,imagination_depth,full_aassr,dqn,30,3.5152,0.0,3.5152,3.5092333333333334,3.5210333333333335,206.17708875778186,4.999750012499375e-05,True,0.00024998750062496874
autonomy,autonomy,opaque_dependency_l4,training,actual_return,full_aassr,dqn,30,0.6149166666666667,0.16031666666666666,0.4546,0.4248166666666667,0.4834333333333333,5.367228711508486,4.999750012499375e-05,True,0.00024998750062496874
autonomy,autonomy,opaque_dependency_l4,training,runtime_seconds,full_aassr,dqn,30,0.0021046374149688444,0.0051362109465970815,-0.003031573531628237,-0.0032252576000110517,-0.002875048379939108,-6.012921453221167,4.999750012499375e-05,True,0.00024998750062496874
autonomy,autonomy,opaque_dependency_l4,training,real_transitions,full_aassr,dqn,30,4.0,4.0,0.0,0.0,0.0,0.0,1.0,True,1.0
autonomy,autonomy,opaque_dependency_l4,training,imagined_transitions,full_aassr,dqn,30,42.552083333333336,0.0,42.552083333333336,42.45793333333334,42.65226666666667,152.5879922975718,4.999750012499375e-05,True,0.00024998750062496874
autonomy,autonomy,opaque_dependency_l4,training,action_proposals,full_aassr,dqn,30,4.0,4.0,0.0,0.0,0.0,0.0,1.0,True,1.0
autonomy,autonomy,opaque_dependency_l4,training,repeat_rate,full_aassr,dqn,30,0.0,0.0,0.0,0.0,0.0,0.0,1.0,True,1.0
autonomy,autonomy,opaque_dependency_l4,training,error_rate,full_aassr,dqn,30,0.0,0.0,0.0,0.0,0.0,0.0,1.0,True,1.0
autonomy,autonomy,opaque_dependency_l4,training,learning_auc,full_aassr,dqn,30,0.615007503751876,0.16028847757211942,0.45471902617975657,0.423778555944639,0.4852342838085709,5.369044389742707,4.999750012499375e-05,True,0.00024998750062496874
autonomy,autonomy,opaque_dependency_l4,training,final_tail_success,full_aassr,dqn,30,0.8510000000000001,0.2725,0.5785,0.5193333333333333,0.6346666666666666,3.4604871384506666,4.999750012499375e-05,True,0.00024998750062496874
autonomy,autonomy,opaque_dependency_l4,training,first_success_real_transitions,full_aassr,dqn,30,68.26666666666667,67.46666666666667,0.8,-21.866666666666667,27.066666666666666,0.011570435966680457,0.9615519224038798,True,1.0
autonomy,autonomy,opaque_dependency_l4,training,success,full_aassr,prophecy_no_imagination,30,0.6149166666666667,0.6540833333333332,-0.03916666666666666,-0.056616666666666655,-0.023083333333333324,-0.8259706506955781,9.99950002499875e-05,True,0.00024998750062496874
autonomy,autonomy,opaque_dependency_l4,training,steps,full_aassr,prophecy_no_imagination,30,4.0,4.0,0.0,0.0,0.0,0.0,1.0,True,1.0
autonomy,autonomy,opaque_dependency_l4,training,high_level_steps,full_aassr,prophecy_no_imagination,30,4.0,4.0,0.0,0.0,0.0,0.0,1.0,True,1.0
autonomy,autonomy,opaque_dependency_l4,training,primitive_steps,full_aassr,prophecy_no_imagination,30,4.0,4.0,0.0,0.0,0.0,0.0,1.0,True,1.0
autonomy,autonomy,opaque_dependency_l4,training,reward,full_aassr,prophecy_no_imagination,30,0.6149166666666667,0.6540833333333332,-0.03916666666666666,-0.05583333333333333,-0.022383333333333314,-0.8259706506955781,9.99950002499875e-05,True,0.00024998750062496874
autonomy,autonomy,opaque_dependency_l4,training,errors,full_aassr,prophecy_no_imagination,30,0.0,0.0,0.0,0.0,0.0,0.0,1.0,True,1.0
autonomy,autonomy,opaque_dependency_l4,training,repeats,full_aassr,prophecy_no_imagination,30,0.0,0.0,0.0,0.0,0.0,0.0,1.0,True,1.0
autonomy,autonomy,opaque_dependency_l4,training,prediction_score,full_aassr,prophecy_no_imagination,30,0.9899708333333332,0.9899916666666666,-2.083333333332919e-05,-6.249999999999126e-05,8.333333333336117e-06,-0.19986221148896954,0.4970251487425629,True,0.4970251487425629
autonomy,autonomy,opaque_dependency_l4,training,holdout_score,full_aassr,prophecy_no_imagination,30,0.12354244748486681,0.12354695025501776,-4.502770150941379e-06,-3.9133855789082644e-05,2.3325291939499855e-05,-0.049900817513888945,0.8374081295935203,True,0.8374081295935203
autonomy,autonomy,opaque_dependency_l4,training,holdout_gain,full_aassr,prophecy_no_imagination,30,1.4041534820127272e-05,1.3852140880733334e-05,1.8939393939393877e-07,-1.8352380523843173e-21,5.681818181818182e-07,0.1825741858350549,1.0,True,1.0
autonomy,autonomy,opaque_dependency_l4,training,imagined_nodes,full_aassr,prophecy_no_imagination,30,42.552083333333336,0.0,42.552083333333336,42.45401666666667,42.6529,152.5879922975718,4.999750012499375e-05,True,0.00024998750062496874
autonomy,autonomy,opaque_dependency_l4,training,imagination_depth,full_aassr,prophecy_no_imagination,30,3.5152,0.0,3.5152,3.5091666666666668,3.5210999999999997,206.17708875778186,4.999750012499375e-05,True,0.00024998750062496874
autonomy,autonomy,opaque_dependency_l4,training,actual_return,full_aassr,prophecy_no_imagination,30,0.6149166666666667,0.6540833333333332,-0.03916666666666666,-0.05616666666666667,-0.023466666666666657,-0.8259706506955781,4.999750012499375e-05,True,0.00024998750062496874
autonomy,autonomy,opaque_dependency_l4,training,runtime_seconds,full_aassr,prophecy_no_imagination,30,0.0021046374149688444,0.0008153050232853274,0.0012893323916835168,0.0012577538567464215,0.0013208061149154674,14.5128919884125,4.999750012499375e-05,True,0.00024998750062496874
autonomy,autonomy,opaque_dependency_l4,training,real_transitions,full_aassr,prophecy_no_imagination,30,4.0,4.0,0.0,0.0,0.0,0.0,1.0,True,1.0
autonomy,autonomy,opaque_dependency_l4,training,imagined_transitions,full_aassr,prophecy_no_imagination,30,42.552083333333336,0.0,42.552083333333336,42.45036666666667,42.651066666666665,152.5879922975718,4.999750012499375e-05,True,0.00024998750062496874
autonomy,autonomy,opaque_dependency_l4,training,action_proposals,full_aassr,prophecy_no_imagination,30,4.0,4.0,0.0,0.0,0.0,0.0,1.0,True,1.0
autonomy,autonomy,opaque_dependency_l4,training,repeat_rate,full_aassr,prophecy_no_imagination,30,0.0,0.0,0.0,0.0,0.0,0.0,1.0,True,1.0
autonomy,autonomy,opaque_dependency_l4,training,error_rate,full_aassr,prophecy_no_imagination,30,0.0,0.0,0.0,0.0,0.0,0.0,1.0,True,1.0
autonomy,autonomy,opaque_dependency_l4,training,learning_auc,full_aassr,prophecy_no_imagination,30,0.615007503751876,0.6541854260463565,-0.039177922294480576,-0.05656995164248791,-0.02266966816741704,-0.8259301730449077,9.99950002499875e-05,True,0.00024998750062496874
autonomy,autonomy,opaque_dependency_l4,training,final_tail_success,full_aassr,prophecy_no_imagination,30,0.8510000000000001,0.9113333333333333,-0.060333333333333336,-0.08483333333333333,-0.03666666666666667,-0.8635877950031907,0.000199990000499975,True,0.0002999850007499625
autonomy,autonomy,opaque_dependency_l4,training,first_success_real_transitions,full_aassr,prophecy_no_imagination,30,68.26666666666667,76.0,-7.733333333333333,-18.666666666666668,-0.13333333333333333,-0.27767301177260456,0.12114394280285985,True,0.4845757712114394
autonomy,autonomy,opaque_dependency_l4,training,success,full_aassr,q_learning,30,0.6149166666666667,0.1267,0.48821666666666663,0.46413333333333334,0.5144666666666666,6.866637309927723,4.999750012499375e-05,True,0.00024998750062496874
autonomy,autonomy,opaque_dependency_l4,training,steps,full_aassr,q_learning,30,4.0,4.0,0.0,0.0,0.0,0.0,1.0,True,1.0
autonomy,autonomy,opaque_dependency_l4,training,high_level_steps,full_aassr,q_learning,30,4.0,4.0,0.0,0.0,0.0,0.0,1.0,True,1.0
autonomy,autonomy,opaque_dependency_l4,training,primitive_steps,full_aassr,q_learning,30,4.0,4.0,0.0,0.0,0.0,0.0,1.0,True,1.0
autonomy,autonomy,opaque_dependency_l4,training,reward,full_aassr,q_learning,30,0.6149166666666667,0.1267,0.48821666666666663,0.46385,0.5141833333333333,6.866637309927723,4.999750012499375e-05,True,0.00024998750062496874
autonomy,autonomy,opaque_dependency_l4,training,errors,full_aassr,q_learning,30,0.0,0.0,0.0,0.0,0.0,0.0,1.0,True,1.0
autonomy,autonomy,opaque_dependency_l4,training,repeats,full_aassr,q_learning,30,0.0,0.0,0.0,0.0,0.0,0.0,1.0,True,1.0
autonomy,autonomy,opaque_dependency_l4,training,prediction_score,full_aassr,q_learning,30,0.9899708333333332,0.0,0.9899708333333332,0.9898125,0.9901333333333333,2150.3671040294453,4.999750012499375e-05,True,0.00024998750062496874
autonomy,autonomy,opaque_dependency_l4,training,holdout_score,full_aassr,q_learning,30,0.12354244748486681,0.0,0.12354244748486681,0.12345196011743813,0.12362320959205547,507.9425708640353,4.999750012499375e-05,True,0.00024998750062496874
autonomy,autonomy,opaque_dependency_l4,training,holdout_gain,full_aassr,q_learning,30,1.4041534820127272e-05,0.0,1.4041534820127272e-05,1.1057298210766644e-05,1.7141549810526806e-05,1.625732056089044,4.999750012499375e-05,True,0.00024998750062496874
autonomy,autonomy,opaque_dependency_l4,training,imagined_nodes,full_aassr,q_learning,30,42.552083333333336,0.0,42.552083333333336,42.454299999999996,42.64946666666666,152.5879922975718,4.999750012499375e-05,True,0.00024998750062496874
autonomy,autonomy,opaque_dependency_l4,training,imagination_depth,full_aassr,q_learning,30,3.5152,0.0,3.5152,3.50915,3.5211166666666665,206.17708875778186,4.999750012499375e-05,True,0.00024998750062496874
autonomy,autonomy,opaque_dependency_l4,training,actual_return,full_aassr,q_learning,30,0.6149166666666667,0.1267,0.48821666666666663,0.46456666666666663,0.51325,6.866637309927723,4.999750012499375e-05,True,0.00024998750062496874
autonomy,autonomy,opaque_dependency_l4,training,runtime_seconds,full_aassr,q_learning,30,0.0021046374149688444,0.00014944807834544916,0.001955189336623395,0.001921772543246819,0.001988576601699848,20.773704256374284,4.999750012499375e-05,True,0.00024998750062496874
autonomy,autonomy,opaque_dependency_l4,training,real_transitions,full_aassr,q_learning,30,4.0,4.0,0.0,0.0,0.0,0.0,1.0,True,1.0
autonomy,autonomy,opaque_dependency_l4,training,imagined_transitions,full_aassr,q_learning,30,42.552083333333336,0.0,42.552083333333336,42.453716666666665,42.6526,152.5879922975718,4.999750012499375e-05,True,0.00024998750062496874
autonomy,autonomy,opaque_dependency_l4,training,action_proposals,full_aassr,q_learning,30,4.0,4.0,0.0,0.0,0.0,0.0,1.0,True,1.0
autonomy,autonomy,opaque_dependency_l4,training,repeat_rate,full_aassr,q_learning,30,0.0,0.0,0.0,0.0,0.0,0.0,1.0,True,1.0
autonomy,autonomy,opaque_dependency_l4,training,error_rate,full_aassr,q_learning,30,0.0,0.0,0.0,0.0,0.0,0.0,1.0,True,1.0
autonomy,autonomy,opaque_dependency_l4,training,learning_auc,full_aassr,q_learning,30,0.615007503751876,0.12669668167417042,0.48831082207770554,0.46400700350175084,0.5134317158579289,6.868624921125549,4.999750012499375e-05,True,0.00024998750062496874
autonomy,autonomy,opaque_dependency_l4,training,final_tail_success,full_aassr,q_learning,30,0.8510000000000001,0.17966666666666667,0.6713333333333333,0.6288333333333334,0.7138333333333333,5.480489877157203,4.999750012499375e-05,True,0.00024998750062496874
autonomy,autonomy,opaque_dependency_l4,training,first_success_real_transitions,full_aassr,q_learning,30,68.26666666666667,97.33333333333333,-29.066666666666666,-56.266666666666666,-7.466666666666667,-0.42286261321342544,0.012149392530373481,True,0.06074696265186741
autonomy,autonomy,opaque_dependency_l4,training,success,full_aassr,random,30,0.6149166666666667,0.0626,0.5523166666666667,0.5333166666666667,0.5708,10.414982524192487,4.999750012499375e-05,True,0.00024998750062496874
autonomy,autonomy,opaque_dependency_l4,training,steps,full_aassr,random,30,4.0,4.0,0.0,0.0,0.0,0.0,1.0,True,1.0
autonomy,autonomy,opaque_dependency_l4,training,high_level_steps,full_aassr,random,30,4.0,4.0,0.0,0.0,0.0,0.0,1.0,True,1.0
autonomy,autonomy,opaque_dependency_l4,training,primitive_steps,full_aassr,random,30,4.0,4.0,0.0,0.0,0.0,0.0,1.0,True,1.0
autonomy,autonomy,opaque_dependency_l4,training,reward,full_aassr,random,30,0.6149166666666667,0.0626,0.5523166666666667,0.5331333333333333,0.5697833333333333,10.414982524192487,4.999750012499375e-05,True,0.00024998750062496874
autonomy,autonomy,opaque_dependency_l4,training,errors,full_aassr,random,30,0.0,0.0,0.0,0.0,0.0,0.0,1.0,True,1.0
autonomy,autonomy,opaque_dependency_l4,training,repeats,full_aassr,random,30,0.0,0.0,0.0,0.0,0.0,0.0,1.0,True,1.0
autonomy,autonomy,opaque_dependency_l4,training,prediction_score,full_aassr,random,30,0.9899708333333332,0.0,0.9899708333333332,0.9898125,0.9901375,2150.3671040294453,4.999750012499375e-05,True,0.00024998750062496874
autonomy,autonomy,opaque_dependency_l4,training,holdout_score,full_aassr,random,30,0.12354244748486681,0.0,0.12354244748486681,0.12345242748997011,0.1236247981575434,507.9425708640353,4.999750012499375e-05,True,0.00024998750062496874
autonomy,autonomy,opaque_dependency_l4,training,holdout_gain,full_aassr,random,30,1.4041534820127272e-05,0.0,1.4041534820127272e-05,1.1049449201174511e-05,1.710110892237972e-05,1.625732056089044,4.999750012499375e-05,True,0.00024998750062496874
autonomy,autonomy,opaque_dependency_l4,training,imagined_nodes,full_aassr,random,30,42.552083333333336,0.0,42.552083333333336,42.45381666666666,42.64751666666667,152.5879922975718,4.999750012499375e-05,True,0.00024998750062496874
autonomy,autonomy,opaque_dependency_l4,training,imagination_depth,full_aassr,random,30,3.5152,0.0,3.5152,3.50915,3.521166666666667,206.17708875778186,4.999750012499375e-05,True,0.00024998750062496874
autonomy,autonomy,opaque_dependency_l4,training,actual_return,full_aassr,random,30,0.6149166666666667,0.0626,0.5523166666666667,0.5333,0.57045,10.414982524192487,4.999750012499375e-05,True,0.00024998750062496874
autonomy,autonomy,opaque_dependency_l4,training,runtime_seconds,full_aassr,random,30,0.0021046374149688444,0.00019333591174169366,0.0019113015032271507,0.0018793491032964085,0.0019433758348988098,20.496883662030747,4.999750012499375e-05,True,0.00024998750062496874
autonomy,autonomy,opaque_dependency_l4,training,real_transitions,full_aassr,random,30,4.0,4.0,0.0,0.0,0.0,0.0,1.0,True,1.0
autonomy,autonomy,opaque_dependency_l4,training,imagined_transitions,full_aassr,random,30,42.552083333333336,0.0,42.552083333333336,42.452416666666664,42.65205,152.5879922975718,4.999750012499375e-05,True,0.00024998750062496874
autonomy,autonomy,opaque_dependency_l4,training,action_proposals,full_aassr,random,30,4.0,4.0,0.0,0.0,0.0,0.0,1.0,True,1.0
autonomy,autonomy,opaque_dependency_l4,training,repeat_rate,full_aassr,random,30,0.0,0.0,0.0,0.0,0.0,0.0,1.0,True,1.0
autonomy,autonomy,opaque_dependency_l4,training,error_rate,full_aassr,random,30,0.0,0.0,0.0,0.0,0.0,0.0,1.0,True,1.0
autonomy,autonomy,opaque_dependency_l4,training,learning_auc,full_aassr,random,30,0.615007503751876,0.06259796564949141,0.5524095381023846,0.533525095881274,0.5704769051192263,10.416133842077938,4.999750012499375e-05,True,0.00024998750062496874
autonomy,autonomy,opaque_dependency_l4,training,final_tail_success,full_aassr,random,30,0.8510000000000001,0.06416666666666666,0.7868333333333334,0.7591666666666668,0.8126666666666666,10.462315899901622,4.999750012499375e-05,True,0.00024998750062496874
autonomy,autonomy,opaque_dependency_l4,training,first_success_real_transitions,full_aassr,random,30,68.26666666666667,75.33333333333333,-7.066666666666666,-47.6,30.933333333333334,-0.06391090126445786,0.736313184340783,True,1.0
autonomy,autonomy,opaque_dependency_l6,evaluation_seen,success,full_aassr,contextual_policy,30,0.0,0.0,0.0,0.0,0.0,0.0,1.0,True,1.0
autonomy,autonomy,opaque_dependency_l6,evaluation_seen,steps,full_aassr,contextual_policy,30,6.0,6.0,0.0,0.0,0.0,0.0,1.0,True,1.0
autonomy,autonomy,opaque_dependency_l6,evaluation_seen,high_level_steps,full_aassr,contextual_policy,30,6.0,6.0,0.0,0.0,0.0,0.0,1.0,True,1.0
autonomy,autonomy,opaque_dependency_l6,evaluation_seen,primitive_steps,full_aassr,contextual_policy,30,6.0,6.0,0.0,0.0,0.0,0.0,1.0,True,1.0
autonomy,autonomy,opaque_dependency_l6,evaluation_seen,reward,full_aassr,contextual_policy,30,0.0,0.0,0.0,0.0,0.0,0.0,1.0,True,1.0
autonomy,autonomy,opaque_dependency_l6,evaluation_seen,errors,full_aassr,contextual_policy,30,0.0,0.0,0.0,0.0,0.0,0.0,1.0,True,1.0
autonomy,autonomy,opaque_dependency_l6,evaluation_seen,repeats,full_aassr,contextual_policy,30,0.0,0.0,0.0,0.0,0.0,0.0,1.0,True,1.0
autonomy,autonomy,opaque_dependency_l6,evaluation_seen,prediction_score,full_aassr,contextual_policy,30,0.0,0.0,0.0,0.0,0.0,0.0,1.0,True,1.0
autonomy,autonomy,opaque_dependency_l6,evaluation_seen,holdout_score,full_aassr,contextual_policy,30,1.0,0.0,1.0,1.0,1.0,0.0,4.999750012499375e-05,True,0.00014999250037498125
autonomy,autonomy,opaque_dependency_l6,evaluation_seen,imagined_nodes,full_aassr,contextual_policy,30,0.0,0.0,0.0,0.0,0.0,0.0,1.0,True,1.0
autonomy,autonomy,opaque_dependency_l6,evaluation_seen,imagination_depth,full_aassr,contextual_policy,30,0.0,0.0,0.0,0.0,0.0,0.0,1.0,True,1.0
autonomy,autonomy,opaque_dependency_l6,evaluation_seen,actual_return,full_aassr,contextual_policy,30,0.0,0.0,0.0,0.0,0.0,0.0,1.0,True,1.0
autonomy,autonomy,opaque_dependency_l6,evaluation_seen,runtime_seconds,full_aassr,contextual_policy,30,0.0035206789165919566,0.0033659248834834823,0.00015475403310847465,-1.3192683637801872e-05,0.0003302101000687496,0.31722661384042694,0.09214539273036348,True,0.18429078546072697
autonomy,autonomy,opaque_dependency_l6,evaluation_seen,real_transitions,full_aassr,contextual_policy,30,6.0,6.0,0.0,0.0,0.0,0.0,1.0,True,1.0
autonomy,autonomy,opaque_dependency_l6,evaluation_seen,imagined_transitions,full_aassr,contextual_policy,30,0.0,0.0,0.0,0.0,0.0,0.0,1.0,True,1.0
autonomy,autonomy,opaque_dependency_l6,evaluation_seen,action_proposals,full_aassr,contextual_policy,30,6.0,6.0,0.0,0.0,0.0,0.0,1.0,True,1.0
autonomy,autonomy,opaque_dependency_l6,evaluation_seen,repeat_rate,full_aassr,contextual_policy,30,0.0,0.0,0.0,0.0,0.0,0.0,1.0,True,1.0
autonomy,autonomy,opaque_dependency_l6,evaluation_seen,error_rate,full_aassr,contextual_policy,30,0.0,0.0,0.0,0.0,0.0,0.0,1.0,True,1.0
autonomy,autonomy,opaque_dependency_l6,evaluation_seen,success,full_aassr,dqn,30,0.0,0.0,0.0,0.0,0.0,0.0,1.0,True,1.0
autonomy,autonomy,opaque_dependency_l6,evaluation_seen,steps,full_aassr,dqn,30,6.0,6.0,0.0,0.0,0.0,0.0,1.0,True,1.0
autonomy,autonomy,opaque_dependency_l6,evaluation_seen,high_level_steps,full_aassr,dqn,30,6.0,6.0,0.0,0.0,0.0,0.0,1.0,True,1.0
autonomy,autonomy,opaque_dependency_l6,evaluation_seen,primitive_steps,full_aassr,dqn,30,6.0,6.0,0.0,0.0,0.0,0.0,1.0,True,1.0
autonomy,autonomy,opaque_dependency_l6,evaluation_seen,reward,full_aassr,dqn,30,0.0,0.0,0.0,0.0,0.0,0.0,1.0,True,1.0
autonomy,autonomy,opaque_dependency_l6,evaluation_seen,errors,full_aassr,dqn,30,0.0,0.0,0.0,0.0,0.0,0.0,1.0,True,1.0
autonomy,autonomy,opaque_dependency_l6,evaluation_seen,repeats,full_aassr,dqn,30,0.0,0.0,0.0,0.0,0.0,0.0,1.0,True,1.0
autonomy,autonomy,opaque_dependency_l6,evaluation_seen,imagined_nodes,full_aassr,dqn,30,0.0,0.0,0.0,0.0,0.0,0.0,1.0,True,1.0
autonomy,autonomy,opaque_dependency_l6,evaluation_seen,imagination_depth,full_aassr,dqn,30,0.0,0.0,0.0,0.0,0.0,0.0,1.0,True,1.0
autonomy,autonomy,opaque_dependency_l6,evaluation_seen,actual_return,full_aassr,dqn,30,0.0,0.0,0.0,0.0,0.0,0.0,1.0,True,1.0
autonomy,autonomy,opaque_dependency_l6,evaluation_seen,runtime_seconds,full_aassr,dqn,30,0.0035206789165919566,0.0022607115168793825,0.0012599673997125743,0.0011059804164833622,0.0014159673661197302,2.882796142322569,4.999750012499375e-05,True,0.00024998750062496874
autonomy,autonomy,opaque_dependency_l6,evaluation_seen,real_transitions,full_aassr,dqn,30,6.0,6.0,0.0,0.0,0.0,0.0,1.0,True,1.0
autonomy,autonomy,opaque_dependency_l6,evaluation_seen,imagined_transitions,full_aassr,dqn,30,0.0,0.0,0.0,0.0,0.0,0.0,1.0,True,1.0
autonomy,autonomy,opaque_dependency_l6,evaluation_seen,action_proposals,full_aassr,dqn,30,6.0,6.0,0.0,0.0,0.0,0.0,1.0,True,1.0
autonomy,autonomy,opaque_dependency_l6,evaluation_seen,repeat_rate,full_aassr,dqn,30,0.0,0.0,0.0,0.0,0.0,0.0,1.0,True,1.0
autonomy,autonomy,opaque_dependency_l6,evaluation_seen,error_rate,full_aassr,dqn,30,0.0,0.0,0.0,0.0,0.0,0.0,1.0,True,1.0
autonomy,autonomy,opaque_dependency_l6,evaluation_seen,success,full_aassr,prophecy_no_imagination,30,0.0,0.0,0.0,0.0,0.0,0.0,1.0,True,1.0
autonomy,autonomy,opaque_dependency_l6,evaluation_seen,steps,full_aassr,prophecy_no_imagination,30,6.0,6.0,0.0,0.0,0.0,0.0,1.0,True,1.0
autonomy,autonomy,opaque_dependency_l6,evaluation_seen,high_level_steps,full_aassr,prophecy_no_imagination,30,6.0,6.0,0.0,0.0,0.0,0.0,1.0,True,1.0
autonomy,autonomy,opaque_dependency_l6,evaluation_seen,primitive_steps,full_aassr,prophecy_no_imagination,30,6.0,6.0,0.0,0.0,0.0,0.0,1.0,True,1.0
autonomy,autonomy,opaque_dependency_l6,evaluation_seen,reward,full_aassr,prophecy_no_imagination,30,0.0,0.0,0.0,0.0,0.0,0.0,1.0,True,1.0
autonomy,autonomy,opaque_dependency_l6,evaluation_seen,errors,full_aassr,prophecy_no_imagination,30,0.0,0.0,0.0,0.0,0.0,0.0,1.0,True,1.0
autonomy,autonomy,opaque_dependency_l6,evaluation_seen,repeats,full_aassr,prophecy_no_imagination,30,0.0,0.0,0.0,0.0,0.0,0.0,1.0,True,1.0
autonomy,autonomy,opaque_dependency_l6,evaluation_seen,prediction_score,full_aassr,prophecy_no_imagination,30,0.0,0.0,0.0,0.0,0.0,0.0,1.0,True,1.0
autonomy,autonomy,opaque_dependency_l6,evaluation_seen,holdout_score,full_aassr,prophecy_no_imagination,30,1.0,1.0,0.0,0.0,0.0,0.0,1.0,True,1.0
autonomy,autonomy,opaque_dependency_l6,evaluation_seen,imagined_nodes,full_aassr,prophecy_no_imagination,30,0.0,0.0,0.0,0.0,0.0,0.0,1.0,True,1.0
autonomy,autonomy,opaque_dependency_l6,evaluation_seen,imagination_depth,full_aassr,prophecy_no_imagination,30,0.0,0.0,0.0,0.0,0.0,0.0,1.0,True,1.0
autonomy,autonomy,opaque_dependency_l6,evaluation_seen,actual_return,full_aassr,prophecy_no_imagination,30,0.0,0.0,0.0,0.0,0.0,0.0,1.0,True,1.0
autonomy,autonomy,opaque_dependency_l6,evaluation_seen,runtime_seconds,full_aassr,prophecy_no_imagination,30,0.0035206789165919566,0.003652461166483893,-0.00013178224989193648,-0.0003103770329277419,5.257368353098468e-05,-0.2514702571692049,0.176141192940353,True,0.18429078546072697
autonomy,autonomy,opaque_dependency_l6,evaluation_seen,real_transitions,full_aassr,prophecy_no_imagination,30,6.0,6.0,0.0,0.0,0.0,0.0,1.0,True,1.0
autonomy,autonomy,opaque_dependency_l6,evaluation_seen,imagined_transitions,full_aassr,prophecy_no_imagination,30,0.0,0.0,0.0,0.0,0.0,0.0,1.0,True,1.0
autonomy,autonomy,opaque_dependency_l6,evaluation_seen,action_proposals,full_aassr,prophecy_no_imagination,30,6.0,6.0,0.0,0.0,0.0,0.0,1.0,True,1.0
autonomy,autonomy,opaque_dependency_l6,evaluation_seen,repeat_rate,full_aassr,prophecy_no_imagination,30,0.0,0.0,0.0,0.0,0.0,0.0,1.0,True,1.0
autonomy,autonomy,opaque_dependency_l6,evaluation_seen,error_rate,full_aassr,prophecy_no_imagination,30,0.0,0.0,0.0,0.0,0.0,0.0,1.0,True,1.0
autonomy,autonomy,opaque_dependency_l6,evaluation_seen,success,full_aassr,q_learning,30,0.0,0.0,0.0,0.0,0.0,0.0,1.0,True,1.0
autonomy,autonomy,opaque_dependency_l6,evaluation_seen,steps,full_aassr,q_learning,30,6.0,6.0,0.0,0.0,0.0,0.0,1.0,True,1.0
autonomy,autonomy,opaque_dependency_l6,evaluation_seen,high_level_steps,full_aassr,q_learning,30,6.0,6.0,0.0,0.0,0.0,0.0,1.0,True,1.0
autonomy,autonomy,opaque_dependency_l6,evaluation_seen,primitive_steps,full_aassr,q_learning,30,6.0,6.0,0.0,0.0,0.0,0.0,1.0,True,1.0
autonomy,autonomy,opaque_dependency_l6,evaluation_seen,reward,full_aassr,q_learning,30,0.0,0.0,0.0,0.0,0.0,0.0,1.0,True,1.0
autonomy,autonomy,opaque_dependency_l6,evaluation_seen,errors,full_aassr,q_learning,30,0.0,0.0,0.0,0.0,0.0,0.0,1.0,True,1.0
autonomy,autonomy,opaque_dependency_l6,evaluation_seen,repeats,full_aassr,q_learning,30,0.0,0.0,0.0,0.0,0.0,0.0,1.0,True,1.0
autonomy,autonomy,opaque_dependency_l6,evaluation_seen,imagined_nodes,full_aassr,q_learning,30,0.0,0.0,0.0,0.0,0.0,0.0,1.0,True,1.0
autonomy,autonomy,opaque_dependency_l6,evaluation_seen,imagination_depth,full_aassr,q_learning,30,0.0,0.0,0.0,0.0,0.0,0.0,1.0,True,1.0
autonomy,autonomy,opaque_dependency_l6,evaluation_seen,actual_return,full_aassr,q_learning,30,0.0,0.0,0.0,0.0,0.0,0.0,1.0,True,1.0
autonomy,autonomy,opaque_dependency_l6,evaluation_seen,runtime_seconds,full_aassr,q_learning,30,0.0035206789165919566,0.00018004820013205365,0.0033406307164599034,0.0032077586996019816,0.003474069816530876,8.884700847518411,4.999750012499375e-05,True,0.00024998750062496874
autonomy,autonomy,opaque_dependency_l6,evaluation_seen,real_transitions,full_aassr,q_learning,30,6.0,6.0,0.0,0.0,0.0,0.0,1.0,True,1.0
autonomy,autonomy,opaque_dependency_l6,evaluation_seen,imagined_transitions,full_aassr,q_learning,30,0.0,0.0,0.0,0.0,0.0,0.0,1.0,True,1.0
autonomy,autonomy,opaque_dependency_l6,evaluation_seen,action_proposals,full_aassr,q_learning,30,6.0,6.0,0.0,0.0,0.0,0.0,1.0,True,1.0
autonomy,autonomy,opaque_dependency_l6,evaluation_seen,repeat_rate,full_aassr,q_learning,30,0.0,0.0,0.0,0.0,0.0,0.0,1.0,True,1.0
autonomy,autonomy,opaque_dependency_l6,evaluation_seen,error_rate,full_aassr,q_learning,30,0.0,0.0,0.0,0.0,0.0,0.0,1.0,True,1.0
autonomy,autonomy,opaque_dependency_l6,evaluation_seen,success,full_aassr,random,30,0.0,0.015166666666666667,-0.015166666666666667,-0.018166666666666668,-0.012333333333333333,-1.8619490696840504,4.999750012499375e-05,True,0.00024998750062496874
autonomy,autonomy,opaque_dependency_l6,evaluation_seen,steps,full_aassr,random,30,6.0,6.0,0.0,0.0,0.0,0.0,1.0,True,1.0
autonomy,autonomy,opaque_dependency_l6,evaluation_seen,high_level_steps,full_aassr,random,30,6.0,6.0,0.0,0.0,0.0,0.0,1.0,True,1.0
autonomy,autonomy,opaque_dependency_l6,evaluation_seen,primitive_steps,full_aassr,random,30,6.0,6.0,0.0,0.0,0.0,0.0,1.0,True,1.0
autonomy,autonomy,opaque_dependency_l6,evaluation_seen,reward,full_aassr,random,30,0.0,0.015166666666666667,-0.015166666666666667,-0.018166666666666668,-0.0125,-1.8619490696840504,4.999750012499375e-05,True,0.00024998750062496874
autonomy,autonomy,opaque_dependency_l6,evaluation_seen,errors,full_aassr,random,30,0.0,0.0,0.0,0.0,0.0,0.0,1.0,True,1.0
autonomy,autonomy,opaque_dependency_l6,evaluation_seen,repeats,full_aassr,random,30,0.0,0.0,0.0,0.0,0.0,0.0,1.0,True,1.0
autonomy,autonomy,opaque_dependency_l6,evaluation_seen,prediction_score,full_aassr,random,30,0.0,0.0,0.0,0.0,0.0,0.0,1.0,True,1.0
autonomy,autonomy,opaque_dependency_l6,evaluation_seen,holdout_score,full_aassr,random,30,1.0,0.0,1.0,1.0,1.0,0.0,4.999750012499375e-05,True,0.00014999250037498125
autonomy,autonomy,opaque_dependency_l6,evaluation_seen,imagined_nodes,full_aassr,random,30,0.0,0.0,0.0,0.0,0.0,0.0,1.0,True,1.0
autonomy,autonomy,opaque_dependency_l6,evaluation_seen,imagination_depth,full_aassr,random,30,0.0,0.0,0.0,0.0,0.0,0.0,1.0,True,1.0
autonomy,autonomy,opaque_dependency_l6,evaluation_seen,actual_return,full_aassr,random,30,0.0,0.015166666666666667,-0.015166666666666667,-0.018166666666666668,-0.012333333333333333,-1.8619490696840504,4.999750012499375e-05,True,0.00024998750062496874
autonomy,autonomy,opaque_dependency_l6,evaluation_seen,runtime_seconds,full_aassr,random,30,0.0035206789165919566,0.0033056391333520876,0.00021503978323986905,4.4010500229584616e-05,0.00040079624924692326,0.42152124051461826,0.02744862756862157,True,0.08234588270586471
autonomy,autonomy,opaque_dependency_l6,evaluation_seen,real_transitions,full_aassr,random,30,6.0,6.0,0.0,0.0,0.0,0.0,1.0,True,1.0
autonomy,autonomy,opaque_dependency_l6,evaluation_seen,imagined_transitions,full_aassr,random,30,0.0,0.0,0.0,0.0,0.0,0.0,1.0,True,1.0
autonomy,autonomy,opaque_dependency_l6,evaluation_seen,action_proposals,full_aassr,random,30,6.0,6.0,0.0,0.0,0.0,0.0,1.0,True,1.0
autonomy,autonomy,opaque_dependency_l6,evaluation_seen,repeat_rate,full_aassr,random,30,0.0,0.0,0.0,0.0,0.0,0.0,1.0,True,1.0
autonomy,autonomy,opaque_dependency_l6,evaluation_seen,error_rate,full_aassr,random,30,0.0,0.0,0.0,0.0,0.0,0.0,1.0,True,1.0
autonomy,autonomy,opaque_dependency_l6,evaluation_unseen_zero_shot,success,full_aassr,contextual_policy,30,0.0,0.0,0.0,0.0,0.0,0.0,1.0,True,1.0
autonomy,autonomy,opaque_dependency_l6,evaluation_unseen_zero_shot,steps,full_aassr,contextual_policy,30,6.0,6.0,0.0,0.0,0.0,0.0,1.0,True,1.0
autonomy,autonomy,opaque_dependency_l6,evaluation_unseen_zero_shot,high_level_steps,full_aassr,contextual_policy,30,6.0,6.0,0.0,0.0,0.0,0.0,1.0,True,1.0
autonomy,autonomy,opaque_dependency_l6,evaluation_unseen_zero_shot,primitive_steps,full_aassr,contextual_policy,30,6.0,6.0,0.0,0.0,0.0,0.0,1.0,True,1.0
autonomy,autonomy,opaque_dependency_l6,evaluation_unseen_zero_shot,reward,full_aassr,contextual_policy,30,0.0,0.0,0.0,0.0,0.0,0.0,1.0,True,1.0
autonomy,autonomy,opaque_dependency_l6,evaluation_unseen_zero_shot,errors,full_aassr,contextual_policy,30,0.0,0.0,0.0,0.0,0.0,0.0,1.0,True,1.0
autonomy,autonomy,opaque_dependency_l6,evaluation_unseen_zero_shot,repeats,full_aassr,contextual_policy,30,0.0,0.0,0.0,0.0,0.0,0.0,1.0,True,1.0
autonomy,autonomy,opaque_dependency_l6,evaluation_unseen_zero_shot,prediction_score,full_aassr,contextual_policy,30,0.0,0.0,0.0,0.0,0.0,0.0,1.0,True,1.0
autonomy,autonomy,opaque_dependency_l6,evaluation_unseen_zero_shot,holdout_score,full_aassr,contextual_policy,30,1.0,0.0,1.0,1.0,1.0,0.0,4.999750012499375e-05,True,0.00014999250037498125
autonomy,autonomy,opaque_dependency_l6,evaluation_unseen_zero_shot,imagined_nodes,full_aassr,contextual_policy,30,0.0,0.0,0.0,0.0,0.0,0.0,1.0,True,1.0
autonomy,autonomy,opaque_dependency_l6,evaluation_unseen_zero_shot,imagination_depth,full_aassr,contextual_policy,30,0.0,0.0,0.0,0.0,0.0,0.0,1.0,True,1.0
autonomy,autonomy,opaque_dependency_l6,evaluation_unseen_zero_shot,actual_return,full_aassr,contextual_policy,30,0.0,0.0,0.0,0.0,0.0,0.0,1.0,True,1.0
autonomy,autonomy,opaque_dependency_l6,evaluation_unseen_zero_shot,runtime_seconds,full_aassr,contextual_policy,30,0.003600903599978968,0.0033112556001675935,0.00028964799981137424,0.00013028936631356679,0.00045150181631227807,0.63332325025201,0.0018999050047497626,True,0.003799810009499525
autonomy,autonomy,opaque_dependency_l6,evaluation_unseen_zero_shot,real_transitions,full_aassr,contextual_policy,30,6.0,6.0,0.0,0.0,0.0,0.0,1.0,True,1.0
autonomy,autonomy,opaque_dependency_l6,evaluation_unseen_zero_shot,imagined_transitions,full_aassr,contextual_policy,30,0.0,0.0,0.0,0.0,0.0,0.0,1.0,True,1.0
autonomy,autonomy,opaque_dependency_l6,evaluation_unseen_zero_shot,action_proposals,full_aassr,contextual_policy,30,6.0,6.0,0.0,0.0,0.0,0.0,1.0,True,1.0
autonomy,autonomy,opaque_dependency_l6,evaluation_unseen_zero_shot,repeat_rate,full_aassr,contextual_policy,30,0.0,0.0,0.0,0.0,0.0,0.0,1.0,True,1.0
autonomy,autonomy,opaque_dependency_l6,evaluation_unseen_zero_shot,error_rate,full_aassr,contextual_policy,30,0.0,0.0,0.0,0.0,0.0,0.0,1.0,True,1.0
autonomy,autonomy,opaque_dependency_l6,evaluation_unseen_zero_shot,success,full_aassr,dqn,30,0.0,0.0,0.0,0.0,0.0,0.0,1.0,True,1.0
autonomy,autonomy,opaque_dependency_l6,evaluation_unseen_zero_shot,steps,full_aassr,dqn,30,6.0,6.0,0.0,0.0,0.0,0.0,1.0,True,1.0
autonomy,autonomy,opaque_dependency_l6,evaluation_unseen_zero_shot,high_level_steps,full_aassr,dqn,30,6.0,6.0,0.0,0.0,0.0,0.0,1.0,True,1.0
autonomy,autonomy,opaque_dependency_l6,evaluation_unseen_zero_shot,primitive_steps,full_aassr,dqn,30,6.0,6.0,0.0,0.0,0.0,0.0,1.0,True,1.0
autonomy,autonomy,opaque_dependency_l6,evaluation_unseen_zero_shot,reward,full_aassr,dqn,30,0.0,0.0,0.0,0.0,0.0,0.0,1.0,True,1.0
autonomy,autonomy,opaque_dependency_l6,evaluation_unseen_zero_shot,errors,full_aassr,dqn,30,0.0,0.0,0.0,0.0,0.0,0.0,1.0,True,1.0
autonomy,autonomy,opaque_dependency_l6,evaluation_unseen_zero_shot,repeats,full_aassr,dqn,30,0.0,0.0,0.0,0.0,0.0,0.0,1.0,True,1.0
autonomy,autonomy,opaque_dependency_l6,evaluation_unseen_zero_shot,imagined_nodes,full_aassr,dqn,30,0.0,0.0,0.0,0.0,0.0,0.0,1.0,True,1.0
autonomy,autonomy,opaque_dependency_l6,evaluation_unseen_zero_shot,imagination_depth,full_aassr,dqn,30,0.0,0.0,0.0,0.0,0.0,0.0,1.0,True,1.0
autonomy,autonomy,opaque_dependency_l6,evaluation_unseen_zero_shot,actual_return,full_aassr,dqn,30,0.0,0.0,0.0,0.0,0.0,0.0,1.0,True,1.0
autonomy,autonomy,opaque_dependency_l6,evaluation_unseen_zero_shot,runtime_seconds,full_aassr,dqn,30,0.003600903599978968,0.002213250850012021,0.0013876527499669463,0.0012296090501040453,0.0015341347833891631,3.1917456280596523,4.999750012499375e-05,True,0.00024998750062496874
autonomy,autonomy,opaque_dependency_l6,evaluation_unseen_zero_shot,real_transitions,full_aassr,dqn,30,6.0,6.0,0.0,0.0,0.0,0.0,1.0,True,1.0
autonomy,autonomy,opaque_dependency_l6,evaluation_unseen_zero_shot,imagined_transitions,full_aassr,dqn,30,0.0,0.0,0.0,0.0,0.0,0.0,1.0,True,1.0
autonomy,autonomy,opaque_dependency_l6,evaluation_unseen_zero_shot,action_proposals,full_aassr,dqn,30,6.0,6.0,0.0,0.0,0.0,0.0,1.0,True,1.0
autonomy,autonomy,opaque_dependency_l6,evaluation_unseen_zero_shot,repeat_rate,full_aassr,dqn,30,0.0,0.0,0.0,0.0,0.0,0.0,1.0,True,1.0
autonomy,autonomy,opaque_dependency_l6,evaluation_unseen_zero_shot,error_rate,full_aassr,dqn,30,0.0,0.0,0.0,0.0,0.0,0.0,1.0,True,1.0
autonomy,autonomy,opaque_dependency_l6,evaluation_unseen_zero_shot,success,full_aassr,prophecy_no_imagination,30,0.0,0.0,0.0,0.0,0.0,0.0,1.0,True,1.0
autonomy,autonomy,opaque_dependency_l6,evaluation_unseen_zero_shot,steps,full_aassr,prophecy_no_imagination,30,6.0,6.0,0.0,0.0,0.0,0.0,1.0,True,1.0
autonomy,autonomy,opaque_dependency_l6,evaluation_unseen_zero_shot,high_level_steps,full_aassr,prophecy_no_imagination,30,6.0,6.0,0.0,0.0,0.0,0.0,1.0,True,1.0
autonomy,autonomy,opaque_dependency_l6,evaluation_unseen_zero_shot,primitive_steps,full_aassr,prophecy_no_imagination,30,6.0,6.0,0.0,0.0,0.0,0.0,1.0,True,1.0
autonomy,autonomy,opaque_dependency_l6,evaluation_unseen_zero_shot,reward,full_aassr,prophecy_no_imagination,30,0.0,0.0,0.0,0.0,0.0,0.0,1.0,True,1.0
autonomy,autonomy,opaque_dependency_l6,evaluation_unseen_zero_shot,errors,full_aassr,prophecy_no_imagination,30,0.0,0.0,0.0,0.0,0.0,0.0,1.0,True,1.0
autonomy,autonomy,opaque_dependency_l6,evaluation_unseen_zero_shot,repeats,full_aassr,prophecy_no_imagination,30,0.0,0.0,0.0,0.0,0.0,0.0,1.0,True,1.0
autonomy,autonomy,opaque_dependency_l6,evaluation_unseen_zero_shot,prediction_score,full_aassr,prophecy_no_imagination,30,0.0,0.0,0.0,0.0,0.0,0.0,1.0,True,1.0
autonomy,autonomy,opaque_dependency_l6,evaluation_unseen_zero_shot,holdout_score,full_aassr,prophecy_no_imagination,30,1.0,1.0,0.0,0.0,0.0,0.0,1.0,True,1.0
autonomy,autonomy,opaque_dependency_l6,evaluation_unseen_zero_shot,imagined_nodes,full_aassr,prophecy_no_imagination,30,0.0,0.0,0.0,0.0,0.0,0.0,1.0,True,1.0
autonomy,autonomy,opaque_dependency_l6,evaluation_unseen_zero_shot,imagination_depth,full_aassr,prophecy_no_imagination,30,0.0,0.0,0.0,0.0,0.0,0.0,1.0,True,1.0
autonomy,autonomy,opaque_dependency_l6,evaluation_unseen_zero_shot,actual_return,full_aassr,prophecy_no_imagination,30,0.0,0.0,0.0,0.0,0.0,0.0,1.0,True,1.0
autonomy,autonomy,opaque_dependency_l6,evaluation_unseen_zero_shot,runtime_seconds,full_aassr,prophecy_no_imagination,30,0.003600903599978968,0.003645889083277628,-4.498548329866026e-05,-0.00020289658367983061,0.00011152093336083147,-0.09952471870552615,0.5906704664766762,True,0.5906704664766762
autonomy,autonomy,opaque_dependency_l6,evaluation_unseen_zero_shot,real_transitions,full_aassr,prophecy_no_imagination,30,6.0,6.0,0.0,0.0,0.0,0.0,1.0,True,1.0
autonomy,autonomy,opaque_dependency_l6,evaluation_unseen_zero_shot,imagined_transitions,full_aassr,prophecy_no_imagination,30,0.0,0.0,0.0,0.0,0.0,0.0,1.0,True,1.0
autonomy,autonomy,opaque_dependency_l6,evaluation_unseen_zero_shot,action_proposals,full_aassr,prophecy_no_imagination,30,6.0,6.0,0.0,0.0,0.0,0.0,1.0,True,1.0
autonomy,autonomy,opaque_dependency_l6,evaluation_unseen_zero_shot,repeat_rate,full_aassr,prophecy_no_imagination,30,0.0,0.0,0.0,0.0,0.0,0.0,1.0,True,1.0
autonomy,autonomy,opaque_dependency_l6,evaluation_unseen_zero_shot,error_rate,full_aassr,prophecy_no_imagination,30,0.0,0.0,0.0,0.0,0.0,0.0,1.0,True,1.0
autonomy,autonomy,opaque_dependency_l6,evaluation_unseen_zero_shot,success,full_aassr,q_learning,30,0.0,0.0,0.0,0.0,0.0,0.0,1.0,True,1.0
autonomy,autonomy,opaque_dependency_l6,evaluation_unseen_zero_shot,steps,full_aassr,q_learning,30,6.0,6.0,0.0,0.0,0.0,0.0,1.0,True,1.0
autonomy,autonomy,opaque_dependency_l6,evaluation_unseen_zero_shot,high_level_steps,full_aassr,q_learning,30,6.0,6.0,0.0,0.0,0.0,0.0,1.0,True,1.0
autonomy,autonomy,opaque_dependency_l6,evaluation_unseen_zero_shot,primitive_steps,full_aassr,q_learning,30,6.0,6.0,0.0,0.0,0.0,0.0,1.0,True,1.0
autonomy,autonomy,opaque_dependency_l6,evaluation_unseen_zero_shot,reward,full_aassr,q_learning,30,0.0,0.0,0.0,0.0,0.0,0.0,1.0,True,1.0
autonomy,autonomy,opaque_dependency_l6,evaluation_unseen_zero_shot,errors,full_aassr,q_learning,30,0.0,0.0,0.0,0.0,0.0,0.0,1.0,True,1.0
autonomy,autonomy,opaque_dependency_l6,evaluation_unseen_zero_shot,repeats,full_aassr,q_learning,30,0.0,0.0,0.0,0.0,0.0,0.0,1.0,True,1.0
autonomy,autonomy,opaque_dependency_l6,evaluation_unseen_zero_shot,imagined_nodes,full_aassr,q_learning,30,0.0,0.0,0.0,0.0,0.0,0.0,1.0,True,1.0
autonomy,autonomy,opaque_dependency_l6,evaluation_unseen_zero_shot,imagination_depth,full_aassr,q_learning,30,0.0,0.0,0.0,0.0,0.0,0.0,1.0,True,1.0
autonomy,autonomy,opaque_dependency_l6,evaluation_unseen_zero_shot,actual_return,full_aassr,q_learning,30,0.0,0.0,0.0,0.0,0.0,0.0,1.0,True,1.0
autonomy,autonomy,opaque_dependency_l6,evaluation_unseen_zero_shot,runtime_seconds,full_aassr,q_learning,30,0.003600903599978968,0.00017236186653705467,0.003428541733441913,0.003292173100174599,0.0035656815501376215,8.7467920401239,4.999750012499375e-05,True,0.00024998750062496874
autonomy,autonomy,opaque_dependency_l6,evaluation_unseen_zero_shot,real_transitions,full_aassr,q_learning,30,6.0,6.0,0.0,0.0,0.0,0.0,1.0,True,1.0
autonomy,autonomy,opaque_dependency_l6,evaluation_unseen_zero_shot,imagined_transitions,full_aassr,q_learning,30,0.0,0.0,0.0,0.0,0.0,0.0,1.0,True,1.0
autonomy,autonomy,opaque_dependency_l6,evaluation_unseen_zero_shot,action_proposals,full_aassr,q_learning,30,6.0,6.0,0.0,0.0,0.0,0.0,1.0,True,1.0
autonomy,autonomy,opaque_dependency_l6,evaluation_unseen_zero_shot,repeat_rate,full_aassr,q_learning,30,0.0,0.0,0.0,0.0,0.0,0.0,1.0,True,1.0
autonomy,autonomy,opaque_dependency_l6,evaluation_unseen_zero_shot,error_rate,full_aassr,q_learning,30,0.0,0.0,0.0,0.0,0.0,0.0,1.0,True,1.0
autonomy,autonomy,opaque_dependency_l6,evaluation_unseen_zero_shot,success,full_aassr,random,30,0.0,0.0145,-0.0145,-0.017666666666666667,-0.011333333333333334,-1.6220234543001812,4.999750012499375e-05,True,0.00024998750062496874
autonomy,autonomy,opaque_dependency_l6,evaluation_unseen_zero_shot,steps,full_aassr,random,30,6.0,6.0,0.0,0.0,0.0,0.0,1.0,True,1.0
autonomy,autonomy,opaque_dependency_l6,evaluation_unseen_zero_shot,high_level_steps,full_aassr,random,30,6.0,6.0,0.0,0.0,0.0,0.0,1.0,True,1.0
autonomy,autonomy,opaque_dependency_l6,evaluation_unseen_zero_shot,primitive_steps,full_aassr,random,30,6.0,6.0,0.0,0.0,0.0,0.0,1.0,True,1.0
autonomy,autonomy,opaque_dependency_l6,evaluation_unseen_zero_shot,reward,full_aassr,random,30,0.0,0.0145,-0.0145,-0.0175,-0.011333333333333334,-1.6220234543001812,4.999750012499375e-05,True,0.00024998750062496874
autonomy,autonomy,opaque_dependency_l6,evaluation_unseen_zero_shot,errors,full_aassr,random,30,0.0,0.0,0.0,0.0,0.0,0.0,1.0,True,1.0
autonomy,autonomy,opaque_dependency_l6,evaluation_unseen_zero_shot,repeats,full_aassr,random,30,0.0,0.0,0.0,0.0,0.0,0.0,1.0,True,1.0
autonomy,autonomy,opaque_dependency_l6,evaluation_unseen_zero_shot,prediction_score,full_aassr,random,30,0.0,0.0,0.0,0.0,0.0,0.0,1.0,True,1.0
autonomy,autonomy,opaque_dependency_l6,evaluation_unseen_zero_shot,holdout_score,full_aassr,random,30,1.0,0.0,1.0,1.0,1.0,0.0,4.999750012499375e-05,True,0.00014999250037498125
autonomy,autonomy,opaque_dependency_l6,evaluation_unseen_zero_shot,imagined_nodes,full_aassr,random,30,0.0,0.0,0.0,0.0,0.0,0.0,1.0,True,1.0
autonomy,autonomy,opaque_dependency_l6,evaluation_unseen_zero_shot,imagination_depth,full_aassr,random,30,0.0,0.0,0.0,0.0,0.0,0.0,1.0,True,1.0
autonomy,autonomy,opaque_dependency_l6,evaluation_unseen_zero_shot,actual_return,full_aassr,random,30,0.0,0.0145,-0.0145,-0.017666666666666667,-0.011333333333333334,-1.6220234543001812,4.999750012499375e-05,True,0.00024998750062496874
autonomy,autonomy,opaque_dependency_l6,evaluation_unseen_zero_shot,runtime_seconds,full_aassr,random,30,0.003600903599978968,0.00327315296693511,0.00032775063304385786,0.0001533849994836297,0.000497681999899214,0.6727005843975881,0.0007999600019999,True,0.0023998800059997
autonomy,autonomy,opaque_dependency_l6,evaluation_unseen_zero_shot,real_transitions,full_aassr,random,30,6.0,6.0,0.0,0.0,0.0,0.0,1.0,True,1.0
autonomy,autonomy,opaque_dependency_l6,evaluation_unseen_zero_shot,imagined_transitions,full_aassr,random,30,0.0,0.0,0.0,0.0,0.0,0.0,1.0,True,1.0
autonomy,autonomy,opaque_dependency_l6,evaluation_unseen_zero_shot,action_proposals,full_aassr,random,30,6.0,6.0,0.0,0.0,0.0,0.0,1.0,True,1.0
autonomy,autonomy,opaque_dependency_l6,evaluation_unseen_zero_shot,repeat_rate,full_aassr,random,30,0.0,0.0,0.0,0.0,0.0,0.0,1.0,True,1.0
autonomy,autonomy,opaque_dependency_l6,evaluation_unseen_zero_shot,error_rate,full_aassr,random,30,0.0,0.0,0.0,0.0,0.0,0.0,1.0,True,1.0
autonomy,autonomy,opaque_dependency_l6,training,success,full_aassr,contextual_policy,30,0.27365,0.4351333333333333,-0.16148333333333334,-0.19063333333333335,-0.13256666666666667,-1.926765229150435,4.999750012499375e-05,True,0.00024998750062496874
autonomy,autonomy,opaque_dependency_l6,training,steps,full_aassr,contextual_policy,30,6.0,6.0,0.0,0.0,0.0,0.0,1.0,True,1.0
autonomy,autonomy,opaque_dependency_l6,training,high_level_steps,full_aassr,contextual_policy,30,6.0,6.0,0.0,0.0,0.0,0.0,1.0,True,1.0
autonomy,autonomy,opaque_dependency_l6,training,primitive_steps,full_aassr,contextual_policy,30,6.0,6.0,0.0,0.0,0.0,0.0,1.0,True,1.0
autonomy,autonomy,opaque_dependency_l6,training,reward,full_aassr,contextual_policy,30,0.27365,0.4351333333333333,-0.16148333333333334,-0.1893,-0.13301666666666667,-1.926765229150435,4.999750012499375e-05,True,0.00024998750062496874
autonomy,autonomy,opaque_dependency_l6,training,errors,full_aassr,contextual_policy,30,0.0,0.0,0.0,0.0,0.0,0.0,1.0,True,1.0
autonomy,autonomy,opaque_dependency_l6,training,repeats,full_aassr,contextual_policy,30,0.0,0.0,0.0,0.0,0.0,0.0,1.0,True,1.0
autonomy,autonomy,opaque_dependency_l6,training,prediction_score,full_aassr,contextual_policy,30,0.9899888888888888,0.0,0.9899888888888888,0.9897833333333333,0.9901916666666667,1718.7492616805616,4.999750012499375e-05,True,0.00024998750062496874
autonomy,autonomy,opaque_dependency_l6,training,holdout_score,full_aassr,contextual_policy,30,0.12353632985024603,0.0,0.12353632985024603,0.12345918816745162,0.12360703805372804,577.0033296216055,4.999750012499375e-05,True,0.00024998750062496874
autonomy,autonomy,opaque_dependency_l6,training,holdout_gain,full_aassr,contextual_policy,30,6.170299199710964e-06,0.0,6.170299199710964e-06,4.7506879694379685e-06,7.808867398940928e-06,1.4134591531175085,4.999750012499375e-05,True,0.00024998750062496874
autonomy,autonomy,opaque_dependency_l6,training,imagined_nodes,full_aassr,contextual_policy,30,186.44828333333334,0.0,186.44828333333334,185.96138333333334,186.95118333333332,136.60331190649467,4.999750012499375e-05,True,0.00024998750062496874
autonomy,autonomy,opaque_dependency_l6,training,imagination_depth,full_aassr,contextual_policy,30,5.443616666666667,0.0,5.443616666666667,5.434916666666667,5.452466666666667,219.3550977949952,4.999750012499375e-05,True,0.00024998750062496874
autonomy,autonomy,opaque_dependency_l6,training,actual_return,full_aassr,contextual_policy,30,0.27365,0.4351333333333333,-0.16148333333333334,-0.1913166666666667,-0.13191666666666665,-1.926765229150435,4.999750012499375e-05,True,0.00024998750062496874
autonomy,autonomy,opaque_dependency_l6,training,runtime_seconds,full_aassr,contextual_policy,30,0.0070465602615979155,0.00044002896493863466,0.00660653129665928,0.006468995618293411,0.006739377336673109,16.813154027913498,4.999750012499375e-05,True,0.00024998750062496874
autonomy,autonomy,opaque_dependency_l6,training,real_transitions,full_aassr,contextual_policy,30,6.0,6.0,0.0,0.0,0.0,0.0,1.0,True,1.0
autonomy,autonomy,opaque_dependency_l6,training,imagined_transitions,full_aassr,contextual_policy,30,186.44828333333334,0.0,186.44828333333334,185.97713333333334,186.93793333333332,136.60331190649467,4.999750012499375e-05,True,0.00024998750062496874
autonomy,autonomy,opaque_dependency_l6,training,action_proposals,full_aassr,contextual_policy,30,6.0,6.0,0.0,0.0,0.0,0.0,1.0,True,1.0
autonomy,autonomy,opaque_dependency_l6,training,repeat_rate,full_aassr,contextual_policy,30,0.0,0.0,0.0,0.0,0.0,0.0,1.0,True,1.0
autonomy,autonomy,opaque_dependency_l6,training,error_rate,full_aassr,contextual_policy,30,0.0,0.0,0.0,0.0,0.0,0.0,1.0,True,1.0
autonomy,autonomy,opaque_dependency_l6,training,learning_auc,full_aassr,contextual_policy,30,0.2736701684175421,0.43520093380023345,-0.16153076538269134,-0.1913873603468401,-0.13138235784558946,-1.9262419410499214,4.999750012499375e-05,True,0.00024998750062496874
autonomy,autonomy,opaque_dependency_l6,training,final_tail_success,full_aassr,contextual_policy,30,0.412,0.7095,-0.29750000000000004,-0.3396666666666667,-0.25683333333333336,-2.4902606945538905,4.999750012499375e-05,True,0.00024998750062496874
autonomy,autonomy,opaque_dependency_l6,training,first_success_real_transitions,full_aassr,contextual_policy,30,321.2,320.8,0.4,-129.0,131.2,0.001070240931562336,0.9984500774961252,True,1.0
autonomy,autonomy,opaque_dependency_l6,training,success,full_aassr,dqn,30,0.27365,0.03606666666666667,0.2375833333333333,0.21138333333333334,0.2632833333333333,3.1911026452709295,4.999750012499375e-05,True,0.00024998750062496874
autonomy,autonomy,opaque_dependency_l6,training,steps,full_aassr,dqn,30,6.0,6.0,0.0,0.0,0.0,0.0,1.0,True,1.0
autonomy,autonomy,opaque_dependency_l6,training,high_level_steps,full_aassr,dqn,30,6.0,6.0,0.0,0.0,0.0,0.0,1.0,True,1.0
autonomy,autonomy,opaque_dependency_l6,training,primitive_steps,full_aassr,dqn,30,6.0,6.0,0.0,0.0,0.0,0.0,1.0,True,1.0
autonomy,autonomy,opaque_dependency_l6,training,reward,full_aassr,dqn,30,0.27365,0.03606666666666667,0.2375833333333333,0.21118333333333333,0.2634166666666667,3.1911026452709295,4.999750012499375e-05,True,0.00024998750062496874
autonomy,autonomy,opaque_dependency_l6,training,errors,full_aassr,dqn,30,0.0,0.0,0.0,0.0,0.0,0.0,1.0,True,1.0
autonomy,autonomy,opaque_dependency_l6,training,repeats,full_aassr,dqn,30,0.0,0.0,0.0,0.0,0.0,0.0,1.0,True,1.0
autonomy,autonomy,opaque_dependency_l6,training,prediction_score,full_aassr,dqn,30,0.9899888888888888,0.0,0.9899888888888888,0.9897861111111111,0.9901861111111111,1718.7492616805616,4.999750012499375e-05,True,0.00024998750062496874
autonomy,autonomy,opaque_dependency_l6,training,holdout_score,full_aassr,dqn,30,0.12353632985024603,0.0,0.12353632985024603,0.12345751151619415,0.12361139508932038,577.0033296216055,4.999750012499375e-05,True,0.00024998750062496874
autonomy,autonomy,opaque_dependency_l6,training,holdout_gain,full_aassr,dqn,30,6.170299199710964e-06,0.0,6.170299199710964e-06,4.6323379099114395e-06,7.77290996040996e-06,1.4134591531175085,4.999750012499375e-05,True,0.00024998750062496874
autonomy,autonomy,opaque_dependency_l6,training,imagined_nodes,full_aassr,dqn,30,186.44828333333334,0.0,186.44828333333334,185.97178333333335,186.92528333333334,136.60331190649467,4.999750012499375e-05,True,0.00024998750062496874
autonomy,autonomy,opaque_dependency_l6,training,imagination_depth,full_aassr,dqn,30,5.443616666666667,0.0,5.443616666666667,5.435216666666666,5.452166666666667,219.3550977949952,4.999750012499375e-05,True,0.00024998750062496874
autonomy,autonomy,opaque_dependency_l6,training,actual_return,full_aassr,dqn,30,0.27365,0.03606666666666667,0.2375833333333333,0.21114999999999998,0.26439999999999997,3.1911026452709295,4.999750012499375e-05,True,0.00024998750062496874
autonomy,autonomy,opaque_dependency_l6,training,runtime_seconds,full_aassr,dqn,30,0.0070465602615979155,0.007894682186701297,-0.000848121925103381,-0.0011417991383791861,-0.000583951051730158,-1.0688267395841478,4.999750012499375e-05,True,0.00024998750062496874
autonomy,autonomy,opaque_dependency_l6,training,real_transitions,full_aassr,dqn,30,6.0,6.0,0.0,0.0,0.0,0.0,1.0,True,1.0
autonomy,autonomy,opaque_dependency_l6,training,imagined_transitions,full_aassr,dqn,30,186.44828333333334,0.0,186.44828333333334,185.99056666666667,186.93476666666666,136.60331190649467,4.999750012499375e-05,True,0.00024998750062496874
autonomy,autonomy,opaque_dependency_l6,training,action_proposals,full_aassr,dqn,30,6.0,6.0,0.0,0.0,0.0,0.0,1.0,True,1.0
autonomy,autonomy,opaque_dependency_l6,training,repeat_rate,full_aassr,dqn,30,0.0,0.0,0.0,0.0,0.0,0.0,1.0,True,1.0
autonomy,autonomy,opaque_dependency_l6,training,error_rate,full_aassr,dqn,30,0.0,0.0,0.0,0.0,0.0,0.0,1.0,True,1.0
autonomy,autonomy,opaque_dependency_l6,training,learning_auc,full_aassr,dqn,30,0.2736701684175421,0.036068034017008505,0.2376021344005336,0.21088044022011004,0.2639236284809071,3.1917486400781203,4.999750012499375e-05,True,0.00024998750062496874
autonomy,autonomy,opaque_dependency_l6,training,final_tail_success,full_aassr,dqn,30,0.412,0.056,0.356,0.30850000000000005,0.4008333333333333,2.7386850680952843,4.999750012499375e-05,True,0.00024998750062496874
autonomy,autonomy,opaque_dependency_l6,training,first_success_real_transitions,full_aassr,dqn,30,321.2,286.2,35.0,-109.6,181.0,0.0846038434385502,0.6545172741362932,True,1.0
autonomy,autonomy,opaque_dependency_l6,training,success,full_aassr,prophecy_no_imagination,30,0.27365,0.43955,-0.16590000000000002,-0.19645,-0.13553333333333337,-1.9277436213303685,4.999750012499375e-05,True,0.00024998750062496874
autonomy,autonomy,opaque_dependency_l6,training,steps,full_aassr,prophecy_no_imagination,30,6.0,6.0,0.0,0.0,0.0,0.0,1.0,True,1.0
autonomy,autonomy,opaque_dependency_l6,training,high_level_steps,full_aassr,prophecy_no_imagination,30,6.0,6.0,0.0,0.0,0.0,0.0,1.0,True,1.0
autonomy,autonomy,opaque_dependency_l6,training,primitive_steps,full_aassr,prophecy_no_imagination,30,6.0,6.0,0.0,0.0,0.0,0.0,1.0,True,1.0
autonomy,autonomy,opaque_dependency_l6,training,reward,full_aassr,prophecy_no_imagination,30,0.27365,0.43955,-0.16590000000000002,-0.19680000000000003,-0.13505000000000003,-1.9277436213303685,4.999750012499375e-05,True,0.00024998750062496874
autonomy,autonomy,opaque_dependency_l6,training,errors,full_aassr,prophecy_no_imagination,30,0.0,0.0,0.0,0.0,0.0,0.0,1.0,True,1.0
autonomy,autonomy,opaque_dependency_l6,training,repeats,full_aassr,prophecy_no_imagination,30,0.0,0.0,0.0,0.0,0.0,0.0,1.0,True,1.0
autonomy,autonomy,opaque_dependency_l6,training,prediction_score,full_aassr,prophecy_no_imagination,30,0.9899888888888888,0.9899694444444445,1.9444444444449704e-05,0.0,4.166666666666578e-05,0.34368788640058806,0.11944402779861008,True,0.11944402779861008
autonomy,autonomy,opaque_dependency_l6,training,holdout_score,full_aassr,prophecy_no_imagination,30,0.12353632985024603,0.12352249510851727,1.3834741728747471e-05,1.8326542504475592e-06,2.783224608562627e-05,0.3715200630387534,0.05049747512624369,True,0.05049747512624369
autonomy,autonomy,opaque_dependency_l6,training,holdout_gain,full_aassr,prophecy_no_imagination,30,6.170299199710964e-06,6.406410310822076e-06,-2.3611111111111102e-07,-6.701388888888888e-07,4.861111111111132e-08,-0.22212261247396164,0.4935253237338133,True,0.4935253237338133
autonomy,autonomy,opaque_dependency_l6,training,imagined_nodes,full_aassr,prophecy_no_imagination,30,186.44828333333334,0.0,186.44828333333334,185.98096666666666,186.92138333333332,136.60331190649467,4.999750012499375e-05,True,0.00024998750062496874
autonomy,autonomy,opaque_dependency_l6,training,imagination_depth,full_aassr,prophecy_no_imagination,30,5.443616666666667,0.0,5.443616666666667,5.434749999999999,5.45205,219.3550977949952,4.999750012499375e-05,True,0.00024998750062496874
autonomy,autonomy,opaque_dependency_l6,training,actual_return,full_aassr,prophecy_no_imagination,30,0.27365,0.43955,-0.16590000000000002,-0.1953,-0.13495000000000001,-1.9277436213303685,4.999750012499375e-05,True,0.00024998750062496874
autonomy,autonomy,opaque_dependency_l6,training,runtime_seconds,full_aassr,prophecy_no_imagination,30,0.0070465602615979155,0.0013603924316135817,0.005686167829984334,0.00555568651501914,0.0058128233249241015,15.459906821083425,4.999750012499375e-05,True,0.00024998750062496874
autonomy,autonomy,opaque_dependency_l6,training,real_transitions,full_aassr,prophecy_no_imagination,30,6.0,6.0,0.0,0.0,0.0,0.0,1.0,True,1.0
autonomy,autonomy,opaque_dependency_l6,training,imagined_transitions,full_aassr,prophecy_no_imagination,30,186.44828333333334,0.0,186.44828333333334,185.9676166666667,186.93803333333332,136.60331190649467,4.999750012499375e-05,True,0.00024998750062496874
autonomy,autonomy,opaque_dependency_l6,training,action_proposals,full_aassr,prophecy_no_imagination,30,6.0,6.0,0.0,0.0,0.0,0.0,1.0,True,1.0
autonomy,autonomy,opaque_dependency_l6,training,repeat_rate,full_aassr,prophecy_no_imagination,30,0.0,0.0,0.0,0.0,0.0,0.0,1.0,True,1.0
autonomy,autonomy,opaque_dependency_l6,training,error_rate,full_aassr,prophecy_no_imagination,30,0.0,0.0,0.0,0.0,0.0,0.0,1.0,True,1.0
autonomy,autonomy,opaque_dependency_l6,training,learning_auc,full_aassr,prophecy_no_imagination,30,0.2736701684175421,0.4396114724028681,-0.165941303985326,-0.19566449891612472,-0.13554277138569285,-1.9273255923875543,4.999750012499375e-05,True,0.00024998750062496874
autonomy,autonomy,opaque_dependency_l6,training,final_tail_success,full_aassr,prophecy_no_imagination,30,0.412,0.7158333333333334,-0.30383333333333334,-0.34700000000000003,-0.2605,-2.4410341786717757,4.999750012499375e-05,True,0.00024998750062496874
autonomy,autonomy,opaque_dependency_l6,training,first_success_real_transitions,full_aassr,prophecy_no_imagination,30,321.2,320.8,0.4,-132.0,136.6,0.001070240931562336,0.9972501374931253,True,1.0
autonomy,autonomy,opaque_dependency_l6,training,success,full_aassr,q_learning,30,0.27365,0.011433333333333334,0.26221666666666665,0.2391333333333333,0.28508333333333336,3.9374381739677085,4.999750012499375e-05,True,0.00024998750062496874
autonomy,autonomy,opaque_dependency_l6,training,steps,full_aassr,q_learning,30,6.0,6.0,0.0,0.0,0.0,0.0,1.0,True,1.0
autonomy,autonomy,opaque_dependency_l6,training,high_level_steps,full_aassr,q_learning,30,6.0,6.0,0.0,0.0,0.0,0.0,1.0,True,1.0
autonomy,autonomy,opaque_dependency_l6,training,primitive_steps,full_aassr,q_learning,30,6.0,6.0,0.0,0.0,0.0,0.0,1.0,True,1.0
autonomy,autonomy,opaque_dependency_l6,training,reward,full_aassr,q_learning,30,0.27365,0.011433333333333334,0.26221666666666665,0.23876666666666665,0.28559999999999997,3.9374381739677085,4.999750012499375e-05,True,0.00024998750062496874
autonomy,autonomy,opaque_dependency_l6,training,errors,full_aassr,q_learning,30,0.0,0.0,0.0,0.0,0.0,0.0,1.0,True,1.0
autonomy,autonomy,opaque_dependency_l6,training,repeats,full_aassr,q_learning,30,0.0,0.0,0.0,0.0,0.0,0.0,1.0,True,1.0
autonomy,autonomy,opaque_dependency_l6,training,prediction_score,full_aassr,q_learning,30,0.9899888888888888,0.0,0.9899888888888888,0.9897805555555556,0.9901888888888889,1718.7492616805616,4.999750012499375e-05,True,0.00024998750062496874
autonomy,autonomy,opaque_dependency_l6,training,holdout_score,full_aassr,q_learning,30,0.12353632985024603,0.0,0.12353632985024603,0.1234596747879441,0.12361100321689801,577.0033296216055,4.999750012499375e-05,True,0.00024998750062496874
autonomy,autonomy,opaque_dependency_l6,training,holdout_gain,full_aassr,q_learning,30,6.170299199710964e-06,0.0,6.170299199710964e-06,4.678910550234079e-06,7.73447807638984e-06,1.4134591531175085,4.999750012499375e-05,True,0.00024998750062496874
autonomy,autonomy,opaque_dependency_l6,training,imagined_nodes,full_aassr,q_learning,30,186.44828333333334,0.0,186.44828333333334,185.98805,186.93506666666664,136.60331190649467,4.999750012499375e-05,True,0.00024998750062496874
autonomy,autonomy,opaque_dependency_l6,training,imagination_depth,full_aassr,q_learning,30,5.443616666666667,0.0,5.443616666666667,5.434583333333333,5.452233333333334,219.3550977949952,4.999750012499375e-05,True,0.00024998750062496874
autonomy,autonomy,opaque_dependency_l6,training,actual_return,full_aassr,q_learning,30,0.27365,0.011433333333333334,0.26221666666666665,0.23825,0.2859,3.9374381739677085,4.999750012499375e-05,True,0.00024998750062496874
autonomy,autonomy,opaque_dependency_l6,training,runtime_seconds,full_aassr,q_learning,30,0.0070465602615979155,0.00023390305172118437,0.00681265720987673,0.006669271379895508,0.006948490144873601,17.217340339818996,4.999750012499375e-05,True,0.00024998750062496874
autonomy,autonomy,opaque_dependency_l6,training,real_transitions,full_aassr,q_learning,30,6.0,6.0,0.0,0.0,0.0,0.0,1.0,True,1.0
autonomy,autonomy,opaque_dependency_l6,training,imagined_transitions,full_aassr,q_learning,30,186.44828333333334,0.0,186.44828333333334,185.97718333333333,186.92258333333334,136.60331190649467,4.999750012499375e-05,True,0.00024998750062496874
autonomy,autonomy,opaque_dependency_l6,training,action_proposals,full_aassr,q_learning,30,6.0,6.0,0.0,0.0,0.0,0.0,1.0,True,1.0
autonomy,autonomy,opaque_dependency_l6,training,repeat_rate,full_aassr,q_learning,30,0.0,0.0,0.0,0.0,0.0,0.0,1.0,True,1.0
autonomy,autonomy,opaque_dependency_l6,training,error_rate,full_aassr,q_learning,30,0.0,0.0,0.0,0.0,0.0,0.0,1.0,True,1.0
autonomy,autonomy,opaque_dependency_l6,training,learning_auc,full_aassr,q_learning,30,0.2736701684175421,0.011430715357678839,0.26223945305986324,0.23871102217775553,0.2855511088877772,3.937221880238203,4.999750012499375e-05,True,0.00024998750062496874
autonomy,autonomy,opaque_dependency_l6,training,final_tail_success,full_aassr,q_learning,30,0.412,0.007500000000000001,0.40449999999999997,0.366,0.44283333333333336,3.6743027580124688,4.999750012499375e-05,True,0.00024998750062496874
autonomy,autonomy,opaque_dependency_l6,training,first_success_real_transitions,full_aassr,q_learning,30,321.2,341.6,-20.4,-134.4,96.0,-0.06378545958778664,0.6921153942302884,True,1.0
autonomy,autonomy,opaque_dependency_l6,training,success,full_aassr,random,30,0.27365,0.015533333333333335,0.25811666666666666,0.23376666666666665,0.2821166666666667,3.780872333497551,4.999750012499375e-05,True,0.00024998750062496874
autonomy,autonomy,opaque_dependency_l6,training,steps,full_aassr,random,30,6.0,6.0,0.0,0.0,0.0,0.0,1.0,True,1.0
autonomy,autonomy,opaque_dependency_l6,training,high_level_steps,full_aassr,random,30,6.0,6.0,0.0,0.0,0.0,0.0,1.0,True,1.0
autonomy,autonomy,opaque_dependency_l6,training,primitive_steps,full_aassr,random,30,6.0,6.0,0.0,0.0,0.0,0.0,1.0,True,1.0
autonomy,autonomy,opaque_dependency_l6,training,reward,full_aassr,random,30,0.27365,0.015533333333333335,0.25811666666666666,0.23436666666666667,0.2827166666666666,3.780872333497551,4.999750012499375e-05,True,0.00024998750062496874
autonomy,autonomy,opaque_dependency_l6,training,errors,full_aassr,random,30,0.0,0.0,0.0,0.0,0.0,0.0,1.0,True,1.0
autonomy,autonomy,opaque_dependency_l6,training,repeats,full_aassr,random,30,0.0,0.0,0.0,0.0,0.0,0.0,1.0,True,1.0
autonomy,autonomy,opaque_dependency_l6,training,prediction_score,full_aassr,random,30,0.9899888888888888,0.0,0.9899888888888888,0.9897861111111111,0.9901861111111111,1718.7492616805616,4.999750012499375e-05,True,0.00024998750062496874
autonomy,autonomy,opaque_dependency_l6,training,holdout_score,full_aassr,random,30,0.12353632985024603,0.0,0.12353632985024603,0.12346000117917352,0.12360887380295461,577.0033296216055,4.999750012499375e-05,True,0.00024998750062496874
autonomy,autonomy,opaque_dependency_l6,training,holdout_gain,full_aassr,random,30,6.170299199710964e-06,0.0,6.170299199710964e-06,4.672453703703704e-06,7.75333728091081e-06,1.4134591531175085,4.999750012499375e-05,True,0.00024998750062496874
autonomy,autonomy,opaque_dependency_l6,training,imagined_nodes,full_aassr,random,30,186.44828333333334,0.0,186.44828333333334,185.98116666666667,186.93035,136.60331190649467,4.999750012499375e-05,True,0.00024998750062496874
autonomy,autonomy,opaque_dependency_l6,training,imagination_depth,full_aassr,random,30,5.443616666666667,0.0,5.443616666666667,5.43485,5.452583333333333,219.3550977949952,4.999750012499375e-05,True,0.00024998750062496874
autonomy,autonomy,opaque_dependency_l6,training,actual_return,full_aassr,random,30,0.27365,0.015533333333333335,0.25811666666666666,0.23445,0.2828166666666666,3.780872333497551,4.999750012499375e-05,True,0.00024998750062496874
autonomy,autonomy,opaque_dependency_l6,training,runtime_seconds,full_aassr,random,30,0.0070465602615979155,0.00030333861335287413,0.006743221648245041,0.006602622008120913,0.006879817509964536,17.105010455316986,4.999750012499375e-05,True,0.00024998750062496874
autonomy,autonomy,opaque_dependency_l6,training,real_transitions,full_aassr,random,30,6.0,6.0,0.0,0.0,0.0,0.0,1.0,True,1.0
autonomy,autonomy,opaque_dependency_l6,training,imagined_transitions,full_aassr,random,30,186.44828333333334,0.0,186.44828333333334,185.94998333333334,186.93815,136.60331190649467,4.999750012499375e-05,True,0.00024998750062496874
autonomy,autonomy,opaque_dependency_l6,training,action_proposals,full_aassr,random,30,6.0,6.0,0.0,0.0,0.0,0.0,1.0,True,1.0
autonomy,autonomy,opaque_dependency_l6,training,repeat_rate,full_aassr,random,30,0.0,0.0,0.0,0.0,0.0,0.0,1.0,True,1.0
autonomy,autonomy,opaque_dependency_l6,training,error_rate,full_aassr,random,30,0.0,0.0,0.0,0.0,0.0,0.0,1.0,True,1.0
autonomy,autonomy,opaque_dependency_l6,training,learning_auc,full_aassr,random,30,0.2736701684175421,0.015499416374854092,0.258170752042688,0.23365015841253958,0.28207437051859263,3.7822960243510977,4.999750012499375e-05,True,0.00024998750062496874
autonomy,autonomy,opaque_dependency_l6,training,final_tail_success,full_aassr,random,30,0.412,0.015166666666666667,0.3968333333333333,0.35933333333333334,0.43466666666666665,3.6702176162521662,4.999750012499375e-05,True,0.00024998750062496874
autonomy,autonomy,opaque_dependency_l6,training,first_success_real_transitions,full_aassr,random,30,321.2,379.8,-58.6,-220.2,114.2,-0.12255060093352046,0.5104744762761861,True,1.0
autonomy,autonomy,opaque_dependency_l8,evaluation_seen,success,full_aassr,contextual_policy,30,0.0,0.0,0.0,0.0,0.0,0.0,1.0,True,1.0
autonomy,autonomy,opaque_dependency_l8,evaluation_seen,steps,full_aassr,contextual_policy,30,8.0,8.0,0.0,0.0,0.0,0.0,1.0,True,1.0
autonomy,autonomy,opaque_dependency_l8,evaluation_seen,high_level_steps,full_aassr,contextual_policy,30,8.0,8.0,0.0,0.0,0.0,0.0,1.0,True,1.0
autonomy,autonomy,opaque_dependency_l8,evaluation_seen,primitive_steps,full_aassr,contextual_policy,30,8.0,8.0,0.0,0.0,0.0,0.0,1.0,True,1.0
autonomy,autonomy,opaque_dependency_l8,evaluation_seen,reward,full_aassr,contextual_policy,30,0.0,0.0,0.0,0.0,0.0,0.0,1.0,True,1.0
autonomy,autonomy,opaque_dependency_l8,evaluation_seen,errors,full_aassr,contextual_policy,30,0.0,0.0,0.0,0.0,0.0,0.0,1.0,True,1.0
autonomy,autonomy,opaque_dependency_l8,evaluation_seen,repeats,full_aassr,contextual_policy,30,0.0,0.0,0.0,0.0,0.0,0.0,1.0,True,1.0
autonomy,autonomy,opaque_dependency_l8,evaluation_seen,prediction_score,full_aassr,contextual_policy,30,0.0,0.0,0.0,0.0,0.0,0.0,1.0,True,1.0
autonomy,autonomy,opaque_dependency_l8,evaluation_seen,holdout_score,full_aassr,contextual_policy,30,1.0,0.0,1.0,1.0,1.0,0.0,4.999750012499375e-05,True,0.00014999250037498125
autonomy,autonomy,opaque_dependency_l8,evaluation_seen,imagined_nodes,full_aassr,contextual_policy,30,0.0,0.0,0.0,0.0,0.0,0.0,1.0,True,1.0
autonomy,autonomy,opaque_dependency_l8,evaluation_seen,imagination_depth,full_aassr,contextual_policy,30,0.0,0.0,0.0,0.0,0.0,0.0,1.0,True,1.0
autonomy,autonomy,opaque_dependency_l8,evaluation_seen,actual_return,full_aassr,contextual_policy,30,0.0,0.0,0.0,0.0,0.0,0.0,1.0,True,1.0
autonomy,autonomy,opaque_dependency_l8,evaluation_seen,runtime_seconds,full_aassr,contextual_policy,30,0.0051917688500931645,0.00488316286674429,0.0003086059833488739,0.00010193088339292463,0.0005194257830201728,0.5132269784710435,0.009799510024498775,True,0.01959902004899755
autonomy,autonomy,opaque_dependency_l8,evaluation_seen,real_transitions,full_aassr,contextual_policy,30,8.0,8.0,0.0,0.0,0.0,0.0,1.0,True,1.0
autonomy,autonomy,opaque_dependency_l8,evaluation_seen,imagined_transitions,full_aassr,contextual_policy,30,0.0,0.0,0.0,0.0,0.0,0.0,1.0,True,1.0
autonomy,autonomy,opaque_dependency_l8,evaluation_seen,action_proposals,full_aassr,contextual_policy,30,8.0,8.0,0.0,0.0,0.0,0.0,1.0,True,1.0
autonomy,autonomy,opaque_dependency_l8,evaluation_seen,repeat_rate,full_aassr,contextual_policy,30,0.0,0.0,0.0,0.0,0.0,0.0,1.0,True,1.0
autonomy,autonomy,opaque_dependency_l8,evaluation_seen,error_rate,full_aassr,contextual_policy,30,0.0,0.0,0.0,0.0,0.0,0.0,1.0,True,1.0
autonomy,autonomy,opaque_dependency_l8,evaluation_seen,success,full_aassr,dqn,30,0.0,0.0,0.0,0.0,0.0,0.0,1.0,True,1.0
autonomy,autonomy,opaque_dependency_l8,evaluation_seen,steps,full_aassr,dqn,30,8.0,8.0,0.0,0.0,0.0,0.0,1.0,True,1.0
autonomy,autonomy,opaque_dependency_l8,evaluation_seen,high_level_steps,full_aassr,dqn,30,8.0,8.0,0.0,0.0,0.0,0.0,1.0,True,1.0
autonomy,autonomy,opaque_dependency_l8,evaluation_seen,primitive_steps,full_aassr,dqn,30,8.0,8.0,0.0,0.0,0.0,0.0,1.0,True,1.0
autonomy,autonomy,opaque_dependency_l8,evaluation_seen,reward,full_aassr,dqn,30,0.0,0.0,0.0,0.0,0.0,0.0,1.0,True,1.0
autonomy,autonomy,opaque_dependency_l8,evaluation_seen,errors,full_aassr,dqn,30,0.0,0.0,0.0,0.0,0.0,0.0,1.0,True,1.0
autonomy,autonomy,opaque_dependency_l8,evaluation_seen,repeats,full_aassr,dqn,30,0.0,0.0,0.0,0.0,0.0,0.0,1.0,True,1.0
autonomy,autonomy,opaque_dependency_l8,evaluation_seen,imagined_nodes,full_aassr,dqn,30,0.0,0.0,0.0,0.0,0.0,0.0,1.0,True,1.0
autonomy,autonomy,opaque_dependency_l8,evaluation_seen,imagination_depth,full_aassr,dqn,30,0.0,0.0,0.0,0.0,0.0,0.0,1.0,True,1.0
autonomy,autonomy,opaque_dependency_l8,evaluation_seen,actual_return,full_aassr,dqn,30,0.0,0.0,0.0,0.0,0.0,0.0,1.0,True,1.0
autonomy,autonomy,opaque_dependency_l8,evaluation_seen,runtime_seconds,full_aassr,dqn,30,0.0051917688500931645,0.0029565744832895386,0.0022351943668036255,0.0020189202333131106,0.002447230966587085,3.660791666190603,4.999750012499375e-05,True,0.00024998750062496874
autonomy,autonomy,opaque_dependency_l8,evaluation_seen,real_transitions,full_aassr,dqn,30,8.0,8.0,0.0,0.0,0.0,0.0,1.0,True,1.0
autonomy,autonomy,opaque_dependency_l8,evaluation_seen,imagined_transitions,full_aassr,dqn,30,0.0,0.0,0.0,0.0,0.0,0.0,1.0,True,1.0
autonomy,autonomy,opaque_dependency_l8,evaluation_seen,action_proposals,full_aassr,dqn,30,8.0,8.0,0.0,0.0,0.0,0.0,1.0,True,1.0
autonomy,autonomy,opaque_dependency_l8,evaluation_seen,repeat_rate,full_aassr,dqn,30,0.0,0.0,0.0,0.0,0.0,0.0,1.0,True,1.0
autonomy,autonomy,opaque_dependency_l8,evaluation_seen,error_rate,full_aassr,dqn,30,0.0,0.0,0.0,0.0,0.0,0.0,1.0,True,1.0
autonomy,autonomy,opaque_dependency_l8,evaluation_seen,success,full_aassr,prophecy_no_imagination,30,0.0,0.0,0.0,0.0,0.0,0.0,1.0,True,1.0
autonomy,autonomy,opaque_dependency_l8,evaluation_seen,steps,full_aassr,prophecy_no_imagination,30,8.0,8.0,0.0,0.0,0.0,0.0,1.0,True,1.0
autonomy,autonomy,opaque_dependency_l8,evaluation_seen,high_level_steps,full_aassr,prophecy_no_imagination,30,8.0,8.0,0.0,0.0,0.0,0.0,1.0,True,1.0
autonomy,autonomy,opaque_dependency_l8,evaluation_seen,primitive_steps,full_aassr,prophecy_no_imagination,30,8.0,8.0,0.0,0.0,0.0,0.0,1.0,True,1.0
autonomy,autonomy,opaque_dependency_l8,evaluation_seen,reward,full_aassr,prophecy_no_imagination,30,0.0,0.0,0.0,0.0,0.0,0.0,1.0,True,1.0
autonomy,autonomy,opaque_dependency_l8,evaluation_seen,errors,full_aassr,prophecy_no_imagination,30,0.0,0.0,0.0,0.0,0.0,0.0,1.0,True,1.0
autonomy,autonomy,opaque_dependency_l8,evaluation_seen,repeats,full_aassr,prophecy_no_imagination,30,0.0,0.0,0.0,0.0,0.0,0.0,1.0,True,1.0
autonomy,autonomy,opaque_dependency_l8,evaluation_seen,prediction_score,full_aassr,prophecy_no_imagination,30,0.0,0.0,0.0,0.0,0.0,0.0,1.0,True,1.0
autonomy,autonomy,opaque_dependency_l8,evaluation_seen,holdout_score,full_aassr,prophecy_no_imagination,30,1.0,1.0,0.0,0.0,0.0,0.0,1.0,True,1.0
autonomy,autonomy,opaque_dependency_l8,evaluation_seen,imagined_nodes,full_aassr,prophecy_no_imagination,30,0.0,0.0,0.0,0.0,0.0,0.0,1.0,True,1.0
autonomy,autonomy,opaque_dependency_l8,evaluation_seen,imagination_depth,full_aassr,prophecy_no_imagination,30,0.0,0.0,0.0,0.0,0.0,0.0,1.0,True,1.0
autonomy,autonomy,opaque_dependency_l8,evaluation_seen,actual_return,full_aassr,prophecy_no_imagination,30,0.0,0.0,0.0,0.0,0.0,0.0,1.0,True,1.0
autonomy,autonomy,opaque_dependency_l8,evaluation_seen,runtime_seconds,full_aassr,prophecy_no_imagination,30,0.0051917688500931645,0.00538229610005025,-0.00019052724995708553,-0.0004158942834474146,3.617261674177536e-05,-0.2928350918310814,0.12074396280185991,True,0.12074396280185991
autonomy,autonomy,opaque_dependency_l8,evaluation_seen,real_transitions,full_aassr,prophecy_no_imagination,30,8.0,8.0,0.0,0.0,0.0,0.0,1.0,True,1.0
autonomy,autonomy,opaque_dependency_l8,evaluation_seen,imagined_transitions,full_aassr,prophecy_no_imagination,30,0.0,0.0,0.0,0.0,0.0,0.0,1.0,True,1.0
autonomy,autonomy,opaque_dependency_l8,evaluation_seen,action_proposals,full_aassr,prophecy_no_imagination,30,8.0,8.0,0.0,0.0,0.0,0.0,1.0,True,1.0
autonomy,autonomy,opaque_dependency_l8,evaluation_seen,repeat_rate,full_aassr,prophecy_no_imagination,30,0.0,0.0,0.0,0.0,0.0,0.0,1.0,True,1.0
autonomy,autonomy,opaque_dependency_l8,evaluation_seen,error_rate,full_aassr,prophecy_no_imagination,30,0.0,0.0,0.0,0.0,0.0,0.0,1.0,True,1.0
autonomy,autonomy,opaque_dependency_l8,evaluation_seen,success,full_aassr,q_learning,30,0.0,0.0,0.0,0.0,0.0,0.0,1.0,True,1.0
autonomy,autonomy,opaque_dependency_l8,evaluation_seen,steps,full_aassr,q_learning,30,8.0,8.0,0.0,0.0,0.0,0.0,1.0,True,1.0
autonomy,autonomy,opaque_dependency_l8,evaluation_seen,high_level_steps,full_aassr,q_learning,30,8.0,8.0,0.0,0.0,0.0,0.0,1.0,True,1.0
autonomy,autonomy,opaque_dependency_l8,evaluation_seen,primitive_steps,full_aassr,q_learning,30,8.0,8.0,0.0,0.0,0.0,0.0,1.0,True,1.0
autonomy,autonomy,opaque_dependency_l8,evaluation_seen,reward,full_aassr,q_learning,30,0.0,0.0,0.0,0.0,0.0,0.0,1.0,True,1.0
autonomy,autonomy,opaque_dependency_l8,evaluation_seen,errors,full_aassr,q_learning,30,0.0,0.0,0.0,0.0,0.0,0.0,1.0,True,1.0
autonomy,autonomy,opaque_dependency_l8,evaluation_seen,repeats,full_aassr,q_learning,30,0.0,0.0,0.0,0.0,0.0,0.0,1.0,True,1.0
autonomy,autonomy,opaque_dependency_l8,evaluation_seen,imagined_nodes,full_aassr,q_learning,30,0.0,0.0,0.0,0.0,0.0,0.0,1.0,True,1.0
autonomy,autonomy,opaque_dependency_l8,evaluation_seen,imagination_depth,full_aassr,q_learning,30,0.0,0.0,0.0,0.0,0.0,0.0,1.0,True,1.0
autonomy,autonomy,opaque_dependency_l8,evaluation_seen,actual_return,full_aassr,q_learning,30,0.0,0.0,0.0,0.0,0.0,0.0,1.0,True,1.0
autonomy,autonomy,opaque_dependency_l8,evaluation_seen,runtime_seconds,full_aassr,q_learning,30,0.0051917688500931645,0.00023472128336531265,0.004957047566727851,0.004744389116691309,0.005161436999905467,8.350067395752857,4.999750012499375e-05,True,0.00024998750062496874
autonomy,autonomy,opaque_dependency_l8,evaluation_seen,real_transitions,full_aassr,q_learning,30,8.0,8.0,0.0,0.0,0.0,0.0,1.0,True,1.0
autonomy,autonomy,opaque_dependency_l8,evaluation_seen,imagined_transitions,full_aassr,q_learning,30,0.0,0.0,0.0,0.0,0.0,0.0,1.0,True,1.0
autonomy,autonomy,opaque_dependency_l8,evaluation_seen,action_proposals,full_aassr,q_learning,30,8.0,8.0,0.0,0.0,0.0,0.0,1.0,True,1.0
autonomy,autonomy,opaque_dependency_l8,evaluation_seen,repeat_rate,full_aassr,q_learning,30,0.0,0.0,0.0,0.0,0.0,0.0,1.0,True,1.0
autonomy,autonomy,opaque_dependency_l8,evaluation_seen,error_rate,full_aassr,q_learning,30,0.0,0.0,0.0,0.0,0.0,0.0,1.0,True,1.0
autonomy,autonomy,opaque_dependency_l8,evaluation_seen,success,full_aassr,random,30,0.0,0.0038333333333333336,-0.0038333333333333336,-0.005166666666666667,-0.0025,-0.9907118233001035,4.999750012499375e-05,True,0.00024998750062496874
autonomy,autonomy,opaque_dependency_l8,evaluation_seen,steps,full_aassr,random,30,8.0,8.0,0.0,0.0,0.0,0.0,1.0,True,1.0
autonomy,autonomy,opaque_dependency_l8,evaluation_seen,high_level_steps,full_aassr,random,30,8.0,8.0,0.0,0.0,0.0,0.0,1.0,True,1.0
autonomy,autonomy,opaque_dependency_l8,evaluation_seen,primitive_steps,full_aassr,random,30,8.0,8.0,0.0,0.0,0.0,0.0,1.0,True,1.0
autonomy,autonomy,opaque_dependency_l8,evaluation_seen,reward,full_aassr,random,30,0.0,0.0038333333333333336,-0.0038333333333333336,-0.005333333333333333,-0.0025,-0.9907118233001035,9.99950002499875e-05,True,0.0004999750012499375
autonomy,autonomy,opaque_dependency_l8,evaluation_seen,errors,full_aassr,random,30,0.0,0.0,0.0,0.0,0.0,0.0,1.0,True,1.0
autonomy,autonomy,opaque_dependency_l8,evaluation_seen,repeats,full_aassr,random,30,0.0,0.0,0.0,0.0,0.0,0.0,1.0,True,1.0
autonomy,autonomy,opaque_dependency_l8,evaluation_seen,prediction_score,full_aassr,random,30,0.0,0.0,0.0,0.0,0.0,0.0,1.0,True,1.0
autonomy,autonomy,opaque_dependency_l8,evaluation_seen,holdout_score,full_aassr,random,30,1.0,0.0,1.0,1.0,1.0,0.0,4.999750012499375e-05,True,0.00014999250037498125
autonomy,autonomy,opaque_dependency_l8,evaluation_seen,imagined_nodes,full_aassr,random,30,0.0,0.0,0.0,0.0,0.0,0.0,1.0,True,1.0
autonomy,autonomy,opaque_dependency_l8,evaluation_seen,imagination_depth,full_aassr,random,30,0.0,0.0,0.0,0.0,0.0,0.0,1.0,True,1.0
autonomy,autonomy,opaque_dependency_l8,evaluation_seen,actual_return,full_aassr,random,30,0.0,0.0038333333333333336,-0.0038333333333333336,-0.005166666666666667,-0.0025,-0.9907118233001035,4.999750012499375e-05,True,0.00024998750062496874
autonomy,autonomy,opaque_dependency_l8,evaluation_seen,runtime_seconds,full_aassr,random,30,0.0051917688500931645,0.0048275670831935714,0.0003642017668995929,0.0001304983166434492,0.0005886027332987092,0.5677945042999003,0.004549772511374431,True,0.013649317534123294
autonomy,autonomy,opaque_dependency_l8,evaluation_seen,real_transitions,full_aassr,random,30,8.0,8.0,0.0,0.0,0.0,0.0,1.0,True,1.0
autonomy,autonomy,opaque_dependency_l8,evaluation_seen,imagined_transitions,full_aassr,random,30,0.0,0.0,0.0,0.0,0.0,0.0,1.0,True,1.0
autonomy,autonomy,opaque_dependency_l8,evaluation_seen,action_proposals,full_aassr,random,30,8.0,8.0,0.0,0.0,0.0,0.0,1.0,True,1.0
autonomy,autonomy,opaque_dependency_l8,evaluation_seen,repeat_rate,full_aassr,random,30,0.0,0.0,0.0,0.0,0.0,0.0,1.0,True,1.0
autonomy,autonomy,opaque_dependency_l8,evaluation_seen,error_rate,full_aassr,random,30,0.0,0.0,0.0,0.0,0.0,0.0,1.0,True,1.0
autonomy,autonomy,opaque_dependency_l8,evaluation_unseen_zero_shot,success,full_aassr,contextual_policy,30,0.0,0.0,0.0,0.0,0.0,0.0,1.0,True,1.0
autonomy,autonomy,opaque_dependency_l8,evaluation_unseen_zero_shot,steps,full_aassr,contextual_policy,30,8.0,8.0,0.0,0.0,0.0,0.0,1.0,True,1.0
autonomy,autonomy,opaque_dependency_l8,evaluation_unseen_zero_shot,high_level_steps,full_aassr,contextual_policy,30,8.0,8.0,0.0,0.0,0.0,0.0,1.0,True,1.0
autonomy,autonomy,opaque_dependency_l8,evaluation_unseen_zero_shot,primitive_steps,full_aassr,contextual_policy,30,8.0,8.0,0.0,0.0,0.0,0.0,1.0,True,1.0
autonomy,autonomy,opaque_dependency_l8,evaluation_unseen_zero_shot,reward,full_aassr,contextual_policy,30,0.0,0.0,0.0,0.0,0.0,0.0,1.0,True,1.0
autonomy,autonomy,opaque_dependency_l8,evaluation_unseen_zero_shot,errors,full_aassr,contextual_policy,30,0.0,0.0,0.0,0.0,0.0,0.0,1.0,True,1.0
autonomy,autonomy,opaque_dependency_l8,evaluation_unseen_zero_shot,repeats,full_aassr,contextual_policy,30,0.0,0.0,0.0,0.0,0.0,0.0,1.0,True,1.0
autonomy,autonomy,opaque_dependency_l8,evaluation_unseen_zero_shot,prediction_score,full_aassr,contextual_policy,30,0.0,0.0,0.0,0.0,0.0,0.0,1.0,True,1.0
autonomy,autonomy,opaque_dependency_l8,evaluation_unseen_zero_shot,holdout_score,full_aassr,contextual_policy,30,1.0,0.0,1.0,1.0,1.0,0.0,4.999750012499375e-05,True,0.00014999250037498125
autonomy,autonomy,opaque_dependency_l8,evaluation_unseen_zero_shot,imagined_nodes,full_aassr,contextual_policy,30,0.0,0.0,0.0,0.0,0.0,0.0,1.0,True,1.0
autonomy,autonomy,opaque_dependency_l8,evaluation_unseen_zero_shot,imagination_depth,full_aassr,contextual_policy,30,0.0,0.0,0.0,0.0,0.0,0.0,1.0,True,1.0
autonomy,autonomy,opaque_dependency_l8,evaluation_unseen_zero_shot,actual_return,full_aassr,contextual_policy,30,0.0,0.0,0.0,0.0,0.0,0.0,1.0,True,1.0
autonomy,autonomy,opaque_dependency_l8,evaluation_unseen_zero_shot,runtime_seconds,full_aassr,contextual_policy,30,0.005150533649813345,0.005002057483191796,0.00014847616662154914,-0.00011691555000531176,0.00041291198310500487,0.1998307307237259,0.27973601319934005,True,0.4295785210739463
autonomy,autonomy,opaque_dependency_l8,evaluation_unseen_zero_shot,real_transitions,full_aassr,contextual_policy,30,8.0,8.0,0.0,0.0,0.0,0.0,1.0,True,1.0
autonomy,autonomy,opaque_dependency_l8,evaluation_unseen_zero_shot,imagined_transitions,full_aassr,contextual_policy,30,0.0,0.0,0.0,0.0,0.0,0.0,1.0,True,1.0
autonomy,autonomy,opaque_dependency_l8,evaluation_unseen_zero_shot,action_proposals,full_aassr,contextual_policy,30,8.0,8.0,0.0,0.0,0.0,0.0,1.0,True,1.0
autonomy,autonomy,opaque_dependency_l8,evaluation_unseen_zero_shot,repeat_rate,full_aassr,contextual_policy,30,0.0,0.0,0.0,0.0,0.0,0.0,1.0,True,1.0
autonomy,autonomy,opaque_dependency_l8,evaluation_unseen_zero_shot,error_rate,full_aassr,contextual_policy,30,0.0,0.0,0.0,0.0,0.0,0.0,1.0,True,1.0
autonomy,autonomy,opaque_dependency_l8,evaluation_unseen_zero_shot,success,full_aassr,dqn,30,0.0,0.0,0.0,0.0,0.0,0.0,1.0,True,1.0
autonomy,autonomy,opaque_dependency_l8,evaluation_unseen_zero_shot,steps,full_aassr,dqn,30,8.0,8.0,0.0,0.0,0.0,0.0,1.0,True,1.0
autonomy,autonomy,opaque_dependency_l8,evaluation_unseen_zero_shot,high_level_steps,full_aassr,dqn,30,8.0,8.0,0.0,0.0,0.0,0.0,1.0,True,1.0
autonomy,autonomy,opaque_dependency_l8,evaluation_unseen_zero_shot,primitive_steps,full_aassr,dqn,30,8.0,8.0,0.0,0.0,0.0,0.0,1.0,True,1.0
autonomy,autonomy,opaque_dependency_l8,evaluation_unseen_zero_shot,reward,full_aassr,dqn,30,0.0,0.0,0.0,0.0,0.0,0.0,1.0,True,1.0
autonomy,autonomy,opaque_dependency_l8,evaluation_unseen_zero_shot,errors,full_aassr,dqn,30,0.0,0.0,0.0,0.0,0.0,0.0,1.0,True,1.0
autonomy,autonomy,opaque_dependency_l8,evaluation_unseen_zero_shot,repeats,full_aassr,dqn,30,0.0,0.0,0.0,0.0,0.0,0.0,1.0,True,1.0
autonomy,autonomy,opaque_dependency_l8,evaluation_unseen_zero_shot,imagined_nodes,full_aassr,dqn,30,0.0,0.0,0.0,0.0,0.0,0.0,1.0,True,1.0
autonomy,autonomy,opaque_dependency_l8,evaluation_unseen_zero_shot,imagination_depth,full_aassr,dqn,30,0.0,0.0,0.0,0.0,0.0,0.0,1.0,True,1.0
autonomy,autonomy,opaque_dependency_l8,evaluation_unseen_zero_shot,actual_return,full_aassr,dqn,30,0.0,0.0,0.0,0.0,0.0,0.0,1.0,True,1.0
autonomy,autonomy,opaque_dependency_l8,evaluation_unseen_zero_shot,runtime_seconds,full_aassr,dqn,30,0.005150533649813345,0.0029701735833320224,0.0021803600664813227,0.0019282327163867498,0.0024326824996533107,3.0400652440579075,4.999750012499375e-05,True,0.00024998750062496874
autonomy,autonomy,opaque_dependency_l8,evaluation_unseen_zero_shot,real_transitions,full_aassr,dqn,30,8.0,8.0,0.0,0.0,0.0,0.0,1.0,True,1.0
autonomy,autonomy,opaque_dependency_l8,evaluation_unseen_zero_shot,imagined_transitions,full_aassr,dqn,30,0.0,0.0,0.0,0.0,0.0,0.0,1.0,True,1.0
autonomy,autonomy,opaque_dependency_l8,evaluation_unseen_zero_shot,action_proposals,full_aassr,dqn,30,8.0,8.0,0.0,0.0,0.0,0.0,1.0,True,1.0
autonomy,autonomy,opaque_dependency_l8,evaluation_unseen_zero_shot,repeat_rate,full_aassr,dqn,30,0.0,0.0,0.0,0.0,0.0,0.0,1.0,True,1.0
autonomy,autonomy,opaque_dependency_l8,evaluation_unseen_zero_shot,error_rate,full_aassr,dqn,30,0.0,0.0,0.0,0.0,0.0,0.0,1.0,True,1.0
autonomy,autonomy,opaque_dependency_l8,evaluation_unseen_zero_shot,success,full_aassr,prophecy_no_imagination,30,0.0,0.0,0.0,0.0,0.0,0.0,1.0,True,1.0
autonomy,autonomy,opaque_dependency_l8,evaluation_unseen_zero_shot,steps,full_aassr,prophecy_no_imagination,30,8.0,8.0,0.0,0.0,0.0,0.0,1.0,True,1.0
autonomy,autonomy,opaque_dependency_l8,evaluation_unseen_zero_shot,high_level_steps,full_aassr,prophecy_no_imagination,30,8.0,8.0,0.0,0.0,0.0,0.0,1.0,True,1.0
autonomy,autonomy,opaque_dependency_l8,evaluation_unseen_zero_shot,primitive_steps,full_aassr,prophecy_no_imagination,30,8.0,8.0,0.0,0.0,0.0,0.0,1.0,True,1.0
autonomy,autonomy,opaque_dependency_l8,evaluation_unseen_zero_shot,reward,full_aassr,prophecy_no_imagination,30,0.0,0.0,0.0,0.0,0.0,0.0,1.0,True,1.0
autonomy,autonomy,opaque_dependency_l8,evaluation_unseen_zero_shot,errors,full_aassr,prophecy_no_imagination,30,0.0,0.0,0.0,0.0,0.0,0.0,1.0,True,1.0
autonomy,autonomy,opaque_dependency_l8,evaluation_unseen_zero_shot,repeats,full_aassr,prophecy_no_imagination,30,0.0,0.0,0.0,0.0,0.0,0.0,1.0,True,1.0
autonomy,autonomy,opaque_dependency_l8,evaluation_unseen_zero_shot,prediction_score,full_aassr,prophecy_no_imagination,30,0.0,0.0,0.0,0.0,0.0,0.0,1.0,True,1.0
autonomy,autonomy,opaque_dependency_l8,evaluation_unseen_zero_shot,holdout_score,full_aassr,prophecy_no_imagination,30,1.0,1.0,0.0,0.0,0.0,0.0,1.0,True,1.0
autonomy,autonomy,opaque_dependency_l8,evaluation_unseen_zero_shot,imagined_nodes,full_aassr,prophecy_no_imagination,30,0.0,0.0,0.0,0.0,0.0,0.0,1.0,True,1.0
autonomy,autonomy,opaque_dependency_l8,evaluation_unseen_zero_shot,imagination_depth,full_aassr,prophecy_no_imagination,30,0.0,0.0,0.0,0.0,0.0,0.0,1.0,True,1.0
autonomy,autonomy,opaque_dependency_l8,evaluation_unseen_zero_shot,actual_return,full_aassr,prophecy_no_imagination,30,0.0,0.0,0.0,0.0,0.0,0.0,1.0,True,1.0
autonomy,autonomy,opaque_dependency_l8,evaluation_unseen_zero_shot,runtime_seconds,full_aassr,prophecy_no_imagination,30,0.005150533649813345,0.005455896466577542,-0.0003053628167641969,-0.0005665818832106498,-9.487650061297652e-06,-0.3784115455112157,0.04554772261386931,True,0.13664316784160793
autonomy,autonomy,opaque_dependency_l8,evaluation_unseen_zero_shot,real_transitions,full_aassr,prophecy_no_imagination,30,8.0,8.0,0.0,0.0,0.0,0.0,1.0,True,1.0
autonomy,autonomy,opaque_dependency_l8,evaluation_unseen_zero_shot,imagined_transitions,full_aassr,prophecy_no_imagination,30,0.0,0.0,0.0,0.0,0.0,0.0,1.0,True,1.0
autonomy,autonomy,opaque_dependency_l8,evaluation_unseen_zero_shot,action_proposals,full_aassr,prophecy_no_imagination,30,8.0,8.0,0.0,0.0,0.0,0.0,1.0,True,1.0
autonomy,autonomy,opaque_dependency_l8,evaluation_unseen_zero_shot,repeat_rate,full_aassr,prophecy_no_imagination,30,0.0,0.0,0.0,0.0,0.0,0.0,1.0,True,1.0
autonomy,autonomy,opaque_dependency_l8,evaluation_unseen_zero_shot,error_rate,full_aassr,prophecy_no_imagination,30,0.0,0.0,0.0,0.0,0.0,0.0,1.0,True,1.0
autonomy,autonomy,opaque_dependency_l8,evaluation_unseen_zero_shot,success,full_aassr,q_learning,30,0.0,0.0,0.0,0.0,0.0,0.0,1.0,True,1.0
autonomy,autonomy,opaque_dependency_l8,evaluation_unseen_zero_shot,steps,full_aassr,q_learning,30,8.0,8.0,0.0,0.0,0.0,0.0,1.0,True,1.0
autonomy,autonomy,opaque_dependency_l8,evaluation_unseen_zero_shot,high_level_steps,full_aassr,q_learning,30,8.0,8.0,0.0,0.0,0.0,0.0,1.0,True,1.0
autonomy,autonomy,opaque_dependency_l8,evaluation_unseen_zero_shot,primitive_steps,full_aassr,q_learning,30,8.0,8.0,0.0,0.0,0.0,0.0,1.0,True,1.0
autonomy,autonomy,opaque_dependency_l8,evaluation_unseen_zero_shot,reward,full_aassr,q_learning,30,0.0,0.0,0.0,0.0,0.0,0.0,1.0,True,1.0
autonomy,autonomy,opaque_dependency_l8,evaluation_unseen_zero_shot,errors,full_aassr,q_learning,30,0.0,0.0,0.0,0.0,0.0,0.0,1.0,True,1.0
autonomy,autonomy,opaque_dependency_l8,evaluation_unseen_zero_shot,repeats,full_aassr,q_learning,30,0.0,0.0,0.0,0.0,0.0,0.0,1.0,True,1.0
autonomy,autonomy,opaque_dependency_l8,evaluation_unseen_zero_shot,imagined_nodes,full_aassr,q_learning,30,0.0,0.0,0.0,0.0,0.0,0.0,1.0,True,1.0
autonomy,autonomy,opaque_dependency_l8,evaluation_unseen_zero_shot,imagination_depth,full_aassr,q_learning,30,0.0,0.0,0.0,0.0,0.0,0.0,1.0,True,1.0
autonomy,autonomy,opaque_dependency_l8,evaluation_unseen_zero_shot,actual_return,full_aassr,q_learning,30,0.0,0.0,0.0,0.0,0.0,0.0,1.0,True,1.0
autonomy,autonomy,opaque_dependency_l8,evaluation_unseen_zero_shot,runtime_seconds,full_aassr,q_learning,30,0.005150533649813345,0.0002612673333399774,0.004889266316473367,0.004644683149740255,0.00514723691654702,6.887168770320322,4.999750012499375e-05,True,0.00024998750062496874
autonomy,autonomy,opaque_dependency_l8,evaluation_unseen_zero_shot,real_transitions,full_aassr,q_learning,30,8.0,8.0,0.0,0.0,0.0,0.0,1.0,True,1.0
autonomy,autonomy,opaque_dependency_l8,evaluation_unseen_zero_shot,imagined_transitions,full_aassr,q_learning,30,0.0,0.0,0.0,0.0,0.0,0.0,1.0,True,1.0
autonomy,autonomy,opaque_dependency_l8,evaluation_unseen_zero_shot,action_proposals,full_aassr,q_learning,30,8.0,8.0,0.0,0.0,0.0,0.0,1.0,True,1.0
autonomy,autonomy,opaque_dependency_l8,evaluation_unseen_zero_shot,repeat_rate,full_aassr,q_learning,30,0.0,0.0,0.0,0.0,0.0,0.0,1.0,True,1.0
autonomy,autonomy,opaque_dependency_l8,evaluation_unseen_zero_shot,error_rate,full_aassr,q_learning,30,0.0,0.0,0.0,0.0,0.0,0.0,1.0,True,1.0
autonomy,autonomy,opaque_dependency_l8,evaluation_unseen_zero_shot,success,full_aassr,random,30,0.0,0.004333333333333333,-0.004333333333333333,-0.006,-0.0028333333333333335,-0.963441589806926,4.999750012499375e-05,True,0.00024998750062496874
autonomy,autonomy,opaque_dependency_l8,evaluation_unseen_zero_shot,steps,full_aassr,random,30,8.0,8.0,0.0,0.0,0.0,0.0,1.0,True,1.0
autonomy,autonomy,opaque_dependency_l8,evaluation_unseen_zero_shot,high_level_steps,full_aassr,random,30,8.0,8.0,0.0,0.0,0.0,0.0,1.0,True,1.0
autonomy,autonomy,opaque_dependency_l8,evaluation_unseen_zero_shot,primitive_steps,full_aassr,random,30,8.0,8.0,0.0,0.0,0.0,0.0,1.0,True,1.0
autonomy,autonomy,opaque_dependency_l8,evaluation_unseen_zero_shot,reward,full_aassr,random,30,0.0,0.004333333333333333,-0.004333333333333333,-0.006,-0.0028333333333333335,-0.963441589806926,4.999750012499375e-05,True,0.00024998750062496874
autonomy,autonomy,opaque_dependency_l8,evaluation_unseen_zero_shot,errors,full_aassr,random,30,0.0,0.0,0.0,0.0,0.0,0.0,1.0,True,1.0
autonomy,autonomy,opaque_dependency_l8,evaluation_unseen_zero_shot,repeats,full_aassr,random,30,0.0,0.0,0.0,0.0,0.0,0.0,1.0,True,1.0
autonomy,autonomy,opaque_dependency_l8,evaluation_unseen_zero_shot,prediction_score,full_aassr,random,30,0.0,0.0,0.0,0.0,0.0,0.0,1.0,True,1.0
autonomy,autonomy,opaque_dependency_l8,evaluation_unseen_zero_shot,holdout_score,full_aassr,random,30,1.0,0.0,1.0,1.0,1.0,0.0,4.999750012499375e-05,True,0.00014999250037498125
autonomy,autonomy,opaque_dependency_l8,evaluation_unseen_zero_shot,imagined_nodes,full_aassr,random,30,0.0,0.0,0.0,0.0,0.0,0.0,1.0,True,1.0
autonomy,autonomy,opaque_dependency_l8,evaluation_unseen_zero_shot,imagination_depth,full_aassr,random,30,0.0,0.0,0.0,0.0,0.0,0.0,1.0,True,1.0
autonomy,autonomy,opaque_dependency_l8,evaluation_unseen_zero_shot,actual_return,full_aassr,random,30,0.0,0.004333333333333333,-0.004333333333333333,-0.006,-0.0028333333333333335,-0.963441589806926,4.999750012499375e-05,True,0.00024998750062496874
autonomy,autonomy,opaque_dependency_l8,evaluation_unseen_zero_shot,runtime_seconds,full_aassr,random,30,0.005150533649813345,0.004988613550265048,0.0001619200995482971,-6.794705041587188e-05,0.00041699226635682877,0.23159685521749765,0.21478926053697314,True,0.4295785210739463
autonomy,autonomy,opaque_dependency_l8,evaluation_unseen_zero_shot,real_transitions,full_aassr,random,30,8.0,8.0,0.0,0.0,0.0,0.0,1.0,True,1.0
autonomy,autonomy,opaque_dependency_l8,evaluation_unseen_zero_shot,imagined_transitions,full_aassr,random,30,0.0,0.0,0.0,0.0,0.0,0.0,1.0,True,1.0
autonomy,autonomy,opaque_dependency_l8,evaluation_unseen_zero_shot,action_proposals,full_aassr,random,30,8.0,8.0,0.0,0.0,0.0,0.0,1.0,True,1.0
autonomy,autonomy,opaque_dependency_l8,evaluation_unseen_zero_shot,repeat_rate,full_aassr,random,30,0.0,0.0,0.0,0.0,0.0,0.0,1.0,True,1.0
autonomy,autonomy,opaque_dependency_l8,evaluation_unseen_zero_shot,error_rate,full_aassr,random,30,0.0,0.0,0.0,0.0,0.0,0.0,1.0,True,1.0
autonomy,autonomy,opaque_dependency_l8,training,success,full_aassr,contextual_policy,30,0.03431666666666667,0.16735,-0.13303333333333334,-0.16055,-0.10658333333333332,-1.7498564664262612,4.999750012499375e-05,True,0.00024998750062496874
autonomy,autonomy,opaque_dependency_l8,training,steps,full_aassr,contextual_policy,30,8.0,8.0,0.0,0.0,0.0,0.0,1.0,True,1.0
autonomy,autonomy,opaque_dependency_l8,training,high_level_steps,full_aassr,contextual_policy,30,8.0,8.0,0.0,0.0,0.0,0.0,1.0,True,1.0
autonomy,autonomy,opaque_dependency_l8,training,primitive_steps,full_aassr,contextual_policy,30,8.0,8.0,0.0,0.0,0.0,0.0,1.0,True,1.0
autonomy,autonomy,opaque_dependency_l8,training,reward,full_aassr,contextual_policy,30,0.03431666666666667,0.16735,-0.13303333333333334,-0.15951666666666667,-0.10641666666666666,-1.7498564664262612,4.999750012499375e-05,True,0.00024998750062496874
autonomy,autonomy,opaque_dependency_l8,training,errors,full_aassr,contextual_policy,30,0.0,0.0,0.0,0.0,0.0,0.0,1.0,True,1.0
autonomy,autonomy,opaque_dependency_l8,training,repeats,full_aassr,contextual_policy,30,0.0,0.0,0.0,0.0,0.0,0.0,1.0,True,1.0
autonomy,autonomy,opaque_dependency_l8,training,prediction_score,full_aassr,contextual_policy,30,0.9899749999999999,0.0,0.9899749999999999,0.98985,0.9901020833333334,2792.2599293229096,4.999750012499375e-05,True,0.00024998750062496874
autonomy,autonomy,opaque_dependency_l8,training,holdout_score,full_aassr,contextual_policy,30,0.12352435400680856,0.0,0.12352435400680856,0.12347911294175327,0.1235726647625101,922.2275255904118,4.999750012499375e-05,True,0.00024998750062496874
autonomy,autonomy,opaque_dependency_l8,training,holdout_gain,full_aassr,contextual_policy,30,6.6392562686676655e-06,0.0,6.6392562686676655e-06,5.233629841472979e-06,8.25570167380512e-06,1.5143433636586119,4.999750012499375e-05,True,0.00024998750062496874
autonomy,autonomy,opaque_dependency_l8,training,imagined_nodes,full_aassr,contextual_policy,30,525.2873999999999,0.0,525.2873999999999,524.33725,526.2215333333334,192.9487596772432,4.999750012499375e-05,True,0.00024998750062496874
autonomy,autonomy,opaque_dependency_l8,training,imagination_depth,full_aassr,contextual_policy,30,7.403833333333334,0.0,7.403833333333334,7.395883333333333,7.4123833333333335,315.02805274169845,4.999750012499375e-05,True,0.00024998750062496874
autonomy,autonomy,opaque_dependency_l8,training,actual_return,full_aassr,contextual_policy,30,0.03431666666666667,0.16735,-0.13303333333333334,-0.16026666666666667,-0.10661666666666667,-1.7498564664262612,4.999750012499375e-05,True,0.00024998750062496874
autonomy,autonomy,opaque_dependency_l8,training,runtime_seconds,full_aassr,contextual_policy,30,0.018366377895018864,0.0006342747251022956,0.017732103169916566,0.01732694293325961,0.018081455379844798,16.147033480095946,4.999750012499375e-05,True,0.00024998750062496874
autonomy,autonomy,opaque_dependency_l8,training,real_transitions,full_aassr,contextual_policy,30,8.0,8.0,0.0,0.0,0.0,0.0,1.0,True,1.0
autonomy,autonomy,opaque_dependency_l8,training,imagined_transitions,full_aassr,contextual_policy,30,525.2873999999999,0.0,525.2873999999999,524.3126,526.2808,192.9487596772432,4.999750012499375e-05,True,0.00024998750062496874
autonomy,autonomy,opaque_dependency_l8,training,action_proposals,full_aassr,contextual_policy,30,8.0,8.0,0.0,0.0,0.0,0.0,1.0,True,1.0
autonomy,autonomy,opaque_dependency_l8,training,repeat_rate,full_aassr,contextual_policy,30,0.0,0.0,0.0,0.0,0.0,0.0,1.0,True,1.0
autonomy,autonomy,opaque_dependency_l8,training,error_rate,full_aassr,contextual_policy,30,0.0,0.0,0.0,0.0,0.0,0.0,1.0,True,1.0
autonomy,autonomy,opaque_dependency_l8,training,learning_auc,full_aassr,contextual_policy,30,0.034333833583458394,0.1673670168417542,-0.1330331832582958,-0.15986326496581624,-0.10646990161747541,-1.7499246507275041,4.999750012499375e-05,True,0.00024998750062496874
autonomy,autonomy,opaque_dependency_l8,training,final_tail_success,full_aassr,contextual_policy,30,0.04933333333333333,0.2935,-0.24416666666666667,-0.29433333333333334,-0.194,-1.740828399017218,4.999750012499375e-05,True,0.00024998750062496874
autonomy,autonomy,opaque_dependency_l8,training,first_success_real_transitions,full_aassr,contextual_policy,27,1936.2962962962963,1196.7407407407406,739.5555555555555,163.25925925925927,1381.6296296296296,0.45342801705295427,0.022848857557122144,True,0.09139543022848858
autonomy,autonomy,opaque_dependency_l8,training,success,full_aassr,dqn,30,0.03431666666666667,0.0028,0.031516666666666665,0.019116666666666667,0.04368333333333333,0.9081360494117643,0.00014999250037498125,True,0.0002999850007499625
autonomy,autonomy,opaque_dependency_l8,training,steps,full_aassr,dqn,30,8.0,8.0,0.0,0.0,0.0,0.0,1.0,True,1.0
autonomy,autonomy,opaque_dependency_l8,training,high_level_steps,full_aassr,dqn,30,8.0,8.0,0.0,0.0,0.0,0.0,1.0,True,1.0
autonomy,autonomy,opaque_dependency_l8,training,primitive_steps,full_aassr,dqn,30,8.0,8.0,0.0,0.0,0.0,0.0,1.0,True,1.0
autonomy,autonomy,opaque_dependency_l8,training,reward,full_aassr,dqn,30,0.03431666666666667,0.0028,0.031516666666666665,0.019466666666666667,0.044116666666666665,0.9081360494117643,9.99950002499875e-05,True,0.00024998750062496874
autonomy,autonomy,opaque_dependency_l8,training,errors,full_aassr,dqn,30,0.0,0.0,0.0,0.0,0.0,0.0,1.0,True,1.0
autonomy,autonomy,opaque_dependency_l8,training,repeats,full_aassr,dqn,30,0.0,0.0,0.0,0.0,0.0,0.0,1.0,True,1.0
autonomy,autonomy,opaque_dependency_l8,training,prediction_score,full_aassr,dqn,30,0.9899749999999999,0.0,0.9899749999999999,0.9898520833333334,0.9900979166666667,2792.2599293229096,4.999750012499375e-05,True,0.00024998750062496874
autonomy,autonomy,opaque_dependency_l8,training,holdout_score,full_aassr,dqn,30,0.12352435400680856,0.0,0.12352435400680856,0.12347859005261363,0.12357343759022314,922.2275255904118,4.999750012499375e-05,True,0.00024998750062496874
autonomy,autonomy,opaque_dependency_l8,training,holdout_gain,full_aassr,dqn,30,6.6392562686676655e-06,0.0,6.6392562686676655e-06,5.1632358427701556e-06,8.251289915363668e-06,1.5143433636586119,4.999750012499375e-05,True,0.00024998750062496874
autonomy,autonomy,opaque_dependency_l8,training,imagined_nodes,full_aassr,dqn,30,525.2873999999999,0.0,525.2873999999999,524.3533833333333,526.2473,192.9487596772432,4.999750012499375e-05,True,0.00024998750062496874
autonomy,autonomy,opaque_dependency_l8,training,imagination_depth,full_aassr,dqn,30,7.403833333333334,0.0,7.403833333333334,7.395883333333333,7.412183333333333,315.02805274169845,4.999750012499375e-05,True,0.00024998750062496874
autonomy,autonomy,opaque_dependency_l8,training,actual_return,full_aassr,dqn,30,0.03431666666666667,0.0028,0.031516666666666665,0.019399999999999997,0.044116666666666665,0.9081360494117643,4.999750012499375e-05,True,0.00024998750062496874
autonomy,autonomy,opaque_dependency_l8,training,runtime_seconds,full_aassr,dqn,30,0.018366377895018864,0.010545095883318088,0.007821282011700775,0.007392098115136711,0.008222506263228327,6.524756490013873,4.999750012499375e-05,True,0.00024998750062496874
autonomy,autonomy,opaque_dependency_l8,training,real_transitions,full_aassr,dqn,30,8.0,8.0,0.0,0.0,0.0,0.0,1.0,True,1.0
autonomy,autonomy,opaque_dependency_l8,training,imagined_transitions,full_aassr,dqn,30,525.2873999999999,0.0,525.2873999999999,524.33155,526.2339,192.9487596772432,4.999750012499375e-05,True,0.00024998750062496874
autonomy,autonomy,opaque_dependency_l8,training,action_proposals,full_aassr,dqn,30,8.0,8.0,0.0,0.0,0.0,0.0,1.0,True,1.0
autonomy,autonomy,opaque_dependency_l8,training,repeat_rate,full_aassr,dqn,30,0.0,0.0,0.0,0.0,0.0,0.0,1.0,True,1.0
autonomy,autonomy,opaque_dependency_l8,training,error_rate,full_aassr,dqn,30,0.0,0.0,0.0,0.0,0.0,0.0,1.0,True,1.0
autonomy,autonomy,opaque_dependency_l8,training,learning_auc,full_aassr,dqn,30,0.034333833583458394,0.002801400700350175,0.03153243288310822,0.019493079873269967,0.043621810905452724,0.9081360494117643,4.999750012499375e-05,True,0.00024998750062496874
autonomy,autonomy,opaque_dependency_l8,training,final_tail_success,full_aassr,dqn,30,0.04933333333333333,0.001,0.04833333333333333,0.030000000000000002,0.067,0.9050013646090563,0.0002999850007499625,True,0.0002999850007499625
autonomy,autonomy,opaque_dependency_l8,training,first_success_real_transitions,full_aassr,dqn,26,1968.3076923076924,1766.7692307692307,201.53846153846155,-422.46153846153845,877.5384615384615,0.11795175144361343,0.5643717814109295,True,0.9937503124843757
autonomy,autonomy,opaque_dependency_l8,training,success,full_aassr,prophecy_no_imagination,30,0.03431666666666667,0.15943333333333334,-0.12511666666666665,-0.15048333333333333,-0.09916666666666667,-1.709734432020875,4.999750012499375e-05,True,0.00024998750062496874
autonomy,autonomy,opaque_dependency_l8,training,steps,full_aassr,prophecy_no_imagination,30,8.0,8.0,0.0,0.0,0.0,0.0,1.0,True,1.0
autonomy,autonomy,opaque_dependency_l8,training,high_level_steps,full_aassr,prophecy_no_imagination,30,8.0,8.0,0.0,0.0,0.0,0.0,1.0,True,1.0
autonomy,autonomy,opaque_dependency_l8,training,primitive_steps,full_aassr,prophecy_no_imagination,30,8.0,8.0,0.0,0.0,0.0,0.0,1.0,True,1.0
autonomy,autonomy,opaque_dependency_l8,training,reward,full_aassr,prophecy_no_imagination,30,0.03431666666666667,0.15943333333333334,-0.12511666666666665,-0.15063333333333334,-0.09866666666666667,-1.709734432020875,4.999750012499375e-05,True,0.00024998750062496874
autonomy,autonomy,opaque_dependency_l8,training,errors,full_aassr,prophecy_no_imagination,30,0.0,0.0,0.0,0.0,0.0,0.0,1.0,True,1.0
autonomy,autonomy,opaque_dependency_l8,training,repeats,full_aassr,prophecy_no_imagination,30,0.0,0.0,0.0,0.0,0.0,0.0,1.0,True,1.0
autonomy,autonomy,opaque_dependency_l8,training,prediction_score,full_aassr,prophecy_no_imagination,30,0.9899749999999999,0.9899770833333333,-2.083333333328478e-06,-1.4583333333336354e-05,1.0416666666683099e-05,-0.05420513402994689,1.0,True,1.0
autonomy,autonomy,opaque_dependency_l8,training,holdout_score,full_aassr,prophecy_no_imagination,30,0.12352435400680856,0.12352975517296182,-5.4011661532659315e-06,-1.6191816276241168e-05,4.815729103804326e-06,-0.1843996345755828,0.3329833508324584,True,0.3329833508324584
autonomy,autonomy,opaque_dependency_l8,training,holdout_gain,full_aassr,prophecy_no_imagination,30,6.6392562686676655e-06,6.495407062318459e-06,1.438492063492063e-07,-1.1160714285714291e-07,4.0798611111111105e-07,0.1984236480863519,0.3143342832858357,True,0.3143342832858357
autonomy,autonomy,opaque_dependency_l8,training,imagined_nodes,full_aassr,prophecy_no_imagination,30,525.2873999999999,0.0,525.2873999999999,524.3384,526.2566333333333,192.9487596772432,4.999750012499375e-05,True,0.00024998750062496874
autonomy,autonomy,opaque_dependency_l8,training,imagination_depth,full_aassr,prophecy_no_imagination,30,7.403833333333334,0.0,7.403833333333334,7.395716666666667,7.412133333333333,315.02805274169845,4.999750012499375e-05,True,0.00024998750062496874
autonomy,autonomy,opaque_dependency_l8,training,actual_return,full_aassr,prophecy_no_imagination,30,0.03431666666666667,0.15943333333333334,-0.12511666666666665,-0.1508,-0.09949999999999999,-1.709734432020875,4.999750012499375e-05,True,0.00024998750062496874
autonomy,autonomy,opaque_dependency_l8,training,runtime_seconds,full_aassr,prophecy_no_imagination,30,0.018366377895018864,0.0020178204682966073,0.016348557426722254,0.015933683609935297,0.016695194205115452,15.013997553402538,4.999750012499375e-05,True,0.00024998750062496874
autonomy,autonomy,opaque_dependency_l8,training,real_transitions,full_aassr,prophecy_no_imagination,30,8.0,8.0,0.0,0.0,0.0,0.0,1.0,True,1.0
autonomy,autonomy,opaque_dependency_l8,training,imagined_transitions,full_aassr,prophecy_no_imagination,30,525.2873999999999,0.0,525.2873999999999,524.3093333333334,526.2342833333333,192.9487596772432,4.999750012499375e-05,True,0.00024998750062496874
autonomy,autonomy,opaque_dependency_l8,training,action_proposals,full_aassr,prophecy_no_imagination,30,8.0,8.0,0.0,0.0,0.0,0.0,1.0,True,1.0
autonomy,autonomy,opaque_dependency_l8,training,repeat_rate,full_aassr,prophecy_no_imagination,30,0.0,0.0,0.0,0.0,0.0,0.0,1.0,True,1.0
autonomy,autonomy,opaque_dependency_l8,training,error_rate,full_aassr,prophecy_no_imagination,30,0.0,0.0,0.0,0.0,0.0,0.0,1.0,True,1.0
autonomy,autonomy,opaque_dependency_l8,training,learning_auc,full_aassr,prophecy_no_imagination,30,0.034333833583458394,0.15945472736368185,-0.12512089378022345,-0.1509171252292813,-0.10002501250625313,-1.709737069252777,4.999750012499375e-05,True,0.00024998750062496874
autonomy,autonomy,opaque_dependency_l8,training,final_tail_success,full_aassr,prophecy_no_imagination,30,0.04933333333333333,0.2768333333333333,-0.2275,-0.27466666666666667,-0.18283333333333335,-1.707771201165101,4.999750012499375e-05,True,0.00024998750062496874
autonomy,autonomy,opaque_dependency_l8,training,first_success_real_transitions,full_aassr,prophecy_no_imagination,27,1936.2962962962963,1196.7407407407406,739.5555555555555,186.66666666666666,1377.7777777777778,0.45342801705295427,0.023098845057747112,True,0.09139543022848858
autonomy,autonomy,opaque_dependency_l8,training,success,full_aassr,q_learning,30,0.03431666666666667,0.003033333333333333,0.03128333333333334,0.019883333333333333,0.043166666666666666,0.9382507900094735,4.999750012499375e-05,True,0.00024998750062496874
autonomy,autonomy,opaque_dependency_l8,training,steps,full_aassr,q_learning,30,8.0,8.0,0.0,0.0,0.0,0.0,1.0,True,1.0
autonomy,autonomy,opaque_dependency_l8,training,high_level_steps,full_aassr,q_learning,30,8.0,8.0,0.0,0.0,0.0,0.0,1.0,True,1.0
autonomy,autonomy,opaque_dependency_l8,training,primitive_steps,full_aassr,q_learning,30,8.0,8.0,0.0,0.0,0.0,0.0,1.0,True,1.0
autonomy,autonomy,opaque_dependency_l8,training,reward,full_aassr,q_learning,30,0.03431666666666667,0.003033333333333333,0.03128333333333334,0.020183333333333334,0.04271666666666666,0.9382507900094735,4.999750012499375e-05,True,0.00024998750062496874
autonomy,autonomy,opaque_dependency_l8,training,errors,full_aassr,q_learning,30,0.0,0.0,0.0,0.0,0.0,0.0,1.0,True,1.0
autonomy,autonomy,opaque_dependency_l8,training,repeats,full_aassr,q_learning,30,0.0,0.0,0.0,0.0,0.0,0.0,1.0,True,1.0
autonomy,autonomy,opaque_dependency_l8,training,prediction_score,full_aassr,q_learning,30,0.9899749999999999,0.0,0.9899749999999999,0.9898520833333334,0.9900958333333333,2792.2599293229096,4.999750012499375e-05,True,0.00024998750062496874
autonomy,autonomy,opaque_dependency_l8,training,holdout_score,full_aassr,q_learning,30,0.12352435400680856,0.0,0.12352435400680856,0.12347758312340278,0.12357310004129397,922.2275255904118,4.999750012499375e-05,True,0.00024998750062496874
autonomy,autonomy,opaque_dependency_l8,training,holdout_gain,full_aassr,q_learning,30,6.6392562686676655e-06,0.0,6.6392562686676655e-06,5.151949264927473e-06,8.246330773180629e-06,1.5143433636586119,4.999750012499375e-05,True,0.00024998750062496874
autonomy,autonomy,opaque_dependency_l8,training,imagined_nodes,full_aassr,q_learning,30,525.2873999999999,0.0,525.2873999999999,524.3316666666667,526.2494333333333,192.9487596772432,4.999750012499375e-05,True,0.00024998750062496874
autonomy,autonomy,opaque_dependency_l8,training,imagination_depth,full_aassr,q_learning,30,7.403833333333334,0.0,7.403833333333334,7.395816666666667,7.41235,315.02805274169845,4.999750012499375e-05,True,0.00024998750062496874
autonomy,autonomy,opaque_dependency_l8,training,actual_return,full_aassr,q_learning,30,0.03431666666666667,0.003033333333333333,0.03128333333333334,0.0197,0.04326666666666667,0.9382507900094735,4.999750012499375e-05,True,0.00024998750062496874
autonomy,autonomy,opaque_dependency_l8,training,runtime_seconds,full_aassr,q_learning,30,0.018366377895018864,0.0003316434249640831,0.018034734470054777,0.01763707301502485,0.01837938565014823,16.6454536851705,4.999750012499375e-05,True,0.00024998750062496874
autonomy,autonomy,opaque_dependency_l8,training,real_transitions,full_aassr,q_learning,30,8.0,8.0,0.0,0.0,0.0,0.0,1.0,True,1.0
autonomy,autonomy,opaque_dependency_l8,training,imagined_transitions,full_aassr,q_learning,30,525.2873999999999,0.0,525.2873999999999,524.3336,526.2451,192.9487596772432,4.999750012499375e-05,True,0.00024998750062496874
autonomy,autonomy,opaque_dependency_l8,training,action_proposals,full_aassr,q_learning,30,8.0,8.0,0.0,0.0,0.0,0.0,1.0,True,1.0
autonomy,autonomy,opaque_dependency_l8,training,repeat_rate,full_aassr,q_learning,30,0.0,0.0,0.0,0.0,0.0,0.0,1.0,True,1.0
autonomy,autonomy,opaque_dependency_l8,training,error_rate,full_aassr,q_learning,30,0.0,0.0,0.0,0.0,0.0,0.0,1.0,True,1.0
autonomy,autonomy,opaque_dependency_l8,training,learning_auc,full_aassr,q_learning,30,0.034333833583458394,0.00303485075871269,0.031298982824745705,0.01980990495247624,0.0431882607970652,0.9382507900094734,4.999750012499375e-05,True,0.00024998750062496874
autonomy,autonomy,opaque_dependency_l8,training,final_tail_success,full_aassr,q_learning,30,0.04933333333333333,0.0035,0.04583333333333333,0.027666666666666666,0.06483333333333334,0.8685562954430265,9.99950002499875e-05,True,0.0002999850007499625
autonomy,autonomy,opaque_dependency_l8,training,first_success_real_transitions,full_aassr,q_learning,23,1840.695652173913,1128.695652173913,712.0,160.69565217391303,1401.7391304347825,0.4489736546077052,0.006049697515124244,True,0.030248487575621222
autonomy,autonomy,opaque_dependency_l8,training,success,full_aassr,random,30,0.03431666666666667,0.0036166666666666665,0.030699999999999998,0.019133333333333332,0.04256666666666666,0.9014460117507174,0.00014999250037498125,True,0.0002999850007499625
autonomy,autonomy,opaque_dependency_l8,training,steps,full_aassr,random,30,8.0,8.0,0.0,0.0,0.0,0.0,1.0,True,1.0
autonomy,autonomy,opaque_dependency_l8,training,high_level_steps,full_aassr,random,30,8.0,8.0,0.0,0.0,0.0,0.0,1.0,True,1.0
autonomy,autonomy,opaque_dependency_l8,training,primitive_steps,full_aassr,random,30,8.0,8.0,0.0,0.0,0.0,0.0,1.0,True,1.0
autonomy,autonomy,opaque_dependency_l8,training,reward,full_aassr,random,30,0.03431666666666667,0.0036166666666666665,0.030699999999999998,0.018716666666666666,0.042733333333333325,0.9014460117507174,9.99950002499875e-05,True,0.00024998750062496874
autonomy,autonomy,opaque_dependency_l8,training,errors,full_aassr,random,30,0.0,0.0,0.0,0.0,0.0,0.0,1.0,True,1.0
autonomy,autonomy,opaque_dependency_l8,training,repeats,full_aassr,random,30,0.0,0.0,0.0,0.0,0.0,0.0,1.0,True,1.0
autonomy,autonomy,opaque_dependency_l8,training,prediction_score,full_aassr,random,30,0.9899749999999999,0.0,0.9899749999999999,0.9898520833333334,0.9901,2792.2599293229096,4.999750012499375e-05,True,0.00024998750062496874
autonomy,autonomy,opaque_dependency_l8,training,holdout_score,full_aassr,random,30,0.12352435400680856,0.0,0.12352435400680856,0.12347814192068825,0.12357353362417683,922.2275255904118,4.999750012499375e-05,True,0.00024998750062496874
autonomy,autonomy,opaque_dependency_l8,training,holdout_gain,full_aassr,random,30,6.6392562686676655e-06,0.0,6.6392562686676655e-06,5.1784017317105555e-06,8.322594174811677e-06,1.5143433636586119,4.999750012499375e-05,True,0.00024998750062496874
autonomy,autonomy,opaque_dependency_l8,training,imagined_nodes,full_aassr,random,30,525.2873999999999,0.0,525.2873999999999,524.3406833333333,526.2408166666667,192.9487596772432,4.999750012499375e-05,True,0.00024998750062496874
autonomy,autonomy,opaque_dependency_l8,training,imagination_depth,full_aassr,random,30,7.403833333333334,0.0,7.403833333333334,7.395816666666666,7.4120833333333325,315.02805274169845,4.999750012499375e-05,True,0.00024998750062496874
autonomy,autonomy,opaque_dependency_l8,training,actual_return,full_aassr,random,30,0.03431666666666667,0.0036166666666666665,0.030699999999999998,0.01923333333333333,0.042616666666666664,0.9014460117507174,0.000199990000499975,True,0.00024998750062496874
autonomy,autonomy,opaque_dependency_l8,training,runtime_seconds,full_aassr,random,30,0.018366377895018864,0.00043005269002751445,0.017936325204991346,0.017525156481750796,0.018274838873340922,16.570042954705958,4.999750012499375e-05,True,0.00024998750062496874
autonomy,autonomy,opaque_dependency_l8,training,real_transitions,full_aassr,random,30,8.0,8.0,0.0,0.0,0.0,0.0,1.0,True,1.0
autonomy,autonomy,opaque_dependency_l8,training,imagined_transitions,full_aassr,random,30,525.2873999999999,0.0,525.2873999999999,524.3773833333333,526.2520166666667,192.9487596772432,4.999750012499375e-05,True,0.00024998750062496874
autonomy,autonomy,opaque_dependency_l8,training,action_proposals,full_aassr,random,30,8.0,8.0,0.0,0.0,0.0,0.0,1.0,True,1.0
autonomy,autonomy,opaque_dependency_l8,training,repeat_rate,full_aassr,random,30,0.0,0.0,0.0,0.0,0.0,0.0,1.0,True,1.0
autonomy,autonomy,opaque_dependency_l8,training,error_rate,full_aassr,random,30,0.0,0.0,0.0,0.0,0.0,0.0,1.0,True,1.0
autonomy,autonomy,opaque_dependency_l8,training,learning_auc,full_aassr,random,30,0.034333833583458394,0.003618475904618976,0.030715357678839417,0.018976154744038683,0.04265466066366517,0.9014460117507174,9.99950002499875e-05,True,0.00024998750062496874
autonomy,autonomy,opaque_dependency_l8,training,final_tail_success,full_aassr,random,30,0.04933333333333333,0.002,0.04733333333333333,0.029,0.06616666666666667,0.8880504173319013,9.99950002499875e-05,True,0.0002999850007499625
autonomy,autonomy,opaque_dependency_l8,training,first_success_real_transitions,full_aassr,random,27,1936.2962962962963,1654.2222222222222,282.0740740740741,-469.037037037037,1062.5185185185185,0.13510312406187677,0.49687515624218787,True,0.9937503124843757
