experiment,suite,condition,environment,model,phase,action_family,metric,seed_count,mean,sd,ci95_low,ci95_high,minimum,maximum
autonomy,autonomy,contextual_policy,opaque_dependency_l4,none,evaluation_seen,opaque,success,30,0.0,0.0,0.0,0.0,0.0,0.0
autonomy,autonomy,contextual_policy,opaque_dependency_l4,none,evaluation_seen,opaque,steps,30,4.0,0.0,4.0,4.0,4.0,4.0
autonomy,autonomy,contextual_policy,opaque_dependency_l4,none,evaluation_seen,opaque,high_level_steps,30,4.0,0.0,4.0,4.0,4.0,4.0
autonomy,autonomy,contextual_policy,opaque_dependency_l4,none,evaluation_seen,opaque,primitive_steps,30,4.0,0.0,4.0,4.0,4.0,4.0
autonomy,autonomy,contextual_policy,opaque_dependency_l4,none,evaluation_seen,opaque,reward,30,0.0,0.0,0.0,0.0,0.0,0.0
autonomy,autonomy,contextual_policy,opaque_dependency_l4,none,evaluation_seen,opaque,errors,30,0.0,0.0,0.0,0.0,0.0,0.0
autonomy,autonomy,contextual_policy,opaque_dependency_l4,none,evaluation_seen,opaque,repeats,30,0.0,0.0,0.0,0.0,0.0,0.0
autonomy,autonomy,contextual_policy,opaque_dependency_l4,none,evaluation_seen,opaque,prediction_score,30,0.0,0.0,0.0,0.0,0.0,0.0
autonomy,autonomy,contextual_policy,opaque_dependency_l4,none,evaluation_seen,opaque,holdout_score,30,0.0,0.0,0.0,0.0,0.0,0.0
autonomy,autonomy,contextual_policy,opaque_dependency_l4,none,evaluation_seen,opaque,imagined_nodes,30,0.0,0.0,0.0,0.0,0.0,0.0
autonomy,autonomy,contextual_policy,opaque_dependency_l4,none,evaluation_seen,opaque,imagination_depth,30,0.0,0.0,0.0,0.0,0.0,0.0
autonomy,autonomy,contextual_policy,opaque_dependency_l4,none,evaluation_seen,opaque,actual_return,30,0.0,0.0,0.0,0.0,0.0,0.0
autonomy,autonomy,contextual_policy,opaque_dependency_l4,none,evaluation_seen,opaque,runtime_seconds,30,0.001973741316459685,0.0001868154965041363,0.0019059036170656326,0.0020365633994661038,0.0016848989983554929,0.0022463199986668767
autonomy,autonomy,contextual_policy,opaque_dependency_l4,none,evaluation_seen,opaque,real_transitions,30,4.0,0.0,4.0,4.0,4.0,4.0
autonomy,autonomy,contextual_policy,opaque_dependency_l4,none,evaluation_seen,opaque,imagined_transitions,30,0.0,0.0,0.0,0.0,0.0,0.0
autonomy,autonomy,contextual_policy,opaque_dependency_l4,none,evaluation_seen,opaque,action_proposals,30,4.0,0.0,4.0,4.0,4.0,4.0
autonomy,autonomy,contextual_policy,opaque_dependency_l4,none,evaluation_seen,opaque,repeat_rate,30,0.0,0.0,0.0,0.0,0.0,0.0
autonomy,autonomy,contextual_policy,opaque_dependency_l4,none,evaluation_seen,opaque,error_rate,30,0.0,0.0,0.0,0.0,0.0,0.0
autonomy,autonomy,contextual_policy,opaque_dependency_l4,none,evaluation_unseen_zero_shot,opaque,success,30,0.0,0.0,0.0,0.0,0.0,0.0
autonomy,autonomy,contextual_policy,opaque_dependency_l4,none,evaluation_unseen_zero_shot,opaque,steps,30,4.0,0.0,4.0,4.0,4.0,4.0
autonomy,autonomy,contextual_policy,opaque_dependency_l4,none,evaluation_unseen_zero_shot,opaque,high_level_steps,30,4.0,0.0,4.0,4.0,4.0,4.0
autonomy,autonomy,contextual_policy,opaque_dependency_l4,none,evaluation_unseen_zero_shot,opaque,primitive_steps,30,4.0,0.0,4.0,4.0,4.0,4.0
autonomy,autonomy,contextual_policy,opaque_dependency_l4,none,evaluation_unseen_zero_shot,opaque,reward,30,0.0,0.0,0.0,0.0,0.0,0.0
autonomy,autonomy,contextual_policy,opaque_dependency_l4,none,evaluation_unseen_zero_shot,opaque,errors,30,0.0,0.0,0.0,0.0,0.0,0.0
autonomy,autonomy,contextual_policy,opaque_dependency_l4,none,evaluation_unseen_zero_shot,opaque,repeats,30,0.0,0.0,0.0,0.0,0.0,0.0
autonomy,autonomy,contextual_policy,opaque_dependency_l4,none,evaluation_unseen_zero_shot,opaque,prediction_score,30,0.0,0.0,0.0,0.0,0.0,0.0
autonomy,autonomy,contextual_policy,opaque_dependency_l4,none,evaluation_unseen_zero_shot,opaque,holdout_score,30,0.0,0.0,0.0,0.0,0.0,0.0
autonomy,autonomy,contextual_policy,opaque_dependency_l4,none,evaluation_unseen_zero_shot,opaque,imagined_nodes,30,0.0,0.0,0.0,0.0,0.0,0.0
autonomy,autonomy,contextual_policy,opaque_dependency_l4,none,evaluation_unseen_zero_shot,opaque,imagination_depth,30,0.0,0.0,0.0,0.0,0.0,0.0
autonomy,autonomy,contextual_policy,opaque_dependency_l4,none,evaluation_unseen_zero_shot,opaque,actual_return,30,0.0,0.0,0.0,0.0,0.0,0.0
autonomy,autonomy,contextual_policy,opaque_dependency_l4,none,evaluation_unseen_zero_shot,opaque,runtime_seconds,30,0.0019656730832454438,0.00023153709687744232,0.0018834205667177836,0.0020464966330231015,0.001522652501007542,0.0024555764989054297
autonomy,autonomy,contextual_policy,opaque_dependency_l4,none,evaluation_unseen_zero_shot,opaque,real_transitions,30,4.0,0.0,4.0,4.0,4.0,4.0
autonomy,autonomy,contextual_policy,opaque_dependency_l4,none,evaluation_unseen_zero_shot,opaque,imagined_transitions,30,0.0,0.0,0.0,0.0,0.0,0.0
autonomy,autonomy,contextual_policy,opaque_dependency_l4,none,evaluation_unseen_zero_shot,opaque,action_proposals,30,4.0,0.0,4.0,4.0,4.0,4.0
autonomy,autonomy,contextual_policy,opaque_dependency_l4,none,evaluation_unseen_zero_shot,opaque,repeat_rate,30,0.0,0.0,0.0,0.0,0.0,0.0
autonomy,autonomy,contextual_policy,opaque_dependency_l4,none,evaluation_unseen_zero_shot,opaque,error_rate,30,0.0,0.0,0.0,0.0,0.0,0.0
autonomy,autonomy,contextual_policy,opaque_dependency_l4,none,training,opaque,success,30,0.6542666666666667,0.011666141203273384,0.6501,0.6584666666666668,0.63,0.6735
autonomy,autonomy,contextual_policy,opaque_dependency_l4,none,training,opaque,steps,30,4.0,0.0,4.0,4.0,4.0,4.0
autonomy,autonomy,contextual_policy,opaque_dependency_l4,none,training,opaque,high_level_steps,30,4.0,0.0,4.0,4.0,4.0,4.0
autonomy,autonomy,contextual_policy,opaque_dependency_l4,none,training,opaque,primitive_steps,30,4.0,0.0,4.0,4.0,4.0,4.0
autonomy,autonomy,contextual_policy,opaque_dependency_l4,none,training,opaque,reward,30,0.6542666666666667,0.011666141203273384,0.6501666666666667,0.6584,0.63,0.6735
autonomy,autonomy,contextual_policy,opaque_dependency_l4,none,training,opaque,errors,30,0.0,0.0,0.0,0.0,0.0,0.0
autonomy,autonomy,contextual_policy,opaque_dependency_l4,none,training,opaque,repeats,30,0.0,0.0,0.0,0.0,0.0,0.0
autonomy,autonomy,contextual_policy,opaque_dependency_l4,none,training,opaque,prediction_score,30,0.0,0.0,0.0,0.0,0.0,0.0
autonomy,autonomy,contextual_policy,opaque_dependency_l4,none,training,opaque,holdout_score,30,0.0,0.0,0.0,0.0,0.0,0.0
autonomy,autonomy,contextual_policy,opaque_dependency_l4,none,training,opaque,holdout_gain,30,0.0,0.0,0.0,0.0,0.0,0.0
autonomy,autonomy,contextual_policy,opaque_dependency_l4,none,training,opaque,imagined_nodes,30,0.0,0.0,0.0,0.0,0.0,0.0
autonomy,autonomy,contextual_policy,opaque_dependency_l4,none,training,opaque,imagination_depth,30,0.0,0.0,0.0,0.0,0.0,0.0
autonomy,autonomy,contextual_policy,opaque_dependency_l4,none,training,opaque,actual_return,30,0.6542666666666667,0.011666141203273384,0.65015,0.6584,0.63,0.6735
autonomy,autonomy,contextual_policy,opaque_dependency_l4,none,training,opaque,runtime_seconds,30,0.00027079407000370946,1.998360363680788e-05,0.0002636343367402636,0.00027765979167064265,0.0002274353499233257,0.000307498999973177
autonomy,autonomy,contextual_policy,opaque_dependency_l4,none,training,opaque,real_transitions,30,4.0,0.0,4.0,4.0,4.0,4.0
autonomy,autonomy,contextual_policy,opaque_dependency_l4,none,training,opaque,imagined_transitions,30,0.0,0.0,0.0,0.0,0.0,0.0
autonomy,autonomy,contextual_policy,opaque_dependency_l4,none,training,opaque,action_proposals,30,4.0,0.0,4.0,4.0,4.0,4.0
autonomy,autonomy,contextual_policy,opaque_dependency_l4,none,training,opaque,repeat_rate,30,0.0,0.0,0.0,0.0,0.0,0.0
autonomy,autonomy,contextual_policy,opaque_dependency_l4,none,training,opaque,error_rate,30,0.0,0.0,0.0,0.0,0.0,0.0
autonomy,autonomy,contextual_policy,opaque_dependency_l4,none,training,opaque,learning_auc,30,0.6543688510922128,0.011657209189754292,0.650200100050025,0.658412539603135,0.6300650325162581,0.6735867933966984
autonomy,autonomy,contextual_policy,opaque_dependency_l4,none,training,opaque,final_tail_success,30,0.9113333333333333,0.012312968586100547,0.907,0.9155,0.89,0.94
autonomy,autonomy,contextual_policy,opaque_dependency_l4,none,training,opaque,first_success_real_transitions,30,76.0,76.44515726300467,50.53333333333333,104.4,8.0,316.0
autonomy,autonomy,contextual_policy,opaque_dependency_l6,none,evaluation_seen,opaque,success,30,0.0,0.0,0.0,0.0,0.0,0.0
autonomy,autonomy,contextual_policy,opaque_dependency_l6,none,evaluation_seen,opaque,steps,30,6.0,0.0,6.0,6.0,6.0,6.0
autonomy,autonomy,contextual_policy,opaque_dependency_l6,none,evaluation_seen,opaque,high_level_steps,30,6.0,0.0,6.0,6.0,6.0,6.0
autonomy,autonomy,contextual_policy,opaque_dependency_l6,none,evaluation_seen,opaque,primitive_steps,30,6.0,0.0,6.0,6.0,6.0,6.0
autonomy,autonomy,contextual_policy,opaque_dependency_l6,none,evaluation_seen,opaque,reward,30,0.0,0.0,0.0,0.0,0.0,0.0
autonomy,autonomy,contextual_policy,opaque_dependency_l6,none,evaluation_seen,opaque,errors,30,0.0,0.0,0.0,0.0,0.0,0.0
autonomy,autonomy,contextual_policy,opaque_dependency_l6,none,evaluation_seen,opaque,repeats,30,0.0,0.0,0.0,0.0,0.0,0.0
autonomy,autonomy,contextual_policy,opaque_dependency_l6,none,evaluation_seen,opaque,prediction_score,30,0.0,0.0,0.0,0.0,0.0,0.0
autonomy,autonomy,contextual_policy,opaque_dependency_l6,none,evaluation_seen,opaque,holdout_score,30,0.0,0.0,0.0,0.0,0.0,0.0
autonomy,autonomy,contextual_policy,opaque_dependency_l6,none,evaluation_seen,opaque,imagined_nodes,30,0.0,0.0,0.0,0.0,0.0,0.0
autonomy,autonomy,contextual_policy,opaque_dependency_l6,none,evaluation_seen,opaque,imagination_depth,30,0.0,0.0,0.0,0.0,0.0,0.0
autonomy,autonomy,contextual_policy,opaque_dependency_l6,none,evaluation_seen,opaque,actual_return,30,0.0,0.0,0.0,0.0,0.0,0.0
autonomy,autonomy,contextual_policy,opaque_dependency_l6,none,evaluation_seen,opaque,runtime_seconds,30,0.0033659248834834823,0.00030851791698756814,0.0032580390502601705,0.0034759434832958504,0.0027914745008456522,0.0042857934994390235
autonomy,autonomy,contextual_policy,opaque_dependency_l6,none,evaluation_seen,opaque,real_transitions,30,6.0,0.0,6.0,6.0,6.0,6.0
autonomy,autonomy,contextual_policy,opaque_dependency_l6,none,evaluation_seen,opaque,imagined_transitions,30,0.0,0.0,0.0,0.0,0.0,0.0
autonomy,autonomy,contextual_policy,opaque_dependency_l6,none,evaluation_seen,opaque,action_proposals,30,6.0,0.0,6.0,6.0,6.0,6.0
autonomy,autonomy,contextual_policy,opaque_dependency_l6,none,evaluation_seen,opaque,repeat_rate,30,0.0,0.0,0.0,0.0,0.0,0.0
autonomy,autonomy,contextual_policy,opaque_dependency_l6,none,evaluation_seen,opaque,error_rate,30,0.0,0.0,0.0,0.0,0.0,0.0
autonomy,autonomy,contextual_policy,opaque_dependency_l6,none,evaluation_unseen_zero_shot,opaque,success,30,0.0,0.0,0.0,0.0,0.0,0.0
autonomy,autonomy,contextual_policy,opaque_dependency_l6,none,evaluation_unseen_zero_shot,opaque,steps,30,6.0,0.0,6.0,6.0,6.0,6.0
autonomy,autonomy,contextual_policy,opaque_dependency_l6,none,evaluation_unseen_zero_shot,opaque,high_level_steps,30,6.0,0.0,6.0,6.0,6.0,6.0
autonomy,autonomy,contextual_policy,opaque_dependency_l6,none,evaluation_unseen_zero_shot,opaque,primitive_steps,30,6.0,0.0,6.0,6.0,6.0,6.0
autonomy,autonomy,contextual_policy,opaque_dependency_l6,none,evaluation_unseen_zero_shot,opaque,reward,30,0.0,0.0,0.0,0.0,0.0,0.0
autonomy,autonomy,contextual_policy,opaque_dependency_l6,none,evaluation_unseen_zero_shot,opaque,errors,30,0.0,0.0,0.0,0.0,0.0,0.0
autonomy,autonomy,contextual_policy,opaque_dependency_l6,none,evaluation_unseen_zero_shot,opaque,repeats,30,0.0,0.0,0.0,0.0,0.0,0.0
autonomy,autonomy,contextual_policy,opaque_dependency_l6,none,evaluation_unseen_zero_shot,opaque,prediction_score,30,0.0,0.0,0.0,0.0,0.0,0.0
autonomy,autonomy,contextual_policy,opaque_dependency_l6,none,evaluation_unseen_zero_shot,opaque,holdout_score,30,0.0,0.0,0.0,0.0,0.0,0.0
autonomy,autonomy,contextual_policy,opaque_dependency_l6,none,evaluation_unseen_zero_shot,opaque,imagined_nodes,30,0.0,0.0,0.0,0.0,0.0,0.0
autonomy,autonomy,contextual_policy,opaque_dependency_l6,none,evaluation_unseen_zero_shot,opaque,imagination_depth,30,0.0,0.0,0.0,0.0,0.0,0.0
autonomy,autonomy,contextual_policy,opaque_dependency_l6,none,evaluation_unseen_zero_shot,opaque,actual_return,30,0.0,0.0,0.0,0.0,0.0,0.0
autonomy,autonomy,contextual_policy,opaque_dependency_l6,none,evaluation_unseen_zero_shot,opaque,runtime_seconds,30,0.0033112556001675935,0.00025458433331076704,0.003219027816861247,0.003401681283285143,0.002873168501391774,0.003899159499560483
autonomy,autonomy,contextual_policy,opaque_dependency_l6,none,evaluation_unseen_zero_shot,opaque,real_transitions,30,6.0,0.0,6.0,6.0,6.0,6.0
autonomy,autonomy,contextual_policy,opaque_dependency_l6,none,evaluation_unseen_zero_shot,opaque,imagined_transitions,30,0.0,0.0,0.0,0.0,0.0,0.0
autonomy,autonomy,contextual_policy,opaque_dependency_l6,none,evaluation_unseen_zero_shot,opaque,action_proposals,30,6.0,0.0,6.0,6.0,6.0,6.0
autonomy,autonomy,contextual_policy,opaque_dependency_l6,none,evaluation_unseen_zero_shot,opaque,repeat_rate,30,0.0,0.0,0.0,0.0,0.0,0.0
autonomy,autonomy,contextual_policy,opaque_dependency_l6,none,evaluation_unseen_zero_shot,opaque,error_rate,30,0.0,0.0,0.0,0.0,0.0,0.0
autonomy,autonomy,contextual_policy,opaque_dependency_l6,none,training,opaque,success,30,0.4351333333333333,0.05839120938406168,0.4139666666666667,0.45559999999999995,0.332,0.5485
autonomy,autonomy,contextual_policy,opaque_dependency_l6,none,training,opaque,steps,30,6.0,0.0,6.0,6.0,6.0,6.0
autonomy,autonomy,contextual_policy,opaque_dependency_l6,none,training,opaque,high_level_steps,30,6.0,0.0,6.0,6.0,6.0,6.0
autonomy,autonomy,contextual_policy,opaque_dependency_l6,none,training,opaque,primitive_steps,30,6.0,0.0,6.0,6.0,6.0,6.0
autonomy,autonomy,contextual_policy,opaque_dependency_l6,none,training,opaque,reward,30,0.4351333333333333,0.05839120938406168,0.41445000000000004,0.45526666666666665,0.332,0.5485
autonomy,autonomy,contextual_policy,opaque_dependency_l6,none,training,opaque,errors,30,0.0,0.0,0.0,0.0,0.0,0.0
autonomy,autonomy,contextual_policy,opaque_dependency_l6,none,training,opaque,repeats,30,0.0,0.0,0.0,0.0,0.0,0.0
autonomy,autonomy,contextual_policy,opaque_dependency_l6,none,training,opaque,prediction_score,30,0.0,0.0,0.0,0.0,0.0,0.0
autonomy,autonomy,contextual_policy,opaque_dependency_l6,none,training,opaque,holdout_score,30,0.0,0.0,0.0,0.0,0.0,0.0
autonomy,autonomy,contextual_policy,opaque_dependency_l6,none,training,opaque,holdout_gain,30,0.0,0.0,0.0,0.0,0.0,0.0
autonomy,autonomy,contextual_policy,opaque_dependency_l6,none,training,opaque,imagined_nodes,30,0.0,0.0,0.0,0.0,0.0,0.0
autonomy,autonomy,contextual_policy,opaque_dependency_l6,none,training,opaque,imagination_depth,30,0.0,0.0,0.0,0.0,0.0,0.0
autonomy,autonomy,contextual_policy,opaque_dependency_l6,none,training,opaque,actual_return,30,0.4351333333333333,0.05839120938406168,0.41545,0.4560833333333333,0.332,0.5485
autonomy,autonomy,contextual_policy,opaque_dependency_l6,none,training,opaque,runtime_seconds,30,0.00044002896493863466,3.357832504191207e-05,0.0004287660065635767,0.00045156028003208725,0.0003735328500188189,0.0005176025997789111
autonomy,autonomy,contextual_policy,opaque_dependency_l6,none,training,opaque,real_transitions,30,6.0,0.0,6.0,6.0,6.0,6.0
autonomy,autonomy,contextual_policy,opaque_dependency_l6,none,training,opaque,imagined_transitions,30,0.0,0.0,0.0,0.0,0.0,0.0
autonomy,autonomy,contextual_policy,opaque_dependency_l6,none,training,opaque,action_proposals,30,6.0,0.0,6.0,6.0,6.0,6.0
autonomy,autonomy,contextual_policy,opaque_dependency_l6,none,training,opaque,repeat_rate,30,0.0,0.0,0.0,0.0,0.0,0.0
autonomy,autonomy,contextual_policy,opaque_dependency_l6,none,training,opaque,error_rate,30,0.0,0.0,0.0,0.0,0.0,0.0
autonomy,autonomy,contextual_policy,opaque_dependency_l6,none,training,opaque,learning_auc,30,0.43520093380023345,0.05841987306198184,0.41461564115391025,0.4555694513923629,0.3319159579789895,0.5485242621310655
autonomy,autonomy,contextual_policy,opaque_dependency_l6,none,training,opaque,final_tail_success,30,0.7095,0.0829140602027807,0.6816666666666666,0.7394999999999999,0.555,0.885
autonomy,autonomy,contextual_policy,opaque_dependency_l6,none,training,opaque,first_success_real_transitions,30,320.8,329.82779205790575,215.0,441.2,36.0,1314.0
autonomy,autonomy,contextual_policy,opaque_dependency_l8,none,evaluation_seen,opaque,success,30,0.0,0.0,0.0,0.0,0.0,0.0
autonomy,autonomy,contextual_policy,opaque_dependency_l8,none,evaluation_seen,opaque,steps,30,8.0,0.0,8.0,8.0,8.0,8.0
autonomy,autonomy,contextual_policy,opaque_dependency_l8,none,evaluation_seen,opaque,high_level_steps,30,8.0,0.0,8.0,8.0,8.0,8.0
autonomy,autonomy,contextual_policy,opaque_dependency_l8,none,evaluation_seen,opaque,primitive_steps,30,8.0,0.0,8.0,8.0,8.0,8.0
autonomy,autonomy,contextual_policy,opaque_dependency_l8,none,evaluation_seen,opaque,reward,30,0.0,0.0,0.0,0.0,0.0,0.0
autonomy,autonomy,contextual_policy,opaque_dependency_l8,none,evaluation_seen,opaque,errors,30,0.0,0.0,0.0,0.0,0.0,0.0
autonomy,autonomy,contextual_policy,opaque_dependency_l8,none,evaluation_seen,opaque,repeats,30,0.0,0.0,0.0,0.0,0.0,0.0
autonomy,autonomy,contextual_policy,opaque_dependency_l8,none,evaluation_seen,opaque,prediction_score,30,0.0,0.0,0.0,0.0,0.0,0.0
autonomy,autonomy,contextual_policy,opaque_dependency_l8,none,evaluation_seen,opaque,holdout_score,30,0.0,0.0,0.0,0.0,0.0,0.0
autonomy,autonomy,contextual_policy,opaque_dependency_l8,none,evaluation_seen,opaque,imagined_nodes,30,0.0,0.0,0.0,0.0,0.0,0.0
autonomy,autonomy,contextual_policy,opaque_dependency_l8,none,evaluation_seen,opaque,imagination_depth,30,0.0,0.0,0.0,0.0,0.0,0.0
autonomy,autonomy,contextual_policy,opaque_dependency_l8,none,evaluation_seen,opaque,actual_return,30,0.0,0.0,0.0,0.0,0.0,0.0
autonomy,autonomy,contextual_policy,opaque_dependency_l8,none,evaluation_seen,opaque,runtime_seconds,30,0.00488316286674429,0.0003472766280234146,0.004763770233640874,0.005005035749917927,0.004184657500591129,0.005534999498340767
autonomy,autonomy,contextual_policy,opaque_dependency_l8,none,evaluation_seen,opaque,real_transitions,30,8.0,0.0,8.0,8.0,8.0,8.0
autonomy,autonomy,contextual_policy,opaque_dependency_l8,none,evaluation_seen,opaque,imagined_transitions,30,0.0,0.0,0.0,0.0,0.0,0.0
autonomy,autonomy,contextual_policy,opaque_dependency_l8,none,evaluation_seen,opaque,action_proposals,30,8.0,0.0,8.0,8.0,8.0,8.0
autonomy,autonomy,contextual_policy,opaque_dependency_l8,none,evaluation_seen,opaque,repeat_rate,30,0.0,0.0,0.0,0.0,0.0,0.0
autonomy,autonomy,contextual_policy,opaque_dependency_l8,none,evaluation_seen,opaque,error_rate,30,0.0,0.0,0.0,0.0,0.0,0.0
autonomy,autonomy,contextual_policy,opaque_dependency_l8,none,evaluation_unseen_zero_shot,opaque,success,30,0.0,0.0,0.0,0.0,0.0,0.0
autonomy,autonomy,contextual_policy,opaque_dependency_l8,none,evaluation_unseen_zero_shot,opaque,steps,30,8.0,0.0,8.0,8.0,8.0,8.0
autonomy,autonomy,contextual_policy,opaque_dependency_l8,none,evaluation_unseen_zero_shot,opaque,high_level_steps,30,8.0,0.0,8.0,8.0,8.0,8.0
autonomy,autonomy,contextual_policy,opaque_dependency_l8,none,evaluation_unseen_zero_shot,opaque,primitive_steps,30,8.0,0.0,8.0,8.0,8.0,8.0
autonomy,autonomy,contextual_policy,opaque_dependency_l8,none,evaluation_unseen_zero_shot,opaque,reward,30,0.0,0.0,0.0,0.0,0.0,0.0
autonomy,autonomy,contextual_policy,opaque_dependency_l8,none,evaluation_unseen_zero_shot,opaque,errors,30,0.0,0.0,0.0,0.0,0.0,0.0
autonomy,autonomy,contextual_policy,opaque_dependency_l8,none,evaluation_unseen_zero_shot,opaque,repeats,30,0.0,0.0,0.0,0.0,0.0,0.0
autonomy,autonomy,contextual_policy,opaque_dependency_l8,none,evaluation_unseen_zero_shot,opaque,prediction_score,30,0.0,0.0,0.0,0.0,0.0,0.0
autonomy,autonomy,contextual_policy,opaque_dependency_l8,none,evaluation_unseen_zero_shot,opaque,holdout_score,30,0.0,0.0,0.0,0.0,0.0,0.0
autonomy,autonomy,contextual_policy,opaque_dependency_l8,none,evaluation_unseen_zero_shot,opaque,imagined_nodes,30,0.0,0.0,0.0,0.0,0.0,0.0
autonomy,autonomy,contextual_policy,opaque_dependency_l8,none,evaluation_unseen_zero_shot,opaque,imagination_depth,30,0.0,0.0,0.0,0.0,0.0,0.0
autonomy,autonomy,contextual_policy,opaque_dependency_l8,none,evaluation_unseen_zero_shot,opaque,actual_return,30,0.0,0.0,0.0,0.0,0.0,0.0
autonomy,autonomy,contextual_policy,opaque_dependency_l8,none,evaluation_unseen_zero_shot,opaque,runtime_seconds,30,0.005002057483191796,0.0004045340446778212,0.004856849483131858,0.005136378833441995,0.004264238999894587,0.005518434000259731
autonomy,autonomy,contextual_policy,opaque_dependency_l8,none,evaluation_unseen_zero_shot,opaque,real_transitions,30,8.0,0.0,8.0,8.0,8.0,8.0
autonomy,autonomy,contextual_policy,opaque_dependency_l8,none,evaluation_unseen_zero_shot,opaque,imagined_transitions,30,0.0,0.0,0.0,0.0,0.0,0.0
autonomy,autonomy,contextual_policy,opaque_dependency_l8,none,evaluation_unseen_zero_shot,opaque,action_proposals,30,8.0,0.0,8.0,8.0,8.0,8.0
autonomy,autonomy,contextual_policy,opaque_dependency_l8,none,evaluation_unseen_zero_shot,opaque,repeat_rate,30,0.0,0.0,0.0,0.0,0.0,0.0
autonomy,autonomy,contextual_policy,opaque_dependency_l8,none,evaluation_unseen_zero_shot,opaque,error_rate,30,0.0,0.0,0.0,0.0,0.0,0.0
autonomy,autonomy,contextual_policy,opaque_dependency_l8,none,training,opaque,success,30,0.16735,0.07701356239717423,0.1411666666666667,0.19521666666666665,0.053,0.3135
autonomy,autonomy,contextual_policy,opaque_dependency_l8,none,training,opaque,steps,30,8.0,0.0,8.0,8.0,8.0,8.0
autonomy,autonomy,contextual_policy,opaque_dependency_l8,none,training,opaque,high_level_steps,30,8.0,0.0,8.0,8.0,8.0,8.0
autonomy,autonomy,contextual_policy,opaque_dependency_l8,none,training,opaque,primitive_steps,30,8.0,0.0,8.0,8.0,8.0,8.0
autonomy,autonomy,contextual_policy,opaque_dependency_l8,none,training,opaque,reward,30,0.16735,0.07701356239717423,0.14145,0.1954,0.053,0.3135
autonomy,autonomy,contextual_policy,opaque_dependency_l8,none,training,opaque,errors,30,0.0,0.0,0.0,0.0,0.0,0.0
autonomy,autonomy,contextual_policy,opaque_dependency_l8,none,training,opaque,repeats,30,0.0,0.0,0.0,0.0,0.0,0.0
autonomy,autonomy,contextual_policy,opaque_dependency_l8,none,training,opaque,prediction_score,30,0.0,0.0,0.0,0.0,0.0,0.0
autonomy,autonomy,contextual_policy,opaque_dependency_l8,none,training,opaque,holdout_score,30,0.0,0.0,0.0,0.0,0.0,0.0
autonomy,autonomy,contextual_policy,opaque_dependency_l8,none,training,opaque,holdout_gain,30,0.0,0.0,0.0,0.0,0.0,0.0
autonomy,autonomy,contextual_policy,opaque_dependency_l8,none,training,opaque,imagined_nodes,30,0.0,0.0,0.0,0.0,0.0,0.0
autonomy,autonomy,contextual_policy,opaque_dependency_l8,none,training,opaque,imagination_depth,30,0.0,0.0,0.0,0.0,0.0,0.0
autonomy,autonomy,contextual_policy,opaque_dependency_l8,none,training,opaque,actual_return,30,0.16735,0.07701356239717423,0.1413,0.19531666666666667,0.053,0.3135
autonomy,autonomy,contextual_policy,opaque_dependency_l8,none,training,opaque,runtime_seconds,30,0.0006342747251022956,3.961354003038827e-05,0.0006202649484291518,0.0006484802033892872,0.0005324023494904395,0.0007259748501819559
autonomy,autonomy,contextual_policy,opaque_dependency_l8,none,training,opaque,real_transitions,30,8.0,0.0,8.0,8.0,8.0,8.0
autonomy,autonomy,contextual_policy,opaque_dependency_l8,none,training,opaque,imagined_transitions,30,0.0,0.0,0.0,0.0,0.0,0.0
autonomy,autonomy,contextual_policy,opaque_dependency_l8,none,training,opaque,action_proposals,30,8.0,0.0,8.0,8.0,8.0,8.0
autonomy,autonomy,contextual_policy,opaque_dependency_l8,none,training,opaque,repeat_rate,30,0.0,0.0,0.0,0.0,0.0,0.0
autonomy,autonomy,contextual_policy,opaque_dependency_l8,none,training,opaque,error_rate,30,0.0,0.0,0.0,0.0,0.0,0.0
autonomy,autonomy,contextual_policy,opaque_dependency_l8,none,training,opaque,learning_auc,30,0.1673670168417542,0.07703181872305383,0.1416875104218776,0.19494747373686844,0.05302651325662831,0.3136568284142071
autonomy,autonomy,contextual_policy,opaque_dependency_l8,none,training,opaque,final_tail_success,30,0.2935,0.1408175023408569,0.24616666666666667,0.3468333333333333,0.095,0.565
autonomy,autonomy,contextual_policy,opaque_dependency_l8,none,training,opaque,first_success_real_transitions,30,1274.9333333333334,990.395773671186,953.0666666666667,1628.5333333333333,64.0,3728.0
autonomy,autonomy,dqn,opaque_dependency_l4,dqn:cuda,evaluation_seen,opaque,success,30,0.1,0.1408104619937615,0.05,0.15,0.0,0.5
autonomy,autonomy,dqn,opaque_dependency_l4,dqn:cuda,evaluation_seen,opaque,steps,30,4.0,0.0,4.0,4.0,4.0,4.0
autonomy,autonomy,dqn,opaque_dependency_l4,dqn:cuda,evaluation_seen,opaque,high_level_steps,30,4.0,0.0,4.0,4.0,4.0,4.0
autonomy,autonomy,dqn,opaque_dependency_l4,dqn:cuda,evaluation_seen,opaque,primitive_steps,30,4.0,0.0,4.0,4.0,4.0,4.0
autonomy,autonomy,dqn,opaque_dependency_l4,dqn:cuda,evaluation_seen,opaque,reward,30,0.1,0.1408104619937615,0.05,0.15,0.0,0.5
autonomy,autonomy,dqn,opaque_dependency_l4,dqn:cuda,evaluation_seen,opaque,errors,30,0.0,0.0,0.0,0.0,0.0,0.0
autonomy,autonomy,dqn,opaque_dependency_l4,dqn:cuda,evaluation_seen,opaque,repeats,30,0.0,0.0,0.0,0.0,0.0,0.0
autonomy,autonomy,dqn,opaque_dependency_l4,dqn:cuda,evaluation_seen,opaque,imagined_nodes,30,0.0,0.0,0.0,0.0,0.0,0.0
autonomy,autonomy,dqn,opaque_dependency_l4,dqn:cuda,evaluation_seen,opaque,imagination_depth,30,0.0,0.0,0.0,0.0,0.0,0.0
autonomy,autonomy,dqn,opaque_dependency_l4,dqn:cuda,evaluation_seen,opaque,actual_return,30,0.1,0.1408104619937615,0.05,0.15,0.0,0.5
autonomy,autonomy,dqn,opaque_dependency_l4,dqn:cuda,evaluation_seen,opaque,runtime_seconds,30,0.0014896909000672166,0.00011905330471063034,0.001455137166888259,0.0015371792169462423,0.0014165915000194217,0.0019940985005814584
autonomy,autonomy,dqn,opaque_dependency_l4,dqn:cuda,evaluation_seen,opaque,real_transitions,30,4.0,0.0,4.0,4.0,4.0,4.0
autonomy,autonomy,dqn,opaque_dependency_l4,dqn:cuda,evaluation_seen,opaque,imagined_transitions,30,0.0,0.0,0.0,0.0,0.0,0.0
autonomy,autonomy,dqn,opaque_dependency_l4,dqn:cuda,evaluation_seen,opaque,action_proposals,30,4.0,0.0,4.0,4.0,4.0,4.0
autonomy,autonomy,dqn,opaque_dependency_l4,dqn:cuda,evaluation_seen,opaque,repeat_rate,30,0.0,0.0,0.0,0.0,0.0,0.0
autonomy,autonomy,dqn,opaque_dependency_l4,dqn:cuda,evaluation_seen,opaque,error_rate,30,0.0,0.0,0.0,0.0,0.0,0.0
autonomy,autonomy,dqn,opaque_dependency_l4,dqn:cuda,evaluation_unseen_zero_shot,opaque,success,30,0.03333333333333333,0.06510380747027347,0.0125,0.058333333333333334,0.0,0.25
autonomy,autonomy,dqn,opaque_dependency_l4,dqn:cuda,evaluation_unseen_zero_shot,opaque,steps,30,4.0,0.0,4.0,4.0,4.0,4.0
autonomy,autonomy,dqn,opaque_dependency_l4,dqn:cuda,evaluation_unseen_zero_shot,opaque,high_level_steps,30,4.0,0.0,4.0,4.0,4.0,4.0
autonomy,autonomy,dqn,opaque_dependency_l4,dqn:cuda,evaluation_unseen_zero_shot,opaque,primitive_steps,30,4.0,0.0,4.0,4.0,4.0,4.0
autonomy,autonomy,dqn,opaque_dependency_l4,dqn:cuda,evaluation_unseen_zero_shot,opaque,reward,30,0.03333333333333333,0.06510380747027347,0.0125,0.058333333333333334,0.0,0.25
autonomy,autonomy,dqn,opaque_dependency_l4,dqn:cuda,evaluation_unseen_zero_shot,opaque,errors,30,0.0,0.0,0.0,0.0,0.0,0.0
autonomy,autonomy,dqn,opaque_dependency_l4,dqn:cuda,evaluation_unseen_zero_shot,opaque,repeats,30,0.0,0.0,0.0,0.0,0.0,0.0
autonomy,autonomy,dqn,opaque_dependency_l4,dqn:cuda,evaluation_unseen_zero_shot,opaque,imagined_nodes,30,0.0,0.0,0.0,0.0,0.0,0.0
autonomy,autonomy,dqn,opaque_dependency_l4,dqn:cuda,evaluation_unseen_zero_shot,opaque,imagination_depth,30,0.0,0.0,0.0,0.0,0.0,0.0
autonomy,autonomy,dqn,opaque_dependency_l4,dqn:cuda,evaluation_unseen_zero_shot,opaque,actual_return,30,0.03333333333333333,0.06510380747027347,0.0125,0.058333333333333334,0.0,0.25
autonomy,autonomy,dqn,opaque_dependency_l4,dqn:cuda,evaluation_unseen_zero_shot,opaque,runtime_seconds,30,0.001519388250177144,0.000139885508436534,0.00147546286698586,0.0015738507837425762,0.0014281050006684382,0.0018793095002183691
autonomy,autonomy,dqn,opaque_dependency_l4,dqn:cuda,evaluation_unseen_zero_shot,opaque,real_transitions,30,4.0,0.0,4.0,4.0,4.0,4.0
autonomy,autonomy,dqn,opaque_dependency_l4,dqn:cuda,evaluation_unseen_zero_shot,opaque,imagined_transitions,30,0.0,0.0,0.0,0.0,0.0,0.0
autonomy,autonomy,dqn,opaque_dependency_l4,dqn:cuda,evaluation_unseen_zero_shot,opaque,action_proposals,30,4.0,0.0,4.0,4.0,4.0,4.0
autonomy,autonomy,dqn,opaque_dependency_l4,dqn:cuda,evaluation_unseen_zero_shot,opaque,repeat_rate,30,0.0,0.0,0.0,0.0,0.0,0.0
autonomy,autonomy,dqn,opaque_dependency_l4,dqn:cuda,evaluation_unseen_zero_shot,opaque,error_rate,30,0.0,0.0,0.0,0.0,0.0,0.0
autonomy,autonomy,dqn,opaque_dependency_l4,dqn:cuda,training,opaque,success,30,0.16031666666666666,0.06879084784421861,0.137,0.18603333333333333,0.028,0.3135
autonomy,autonomy,dqn,opaque_dependency_l4,dqn:cuda,training,opaque,steps,30,4.0,0.0,4.0,4.0,4.0,4.0
autonomy,autonomy,dqn,opaque_dependency_l4,dqn:cuda,training,opaque,high_level_steps,30,4.0,0.0,4.0,4.0,4.0,4.0
autonomy,autonomy,dqn,opaque_dependency_l4,dqn:cuda,training,opaque,primitive_steps,30,4.0,0.0,4.0,4.0,4.0,4.0
autonomy,autonomy,dqn,opaque_dependency_l4,dqn:cuda,training,opaque,reward,30,0.16031666666666666,0.06879084784421861,0.1366,0.18445,0.028,0.3135
autonomy,autonomy,dqn,opaque_dependency_l4,dqn:cuda,training,opaque,errors,30,0.0,0.0,0.0,0.0,0.0,0.0
autonomy,autonomy,dqn,opaque_dependency_l4,dqn:cuda,training,opaque,repeats,30,0.0,0.0,0.0,0.0,0.0,0.0
autonomy,autonomy,dqn,opaque_dependency_l4,dqn:cuda,training,opaque,prediction_score,30,0.0,0.0,0.0,0.0,0.0,0.0
autonomy,autonomy,dqn,opaque_dependency_l4,dqn:cuda,training,opaque,holdout_score,30,0.0,0.0,0.0,0.0,0.0,0.0
autonomy,autonomy,dqn,opaque_dependency_l4,dqn:cuda,training,opaque,holdout_gain,30,0.0,0.0,0.0,0.0,0.0,0.0
autonomy,autonomy,dqn,opaque_dependency_l4,dqn:cuda,training,opaque,imagined_nodes,30,0.0,0.0,0.0,0.0,0.0,0.0
autonomy,autonomy,dqn,opaque_dependency_l4,dqn:cuda,training,opaque,imagination_depth,30,0.0,0.0,0.0,0.0,0.0,0.0
autonomy,autonomy,dqn,opaque_dependency_l4,dqn:cuda,training,opaque,actual_return,30,0.16031666666666666,0.06879084784421861,0.13743333333333335,0.18466666666666667,0.028,0.3135
autonomy,autonomy,dqn,opaque_dependency_l4,dqn:cuda,training,opaque,runtime_seconds,30,0.0051362109465970815,0.0005035992663699328,0.004982918961648829,0.005333575199964495,0.004824774349675863,0.006958724449810688
autonomy,autonomy,dqn,opaque_dependency_l4,dqn:cuda,training,opaque,real_transitions,30,4.0,0.0,4.0,4.0,4.0,4.0
autonomy,autonomy,dqn,opaque_dependency_l4,dqn:cuda,training,opaque,imagined_transitions,30,0.0,0.0,0.0,0.0,0.0,0.0
autonomy,autonomy,dqn,opaque_dependency_l4,dqn:cuda,training,opaque,action_proposals,30,4.0,0.0,4.0,4.0,4.0,4.0
autonomy,autonomy,dqn,opaque_dependency_l4,dqn:cuda,training,opaque,repeat_rate,30,0.0,0.0,0.0,0.0,0.0,0.0
autonomy,autonomy,dqn,opaque_dependency_l4,dqn:cuda,training,opaque,error_rate,30,0.0,0.0,0.0,0.0,0.0,0.0
autonomy,autonomy,dqn,opaque_dependency_l4,dqn:cuda,training,opaque,learning_auc,30,0.16028847757211942,0.0687622328257069,0.1369934967483742,0.1850842087710522,0.02801400700350175,0.31340670335167586
autonomy,autonomy,dqn,opaque_dependency_l4,dqn:cuda,training,opaque,final_tail_success,30,0.2725,0.1487230126199662,0.22216666666666668,0.3265,0.015,0.685
autonomy,autonomy,dqn,opaque_dependency_l4,dqn:cuda,training,opaque,first_success_real_transitions,30,67.46666666666667,59.57767073807697,47.46666666666667,88.66666666666667,8.0,232.0
autonomy,autonomy,dqn,opaque_dependency_l6,dqn:cuda,evaluation_seen,opaque,success,30,0.0,0.0,0.0,0.0,0.0,0.0
autonomy,autonomy,dqn,opaque_dependency_l6,dqn:cuda,evaluation_seen,opaque,steps,30,6.0,0.0,6.0,6.0,6.0,6.0
autonomy,autonomy,dqn,opaque_dependency_l6,dqn:cuda,evaluation_seen,opaque,high_level_steps,30,6.0,0.0,6.0,6.0,6.0,6.0
autonomy,autonomy,dqn,opaque_dependency_l6,dqn:cuda,evaluation_seen,opaque,primitive_steps,30,6.0,0.0,6.0,6.0,6.0,6.0
autonomy,autonomy,dqn,opaque_dependency_l6,dqn:cuda,evaluation_seen,opaque,reward,30,0.0,0.0,0.0,0.0,0.0,0.0
autonomy,autonomy,dqn,opaque_dependency_l6,dqn:cuda,evaluation_seen,opaque,errors,30,0.0,0.0,0.0,0.0,0.0,0.0
autonomy,autonomy,dqn,opaque_dependency_l6,dqn:cuda,evaluation_seen,opaque,repeats,30,0.0,0.0,0.0,0.0,0.0,0.0
autonomy,autonomy,dqn,opaque_dependency_l6,dqn:cuda,evaluation_seen,opaque,imagined_nodes,30,0.0,0.0,0.0,0.0,0.0,0.0
autonomy,autonomy,dqn,opaque_dependency_l6,dqn:cuda,evaluation_seen,opaque,imagination_depth,30,0.0,0.0,0.0,0.0,0.0,0.0
autonomy,autonomy,dqn,opaque_dependency_l6,dqn:cuda,evaluation_seen,opaque,actual_return,30,0.0,0.0,0.0,0.0,0.0,0.0
autonomy,autonomy,dqn,opaque_dependency_l6,dqn:cuda,evaluation_seen,opaque,runtime_seconds,30,0.0022607115168793825,0.00020280942872551942,0.002196909683358778,0.0023349249502886476,0.002091787998069776,0.003021144500380615
autonomy,autonomy,dqn,opaque_dependency_l6,dqn:cuda,evaluation_seen,opaque,real_transitions,30,6.0,0.0,6.0,6.0,6.0,6.0
autonomy,autonomy,dqn,opaque_dependency_l6,dqn:cuda,evaluation_seen,opaque,imagined_transitions,30,0.0,0.0,0.0,0.0,0.0,0.0
autonomy,autonomy,dqn,opaque_dependency_l6,dqn:cuda,evaluation_seen,opaque,action_proposals,30,6.0,0.0,6.0,6.0,6.0,6.0
autonomy,autonomy,dqn,opaque_dependency_l6,dqn:cuda,evaluation_seen,opaque,repeat_rate,30,0.0,0.0,0.0,0.0,0.0,0.0
autonomy,autonomy,dqn,opaque_dependency_l6,dqn:cuda,evaluation_seen,opaque,error_rate,30,0.0,0.0,0.0,0.0,0.0,0.0
autonomy,autonomy,dqn,opaque_dependency_l6,dqn:cuda,evaluation_unseen_zero_shot,opaque,success,30,0.0,0.0,0.0,0.0,0.0,0.0
autonomy,autonomy,dqn,opaque_dependency_l6,dqn:cuda,evaluation_unseen_zero_shot,opaque,steps,30,6.0,0.0,6.0,6.0,6.0,6.0
autonomy,autonomy,dqn,opaque_dependency_l6,dqn:cuda,evaluation_unseen_zero_shot,opaque,high_level_steps,30,6.0,0.0,6.0,6.0,6.0,6.0
autonomy,autonomy,dqn,opaque_dependency_l6,dqn:cuda,evaluation_unseen_zero_shot,opaque,primitive_steps,30,6.0,0.0,6.0,6.0,6.0,6.0
autonomy,autonomy,dqn,opaque_dependency_l6,dqn:cuda,evaluation_unseen_zero_shot,opaque,reward,30,0.0,0.0,0.0,0.0,0.0,0.0
autonomy,autonomy,dqn,opaque_dependency_l6,dqn:cuda,evaluation_unseen_zero_shot,opaque,errors,30,0.0,0.0,0.0,0.0,0.0,0.0
autonomy,autonomy,dqn,opaque_dependency_l6,dqn:cuda,evaluation_unseen_zero_shot,opaque,repeats,30,0.0,0.0,0.0,0.0,0.0,0.0
autonomy,autonomy,dqn,opaque_dependency_l6,dqn:cuda,evaluation_unseen_zero_shot,opaque,imagined_nodes,30,0.0,0.0,0.0,0.0,0.0,0.0
autonomy,autonomy,dqn,opaque_dependency_l6,dqn:cuda,evaluation_unseen_zero_shot,opaque,imagination_depth,30,0.0,0.0,0.0,0.0,0.0,0.0
autonomy,autonomy,dqn,opaque_dependency_l6,dqn:cuda,evaluation_unseen_zero_shot,opaque,actual_return,30,0.0,0.0,0.0,0.0,0.0,0.0
autonomy,autonomy,dqn,opaque_dependency_l6,dqn:cuda,evaluation_unseen_zero_shot,opaque,runtime_seconds,30,0.002213250850012021,9.068934463103962e-05,0.002185058666708452,0.0022470533501133707,0.0021296330000041054,0.002491025500348769
autonomy,autonomy,dqn,opaque_dependency_l6,dqn:cuda,evaluation_unseen_zero_shot,opaque,real_transitions,30,6.0,0.0,6.0,6.0,6.0,6.0
autonomy,autonomy,dqn,opaque_dependency_l6,dqn:cuda,evaluation_unseen_zero_shot,opaque,imagined_transitions,30,0.0,0.0,0.0,0.0,0.0,0.0
autonomy,autonomy,dqn,opaque_dependency_l6,dqn:cuda,evaluation_unseen_zero_shot,opaque,action_proposals,30,6.0,0.0,6.0,6.0,6.0,6.0
autonomy,autonomy,dqn,opaque_dependency_l6,dqn:cuda,evaluation_unseen_zero_shot,opaque,repeat_rate,30,0.0,0.0,0.0,0.0,0.0,0.0
autonomy,autonomy,dqn,opaque_dependency_l6,dqn:cuda,evaluation_unseen_zero_shot,opaque,error_rate,30,0.0,0.0,0.0,0.0,0.0,0.0
autonomy,autonomy,dqn,opaque_dependency_l6,dqn:cuda,training,opaque,success,30,0.03606666666666667,0.03177499920869619,0.025316666666666664,0.04783333333333333,0.005,0.1205
autonomy,autonomy,dqn,opaque_dependency_l6,dqn:cuda,training,opaque,steps,30,6.0,0.0,6.0,6.0,6.0,6.0
autonomy,autonomy,dqn,opaque_dependency_l6,dqn:cuda,training,opaque,high_level_steps,30,6.0,0.0,6.0,6.0,6.0,6.0
autonomy,autonomy,dqn,opaque_dependency_l6,dqn:cuda,training,opaque,primitive_steps,30,6.0,0.0,6.0,6.0,6.0,6.0
autonomy,autonomy,dqn,opaque_dependency_l6,dqn:cuda,training,opaque,reward,30,0.03606666666666667,0.03177499920869619,0.02546666666666667,0.04721666666666667,0.005,0.1205
autonomy,autonomy,dqn,opaque_dependency_l6,dqn:cuda,training,opaque,errors,30,0.0,0.0,0.0,0.0,0.0,0.0
autonomy,autonomy,dqn,opaque_dependency_l6,dqn:cuda,training,opaque,repeats,30,0.0,0.0,0.0,0.0,0.0,0.0
autonomy,autonomy,dqn,opaque_dependency_l6,dqn:cuda,training,opaque,prediction_score,30,0.0,0.0,0.0,0.0,0.0,0.0
autonomy,autonomy,dqn,opaque_dependency_l6,dqn:cuda,training,opaque,holdout_score,30,0.0,0.0,0.0,0.0,0.0,0.0
autonomy,autonomy,dqn,opaque_dependency_l6,dqn:cuda,training,opaque,holdout_gain,30,0.0,0.0,0.0,0.0,0.0,0.0
autonomy,autonomy,dqn,opaque_dependency_l6,dqn:cuda,training,opaque,imagined_nodes,30,0.0,0.0,0.0,0.0,0.0,0.0
autonomy,autonomy,dqn,opaque_dependency_l6,dqn:cuda,training,opaque,imagination_depth,30,0.0,0.0,0.0,0.0,0.0,0.0
autonomy,autonomy,dqn,opaque_dependency_l6,dqn:cuda,training,opaque,actual_return,30,0.03606666666666667,0.03177499920869619,0.0251,0.047549999999999995,0.005,0.1205
autonomy,autonomy,dqn,opaque_dependency_l6,dqn:cuda,training,opaque,runtime_seconds,30,0.007894682186701297,0.0006688653897652066,0.007677487010005765,0.008139079858380137,0.007389456949735177,0.010027616299994406
autonomy,autonomy,dqn,opaque_dependency_l6,dqn:cuda,training,opaque,real_transitions,30,6.0,0.0,6.0,6.0,6.0,6.0
autonomy,autonomy,dqn,opaque_dependency_l6,dqn:cuda,training,opaque,imagined_transitions,30,0.0,0.0,0.0,0.0,0.0,0.0
autonomy,autonomy,dqn,opaque_dependency_l6,dqn:cuda,training,opaque,action_proposals,30,6.0,0.0,6.0,6.0,6.0,6.0
autonomy,autonomy,dqn,opaque_dependency_l6,dqn:cuda,training,opaque,repeat_rate,30,0.0,0.0,0.0,0.0,0.0,0.0
autonomy,autonomy,dqn,opaque_dependency_l6,dqn:cuda,training,opaque,error_rate,30,0.0,0.0,0.0,0.0,0.0,0.0
autonomy,autonomy,dqn,opaque_dependency_l6,dqn:cuda,training,opaque,learning_auc,30,0.036068034017008505,0.03175840479559033,0.025654493913623476,0.047998999499749874,0.0050025012506253125,0.12031015507753877
autonomy,autonomy,dqn,opaque_dependency_l6,dqn:cuda,training,opaque,final_tail_success,30,0.056,0.053100425350592,0.037333333333333336,0.07516666666666666,0.0,0.15
autonomy,autonomy,dqn,opaque_dependency_l6,dqn:cuda,training,opaque,first_success_real_transitions,30,286.2,283.49121497061816,197.6,393.8,36.0,1338.0
autonomy,autonomy,dqn,opaque_dependency_l8,dqn:cuda,evaluation_seen,opaque,success,30,0.0,0.0,0.0,0.0,0.0,0.0
autonomy,autonomy,dqn,opaque_dependency_l8,dqn:cuda,evaluation_seen,opaque,steps,30,8.0,0.0,8.0,8.0,8.0,8.0
autonomy,autonomy,dqn,opaque_dependency_l8,dqn:cuda,evaluation_seen,opaque,high_level_steps,30,8.0,0.0,8.0,8.0,8.0,8.0
autonomy,autonomy,dqn,opaque_dependency_l8,dqn:cuda,evaluation_seen,opaque,primitive_steps,30,8.0,0.0,8.0,8.0,8.0,8.0
autonomy,autonomy,dqn,opaque_dependency_l8,dqn:cuda,evaluation_seen,opaque,reward,30,0.0,0.0,0.0,0.0,0.0,0.0
autonomy,autonomy,dqn,opaque_dependency_l8,dqn:cuda,evaluation_seen,opaque,errors,30,0.0,0.0,0.0,0.0,0.0,0.0
autonomy,autonomy,dqn,opaque_dependency_l8,dqn:cuda,evaluation_seen,opaque,repeats,30,0.0,0.0,0.0,0.0,0.0,0.0
autonomy,autonomy,dqn,opaque_dependency_l8,dqn:cuda,evaluation_seen,opaque,imagined_nodes,30,0.0,0.0,0.0,0.0,0.0,0.0
autonomy,autonomy,dqn,opaque_dependency_l8,dqn:cuda,evaluation_seen,opaque,imagination_depth,30,0.0,0.0,0.0,0.0,0.0,0.0
autonomy,autonomy,dqn,opaque_dependency_l8,dqn:cuda,evaluation_seen,opaque,actual_return,30,0.0,0.0,0.0,0.0,0.0,0.0
autonomy,autonomy,dqn,opaque_dependency_l8,dqn:cuda,evaluation_seen,opaque,runtime_seconds,30,0.0029565744832895386,0.00016820819161853965,0.0029018141832784753,0.0030198557831172365,0.0026923370004806203,0.0035502050002105532
autonomy,autonomy,dqn,opaque_dependency_l8,dqn:cuda,evaluation_seen,opaque,real_transitions,30,8.0,0.0,8.0,8.0,8.0,8.0
autonomy,autonomy,dqn,opaque_dependency_l8,dqn:cuda,evaluation_seen,opaque,imagined_transitions,30,0.0,0.0,0.0,0.0,0.0,0.0
autonomy,autonomy,dqn,opaque_dependency_l8,dqn:cuda,evaluation_seen,opaque,action_proposals,30,8.0,0.0,8.0,8.0,8.0,8.0
autonomy,autonomy,dqn,opaque_dependency_l8,dqn:cuda,evaluation_seen,opaque,repeat_rate,30,0.0,0.0,0.0,0.0,0.0,0.0
autonomy,autonomy,dqn,opaque_dependency_l8,dqn:cuda,evaluation_seen,opaque,error_rate,30,0.0,0.0,0.0,0.0,0.0,0.0
autonomy,autonomy,dqn,opaque_dependency_l8,dqn:cuda,evaluation_unseen_zero_shot,opaque,success,30,0.0,0.0,0.0,0.0,0.0,0.0
autonomy,autonomy,dqn,opaque_dependency_l8,dqn:cuda,evaluation_unseen_zero_shot,opaque,steps,30,8.0,0.0,8.0,8.0,8.0,8.0
autonomy,autonomy,dqn,opaque_dependency_l8,dqn:cuda,evaluation_unseen_zero_shot,opaque,high_level_steps,30,8.0,0.0,8.0,8.0,8.0,8.0
autonomy,autonomy,dqn,opaque_dependency_l8,dqn:cuda,evaluation_unseen_zero_shot,opaque,primitive_steps,30,8.0,0.0,8.0,8.0,8.0,8.0
autonomy,autonomy,dqn,opaque_dependency_l8,dqn:cuda,evaluation_unseen_zero_shot,opaque,reward,30,0.0,0.0,0.0,0.0,0.0,0.0
autonomy,autonomy,dqn,opaque_dependency_l8,dqn:cuda,evaluation_unseen_zero_shot,opaque,errors,30,0.0,0.0,0.0,0.0,0.0,0.0
autonomy,autonomy,dqn,opaque_dependency_l8,dqn:cuda,evaluation_unseen_zero_shot,opaque,repeats,30,0.0,0.0,0.0,0.0,0.0,0.0
autonomy,autonomy,dqn,opaque_dependency_l8,dqn:cuda,evaluation_unseen_zero_shot,opaque,imagined_nodes,30,0.0,0.0,0.0,0.0,0.0,0.0
autonomy,autonomy,dqn,opaque_dependency_l8,dqn:cuda,evaluation_unseen_zero_shot,opaque,imagination_depth,30,0.0,0.0,0.0,0.0,0.0,0.0
autonomy,autonomy,dqn,opaque_dependency_l8,dqn:cuda,evaluation_unseen_zero_shot,opaque,actual_return,30,0.0,0.0,0.0,0.0,0.0,0.0
autonomy,autonomy,dqn,opaque_dependency_l8,dqn:cuda,evaluation_unseen_zero_shot,opaque,runtime_seconds,30,0.0029701735833320224,0.00016282889093664044,0.0029166192662087266,0.003029308399932537,0.002790437999065034,0.003408696500264341
autonomy,autonomy,dqn,opaque_dependency_l8,dqn:cuda,evaluation_unseen_zero_shot,opaque,real_transitions,30,8.0,0.0,8.0,8.0,8.0,8.0
autonomy,autonomy,dqn,opaque_dependency_l8,dqn:cuda,evaluation_unseen_zero_shot,opaque,imagined_transitions,30,0.0,0.0,0.0,0.0,0.0,0.0
autonomy,autonomy,dqn,opaque_dependency_l8,dqn:cuda,evaluation_unseen_zero_shot,opaque,action_proposals,30,8.0,0.0,8.0,8.0,8.0,8.0
autonomy,autonomy,dqn,opaque_dependency_l8,dqn:cuda,evaluation_unseen_zero_shot,opaque,repeat_rate,30,0.0,0.0,0.0,0.0,0.0,0.0
autonomy,autonomy,dqn,opaque_dependency_l8,dqn:cuda,evaluation_unseen_zero_shot,opaque,error_rate,30,0.0,0.0,0.0,0.0,0.0,0.0
autonomy,autonomy,dqn,opaque_dependency_l8,dqn:cuda,training,opaque,success,30,0.0028,0.001600646421142796,0.0022500000000000003,0.0034000000000000002,0.0,0.0085
autonomy,autonomy,dqn,opaque_dependency_l8,dqn:cuda,training,opaque,steps,30,8.0,0.0,8.0,8.0,8.0,8.0
autonomy,autonomy,dqn,opaque_dependency_l8,dqn:cuda,training,opaque,high_level_steps,30,8.0,0.0,8.0,8.0,8.0,8.0
autonomy,autonomy,dqn,opaque_dependency_l8,dqn:cuda,training,opaque,primitive_steps,30,8.0,0.0,8.0,8.0,8.0,8.0
autonomy,autonomy,dqn,opaque_dependency_l8,dqn:cuda,training,opaque,reward,30,0.0028,0.001600646421142796,0.002266666666666667,0.0034000000000000002,0.0,0.0085
autonomy,autonomy,dqn,opaque_dependency_l8,dqn:cuda,training,opaque,errors,30,0.0,0.0,0.0,0.0,0.0,0.0
autonomy,autonomy,dqn,opaque_dependency_l8,dqn:cuda,training,opaque,repeats,30,0.0,0.0,0.0,0.0,0.0,0.0
autonomy,autonomy,dqn,opaque_dependency_l8,dqn:cuda,training,opaque,prediction_score,30,0.0,0.0,0.0,0.0,0.0,0.0
autonomy,autonomy,dqn,opaque_dependency_l8,dqn:cuda,training,opaque,holdout_score,30,0.0,0.0,0.0,0.0,0.0,0.0
autonomy,autonomy,dqn,opaque_dependency_l8,dqn:cuda,training,opaque,holdout_gain,30,0.0,0.0,0.0,0.0,0.0,0.0
autonomy,autonomy,dqn,opaque_dependency_l8,dqn:cuda,training,opaque,imagined_nodes,30,0.0,0.0,0.0,0.0,0.0,0.0
autonomy,autonomy,dqn,opaque_dependency_l8,dqn:cuda,training,opaque,imagination_depth,30,0.0,0.0,0.0,0.0,0.0,0.0
autonomy,autonomy,dqn,opaque_dependency_l8,dqn:cuda,training,opaque,actual_return,30,0.0028,0.001600646421142796,0.002266666666666667,0.0034000000000000002,0.0,0.0085
autonomy,autonomy,dqn,opaque_dependency_l8,dqn:cuda,training,opaque,runtime_seconds,30,0.010545095883318088,0.0007673628014485059,0.010307374556698778,0.010854912489945127,0.010019366700347745,0.013103277500078548
autonomy,autonomy,dqn,opaque_dependency_l8,dqn:cuda,training,opaque,real_transitions,30,8.0,0.0,8.0,8.0,8.0,8.0
autonomy,autonomy,dqn,opaque_dependency_l8,dqn:cuda,training,opaque,imagined_transitions,30,0.0,0.0,0.0,0.0,0.0,0.0
autonomy,autonomy,dqn,opaque_dependency_l8,dqn:cuda,training,opaque,action_proposals,30,8.0,0.0,8.0,8.0,8.0,8.0
autonomy,autonomy,dqn,opaque_dependency_l8,dqn:cuda,training,opaque,repeat_rate,30,0.0,0.0,0.0,0.0,0.0,0.0
autonomy,autonomy,dqn,opaque_dependency_l8,dqn:cuda,training,opaque,error_rate,30,0.0,0.0,0.0,0.0,0.0,0.0
autonomy,autonomy,dqn,opaque_dependency_l8,dqn:cuda,training,opaque,learning_auc,30,0.002801400700350175,0.0016014471447151537,0.0022844755711188924,0.0034183758545939637,0.0,0.008504252126063032
autonomy,autonomy,dqn,opaque_dependency_l8,dqn:cuda,training,opaque,final_tail_success,30,0.001,0.0020341905108624313,0.0003333333333333333,0.0018333333333333333,0.0,0.005
autonomy,autonomy,dqn,opaque_dependency_l8,dqn:cuda,training,opaque,first_success_real_transitions,29,1704.0,1486.1278545266555,1202.2068965517242,2254.0689655172414,152.0,5816.0
autonomy,autonomy,full_aassr,opaque_dependency_l4,tabular_online,evaluation_seen,opaque,success,30,0.0,0.0,0.0,0.0,0.0,0.0
autonomy,autonomy,full_aassr,opaque_dependency_l4,tabular_online,evaluation_seen,opaque,steps,30,4.0,0.0,4.0,4.0,4.0,4.0
autonomy,autonomy,full_aassr,opaque_dependency_l4,tabular_online,evaluation_seen,opaque,high_level_steps,30,4.0,0.0,4.0,4.0,4.0,4.0
autonomy,autonomy,full_aassr,opaque_dependency_l4,tabular_online,evaluation_seen,opaque,primitive_steps,30,4.0,0.0,4.0,4.0,4.0,4.0
autonomy,autonomy,full_aassr,opaque_dependency_l4,tabular_online,evaluation_seen,opaque,reward,30,0.0,0.0,0.0,0.0,0.0,0.0
autonomy,autonomy,full_aassr,opaque_dependency_l4,tabular_online,evaluation_seen,opaque,errors,30,0.0,0.0,0.0,0.0,0.0,0.0
autonomy,autonomy,full_aassr,opaque_dependency_l4,tabular_online,evaluation_seen,opaque,repeats,30,0.0,0.0,0.0,0.0,0.0,0.0
autonomy,autonomy,full_aassr,opaque_dependency_l4,tabular_online,evaluation_seen,opaque,prediction_score,30,0.0,0.0,0.0,0.0,0.0,0.0
autonomy,autonomy,full_aassr,opaque_dependency_l4,tabular_online,evaluation_seen,opaque,holdout_score,30,1.0,5.633452187014108e-17,0.9999999999999999,1.0,0.9999999999999999,1.0
autonomy,autonomy,full_aassr,opaque_dependency_l4,tabular_online,evaluation_seen,opaque,imagined_nodes,30,0.0,0.0,0.0,0.0,0.0,0.0
autonomy,autonomy,full_aassr,opaque_dependency_l4,tabular_online,evaluation_seen,opaque,imagination_depth,30,0.0,0.0,0.0,0.0,0.0,0.0
autonomy,autonomy,full_aassr,opaque_dependency_l4,tabular_online,evaluation_seen,opaque,actual_return,30,0.0,0.0,0.0,0.0,0.0,0.0
autonomy,autonomy,full_aassr,opaque_dependency_l4,tabular_online,evaluation_seen,opaque,runtime_seconds,30,0.0023708782000176143,0.000198573049041544,0.0022994876501664595,0.0024390741999426005,0.001880349001585273,0.002603798500931589
autonomy,autonomy,full_aassr,opaque_dependency_l4,tabular_online,evaluation_seen,opaque,real_transitions,30,4.0,0.0,4.0,4.0,4.0,4.0
autonomy,autonomy,full_aassr,opaque_dependency_l4,tabular_online,evaluation_seen,opaque,imagined_transitions,30,0.0,0.0,0.0,0.0,0.0,0.0
autonomy,autonomy,full_aassr,opaque_dependency_l4,tabular_online,evaluation_seen,opaque,action_proposals,30,4.0,0.0,4.0,4.0,4.0,4.0
autonomy,autonomy,full_aassr,opaque_dependency_l4,tabular_online,evaluation_seen,opaque,repeat_rate,30,0.0,0.0,0.0,0.0,0.0,0.0
autonomy,autonomy,full_aassr,opaque_dependency_l4,tabular_online,evaluation_seen,opaque,error_rate,30,0.0,0.0,0.0,0.0,0.0,0.0
autonomy,autonomy,full_aassr,opaque_dependency_l4,tabular_online,evaluation_unseen_zero_shot,opaque,success,30,0.0,0.0,0.0,0.0,0.0,0.0
autonomy,autonomy,full_aassr,opaque_dependency_l4,tabular_online,evaluation_unseen_zero_shot,opaque,steps,30,4.0,0.0,4.0,4.0,4.0,4.0
autonomy,autonomy,full_aassr,opaque_dependency_l4,tabular_online,evaluation_unseen_zero_shot,opaque,high_level_steps,30,4.0,0.0,4.0,4.0,4.0,4.0
autonomy,autonomy,full_aassr,opaque_dependency_l4,tabular_online,evaluation_unseen_zero_shot,opaque,primitive_steps,30,4.0,0.0,4.0,4.0,4.0,4.0
autonomy,autonomy,full_aassr,opaque_dependency_l4,tabular_online,evaluation_unseen_zero_shot,opaque,reward,30,0.0,0.0,0.0,0.0,0.0,0.0
autonomy,autonomy,full_aassr,opaque_dependency_l4,tabular_online,evaluation_unseen_zero_shot,opaque,errors,30,0.0,0.0,0.0,0.0,0.0,0.0
autonomy,autonomy,full_aassr,opaque_dependency_l4,tabular_online,evaluation_unseen_zero_shot,opaque,repeats,30,0.0,0.0,0.0,0.0,0.0,0.0
autonomy,autonomy,full_aassr,opaque_dependency_l4,tabular_online,evaluation_unseen_zero_shot,opaque,prediction_score,30,0.0,0.0,0.0,0.0,0.0,0.0
autonomy,autonomy,full_aassr,opaque_dependency_l4,tabular_online,evaluation_unseen_zero_shot,opaque,holdout_score,30,1.0,5.633452187014108e-17,0.9999999999999999,1.0,0.9999999999999999,1.0
autonomy,autonomy,full_aassr,opaque_dependency_l4,tabular_online,evaluation_unseen_zero_shot,opaque,imagined_nodes,30,0.0,0.0,0.0,0.0,0.0,0.0
autonomy,autonomy,full_aassr,opaque_dependency_l4,tabular_online,evaluation_unseen_zero_shot,opaque,imagination_depth,30,0.0,0.0,0.0,0.0,0.0,0.0
autonomy,autonomy,full_aassr,opaque_dependency_l4,tabular_online,evaluation_unseen_zero_shot,opaque,actual_return,30,0.0,0.0,0.0,0.0,0.0,0.0
autonomy,autonomy,full_aassr,opaque_dependency_l4,tabular_online,evaluation_unseen_zero_shot,opaque,runtime_seconds,30,0.0022838783166953367,0.0002700138659352334,0.0021887575333191006,0.0023778227666334715,0.001743988999951398,0.0026646639993123246
autonomy,autonomy,full_aassr,opaque_dependency_l4,tabular_online,evaluation_unseen_zero_shot,opaque,real_transitions,30,4.0,0.0,4.0,4.0,4.0,4.0
autonomy,autonomy,full_aassr,opaque_dependency_l4,tabular_online,evaluation_unseen_zero_shot,opaque,imagined_transitions,30,0.0,0.0,0.0,0.0,0.0,0.0
autonomy,autonomy,full_aassr,opaque_dependency_l4,tabular_online,evaluation_unseen_zero_shot,opaque,action_proposals,30,4.0,0.0,4.0,4.0,4.0,4.0
autonomy,autonomy,full_aassr,opaque_dependency_l4,tabular_online,evaluation_unseen_zero_shot,opaque,repeat_rate,30,0.0,0.0,0.0,0.0,0.0,0.0
autonomy,autonomy,full_aassr,opaque_dependency_l4,tabular_online,evaluation_unseen_zero_shot,opaque,error_rate,30,0.0,0.0,0.0,0.0,0.0,0.0
autonomy,autonomy,full_aassr,opaque_dependency_l4,tabular_online,training,opaque,success,30,0.6149166666666667,0.05225387023008908,0.5958333333333333,0.6328166666666667,0.4875,0.674
autonomy,autonomy,full_aassr,opaque_dependency_l4,tabular_online,training,opaque,steps,30,4.0,0.0,4.0,4.0,4.0,4.0
autonomy,autonomy,full_aassr,opaque_dependency_l4,tabular_online,training,opaque,high_level_steps,30,4.0,0.0,4.0,4.0,4.0,4.0
autonomy,autonomy,full_aassr,opaque_dependency_l4,tabular_online,training,opaque,primitive_steps,30,4.0,0.0,4.0,4.0,4.0,4.0
autonomy,autonomy,full_aassr,opaque_dependency_l4,tabular_online,training,opaque,reward,30,0.6149166666666667,0.05225387023008908,0.5955999999999999,0.6328666666666667,0.4875,0.674
autonomy,autonomy,full_aassr,opaque_dependency_l4,tabular_online,training,opaque,errors,30,0.0,0.0,0.0,0.0,0.0,0.0
autonomy,autonomy,full_aassr,opaque_dependency_l4,tabular_online,training,opaque,repeats,30,0.0,0.0,0.0,0.0,0.0,0.0
autonomy,autonomy,full_aassr,opaque_dependency_l4,tabular_online,training,opaque,prediction_score,30,0.9899708333333332,0.00046037294352126466,0.9898083333333333,0.9901375,0.989125,0.99125
autonomy,autonomy,full_aassr,opaque_dependency_l4,tabular_online,training,opaque,holdout_score,30,0.12354244748486681,0.00024322129030200212,0.12345269695368442,0.12362366900392723,0.12289620913349497,0.12394482057974704
autonomy,autonomy,full_aassr,opaque_dependency_l4,tabular_online,training,opaque,holdout_gain,30,1.4041534820127272e-05,8.637053546146103e-06,1.1044727637658326e-05,1.7147828239661913e-05,0.0,3.749999999999998e-05
autonomy,autonomy,full_aassr,opaque_dependency_l4,tabular_online,training,opaque,imagined_nodes,30,42.552083333333336,0.2788691475168619,42.45608333333333,42.64918333333333,41.9385,43.122
autonomy,autonomy,full_aassr,opaque_dependency_l4,tabular_online,training,opaque,imagination_depth,30,3.5152,0.017049421064091554,3.5092,3.5212166666666667,3.474,3.5515
autonomy,autonomy,full_aassr,opaque_dependency_l4,tabular_online,training,opaque,actual_return,30,0.6149166666666667,0.05225387023008908,0.59525,0.6327166666666667,0.4875,0.674
autonomy,autonomy,full_aassr,opaque_dependency_l4,tabular_online,training,opaque,runtime_seconds,30,0.0021046374149688444,9.665970181206286e-05,0.002071617918255894,0.002139247128307276,0.0018782051500311355,0.0023616277000983246
autonomy,autonomy,full_aassr,opaque_dependency_l4,tabular_online,training,opaque,real_transitions,30,4.0,0.0,4.0,4.0,4.0,4.0
autonomy,autonomy,full_aassr,opaque_dependency_l4,tabular_online,training,opaque,imagined_transitions,30,42.552083333333336,0.2788691475168619,42.45531666666667,42.65246666666667,41.9385,43.122
autonomy,autonomy,full_aassr,opaque_dependency_l4,tabular_online,training,opaque,action_proposals,30,4.0,0.0,4.0,4.0,4.0,4.0
autonomy,autonomy,full_aassr,opaque_dependency_l4,tabular_online,training,opaque,repeat_rate,30,0.0,0.0,0.0,0.0,0.0,0.0
autonomy,autonomy,full_aassr,opaque_dependency_l4,tabular_online,training,opaque,error_rate,30,0.0,0.0,0.0,0.0,0.0,0.0
autonomy,autonomy,full_aassr,opaque_dependency_l4,tabular_online,training,opaque,learning_auc,30,0.615007503751876,0.0522522343324099,0.5961897615474404,0.6329831582457895,0.4874937468734367,0.6740870435217609
autonomy,autonomy,full_aassr,opaque_dependency_l4,tabular_online,training,opaque,final_tail_success,30,0.8510000000000001,0.07059354273488525,0.8255,0.8751666666666668,0.68,0.925
autonomy,autonomy,full_aassr,opaque_dependency_l4,tabular_online,training,opaque,first_success_real_transitions,30,68.26666666666667,64.31760274597076,47.6,92.66666666666667,8.0,312.0
autonomy,autonomy,full_aassr,opaque_dependency_l6,tabular_online,evaluation_seen,opaque,success,30,0.0,0.0,0.0,0.0,0.0,0.0
autonomy,autonomy,full_aassr,opaque_dependency_l6,tabular_online,evaluation_seen,opaque,steps,30,6.0,0.0,6.0,6.0,6.0,6.0
autonomy,autonomy,full_aassr,opaque_dependency_l6,tabular_online,evaluation_seen,opaque,high_level_steps,30,6.0,0.0,6.0,6.0,6.0,6.0
autonomy,autonomy,full_aassr,opaque_dependency_l6,tabular_online,evaluation_seen,opaque,primitive_steps,30,6.0,0.0,6.0,6.0,6.0,6.0
autonomy,autonomy,full_aassr,opaque_dependency_l6,tabular_online,evaluation_seen,opaque,reward,30,0.0,0.0,0.0,0.0,0.0,0.0
autonomy,autonomy,full_aassr,opaque_dependency_l6,tabular_online,evaluation_seen,opaque,errors,30,0.0,0.0,0.0,0.0,0.0,0.0
autonomy,autonomy,full_aassr,opaque_dependency_l6,tabular_online,evaluation_seen,opaque,repeats,30,0.0,0.0,0.0,0.0,0.0,0.0
autonomy,autonomy,full_aassr,opaque_dependency_l6,tabular_online,evaluation_seen,opaque,prediction_score,30,0.0,0.0,0.0,0.0,0.0,0.0
autonomy,autonomy,full_aassr,opaque_dependency_l6,tabular_online,evaluation_seen,opaque,holdout_score,30,1.0,0.0,1.0,1.0,1.0,1.0
autonomy,autonomy,full_aassr,opaque_dependency_l6,tabular_online,evaluation_seen,opaque,imagined_nodes,30,0.0,0.0,0.0,0.0,0.0,0.0
autonomy,autonomy,full_aassr,opaque_dependency_l6,tabular_online,evaluation_seen,opaque,imagination_depth,30,0.0,0.0,0.0,0.0,0.0,0.0
autonomy,autonomy,full_aassr,opaque_dependency_l6,tabular_online,evaluation_seen,opaque,actual_return,30,0.0,0.0,0.0,0.0,0.0,0.0
autonomy,autonomy,full_aassr,opaque_dependency_l6,tabular_online,evaluation_seen,opaque,runtime_seconds,30,0.0035206789165919566,0.0003934829627442706,0.0033736212166453087,0.00365947588335257,0.0028282919999037402,0.004177226500178222
autonomy,autonomy,full_aassr,opaque_dependency_l6,tabular_online,evaluation_seen,opaque,real_transitions,30,6.0,0.0,6.0,6.0,6.0,6.0
autonomy,autonomy,full_aassr,opaque_dependency_l6,tabular_online,evaluation_seen,opaque,imagined_transitions,30,0.0,0.0,0.0,0.0,0.0,0.0
autonomy,autonomy,full_aassr,opaque_dependency_l6,tabular_online,evaluation_seen,opaque,action_proposals,30,6.0,0.0,6.0,6.0,6.0,6.0
autonomy,autonomy,full_aassr,opaque_dependency_l6,tabular_online,evaluation_seen,opaque,repeat_rate,30,0.0,0.0,0.0,0.0,0.0,0.0
autonomy,autonomy,full_aassr,opaque_dependency_l6,tabular_online,evaluation_seen,opaque,error_rate,30,0.0,0.0,0.0,0.0,0.0,0.0
autonomy,autonomy,full_aassr,opaque_dependency_l6,tabular_online,evaluation_unseen_zero_shot,opaque,success,30,0.0,0.0,0.0,0.0,0.0,0.0
autonomy,autonomy,full_aassr,opaque_dependency_l6,tabular_online,evaluation_unseen_zero_shot,opaque,steps,30,6.0,0.0,6.0,6.0,6.0,6.0
autonomy,autonomy,full_aassr,opaque_dependency_l6,tabular_online,evaluation_unseen_zero_shot,opaque,high_level_steps,30,6.0,0.0,6.0,6.0,6.0,6.0
autonomy,autonomy,full_aassr,opaque_dependency_l6,tabular_online,evaluation_unseen_zero_shot,opaque,primitive_steps,30,6.0,0.0,6.0,6.0,6.0,6.0
autonomy,autonomy,full_aassr,opaque_dependency_l6,tabular_online,evaluation_unseen_zero_shot,opaque,reward,30,0.0,0.0,0.0,0.0,0.0,0.0
autonomy,autonomy,full_aassr,opaque_dependency_l6,tabular_online,evaluation_unseen_zero_shot,opaque,errors,30,0.0,0.0,0.0,0.0,0.0,0.0
autonomy,autonomy,full_aassr,opaque_dependency_l6,tabular_online,evaluation_unseen_zero_shot,opaque,repeats,30,0.0,0.0,0.0,0.0,0.0,0.0
autonomy,autonomy,full_aassr,opaque_dependency_l6,tabular_online,evaluation_unseen_zero_shot,opaque,prediction_score,30,0.0,0.0,0.0,0.0,0.0,0.0
autonomy,autonomy,full_aassr,opaque_dependency_l6,tabular_online,evaluation_unseen_zero_shot,opaque,holdout_score,30,1.0,0.0,1.0,1.0,1.0,1.0
autonomy,autonomy,full_aassr,opaque_dependency_l6,tabular_online,evaluation_unseen_zero_shot,opaque,imagined_nodes,30,0.0,0.0,0.0,0.0,0.0,0.0
autonomy,autonomy,full_aassr,opaque_dependency_l6,tabular_online,evaluation_unseen_zero_shot,opaque,imagination_depth,30,0.0,0.0,0.0,0.0,0.0,0.0
autonomy,autonomy,full_aassr,opaque_dependency_l6,tabular_online,evaluation_unseen_zero_shot,opaque,actual_return,30,0.0,0.0,0.0,0.0,0.0,0.0
autonomy,autonomy,full_aassr,opaque_dependency_l6,tabular_online,evaluation_unseen_zero_shot,opaque,runtime_seconds,30,0.003600903599978968,0.0003878714732998945,0.0034610386668306697,0.0037358133329544216,0.0028392034997523296,0.00437852099945303
autonomy,autonomy,full_aassr,opaque_dependency_l6,tabular_online,evaluation_unseen_zero_shot,opaque,real_transitions,30,6.0,0.0,6.0,6.0,6.0,6.0
autonomy,autonomy,full_aassr,opaque_dependency_l6,tabular_online,evaluation_unseen_zero_shot,opaque,imagined_transitions,30,0.0,0.0,0.0,0.0,0.0,0.0
autonomy,autonomy,full_aassr,opaque_dependency_l6,tabular_online,evaluation_unseen_zero_shot,opaque,action_proposals,30,6.0,0.0,6.0,6.0,6.0,6.0
autonomy,autonomy,full_aassr,opaque_dependency_l6,tabular_online,evaluation_unseen_zero_shot,opaque,repeat_rate,30,0.0,0.0,0.0,0.0,0.0,0.0
autonomy,autonomy,full_aassr,opaque_dependency_l6,tabular_online,evaluation_unseen_zero_shot,opaque,error_rate,30,0.0,0.0,0.0,0.0,0.0,0.0
autonomy,autonomy,full_aassr,opaque_dependency_l6,tabular_online,training,opaque,success,30,0.27365,0.06905084957903274,0.24944999999999998,0.2975,0.14,0.429
autonomy,autonomy,full_aassr,opaque_dependency_l6,tabular_online,training,opaque,steps,30,6.0,0.0,6.0,6.0,6.0,6.0
autonomy,autonomy,full_aassr,opaque_dependency_l6,tabular_online,training,opaque,high_level_steps,30,6.0,0.0,6.0,6.0,6.0,6.0
autonomy,autonomy,full_aassr,opaque_dependency_l6,tabular_online,training,opaque,primitive_steps,30,6.0,0.0,6.0,6.0,6.0,6.0
autonomy,autonomy,full_aassr,opaque_dependency_l6,tabular_online,training,opaque,reward,30,0.27365,0.06905084957903274,0.2502833333333333,0.29758333333333337,0.14,0.429
autonomy,autonomy,full_aassr,opaque_dependency_l6,tabular_online,training,opaque,errors,30,0.0,0.0,0.0,0.0,0.0,0.0
autonomy,autonomy,full_aassr,opaque_dependency_l6,tabular_online,training,opaque,repeats,30,0.0,0.0,0.0,0.0,0.0,0.0
autonomy,autonomy,full_aassr,opaque_dependency_l6,tabular_online,training,opaque,prediction_score,30,0.9899888888888888,0.0005759937827818443,0.9897861111111111,0.9901916666666667,0.9886666666666666,0.9909166666666667
autonomy,autonomy,full_aassr,opaque_dependency_l6,tabular_online,training,opaque,holdout_score,30,0.12353632985024603,0.00021409985611566614,0.12345717592778992,0.12361036690789606,0.1229425208436331,0.12396257459981644
autonomy,autonomy,full_aassr,opaque_dependency_l6,tabular_online,training,opaque,holdout_gain,30,6.170299199710964e-06,4.365389113722761e-06,4.668868168868169e-06,7.729199041699042e-06,0.0,1.7361111111111104e-05
autonomy,autonomy,full_aassr,opaque_dependency_l6,tabular_online,training,opaque,imagined_nodes,30,186.44828333333334,1.3648884549809281,185.96186666666665,186.93671666666665,184.1075,189.0205
autonomy,autonomy,full_aassr,opaque_dependency_l6,tabular_online,training,opaque,imagination_depth,30,5.443616666666667,0.024816458433777364,5.434816666666666,5.452416666666666,5.386,5.502
autonomy,autonomy,full_aassr,opaque_dependency_l6,tabular_online,training,opaque,actual_return,30,0.27365,0.06905084957903274,0.24981666666666666,0.2972666666666666,0.14,0.429
autonomy,autonomy,full_aassr,opaque_dependency_l6,tabular_online,training,opaque,runtime_seconds,30,0.0070465602615979155,0.00039981244067398796,0.006905376838322748,0.0071839312166368475,0.006096679049747763,0.007810605349804973
autonomy,autonomy,full_aassr,opaque_dependency_l6,tabular_online,training,opaque,real_transitions,30,6.0,0.0,6.0,6.0,6.0,6.0
autonomy,autonomy,full_aassr,opaque_dependency_l6,tabular_online,training,opaque,imagined_transitions,30,186.44828333333334,1.3648884549809281,185.9737,186.9338,184.1075,189.0205
autonomy,autonomy,full_aassr,opaque_dependency_l6,tabular_online,training,opaque,action_proposals,30,6.0,0.0,6.0,6.0,6.0,6.0
autonomy,autonomy,full_aassr,opaque_dependency_l6,tabular_online,training,opaque,repeat_rate,30,0.0,0.0,0.0,0.0,0.0,0.0
autonomy,autonomy,full_aassr,opaque_dependency_l6,tabular_online,training,opaque,error_rate,30,0.0,0.0,0.0,0.0,0.0,0.0
autonomy,autonomy,full_aassr,opaque_dependency_l6,tabular_online,training,opaque,learning_auc,30,0.2736701684175421,0.06906690758478197,0.24974987493746872,0.2983241620810405,0.14007003501750875,0.42896448224112055
autonomy,autonomy,full_aassr,opaque_dependency_l6,tabular_online,training,opaque,final_tail_success,30,0.412,0.109155062119019,0.3733333333333333,0.45083333333333336,0.2,0.635
autonomy,autonomy,full_aassr,opaque_dependency_l6,tabular_online,training,opaque,first_success_real_transitions,30,321.2,362.1204219593256,205.6,452.6,36.0,1344.0
autonomy,autonomy,full_aassr,opaque_dependency_l8,tabular_online,evaluation_seen,opaque,success,30,0.0,0.0,0.0,0.0,0.0,0.0
autonomy,autonomy,full_aassr,opaque_dependency_l8,tabular_online,evaluation_seen,opaque,steps,30,8.0,0.0,8.0,8.0,8.0,8.0
autonomy,autonomy,full_aassr,opaque_dependency_l8,tabular_online,evaluation_seen,opaque,high_level_steps,30,8.0,0.0,8.0,8.0,8.0,8.0
autonomy,autonomy,full_aassr,opaque_dependency_l8,tabular_online,evaluation_seen,opaque,primitive_steps,30,8.0,0.0,8.0,8.0,8.0,8.0
autonomy,autonomy,full_aassr,opaque_dependency_l8,tabular_online,evaluation_seen,opaque,reward,30,0.0,0.0,0.0,0.0,0.0,0.0
autonomy,autonomy,full_aassr,opaque_dependency_l8,tabular_online,evaluation_seen,opaque,errors,30,0.0,0.0,0.0,0.0,0.0,0.0
autonomy,autonomy,full_aassr,opaque_dependency_l8,tabular_online,evaluation_seen,opaque,repeats,30,0.0,0.0,0.0,0.0,0.0,0.0
autonomy,autonomy,full_aassr,opaque_dependency_l8,tabular_online,evaluation_seen,opaque,prediction_score,30,0.0,0.0,0.0,0.0,0.0,0.0
autonomy,autonomy,full_aassr,opaque_dependency_l8,tabular_online,evaluation_seen,opaque,holdout_score,30,1.0,0.0,1.0,1.0,1.0,1.0
autonomy,autonomy,full_aassr,opaque_dependency_l8,tabular_online,evaluation_seen,opaque,imagined_nodes,30,0.0,0.0,0.0,0.0,0.0,0.0
autonomy,autonomy,full_aassr,opaque_dependency_l8,tabular_online,evaluation_seen,opaque,imagination_depth,30,0.0,0.0,0.0,0.0,0.0,0.0
autonomy,autonomy,full_aassr,opaque_dependency_l8,tabular_online,evaluation_seen,opaque,actual_return,30,0.0,0.0,0.0,0.0,0.0,0.0
autonomy,autonomy,full_aassr,opaque_dependency_l8,tabular_online,evaluation_seen,opaque,runtime_seconds,30,0.0051917688500931645,0.0005981747203145014,0.004975915383353518,0.0054007831331740214,0.004087410500796977,0.00602524449917837
autonomy,autonomy,full_aassr,opaque_dependency_l8,tabular_online,evaluation_seen,opaque,real_transitions,30,8.0,0.0,8.0,8.0,8.0,8.0
autonomy,autonomy,full_aassr,opaque_dependency_l8,tabular_online,evaluation_seen,opaque,imagined_transitions,30,0.0,0.0,0.0,0.0,0.0,0.0
autonomy,autonomy,full_aassr,opaque_dependency_l8,tabular_online,evaluation_seen,opaque,action_proposals,30,8.0,0.0,8.0,8.0,8.0,8.0
autonomy,autonomy,full_aassr,opaque_dependency_l8,tabular_online,evaluation_seen,opaque,repeat_rate,30,0.0,0.0,0.0,0.0,0.0,0.0
autonomy,autonomy,full_aassr,opaque_dependency_l8,tabular_online,evaluation_seen,opaque,error_rate,30,0.0,0.0,0.0,0.0,0.0,0.0
autonomy,autonomy,full_aassr,opaque_dependency_l8,tabular_online,evaluation_unseen_zero_shot,opaque,success,30,0.0,0.0,0.0,0.0,0.0,0.0
autonomy,autonomy,full_aassr,opaque_dependency_l8,tabular_online,evaluation_unseen_zero_shot,opaque,steps,30,8.0,0.0,8.0,8.0,8.0,8.0
autonomy,autonomy,full_aassr,opaque_dependency_l8,tabular_online,evaluation_unseen_zero_shot,opaque,high_level_steps,30,8.0,0.0,8.0,8.0,8.0,8.0
autonomy,autonomy,full_aassr,opaque_dependency_l8,tabular_online,evaluation_unseen_zero_shot,opaque,primitive_steps,30,8.0,0.0,8.0,8.0,8.0,8.0
autonomy,autonomy,full_aassr,opaque_dependency_l8,tabular_online,evaluation_unseen_zero_shot,opaque,reward,30,0.0,0.0,0.0,0.0,0.0,0.0
autonomy,autonomy,full_aassr,opaque_dependency_l8,tabular_online,evaluation_unseen_zero_shot,opaque,errors,30,0.0,0.0,0.0,0.0,0.0,0.0
autonomy,autonomy,full_aassr,opaque_dependency_l8,tabular_online,evaluation_unseen_zero_shot,opaque,repeats,30,0.0,0.0,0.0,0.0,0.0,0.0
autonomy,autonomy,full_aassr,opaque_dependency_l8,tabular_online,evaluation_unseen_zero_shot,opaque,prediction_score,30,0.0,0.0,0.0,0.0,0.0,0.0
autonomy,autonomy,full_aassr,opaque_dependency_l8,tabular_online,evaluation_unseen_zero_shot,opaque,holdout_score,30,1.0,0.0,1.0,1.0,1.0,1.0
autonomy,autonomy,full_aassr,opaque_dependency_l8,tabular_online,evaluation_unseen_zero_shot,opaque,imagined_nodes,30,0.0,0.0,0.0,0.0,0.0,0.0
autonomy,autonomy,full_aassr,opaque_dependency_l8,tabular_online,evaluation_unseen_zero_shot,opaque,imagination_depth,30,0.0,0.0,0.0,0.0,0.0,0.0
autonomy,autonomy,full_aassr,opaque_dependency_l8,tabular_online,evaluation_unseen_zero_shot,opaque,actual_return,30,0.0,0.0,0.0,0.0,0.0,0.0
autonomy,autonomy,full_aassr,opaque_dependency_l8,tabular_online,evaluation_unseen_zero_shot,opaque,runtime_seconds,30,0.005150533649813345,0.0007055641816866267,0.0049109053498104915,0.005411189399892464,0.00410357900094823,0.006971220501000062
autonomy,autonomy,full_aassr,opaque_dependency_l8,tabular_online,evaluation_unseen_zero_shot,opaque,real_transitions,30,8.0,0.0,8.0,8.0,8.0,8.0
autonomy,autonomy,full_aassr,opaque_dependency_l8,tabular_online,evaluation_unseen_zero_shot,opaque,imagined_transitions,30,0.0,0.0,0.0,0.0,0.0,0.0
autonomy,autonomy,full_aassr,opaque_dependency_l8,tabular_online,evaluation_unseen_zero_shot,opaque,action_proposals,30,8.0,0.0,8.0,8.0,8.0,8.0
autonomy,autonomy,full_aassr,opaque_dependency_l8,tabular_online,evaluation_unseen_zero_shot,opaque,repeat_rate,30,0.0,0.0,0.0,0.0,0.0,0.0
autonomy,autonomy,full_aassr,opaque_dependency_l8,tabular_online,evaluation_unseen_zero_shot,opaque,error_rate,30,0.0,0.0,0.0,0.0,0.0,0.0
autonomy,autonomy,full_aassr,opaque_dependency_l8,tabular_online,training,opaque,success,30,0.03431666666666667,0.03425046773738842,0.023,0.04653333333333333,0.0,0.08
autonomy,autonomy,full_aassr,opaque_dependency_l8,tabular_online,training,opaque,steps,30,8.0,0.0,8.0,8.0,8.0,8.0
autonomy,autonomy,full_aassr,opaque_dependency_l8,tabular_online,training,opaque,high_level_steps,30,8.0,0.0,8.0,8.0,8.0,8.0
autonomy,autonomy,full_aassr,opaque_dependency_l8,tabular_online,training,opaque,primitive_steps,30,8.0,0.0,8.0,8.0,8.0,8.0
autonomy,autonomy,full_aassr,opaque_dependency_l8,tabular_online,training,opaque,reward,30,0.03431666666666667,0.03425046773738842,0.02235,0.04596666666666667,0.0,0.08
autonomy,autonomy,full_aassr,opaque_dependency_l8,tabular_online,training,opaque,errors,30,0.0,0.0,0.0,0.0,0.0,0.0
autonomy,autonomy,full_aassr,opaque_dependency_l8,tabular_online,training,opaque,repeats,30,0.0,0.0,0.0,0.0,0.0,0.0
autonomy,autonomy,full_aassr,opaque_dependency_l8,tabular_online,training,opaque,prediction_score,30,0.9899749999999999,0.0003545425658993206,0.9898541666666667,0.9901020833333334,0.9893125,0.9908125
autonomy,autonomy,full_aassr,opaque_dependency_l8,tabular_online,training,opaque,holdout_score,30,0.12352435400680856,0.00013394130036156537,0.12347915929611225,0.12357254119775309,0.12324525766160213,0.12391809068876289
autonomy,autonomy,full_aassr,opaque_dependency_l8,tabular_online,training,opaque,holdout_gain,30,6.6392562686676655e-06,4.384247607245034e-06,5.184631902003226e-06,8.236992762322008e-06,1.953125e-06,1.9903273809523807e-05
autonomy,autonomy,full_aassr,opaque_dependency_l8,tabular_online,training,opaque,imagined_nodes,30,525.2873999999999,2.722419158737684,524.3421833333333,526.24695,521.2435,530.5505
autonomy,autonomy,full_aassr,opaque_dependency_l8,tabular_online,training,opaque,imagination_depth,30,7.403833333333334,0.023502139790083944,7.396116666666667,7.4121999999999995,7.366,7.4525
autonomy,autonomy,full_aassr,opaque_dependency_l8,tabular_online,training,opaque,actual_return,30,0.03431666666666667,0.03425046773738842,0.02273333333333333,0.046516666666666664,0.0,0.08
autonomy,autonomy,full_aassr,opaque_dependency_l8,tabular_online,training,opaque,runtime_seconds,30,0.018366377895018864,0.0010892026131518846,0.017954169825051214,0.018728866648360175,0.015296066149749094,0.019603764150189818
autonomy,autonomy,full_aassr,opaque_dependency_l8,tabular_online,training,opaque,real_transitions,30,8.0,0.0,8.0,8.0,8.0,8.0
autonomy,autonomy,full_aassr,opaque_dependency_l8,tabular_online,training,opaque,imagined_transitions,30,525.2873999999999,2.722419158737684,524.3656,526.2559333333334,521.2435,530.5505
autonomy,autonomy,full_aassr,opaque_dependency_l8,tabular_online,training,opaque,action_proposals,30,8.0,0.0,8.0,8.0,8.0,8.0
autonomy,autonomy,full_aassr,opaque_dependency_l8,tabular_online,training,opaque,repeat_rate,30,0.0,0.0,0.0,0.0,0.0,0.0
autonomy,autonomy,full_aassr,opaque_dependency_l8,tabular_online,training,opaque,error_rate,30,0.0,0.0,0.0,0.0,0.0,0.0
autonomy,autonomy,full_aassr,opaque_dependency_l8,tabular_online,training,opaque,learning_auc,30,0.034333833583458394,0.0342676015381575,0.022811405702851426,0.046256461564115385,0.0,0.080040020010005
autonomy,autonomy,full_aassr,opaque_dependency_l8,tabular_online,training,opaque,final_tail_success,30,0.04933333333333333,0.05310583663833451,0.031000000000000003,0.068,0.0,0.12
autonomy,autonomy,full_aassr,opaque_dependency_l8,tabular_online,training,opaque,first_success_real_transitions,27,1936.2962962962963,1808.708481312113,1309.037037037037,2605.037037037037,64.0,6672.0
autonomy,autonomy,oracle_upper_bound,opaque_dependency_l4,oracle_privileged,evaluation_seen,opaque,success,30,1.0,0.0,1.0,1.0,1.0,1.0
autonomy,autonomy,oracle_upper_bound,opaque_dependency_l4,oracle_privileged,evaluation_seen,opaque,steps,30,4.0,0.0,4.0,4.0,4.0,4.0
autonomy,autonomy,oracle_upper_bound,opaque_dependency_l4,oracle_privileged,evaluation_seen,opaque,high_level_steps,30,4.0,0.0,4.0,4.0,4.0,4.0
autonomy,autonomy,oracle_upper_bound,opaque_dependency_l4,oracle_privileged,evaluation_seen,opaque,primitive_steps,30,4.0,0.0,4.0,4.0,4.0,4.0
autonomy,autonomy,oracle_upper_bound,opaque_dependency_l4,oracle_privileged,evaluation_seen,opaque,reward,30,1.0,0.0,1.0,1.0,1.0,1.0
autonomy,autonomy,oracle_upper_bound,opaque_dependency_l4,oracle_privileged,evaluation_seen,opaque,errors,30,0.0,0.0,0.0,0.0,0.0,0.0
autonomy,autonomy,oracle_upper_bound,opaque_dependency_l4,oracle_privileged,evaluation_seen,opaque,repeats,30,0.0,0.0,0.0,0.0,0.0,0.0
autonomy,autonomy,oracle_upper_bound,opaque_dependency_l4,oracle_privileged,evaluation_seen,opaque,imagined_nodes,30,0.0,0.0,0.0,0.0,0.0,0.0
autonomy,autonomy,oracle_upper_bound,opaque_dependency_l4,oracle_privileged,evaluation_seen,opaque,imagination_depth,30,0.0,0.0,0.0,0.0,0.0,0.0
autonomy,autonomy,oracle_upper_bound,opaque_dependency_l4,oracle_privileged,evaluation_seen,opaque,actual_return,30,1.0,0.0,1.0,1.0,1.0,1.0
autonomy,autonomy,oracle_upper_bound,opaque_dependency_l4,oracle_privileged,evaluation_seen,opaque,runtime_seconds,30,8.304761677087906e-05,2.561666673002251e-05,7.57452336207886e-05,9.318571672095763e-05,5.943750104052015e-05,0.00020224099993356503
autonomy,autonomy,oracle_upper_bound,opaque_dependency_l4,oracle_privileged,evaluation_seen,opaque,real_transitions,30,4.0,0.0,4.0,4.0,4.0,4.0
autonomy,autonomy,oracle_upper_bound,opaque_dependency_l4,oracle_privileged,evaluation_seen,opaque,imagined_transitions,30,0.0,0.0,0.0,0.0,0.0,0.0
autonomy,autonomy,oracle_upper_bound,opaque_dependency_l4,oracle_privileged,evaluation_seen,opaque,action_proposals,30,4.0,0.0,4.0,4.0,4.0,4.0
autonomy,autonomy,oracle_upper_bound,opaque_dependency_l4,oracle_privileged,evaluation_seen,opaque,repeat_rate,30,0.0,0.0,0.0,0.0,0.0,0.0
autonomy,autonomy,oracle_upper_bound,opaque_dependency_l4,oracle_privileged,evaluation_seen,opaque,error_rate,30,0.0,0.0,0.0,0.0,0.0,0.0
autonomy,autonomy,oracle_upper_bound,opaque_dependency_l4,oracle_privileged,evaluation_unseen_zero_shot,opaque,success,30,1.0,0.0,1.0,1.0,1.0,1.0
autonomy,autonomy,oracle_upper_bound,opaque_dependency_l4,oracle_privileged,evaluation_unseen_zero_shot,opaque,steps,30,4.0,0.0,4.0,4.0,4.0,4.0
autonomy,autonomy,oracle_upper_bound,opaque_dependency_l4,oracle_privileged,evaluation_unseen_zero_shot,opaque,high_level_steps,30,4.0,0.0,4.0,4.0,4.0,4.0
autonomy,autonomy,oracle_upper_bound,opaque_dependency_l4,oracle_privileged,evaluation_unseen_zero_shot,opaque,primitive_steps,30,4.0,0.0,4.0,4.0,4.0,4.0
autonomy,autonomy,oracle_upper_bound,opaque_dependency_l4,oracle_privileged,evaluation_unseen_zero_shot,opaque,reward,30,1.0,0.0,1.0,1.0,1.0,1.0
autonomy,autonomy,oracle_upper_bound,opaque_dependency_l4,oracle_privileged,evaluation_unseen_zero_shot,opaque,errors,30,0.0,0.0,0.0,0.0,0.0,0.0
autonomy,autonomy,oracle_upper_bound,opaque_dependency_l4,oracle_privileged,evaluation_unseen_zero_shot,opaque,repeats,30,0.0,0.0,0.0,0.0,0.0,0.0
autonomy,autonomy,oracle_upper_bound,opaque_dependency_l4,oracle_privileged,evaluation_unseen_zero_shot,opaque,imagined_nodes,30,0.0,0.0,0.0,0.0,0.0,0.0
autonomy,autonomy,oracle_upper_bound,opaque_dependency_l4,oracle_privileged,evaluation_unseen_zero_shot,opaque,imagination_depth,30,0.0,0.0,0.0,0.0,0.0,0.0
autonomy,autonomy,oracle_upper_bound,opaque_dependency_l4,oracle_privileged,evaluation_unseen_zero_shot,opaque,actual_return,30,1.0,0.0,1.0,1.0,1.0,1.0
autonomy,autonomy,oracle_upper_bound,opaque_dependency_l4,oracle_privileged,evaluation_unseen_zero_shot,opaque,runtime_seconds,30,7.706094984799468e-05,1.2527800960750221e-05,7.27176501386566e-05,8.158158324658871e-05,5.921599775319919e-05,0.00010012699902290479
autonomy,autonomy,oracle_upper_bound,opaque_dependency_l4,oracle_privileged,evaluation_unseen_zero_shot,opaque,real_transitions,30,4.0,0.0,4.0,4.0,4.0,4.0
autonomy,autonomy,oracle_upper_bound,opaque_dependency_l4,oracle_privileged,evaluation_unseen_zero_shot,opaque,imagined_transitions,30,0.0,0.0,0.0,0.0,0.0,0.0
autonomy,autonomy,oracle_upper_bound,opaque_dependency_l4,oracle_privileged,evaluation_unseen_zero_shot,opaque,action_proposals,30,4.0,0.0,4.0,4.0,4.0,4.0
autonomy,autonomy,oracle_upper_bound,opaque_dependency_l4,oracle_privileged,evaluation_unseen_zero_shot,opaque,repeat_rate,30,0.0,0.0,0.0,0.0,0.0,0.0
autonomy,autonomy,oracle_upper_bound,opaque_dependency_l4,oracle_privileged,evaluation_unseen_zero_shot,opaque,error_rate,30,0.0,0.0,0.0,0.0,0.0,0.0
autonomy,autonomy,oracle_upper_bound,opaque_dependency_l4,oracle_privileged,training,opaque,success,30,1.0,0.0,1.0,1.0,1.0,1.0
autonomy,autonomy,oracle_upper_bound,opaque_dependency_l4,oracle_privileged,training,opaque,steps,30,4.0,0.0,4.0,4.0,4.0,4.0
autonomy,autonomy,oracle_upper_bound,opaque_dependency_l4,oracle_privileged,training,opaque,high_level_steps,30,4.0,0.0,4.0,4.0,4.0,4.0
autonomy,autonomy,oracle_upper_bound,opaque_dependency_l4,oracle_privileged,training,opaque,primitive_steps,30,4.0,0.0,4.0,4.0,4.0,4.0
autonomy,autonomy,oracle_upper_bound,opaque_dependency_l4,oracle_privileged,training,opaque,reward,30,1.0,0.0,1.0,1.0,1.0,1.0
autonomy,autonomy,oracle_upper_bound,opaque_dependency_l4,oracle_privileged,training,opaque,errors,30,0.0,0.0,0.0,0.0,0.0,0.0
autonomy,autonomy,oracle_upper_bound,opaque_dependency_l4,oracle_privileged,training,opaque,repeats,30,0.0,0.0,0.0,0.0,0.0,0.0
autonomy,autonomy,oracle_upper_bound,opaque_dependency_l4,oracle_privileged,training,opaque,prediction_score,30,0.0,0.0,0.0,0.0,0.0,0.0
autonomy,autonomy,oracle_upper_bound,opaque_dependency_l4,oracle_privileged,training,opaque,holdout_score,30,0.0,0.0,0.0,0.0,0.0,0.0
autonomy,autonomy,oracle_upper_bound,opaque_dependency_l4,oracle_privileged,training,opaque,holdout_gain,30,0.0,0.0,0.0,0.0,0.0,0.0
autonomy,autonomy,oracle_upper_bound,opaque_dependency_l4,oracle_privileged,training,opaque,imagined_nodes,30,0.0,0.0,0.0,0.0,0.0,0.0
autonomy,autonomy,oracle_upper_bound,opaque_dependency_l4,oracle_privileged,training,opaque,imagination_depth,30,0.0,0.0,0.0,0.0,0.0,0.0
autonomy,autonomy,oracle_upper_bound,opaque_dependency_l4,oracle_privileged,training,opaque,actual_return,30,1.0,0.0,1.0,1.0,1.0,1.0
autonomy,autonomy,oracle_upper_bound,opaque_dependency_l4,oracle_privileged,training,opaque,runtime_seconds,30,8.566200001320491e-05,7.327615410420712e-06,8.311543006954404e-05,8.831313000700903e-05,7.097495064954273e-05,0.00010493425028107594
autonomy,autonomy,oracle_upper_bound,opaque_dependency_l4,oracle_privileged,training,opaque,real_transitions,30,4.0,0.0,4.0,4.0,4.0,4.0
autonomy,autonomy,oracle_upper_bound,opaque_dependency_l4,oracle_privileged,training,opaque,imagined_transitions,30,0.0,0.0,0.0,0.0,0.0,0.0
autonomy,autonomy,oracle_upper_bound,opaque_dependency_l4,oracle_privileged,training,opaque,action_proposals,30,4.0,0.0,4.0,4.0,4.0,4.0
autonomy,autonomy,oracle_upper_bound,opaque_dependency_l4,oracle_privileged,training,opaque,repeat_rate,30,0.0,0.0,0.0,0.0,0.0,0.0
autonomy,autonomy,oracle_upper_bound,opaque_dependency_l4,oracle_privileged,training,opaque,error_rate,30,0.0,0.0,0.0,0.0,0.0,0.0
autonomy,autonomy,oracle_upper_bound,opaque_dependency_l4,oracle_privileged,training,opaque,learning_auc,30,1.0,0.0,1.0,1.0,1.0,1.0
autonomy,autonomy,oracle_upper_bound,opaque_dependency_l4,oracle_privileged,training,opaque,final_tail_success,30,1.0,0.0,1.0,1.0,1.0,1.0
autonomy,autonomy,oracle_upper_bound,opaque_dependency_l4,oracle_privileged,training,opaque,first_success_real_transitions,30,4.0,0.0,4.0,4.0,4.0,4.0
autonomy,autonomy,oracle_upper_bound,opaque_dependency_l6,oracle_privileged,evaluation_seen,opaque,success,30,1.0,0.0,1.0,1.0,1.0,1.0
autonomy,autonomy,oracle_upper_bound,opaque_dependency_l6,oracle_privileged,evaluation_seen,opaque,steps,30,6.0,0.0,6.0,6.0,6.0,6.0
autonomy,autonomy,oracle_upper_bound,opaque_dependency_l6,oracle_privileged,evaluation_seen,opaque,high_level_steps,30,6.0,0.0,6.0,6.0,6.0,6.0
autonomy,autonomy,oracle_upper_bound,opaque_dependency_l6,oracle_privileged,evaluation_seen,opaque,primitive_steps,30,6.0,0.0,6.0,6.0,6.0,6.0
autonomy,autonomy,oracle_upper_bound,opaque_dependency_l6,oracle_privileged,evaluation_seen,opaque,reward,30,1.0,0.0,1.0,1.0,1.0,1.0
autonomy,autonomy,oracle_upper_bound,opaque_dependency_l6,oracle_privileged,evaluation_seen,opaque,errors,30,0.0,0.0,0.0,0.0,0.0,0.0
autonomy,autonomy,oracle_upper_bound,opaque_dependency_l6,oracle_privileged,evaluation_seen,opaque,repeats,30,0.0,0.0,0.0,0.0,0.0,0.0
autonomy,autonomy,oracle_upper_bound,opaque_dependency_l6,oracle_privileged,evaluation_seen,opaque,imagined_nodes,30,0.0,0.0,0.0,0.0,0.0,0.0
autonomy,autonomy,oracle_upper_bound,opaque_dependency_l6,oracle_privileged,evaluation_seen,opaque,imagination_depth,30,0.0,0.0,0.0,0.0,0.0,0.0
autonomy,autonomy,oracle_upper_bound,opaque_dependency_l6,oracle_privileged,evaluation_seen,opaque,actual_return,30,1.0,0.0,1.0,1.0,1.0,1.0
autonomy,autonomy,oracle_upper_bound,opaque_dependency_l6,oracle_privileged,evaluation_seen,opaque,runtime_seconds,30,0.00012370001687668264,3.394564976333039e-05,0.00011431286676573412,0.00013751065040802738,9.303700004238635e-05,0.0002868829999351874
autonomy,autonomy,oracle_upper_bound,opaque_dependency_l6,oracle_privileged,evaluation_seen,opaque,real_transitions,30,6.0,0.0,6.0,6.0,6.0,6.0
autonomy,autonomy,oracle_upper_bound,opaque_dependency_l6,oracle_privileged,evaluation_seen,opaque,imagined_transitions,30,0.0,0.0,0.0,0.0,0.0,0.0
autonomy,autonomy,oracle_upper_bound,opaque_dependency_l6,oracle_privileged,evaluation_seen,opaque,action_proposals,30,6.0,0.0,6.0,6.0,6.0,6.0
autonomy,autonomy,oracle_upper_bound,opaque_dependency_l6,oracle_privileged,evaluation_seen,opaque,repeat_rate,30,0.0,0.0,0.0,0.0,0.0,0.0
autonomy,autonomy,oracle_upper_bound,opaque_dependency_l6,oracle_privileged,evaluation_seen,opaque,error_rate,30,0.0,0.0,0.0,0.0,0.0,0.0
autonomy,autonomy,oracle_upper_bound,opaque_dependency_l6,oracle_privileged,evaluation_unseen_zero_shot,opaque,success,30,1.0,0.0,1.0,1.0,1.0,1.0
autonomy,autonomy,oracle_upper_bound,opaque_dependency_l6,oracle_privileged,evaluation_unseen_zero_shot,opaque,steps,30,6.0,0.0,6.0,6.0,6.0,6.0
autonomy,autonomy,oracle_upper_bound,opaque_dependency_l6,oracle_privileged,evaluation_unseen_zero_shot,opaque,high_level_steps,30,6.0,0.0,6.0,6.0,6.0,6.0
autonomy,autonomy,oracle_upper_bound,opaque_dependency_l6,oracle_privileged,evaluation_unseen_zero_shot,opaque,primitive_steps,30,6.0,0.0,6.0,6.0,6.0,6.0
autonomy,autonomy,oracle_upper_bound,opaque_dependency_l6,oracle_privileged,evaluation_unseen_zero_shot,opaque,reward,30,1.0,0.0,1.0,1.0,1.0,1.0
autonomy,autonomy,oracle_upper_bound,opaque_dependency_l6,oracle_privileged,evaluation_unseen_zero_shot,opaque,errors,30,0.0,0.0,0.0,0.0,0.0,0.0
autonomy,autonomy,oracle_upper_bound,opaque_dependency_l6,oracle_privileged,evaluation_unseen_zero_shot,opaque,repeats,30,0.0,0.0,0.0,0.0,0.0,0.0
autonomy,autonomy,oracle_upper_bound,opaque_dependency_l6,oracle_privileged,evaluation_unseen_zero_shot,opaque,imagined_nodes,30,0.0,0.0,0.0,0.0,0.0,0.0
autonomy,autonomy,oracle_upper_bound,opaque_dependency_l6,oracle_privileged,evaluation_unseen_zero_shot,opaque,imagination_depth,30,0.0,0.0,0.0,0.0,0.0,0.0
autonomy,autonomy,oracle_upper_bound,opaque_dependency_l6,oracle_privileged,evaluation_unseen_zero_shot,opaque,actual_return,30,1.0,0.0,1.0,1.0,1.0,1.0
autonomy,autonomy,oracle_upper_bound,opaque_dependency_l6,oracle_privileged,evaluation_unseen_zero_shot,opaque,runtime_seconds,30,0.0001230135165921335,3.130105316839672e-05,0.00011385366648513203,0.00013536716667294967,8.986099914181977e-05,0.0002714339994417969
autonomy,autonomy,oracle_upper_bound,opaque_dependency_l6,oracle_privileged,evaluation_unseen_zero_shot,opaque,real_transitions,30,6.0,0.0,6.0,6.0,6.0,6.0
autonomy,autonomy,oracle_upper_bound,opaque_dependency_l6,oracle_privileged,evaluation_unseen_zero_shot,opaque,imagined_transitions,30,0.0,0.0,0.0,0.0,0.0,0.0
autonomy,autonomy,oracle_upper_bound,opaque_dependency_l6,oracle_privileged,evaluation_unseen_zero_shot,opaque,action_proposals,30,6.0,0.0,6.0,6.0,6.0,6.0
autonomy,autonomy,oracle_upper_bound,opaque_dependency_l6,oracle_privileged,evaluation_unseen_zero_shot,opaque,repeat_rate,30,0.0,0.0,0.0,0.0,0.0,0.0
autonomy,autonomy,oracle_upper_bound,opaque_dependency_l6,oracle_privileged,evaluation_unseen_zero_shot,opaque,error_rate,30,0.0,0.0,0.0,0.0,0.0,0.0
autonomy,autonomy,oracle_upper_bound,opaque_dependency_l6,oracle_privileged,training,opaque,success,30,1.0,0.0,1.0,1.0,1.0,1.0
autonomy,autonomy,oracle_upper_bound,opaque_dependency_l6,oracle_privileged,training,opaque,steps,30,6.0,0.0,6.0,6.0,6.0,6.0
autonomy,autonomy,oracle_upper_bound,opaque_dependency_l6,oracle_privileged,training,opaque,high_level_steps,30,6.0,0.0,6.0,6.0,6.0,6.0
autonomy,autonomy,oracle_upper_bound,opaque_dependency_l6,oracle_privileged,training,opaque,primitive_steps,30,6.0,0.0,6.0,6.0,6.0,6.0
autonomy,autonomy,oracle_upper_bound,opaque_dependency_l6,oracle_privileged,training,opaque,reward,30,1.0,0.0,1.0,1.0,1.0,1.0
autonomy,autonomy,oracle_upper_bound,opaque_dependency_l6,oracle_privileged,training,opaque,errors,30,0.0,0.0,0.0,0.0,0.0,0.0
autonomy,autonomy,oracle_upper_bound,opaque_dependency_l6,oracle_privileged,training,opaque,repeats,30,0.0,0.0,0.0,0.0,0.0,0.0
autonomy,autonomy,oracle_upper_bound,opaque_dependency_l6,oracle_privileged,training,opaque,prediction_score,30,0.0,0.0,0.0,0.0,0.0,0.0
autonomy,autonomy,oracle_upper_bound,opaque_dependency_l6,oracle_privileged,training,opaque,holdout_score,30,0.0,0.0,0.0,0.0,0.0,0.0
autonomy,autonomy,oracle_upper_bound,opaque_dependency_l6,oracle_privileged,training,opaque,holdout_gain,30,0.0,0.0,0.0,0.0,0.0,0.0
autonomy,autonomy,oracle_upper_bound,opaque_dependency_l6,oracle_privileged,training,opaque,imagined_nodes,30,0.0,0.0,0.0,0.0,0.0,0.0
autonomy,autonomy,oracle_upper_bound,opaque_dependency_l6,oracle_privileged,training,opaque,imagination_depth,30,0.0,0.0,0.0,0.0,0.0,0.0
autonomy,autonomy,oracle_upper_bound,opaque_dependency_l6,oracle_privileged,training,opaque,actual_return,30,1.0,0.0,1.0,1.0,1.0,1.0
autonomy,autonomy,oracle_upper_bound,opaque_dependency_l6,oracle_privileged,training,opaque,runtime_seconds,30,0.000130881798263484,1.3081544400977847e-05,0.00012638987658622984,0.0001355842232495585,0.00010601949953706935,0.00015798035002080723
autonomy,autonomy,oracle_upper_bound,opaque_dependency_l6,oracle_privileged,training,opaque,real_transitions,30,6.0,0.0,6.0,6.0,6.0,6.0
autonomy,autonomy,oracle_upper_bound,opaque_dependency_l6,oracle_privileged,training,opaque,imagined_transitions,30,0.0,0.0,0.0,0.0,0.0,0.0
autonomy,autonomy,oracle_upper_bound,opaque_dependency_l6,oracle_privileged,training,opaque,action_proposals,30,6.0,0.0,6.0,6.0,6.0,6.0
autonomy,autonomy,oracle_upper_bound,opaque_dependency_l6,oracle_privileged,training,opaque,repeat_rate,30,0.0,0.0,0.0,0.0,0.0,0.0
autonomy,autonomy,oracle_upper_bound,opaque_dependency_l6,oracle_privileged,training,opaque,error_rate,30,0.0,0.0,0.0,0.0,0.0,0.0
autonomy,autonomy,oracle_upper_bound,opaque_dependency_l6,oracle_privileged,training,opaque,learning_auc,30,1.0,0.0,1.0,1.0,1.0,1.0
autonomy,autonomy,oracle_upper_bound,opaque_dependency_l6,oracle_privileged,training,opaque,final_tail_success,30,1.0,0.0,1.0,1.0,1.0,1.0
autonomy,autonomy,oracle_upper_bound,opaque_dependency_l6,oracle_privileged,training,opaque,first_success_real_transitions,30,6.0,0.0,6.0,6.0,6.0,6.0
autonomy,autonomy,oracle_upper_bound,opaque_dependency_l8,oracle_privileged,evaluation_seen,opaque,success,30,1.0,0.0,1.0,1.0,1.0,1.0
autonomy,autonomy,oracle_upper_bound,opaque_dependency_l8,oracle_privileged,evaluation_seen,opaque,steps,30,8.0,0.0,8.0,8.0,8.0,8.0
autonomy,autonomy,oracle_upper_bound,opaque_dependency_l8,oracle_privileged,evaluation_seen,opaque,high_level_steps,30,8.0,0.0,8.0,8.0,8.0,8.0
autonomy,autonomy,oracle_upper_bound,opaque_dependency_l8,oracle_privileged,evaluation_seen,opaque,primitive_steps,30,8.0,0.0,8.0,8.0,8.0,8.0
autonomy,autonomy,oracle_upper_bound,opaque_dependency_l8,oracle_privileged,evaluation_seen,opaque,reward,30,1.0,0.0,1.0,1.0,1.0,1.0
autonomy,autonomy,oracle_upper_bound,opaque_dependency_l8,oracle_privileged,evaluation_seen,opaque,errors,30,0.0,0.0,0.0,0.0,0.0,0.0
autonomy,autonomy,oracle_upper_bound,opaque_dependency_l8,oracle_privileged,evaluation_seen,opaque,repeats,30,0.0,0.0,0.0,0.0,0.0,0.0
autonomy,autonomy,oracle_upper_bound,opaque_dependency_l8,oracle_privileged,evaluation_seen,opaque,imagined_nodes,30,0.0,0.0,0.0,0.0,0.0,0.0
autonomy,autonomy,oracle_upper_bound,opaque_dependency_l8,oracle_privileged,evaluation_seen,opaque,imagination_depth,30,0.0,0.0,0.0,0.0,0.0,0.0
autonomy,autonomy,oracle_upper_bound,opaque_dependency_l8,oracle_privileged,evaluation_seen,opaque,actual_return,30,1.0,0.0,1.0,1.0,1.0,1.0
autonomy,autonomy,oracle_upper_bound,opaque_dependency_l8,oracle_privileged,evaluation_seen,opaque,runtime_seconds,30,0.00017740618304621118,5.794249277692091e-05,0.0001601546496191683,0.00020046559967158828,0.00012208900006953626,0.0003835989983053878
autonomy,autonomy,oracle_upper_bound,opaque_dependency_l8,oracle_privileged,evaluation_seen,opaque,real_transitions,30,8.0,0.0,8.0,8.0,8.0,8.0
autonomy,autonomy,oracle_upper_bound,opaque_dependency_l8,oracle_privileged,evaluation_seen,opaque,imagined_transitions,30,0.0,0.0,0.0,0.0,0.0,0.0
autonomy,autonomy,oracle_upper_bound,opaque_dependency_l8,oracle_privileged,evaluation_seen,opaque,action_proposals,30,8.0,0.0,8.0,8.0,8.0,8.0
autonomy,autonomy,oracle_upper_bound,opaque_dependency_l8,oracle_privileged,evaluation_seen,opaque,repeat_rate,30,0.0,0.0,0.0,0.0,0.0,0.0
autonomy,autonomy,oracle_upper_bound,opaque_dependency_l8,oracle_privileged,evaluation_seen,opaque,error_rate,30,0.0,0.0,0.0,0.0,0.0,0.0
autonomy,autonomy,oracle_upper_bound,opaque_dependency_l8,oracle_privileged,evaluation_unseen_zero_shot,opaque,success,30,1.0,0.0,1.0,1.0,1.0,1.0
autonomy,autonomy,oracle_upper_bound,opaque_dependency_l8,oracle_privileged,evaluation_unseen_zero_shot,opaque,steps,30,8.0,0.0,8.0,8.0,8.0,8.0
autonomy,autonomy,oracle_upper_bound,opaque_dependency_l8,oracle_privileged,evaluation_unseen_zero_shot,opaque,high_level_steps,30,8.0,0.0,8.0,8.0,8.0,8.0
autonomy,autonomy,oracle_upper_bound,opaque_dependency_l8,oracle_privileged,evaluation_unseen_zero_shot,opaque,primitive_steps,30,8.0,0.0,8.0,8.0,8.0,8.0
autonomy,autonomy,oracle_upper_bound,opaque_dependency_l8,oracle_privileged,evaluation_unseen_zero_shot,opaque,reward,30,1.0,0.0,1.0,1.0,1.0,1.0
autonomy,autonomy,oracle_upper_bound,opaque_dependency_l8,oracle_privileged,evaluation_unseen_zero_shot,opaque,errors,30,0.0,0.0,0.0,0.0,0.0,0.0
autonomy,autonomy,oracle_upper_bound,opaque_dependency_l8,oracle_privileged,evaluation_unseen_zero_shot,opaque,repeats,30,0.0,0.0,0.0,0.0,0.0,0.0
autonomy,autonomy,oracle_upper_bound,opaque_dependency_l8,oracle_privileged,evaluation_unseen_zero_shot,opaque,imagined_nodes,30,0.0,0.0,0.0,0.0,0.0,0.0
autonomy,autonomy,oracle_upper_bound,opaque_dependency_l8,oracle_privileged,evaluation_unseen_zero_shot,opaque,imagination_depth,30,0.0,0.0,0.0,0.0,0.0,0.0
autonomy,autonomy,oracle_upper_bound,opaque_dependency_l8,oracle_privileged,evaluation_unseen_zero_shot,opaque,actual_return,30,1.0,0.0,1.0,1.0,1.0,1.0
autonomy,autonomy,oracle_upper_bound,opaque_dependency_l8,oracle_privileged,evaluation_unseen_zero_shot,opaque,runtime_seconds,30,0.00016845374986102494,4.3844872188511554e-05,0.00015587303330539726,0.0001856542497795696,0.00012421600084053353,0.00037353649880969895
autonomy,autonomy,oracle_upper_bound,opaque_dependency_l8,oracle_privileged,evaluation_unseen_zero_shot,opaque,real_transitions,30,8.0,0.0,8.0,8.0,8.0,8.0
autonomy,autonomy,oracle_upper_bound,opaque_dependency_l8,oracle_privileged,evaluation_unseen_zero_shot,opaque,imagined_transitions,30,0.0,0.0,0.0,0.0,0.0,0.0
autonomy,autonomy,oracle_upper_bound,opaque_dependency_l8,oracle_privileged,evaluation_unseen_zero_shot,opaque,action_proposals,30,8.0,0.0,8.0,8.0,8.0,8.0
autonomy,autonomy,oracle_upper_bound,opaque_dependency_l8,oracle_privileged,evaluation_unseen_zero_shot,opaque,repeat_rate,30,0.0,0.0,0.0,0.0,0.0,0.0
autonomy,autonomy,oracle_upper_bound,opaque_dependency_l8,oracle_privileged,evaluation_unseen_zero_shot,opaque,error_rate,30,0.0,0.0,0.0,0.0,0.0,0.0
autonomy,autonomy,oracle_upper_bound,opaque_dependency_l8,oracle_privileged,training,opaque,success,30,1.0,0.0,1.0,1.0,1.0,1.0
autonomy,autonomy,oracle_upper_bound,opaque_dependency_l8,oracle_privileged,training,opaque,steps,30,8.0,0.0,8.0,8.0,8.0,8.0
autonomy,autonomy,oracle_upper_bound,opaque_dependency_l8,oracle_privileged,training,opaque,high_level_steps,30,8.0,0.0,8.0,8.0,8.0,8.0
autonomy,autonomy,oracle_upper_bound,opaque_dependency_l8,oracle_privileged,training,opaque,primitive_steps,30,8.0,0.0,8.0,8.0,8.0,8.0
autonomy,autonomy,oracle_upper_bound,opaque_dependency_l8,oracle_privileged,training,opaque,reward,30,1.0,0.0,1.0,1.0,1.0,1.0
autonomy,autonomy,oracle_upper_bound,opaque_dependency_l8,oracle_privileged,training,opaque,errors,30,0.0,0.0,0.0,0.0,0.0,0.0
autonomy,autonomy,oracle_upper_bound,opaque_dependency_l8,oracle_privileged,training,opaque,repeats,30,0.0,0.0,0.0,0.0,0.0,0.0
autonomy,autonomy,oracle_upper_bound,opaque_dependency_l8,oracle_privileged,training,opaque,prediction_score,30,0.0,0.0,0.0,0.0,0.0,0.0
autonomy,autonomy,oracle_upper_bound,opaque_dependency_l8,oracle_privileged,training,opaque,holdout_score,30,0.0,0.0,0.0,0.0,0.0,0.0
autonomy,autonomy,oracle_upper_bound,opaque_dependency_l8,oracle_privileged,training,opaque,holdout_gain,30,0.0,0.0,0.0,0.0,0.0,0.0
autonomy,autonomy,oracle_upper_bound,opaque_dependency_l8,oracle_privileged,training,opaque,imagined_nodes,30,0.0,0.0,0.0,0.0,0.0,0.0
autonomy,autonomy,oracle_upper_bound,opaque_dependency_l8,oracle_privileged,training,opaque,imagination_depth,30,0.0,0.0,0.0,0.0,0.0,0.0
autonomy,autonomy,oracle_upper_bound,opaque_dependency_l8,oracle_privileged,training,opaque,actual_return,30,1.0,0.0,1.0,1.0,1.0,1.0
autonomy,autonomy,oracle_upper_bound,opaque_dependency_l8,oracle_privileged,training,opaque,runtime_seconds,30,0.0001751233466153887,1.2672805807338238e-05,0.00017062634656467708,0.00017946515832688116,0.00015006759949028493,0.0002043618500174489
autonomy,autonomy,oracle_upper_bound,opaque_dependency_l8,oracle_privileged,training,opaque,real_transitions,30,8.0,0.0,8.0,8.0,8.0,8.0
autonomy,autonomy,oracle_upper_bound,opaque_dependency_l8,oracle_privileged,training,opaque,imagined_transitions,30,0.0,0.0,0.0,0.0,0.0,0.0
autonomy,autonomy,oracle_upper_bound,opaque_dependency_l8,oracle_privileged,training,opaque,action_proposals,30,8.0,0.0,8.0,8.0,8.0,8.0
autonomy,autonomy,oracle_upper_bound,opaque_dependency_l8,oracle_privileged,training,opaque,repeat_rate,30,0.0,0.0,0.0,0.0,0.0,0.0
autonomy,autonomy,oracle_upper_bound,opaque_dependency_l8,oracle_privileged,training,opaque,error_rate,30,0.0,0.0,0.0,0.0,0.0,0.0
autonomy,autonomy,oracle_upper_bound,opaque_dependency_l8,oracle_privileged,training,opaque,learning_auc,30,1.0,0.0,1.0,1.0,1.0,1.0
autonomy,autonomy,oracle_upper_bound,opaque_dependency_l8,oracle_privileged,training,opaque,final_tail_success,30,1.0,0.0,1.0,1.0,1.0,1.0
autonomy,autonomy,oracle_upper_bound,opaque_dependency_l8,oracle_privileged,training,opaque,first_success_real_transitions,30,8.0,0.0,8.0,8.0,8.0,8.0
autonomy,autonomy,prophecy_no_imagination,opaque_dependency_l4,tabular_online,evaluation_seen,opaque,success,30,0.0,0.0,0.0,0.0,0.0,0.0
autonomy,autonomy,prophecy_no_imagination,opaque_dependency_l4,tabular_online,evaluation_seen,opaque,steps,30,4.0,0.0,4.0,4.0,4.0,4.0
autonomy,autonomy,prophecy_no_imagination,opaque_dependency_l4,tabular_online,evaluation_seen,opaque,high_level_steps,30,4.0,0.0,4.0,4.0,4.0,4.0
autonomy,autonomy,prophecy_no_imagination,opaque_dependency_l4,tabular_online,evaluation_seen,opaque,primitive_steps,30,4.0,0.0,4.0,4.0,4.0,4.0
autonomy,autonomy,prophecy_no_imagination,opaque_dependency_l4,tabular_online,evaluation_seen,opaque,reward,30,0.0,0.0,0.0,0.0,0.0,0.0
autonomy,autonomy,prophecy_no_imagination,opaque_dependency_l4,tabular_online,evaluation_seen,opaque,errors,30,0.0,0.0,0.0,0.0,0.0,0.0
autonomy,autonomy,prophecy_no_imagination,opaque_dependency_l4,tabular_online,evaluation_seen,opaque,repeats,30,0.0,0.0,0.0,0.0,0.0,0.0
autonomy,autonomy,prophecy_no_imagination,opaque_dependency_l4,tabular_online,evaluation_seen,opaque,prediction_score,30,0.0,0.0,0.0,0.0,0.0,0.0
autonomy,autonomy,prophecy_no_imagination,opaque_dependency_l4,tabular_online,evaluation_seen,opaque,holdout_score,30,1.0,5.633452187014108e-17,0.9999999999999999,1.0,0.9999999999999999,1.0
autonomy,autonomy,prophecy_no_imagination,opaque_dependency_l4,tabular_online,evaluation_seen,opaque,imagined_nodes,30,0.0,0.0,0.0,0.0,0.0,0.0
autonomy,autonomy,prophecy_no_imagination,opaque_dependency_l4,tabular_online,evaluation_seen,opaque,imagination_depth,30,0.0,0.0,0.0,0.0,0.0,0.0
autonomy,autonomy,prophecy_no_imagination,opaque_dependency_l4,tabular_online,evaluation_seen,opaque,actual_return,30,0.0,0.0,0.0,0.0,0.0,0.0
autonomy,autonomy,prophecy_no_imagination,opaque_dependency_l4,tabular_online,evaluation_seen,opaque,runtime_seconds,30,0.0022881053833795403,0.00019853565331880168,0.0022179567003137585,0.0023567734998456826,0.0018807050003670155,0.002623052000126336
autonomy,autonomy,prophecy_no_imagination,opaque_dependency_l4,tabular_online,evaluation_seen,opaque,real_transitions,30,4.0,0.0,4.0,4.0,4.0,4.0
autonomy,autonomy,prophecy_no_imagination,opaque_dependency_l4,tabular_online,evaluation_seen,opaque,imagined_transitions,30,0.0,0.0,0.0,0.0,0.0,0.0
autonomy,autonomy,prophecy_no_imagination,opaque_dependency_l4,tabular_online,evaluation_seen,opaque,action_proposals,30,4.0,0.0,4.0,4.0,4.0,4.0
autonomy,autonomy,prophecy_no_imagination,opaque_dependency_l4,tabular_online,evaluation_seen,opaque,repeat_rate,30,0.0,0.0,0.0,0.0,0.0,0.0
autonomy,autonomy,prophecy_no_imagination,opaque_dependency_l4,tabular_online,evaluation_seen,opaque,error_rate,30,0.0,0.0,0.0,0.0,0.0,0.0
autonomy,autonomy,prophecy_no_imagination,opaque_dependency_l4,tabular_online,evaluation_unseen_zero_shot,opaque,success,30,0.0,0.0,0.0,0.0,0.0,0.0
autonomy,autonomy,prophecy_no_imagination,opaque_dependency_l4,tabular_online,evaluation_unseen_zero_shot,opaque,steps,30,4.0,0.0,4.0,4.0,4.0,4.0
autonomy,autonomy,prophecy_no_imagination,opaque_dependency_l4,tabular_online,evaluation_unseen_zero_shot,opaque,high_level_steps,30,4.0,0.0,4.0,4.0,4.0,4.0
autonomy,autonomy,prophecy_no_imagination,opaque_dependency_l4,tabular_online,evaluation_unseen_zero_shot,opaque,primitive_steps,30,4.0,0.0,4.0,4.0,4.0,4.0
autonomy,autonomy,prophecy_no_imagination,opaque_dependency_l4,tabular_online,evaluation_unseen_zero_shot,opaque,reward,30,0.0,0.0,0.0,0.0,0.0,0.0
autonomy,autonomy,prophecy_no_imagination,opaque_dependency_l4,tabular_online,evaluation_unseen_zero_shot,opaque,errors,30,0.0,0.0,0.0,0.0,0.0,0.0
autonomy,autonomy,prophecy_no_imagination,opaque_dependency_l4,tabular_online,evaluation_unseen_zero_shot,opaque,repeats,30,0.0,0.0,0.0,0.0,0.0,0.0
autonomy,autonomy,prophecy_no_imagination,opaque_dependency_l4,tabular_online,evaluation_unseen_zero_shot,opaque,prediction_score,30,0.0,0.0,0.0,0.0,0.0,0.0
autonomy,autonomy,prophecy_no_imagination,opaque_dependency_l4,tabular_online,evaluation_unseen_zero_shot,opaque,holdout_score,30,1.0,5.633452187014108e-17,0.9999999999999999,1.0,0.9999999999999999,1.0
autonomy,autonomy,prophecy_no_imagination,opaque_dependency_l4,tabular_online,evaluation_unseen_zero_shot,opaque,imagined_nodes,30,0.0,0.0,0.0,0.0,0.0,0.0
autonomy,autonomy,prophecy_no_imagination,opaque_dependency_l4,tabular_online,evaluation_unseen_zero_shot,opaque,imagination_depth,30,0.0,0.0,0.0,0.0,0.0,0.0
autonomy,autonomy,prophecy_no_imagination,opaque_dependency_l4,tabular_online,evaluation_unseen_zero_shot,opaque,actual_return,30,0.0,0.0,0.0,0.0,0.0,0.0
autonomy,autonomy,prophecy_no_imagination,opaque_dependency_l4,tabular_online,evaluation_unseen_zero_shot,opaque,runtime_seconds,30,0.0022789164832696164,0.00021488491467350936,0.002199038549990898,0.0023527178997852995,0.00177680799853988,0.0025926144992990886
autonomy,autonomy,prophecy_no_imagination,opaque_dependency_l4,tabular_online,evaluation_unseen_zero_shot,opaque,real_transitions,30,4.0,0.0,4.0,4.0,4.0,4.0
autonomy,autonomy,prophecy_no_imagination,opaque_dependency_l4,tabular_online,evaluation_unseen_zero_shot,opaque,imagined_transitions,30,0.0,0.0,0.0,0.0,0.0,0.0
autonomy,autonomy,prophecy_no_imagination,opaque_dependency_l4,tabular_online,evaluation_unseen_zero_shot,opaque,action_proposals,30,4.0,0.0,4.0,4.0,4.0,4.0
autonomy,autonomy,prophecy_no_imagination,opaque_dependency_l4,tabular_online,evaluation_unseen_zero_shot,opaque,repeat_rate,30,0.0,0.0,0.0,0.0,0.0,0.0
autonomy,autonomy,prophecy_no_imagination,opaque_dependency_l4,tabular_online,evaluation_unseen_zero_shot,opaque,error_rate,30,0.0,0.0,0.0,0.0,0.0,0.0
autonomy,autonomy,prophecy_no_imagination,opaque_dependency_l4,tabular_online,training,opaque,success,30,0.6540833333333332,0.011418438909344703,0.6501833333333332,0.6580666666666667,0.63,0.6735
autonomy,autonomy,prophecy_no_imagination,opaque_dependency_l4,tabular_online,training,opaque,steps,30,4.0,0.0,4.0,4.0,4.0,4.0
autonomy,autonomy,prophecy_no_imagination,opaque_dependency_l4,tabular_online,training,opaque,high_level_steps,30,4.0,0.0,4.0,4.0,4.0,4.0
autonomy,autonomy,prophecy_no_imagination,opaque_dependency_l4,tabular_online,training,opaque,primitive_steps,30,4.0,0.0,4.0,4.0,4.0,4.0
autonomy,autonomy,prophecy_no_imagination,opaque_dependency_l4,tabular_online,training,opaque,reward,30,0.6540833333333332,0.011418438909344703,0.6500166666666666,0.6579999999999999,0.63,0.6735
autonomy,autonomy,prophecy_no_imagination,opaque_dependency_l4,tabular_online,training,opaque,errors,30,0.0,0.0,0.0,0.0,0.0,0.0
autonomy,autonomy,prophecy_no_imagination,opaque_dependency_l4,tabular_online,training,opaque,repeats,30,0.0,0.0,0.0,0.0,0.0,0.0
autonomy,autonomy,prophecy_no_imagination,opaque_dependency_l4,tabular_online,training,opaque,prediction_score,30,0.9899916666666666,0.0004366473629145557,0.9898416666666666,0.9901458333333333,0.98925,0.99125
autonomy,autonomy,prophecy_no_imagination,opaque_dependency_l4,tabular_online,training,opaque,holdout_score,30,0.12354695025501776,0.00022258239336853239,0.12346647443698505,0.12362053423641982,0.12289620913349497,0.12394482057974704
autonomy,autonomy,prophecy_no_imagination,opaque_dependency_l4,tabular_online,training,opaque,holdout_gain,30,1.3852140880733334e-05,8.759231081456047e-06,1.0803224670336283e-05,1.6947093406971924e-05,0.0,3.749999999999998e-05
autonomy,autonomy,prophecy_no_imagination,opaque_dependency_l4,tabular_online,training,opaque,imagined_nodes,30,0.0,0.0,0.0,0.0,0.0,0.0
autonomy,autonomy,prophecy_no_imagination,opaque_dependency_l4,tabular_online,training,opaque,imagination_depth,30,0.0,0.0,0.0,0.0,0.0,0.0
autonomy,autonomy,prophecy_no_imagination,opaque_dependency_l4,tabular_online,training,opaque,actual_return,30,0.6540833333333332,0.011418438909344703,0.6500666666666667,0.6579833333333334,0.63,0.6735
autonomy,autonomy,prophecy_no_imagination,opaque_dependency_l4,tabular_online,training,opaque,runtime_seconds,30,0.0008153050232853274,6.720271647459363e-05,0.0007929813665585243,0.000838990449984946,0.0007124066995311296,0.0009712002495798515
autonomy,autonomy,prophecy_no_imagination,opaque_dependency_l4,tabular_online,training,opaque,real_transitions,30,4.0,0.0,4.0,4.0,4.0,4.0
autonomy,autonomy,prophecy_no_imagination,opaque_dependency_l4,tabular_online,training,opaque,imagined_transitions,30,0.0,0.0,0.0,0.0,0.0,0.0
autonomy,autonomy,prophecy_no_imagination,opaque_dependency_l4,tabular_online,training,opaque,action_proposals,30,4.0,0.0,4.0,4.0,4.0,4.0
autonomy,autonomy,prophecy_no_imagination,opaque_dependency_l4,tabular_online,training,opaque,repeat_rate,30,0.0,0.0,0.0,0.0,0.0,0.0
autonomy,autonomy,prophecy_no_imagination,opaque_dependency_l4,tabular_online,training,opaque,error_rate,30,0.0,0.0,0.0,0.0,0.0,0.0
autonomy,autonomy,prophecy_no_imagination,opaque_dependency_l4,tabular_online,training,opaque,learning_auc,30,0.6541854260463565,0.011409478186973559,0.650200100050025,0.6581874270468567,0.6300650325162581,0.6735867933966984
autonomy,autonomy,prophecy_no_imagination,opaque_dependency_l4,tabular_online,training,opaque,final_tail_success,30,0.9113333333333333,0.012312968586100547,0.9071666666666667,0.9156666666666667,0.89,0.94
autonomy,autonomy,prophecy_no_imagination,opaque_dependency_l4,tabular_online,training,opaque,first_success_real_transitions,30,76.0,76.44515726300467,51.733333333333334,104.8,8.0,316.0
autonomy,autonomy,prophecy_no_imagination,opaque_dependency_l6,tabular_online,evaluation_seen,opaque,success,30,0.0,0.0,0.0,0.0,0.0,0.0
autonomy,autonomy,prophecy_no_imagination,opaque_dependency_l6,tabular_online,evaluation_seen,opaque,steps,30,6.0,0.0,6.0,6.0,6.0,6.0
autonomy,autonomy,prophecy_no_imagination,opaque_dependency_l6,tabular_online,evaluation_seen,opaque,high_level_steps,30,6.0,0.0,6.0,6.0,6.0,6.0
autonomy,autonomy,prophecy_no_imagination,opaque_dependency_l6,tabular_online,evaluation_seen,opaque,primitive_steps,30,6.0,0.0,6.0,6.0,6.0,6.0
autonomy,autonomy,prophecy_no_imagination,opaque_dependency_l6,tabular_online,evaluation_seen,opaque,reward,30,0.0,0.0,0.0,0.0,0.0,0.0
autonomy,autonomy,prophecy_no_imagination,opaque_dependency_l6,tabular_online,evaluation_seen,opaque,errors,30,0.0,0.0,0.0,0.0,0.0,0.0
autonomy,autonomy,prophecy_no_imagination,opaque_dependency_l6,tabular_online,evaluation_seen,opaque,repeats,30,0.0,0.0,0.0,0.0,0.0,0.0
autonomy,autonomy,prophecy_no_imagination,opaque_dependency_l6,tabular_online,evaluation_seen,opaque,prediction_score,30,0.0,0.0,0.0,0.0,0.0,0.0
autonomy,autonomy,prophecy_no_imagination,opaque_dependency_l6,tabular_online,evaluation_seen,opaque,holdout_score,30,1.0,0.0,1.0,1.0,1.0,1.0
autonomy,autonomy,prophecy_no_imagination,opaque_dependency_l6,tabular_online,evaluation_seen,opaque,imagined_nodes,30,0.0,0.0,0.0,0.0,0.0,0.0
autonomy,autonomy,prophecy_no_imagination,opaque_dependency_l6,tabular_online,evaluation_seen,opaque,imagination_depth,30,0.0,0.0,0.0,0.0,0.0,0.0
autonomy,autonomy,prophecy_no_imagination,opaque_dependency_l6,tabular_online,evaluation_seen,opaque,actual_return,30,0.0,0.0,0.0,0.0,0.0,0.0
autonomy,autonomy,prophecy_no_imagination,opaque_dependency_l6,tabular_online,evaluation_seen,opaque,runtime_seconds,30,0.003652461166483893,0.0002940715437605486,0.003547110766337331,0.003750820099909712,0.003101217998628272,0.004124214498879155
autonomy,autonomy,prophecy_no_imagination,opaque_dependency_l6,tabular_online,evaluation_seen,opaque,real_transitions,30,6.0,0.0,6.0,6.0,6.0,6.0
autonomy,autonomy,prophecy_no_imagination,opaque_dependency_l6,tabular_online,evaluation_seen,opaque,imagined_transitions,30,0.0,0.0,0.0,0.0,0.0,0.0
autonomy,autonomy,prophecy_no_imagination,opaque_dependency_l6,tabular_online,evaluation_seen,opaque,action_proposals,30,6.0,0.0,6.0,6.0,6.0,6.0
autonomy,autonomy,prophecy_no_imagination,opaque_dependency_l6,tabular_online,evaluation_seen,opaque,repeat_rate,30,0.0,0.0,0.0,0.0,0.0,0.0
autonomy,autonomy,prophecy_no_imagination,opaque_dependency_l6,tabular_online,evaluation_seen,opaque,error_rate,30,0.0,0.0,0.0,0.0,0.0,0.0
autonomy,autonomy,prophecy_no_imagination,opaque_dependency_l6,tabular_online,evaluation_unseen_zero_shot,opaque,success,30,0.0,0.0,0.0,0.0,0.0,0.0
autonomy,autonomy,prophecy_no_imagination,opaque_dependency_l6,tabular_online,evaluation_unseen_zero_shot,opaque,steps,30,6.0,0.0,6.0,6.0,6.0,6.0
autonomy,autonomy,prophecy_no_imagination,opaque_dependency_l6,tabular_online,evaluation_unseen_zero_shot,opaque,high_level_steps,30,6.0,0.0,6.0,6.0,6.0,6.0
autonomy,autonomy,prophecy_no_imagination,opaque_dependency_l6,tabular_online,evaluation_unseen_zero_shot,opaque,primitive_steps,30,6.0,0.0,6.0,6.0,6.0,6.0
autonomy,autonomy,prophecy_no_imagination,opaque_dependency_l6,tabular_online,evaluation_unseen_zero_shot,opaque,reward,30,0.0,0.0,0.0,0.0,0.0,0.0
autonomy,autonomy,prophecy_no_imagination,opaque_dependency_l6,tabular_online,evaluation_unseen_zero_shot,opaque,errors,30,0.0,0.0,0.0,0.0,0.0,0.0
autonomy,autonomy,prophecy_no_imagination,opaque_dependency_l6,tabular_online,evaluation_unseen_zero_shot,opaque,repeats,30,0.0,0.0,0.0,0.0,0.0,0.0
autonomy,autonomy,prophecy_no_imagination,opaque_dependency_l6,tabular_online,evaluation_unseen_zero_shot,opaque,prediction_score,30,0.0,0.0,0.0,0.0,0.0,0.0
autonomy,autonomy,prophecy_no_imagination,opaque_dependency_l6,tabular_online,evaluation_unseen_zero_shot,opaque,holdout_score,30,1.0,0.0,1.0,1.0,1.0,1.0
autonomy,autonomy,prophecy_no_imagination,opaque_dependency_l6,tabular_online,evaluation_unseen_zero_shot,opaque,imagined_nodes,30,0.0,0.0,0.0,0.0,0.0,0.0
autonomy,autonomy,prophecy_no_imagination,opaque_dependency_l6,tabular_online,evaluation_unseen_zero_shot,opaque,imagination_depth,30,0.0,0.0,0.0,0.0,0.0,0.0
autonomy,autonomy,prophecy_no_imagination,opaque_dependency_l6,tabular_online,evaluation_unseen_zero_shot,opaque,actual_return,30,0.0,0.0,0.0,0.0,0.0,0.0
autonomy,autonomy,prophecy_no_imagination,opaque_dependency_l6,tabular_online,evaluation_unseen_zero_shot,opaque,runtime_seconds,30,0.003645889083277628,0.0002506433080778582,0.003560154199867005,0.0037370042832869025,0.0031832599999324883,0.004130375000531785
autonomy,autonomy,prophecy_no_imagination,opaque_dependency_l6,tabular_online,evaluation_unseen_zero_shot,opaque,real_transitions,30,6.0,0.0,6.0,6.0,6.0,6.0
autonomy,autonomy,prophecy_no_imagination,opaque_dependency_l6,tabular_online,evaluation_unseen_zero_shot,opaque,imagined_transitions,30,0.0,0.0,0.0,0.0,0.0,0.0
autonomy,autonomy,prophecy_no_imagination,opaque_dependency_l6,tabular_online,evaluation_unseen_zero_shot,opaque,action_proposals,30,6.0,0.0,6.0,6.0,6.0,6.0
autonomy,autonomy,prophecy_no_imagination,opaque_dependency_l6,tabular_online,evaluation_unseen_zero_shot,opaque,repeat_rate,30,0.0,0.0,0.0,0.0,0.0,0.0
autonomy,autonomy,prophecy_no_imagination,opaque_dependency_l6,tabular_online,evaluation_unseen_zero_shot,opaque,error_rate,30,0.0,0.0,0.0,0.0,0.0,0.0
autonomy,autonomy,prophecy_no_imagination,opaque_dependency_l6,tabular_online,training,opaque,success,30,0.43955,0.05712197324660806,0.41940000000000005,0.45885,0.332,0.5585
autonomy,autonomy,prophecy_no_imagination,opaque_dependency_l6,tabular_online,training,opaque,steps,30,6.0,0.0,6.0,6.0,6.0,6.0
autonomy,autonomy,prophecy_no_imagination,opaque_dependency_l6,tabular_online,training,opaque,high_level_steps,30,6.0,0.0,6.0,6.0,6.0,6.0
autonomy,autonomy,prophecy_no_imagination,opaque_dependency_l6,tabular_online,training,opaque,primitive_steps,30,6.0,0.0,6.0,6.0,6.0,6.0
autonomy,autonomy,prophecy_no_imagination,opaque_dependency_l6,tabular_online,training,opaque,reward,30,0.43955,0.05712197324660806,0.4196666666666667,0.45986666666666665,0.332,0.5585
autonomy,autonomy,prophecy_no_imagination,opaque_dependency_l6,tabular_online,training,opaque,errors,30,0.0,0.0,0.0,0.0,0.0,0.0
autonomy,autonomy,prophecy_no_imagination,opaque_dependency_l6,tabular_online,training,opaque,repeats,30,0.0,0.0,0.0,0.0,0.0,0.0
autonomy,autonomy,prophecy_no_imagination,opaque_dependency_l6,tabular_online,training,opaque,prediction_score,30,0.9899694444444445,0.0005581524554042798,0.9897722222222222,0.9901638888888888,0.9886666666666666,0.9909166666666667
autonomy,autonomy,prophecy_no_imagination,opaque_dependency_l6,tabular_online,training,opaque,holdout_score,30,0.12352249510851727,0.00021385270136027528,0.12344741676906137,0.12359239362891407,0.12288262501029974,0.12396257459981644
autonomy,autonomy,prophecy_no_imagination,opaque_dependency_l6,tabular_online,training,opaque,holdout_gain,30,6.406410310822076e-06,4.495851712625984e-06,4.882292067953833e-06,8.006439162689163e-06,0.0,1.7361111111111104e-05
autonomy,autonomy,prophecy_no_imagination,opaque_dependency_l6,tabular_online,training,opaque,imagined_nodes,30,0.0,0.0,0.0,0.0,0.0,0.0
autonomy,autonomy,prophecy_no_imagination,opaque_dependency_l6,tabular_online,training,opaque,imagination_depth,30,0.0,0.0,0.0,0.0,0.0,0.0
autonomy,autonomy,prophecy_no_imagination,opaque_dependency_l6,tabular_online,training,opaque,actual_return,30,0.43955,0.05712197324660806,0.41905000000000003,0.4591333333333333,0.332,0.5585
autonomy,autonomy,prophecy_no_imagination,opaque_dependency_l6,tabular_online,training,opaque,runtime_seconds,30,0.0013603924316135817,8.451115848102331e-05,0.001331393319973722,0.0013915565282620567,0.001243841950650676,0.0016148074499360517
autonomy,autonomy,prophecy_no_imagination,opaque_dependency_l6,tabular_online,training,opaque,real_transitions,30,6.0,0.0,6.0,6.0,6.0,6.0
autonomy,autonomy,prophecy_no_imagination,opaque_dependency_l6,tabular_online,training,opaque,imagined_transitions,30,0.0,0.0,0.0,0.0,0.0,0.0
autonomy,autonomy,prophecy_no_imagination,opaque_dependency_l6,tabular_online,training,opaque,action_proposals,30,6.0,0.0,6.0,6.0,6.0,6.0
autonomy,autonomy,prophecy_no_imagination,opaque_dependency_l6,tabular_online,training,opaque,repeat_rate,30,0.0,0.0,0.0,0.0,0.0,0.0
autonomy,autonomy,prophecy_no_imagination,opaque_dependency_l6,tabular_online,training,opaque,error_rate,30,0.0,0.0,0.0,0.0,0.0,0.0
autonomy,autonomy,prophecy_no_imagination,opaque_dependency_l6,tabular_online,training,opaque,learning_auc,30,0.4396114724028681,0.05714531197923478,0.4191012172753043,0.45928797732199433,0.3319159579789895,0.5587793896948474
autonomy,autonomy,prophecy_no_imagination,opaque_dependency_l6,tabular_online,training,opaque,final_tail_success,30,0.7158333333333334,0.07978509208831076,0.6881666666666667,0.7443333333333334,0.555,0.885
autonomy,autonomy,prophecy_no_imagination,opaque_dependency_l6,tabular_online,training,opaque,first_success_real_transitions,30,320.8,329.82779205790575,211.8,442.0,36.0,1314.0
autonomy,autonomy,prophecy_no_imagination,opaque_dependency_l8,tabular_online,evaluation_seen,opaque,success,30,0.0,0.0,0.0,0.0,0.0,0.0
autonomy,autonomy,prophecy_no_imagination,opaque_dependency_l8,tabular_online,evaluation_seen,opaque,steps,30,8.0,0.0,8.0,8.0,8.0,8.0
autonomy,autonomy,prophecy_no_imagination,opaque_dependency_l8,tabular_online,evaluation_seen,opaque,high_level_steps,30,8.0,0.0,8.0,8.0,8.0,8.0
autonomy,autonomy,prophecy_no_imagination,opaque_dependency_l8,tabular_online,evaluation_seen,opaque,primitive_steps,30,8.0,0.0,8.0,8.0,8.0,8.0
autonomy,autonomy,prophecy_no_imagination,opaque_dependency_l8,tabular_online,evaluation_seen,opaque,reward,30,0.0,0.0,0.0,0.0,0.0,0.0
autonomy,autonomy,prophecy_no_imagination,opaque_dependency_l8,tabular_online,evaluation_seen,opaque,errors,30,0.0,0.0,0.0,0.0,0.0,0.0
autonomy,autonomy,prophecy_no_imagination,opaque_dependency_l8,tabular_online,evaluation_seen,opaque,repeats,30,0.0,0.0,0.0,0.0,0.0,0.0
autonomy,autonomy,prophecy_no_imagination,opaque_dependency_l8,tabular_online,evaluation_seen,opaque,prediction_score,30,0.0,0.0,0.0,0.0,0.0,0.0
autonomy,autonomy,prophecy_no_imagination,opaque_dependency_l8,tabular_online,evaluation_seen,opaque,holdout_score,30,1.0,0.0,1.0,1.0,1.0,1.0
autonomy,autonomy,prophecy_no_imagination,opaque_dependency_l8,tabular_online,evaluation_seen,opaque,imagined_nodes,30,0.0,0.0,0.0,0.0,0.0,0.0
autonomy,autonomy,prophecy_no_imagination,opaque_dependency_l8,tabular_online,evaluation_seen,opaque,imagination_depth,30,0.0,0.0,0.0,0.0,0.0,0.0
autonomy,autonomy,prophecy_no_imagination,opaque_dependency_l8,tabular_online,evaluation_seen,opaque,actual_return,30,0.0,0.0,0.0,0.0,0.0,0.0
autonomy,autonomy,prophecy_no_imagination,opaque_dependency_l8,tabular_online,evaluation_seen,opaque,runtime_seconds,30,0.00538229610005025,0.00046265218603402605,0.005217447049736317,0.005546922183493734,0.004397498498437926,0.006118151498812949
autonomy,autonomy,prophecy_no_imagination,opaque_dependency_l8,tabular_online,evaluation_seen,opaque,real_transitions,30,8.0,0.0,8.0,8.0,8.0,8.0
autonomy,autonomy,prophecy_no_imagination,opaque_dependency_l8,tabular_online,evaluation_seen,opaque,imagined_transitions,30,0.0,0.0,0.0,0.0,0.0,0.0
autonomy,autonomy,prophecy_no_imagination,opaque_dependency_l8,tabular_online,evaluation_seen,opaque,action_proposals,30,8.0,0.0,8.0,8.0,8.0,8.0
autonomy,autonomy,prophecy_no_imagination,opaque_dependency_l8,tabular_online,evaluation_seen,opaque,repeat_rate,30,0.0,0.0,0.0,0.0,0.0,0.0
autonomy,autonomy,prophecy_no_imagination,opaque_dependency_l8,tabular_online,evaluation_seen,opaque,error_rate,30,0.0,0.0,0.0,0.0,0.0,0.0
autonomy,autonomy,prophecy_no_imagination,opaque_dependency_l8,tabular_online,evaluation_unseen_zero_shot,opaque,success,30,0.0,0.0,0.0,0.0,0.0,0.0
autonomy,autonomy,prophecy_no_imagination,opaque_dependency_l8,tabular_online,evaluation_unseen_zero_shot,opaque,steps,30,8.0,0.0,8.0,8.0,8.0,8.0
autonomy,autonomy,prophecy_no_imagination,opaque_dependency_l8,tabular_online,evaluation_unseen_zero_shot,opaque,high_level_steps,30,8.0,0.0,8.0,8.0,8.0,8.0
autonomy,autonomy,prophecy_no_imagination,opaque_dependency_l8,tabular_online,evaluation_unseen_zero_shot,opaque,primitive_steps,30,8.0,0.0,8.0,8.0,8.0,8.0
autonomy,autonomy,prophecy_no_imagination,opaque_dependency_l8,tabular_online,evaluation_unseen_zero_shot,opaque,reward,30,0.0,0.0,0.0,0.0,0.0,0.0
autonomy,autonomy,prophecy_no_imagination,opaque_dependency_l8,tabular_online,evaluation_unseen_zero_shot,opaque,errors,30,0.0,0.0,0.0,0.0,0.0,0.0
autonomy,autonomy,prophecy_no_imagination,opaque_dependency_l8,tabular_online,evaluation_unseen_zero_shot,opaque,repeats,30,0.0,0.0,0.0,0.0,0.0,0.0
autonomy,autonomy,prophecy_no_imagination,opaque_dependency_l8,tabular_online,evaluation_unseen_zero_shot,opaque,prediction_score,30,0.0,0.0,0.0,0.0,0.0,0.0
autonomy,autonomy,prophecy_no_imagination,opaque_dependency_l8,tabular_online,evaluation_unseen_zero_shot,opaque,holdout_score,30,1.0,0.0,1.0,1.0,1.0,1.0
autonomy,autonomy,prophecy_no_imagination,opaque_dependency_l8,tabular_online,evaluation_unseen_zero_shot,opaque,imagined_nodes,30,0.0,0.0,0.0,0.0,0.0,0.0
autonomy,autonomy,prophecy_no_imagination,opaque_dependency_l8,tabular_online,evaluation_unseen_zero_shot,opaque,imagination_depth,30,0.0,0.0,0.0,0.0,0.0,0.0
autonomy,autonomy,prophecy_no_imagination,opaque_dependency_l8,tabular_online,evaluation_unseen_zero_shot,opaque,actual_return,30,0.0,0.0,0.0,0.0,0.0,0.0
autonomy,autonomy,prophecy_no_imagination,opaque_dependency_l8,tabular_online,evaluation_unseen_zero_shot,opaque,runtime_seconds,30,0.005455896466577542,0.00046170969571543137,0.005288102616517184,0.005609209483280817,0.004559454500558786,0.006263775499974145
autonomy,autonomy,prophecy_no_imagination,opaque_dependency_l8,tabular_online,evaluation_unseen_zero_shot,opaque,real_transitions,30,8.0,0.0,8.0,8.0,8.0,8.0
autonomy,autonomy,prophecy_no_imagination,opaque_dependency_l8,tabular_online,evaluation_unseen_zero_shot,opaque,imagined_transitions,30,0.0,0.0,0.0,0.0,0.0,0.0
autonomy,autonomy,prophecy_no_imagination,opaque_dependency_l8,tabular_online,evaluation_unseen_zero_shot,opaque,action_proposals,30,8.0,0.0,8.0,8.0,8.0,8.0
autonomy,autonomy,prophecy_no_imagination,opaque_dependency_l8,tabular_online,evaluation_unseen_zero_shot,opaque,repeat_rate,30,0.0,0.0,0.0,0.0,0.0,0.0
autonomy,autonomy,prophecy_no_imagination,opaque_dependency_l8,tabular_online,evaluation_unseen_zero_shot,opaque,error_rate,30,0.0,0.0,0.0,0.0,0.0,0.0
autonomy,autonomy,prophecy_no_imagination,opaque_dependency_l8,tabular_online,training,opaque,success,30,0.15943333333333334,0.0745531207669535,0.13381666666666667,0.18548333333333333,0.053,0.3135
autonomy,autonomy,prophecy_no_imagination,opaque_dependency_l8,tabular_online,training,opaque,steps,30,8.0,0.0,8.0,8.0,8.0,8.0
autonomy,autonomy,prophecy_no_imagination,opaque_dependency_l8,tabular_online,training,opaque,high_level_steps,30,8.0,0.0,8.0,8.0,8.0,8.0
autonomy,autonomy,prophecy_no_imagination,opaque_dependency_l8,tabular_online,training,opaque,primitive_steps,30,8.0,0.0,8.0,8.0,8.0,8.0
autonomy,autonomy,prophecy_no_imagination,opaque_dependency_l8,tabular_online,training,opaque,reward,30,0.15943333333333334,0.0745531207669535,0.13361666666666666,0.18631666666666666,0.053,0.3135
autonomy,autonomy,prophecy_no_imagination,opaque_dependency_l8,tabular_online,training,opaque,errors,30,0.0,0.0,0.0,0.0,0.0,0.0
autonomy,autonomy,prophecy_no_imagination,opaque_dependency_l8,tabular_online,training,opaque,repeats,30,0.0,0.0,0.0,0.0,0.0,0.0
autonomy,autonomy,prophecy_no_imagination,opaque_dependency_l8,tabular_online,training,opaque,prediction_score,30,0.9899770833333333,0.00035297509151480176,0.9898541666666667,0.9901020833333334,0.9893125,0.9908125
autonomy,autonomy,prophecy_no_imagination,opaque_dependency_l8,tabular_online,training,opaque,holdout_score,30,0.12352975517296182,0.00012510464185841197,0.1234860932395233,0.12357492108732865,0.12324525766160213,0.1238802951365142
autonomy,autonomy,prophecy_no_imagination,opaque_dependency_l8,tabular_online,training,opaque,holdout_gain,30,6.495407062318459e-06,4.541725244386191e-06,4.9693327734497866e-06,8.066749172379032e-06,0.0,1.9903273809523807e-05
autonomy,autonomy,prophecy_no_imagination,opaque_dependency_l8,tabular_online,training,opaque,imagined_nodes,30,0.0,0.0,0.0,0.0,0.0,0.0
autonomy,autonomy,prophecy_no_imagination,opaque_dependency_l8,tabular_online,training,opaque,imagination_depth,30,0.0,0.0,0.0,0.0,0.0,0.0
autonomy,autonomy,prophecy_no_imagination,opaque_dependency_l8,tabular_online,training,opaque,actual_return,30,0.15943333333333334,0.0745531207669535,0.1332,0.18611666666666665,0.053,0.3135
autonomy,autonomy,prophecy_no_imagination,opaque_dependency_l8,tabular_online,training,opaque,runtime_seconds,30,0.0020178204682966073,8.91695683866438e-05,0.001985568726591494,0.0020484955216995633,0.0018361945497163106,0.0022281808502593774
autonomy,autonomy,prophecy_no_imagination,opaque_dependency_l8,tabular_online,training,opaque,real_transitions,30,8.0,0.0,8.0,8.0,8.0,8.0
autonomy,autonomy,prophecy_no_imagination,opaque_dependency_l8,tabular_online,training,opaque,imagined_transitions,30,0.0,0.0,0.0,0.0,0.0,0.0
autonomy,autonomy,prophecy_no_imagination,opaque_dependency_l8,tabular_online,training,opaque,action_proposals,30,8.0,0.0,8.0,8.0,8.0,8.0
autonomy,autonomy,prophecy_no_imagination,opaque_dependency_l8,tabular_online,training,opaque,repeat_rate,30,0.0,0.0,0.0,0.0,0.0,0.0
autonomy,autonomy,prophecy_no_imagination,opaque_dependency_l8,tabular_online,training,opaque,error_rate,30,0.0,0.0,0.0,0.0,0.0,0.0
autonomy,autonomy,prophecy_no_imagination,opaque_dependency_l8,tabular_online,training,opaque,learning_auc,30,0.15945472736368185,0.07457395204533719,0.13384192096048023,0.18730198432549608,0.05302651325662831,0.3136568284142071
autonomy,autonomy,prophecy_no_imagination,opaque_dependency_l8,tabular_online,training,opaque,final_tail_success,30,0.2768333333333333,0.13536975756928804,0.2305,0.3268333333333333,0.095,0.565
autonomy,autonomy,prophecy_no_imagination,opaque_dependency_l8,tabular_online,training,opaque,first_success_real_transitions,30,1274.9333333333334,990.395773671186,947.4666666666667,1640.0,64.0,3728.0
autonomy,autonomy,q_learning,opaque_dependency_l4,tabular_q_learning,evaluation_seen,opaque,success,30,0.0,0.0,0.0,0.0,0.0,0.0
autonomy,autonomy,q_learning,opaque_dependency_l4,tabular_q_learning,evaluation_seen,opaque,steps,30,4.0,0.0,4.0,4.0,4.0,4.0
autonomy,autonomy,q_learning,opaque_dependency_l4,tabular_q_learning,evaluation_seen,opaque,high_level_steps,30,4.0,0.0,4.0,4.0,4.0,4.0
autonomy,autonomy,q_learning,opaque_dependency_l4,tabular_q_learning,evaluation_seen,opaque,primitive_steps,30,4.0,0.0,4.0,4.0,4.0,4.0
autonomy,autonomy,q_learning,opaque_dependency_l4,tabular_q_learning,evaluation_seen,opaque,reward,30,0.0,0.0,0.0,0.0,0.0,0.0
autonomy,autonomy,q_learning,opaque_dependency_l4,tabular_q_learning,evaluation_seen,opaque,errors,30,0.0,0.0,0.0,0.0,0.0,0.0
autonomy,autonomy,q_learning,opaque_dependency_l4,tabular_q_learning,evaluation_seen,opaque,repeats,30,0.0,0.0,0.0,0.0,0.0,0.0
autonomy,autonomy,q_learning,opaque_dependency_l4,tabular_q_learning,evaluation_seen,opaque,imagined_nodes,30,0.0,0.0,0.0,0.0,0.0,0.0
autonomy,autonomy,q_learning,opaque_dependency_l4,tabular_q_learning,evaluation_seen,opaque,imagination_depth,30,0.0,0.0,0.0,0.0,0.0,0.0
autonomy,autonomy,q_learning,opaque_dependency_l4,tabular_q_learning,evaluation_seen,opaque,actual_return,30,0.0,0.0,0.0,0.0,0.0,0.0
autonomy,autonomy,q_learning,opaque_dependency_l4,tabular_q_learning,evaluation_seen,opaque,runtime_seconds,30,0.00010808611688844393,1.6174580633505595e-05,0.00010257511681023365,0.00011383456707699225,7.811200033756904e-05,0.0001490445007220842
autonomy,autonomy,q_learning,opaque_dependency_l4,tabular_q_learning,evaluation_seen,opaque,real_transitions,30,4.0,0.0,4.0,4.0,4.0,4.0
autonomy,autonomy,q_learning,opaque_dependency_l4,tabular_q_learning,evaluation_seen,opaque,imagined_transitions,30,0.0,0.0,0.0,0.0,0.0,0.0
autonomy,autonomy,q_learning,opaque_dependency_l4,tabular_q_learning,evaluation_seen,opaque,action_proposals,30,4.0,0.0,4.0,4.0,4.0,4.0
autonomy,autonomy,q_learning,opaque_dependency_l4,tabular_q_learning,evaluation_seen,opaque,repeat_rate,30,0.0,0.0,0.0,0.0,0.0,0.0
autonomy,autonomy,q_learning,opaque_dependency_l4,tabular_q_learning,evaluation_seen,opaque,error_rate,30,0.0,0.0,0.0,0.0,0.0,0.0
autonomy,autonomy,q_learning,opaque_dependency_l4,tabular_q_learning,evaluation_unseen_zero_shot,opaque,success,30,0.0,0.0,0.0,0.0,0.0,0.0
autonomy,autonomy,q_learning,opaque_dependency_l4,tabular_q_learning,evaluation_unseen_zero_shot,opaque,steps,30,4.0,0.0,4.0,4.0,4.0,4.0
autonomy,autonomy,q_learning,opaque_dependency_l4,tabular_q_learning,evaluation_unseen_zero_shot,opaque,high_level_steps,30,4.0,0.0,4.0,4.0,4.0,4.0
autonomy,autonomy,q_learning,opaque_dependency_l4,tabular_q_learning,evaluation_unseen_zero_shot,opaque,primitive_steps,30,4.0,0.0,4.0,4.0,4.0,4.0
autonomy,autonomy,q_learning,opaque_dependency_l4,tabular_q_learning,evaluation_unseen_zero_shot,opaque,reward,30,0.0,0.0,0.0,0.0,0.0,0.0
autonomy,autonomy,q_learning,opaque_dependency_l4,tabular_q_learning,evaluation_unseen_zero_shot,opaque,errors,30,0.0,0.0,0.0,0.0,0.0,0.0
autonomy,autonomy,q_learning,opaque_dependency_l4,tabular_q_learning,evaluation_unseen_zero_shot,opaque,repeats,30,0.0,0.0,0.0,0.0,0.0,0.0
autonomy,autonomy,q_learning,opaque_dependency_l4,tabular_q_learning,evaluation_unseen_zero_shot,opaque,imagined_nodes,30,0.0,0.0,0.0,0.0,0.0,0.0
autonomy,autonomy,q_learning,opaque_dependency_l4,tabular_q_learning,evaluation_unseen_zero_shot,opaque,imagination_depth,30,0.0,0.0,0.0,0.0,0.0,0.0
autonomy,autonomy,q_learning,opaque_dependency_l4,tabular_q_learning,evaluation_unseen_zero_shot,opaque,actual_return,30,0.0,0.0,0.0,0.0,0.0,0.0
autonomy,autonomy,q_learning,opaque_dependency_l4,tabular_q_learning,evaluation_unseen_zero_shot,opaque,runtime_seconds,30,0.00010852751672791783,1.7490425349243986e-05,0.00010241820011287928,0.00011483353349710038,8.136649979860522e-05,0.0001493345019116532
autonomy,autonomy,q_learning,opaque_dependency_l4,tabular_q_learning,evaluation_unseen_zero_shot,opaque,real_transitions,30,4.0,0.0,4.0,4.0,4.0,4.0
autonomy,autonomy,q_learning,opaque_dependency_l4,tabular_q_learning,evaluation_unseen_zero_shot,opaque,imagined_transitions,30,0.0,0.0,0.0,0.0,0.0,0.0
autonomy,autonomy,q_learning,opaque_dependency_l4,tabular_q_learning,evaluation_unseen_zero_shot,opaque,action_proposals,30,4.0,0.0,4.0,4.0,4.0,4.0
autonomy,autonomy,q_learning,opaque_dependency_l4,tabular_q_learning,evaluation_unseen_zero_shot,opaque,repeat_rate,30,0.0,0.0,0.0,0.0,0.0,0.0
autonomy,autonomy,q_learning,opaque_dependency_l4,tabular_q_learning,evaluation_unseen_zero_shot,opaque,error_rate,30,0.0,0.0,0.0,0.0,0.0,0.0
autonomy,autonomy,q_learning,opaque_dependency_l4,tabular_q_learning,training,opaque,success,30,0.1267,0.061349423176896546,0.10551666666666668,0.14878333333333332,0.032,0.247
autonomy,autonomy,q_learning,opaque_dependency_l4,tabular_q_learning,training,opaque,steps,30,4.0,0.0,4.0,4.0,4.0,4.0
autonomy,autonomy,q_learning,opaque_dependency_l4,tabular_q_learning,training,opaque,high_level_steps,30,4.0,0.0,4.0,4.0,4.0,4.0
autonomy,autonomy,q_learning,opaque_dependency_l4,tabular_q_learning,training,opaque,primitive_steps,30,4.0,0.0,4.0,4.0,4.0,4.0
autonomy,autonomy,q_learning,opaque_dependency_l4,tabular_q_learning,training,opaque,reward,30,0.1267,0.061349423176896546,0.10583333333333332,0.14888333333333334,0.032,0.247
autonomy,autonomy,q_learning,opaque_dependency_l4,tabular_q_learning,training,opaque,errors,30,0.0,0.0,0.0,0.0,0.0,0.0
autonomy,autonomy,q_learning,opaque_dependency_l4,tabular_q_learning,training,opaque,repeats,30,0.0,0.0,0.0,0.0,0.0,0.0
autonomy,autonomy,q_learning,opaque_dependency_l4,tabular_q_learning,training,opaque,prediction_score,30,0.0,0.0,0.0,0.0,0.0,0.0
autonomy,autonomy,q_learning,opaque_dependency_l4,tabular_q_learning,training,opaque,holdout_score,30,0.0,0.0,0.0,0.0,0.0,0.0
autonomy,autonomy,q_learning,opaque_dependency_l4,tabular_q_learning,training,opaque,holdout_gain,30,0.0,0.0,0.0,0.0,0.0,0.0
autonomy,autonomy,q_learning,opaque_dependency_l4,tabular_q_learning,training,opaque,imagined_nodes,30,0.0,0.0,0.0,0.0,0.0,0.0
autonomy,autonomy,q_learning,opaque_dependency_l4,tabular_q_learning,training,opaque,imagination_depth,30,0.0,0.0,0.0,0.0,0.0,0.0
autonomy,autonomy,q_learning,opaque_dependency_l4,tabular_q_learning,training,opaque,actual_return,30,0.1267,0.061349423176896546,0.1054,0.14908333333333335,0.032,0.247
autonomy,autonomy,q_learning,opaque_dependency_l4,tabular_q_learning,training,opaque,runtime_seconds,30,0.00014944807834544916,1.3933006227880074e-05,0.0001445107683321112,0.00015418566838876964,0.0001214766500488622,0.0001766300998569932
autonomy,autonomy,q_learning,opaque_dependency_l4,tabular_q_learning,training,opaque,real_transitions,30,4.0,0.0,4.0,4.0,4.0,4.0
autonomy,autonomy,q_learning,opaque_dependency_l4,tabular_q_learning,training,opaque,imagined_transitions,30,0.0,0.0,0.0,0.0,0.0,0.0
autonomy,autonomy,q_learning,opaque_dependency_l4,tabular_q_learning,training,opaque,action_proposals,30,4.0,0.0,4.0,4.0,4.0,4.0
autonomy,autonomy,q_learning,opaque_dependency_l4,tabular_q_learning,training,opaque,repeat_rate,30,0.0,0.0,0.0,0.0,0.0,0.0
autonomy,autonomy,q_learning,opaque_dependency_l4,tabular_q_learning,training,opaque,error_rate,30,0.0,0.0,0.0,0.0,0.0,0.0
autonomy,autonomy,q_learning,opaque_dependency_l4,tabular_q_learning,training,opaque,learning_auc,30,0.12669668167417042,0.06135048884679735,0.10601967650491913,0.1484658996164749,0.032016008004002,0.24687343671835918
autonomy,autonomy,q_learning,opaque_dependency_l4,tabular_q_learning,training,opaque,final_tail_success,30,0.17966666666666667,0.1198989037749586,0.13983333333333334,0.22216666666666668,0.0,0.455
autonomy,autonomy,q_learning,opaque_dependency_l4,tabular_q_learning,training,opaque,first_success_real_transitions,30,97.33333333333333,96.48345698234681,65.73333333333333,133.46666666666667,8.0,384.0
autonomy,autonomy,q_learning,opaque_dependency_l6,tabular_q_learning,evaluation_seen,opaque,success,30,0.0,0.0,0.0,0.0,0.0,0.0
autonomy,autonomy,q_learning,opaque_dependency_l6,tabular_q_learning,evaluation_seen,opaque,steps,30,6.0,0.0,6.0,6.0,6.0,6.0
autonomy,autonomy,q_learning,opaque_dependency_l6,tabular_q_learning,evaluation_seen,opaque,high_level_steps,30,6.0,0.0,6.0,6.0,6.0,6.0
autonomy,autonomy,q_learning,opaque_dependency_l6,tabular_q_learning,evaluation_seen,opaque,primitive_steps,30,6.0,0.0,6.0,6.0,6.0,6.0
autonomy,autonomy,q_learning,opaque_dependency_l6,tabular_q_learning,evaluation_seen,opaque,reward,30,0.0,0.0,0.0,0.0,0.0,0.0
autonomy,autonomy,q_learning,opaque_dependency_l6,tabular_q_learning,evaluation_seen,opaque,errors,30,0.0,0.0,0.0,0.0,0.0,0.0
autonomy,autonomy,q_learning,opaque_dependency_l6,tabular_q_learning,evaluation_seen,opaque,repeats,30,0.0,0.0,0.0,0.0,0.0,0.0
autonomy,autonomy,q_learning,opaque_dependency_l6,tabular_q_learning,evaluation_seen,opaque,imagined_nodes,30,0.0,0.0,0.0,0.0,0.0,0.0
autonomy,autonomy,q_learning,opaque_dependency_l6,tabular_q_learning,evaluation_seen,opaque,imagination_depth,30,0.0,0.0,0.0,0.0,0.0,0.0
autonomy,autonomy,q_learning,opaque_dependency_l6,tabular_q_learning,evaluation_seen,opaque,actual_return,30,0.0,0.0,0.0,0.0,0.0,0.0
autonomy,autonomy,q_learning,opaque_dependency_l6,tabular_q_learning,evaluation_seen,opaque,runtime_seconds,30,0.00018004820013205365,4.3373322844191186e-05,0.0001663502168036454,0.00019659161705446119,0.00012706799810985103,0.0003387720009777695
autonomy,autonomy,q_learning,opaque_dependency_l6,tabular_q_learning,evaluation_seen,opaque,real_transitions,30,6.0,0.0,6.0,6.0,6.0,6.0
autonomy,autonomy,q_learning,opaque_dependency_l6,tabular_q_learning,evaluation_seen,opaque,imagined_transitions,30,0.0,0.0,0.0,0.0,0.0,0.0
autonomy,autonomy,q_learning,opaque_dependency_l6,tabular_q_learning,evaluation_seen,opaque,action_proposals,30,6.0,0.0,6.0,6.0,6.0,6.0
autonomy,autonomy,q_learning,opaque_dependency_l6,tabular_q_learning,evaluation_seen,opaque,repeat_rate,30,0.0,0.0,0.0,0.0,0.0,0.0
autonomy,autonomy,q_learning,opaque_dependency_l6,tabular_q_learning,evaluation_seen,opaque,error_rate,30,0.0,0.0,0.0,0.0,0.0,0.0
autonomy,autonomy,q_learning,opaque_dependency_l6,tabular_q_learning,evaluation_unseen_zero_shot,opaque,success,30,0.0,0.0,0.0,0.0,0.0,0.0
autonomy,autonomy,q_learning,opaque_dependency_l6,tabular_q_learning,evaluation_unseen_zero_shot,opaque,steps,30,6.0,0.0,6.0,6.0,6.0,6.0
autonomy,autonomy,q_learning,opaque_dependency_l6,tabular_q_learning,evaluation_unseen_zero_shot,opaque,high_level_steps,30,6.0,0.0,6.0,6.0,6.0,6.0
autonomy,autonomy,q_learning,opaque_dependency_l6,tabular_q_learning,evaluation_unseen_zero_shot,opaque,primitive_steps,30,6.0,0.0,6.0,6.0,6.0,6.0
autonomy,autonomy,q_learning,opaque_dependency_l6,tabular_q_learning,evaluation_unseen_zero_shot,opaque,reward,30,0.0,0.0,0.0,0.0,0.0,0.0
autonomy,autonomy,q_learning,opaque_dependency_l6,tabular_q_learning,evaluation_unseen_zero_shot,opaque,errors,30,0.0,0.0,0.0,0.0,0.0,0.0
autonomy,autonomy,q_learning,opaque_dependency_l6,tabular_q_learning,evaluation_unseen_zero_shot,opaque,repeats,30,0.0,0.0,0.0,0.0,0.0,0.0
autonomy,autonomy,q_learning,opaque_dependency_l6,tabular_q_learning,evaluation_unseen_zero_shot,opaque,imagined_nodes,30,0.0,0.0,0.0,0.0,0.0,0.0
autonomy,autonomy,q_learning,opaque_dependency_l6,tabular_q_learning,evaluation_unseen_zero_shot,opaque,imagination_depth,30,0.0,0.0,0.0,0.0,0.0,0.0
autonomy,autonomy,q_learning,opaque_dependency_l6,tabular_q_learning,evaluation_unseen_zero_shot,opaque,actual_return,30,0.0,0.0,0.0,0.0,0.0,0.0
autonomy,autonomy,q_learning,opaque_dependency_l6,tabular_q_learning,evaluation_unseen_zero_shot,opaque,runtime_seconds,30,0.00017236186653705467,3.71276666856341e-05,0.0001613951663894113,0.0001876211664833439,0.0001253234989417251,0.00033677450017421506
autonomy,autonomy,q_learning,opaque_dependency_l6,tabular_q_learning,evaluation_unseen_zero_shot,opaque,real_transitions,30,6.0,0.0,6.0,6.0,6.0,6.0
autonomy,autonomy,q_learning,opaque_dependency_l6,tabular_q_learning,evaluation_unseen_zero_shot,opaque,imagined_transitions,30,0.0,0.0,0.0,0.0,0.0,0.0
autonomy,autonomy,q_learning,opaque_dependency_l6,tabular_q_learning,evaluation_unseen_zero_shot,opaque,action_proposals,30,6.0,0.0,6.0,6.0,6.0,6.0
autonomy,autonomy,q_learning,opaque_dependency_l6,tabular_q_learning,evaluation_unseen_zero_shot,opaque,repeat_rate,30,0.0,0.0,0.0,0.0,0.0,0.0
autonomy,autonomy,q_learning,opaque_dependency_l6,tabular_q_learning,evaluation_unseen_zero_shot,opaque,error_rate,30,0.0,0.0,0.0,0.0,0.0,0.0
autonomy,autonomy,q_learning,opaque_dependency_l6,tabular_q_learning,training,opaque,success,30,0.011433333333333334,0.014772255759696455,0.007166666666666667,0.017216666666666665,0.002,0.067
autonomy,autonomy,q_learning,opaque_dependency_l6,tabular_q_learning,training,opaque,steps,30,6.0,0.0,6.0,6.0,6.0,6.0
autonomy,autonomy,q_learning,opaque_dependency_l6,tabular_q_learning,training,opaque,high_level_steps,30,6.0,0.0,6.0,6.0,6.0,6.0
autonomy,autonomy,q_learning,opaque_dependency_l6,tabular_q_learning,training,opaque,primitive_steps,30,6.0,0.0,6.0,6.0,6.0,6.0
autonomy,autonomy,q_learning,opaque_dependency_l6,tabular_q_learning,training,opaque,reward,30,0.011433333333333334,0.014772255759696455,0.007083333333333333,0.017416666666666667,0.002,0.067
autonomy,autonomy,q_learning,opaque_dependency_l6,tabular_q_learning,training,opaque,errors,30,0.0,0.0,0.0,0.0,0.0,0.0
autonomy,autonomy,q_learning,opaque_dependency_l6,tabular_q_learning,training,opaque,repeats,30,0.0,0.0,0.0,0.0,0.0,0.0
autonomy,autonomy,q_learning,opaque_dependency_l6,tabular_q_learning,training,opaque,prediction_score,30,0.0,0.0,0.0,0.0,0.0,0.0
autonomy,autonomy,q_learning,opaque_dependency_l6,tabular_q_learning,training,opaque,holdout_score,30,0.0,0.0,0.0,0.0,0.0,0.0
autonomy,autonomy,q_learning,opaque_dependency_l6,tabular_q_learning,training,opaque,holdout_gain,30,0.0,0.0,0.0,0.0,0.0,0.0
autonomy,autonomy,q_learning,opaque_dependency_l6,tabular_q_learning,training,opaque,imagined_nodes,30,0.0,0.0,0.0,0.0,0.0,0.0
autonomy,autonomy,q_learning,opaque_dependency_l6,tabular_q_learning,training,opaque,imagination_depth,30,0.0,0.0,0.0,0.0,0.0,0.0
autonomy,autonomy,q_learning,opaque_dependency_l6,tabular_q_learning,training,opaque,actual_return,30,0.011433333333333334,0.014772255759696455,0.00715,0.0172,0.002,0.067
autonomy,autonomy,q_learning,opaque_dependency_l6,tabular_q_learning,training,opaque,runtime_seconds,30,0.00023390305172118437,1.6455938513617493e-05,0.000228262740013209,0.0002396374217423727,0.00020924439986993093,0.0002776150998543017
autonomy,autonomy,q_learning,opaque_dependency_l6,tabular_q_learning,training,opaque,real_transitions,30,6.0,0.0,6.0,6.0,6.0,6.0
autonomy,autonomy,q_learning,opaque_dependency_l6,tabular_q_learning,training,opaque,imagined_transitions,30,0.0,0.0,0.0,0.0,0.0,0.0
autonomy,autonomy,q_learning,opaque_dependency_l6,tabular_q_learning,training,opaque,action_proposals,30,6.0,0.0,6.0,6.0,6.0,6.0
autonomy,autonomy,q_learning,opaque_dependency_l6,tabular_q_learning,training,opaque,repeat_rate,30,0.0,0.0,0.0,0.0,0.0,0.0
autonomy,autonomy,q_learning,opaque_dependency_l6,tabular_q_learning,training,opaque,error_rate,30,0.0,0.0,0.0,0.0,0.0,0.0
autonomy,autonomy,q_learning,opaque_dependency_l6,tabular_q_learning,training,opaque,learning_auc,30,0.011430715357678839,0.014750455135525049,0.007086876771719193,0.017367016841754214,0.002001000500250125,0.0670335167583792
autonomy,autonomy,q_learning,opaque_dependency_l6,tabular_q_learning,training,opaque,final_tail_success,30,0.007500000000000001,0.020625979600561003,0.0018333333333333333,0.01566666666666667,0.0,0.1
autonomy,autonomy,q_learning,opaque_dependency_l6,tabular_q_learning,training,opaque,first_success_real_transitions,30,341.6,440.46007294880764,207.4,511.4,36.0,2220.0
autonomy,autonomy,q_learning,opaque_dependency_l8,tabular_q_learning,evaluation_seen,opaque,success,30,0.0,0.0,0.0,0.0,0.0,0.0
autonomy,autonomy,q_learning,opaque_dependency_l8,tabular_q_learning,evaluation_seen,opaque,steps,30,8.0,0.0,8.0,8.0,8.0,8.0
autonomy,autonomy,q_learning,opaque_dependency_l8,tabular_q_learning,evaluation_seen,opaque,high_level_steps,30,8.0,0.0,8.0,8.0,8.0,8.0
autonomy,autonomy,q_learning,opaque_dependency_l8,tabular_q_learning,evaluation_seen,opaque,primitive_steps,30,8.0,0.0,8.0,8.0,8.0,8.0
autonomy,autonomy,q_learning,opaque_dependency_l8,tabular_q_learning,evaluation_seen,opaque,reward,30,0.0,0.0,0.0,0.0,0.0,0.0
autonomy,autonomy,q_learning,opaque_dependency_l8,tabular_q_learning,evaluation_seen,opaque,errors,30,0.0,0.0,0.0,0.0,0.0,0.0
autonomy,autonomy,q_learning,opaque_dependency_l8,tabular_q_learning,evaluation_seen,opaque,repeats,30,0.0,0.0,0.0,0.0,0.0,0.0
autonomy,autonomy,q_learning,opaque_dependency_l8,tabular_q_learning,evaluation_seen,opaque,imagined_nodes,30,0.0,0.0,0.0,0.0,0.0,0.0
autonomy,autonomy,q_learning,opaque_dependency_l8,tabular_q_learning,evaluation_seen,opaque,imagination_depth,30,0.0,0.0,0.0,0.0,0.0,0.0
autonomy,autonomy,q_learning,opaque_dependency_l8,tabular_q_learning,evaluation_seen,opaque,actual_return,30,0.0,0.0,0.0,0.0,0.0,0.0
autonomy,autonomy,q_learning,opaque_dependency_l8,tabular_q_learning,evaluation_seen,opaque,runtime_seconds,30,0.00023472128336531265,2.2535123419884186e-05,0.0002268218501994852,0.00024241163332771977,0.00017776100066839716,0.0002773729999898933
autonomy,autonomy,q_learning,opaque_dependency_l8,tabular_q_learning,evaluation_seen,opaque,real_transitions,30,8.0,0.0,8.0,8.0,8.0,8.0
autonomy,autonomy,q_learning,opaque_dependency_l8,tabular_q_learning,evaluation_seen,opaque,imagined_transitions,30,0.0,0.0,0.0,0.0,0.0,0.0
autonomy,autonomy,q_learning,opaque_dependency_l8,tabular_q_learning,evaluation_seen,opaque,action_proposals,30,8.0,0.0,8.0,8.0,8.0,8.0
autonomy,autonomy,q_learning,opaque_dependency_l8,tabular_q_learning,evaluation_seen,opaque,repeat_rate,30,0.0,0.0,0.0,0.0,0.0,0.0
autonomy,autonomy,q_learning,opaque_dependency_l8,tabular_q_learning,evaluation_seen,opaque,error_rate,30,0.0,0.0,0.0,0.0,0.0,0.0
autonomy,autonomy,q_learning,opaque_dependency_l8,tabular_q_learning,evaluation_unseen_zero_shot,opaque,success,30,0.0,0.0,0.0,0.0,0.0,0.0
autonomy,autonomy,q_learning,opaque_dependency_l8,tabular_q_learning,evaluation_unseen_zero_shot,opaque,steps,30,8.0,0.0,8.0,8.0,8.0,8.0
autonomy,autonomy,q_learning,opaque_dependency_l8,tabular_q_learning,evaluation_unseen_zero_shot,opaque,high_level_steps,30,8.0,0.0,8.0,8.0,8.0,8.0
autonomy,autonomy,q_learning,opaque_dependency_l8,tabular_q_learning,evaluation_unseen_zero_shot,opaque,primitive_steps,30,8.0,0.0,8.0,8.0,8.0,8.0
autonomy,autonomy,q_learning,opaque_dependency_l8,tabular_q_learning,evaluation_unseen_zero_shot,opaque,reward,30,0.0,0.0,0.0,0.0,0.0,0.0
autonomy,autonomy,q_learning,opaque_dependency_l8,tabular_q_learning,evaluation_unseen_zero_shot,opaque,errors,30,0.0,0.0,0.0,0.0,0.0,0.0
autonomy,autonomy,q_learning,opaque_dependency_l8,tabular_q_learning,evaluation_unseen_zero_shot,opaque,repeats,30,0.0,0.0,0.0,0.0,0.0,0.0
autonomy,autonomy,q_learning,opaque_dependency_l8,tabular_q_learning,evaluation_unseen_zero_shot,opaque,imagined_nodes,30,0.0,0.0,0.0,0.0,0.0,0.0
autonomy,autonomy,q_learning,opaque_dependency_l8,tabular_q_learning,evaluation_unseen_zero_shot,opaque,imagination_depth,30,0.0,0.0,0.0,0.0,0.0,0.0
autonomy,autonomy,q_learning,opaque_dependency_l8,tabular_q_learning,evaluation_unseen_zero_shot,opaque,actual_return,30,0.0,0.0,0.0,0.0,0.0,0.0
autonomy,autonomy,q_learning,opaque_dependency_l8,tabular_q_learning,evaluation_unseen_zero_shot,opaque,runtime_seconds,30,0.0002612673333399774,6.974857943271674e-05,0.00023951956666617966,0.0002872523999637148,0.0001867810006660875,0.00050707450020127
autonomy,autonomy,q_learning,opaque_dependency_l8,tabular_q_learning,evaluation_unseen_zero_shot,opaque,real_transitions,30,8.0,0.0,8.0,8.0,8.0,8.0
autonomy,autonomy,q_learning,opaque_dependency_l8,tabular_q_learning,evaluation_unseen_zero_shot,opaque,imagined_transitions,30,0.0,0.0,0.0,0.0,0.0,0.0
autonomy,autonomy,q_learning,opaque_dependency_l8,tabular_q_learning,evaluation_unseen_zero_shot,opaque,action_proposals,30,8.0,0.0,8.0,8.0,8.0,8.0
autonomy,autonomy,q_learning,opaque_dependency_l8,tabular_q_learning,evaluation_unseen_zero_shot,opaque,repeat_rate,30,0.0,0.0,0.0,0.0,0.0,0.0
autonomy,autonomy,q_learning,opaque_dependency_l8,tabular_q_learning,evaluation_unseen_zero_shot,opaque,error_rate,30,0.0,0.0,0.0,0.0,0.0,0.0
autonomy,autonomy,q_learning,opaque_dependency_l8,tabular_q_learning,training,opaque,success,30,0.003033333333333333,0.01069396650173498,0.0008833333333333333,0.007066666666666666,0.0,0.0595
autonomy,autonomy,q_learning,opaque_dependency_l8,tabular_q_learning,training,opaque,steps,30,8.0,0.0,8.0,8.0,8.0,8.0
autonomy,autonomy,q_learning,opaque_dependency_l8,tabular_q_learning,training,opaque,high_level_steps,30,8.0,0.0,8.0,8.0,8.0,8.0
autonomy,autonomy,q_learning,opaque_dependency_l8,tabular_q_learning,training,opaque,primitive_steps,30,8.0,0.0,8.0,8.0,8.0,8.0
autonomy,autonomy,q_learning,opaque_dependency_l8,tabular_q_learning,training,opaque,reward,30,0.003033333333333333,0.01069396650173498,0.0008666666666666667,0.0070999999999999995,0.0,0.0595
autonomy,autonomy,q_learning,opaque_dependency_l8,tabular_q_learning,training,opaque,errors,30,0.0,0.0,0.0,0.0,0.0,0.0
autonomy,autonomy,q_learning,opaque_dependency_l8,tabular_q_learning,training,opaque,repeats,30,0.0,0.0,0.0,0.0,0.0,0.0
autonomy,autonomy,q_learning,opaque_dependency_l8,tabular_q_learning,training,opaque,prediction_score,30,0.0,0.0,0.0,0.0,0.0,0.0
autonomy,autonomy,q_learning,opaque_dependency_l8,tabular_q_learning,training,opaque,holdout_score,30,0.0,0.0,0.0,0.0,0.0,0.0
autonomy,autonomy,q_learning,opaque_dependency_l8,tabular_q_learning,training,opaque,holdout_gain,30,0.0,0.0,0.0,0.0,0.0,0.0
autonomy,autonomy,q_learning,opaque_dependency_l8,tabular_q_learning,training,opaque,imagined_nodes,30,0.0,0.0,0.0,0.0,0.0,0.0
autonomy,autonomy,q_learning,opaque_dependency_l8,tabular_q_learning,training,opaque,imagination_depth,30,0.0,0.0,0.0,0.0,0.0,0.0
autonomy,autonomy,q_learning,opaque_dependency_l8,tabular_q_learning,training,opaque,actual_return,30,0.003033333333333333,0.01069396650173498,0.0008833333333333333,0.00705,0.0,0.0595
autonomy,autonomy,q_learning,opaque_dependency_l8,tabular_q_learning,training,opaque,runtime_seconds,30,0.0003316434249640831,2.624673782638817e-05,0.000322731358303281,0.0003406247398932465,0.0002675385498150717,0.0003944785495259566
autonomy,autonomy,q_learning,opaque_dependency_l8,tabular_q_learning,training,opaque,real_transitions,30,8.0,0.0,8.0,8.0,8.0,8.0
autonomy,autonomy,q_learning,opaque_dependency_l8,tabular_q_learning,training,opaque,imagined_transitions,30,0.0,0.0,0.0,0.0,0.0,0.0
autonomy,autonomy,q_learning,opaque_dependency_l8,tabular_q_learning,training,opaque,action_proposals,30,8.0,0.0,8.0,8.0,8.0,8.0
autonomy,autonomy,q_learning,opaque_dependency_l8,tabular_q_learning,training,opaque,repeat_rate,30,0.0,0.0,0.0,0.0,0.0,0.0
autonomy,autonomy,q_learning,opaque_dependency_l8,tabular_q_learning,training,opaque,error_rate,30,0.0,0.0,0.0,0.0,0.0,0.0
autonomy,autonomy,q_learning,opaque_dependency_l8,tabular_q_learning,training,opaque,learning_auc,30,0.00303485075871269,0.010699316159814887,0.0008671002167750542,0.007120226780056695,0.0,0.05952976488244122
autonomy,autonomy,q_learning,opaque_dependency_l8,tabular_q_learning,training,opaque,final_tail_success,30,0.0035,0.019170289512680815,0.0,0.0105,0.0,0.105
autonomy,autonomy,q_learning,opaque_dependency_l8,tabular_q_learning,training,opaque,first_success_real_transitions,24,1143.0,1161.4499184396536,721.0,1642.6666666666667,64.0,4376.0
autonomy,autonomy,random,opaque_dependency_l4,none,evaluation_seen,opaque,success,30,0.06716666666666667,0.02078972447335849,0.060166666666666674,0.07466666666666667,0.035,0.125
autonomy,autonomy,random,opaque_dependency_l4,none,evaluation_seen,opaque,steps,30,4.0,0.0,4.0,4.0,4.0,4.0
autonomy,autonomy,random,opaque_dependency_l4,none,evaluation_seen,opaque,high_level_steps,30,4.0,0.0,4.0,4.0,4.0,4.0
autonomy,autonomy,random,opaque_dependency_l4,none,evaluation_seen,opaque,primitive_steps,30,4.0,0.0,4.0,4.0,4.0,4.0
autonomy,autonomy,random,opaque_dependency_l4,none,evaluation_seen,opaque,reward,30,0.06716666666666667,0.02078972447335849,0.060166666666666674,0.0745,0.035,0.125
autonomy,autonomy,random,opaque_dependency_l4,none,evaluation_seen,opaque,errors,30,0.0,0.0,0.0,0.0,0.0,0.0
autonomy,autonomy,random,opaque_dependency_l4,none,evaluation_seen,opaque,repeats,30,0.0,0.0,0.0,0.0,0.0,0.0
autonomy,autonomy,random,opaque_dependency_l4,none,evaluation_seen,opaque,prediction_score,30,0.0,0.0,0.0,0.0,0.0,0.0
autonomy,autonomy,random,opaque_dependency_l4,none,evaluation_seen,opaque,holdout_score,30,0.0,0.0,0.0,0.0,0.0,0.0
autonomy,autonomy,random,opaque_dependency_l4,none,evaluation_seen,opaque,imagined_nodes,30,0.0,0.0,0.0,0.0,0.0,0.0
autonomy,autonomy,random,opaque_dependency_l4,none,evaluation_seen,opaque,imagination_depth,30,0.0,0.0,0.0,0.0,0.0,0.0
autonomy,autonomy,random,opaque_dependency_l4,none,evaluation_seen,opaque,actual_return,30,0.06716666666666667,0.02078972447335849,0.060166666666666674,0.07466666666666667,0.035,0.125
autonomy,autonomy,random,opaque_dependency_l4,none,evaluation_seen,opaque,runtime_seconds,30,0.0019715604333614464,0.00019400569701833985,0.0019027597001113465,0.0020375816999197317,0.0015065690001938492,0.00224479800046538
autonomy,autonomy,random,opaque_dependency_l4,none,evaluation_seen,opaque,real_transitions,30,4.0,0.0,4.0,4.0,4.0,4.0
autonomy,autonomy,random,opaque_dependency_l4,none,evaluation_seen,opaque,imagined_transitions,30,0.0,0.0,0.0,0.0,0.0,0.0
autonomy,autonomy,random,opaque_dependency_l4,none,evaluation_seen,opaque,action_proposals,30,4.0,0.0,4.0,4.0,4.0,4.0
autonomy,autonomy,random,opaque_dependency_l4,none,evaluation_seen,opaque,repeat_rate,30,0.0,0.0,0.0,0.0,0.0,0.0
autonomy,autonomy,random,opaque_dependency_l4,none,evaluation_seen,opaque,error_rate,30,0.0,0.0,0.0,0.0,0.0,0.0
autonomy,autonomy,random,opaque_dependency_l4,none,evaluation_unseen_zero_shot,opaque,success,30,0.06016666666666667,0.01600017959669318,0.0545,0.066,0.035,0.095
autonomy,autonomy,random,opaque_dependency_l4,none,evaluation_unseen_zero_shot,opaque,steps,30,4.0,0.0,4.0,4.0,4.0,4.0
autonomy,autonomy,random,opaque_dependency_l4,none,evaluation_unseen_zero_shot,opaque,high_level_steps,30,4.0,0.0,4.0,4.0,4.0,4.0
autonomy,autonomy,random,opaque_dependency_l4,none,evaluation_unseen_zero_shot,opaque,primitive_steps,30,4.0,0.0,4.0,4.0,4.0,4.0
autonomy,autonomy,random,opaque_dependency_l4,none,evaluation_unseen_zero_shot,opaque,reward,30,0.06016666666666667,0.01600017959669318,0.0545,0.06566666666666666,0.035,0.095
autonomy,autonomy,random,opaque_dependency_l4,none,evaluation_unseen_zero_shot,opaque,errors,30,0.0,0.0,0.0,0.0,0.0,0.0
autonomy,autonomy,random,opaque_dependency_l4,none,evaluation_unseen_zero_shot,opaque,repeats,30,0.0,0.0,0.0,0.0,0.0,0.0
autonomy,autonomy,random,opaque_dependency_l4,none,evaluation_unseen_zero_shot,opaque,prediction_score,30,0.0,0.0,0.0,0.0,0.0,0.0
autonomy,autonomy,random,opaque_dependency_l4,none,evaluation_unseen_zero_shot,opaque,holdout_score,30,0.0,0.0,0.0,0.0,0.0,0.0
autonomy,autonomy,random,opaque_dependency_l4,none,evaluation_unseen_zero_shot,opaque,imagined_nodes,30,0.0,0.0,0.0,0.0,0.0,0.0
autonomy,autonomy,random,opaque_dependency_l4,none,evaluation_unseen_zero_shot,opaque,imagination_depth,30,0.0,0.0,0.0,0.0,0.0,0.0
autonomy,autonomy,random,opaque_dependency_l4,none,evaluation_unseen_zero_shot,opaque,actual_return,30,0.06016666666666667,0.01600017959669318,0.0545,0.06583333333333334,0.035,0.095
autonomy,autonomy,random,opaque_dependency_l4,none,evaluation_unseen_zero_shot,opaque,runtime_seconds,30,0.0020371471665712308,0.0001675246268294832,0.0019745150999369797,0.002092751566466177,0.001653119498369051,0.0022169494995614514
autonomy,autonomy,random,opaque_dependency_l4,none,evaluation_unseen_zero_shot,opaque,real_transitions,30,4.0,0.0,4.0,4.0,4.0,4.0
autonomy,autonomy,random,opaque_dependency_l4,none,evaluation_unseen_zero_shot,opaque,imagined_transitions,30,0.0,0.0,0.0,0.0,0.0,0.0
autonomy,autonomy,random,opaque_dependency_l4,none,evaluation_unseen_zero_shot,opaque,action_proposals,30,4.0,0.0,4.0,4.0,4.0,4.0
autonomy,autonomy,random,opaque_dependency_l4,none,evaluation_unseen_zero_shot,opaque,repeat_rate,30,0.0,0.0,0.0,0.0,0.0,0.0
autonomy,autonomy,random,opaque_dependency_l4,none,evaluation_unseen_zero_shot,opaque,error_rate,30,0.0,0.0,0.0,0.0,0.0,0.0
autonomy,autonomy,random,opaque_dependency_l4,none,training,opaque,success,30,0.0626,0.005887450124248804,0.06046666666666667,0.06470000000000001,0.046,0.077
autonomy,autonomy,random,opaque_dependency_l4,none,training,opaque,steps,30,4.0,0.0,4.0,4.0,4.0,4.0
autonomy,autonomy,random,opaque_dependency_l4,none,training,opaque,high_level_steps,30,4.0,0.0,4.0,4.0,4.0,4.0
autonomy,autonomy,random,opaque_dependency_l4,none,training,opaque,primitive_steps,30,4.0,0.0,4.0,4.0,4.0,4.0
autonomy,autonomy,random,opaque_dependency_l4,none,training,opaque,reward,30,0.0626,0.005887450124248804,0.06048333333333333,0.06461666666666667,0.046,0.077
autonomy,autonomy,random,opaque_dependency_l4,none,training,opaque,errors,30,0.0,0.0,0.0,0.0,0.0,0.0
autonomy,autonomy,random,opaque_dependency_l4,none,training,opaque,repeats,30,0.0,0.0,0.0,0.0,0.0,0.0
autonomy,autonomy,random,opaque_dependency_l4,none,training,opaque,prediction_score,30,0.0,0.0,0.0,0.0,0.0,0.0
autonomy,autonomy,random,opaque_dependency_l4,none,training,opaque,holdout_score,30,0.0,0.0,0.0,0.0,0.0,0.0
autonomy,autonomy,random,opaque_dependency_l4,none,training,opaque,holdout_gain,30,0.0,0.0,0.0,0.0,0.0,0.0
autonomy,autonomy,random,opaque_dependency_l4,none,training,opaque,imagined_nodes,30,0.0,0.0,0.0,0.0,0.0,0.0
autonomy,autonomy,random,opaque_dependency_l4,none,training,opaque,imagination_depth,30,0.0,0.0,0.0,0.0,0.0,0.0
autonomy,autonomy,random,opaque_dependency_l4,none,training,opaque,actual_return,30,0.0626,0.005887450124248804,0.060533333333333335,0.06458333333333334,0.046,0.077
autonomy,autonomy,random,opaque_dependency_l4,none,training,opaque,runtime_seconds,30,0.00019333591174169366,1.625176806142491e-05,0.0001877331950434988,0.00019914359670898798,0.00016747449997637888,0.0002392925503954757
autonomy,autonomy,random,opaque_dependency_l4,none,training,opaque,real_transitions,30,4.0,0.0,4.0,4.0,4.0,4.0
autonomy,autonomy,random,opaque_dependency_l4,none,training,opaque,imagined_transitions,30,0.0,0.0,0.0,0.0,0.0,0.0
autonomy,autonomy,random,opaque_dependency_l4,none,training,opaque,action_proposals,30,4.0,0.0,4.0,4.0,4.0,4.0
autonomy,autonomy,random,opaque_dependency_l4,none,training,opaque,repeat_rate,30,0.0,0.0,0.0,0.0,0.0,0.0
autonomy,autonomy,random,opaque_dependency_l4,none,training,opaque,error_rate,30,0.0,0.0,0.0,0.0,0.0,0.0
autonomy,autonomy,random,opaque_dependency_l4,none,training,opaque,learning_auc,30,0.06259796564949141,0.005875482471520529,0.06048857762214441,0.06463231615807903,0.04602301150575288,0.07703851925962982
autonomy,autonomy,random,opaque_dependency_l4,none,training,opaque,final_tail_success,30,0.06416666666666666,0.021698694277152562,0.0565,0.07166666666666667,0.02,0.115
autonomy,autonomy,random,opaque_dependency_l4,none,training,opaque,first_success_real_transitions,30,75.33333333333333,72.74012948009928,52.0,103.06666666666666,4.0,280.0
autonomy,autonomy,random,opaque_dependency_l6,none,evaluation_seen,opaque,success,30,0.015166666666666667,0.008145586210497295,0.012333333333333333,0.018000000000000002,0.005,0.035
autonomy,autonomy,random,opaque_dependency_l6,none,evaluation_seen,opaque,steps,30,6.0,0.0,6.0,6.0,6.0,6.0
autonomy,autonomy,random,opaque_dependency_l6,none,evaluation_seen,opaque,high_level_steps,30,6.0,0.0,6.0,6.0,6.0,6.0
autonomy,autonomy,random,opaque_dependency_l6,none,evaluation_seen,opaque,primitive_steps,30,6.0,0.0,6.0,6.0,6.0,6.0
autonomy,autonomy,random,opaque_dependency_l6,none,evaluation_seen,opaque,reward,30,0.015166666666666667,0.008145586210497295,0.0125,0.018166666666666668,0.005,0.035
autonomy,autonomy,random,opaque_dependency_l6,none,evaluation_seen,opaque,errors,30,0.0,0.0,0.0,0.0,0.0,0.0
autonomy,autonomy,random,opaque_dependency_l6,none,evaluation_seen,opaque,repeats,30,0.0,0.0,0.0,0.0,0.0,0.0
autonomy,autonomy,random,opaque_dependency_l6,none,evaluation_seen,opaque,prediction_score,30,0.0,0.0,0.0,0.0,0.0,0.0
autonomy,autonomy,random,opaque_dependency_l6,none,evaluation_seen,opaque,holdout_score,30,0.0,0.0,0.0,0.0,0.0,0.0
autonomy,autonomy,random,opaque_dependency_l6,none,evaluation_seen,opaque,imagined_nodes,30,0.0,0.0,0.0,0.0,0.0,0.0
autonomy,autonomy,random,opaque_dependency_l6,none,evaluation_seen,opaque,imagination_depth,30,0.0,0.0,0.0,0.0,0.0,0.0
autonomy,autonomy,random,opaque_dependency_l6,none,evaluation_seen,opaque,actual_return,30,0.015166666666666667,0.008145586210497295,0.0125,0.018166666666666668,0.005,0.035
autonomy,autonomy,random,opaque_dependency_l6,none,evaluation_seen,opaque,runtime_seconds,30,0.0033056391333520876,0.00028674688192626395,0.0032019590001970454,0.003404405749941361,0.002515837501705391,0.0037395914994704073
autonomy,autonomy,random,opaque_dependency_l6,none,evaluation_seen,opaque,real_transitions,30,6.0,0.0,6.0,6.0,6.0,6.0
autonomy,autonomy,random,opaque_dependency_l6,none,evaluation_seen,opaque,imagined_transitions,30,0.0,0.0,0.0,0.0,0.0,0.0
autonomy,autonomy,random,opaque_dependency_l6,none,evaluation_seen,opaque,action_proposals,30,6.0,0.0,6.0,6.0,6.0,6.0
autonomy,autonomy,random,opaque_dependency_l6,none,evaluation_seen,opaque,repeat_rate,30,0.0,0.0,0.0,0.0,0.0,0.0
autonomy,autonomy,random,opaque_dependency_l6,none,evaluation_seen,opaque,error_rate,30,0.0,0.0,0.0,0.0,0.0,0.0
autonomy,autonomy,random,opaque_dependency_l6,none,evaluation_unseen_zero_shot,opaque,success,30,0.0145,0.008939451499026564,0.011333333333333334,0.017666666666666667,0.0,0.03
autonomy,autonomy,random,opaque_dependency_l6,none,evaluation_unseen_zero_shot,opaque,steps,30,6.0,0.0,6.0,6.0,6.0,6.0
autonomy,autonomy,random,opaque_dependency_l6,none,evaluation_unseen_zero_shot,opaque,high_level_steps,30,6.0,0.0,6.0,6.0,6.0,6.0
autonomy,autonomy,random,opaque_dependency_l6,none,evaluation_unseen_zero_shot,opaque,primitive_steps,30,6.0,0.0,6.0,6.0,6.0,6.0
autonomy,autonomy,random,opaque_dependency_l6,none,evaluation_unseen_zero_shot,opaque,reward,30,0.0145,0.008939451499026564,0.011333333333333334,0.0175,0.0,0.03
autonomy,autonomy,random,opaque_dependency_l6,none,evaluation_unseen_zero_shot,opaque,errors,30,0.0,0.0,0.0,0.0,0.0,0.0
autonomy,autonomy,random,opaque_dependency_l6,none,evaluation_unseen_zero_shot,opaque,repeats,30,0.0,0.0,0.0,0.0,0.0,0.0
autonomy,autonomy,random,opaque_dependency_l6,none,evaluation_unseen_zero_shot,opaque,prediction_score,30,0.0,0.0,0.0,0.0,0.0,0.0
autonomy,autonomy,random,opaque_dependency_l6,none,evaluation_unseen_zero_shot,opaque,holdout_score,30,0.0,0.0,0.0,0.0,0.0,0.0
autonomy,autonomy,random,opaque_dependency_l6,none,evaluation_unseen_zero_shot,opaque,imagined_nodes,30,0.0,0.0,0.0,0.0,0.0,0.0
autonomy,autonomy,random,opaque_dependency_l6,none,evaluation_unseen_zero_shot,opaque,imagination_depth,30,0.0,0.0,0.0,0.0,0.0,0.0
autonomy,autonomy,random,opaque_dependency_l6,none,evaluation_unseen_zero_shot,opaque,actual_return,30,0.0145,0.008939451499026564,0.011333333333333334,0.017666666666666667,0.0,0.03
autonomy,autonomy,random,opaque_dependency_l6,none,evaluation_unseen_zero_shot,opaque,runtime_seconds,30,0.00327315296693511,0.0002624908820846762,0.0031819351172550038,0.003368795900256373,0.002836898000387009,0.003957295498985332
autonomy,autonomy,random,opaque_dependency_l6,none,evaluation_unseen_zero_shot,opaque,real_transitions,30,6.0,0.0,6.0,6.0,6.0,6.0
autonomy,autonomy,random,opaque_dependency_l6,none,evaluation_unseen_zero_shot,opaque,imagined_transitions,30,0.0,0.0,0.0,0.0,0.0,0.0
autonomy,autonomy,random,opaque_dependency_l6,none,evaluation_unseen_zero_shot,opaque,action_proposals,30,6.0,0.0,6.0,6.0,6.0,6.0
autonomy,autonomy,random,opaque_dependency_l6,none,evaluation_unseen_zero_shot,opaque,repeat_rate,30,0.0,0.0,0.0,0.0,0.0,0.0
autonomy,autonomy,random,opaque_dependency_l6,none,evaluation_unseen_zero_shot,opaque,error_rate,30,0.0,0.0,0.0,0.0,0.0,0.0
autonomy,autonomy,random,opaque_dependency_l6,none,training,opaque,success,30,0.015533333333333335,0.0020591818484673643,0.014816666666666667,0.016283333333333334,0.0115,0.0195
autonomy,autonomy,random,opaque_dependency_l6,none,training,opaque,steps,30,6.0,0.0,6.0,6.0,6.0,6.0
autonomy,autonomy,random,opaque_dependency_l6,none,training,opaque,high_level_steps,30,6.0,0.0,6.0,6.0,6.0,6.0
autonomy,autonomy,random,opaque_dependency_l6,none,training,opaque,primitive_steps,30,6.0,0.0,6.0,6.0,6.0,6.0
autonomy,autonomy,random,opaque_dependency_l6,none,training,opaque,reward,30,0.015533333333333335,0.0020591818484673643,0.014833333333333334,0.01625,0.0115,0.0195
autonomy,autonomy,random,opaque_dependency_l6,none,training,opaque,errors,30,0.0,0.0,0.0,0.0,0.0,0.0
autonomy,autonomy,random,opaque_dependency_l6,none,training,opaque,repeats,30,0.0,0.0,0.0,0.0,0.0,0.0
autonomy,autonomy,random,opaque_dependency_l6,none,training,opaque,prediction_score,30,0.0,0.0,0.0,0.0,0.0,0.0
autonomy,autonomy,random,opaque_dependency_l6,none,training,opaque,holdout_score,30,0.0,0.0,0.0,0.0,0.0,0.0
autonomy,autonomy,random,opaque_dependency_l6,none,training,opaque,holdout_gain,30,0.0,0.0,0.0,0.0,0.0,0.0
autonomy,autonomy,random,opaque_dependency_l6,none,training,opaque,imagined_nodes,30,0.0,0.0,0.0,0.0,0.0,0.0
autonomy,autonomy,random,opaque_dependency_l6,none,training,opaque,imagination_depth,30,0.0,0.0,0.0,0.0,0.0,0.0
autonomy,autonomy,random,opaque_dependency_l6,none,training,opaque,actual_return,30,0.015533333333333335,0.0020591818484673643,0.014783333333333334,0.016266666666666665,0.0115,0.0195
autonomy,autonomy,random,opaque_dependency_l6,none,training,opaque,runtime_seconds,30,0.00030333861335287413,2.5662555924281167e-05,0.00029444794006606875,0.0003125500783828708,0.00026259619992924854,0.00036965030022838616
autonomy,autonomy,random,opaque_dependency_l6,none,training,opaque,real_transitions,30,6.0,0.0,6.0,6.0,6.0,6.0
autonomy,autonomy,random,opaque_dependency_l6,none,training,opaque,imagined_transitions,30,0.0,0.0,0.0,0.0,0.0,0.0
autonomy,autonomy,random,opaque_dependency_l6,none,training,opaque,action_proposals,30,6.0,0.0,6.0,6.0,6.0,6.0
autonomy,autonomy,random,opaque_dependency_l6,none,training,opaque,repeat_rate,30,0.0,0.0,0.0,0.0,0.0,0.0
autonomy,autonomy,random,opaque_dependency_l6,none,training,opaque,error_rate,30,0.0,0.0,0.0,0.0,0.0,0.0
autonomy,autonomy,random,opaque_dependency_l6,none,training,opaque,learning_auc,30,0.015499416374854092,0.0020620436342253306,0.014782391195597799,0.01623311655827914,0.01150575287643822,0.01950975487743872
autonomy,autonomy,random,opaque_dependency_l6,none,training,opaque,final_tail_success,30,0.015166666666666667,0.008250740127023646,0.012166666666666666,0.018000000000000002,0.0,0.025
autonomy,autonomy,random,opaque_dependency_l6,none,training,opaque,first_success_real_transitions,30,379.8,355.6047204992916,264.4,512.6,6.0,1452.0
autonomy,autonomy,random,opaque_dependency_l8,none,evaluation_seen,opaque,success,30,0.0038333333333333336,0.003869271813638335,0.0025,0.005166666666666667,0.0,0.01
autonomy,autonomy,random,opaque_dependency_l8,none,evaluation_seen,opaque,steps,30,8.0,0.0,8.0,8.0,8.0,8.0
autonomy,autonomy,random,opaque_dependency_l8,none,evaluation_seen,opaque,high_level_steps,30,8.0,0.0,8.0,8.0,8.0,8.0
autonomy,autonomy,random,opaque_dependency_l8,none,evaluation_seen,opaque,primitive_steps,30,8.0,0.0,8.0,8.0,8.0,8.0
autonomy,autonomy,random,opaque_dependency_l8,none,evaluation_seen,opaque,reward,30,0.0038333333333333336,0.003869271813638335,0.0025,0.005166666666666667,0.0,0.01
autonomy,autonomy,random,opaque_dependency_l8,none,evaluation_seen,opaque,errors,30,0.0,0.0,0.0,0.0,0.0,0.0
autonomy,autonomy,random,opaque_dependency_l8,none,evaluation_seen,opaque,repeats,30,0.0,0.0,0.0,0.0,0.0,0.0
autonomy,autonomy,random,opaque_dependency_l8,none,evaluation_seen,opaque,prediction_score,30,0.0,0.0,0.0,0.0,0.0,0.0
autonomy,autonomy,random,opaque_dependency_l8,none,evaluation_seen,opaque,holdout_score,30,0.0,0.0,0.0,0.0,0.0,0.0
autonomy,autonomy,random,opaque_dependency_l8,none,evaluation_seen,opaque,imagined_nodes,30,0.0,0.0,0.0,0.0,0.0,0.0
autonomy,autonomy,random,opaque_dependency_l8,none,evaluation_seen,opaque,imagination_depth,30,0.0,0.0,0.0,0.0,0.0,0.0
autonomy,autonomy,random,opaque_dependency_l8,none,evaluation_seen,opaque,actual_return,30,0.0038333333333333336,0.003869271813638335,0.0025,0.005166666666666667,0.0,0.01
autonomy,autonomy,random,opaque_dependency_l8,none,evaluation_seen,opaque,runtime_seconds,30,0.0048275670831935714,0.00034429572808721085,0.004703712416570246,0.004941857766335792,0.0037091509990568737,0.0053310669989150485
autonomy,autonomy,random,opaque_dependency_l8,none,evaluation_seen,opaque,real_transitions,30,8.0,0.0,8.0,8.0,8.0,8.0
autonomy,autonomy,random,opaque_dependency_l8,none,evaluation_seen,opaque,imagined_transitions,30,0.0,0.0,0.0,0.0,0.0,0.0
autonomy,autonomy,random,opaque_dependency_l8,none,evaluation_seen,opaque,action_proposals,30,8.0,0.0,8.0,8.0,8.0,8.0
autonomy,autonomy,random,opaque_dependency_l8,none,evaluation_seen,opaque,repeat_rate,30,0.0,0.0,0.0,0.0,0.0,0.0
autonomy,autonomy,random,opaque_dependency_l8,none,evaluation_seen,opaque,error_rate,30,0.0,0.0,0.0,0.0,0.0,0.0
autonomy,autonomy,random,opaque_dependency_l8,none,evaluation_unseen_zero_shot,opaque,success,30,0.004333333333333333,0.004497764451088036,0.0028333333333333335,0.006,0.0,0.02
autonomy,autonomy,random,opaque_dependency_l8,none,evaluation_unseen_zero_shot,opaque,steps,30,8.0,0.0,8.0,8.0,8.0,8.0
autonomy,autonomy,random,opaque_dependency_l8,none,evaluation_unseen_zero_shot,opaque,high_level_steps,30,8.0,0.0,8.0,8.0,8.0,8.0
autonomy,autonomy,random,opaque_dependency_l8,none,evaluation_unseen_zero_shot,opaque,primitive_steps,30,8.0,0.0,8.0,8.0,8.0,8.0
autonomy,autonomy,random,opaque_dependency_l8,none,evaluation_unseen_zero_shot,opaque,reward,30,0.004333333333333333,0.004497764451088036,0.0028333333333333335,0.006,0.0,0.02
autonomy,autonomy,random,opaque_dependency_l8,none,evaluation_unseen_zero_shot,opaque,errors,30,0.0,0.0,0.0,0.0,0.0,0.0
autonomy,autonomy,random,opaque_dependency_l8,none,evaluation_unseen_zero_shot,opaque,repeats,30,0.0,0.0,0.0,0.0,0.0,0.0
autonomy,autonomy,random,opaque_dependency_l8,none,evaluation_unseen_zero_shot,opaque,prediction_score,30,0.0,0.0,0.0,0.0,0.0,0.0
autonomy,autonomy,random,opaque_dependency_l8,none,evaluation_unseen_zero_shot,opaque,holdout_score,30,0.0,0.0,0.0,0.0,0.0,0.0
autonomy,autonomy,random,opaque_dependency_l8,none,evaluation_unseen_zero_shot,opaque,imagined_nodes,30,0.0,0.0,0.0,0.0,0.0,0.0
autonomy,autonomy,random,opaque_dependency_l8,none,evaluation_unseen_zero_shot,opaque,imagination_depth,30,0.0,0.0,0.0,0.0,0.0,0.0
autonomy,autonomy,random,opaque_dependency_l8,none,evaluation_unseen_zero_shot,opaque,actual_return,30,0.004333333333333333,0.004497764451088036,0.0028333333333333335,0.006,0.0,0.02
autonomy,autonomy,random,opaque_dependency_l8,none,evaluation_unseen_zero_shot,opaque,runtime_seconds,30,0.004988613550265048,0.0002122257658788876,0.004914700666748104,0.005060483883484267,0.004346588499902282,0.005348990501224762
autonomy,autonomy,random,opaque_dependency_l8,none,evaluation_unseen_zero_shot,opaque,real_transitions,30,8.0,0.0,8.0,8.0,8.0,8.0
autonomy,autonomy,random,opaque_dependency_l8,none,evaluation_unseen_zero_shot,opaque,imagined_transitions,30,0.0,0.0,0.0,0.0,0.0,0.0
autonomy,autonomy,random,opaque_dependency_l8,none,evaluation_unseen_zero_shot,opaque,action_proposals,30,8.0,0.0,8.0,8.0,8.0,8.0
autonomy,autonomy,random,opaque_dependency_l8,none,evaluation_unseen_zero_shot,opaque,repeat_rate,30,0.0,0.0,0.0,0.0,0.0,0.0
autonomy,autonomy,random,opaque_dependency_l8,none,evaluation_unseen_zero_shot,opaque,error_rate,30,0.0,0.0,0.0,0.0,0.0,0.0
autonomy,autonomy,random,opaque_dependency_l8,none,training,opaque,success,30,0.0036166666666666665,0.0014000205253010998,0.0031666666666666666,0.004116666666666667,0.0015,0.007
autonomy,autonomy,random,opaque_dependency_l8,none,training,opaque,steps,30,8.0,0.0,8.0,8.0,8.0,8.0
autonomy,autonomy,random,opaque_dependency_l8,none,training,opaque,high_level_steps,30,8.0,0.0,8.0,8.0,8.0,8.0
autonomy,autonomy,random,opaque_dependency_l8,none,training,opaque,primitive_steps,30,8.0,0.0,8.0,8.0,8.0,8.0
autonomy,autonomy,random,opaque_dependency_l8,none,training,opaque,reward,30,0.0036166666666666665,0.0014000205253010998,0.00315,0.0041,0.0015,0.007
autonomy,autonomy,random,opaque_dependency_l8,none,training,opaque,errors,30,0.0,0.0,0.0,0.0,0.0,0.0
autonomy,autonomy,random,opaque_dependency_l8,none,training,opaque,repeats,30,0.0,0.0,0.0,0.0,0.0,0.0
autonomy,autonomy,random,opaque_dependency_l8,none,training,opaque,prediction_score,30,0.0,0.0,0.0,0.0,0.0,0.0
autonomy,autonomy,random,opaque_dependency_l8,none,training,opaque,holdout_score,30,0.0,0.0,0.0,0.0,0.0,0.0
autonomy,autonomy,random,opaque_dependency_l8,none,training,opaque,holdout_gain,30,0.0,0.0,0.0,0.0,0.0,0.0
autonomy,autonomy,random,opaque_dependency_l8,none,training,opaque,imagined_nodes,30,0.0,0.0,0.0,0.0,0.0,0.0
autonomy,autonomy,random,opaque_dependency_l8,none,training,opaque,imagination_depth,30,0.0,0.0,0.0,0.0,0.0,0.0
autonomy,autonomy,random,opaque_dependency_l8,none,training,opaque,actual_return,30,0.0036166666666666665,0.0014000205253010998,0.0031666666666666666,0.004116666666666667,0.0015,0.007
autonomy,autonomy,random,opaque_dependency_l8,none,training,opaque,runtime_seconds,30,0.00043005269002751445,2.2873948184663438e-05,0.00042230378337747727,0.0004383281350058193,0.000395476849807892,0.0004898645002394914
autonomy,autonomy,random,opaque_dependency_l8,none,training,opaque,real_transitions,30,8.0,0.0,8.0,8.0,8.0,8.0
autonomy,autonomy,random,opaque_dependency_l8,none,training,opaque,imagined_transitions,30,0.0,0.0,0.0,0.0,0.0,0.0
autonomy,autonomy,random,opaque_dependency_l8,none,training,opaque,action_proposals,30,8.0,0.0,8.0,8.0,8.0,8.0
autonomy,autonomy,random,opaque_dependency_l8,none,training,opaque,repeat_rate,30,0.0,0.0,0.0,0.0,0.0,0.0
autonomy,autonomy,random,opaque_dependency_l8,none,training,opaque,error_rate,30,0.0,0.0,0.0,0.0,0.0,0.0
autonomy,autonomy,random,opaque_dependency_l8,none,training,opaque,learning_auc,30,0.003618475904618976,0.001400720885743972,0.003134900783725196,0.004118726029681508,0.0015007503751875938,0.007003501750875438
autonomy,autonomy,random,opaque_dependency_l8,none,training,opaque,final_tail_success,30,0.002,0.00281620923987523,0.001,0.003,0.0,0.01
autonomy,autonomy,random,opaque_dependency_l8,none,training,opaque,first_success_real_transitions,30,1652.0,1498.9110530073444,1159.7333333333333,2199.4666666666667,48.0,5816.0
