experiment,suite,condition,environment,model,phase,action_family,seed,episode_rows,success,steps,high_level_steps,primitive_steps,reward,errors,repeats,prediction_score,holdout_score,holdout_gain,imagined_nodes,imagination_depth,actual_return,runtime_seconds,real_transitions,imagined_transitions,action_proposals,novelty_score,repeat_rate,error_rate,learning_auc,final_tail_success,first_success_real_transitions,adaptation_auc,episodes_to_50,episodes_to_80,transfer_gain_vs_from_scratch,sample_saving_to_50,sample_saving_to_80,unseen_prediction_calibration_error
autonomy,autonomy,contextual_policy,opaque_dependency_l4,none,evaluation_seen,opaque,1009,200,0.0,4.0,4.0,4.0,0.0,0.0,0.0,0.0,0.0,,0.0,0.0,0.0,0.001844209999544546,4.0,0.0,4.0,,0.0,0.0,,,,,,,,,,
autonomy,autonomy,contextual_policy,opaque_dependency_l4,none,evaluation_seen,opaque,1061,200,0.0,4.0,4.0,4.0,0.0,0.0,0.0,0.0,0.0,,0.0,0.0,0.0,0.002232786499807844,4.0,0.0,4.0,,0.0,0.0,,,,,,,,,,
autonomy,autonomy,contextual_policy,opaque_dependency_l4,none,evaluation_seen,opaque,1103,200,0.0,4.0,4.0,4.0,0.0,0.0,0.0,0.0,0.0,,0.0,0.0,0.0,0.0017535389994736761,4.0,0.0,4.0,,0.0,0.0,,,,,,,,,,
autonomy,autonomy,contextual_policy,opaque_dependency_l4,none,evaluation_seen,opaque,1151,200,0.0,4.0,4.0,4.0,0.0,0.0,0.0,0.0,0.0,,0.0,0.0,0.0,0.0019546085005276836,4.0,0.0,4.0,,0.0,0.0,,,,,,,,,,
autonomy,autonomy,contextual_policy,opaque_dependency_l4,none,evaluation_seen,opaque,1201,200,0.0,4.0,4.0,4.0,0.0,0.0,0.0,0.0,0.0,,0.0,0.0,0.0,0.0018559624991030432,4.0,0.0,4.0,,0.0,0.0,,,,,,,,,,
autonomy,autonomy,contextual_policy,opaque_dependency_l4,none,evaluation_seen,opaque,1259,200,0.0,4.0,4.0,4.0,0.0,0.0,0.0,0.0,0.0,,0.0,0.0,0.0,0.0019486269998014905,4.0,0.0,4.0,,0.0,0.0,,,,,,,,,,
autonomy,autonomy,contextual_policy,opaque_dependency_l4,none,evaluation_seen,opaque,1301,200,0.0,4.0,4.0,4.0,0.0,0.0,0.0,0.0,0.0,,0.0,0.0,0.0,0.0021694669999124017,4.0,0.0,4.0,,0.0,0.0,,,,,,,,,,
autonomy,autonomy,contextual_policy,opaque_dependency_l4,none,evaluation_seen,opaque,131,200,0.0,4.0,4.0,4.0,0.0,0.0,0.0,0.0,0.0,,0.0,0.0,0.0,0.002207065498951124,4.0,0.0,4.0,,0.0,0.0,,,,,,,,,,
autonomy,autonomy,contextual_policy,opaque_dependency_l4,none,evaluation_seen,opaque,1361,200,0.0,4.0,4.0,4.0,0.0,0.0,0.0,0.0,0.0,,0.0,0.0,0.0,0.0019244959981006104,4.0,0.0,4.0,,0.0,0.0,,,,,,,,,,
autonomy,autonomy,contextual_policy,opaque_dependency_l4,none,evaluation_seen,opaque,1423,200,0.0,4.0,4.0,4.0,0.0,0.0,0.0,0.0,0.0,,0.0,0.0,0.0,0.0018086869991384446,4.0,0.0,4.0,,0.0,0.0,,,,,,,,,,
autonomy,autonomy,contextual_policy,opaque_dependency_l4,none,evaluation_seen,opaque,1481,200,0.0,4.0,4.0,4.0,0.0,0.0,0.0,0.0,0.0,,0.0,0.0,0.0,0.001745883001713082,4.0,0.0,4.0,,0.0,0.0,,,,,,,,,,
autonomy,autonomy,contextual_policy,opaque_dependency_l4,none,evaluation_seen,opaque,1543,200,0.0,4.0,4.0,4.0,0.0,0.0,0.0,0.0,0.0,,0.0,0.0,0.0,0.002113516500685364,4.0,0.0,4.0,,0.0,0.0,,,,,,,,,,
autonomy,autonomy,contextual_policy,opaque_dependency_l4,none,evaluation_seen,opaque,1601,200,0.0,4.0,4.0,4.0,0.0,0.0,0.0,0.0,0.0,,0.0,0.0,0.0,0.0016848989983554929,4.0,0.0,4.0,,0.0,0.0,,,,,,,,,,
autonomy,autonomy,contextual_policy,opaque_dependency_l4,none,evaluation_seen,opaque,173,200,0.0,4.0,4.0,4.0,0.0,0.0,0.0,0.0,0.0,,0.0,0.0,0.0,0.002121443500072928,4.0,0.0,4.0,,0.0,0.0,,,,,,,,,,
autonomy,autonomy,contextual_policy,opaque_dependency_l4,none,evaluation_seen,opaque,211,200,0.0,4.0,4.0,4.0,0.0,0.0,0.0,0.0,0.0,,0.0,0.0,0.0,0.002194322999712313,4.0,0.0,4.0,,0.0,0.0,,,,,,,,,,
autonomy,autonomy,contextual_policy,opaque_dependency_l4,none,evaluation_seen,opaque,257,200,0.0,4.0,4.0,4.0,0.0,0.0,0.0,0.0,0.0,,0.0,0.0,0.0,0.002152698999270797,4.0,0.0,4.0,,0.0,0.0,,,,,,,,,,
autonomy,autonomy,contextual_policy,opaque_dependency_l4,none,evaluation_seen,opaque,307,200,0.0,4.0,4.0,4.0,0.0,0.0,0.0,0.0,0.0,,0.0,0.0,0.0,0.0017382780007028486,4.0,0.0,4.0,,0.0,0.0,,,,,,,,,,
autonomy,autonomy,contextual_policy,opaque_dependency_l4,none,evaluation_seen,opaque,353,200,0.0,4.0,4.0,4.0,0.0,0.0,0.0,0.0,0.0,,0.0,0.0,0.0,0.0022463199986668767,4.0,0.0,4.0,,0.0,0.0,,,,,,,,,,
autonomy,autonomy,contextual_policy,opaque_dependency_l4,none,evaluation_seen,opaque,401,200,0.0,4.0,4.0,4.0,0.0,0.0,0.0,0.0,0.0,,0.0,0.0,0.0,0.0017253025012905709,4.0,0.0,4.0,,0.0,0.0,,,,,,,,,,
autonomy,autonomy,contextual_policy,opaque_dependency_l4,none,evaluation_seen,opaque,457,200,0.0,4.0,4.0,4.0,0.0,0.0,0.0,0.0,0.0,,0.0,0.0,0.0,0.0018248199988738633,4.0,0.0,4.0,,0.0,0.0,,,,,,,,,,
autonomy,autonomy,contextual_policy,opaque_dependency_l4,none,evaluation_seen,opaque,503,200,0.0,4.0,4.0,4.0,0.0,0.0,0.0,0.0,0.0,,0.0,0.0,0.0,0.0021578749995387627,4.0,0.0,4.0,,0.0,0.0,,,,,,,,,,
autonomy,autonomy,contextual_policy,opaque_dependency_l4,none,evaluation_seen,opaque,557,200,0.0,4.0,4.0,4.0,0.0,0.0,0.0,0.0,0.0,,0.0,0.0,0.0,0.002147945497999899,4.0,0.0,4.0,,0.0,0.0,,,,,,,,,,
autonomy,autonomy,contextual_policy,opaque_dependency_l4,none,evaluation_seen,opaque,601,200,0.0,4.0,4.0,4.0,0.0,0.0,0.0,0.0,0.0,,0.0,0.0,0.0,0.001927759500395041,4.0,0.0,4.0,,0.0,0.0,,,,,,,,,,
autonomy,autonomy,contextual_policy,opaque_dependency_l4,none,evaluation_seen,opaque,659,200,0.0,4.0,4.0,4.0,0.0,0.0,0.0,0.0,0.0,,0.0,0.0,0.0,0.0021097479992022274,4.0,0.0,4.0,,0.0,0.0,,,,,,,,,,
autonomy,autonomy,contextual_policy,opaque_dependency_l4,none,evaluation_seen,opaque,701,200,0.0,4.0,4.0,4.0,0.0,0.0,0.0,0.0,0.0,,0.0,0.0,0.0,0.0020260880002751945,4.0,0.0,4.0,,0.0,0.0,,,,,,,,,,
autonomy,autonomy,contextual_policy,opaque_dependency_l4,none,evaluation_seen,opaque,761,200,0.0,4.0,4.0,4.0,0.0,0.0,0.0,0.0,0.0,,0.0,0.0,0.0,0.0017505255018477328,4.0,0.0,4.0,,0.0,0.0,,,,,,,,,,
autonomy,autonomy,contextual_policy,opaque_dependency_l4,none,evaluation_seen,opaque,809,200,0.0,4.0,4.0,4.0,0.0,0.0,0.0,0.0,0.0,,0.0,0.0,0.0,0.0021357610006816686,4.0,0.0,4.0,,0.0,0.0,,,,,,,,,,
autonomy,autonomy,contextual_policy,opaque_dependency_l4,none,evaluation_seen,opaque,857,200,0.0,4.0,4.0,4.0,0.0,0.0,0.0,0.0,0.0,,0.0,0.0,0.0,0.0021490389996324665,4.0,0.0,4.0,,0.0,0.0,,,,,,,,,,
autonomy,autonomy,contextual_policy,opaque_dependency_l4,none,evaluation_seen,opaque,907,200,0.0,4.0,4.0,4.0,0.0,0.0,0.0,0.0,0.0,,0.0,0.0,0.0,0.001813109500653809,4.0,0.0,4.0,,0.0,0.0,,,,,,,,,,
autonomy,autonomy,contextual_policy,opaque_dependency_l4,none,evaluation_seen,opaque,953,200,0.0,4.0,4.0,4.0,0.0,0.0,0.0,0.0,0.0,,0.0,0.0,0.0,0.0017474549998587462,4.0,0.0,4.0,,0.0,0.0,,,,,,,,,,
autonomy,autonomy,contextual_policy,opaque_dependency_l4,none,evaluation_unseen_zero_shot,opaque,1009,200,0.0,4.0,4.0,4.0,0.0,0.0,0.0,0.0,0.0,,0.0,0.0,0.0,0.0019517060004000087,4.0,0.0,4.0,,0.0,0.0,,,,,,,,,,
autonomy,autonomy,contextual_policy,opaque_dependency_l4,none,evaluation_unseen_zero_shot,opaque,1061,200,0.0,4.0,4.0,4.0,0.0,0.0,0.0,0.0,0.0,,0.0,0.0,0.0,0.00206703449919587,4.0,0.0,4.0,,0.0,0.0,,,,,,,,,,
autonomy,autonomy,contextual_policy,opaque_dependency_l4,none,evaluation_unseen_zero_shot,opaque,1103,200,0.0,4.0,4.0,4.0,0.0,0.0,0.0,0.0,0.0,,0.0,0.0,0.0,0.001522652501007542,4.0,0.0,4.0,,0.0,0.0,,,,,,,,,,
autonomy,autonomy,contextual_policy,opaque_dependency_l4,none,evaluation_unseen_zero_shot,opaque,1151,200,0.0,4.0,4.0,4.0,0.0,0.0,0.0,0.0,0.0,,0.0,0.0,0.0,0.0019963750001625157,4.0,0.0,4.0,,0.0,0.0,,,,,,,,,,
autonomy,autonomy,contextual_policy,opaque_dependency_l4,none,evaluation_unseen_zero_shot,opaque,1201,200,0.0,4.0,4.0,4.0,0.0,0.0,0.0,0.0,0.0,,0.0,0.0,0.0,0.0019272614999499638,4.0,0.0,4.0,,0.0,0.0,,,,,,,,,,
autonomy,autonomy,contextual_policy,opaque_dependency_l4,none,evaluation_unseen_zero_shot,opaque,1259,200,0.0,4.0,4.0,4.0,0.0,0.0,0.0,0.0,0.0,,0.0,0.0,0.0,0.0017501964996336028,4.0,0.0,4.0,,0.0,0.0,,,,,,,,,,
autonomy,autonomy,contextual_policy,opaque_dependency_l4,none,evaluation_unseen_zero_shot,opaque,1301,200,0.0,4.0,4.0,4.0,0.0,0.0,0.0,0.0,0.0,,0.0,0.0,0.0,0.00210905149942846,4.0,0.0,4.0,,0.0,0.0,,,,,,,,,,
autonomy,autonomy,contextual_policy,opaque_dependency_l4,none,evaluation_unseen_zero_shot,opaque,131,200,0.0,4.0,4.0,4.0,0.0,0.0,0.0,0.0,0.0,,0.0,0.0,0.0,0.0021425104996887967,4.0,0.0,4.0,,0.0,0.0,,,,,,,,,,
autonomy,autonomy,contextual_policy,opaque_dependency_l4,none,evaluation_unseen_zero_shot,opaque,1361,200,0.0,4.0,4.0,4.0,0.0,0.0,0.0,0.0,0.0,,0.0,0.0,0.0,0.002119614500697935,4.0,0.0,4.0,,0.0,0.0,,,,,,,,,,
autonomy,autonomy,contextual_policy,opaque_dependency_l4,none,evaluation_unseen_zero_shot,opaque,1423,200,0.0,4.0,4.0,4.0,0.0,0.0,0.0,0.0,0.0,,0.0,0.0,0.0,0.001612802999879932,4.0,0.0,4.0,,0.0,0.0,,,,,,,,,,
autonomy,autonomy,contextual_policy,opaque_dependency_l4,none,evaluation_unseen_zero_shot,opaque,1481,200,0.0,4.0,4.0,4.0,0.0,0.0,0.0,0.0,0.0,,0.0,0.0,0.0,0.0017429394987993874,4.0,0.0,4.0,,0.0,0.0,,,,,,,,,,
autonomy,autonomy,contextual_policy,opaque_dependency_l4,none,evaluation_unseen_zero_shot,opaque,1543,200,0.0,4.0,4.0,4.0,0.0,0.0,0.0,0.0,0.0,,0.0,0.0,0.0,0.0017608165004639887,4.0,0.0,4.0,,0.0,0.0,,,,,,,,,,
autonomy,autonomy,contextual_policy,opaque_dependency_l4,none,evaluation_unseen_zero_shot,opaque,1601,200,0.0,4.0,4.0,4.0,0.0,0.0,0.0,0.0,0.0,,0.0,0.0,0.0,0.0018215960011002607,4.0,0.0,4.0,,0.0,0.0,,,,,,,,,,
autonomy,autonomy,contextual_policy,opaque_dependency_l4,none,evaluation_unseen_zero_shot,opaque,173,200,0.0,4.0,4.0,4.0,0.0,0.0,0.0,0.0,0.0,,0.0,0.0,0.0,0.0021636525001667906,4.0,0.0,4.0,,0.0,0.0,,,,,,,,,,
autonomy,autonomy,contextual_policy,opaque_dependency_l4,none,evaluation_unseen_zero_shot,opaque,211,200,0.0,4.0,4.0,4.0,0.0,0.0,0.0,0.0,0.0,,0.0,0.0,0.0,0.002188961500651203,4.0,0.0,4.0,,0.0,0.0,,,,,,,,,,
autonomy,autonomy,contextual_policy,opaque_dependency_l4,none,evaluation_unseen_zero_shot,opaque,257,200,0.0,4.0,4.0,4.0,0.0,0.0,0.0,0.0,0.0,,0.0,0.0,0.0,0.0021588264997990337,4.0,0.0,4.0,,0.0,0.0,,,,,,,,,,
autonomy,autonomy,contextual_policy,opaque_dependency_l4,none,evaluation_unseen_zero_shot,opaque,307,200,0.0,4.0,4.0,4.0,0.0,0.0,0.0,0.0,0.0,,0.0,0.0,0.0,0.002176333000388695,4.0,0.0,4.0,,0.0,0.0,,,,,,,,,,
autonomy,autonomy,contextual_policy,opaque_dependency_l4,none,evaluation_unseen_zero_shot,opaque,353,200,0.0,4.0,4.0,4.0,0.0,0.0,0.0,0.0,0.0,,0.0,0.0,0.0,0.0021643300002324394,4.0,0.0,4.0,,0.0,0.0,,,,,,,,,,
autonomy,autonomy,contextual_policy,opaque_dependency_l4,none,evaluation_unseen_zero_shot,opaque,401,200,0.0,4.0,4.0,4.0,0.0,0.0,0.0,0.0,0.0,,0.0,0.0,0.0,0.0018018404998292681,4.0,0.0,4.0,,0.0,0.0,,,,,,,,,,
autonomy,autonomy,contextual_policy,opaque_dependency_l4,none,evaluation_unseen_zero_shot,opaque,457,200,0.0,4.0,4.0,4.0,0.0,0.0,0.0,0.0,0.0,,0.0,0.0,0.0,0.0018015584992826916,4.0,0.0,4.0,,0.0,0.0,,,,,,,,,,
autonomy,autonomy,contextual_policy,opaque_dependency_l4,none,evaluation_unseen_zero_shot,opaque,503,200,0.0,4.0,4.0,4.0,0.0,0.0,0.0,0.0,0.0,,0.0,0.0,0.0,0.0018216614989796653,4.0,0.0,4.0,,0.0,0.0,,,,,,,,,,
autonomy,autonomy,contextual_policy,opaque_dependency_l4,none,evaluation_unseen_zero_shot,opaque,557,200,0.0,4.0,4.0,4.0,0.0,0.0,0.0,0.0,0.0,,0.0,0.0,0.0,0.0024555764989054297,4.0,0.0,4.0,,0.0,0.0,,,,,,,,,,
autonomy,autonomy,contextual_policy,opaque_dependency_l4,none,evaluation_unseen_zero_shot,opaque,601,200,0.0,4.0,4.0,4.0,0.0,0.0,0.0,0.0,0.0,,0.0,0.0,0.0,0.0017523150000488385,4.0,0.0,4.0,,0.0,0.0,,,,,,,,,,
autonomy,autonomy,contextual_policy,opaque_dependency_l4,none,evaluation_unseen_zero_shot,opaque,659,200,0.0,4.0,4.0,4.0,0.0,0.0,0.0,0.0,0.0,,0.0,0.0,0.0,0.0021398699992278124,4.0,0.0,4.0,,0.0,0.0,,,,,,,,,,
autonomy,autonomy,contextual_policy,opaque_dependency_l4,none,evaluation_unseen_zero_shot,opaque,701,200,0.0,4.0,4.0,4.0,0.0,0.0,0.0,0.0,0.0,,0.0,0.0,0.0,0.00207537549911649,4.0,0.0,4.0,,0.0,0.0,,,,,,,,,,
autonomy,autonomy,contextual_policy,opaque_dependency_l4,none,evaluation_unseen_zero_shot,opaque,761,200,0.0,4.0,4.0,4.0,0.0,0.0,0.0,0.0,0.0,,0.0,0.0,0.0,0.0016114495013607665,4.0,0.0,4.0,,0.0,0.0,,,,,,,,,,
autonomy,autonomy,contextual_policy,opaque_dependency_l4,none,evaluation_unseen_zero_shot,opaque,809,200,0.0,4.0,4.0,4.0,0.0,0.0,0.0,0.0,0.0,,0.0,0.0,0.0,0.002248266998794861,4.0,0.0,4.0,,0.0,0.0,,,,,,,,,,
autonomy,autonomy,contextual_policy,opaque_dependency_l4,none,evaluation_unseen_zero_shot,opaque,857,200,0.0,4.0,4.0,4.0,0.0,0.0,0.0,0.0,0.0,,0.0,0.0,0.0,0.002253706498449901,4.0,0.0,4.0,,0.0,0.0,,,,,,,,,,
autonomy,autonomy,contextual_policy,opaque_dependency_l4,none,evaluation_unseen_zero_shot,opaque,907,200,0.0,4.0,4.0,4.0,0.0,0.0,0.0,0.0,0.0,,0.0,0.0,0.0,0.001959060500812484,4.0,0.0,4.0,,0.0,0.0,,,,,,,,,,
autonomy,autonomy,contextual_policy,opaque_dependency_l4,none,evaluation_unseen_zero_shot,opaque,953,200,0.0,4.0,4.0,4.0,0.0,0.0,0.0,0.0,0.0,,0.0,0.0,0.0,0.0016728505009086802,4.0,0.0,4.0,,0.0,0.0,,,,,,,,,,
autonomy,autonomy,contextual_policy,opaque_dependency_l4,none,training,opaque,1009,2000,0.6605,4.0,4.0,4.0,0.6605,0.0,0.0,0.0,0.0,0.0,0.0,0.0,0.6605,0.0002888779999484541,4.0,0.0,4.0,,0.0,0.0,0.6605802901450726,0.9,40,,,,,,,
autonomy,autonomy,contextual_policy,opaque_dependency_l4,none,training,opaque,1061,2000,0.6385,4.0,4.0,4.0,0.6385,0.0,0.0,0.0,0.0,0.0,0.0,0.0,0.6385,0.0002746862999338191,4.0,0.0,4.0,,0.0,0.0,0.6385692846423212,0.895,24,,,,,,,
autonomy,autonomy,contextual_policy,opaque_dependency_l4,none,training,opaque,1103,2000,0.63,4.0,4.0,4.0,0.63,0.0,0.0,0.0,0.0,0.0,0.0,0.0,0.63,0.0002795460997731425,4.0,0.0,4.0,,0.0,0.0,0.6300650325162581,0.91,40,,,,,,,
autonomy,autonomy,contextual_policy,opaque_dependency_l4,none,training,opaque,1151,2000,0.636,4.0,4.0,4.0,0.636,0.0,0.0,0.0,0.0,0.0,0.0,0.0,0.636,0.00024950004984566475,4.0,0.0,4.0,,0.0,0.0,0.6363181590795398,0.94,68,,,,,,,
autonomy,autonomy,contextual_policy,opaque_dependency_l4,none,training,opaque,1201,2000,0.6435,4.0,4.0,4.0,0.6435,0.0,0.0,0.0,0.0,0.0,0.0,0.0,0.6435,0.00026079210011812395,4.0,0.0,4.0,,0.0,0.0,0.6435717858929465,0.89,256,,,,,,,
autonomy,autonomy,contextual_policy,opaque_dependency_l4,none,training,opaque,1259,2000,0.672,4.0,4.0,4.0,0.672,0.0,0.0,0.0,0.0,0.0,0.0,0.0,0.672,0.00027825709991157057,4.0,0.0,4.0,,0.0,0.0,0.6720860430215108,0.925,128,,,,,,,
autonomy,autonomy,contextual_policy,opaque_dependency_l4,none,training,opaque,1301,2000,0.6545,4.0,4.0,4.0,0.6545,0.0,0.0,0.0,0.0,0.0,0.0,0.0,0.6545,0.0002966483499330934,4.0,0.0,4.0,,0.0,0.0,0.6548274137068534,0.915,316,,,,,,,
autonomy,autonomy,contextual_policy,opaque_dependency_l4,none,training,opaque,131,2000,0.6425,4.0,4.0,4.0,0.6425,0.0,0.0,0.0,0.0,0.0,0.0,0.0,0.6425,0.0002868772000510944,4.0,0.0,4.0,,0.0,0.0,0.6425712856428214,0.895,104,,,,,,,
autonomy,autonomy,contextual_policy,opaque_dependency_l4,none,training,opaque,1361,2000,0.656,4.0,4.0,4.0,0.656,0.0,0.0,0.0,0.0,0.0,0.0,0.0,0.656,0.0002641062503680587,4.0,0.0,4.0,,0.0,0.0,0.6560780390195098,0.895,20,,,,,,,
autonomy,autonomy,contextual_policy,opaque_dependency_l4,none,training,opaque,1423,2000,0.6735,4.0,4.0,4.0,0.6735,0.0,0.0,0.0,0.0,0.0,0.0,0.0,0.6735,0.00029669469993677923,4.0,0.0,4.0,,0.0,0.0,0.6735867933966984,0.925,32,,,,,,,
autonomy,autonomy,contextual_policy,opaque_dependency_l4,none,training,opaque,1481,2000,0.661,4.0,4.0,4.0,0.661,0.0,0.0,0.0,0.0,0.0,0.0,0.0,0.661,0.00025275544986652675,4.0,0.0,4.0,,0.0,0.0,0.6610805402701351,0.895,36,,,,,,,
autonomy,autonomy,contextual_policy,opaque_dependency_l4,none,training,opaque,1543,2000,0.6375,4.0,4.0,4.0,0.6375,0.0,0.0,0.0,0.0,0.0,0.0,0.0,0.6375,0.0002274353499233257,4.0,0.0,4.0,,0.0,0.0,0.6375687843921961,0.925,32,,,,,,,
autonomy,autonomy,contextual_policy,opaque_dependency_l4,none,training,opaque,1601,2000,0.6585,4.0,4.0,4.0,0.6585,0.0,0.0,0.0,0.0,0.0,0.0,0.0,0.6585,0.00029367834953882265,4.0,0.0,4.0,,0.0,0.0,0.6585792896448224,0.9,48,,,,,,,
autonomy,autonomy,contextual_policy,opaque_dependency_l4,none,training,opaque,173,2000,0.647,4.0,4.0,4.0,0.647,0.0,0.0,0.0,0.0,0.0,0.0,0.0,0.647,0.0002755305999744451,4.0,0.0,4.0,,0.0,0.0,0.6470735367683842,0.91,16,,,,,,,
autonomy,autonomy,contextual_policy,opaque_dependency_l4,none,training,opaque,211,2000,0.665,4.0,4.0,4.0,0.665,0.0,0.0,0.0,0.0,0.0,0.0,0.0,0.665,0.00026342450006632136,4.0,0.0,4.0,,0.0,0.0,0.6650825412706353,0.915,60,,,,,,,
autonomy,autonomy,contextual_policy,opaque_dependency_l4,none,training,opaque,257,2000,0.6495,4.0,4.0,4.0,0.6495,0.0,0.0,0.0,0.0,0.0,0.0,0.0,0.6495,0.0002533827500155894,4.0,0.0,4.0,,0.0,0.0,0.6495747873936969,0.915,24,,,,,,,
autonomy,autonomy,contextual_policy,opaque_dependency_l4,none,training,opaque,307,2000,0.659,4.0,4.0,4.0,0.659,0.0,0.0,0.0,0.0,0.0,0.0,0.0,0.659,0.00023897355041117407,4.0,0.0,4.0,,0.0,0.0,0.659079539769885,0.925,36,,,,,,,
autonomy,autonomy,contextual_policy,opaque_dependency_l4,none,training,opaque,353,2000,0.667,4.0,4.0,4.0,0.667,0.0,0.0,0.0,0.0,0.0,0.0,0.0,0.667,0.00029505069978768005,4.0,0.0,4.0,,0.0,0.0,0.6670835417708855,0.925,128,,,,,,,
autonomy,autonomy,contextual_policy,opaque_dependency_l4,none,training,opaque,401,2000,0.6535,4.0,4.0,4.0,0.6535,0.0,0.0,0.0,0.0,0.0,0.0,0.0,0.6535,0.00025013960016076454,4.0,0.0,4.0,,0.0,0.0,0.6535767883941971,0.915,80,,,,,,,
autonomy,autonomy,contextual_policy,opaque_dependency_l4,none,training,opaque,457,2000,0.6475,4.0,4.0,4.0,0.6475,0.0,0.0,0.0,0.0,0.0,0.0,0.0,0.6475,0.00025817800060031,4.0,0.0,4.0,,0.0,0.0,0.6475737868934467,0.91,24,,,,,,,
autonomy,autonomy,contextual_policy,opaque_dependency_l4,none,training,opaque,503,2000,0.647,4.0,4.0,4.0,0.647,0.0,0.0,0.0,0.0,0.0,0.0,0.0,0.647,0.00028194970020558685,4.0,0.0,4.0,,0.0,0.0,0.6470735367683842,0.9,16,,,,,,,
autonomy,autonomy,contextual_policy,opaque_dependency_l4,none,training,opaque,557,2000,0.6585,4.0,4.0,4.0,0.6585,0.0,0.0,0.0,0.0,0.0,0.0,0.0,0.6585,0.00029561109998030587,4.0,0.0,4.0,,0.0,0.0,0.6585792896448224,0.915,100,,,,,,,
autonomy,autonomy,contextual_policy,opaque_dependency_l4,none,training,opaque,601,2000,0.652,4.0,4.0,4.0,0.652,0.0,0.0,0.0,0.0,0.0,0.0,0.0,0.652,0.0002549305001739413,4.0,0.0,4.0,,0.0,0.0,0.6520760380190095,0.9,16,,,,,,,
autonomy,autonomy,contextual_policy,opaque_dependency_l4,none,training,opaque,659,2000,0.668,4.0,4.0,4.0,0.668,0.0,0.0,0.0,0.0,0.0,0.0,0.0,0.668,0.00028299980018346103,4.0,0.0,4.0,,0.0,0.0,0.6680840420210105,0.915,8,,,,,,,
autonomy,autonomy,contextual_policy,opaque_dependency_l4,none,training,opaque,701,2000,0.652,4.0,4.0,4.0,0.652,0.0,0.0,0.0,0.0,0.0,0.0,0.0,0.652,0.000241556349574239,4.0,0.0,4.0,,0.0,0.0,0.6523261630815408,0.925,32,,,,,,,
autonomy,autonomy,contextual_policy,opaque_dependency_l4,none,training,opaque,761,2000,0.6705,4.0,4.0,4.0,0.6705,0.0,0.0,0.0,0.0,0.0,0.0,0.0,0.6705,0.0002630205000168644,4.0,0.0,4.0,,0.0,0.0,0.6705852926463232,0.92,152,,,,,,,
autonomy,autonomy,contextual_policy,opaque_dependency_l4,none,training,opaque,809,2000,0.6505,4.0,4.0,4.0,0.6505,0.0,0.0,0.0,0.0,0.0,0.0,0.0,0.6505,0.0002589852001692634,4.0,0.0,4.0,,0.0,0.0,0.6505752876438219,0.9,100,,,,,,,
autonomy,autonomy,contextual_policy,opaque_dependency_l4,none,training,opaque,857,2000,0.6655,4.0,4.0,4.0,0.6655,0.0,0.0,0.0,0.0,0.0,0.0,0.0,0.6655,0.0002785620997165097,4.0,0.0,4.0,,0.0,0.0,0.6655827913956979,0.915,68,,,,,,,
autonomy,autonomy,contextual_policy,opaque_dependency_l4,none,training,opaque,907,2000,0.6425,4.0,4.0,4.0,0.6425,0.0,0.0,0.0,0.0,0.0,0.0,0.0,0.6425,0.000307498999973177,4.0,0.0,4.0,,0.0,0.0,0.6425712856428214,0.905,40,,,,,,,
autonomy,autonomy,contextual_policy,opaque_dependency_l4,none,training,opaque,953,2000,0.669,4.0,4.0,4.0,0.669,0.0,0.0,0.0,0.0,0.0,0.0,0.0,0.669,0.0002741728499531746,4.0,0.0,4.0,,0.0,0.0,0.6690845422711356,0.92,236,,,,,,,
autonomy,autonomy,contextual_policy,opaque_dependency_l6,none,evaluation_seen,opaque,1009,200,0.0,6.0,6.0,6.0,0.0,0.0,0.0,0.0,0.0,,0.0,0.0,0.0,0.003109740001236787,6.0,0.0,6.0,,0.0,0.0,,,,,,,,,,
autonomy,autonomy,contextual_policy,opaque_dependency_l6,none,evaluation_seen,opaque,1061,200,0.0,6.0,6.0,6.0,0.0,0.0,0.0,0.0,0.0,,0.0,0.0,0.0,0.0030993420007871465,6.0,0.0,6.0,,0.0,0.0,,,,,,,,,,
autonomy,autonomy,contextual_policy,opaque_dependency_l6,none,evaluation_seen,opaque,1103,200,0.0,6.0,6.0,6.0,0.0,0.0,0.0,0.0,0.0,,0.0,0.0,0.0,0.0032680065002932677,6.0,0.0,6.0,,0.0,0.0,,,,,,,,,,
autonomy,autonomy,contextual_policy,opaque_dependency_l6,none,evaluation_seen,opaque,1151,200,0.0,6.0,6.0,6.0,0.0,0.0,0.0,0.0,0.0,,0.0,0.0,0.0,0.0034828480004216542,6.0,0.0,6.0,,0.0,0.0,,,,,,,,,,
autonomy,autonomy,contextual_policy,opaque_dependency_l6,none,evaluation_seen,opaque,1201,200,0.0,6.0,6.0,6.0,0.0,0.0,0.0,0.0,0.0,,0.0,0.0,0.0,0.0033147180009109435,6.0,0.0,6.0,,0.0,0.0,,,,,,,,,,
autonomy,autonomy,contextual_policy,opaque_dependency_l6,none,evaluation_seen,opaque,1259,200,0.0,6.0,6.0,6.0,0.0,0.0,0.0,0.0,0.0,,0.0,0.0,0.0,0.0035246719997667243,6.0,0.0,6.0,,0.0,0.0,,,,,,,,,,
autonomy,autonomy,contextual_policy,opaque_dependency_l6,none,evaluation_seen,opaque,1301,200,0.0,6.0,6.0,6.0,0.0,0.0,0.0,0.0,0.0,,0.0,0.0,0.0,0.0033922770006756765,6.0,0.0,6.0,,0.0,0.0,,,,,,,,,,
autonomy,autonomy,contextual_policy,opaque_dependency_l6,none,evaluation_seen,opaque,131,200,0.0,6.0,6.0,6.0,0.0,0.0,0.0,0.0,0.0,,0.0,0.0,0.0,0.0036309510000864975,6.0,0.0,6.0,,0.0,0.0,,,,,,,,,,
autonomy,autonomy,contextual_policy,opaque_dependency_l6,none,evaluation_seen,opaque,1361,200,0.0,6.0,6.0,6.0,0.0,0.0,0.0,0.0,0.0,,0.0,0.0,0.0,0.003599418000521837,6.0,0.0,6.0,,0.0,0.0,,,,,,,,,,
autonomy,autonomy,contextual_policy,opaque_dependency_l6,none,evaluation_seen,opaque,1423,200,0.0,6.0,6.0,6.0,0.0,0.0,0.0,0.0,0.0,,0.0,0.0,0.0,0.003605240999168018,6.0,0.0,6.0,,0.0,0.0,,,,,,,,,,
autonomy,autonomy,contextual_policy,opaque_dependency_l6,none,evaluation_seen,opaque,1481,200,0.0,6.0,6.0,6.0,0.0,0.0,0.0,0.0,0.0,,0.0,0.0,0.0,0.0030569059988192746,6.0,0.0,6.0,,0.0,0.0,,,,,,,,,,
autonomy,autonomy,contextual_policy,opaque_dependency_l6,none,evaluation_seen,opaque,1543,200,0.0,6.0,6.0,6.0,0.0,0.0,0.0,0.0,0.0,,0.0,0.0,0.0,0.0033968724992882926,6.0,0.0,6.0,,0.0,0.0,,,,,,,,,,
autonomy,autonomy,contextual_policy,opaque_dependency_l6,none,evaluation_seen,opaque,1601,200,0.0,6.0,6.0,6.0,0.0,0.0,0.0,0.0,0.0,,0.0,0.0,0.0,0.003546019000641536,6.0,0.0,6.0,,0.0,0.0,,,,,,,,,,
autonomy,autonomy,contextual_policy,opaque_dependency_l6,none,evaluation_seen,opaque,173,200,0.0,6.0,6.0,6.0,0.0,0.0,0.0,0.0,0.0,,0.0,0.0,0.0,0.0030500180007948076,6.0,0.0,6.0,,0.0,0.0,,,,,,,,,,
autonomy,autonomy,contextual_policy,opaque_dependency_l6,none,evaluation_seen,opaque,211,200,0.0,6.0,6.0,6.0,0.0,0.0,0.0,0.0,0.0,,0.0,0.0,0.0,0.0036018359995796346,6.0,0.0,6.0,,0.0,0.0,,,,,,,,,,
autonomy,autonomy,contextual_policy,opaque_dependency_l6,none,evaluation_seen,opaque,257,200,0.0,6.0,6.0,6.0,0.0,0.0,0.0,0.0,0.0,,0.0,0.0,0.0,0.003457847000536276,6.0,0.0,6.0,,0.0,0.0,,,,,,,,,,
autonomy,autonomy,contextual_policy,opaque_dependency_l6,none,evaluation_seen,opaque,307,200,0.0,6.0,6.0,6.0,0.0,0.0,0.0,0.0,0.0,,0.0,0.0,0.0,0.0030508419990655966,6.0,0.0,6.0,,0.0,0.0,,,,,,,,,,
autonomy,autonomy,contextual_policy,opaque_dependency_l6,none,evaluation_seen,opaque,353,200,0.0,6.0,6.0,6.0,0.0,0.0,0.0,0.0,0.0,,0.0,0.0,0.0,0.0027914745008456522,6.0,0.0,6.0,,0.0,0.0,,,,,,,,,,
autonomy,autonomy,contextual_policy,opaque_dependency_l6,none,evaluation_seen,opaque,401,200,0.0,6.0,6.0,6.0,0.0,0.0,0.0,0.0,0.0,,0.0,0.0,0.0,0.003581057500996394,6.0,0.0,6.0,,0.0,0.0,,,,,,,,,,
autonomy,autonomy,contextual_policy,opaque_dependency_l6,none,evaluation_seen,opaque,457,200,0.0,6.0,6.0,6.0,0.0,0.0,0.0,0.0,0.0,,0.0,0.0,0.0,0.002974344500107691,6.0,0.0,6.0,,0.0,0.0,,,,,,,,,,
autonomy,autonomy,contextual_policy,opaque_dependency_l6,none,evaluation_seen,opaque,503,200,0.0,6.0,6.0,6.0,0.0,0.0,0.0,0.0,0.0,,0.0,0.0,0.0,0.0030496904987376183,6.0,0.0,6.0,,0.0,0.0,,,,,,,,,,
autonomy,autonomy,contextual_policy,opaque_dependency_l6,none,evaluation_seen,opaque,557,200,0.0,6.0,6.0,6.0,0.0,0.0,0.0,0.0,0.0,,0.0,0.0,0.0,0.0034795894996204877,6.0,0.0,6.0,,0.0,0.0,,,,,,,,,,
autonomy,autonomy,contextual_policy,opaque_dependency_l6,none,evaluation_seen,opaque,601,200,0.0,6.0,6.0,6.0,0.0,0.0,0.0,0.0,0.0,,0.0,0.0,0.0,0.003373107500228798,6.0,0.0,6.0,,0.0,0.0,,,,,,,,,,
autonomy,autonomy,contextual_policy,opaque_dependency_l6,none,evaluation_seen,opaque,659,200,0.0,6.0,6.0,6.0,0.0,0.0,0.0,0.0,0.0,,0.0,0.0,0.0,0.0029959430008602793,6.0,0.0,6.0,,0.0,0.0,,,,,,,,,,
autonomy,autonomy,contextual_policy,opaque_dependency_l6,none,evaluation_seen,opaque,701,200,0.0,6.0,6.0,6.0,0.0,0.0,0.0,0.0,0.0,,0.0,0.0,0.0,0.003518131500313757,6.0,0.0,6.0,,0.0,0.0,,,,,,,,,,
autonomy,autonomy,contextual_policy,opaque_dependency_l6,none,evaluation_seen,opaque,761,200,0.0,6.0,6.0,6.0,0.0,0.0,0.0,0.0,0.0,,0.0,0.0,0.0,0.003038505999429617,6.0,0.0,6.0,,0.0,0.0,,,,,,,,,,
autonomy,autonomy,contextual_policy,opaque_dependency_l6,none,evaluation_seen,opaque,809,200,0.0,6.0,6.0,6.0,0.0,0.0,0.0,0.0,0.0,,0.0,0.0,0.0,0.003532591499388218,6.0,0.0,6.0,,0.0,0.0,,,,,,,,,,
autonomy,autonomy,contextual_policy,opaque_dependency_l6,none,evaluation_seen,opaque,857,200,0.0,6.0,6.0,6.0,0.0,0.0,0.0,0.0,0.0,,0.0,0.0,0.0,0.0042857934994390235,6.0,0.0,6.0,,0.0,0.0,,,,,,,,,,
autonomy,autonomy,contextual_policy,opaque_dependency_l6,none,evaluation_seen,opaque,907,200,0.0,6.0,6.0,6.0,0.0,0.0,0.0,0.0,0.0,,0.0,0.0,0.0,0.0038278805000300053,6.0,0.0,6.0,,0.0,0.0,,,,,,,,,,
autonomy,autonomy,contextual_policy,opaque_dependency_l6,none,evaluation_seen,opaque,953,200,0.0,6.0,6.0,6.0,0.0,0.0,0.0,0.0,0.0,,0.0,0.0,0.0,0.0033420825019129553,6.0,0.0,6.0,,0.0,0.0,,,,,,,,,,
autonomy,autonomy,contextual_policy,opaque_dependency_l6,none,evaluation_unseen_zero_shot,opaque,1009,200,0.0,6.0,6.0,6.0,0.0,0.0,0.0,0.0,0.0,,0.0,0.0,0.0,0.003704156000021612,6.0,0.0,6.0,,0.0,0.0,,,,,,,,,,
autonomy,autonomy,contextual_policy,opaque_dependency_l6,none,evaluation_unseen_zero_shot,opaque,1061,200,0.0,6.0,6.0,6.0,0.0,0.0,0.0,0.0,0.0,,0.0,0.0,0.0,0.003084669499658048,6.0,0.0,6.0,,0.0,0.0,,,,,,,,,,
autonomy,autonomy,contextual_policy,opaque_dependency_l6,none,evaluation_unseen_zero_shot,opaque,1103,200,0.0,6.0,6.0,6.0,0.0,0.0,0.0,0.0,0.0,,0.0,0.0,0.0,0.003527728999761166,6.0,0.0,6.0,,0.0,0.0,,,,,,,,,,
autonomy,autonomy,contextual_policy,opaque_dependency_l6,none,evaluation_unseen_zero_shot,opaque,1151,200,0.0,6.0,6.0,6.0,0.0,0.0,0.0,0.0,0.0,,0.0,0.0,0.0,0.0030592280004930216,6.0,0.0,6.0,,0.0,0.0,,,,,,,,,,
autonomy,autonomy,contextual_policy,opaque_dependency_l6,none,evaluation_unseen_zero_shot,opaque,1201,200,0.0,6.0,6.0,6.0,0.0,0.0,0.0,0.0,0.0,,0.0,0.0,0.0,0.0029592454990779514,6.0,0.0,6.0,,0.0,0.0,,,,,,,,,,
autonomy,autonomy,contextual_policy,opaque_dependency_l6,none,evaluation_unseen_zero_shot,opaque,1259,200,0.0,6.0,6.0,6.0,0.0,0.0,0.0,0.0,0.0,,0.0,0.0,0.0,0.003586530000611674,6.0,0.0,6.0,,0.0,0.0,,,,,,,,,,
autonomy,autonomy,contextual_policy,opaque_dependency_l6,none,evaluation_unseen_zero_shot,opaque,1301,200,0.0,6.0,6.0,6.0,0.0,0.0,0.0,0.0,0.0,,0.0,0.0,0.0,0.0033828440004435834,6.0,0.0,6.0,,0.0,0.0,,,,,,,,,,
autonomy,autonomy,contextual_policy,opaque_dependency_l6,none,evaluation_unseen_zero_shot,opaque,131,200,0.0,6.0,6.0,6.0,0.0,0.0,0.0,0.0,0.0,,0.0,0.0,0.0,0.002884214499936206,6.0,0.0,6.0,,0.0,0.0,,,,,,,,,,
autonomy,autonomy,contextual_policy,opaque_dependency_l6,none,evaluation_unseen_zero_shot,opaque,1361,200,0.0,6.0,6.0,6.0,0.0,0.0,0.0,0.0,0.0,,0.0,0.0,0.0,0.0034930890004034156,6.0,0.0,6.0,,0.0,0.0,,,,,,,,,,
autonomy,autonomy,contextual_policy,opaque_dependency_l6,none,evaluation_unseen_zero_shot,opaque,1423,200,0.0,6.0,6.0,6.0,0.0,0.0,0.0,0.0,0.0,,0.0,0.0,0.0,0.0036520539995399306,6.0,0.0,6.0,,0.0,0.0,,,,,,,,,,
autonomy,autonomy,contextual_policy,opaque_dependency_l6,none,evaluation_unseen_zero_shot,opaque,1481,200,0.0,6.0,6.0,6.0,0.0,0.0,0.0,0.0,0.0,,0.0,0.0,0.0,0.003533849999803351,6.0,0.0,6.0,,0.0,0.0,,,,,,,,,,
autonomy,autonomy,contextual_policy,opaque_dependency_l6,none,evaluation_unseen_zero_shot,opaque,1543,200,0.0,6.0,6.0,6.0,0.0,0.0,0.0,0.0,0.0,,0.0,0.0,0.0,0.003089790499652736,6.0,0.0,6.0,,0.0,0.0,,,,,,,,,,
autonomy,autonomy,contextual_policy,opaque_dependency_l6,none,evaluation_unseen_zero_shot,opaque,1601,200,0.0,6.0,6.0,6.0,0.0,0.0,0.0,0.0,0.0,,0.0,0.0,0.0,0.003475264000153402,6.0,0.0,6.0,,0.0,0.0,,,,,,,,,,
autonomy,autonomy,contextual_policy,opaque_dependency_l6,none,evaluation_unseen_zero_shot,opaque,173,200,0.0,6.0,6.0,6.0,0.0,0.0,0.0,0.0,0.0,,0.0,0.0,0.0,0.0031402625011105554,6.0,0.0,6.0,,0.0,0.0,,,,,,,,,,
autonomy,autonomy,contextual_policy,opaque_dependency_l6,none,evaluation_unseen_zero_shot,opaque,211,200,0.0,6.0,6.0,6.0,0.0,0.0,0.0,0.0,0.0,,0.0,0.0,0.0,0.002873168501391774,6.0,0.0,6.0,,0.0,0.0,,,,,,,,,,
autonomy,autonomy,contextual_policy,opaque_dependency_l6,none,evaluation_unseen_zero_shot,opaque,257,200,0.0,6.0,6.0,6.0,0.0,0.0,0.0,0.0,0.0,,0.0,0.0,0.0,0.0033124939995468595,6.0,0.0,6.0,,0.0,0.0,,,,,,,,,,
autonomy,autonomy,contextual_policy,opaque_dependency_l6,none,evaluation_unseen_zero_shot,opaque,307,200,0.0,6.0,6.0,6.0,0.0,0.0,0.0,0.0,0.0,,0.0,0.0,0.0,0.0032468719994358255,6.0,0.0,6.0,,0.0,0.0,,,,,,,,,,
autonomy,autonomy,contextual_policy,opaque_dependency_l6,none,evaluation_unseen_zero_shot,opaque,353,200,0.0,6.0,6.0,6.0,0.0,0.0,0.0,0.0,0.0,,0.0,0.0,0.0,0.003269507000077283,6.0,0.0,6.0,,0.0,0.0,,,,,,,,,,
autonomy,autonomy,contextual_policy,opaque_dependency_l6,none,evaluation_unseen_zero_shot,opaque,401,200,0.0,6.0,6.0,6.0,0.0,0.0,0.0,0.0,0.0,,0.0,0.0,0.0,0.003309341001731809,6.0,0.0,6.0,,0.0,0.0,,,,,,,,,,
autonomy,autonomy,contextual_policy,opaque_dependency_l6,none,evaluation_unseen_zero_shot,opaque,457,200,0.0,6.0,6.0,6.0,0.0,0.0,0.0,0.0,0.0,,0.0,0.0,0.0,0.003188650499942014,6.0,0.0,6.0,,0.0,0.0,,,,,,,,,,
autonomy,autonomy,contextual_policy,opaque_dependency_l6,none,evaluation_unseen_zero_shot,opaque,503,200,0.0,6.0,6.0,6.0,0.0,0.0,0.0,0.0,0.0,,0.0,0.0,0.0,0.003069880499970168,6.0,0.0,6.0,,0.0,0.0,,,,,,,,,,
autonomy,autonomy,contextual_policy,opaque_dependency_l6,none,evaluation_unseen_zero_shot,opaque,557,200,0.0,6.0,6.0,6.0,0.0,0.0,0.0,0.0,0.0,,0.0,0.0,0.0,0.003232534999260679,6.0,0.0,6.0,,0.0,0.0,,,,,,,,,,
autonomy,autonomy,contextual_policy,opaque_dependency_l6,none,evaluation_unseen_zero_shot,opaque,601,200,0.0,6.0,6.0,6.0,0.0,0.0,0.0,0.0,0.0,,0.0,0.0,0.0,0.0032971625006757675,6.0,0.0,6.0,,0.0,0.0,,,,,,,,,,
autonomy,autonomy,contextual_policy,opaque_dependency_l6,none,evaluation_unseen_zero_shot,opaque,659,200,0.0,6.0,6.0,6.0,0.0,0.0,0.0,0.0,0.0,,0.0,0.0,0.0,0.0030503704986767845,6.0,0.0,6.0,,0.0,0.0,,,,,,,,,,
autonomy,autonomy,contextual_policy,opaque_dependency_l6,none,evaluation_unseen_zero_shot,opaque,701,200,0.0,6.0,6.0,6.0,0.0,0.0,0.0,0.0,0.0,,0.0,0.0,0.0,0.0034801135008456184,6.0,0.0,6.0,,0.0,0.0,,,,,,,,,,
autonomy,autonomy,contextual_policy,opaque_dependency_l6,none,evaluation_unseen_zero_shot,opaque,761,200,0.0,6.0,6.0,6.0,0.0,0.0,0.0,0.0,0.0,,0.0,0.0,0.0,0.0031353545004094486,6.0,0.0,6.0,,0.0,0.0,,,,,,,,,,
autonomy,autonomy,contextual_policy,opaque_dependency_l6,none,evaluation_unseen_zero_shot,opaque,809,200,0.0,6.0,6.0,6.0,0.0,0.0,0.0,0.0,0.0,,0.0,0.0,0.0,0.00338935150168254,6.0,0.0,6.0,,0.0,0.0,,,,,,,,,,
autonomy,autonomy,contextual_policy,opaque_dependency_l6,none,evaluation_unseen_zero_shot,opaque,857,200,0.0,6.0,6.0,6.0,0.0,0.0,0.0,0.0,0.0,,0.0,0.0,0.0,0.003899159499560483,6.0,0.0,6.0,,0.0,0.0,,,,,,,,,,
autonomy,autonomy,contextual_policy,opaque_dependency_l6,none,evaluation_unseen_zero_shot,opaque,907,200,0.0,6.0,6.0,6.0,0.0,0.0,0.0,0.0,0.0,,0.0,0.0,0.0,0.0036472549999598414,6.0,0.0,6.0,,0.0,0.0,,,,,,,,,,
autonomy,autonomy,contextual_policy,opaque_dependency_l6,none,evaluation_unseen_zero_shot,opaque,953,200,0.0,6.0,6.0,6.0,0.0,0.0,0.0,0.0,0.0,,0.0,0.0,0.0,0.003363526001194259,6.0,0.0,6.0,,0.0,0.0,,,,,,,,,,
autonomy,autonomy,contextual_policy,opaque_dependency_l6,none,training,opaque,1009,2000,0.398,6.0,6.0,6.0,0.398,0.0,0.0,0.0,0.0,0.0,0.0,0.0,0.398,0.00047715279979456684,6.0,0.0,6.0,,0.0,0.0,0.39794897448724365,0.665,258,,,,,,,
autonomy,autonomy,contextual_policy,opaque_dependency_l6,none,training,opaque,1061,2000,0.4745,6.0,6.0,6.0,0.4745,0.0,0.0,0.0,0.0,0.0,0.0,0.0,0.4745,0.0004637692005780991,6.0,0.0,6.0,,0.0,0.0,0.4747373686843422,0.745,684,,,,,,,
autonomy,autonomy,contextual_policy,opaque_dependency_l6,none,training,opaque,1103,2000,0.407,6.0,6.0,6.0,0.407,0.0,0.0,0.0,0.0,0.0,0.0,0.0,0.407,0.0004093182499636896,6.0,0.0,6.0,,0.0,0.0,0.4072036018009004,0.63,72,,,,,,,
autonomy,autonomy,contextual_policy,opaque_dependency_l6,none,training,opaque,1151,2000,0.455,6.0,6.0,6.0,0.455,0.0,0.0,0.0,0.0,0.0,0.0,0.0,0.455,0.0004890387501509394,6.0,0.0,6.0,,0.0,0.0,0.45522761380690346,0.745,702,,,,,,,
autonomy,autonomy,contextual_policy,opaque_dependency_l6,none,training,opaque,1201,2000,0.4485,6.0,6.0,6.0,0.4485,0.0,0.0,0.0,0.0,0.0,0.0,0.0,0.4485,0.0004598650496918708,6.0,0.0,6.0,,0.0,0.0,0.44847423711855927,0.72,66,,,,,,,
autonomy,autonomy,contextual_policy,opaque_dependency_l6,none,training,opaque,1259,2000,0.4135,6.0,6.0,6.0,0.4135,0.0,0.0,0.0,0.0,0.0,0.0,0.0,0.4135,0.00044840920016577,6.0,0.0,6.0,,0.0,0.0,0.4137068534267134,0.66,570,,,,,,,
autonomy,autonomy,contextual_policy,opaque_dependency_l6,none,training,opaque,1301,2000,0.4,6.0,6.0,6.0,0.4,0.0,0.0,0.0,0.0,0.0,0.0,0.0,0.4,0.0004308215496566845,6.0,0.0,6.0,,0.0,0.0,0.400200100050025,0.635,450,,,,,,,
autonomy,autonomy,contextual_policy,opaque_dependency_l6,none,training,opaque,131,2000,0.3885,6.0,6.0,6.0,0.3885,0.0,0.0,0.0,0.0,0.0,0.0,0.0,0.3885,0.000467320700379787,6.0,0.0,6.0,,0.0,0.0,0.3884442221110555,0.665,228,,,,,,,
autonomy,autonomy,contextual_policy,opaque_dependency_l6,none,training,opaque,1361,2000,0.499,6.0,6.0,6.0,0.499,0.0,0.0,0.0,0.0,0.0,0.0,0.0,0.499,0.0004137537498172605,6.0,0.0,6.0,,0.0,0.0,0.49899949974987495,0.805,78,,,,,,,
autonomy,autonomy,contextual_policy,opaque_dependency_l6,none,training,opaque,1423,2000,0.4665,6.0,6.0,6.0,0.4665,0.0,0.0,0.0,0.0,0.0,0.0,0.0,0.4665,0.0004434499995404622,6.0,0.0,6.0,,0.0,0.0,0.46673336668334164,0.75,1314,,,,,,,
autonomy,autonomy,contextual_policy,opaque_dependency_l6,none,training,opaque,1481,2000,0.505,6.0,6.0,6.0,0.505,0.0,0.0,0.0,0.0,0.0,0.0,0.0,0.505,0.00042454569999244993,6.0,0.0,6.0,,0.0,0.0,0.5052526263131566,0.745,42,,,,,,,
autonomy,autonomy,contextual_policy,opaque_dependency_l6,none,training,opaque,1543,2000,0.519,6.0,6.0,6.0,0.519,0.0,0.0,0.0,0.0,0.0,0.0,0.0,0.519,0.0004219924495409941,6.0,0.0,6.0,,0.0,0.0,0.5190095047523762,0.845,60,,,,,,,
autonomy,autonomy,contextual_policy,opaque_dependency_l6,none,training,opaque,1601,2000,0.341,6.0,6.0,6.0,0.341,0.0,0.0,0.0,0.0,0.0,0.0,0.0,0.341,0.0004293709499615943,6.0,0.0,6.0,,0.0,0.0,0.3409204602301151,0.64,1050,,,,,,,
autonomy,autonomy,contextual_policy,opaque_dependency_l6,none,training,opaque,173,2000,0.3905,6.0,6.0,6.0,0.3905,0.0,0.0,0.0,0.0,0.0,0.0,0.0,0.3905,0.00042892784996365665,6.0,0.0,6.0,,0.0,0.0,0.39044522261130565,0.655,462,,,,,,,
autonomy,autonomy,contextual_policy,opaque_dependency_l6,none,training,opaque,211,2000,0.48,6.0,6.0,6.0,0.48,0.0,0.0,0.0,0.0,0.0,0.0,0.0,0.48,0.0004300018496142002,6.0,0.0,6.0,,0.0,0.0,0.48024012006003003,0.785,84,,,,,,,
autonomy,autonomy,contextual_policy,opaque_dependency_l6,none,training,opaque,257,2000,0.4925,6.0,6.0,6.0,0.4925,0.0,0.0,0.0,0.0,0.0,0.0,0.0,0.4925,0.0004280430499929935,6.0,0.0,6.0,,0.0,0.0,0.492496248124062,0.795,738,,,,,,,
autonomy,autonomy,contextual_policy,opaque_dependency_l6,none,training,opaque,307,2000,0.4165,6.0,6.0,6.0,0.4165,0.0,0.0,0.0,0.0,0.0,0.0,0.0,0.4165,0.00041961434987024406,6.0,0.0,6.0,,0.0,0.0,0.41645822911455727,0.64,36,,,,,,,
autonomy,autonomy,contextual_policy,opaque_dependency_l6,none,training,opaque,353,2000,0.42,6.0,6.0,6.0,0.42,0.0,0.0,0.0,0.0,0.0,0.0,0.0,0.42,0.0003849472997535486,6.0,0.0,6.0,,0.0,0.0,0.42021010505252626,0.665,78,,,,,,,
autonomy,autonomy,contextual_policy,opaque_dependency_l6,none,training,opaque,401,2000,0.486,6.0,6.0,6.0,0.486,0.0,0.0,0.0,0.0,0.0,0.0,0.0,0.486,0.0004668057502130978,6.0,0.0,6.0,,0.0,0.0,0.4859929964982491,0.75,276,,,,,,,
autonomy,autonomy,contextual_policy,opaque_dependency_l6,none,training,opaque,457,2000,0.435,6.0,6.0,6.0,0.435,0.0,0.0,0.0,0.0,0.0,0.0,0.0,0.435,0.0003993300999136409,6.0,0.0,6.0,,0.0,0.0,0.43496748374187094,0.655,36,,,,,,,
autonomy,autonomy,contextual_policy,opaque_dependency_l6,none,training,opaque,503,2000,0.3605,6.0,6.0,6.0,0.3605,0.0,0.0,0.0,0.0,0.0,0.0,0.0,0.3605,0.00040889385012269486,6.0,0.0,6.0,,0.0,0.0,0.36068034017008505,0.635,144,,,,,,,
autonomy,autonomy,contextual_policy,opaque_dependency_l6,none,training,opaque,557,2000,0.466,6.0,6.0,6.0,0.466,0.0,0.0,0.0,0.0,0.0,0.0,0.0,0.466,0.0003735328500188189,6.0,0.0,6.0,,0.0,0.0,0.4659829914957479,0.78,36,,,,,,,
autonomy,autonomy,contextual_policy,opaque_dependency_l6,none,training,opaque,601,2000,0.496,6.0,6.0,6.0,0.496,0.0,0.0,0.0,0.0,0.0,0.0,0.0,0.496,0.0004728354497347027,6.0,0.0,6.0,,0.0,0.0,0.496248124062031,0.83,180,,,,,,,
autonomy,autonomy,contextual_policy,opaque_dependency_l6,none,training,opaque,659,2000,0.339,6.0,6.0,6.0,0.339,0.0,0.0,0.0,0.0,0.0,0.0,0.0,0.339,0.0004210121501237154,6.0,0.0,6.0,,0.0,0.0,0.3391695847923962,0.65,36,,,,,,,
autonomy,autonomy,contextual_policy,opaque_dependency_l6,none,training,opaque,701,2000,0.426,6.0,6.0,6.0,0.426,0.0,0.0,0.0,0.0,0.0,0.0,0.0,0.426,0.0004496295494318474,6.0,0.0,6.0,,0.0,0.0,0.42596298149074535,0.665,252,,,,,,,
autonomy,autonomy,contextual_policy,opaque_dependency_l6,none,training,opaque,761,2000,0.5485,6.0,6.0,6.0,0.5485,0.0,0.0,0.0,0.0,0.0,0.0,0.0,0.5485,0.0004191324999119388,6.0,0.0,6.0,,0.0,0.0,0.5485242621310655,0.885,366,,,,,,,
autonomy,autonomy,contextual_policy,opaque_dependency_l6,none,training,opaque,809,2000,0.332,6.0,6.0,6.0,0.332,0.0,0.0,0.0,0.0,0.0,0.0,0.0,0.332,0.0004399056500842562,6.0,0.0,6.0,,0.0,0.0,0.3319159579789895,0.555,720,,,,,,,
autonomy,autonomy,contextual_policy,opaque_dependency_l6,none,training,opaque,857,2000,0.3365,6.0,6.0,6.0,0.3365,0.0,0.0,0.0,0.0,0.0,0.0,0.0,0.3365,0.0005111299001000589,6.0,0.0,6.0,,0.0,0.0,0.3364182091045523,0.555,144,,,,,,,
autonomy,autonomy,contextual_policy,opaque_dependency_l6,none,training,opaque,907,2000,0.4755,6.0,6.0,6.0,0.4755,0.0,0.0,0.0,0.0,0.0,0.0,0.0,0.4755,0.0005176025997789111,6.0,0.0,6.0,,0.0,0.0,0.475487743871936,0.77,96,,,,,,,
autonomy,autonomy,contextual_policy,opaque_dependency_l6,none,training,opaque,953,2000,0.438,6.0,6.0,6.0,0.438,0.0,0.0,0.0,0.0,0.0,0.0,0.0,0.438,0.0004507158502965467,6.0,0.0,6.0,,0.0,0.0,0.43796898449224614,0.765,366,,,,,,,
autonomy,autonomy,contextual_policy,opaque_dependency_l8,none,evaluation_seen,opaque,1009,200,0.0,8.0,8.0,8.0,0.0,0.0,0.0,0.0,0.0,,0.0,0.0,0.0,0.004945013498072513,8.0,0.0,8.0,,0.0,0.0,,,,,,,,,,
autonomy,autonomy,contextual_policy,opaque_dependency_l8,none,evaluation_seen,opaque,1061,200,0.0,8.0,8.0,8.0,0.0,0.0,0.0,0.0,0.0,,0.0,0.0,0.0,0.004561591000674525,8.0,0.0,8.0,,0.0,0.0,,,,,,,,,,
autonomy,autonomy,contextual_policy,opaque_dependency_l8,none,evaluation_seen,opaque,1103,200,0.0,8.0,8.0,8.0,0.0,0.0,0.0,0.0,0.0,,0.0,0.0,0.0,0.004712507001240738,8.0,0.0,8.0,,0.0,0.0,,,,,,,,,,
autonomy,autonomy,contextual_policy,opaque_dependency_l8,none,evaluation_seen,opaque,1151,200,0.0,8.0,8.0,8.0,0.0,0.0,0.0,0.0,0.0,,0.0,0.0,0.0,0.00453530300190323,8.0,0.0,8.0,,0.0,0.0,,,,,,,,,,
autonomy,autonomy,contextual_policy,opaque_dependency_l8,none,evaluation_seen,opaque,1201,200,0.0,8.0,8.0,8.0,0.0,0.0,0.0,0.0,0.0,,0.0,0.0,0.0,0.0052677175001008434,8.0,0.0,8.0,,0.0,0.0,,,,,,,,,,
autonomy,autonomy,contextual_policy,opaque_dependency_l8,none,evaluation_seen,opaque,1259,200,0.0,8.0,8.0,8.0,0.0,0.0,0.0,0.0,0.0,,0.0,0.0,0.0,0.004997463000909193,8.0,0.0,8.0,,0.0,0.0,,,,,,,,,,
autonomy,autonomy,contextual_policy,opaque_dependency_l8,none,evaluation_seen,opaque,1301,200,0.0,8.0,8.0,8.0,0.0,0.0,0.0,0.0,0.0,,0.0,0.0,0.0,0.0045583699995768254,8.0,0.0,8.0,,0.0,0.0,,,,,,,,,,
autonomy,autonomy,contextual_policy,opaque_dependency_l8,none,evaluation_seen,opaque,131,200,0.0,8.0,8.0,8.0,0.0,0.0,0.0,0.0,0.0,,0.0,0.0,0.0,0.004967076500615803,8.0,0.0,8.0,,0.0,0.0,,,,,,,,,,
autonomy,autonomy,contextual_policy,opaque_dependency_l8,none,evaluation_seen,opaque,1361,200,0.0,8.0,8.0,8.0,0.0,0.0,0.0,0.0,0.0,,0.0,0.0,0.0,0.00481952599962824,8.0,0.0,8.0,,0.0,0.0,,,,,,,,,,
autonomy,autonomy,contextual_policy,opaque_dependency_l8,none,evaluation_seen,opaque,1423,200,0.0,8.0,8.0,8.0,0.0,0.0,0.0,0.0,0.0,,0.0,0.0,0.0,0.005133611999481218,8.0,0.0,8.0,,0.0,0.0,,,,,,,,,,
autonomy,autonomy,contextual_policy,opaque_dependency_l8,none,evaluation_seen,opaque,1481,200,0.0,8.0,8.0,8.0,0.0,0.0,0.0,0.0,0.0,,0.0,0.0,0.0,0.004607845499995164,8.0,0.0,8.0,,0.0,0.0,,,,,,,,,,
autonomy,autonomy,contextual_policy,opaque_dependency_l8,none,evaluation_seen,opaque,1543,200,0.0,8.0,8.0,8.0,0.0,0.0,0.0,0.0,0.0,,0.0,0.0,0.0,0.005093498499481939,8.0,0.0,8.0,,0.0,0.0,,,,,,,,,,
autonomy,autonomy,contextual_policy,opaque_dependency_l8,none,evaluation_seen,opaque,1601,200,0.0,8.0,8.0,8.0,0.0,0.0,0.0,0.0,0.0,,0.0,0.0,0.0,0.004184657500591129,8.0,0.0,8.0,,0.0,0.0,,,,,,,,,,
autonomy,autonomy,contextual_policy,opaque_dependency_l8,none,evaluation_seen,opaque,173,200,0.0,8.0,8.0,8.0,0.0,0.0,0.0,0.0,0.0,,0.0,0.0,0.0,0.0045136020002246365,8.0,0.0,8.0,,0.0,0.0,,,,,,,,,,
autonomy,autonomy,contextual_policy,opaque_dependency_l8,none,evaluation_seen,opaque,211,200,0.0,8.0,8.0,8.0,0.0,0.0,0.0,0.0,0.0,,0.0,0.0,0.0,0.005057445500133326,8.0,0.0,8.0,,0.0,0.0,,,,,,,,,,
autonomy,autonomy,contextual_policy,opaque_dependency_l8,none,evaluation_seen,opaque,257,200,0.0,8.0,8.0,8.0,0.0,0.0,0.0,0.0,0.0,,0.0,0.0,0.0,0.004398157000105129,8.0,0.0,8.0,,0.0,0.0,,,,,,,,,,
autonomy,autonomy,contextual_policy,opaque_dependency_l8,none,evaluation_seen,opaque,307,200,0.0,8.0,8.0,8.0,0.0,0.0,0.0,0.0,0.0,,0.0,0.0,0.0,0.005114725999446818,8.0,0.0,8.0,,0.0,0.0,,,,,,,,,,
autonomy,autonomy,contextual_policy,opaque_dependency_l8,none,evaluation_seen,opaque,353,200,0.0,8.0,8.0,8.0,0.0,0.0,0.0,0.0,0.0,,0.0,0.0,0.0,0.005320075499475933,8.0,0.0,8.0,,0.0,0.0,,,,,,,,,,
autonomy,autonomy,contextual_policy,opaque_dependency_l8,none,evaluation_seen,opaque,401,200,0.0,8.0,8.0,8.0,0.0,0.0,0.0,0.0,0.0,,0.0,0.0,0.0,0.005124300999741535,8.0,0.0,8.0,,0.0,0.0,,,,,,,,,,
autonomy,autonomy,contextual_policy,opaque_dependency_l8,none,evaluation_seen,opaque,457,200,0.0,8.0,8.0,8.0,0.0,0.0,0.0,0.0,0.0,,0.0,0.0,0.0,0.005253712499252288,8.0,0.0,8.0,,0.0,0.0,,,,,,,,,,
autonomy,autonomy,contextual_policy,opaque_dependency_l8,none,evaluation_seen,opaque,503,200,0.0,8.0,8.0,8.0,0.0,0.0,0.0,0.0,0.0,,0.0,0.0,0.0,0.005100520001142286,8.0,0.0,8.0,,0.0,0.0,,,,,,,,,,
autonomy,autonomy,contextual_policy,opaque_dependency_l8,none,evaluation_seen,opaque,557,200,0.0,8.0,8.0,8.0,0.0,0.0,0.0,0.0,0.0,,0.0,0.0,0.0,0.004773632499709492,8.0,0.0,8.0,,0.0,0.0,,,,,,,,,,
autonomy,autonomy,contextual_policy,opaque_dependency_l8,none,evaluation_seen,opaque,601,200,0.0,8.0,8.0,8.0,0.0,0.0,0.0,0.0,0.0,,0.0,0.0,0.0,0.004483054001175333,8.0,0.0,8.0,,0.0,0.0,,,,,,,,,,
autonomy,autonomy,contextual_policy,opaque_dependency_l8,none,evaluation_seen,opaque,659,200,0.0,8.0,8.0,8.0,0.0,0.0,0.0,0.0,0.0,,0.0,0.0,0.0,0.004788426999730291,8.0,0.0,8.0,,0.0,0.0,,,,,,,,,,
autonomy,autonomy,contextual_policy,opaque_dependency_l8,none,evaluation_seen,opaque,701,200,0.0,8.0,8.0,8.0,0.0,0.0,0.0,0.0,0.0,,0.0,0.0,0.0,0.0044772639991424515,8.0,0.0,8.0,,0.0,0.0,,,,,,,,,,
autonomy,autonomy,contextual_policy,opaque_dependency_l8,none,evaluation_seen,opaque,761,200,0.0,8.0,8.0,8.0,0.0,0.0,0.0,0.0,0.0,,0.0,0.0,0.0,0.004500687000399921,8.0,0.0,8.0,,0.0,0.0,,,,,,,,,,
autonomy,autonomy,contextual_policy,opaque_dependency_l8,none,evaluation_seen,opaque,809,200,0.0,8.0,8.0,8.0,0.0,0.0,0.0,0.0,0.0,,0.0,0.0,0.0,0.004945030000963016,8.0,0.0,8.0,,0.0,0.0,,,,,,,,,,
autonomy,autonomy,contextual_policy,opaque_dependency_l8,none,evaluation_seen,opaque,857,200,0.0,8.0,8.0,8.0,0.0,0.0,0.0,0.0,0.0,,0.0,0.0,0.0,0.005467545500287088,8.0,0.0,8.0,,0.0,0.0,,,,,,,,,,
autonomy,autonomy,contextual_policy,opaque_dependency_l8,none,evaluation_seen,opaque,907,200,0.0,8.0,8.0,8.0,0.0,0.0,0.0,0.0,0.0,,0.0,0.0,0.0,0.005534999498340767,8.0,0.0,8.0,,0.0,0.0,,,,,,,,,,
autonomy,autonomy,contextual_policy,opaque_dependency_l8,none,evaluation_seen,opaque,953,200,0.0,8.0,8.0,8.0,0.0,0.0,0.0,0.0,0.0,,0.0,0.0,0.0,0.005257526000787038,8.0,0.0,8.0,,0.0,0.0,,,,,,,,,,
autonomy,autonomy,contextual_policy,opaque_dependency_l8,none,evaluation_unseen_zero_shot,opaque,1009,200,0.0,8.0,8.0,8.0,0.0,0.0,0.0,0.0,0.0,,0.0,0.0,0.0,0.005112524998694425,8.0,0.0,8.0,,0.0,0.0,,,,,,,,,,
autonomy,autonomy,contextual_policy,opaque_dependency_l8,none,evaluation_unseen_zero_shot,opaque,1061,200,0.0,8.0,8.0,8.0,0.0,0.0,0.0,0.0,0.0,,0.0,0.0,0.0,0.004264238999894587,8.0,0.0,8.0,,0.0,0.0,,,,,,,,,,
autonomy,autonomy,contextual_policy,opaque_dependency_l8,none,evaluation_unseen_zero_shot,opaque,1103,200,0.0,8.0,8.0,8.0,0.0,0.0,0.0,0.0,0.0,,0.0,0.0,0.0,0.005324747501581442,8.0,0.0,8.0,,0.0,0.0,,,,,,,,,,
autonomy,autonomy,contextual_policy,opaque_dependency_l8,none,evaluation_unseen_zero_shot,opaque,1151,200,0.0,8.0,8.0,8.0,0.0,0.0,0.0,0.0,0.0,,0.0,0.0,0.0,0.005093054499157006,8.0,0.0,8.0,,0.0,0.0,,,,,,,,,,
autonomy,autonomy,contextual_policy,opaque_dependency_l8,none,evaluation_unseen_zero_shot,opaque,1201,200,0.0,8.0,8.0,8.0,0.0,0.0,0.0,0.0,0.0,,0.0,0.0,0.0,0.005507582999562146,8.0,0.0,8.0,,0.0,0.0,,,,,,,,,,
autonomy,autonomy,contextual_policy,opaque_dependency_l8,none,evaluation_unseen_zero_shot,opaque,1259,200,0.0,8.0,8.0,8.0,0.0,0.0,0.0,0.0,0.0,,0.0,0.0,0.0,0.005484200500068255,8.0,0.0,8.0,,0.0,0.0,,,,,,,,,,
autonomy,autonomy,contextual_policy,opaque_dependency_l8,none,evaluation_unseen_zero_shot,opaque,1301,200,0.0,8.0,8.0,8.0,0.0,0.0,0.0,0.0,0.0,,0.0,0.0,0.0,0.00444768699890119,8.0,0.0,8.0,,0.0,0.0,,,,,,,,,,
autonomy,autonomy,contextual_policy,opaque_dependency_l8,none,evaluation_unseen_zero_shot,opaque,131,200,0.0,8.0,8.0,8.0,0.0,0.0,0.0,0.0,0.0,,0.0,0.0,0.0,0.005469982501090272,8.0,0.0,8.0,,0.0,0.0,,,,,,,,,,
autonomy,autonomy,contextual_policy,opaque_dependency_l8,none,evaluation_unseen_zero_shot,opaque,1361,200,0.0,8.0,8.0,8.0,0.0,0.0,0.0,0.0,0.0,,0.0,0.0,0.0,0.004521275499137119,8.0,0.0,8.0,,0.0,0.0,,,,,,,,,,
autonomy,autonomy,contextual_policy,opaque_dependency_l8,none,evaluation_unseen_zero_shot,opaque,1423,200,0.0,8.0,8.0,8.0,0.0,0.0,0.0,0.0,0.0,,0.0,0.0,0.0,0.0051229120005154985,8.0,0.0,8.0,,0.0,0.0,,,,,,,,,,
autonomy,autonomy,contextual_policy,opaque_dependency_l8,none,evaluation_unseen_zero_shot,opaque,1481,200,0.0,8.0,8.0,8.0,0.0,0.0,0.0,0.0,0.0,,0.0,0.0,0.0,0.0044146335012919735,8.0,0.0,8.0,,0.0,0.0,,,,,,,,,,
autonomy,autonomy,contextual_policy,opaque_dependency_l8,none,evaluation_unseen_zero_shot,opaque,1543,200,0.0,8.0,8.0,8.0,0.0,0.0,0.0,0.0,0.0,,0.0,0.0,0.0,0.005246009499387583,8.0,0.0,8.0,,0.0,0.0,,,,,,,,,,
autonomy,autonomy,contextual_policy,opaque_dependency_l8,none,evaluation_unseen_zero_shot,opaque,1601,200,0.0,8.0,8.0,8.0,0.0,0.0,0.0,0.0,0.0,,0.0,0.0,0.0,0.0045413405008730475,8.0,0.0,8.0,,0.0,0.0,,,,,,,,,,
autonomy,autonomy,contextual_policy,opaque_dependency_l8,none,evaluation_unseen_zero_shot,opaque,173,200,0.0,8.0,8.0,8.0,0.0,0.0,0.0,0.0,0.0,,0.0,0.0,0.0,0.004798360500280978,8.0,0.0,8.0,,0.0,0.0,,,,,,,,,,
autonomy,autonomy,contextual_policy,opaque_dependency_l8,none,evaluation_unseen_zero_shot,opaque,211,200,0.0,8.0,8.0,8.0,0.0,0.0,0.0,0.0,0.0,,0.0,0.0,0.0,0.0052691994995984716,8.0,0.0,8.0,,0.0,0.0,,,,,,,,,,
autonomy,autonomy,contextual_policy,opaque_dependency_l8,none,evaluation_unseen_zero_shot,opaque,257,200,0.0,8.0,8.0,8.0,0.0,0.0,0.0,0.0,0.0,,0.0,0.0,0.0,0.005437221500760643,8.0,0.0,8.0,,0.0,0.0,,,,,,,,,,
autonomy,autonomy,contextual_policy,opaque_dependency_l8,none,evaluation_unseen_zero_shot,opaque,307,200,0.0,8.0,8.0,8.0,0.0,0.0,0.0,0.0,0.0,,0.0,0.0,0.0,0.005167650998482713,8.0,0.0,8.0,,0.0,0.0,,,,,,,,,,
autonomy,autonomy,contextual_policy,opaque_dependency_l8,none,evaluation_unseen_zero_shot,opaque,353,200,0.0,8.0,8.0,8.0,0.0,0.0,0.0,0.0,0.0,,0.0,0.0,0.0,0.004873494999483228,8.0,0.0,8.0,,0.0,0.0,,,,,,,,,,
autonomy,autonomy,contextual_policy,opaque_dependency_l8,none,evaluation_unseen_zero_shot,opaque,401,200,0.0,8.0,8.0,8.0,0.0,0.0,0.0,0.0,0.0,,0.0,0.0,0.0,0.004341272499004845,8.0,0.0,8.0,,0.0,0.0,,,,,,,,,,
autonomy,autonomy,contextual_policy,opaque_dependency_l8,none,evaluation_unseen_zero_shot,opaque,457,200,0.0,8.0,8.0,8.0,0.0,0.0,0.0,0.0,0.0,,0.0,0.0,0.0,0.004993708498659544,8.0,0.0,8.0,,0.0,0.0,,,,,,,,,,
autonomy,autonomy,contextual_policy,opaque_dependency_l8,none,evaluation_unseen_zero_shot,opaque,503,200,0.0,8.0,8.0,8.0,0.0,0.0,0.0,0.0,0.0,,0.0,0.0,0.0,0.0053001924995624,8.0,0.0,8.0,,0.0,0.0,,,,,,,,,,
autonomy,autonomy,contextual_policy,opaque_dependency_l8,none,evaluation_unseen_zero_shot,opaque,557,200,0.0,8.0,8.0,8.0,0.0,0.0,0.0,0.0,0.0,,0.0,0.0,0.0,0.005371002498432063,8.0,0.0,8.0,,0.0,0.0,,,,,,,,,,
autonomy,autonomy,contextual_policy,opaque_dependency_l8,none,evaluation_unseen_zero_shot,opaque,601,200,0.0,8.0,8.0,8.0,0.0,0.0,0.0,0.0,0.0,,0.0,0.0,0.0,0.004605102001369233,8.0,0.0,8.0,,0.0,0.0,,,,,,,,,,
autonomy,autonomy,contextual_policy,opaque_dependency_l8,none,evaluation_unseen_zero_shot,opaque,659,200,0.0,8.0,8.0,8.0,0.0,0.0,0.0,0.0,0.0,,0.0,0.0,0.0,0.004788143999612657,8.0,0.0,8.0,,0.0,0.0,,,,,,,,,,
autonomy,autonomy,contextual_policy,opaque_dependency_l8,none,evaluation_unseen_zero_shot,opaque,701,200,0.0,8.0,8.0,8.0,0.0,0.0,0.0,0.0,0.0,,0.0,0.0,0.0,0.00437108400001307,8.0,0.0,8.0,,0.0,0.0,,,,,,,,,,
autonomy,autonomy,contextual_policy,opaque_dependency_l8,none,evaluation_unseen_zero_shot,opaque,761,200,0.0,8.0,8.0,8.0,0.0,0.0,0.0,0.0,0.0,,0.0,0.0,0.0,0.004988030998501927,8.0,0.0,8.0,,0.0,0.0,,,,,,,,,,
autonomy,autonomy,contextual_policy,opaque_dependency_l8,none,evaluation_unseen_zero_shot,opaque,809,200,0.0,8.0,8.0,8.0,0.0,0.0,0.0,0.0,0.0,,0.0,0.0,0.0,0.005395671500737081,8.0,0.0,8.0,,0.0,0.0,,,,,,,,,,
autonomy,autonomy,contextual_policy,opaque_dependency_l8,none,evaluation_unseen_zero_shot,opaque,857,200,0.0,8.0,8.0,8.0,0.0,0.0,0.0,0.0,0.0,,0.0,0.0,0.0,0.005518434000259731,8.0,0.0,8.0,,0.0,0.0,,,,,,,,,,
autonomy,autonomy,contextual_policy,opaque_dependency_l8,none,evaluation_unseen_zero_shot,opaque,907,200,0.0,8.0,8.0,8.0,0.0,0.0,0.0,0.0,0.0,,0.0,0.0,0.0,0.004894425000384217,8.0,0.0,8.0,,0.0,0.0,,,,,,,,,,
autonomy,autonomy,contextual_policy,opaque_dependency_l8,none,evaluation_unseen_zero_shot,opaque,953,200,0.0,8.0,8.0,8.0,0.0,0.0,0.0,0.0,0.0,,0.0,0.0,0.0,0.005398539500456536,8.0,0.0,8.0,,0.0,0.0,,,,,,,,,,
autonomy,autonomy,contextual_policy,opaque_dependency_l8,none,training,opaque,1009,2000,0.125,8.0,8.0,8.0,0.125,0.0,0.0,0.0,0.0,0.0,0.0,0.0,0.125,0.0006683334999106591,8.0,0.0,8.0,,0.0,0.0,0.12506253126563283,0.215,856,,,,,,,
autonomy,autonomy,contextual_policy,opaque_dependency_l8,none,training,opaque,1061,2000,0.153,8.0,8.0,8.0,0.153,0.0,0.0,0.0,0.0,0.0,0.0,0.0,0.153,0.0006679063004703494,8.0,0.0,8.0,,0.0,0.0,0.15307653826913456,0.32,1504,,,,,,,
autonomy,autonomy,contextual_policy,opaque_dependency_l8,none,training,opaque,1103,2000,0.1385,8.0,8.0,8.0,0.1385,0.0,0.0,0.0,0.0,0.0,0.0,0.0,0.1385,0.0006330943002103595,8.0,0.0,8.0,,0.0,0.0,0.13856928464232116,0.27,336,,,,,,,
autonomy,autonomy,contextual_policy,opaque_dependency_l8,none,training,opaque,1151,2000,0.197,8.0,8.0,8.0,0.197,0.0,0.0,0.0,0.0,0.0,0.0,0.0,0.197,0.0006561188997438876,8.0,0.0,8.0,,0.0,0.0,0.19709854927463732,0.335,2160,,,,,,,
autonomy,autonomy,contextual_policy,opaque_dependency_l8,none,training,opaque,1201,2000,0.1955,8.0,8.0,8.0,0.1955,0.0,0.0,0.0,0.0,0.0,0.0,0.0,0.1955,0.0005933845000981819,8.0,0.0,8.0,,0.0,0.0,0.19534767383691845,0.315,3728,,,,,,,
autonomy,autonomy,contextual_policy,opaque_dependency_l8,none,training,opaque,1259,2000,0.0585,8.0,8.0,8.0,0.0585,0.0,0.0,0.0,0.0,0.0,0.0,0.0,0.0585,0.0006830368500086479,8.0,0.0,8.0,,0.0,0.0,0.058529264632316155,0.095,152,,,,,,,
autonomy,autonomy,contextual_policy,opaque_dependency_l8,none,training,opaque,1301,2000,0.1885,8.0,8.0,8.0,0.1885,0.0,0.0,0.0,0.0,0.0,0.0,0.0,0.1885,0.0006608745503908722,8.0,0.0,8.0,,0.0,0.0,0.18859429714857429,0.295,1952,,,,,,,
autonomy,autonomy,contextual_policy,opaque_dependency_l8,none,training,opaque,131,2000,0.053,8.0,8.0,8.0,0.053,0.0,0.0,0.0,0.0,0.0,0.0,0.0,0.053,0.0005324023494904395,8.0,0.0,8.0,,0.0,0.0,0.05302651325662831,0.1,808,,,,,,,
autonomy,autonomy,contextual_policy,opaque_dependency_l8,none,training,opaque,1361,2000,0.1705,8.0,8.0,8.0,0.1705,0.0,0.0,0.0,0.0,0.0,0.0,0.0,0.1705,0.0006408077505184337,8.0,0.0,8.0,,0.0,0.0,0.17058529264632316,0.295,496,,,,,,,
autonomy,autonomy,contextual_policy,opaque_dependency_l8,none,training,opaque,1423,2000,0.185,8.0,8.0,8.0,0.185,0.0,0.0,0.0,0.0,0.0,0.0,0.0,0.185,0.0006473294496099698,8.0,0.0,8.0,,0.0,0.0,0.18509254627313657,0.315,856,,,,,,,
autonomy,autonomy,contextual_policy,opaque_dependency_l8,none,training,opaque,1481,2000,0.125,8.0,8.0,8.0,0.125,0.0,0.0,0.0,0.0,0.0,0.0,0.0,0.125,0.0006252295003796462,8.0,0.0,8.0,,0.0,0.0,0.12506253126563283,0.205,1192,,,,,,,
autonomy,autonomy,contextual_policy,opaque_dependency_l8,none,training,opaque,1543,2000,0.2375,8.0,8.0,8.0,0.2375,0.0,0.0,0.0,0.0,0.0,0.0,0.0,0.2375,0.0006523375998367556,8.0,0.0,8.0,,0.0,0.0,0.23761880940470234,0.41,272,,,,,,,
autonomy,autonomy,contextual_policy,opaque_dependency_l8,none,training,opaque,1601,2000,0.2035,8.0,8.0,8.0,0.2035,0.0,0.0,0.0,0.0,0.0,0.0,0.0,0.2035,0.0006308470000949456,8.0,0.0,8.0,,0.0,0.0,0.2036018009004502,0.44,592,,,,,,,
autonomy,autonomy,contextual_policy,opaque_dependency_l8,none,training,opaque,173,2000,0.306,8.0,8.0,8.0,0.306,0.0,0.0,0.0,0.0,0.0,0.0,0.0,0.306,0.0005809732000197983,8.0,0.0,8.0,,0.0,0.0,0.30590295147573787,0.565,64,,,,,,,
autonomy,autonomy,contextual_policy,opaque_dependency_l8,none,training,opaque,211,2000,0.1345,8.0,8.0,8.0,0.1345,0.0,0.0,0.0,0.0,0.0,0.0,0.0,0.1345,0.0006376786002510926,8.0,0.0,8.0,,0.0,0.0,0.13431715857928964,0.22,736,,,,,,,
autonomy,autonomy,contextual_policy,opaque_dependency_l8,none,training,opaque,257,2000,0.182,8.0,8.0,8.0,0.182,0.0,0.0,0.0,0.0,0.0,0.0,0.0,0.182,0.0006126762500935001,8.0,0.0,8.0,,0.0,0.0,0.18184092046023012,0.295,1048,,,,,,,
autonomy,autonomy,contextual_policy,opaque_dependency_l8,none,training,opaque,307,2000,0.251,8.0,8.0,8.0,0.251,0.0,0.0,0.0,0.0,0.0,0.0,0.0,0.251,0.0006729263501038076,8.0,0.0,8.0,,0.0,0.0,0.25087543771885945,0.415,1640,,,,,,,
autonomy,autonomy,contextual_policy,opaque_dependency_l8,none,training,opaque,353,2000,0.149,8.0,8.0,8.0,0.149,0.0,0.0,0.0,0.0,0.0,0.0,0.0,0.149,0.000588763049672707,8.0,0.0,8.0,,0.0,0.0,0.14907453726863432,0.345,1672,,,,,,,
autonomy,autonomy,contextual_policy,opaque_dependency_l8,none,training,opaque,401,2000,0.306,8.0,8.0,8.0,0.306,0.0,0.0,0.0,0.0,0.0,0.0,0.0,0.306,0.0006194253001594916,8.0,0.0,8.0,,0.0,0.0,0.3061530765382691,0.495,504,,,,,,,
autonomy,autonomy,contextual_policy,opaque_dependency_l8,none,training,opaque,457,2000,0.1145,8.0,8.0,8.0,0.1145,0.0,0.0,0.0,0.0,0.0,0.0,0.0,0.1145,0.0006651962500618538,8.0,0.0,8.0,,0.0,0.0,0.11455727863931967,0.19,1376,,,,,,,
autonomy,autonomy,contextual_policy,opaque_dependency_l8,none,training,opaque,503,2000,0.3135,8.0,8.0,8.0,0.3135,0.0,0.0,0.0,0.0,0.0,0.0,0.0,0.3135,0.0006005657002096995,8.0,0.0,8.0,,0.0,0.0,0.3136568284142071,0.535,88,,,,,,,
autonomy,autonomy,contextual_policy,opaque_dependency_l8,none,training,opaque,557,2000,0.1195,8.0,8.0,8.0,0.1195,0.0,0.0,0.0,0.0,0.0,0.0,0.0,0.1195,0.0006130556504213018,8.0,0.0,8.0,,0.0,0.0,0.11955977988994497,0.19,1368,,,,,,,
autonomy,autonomy,contextual_policy,opaque_dependency_l8,none,training,opaque,601,2000,0.121,8.0,8.0,8.0,0.121,0.0,0.0,0.0,0.0,0.0,0.0,0.0,0.121,0.0006125842500478029,8.0,0.0,8.0,,0.0,0.0,0.12106053026513257,0.195,3680,,,,,,,
autonomy,autonomy,contextual_policy,opaque_dependency_l8,none,training,opaque,659,2000,0.2865,8.0,8.0,8.0,0.2865,0.0,0.0,0.0,0.0,0.0,0.0,0.0,0.2865,0.0006101956505299313,8.0,0.0,8.0,,0.0,0.0,0.2866433216608304,0.505,408,,,,,,,
autonomy,autonomy,contextual_policy,opaque_dependency_l8,none,training,opaque,701,2000,0.1285,8.0,8.0,8.0,0.1285,0.0,0.0,0.0,0.0,0.0,0.0,0.0,0.1285,0.0005733793499675812,8.0,0.0,8.0,,0.0,0.0,0.12856428214107055,0.2,1248,,,,,,,
autonomy,autonomy,contextual_policy,opaque_dependency_l8,none,training,opaque,761,2000,0.1215,8.0,8.0,8.0,0.1215,0.0,0.0,0.0,0.0,0.0,0.0,0.0,0.1215,0.0006785179497674108,8.0,0.0,8.0,,0.0,0.0,0.12131065532766383,0.21,872,,,,,,,
autonomy,autonomy,contextual_policy,opaque_dependency_l8,none,training,opaque,809,2000,0.063,8.0,8.0,8.0,0.063,0.0,0.0,0.0,0.0,0.0,0.0,0.0,0.063,0.0006271215000306256,8.0,0.0,8.0,,0.0,0.0,0.06303151575787894,0.095,1624,,,,,,,
autonomy,autonomy,contextual_policy,opaque_dependency_l8,none,training,opaque,857,2000,0.2615,8.0,8.0,8.0,0.2615,0.0,0.0,0.0,0.0,0.0,0.0,0.0,0.2615,0.0007259748501819559,8.0,0.0,8.0,,0.0,0.0,0.2613806903451726,0.52,1528,,,,,,,
autonomy,autonomy,contextual_policy,opaque_dependency_l8,none,training,opaque,907,2000,0.0635,8.0,8.0,8.0,0.0635,0.0,0.0,0.0,0.0,0.0,0.0,0.0,0.0635,0.0006369825004658196,8.0,0.0,8.0,,0.0,0.0,0.06353176588294147,0.1,2032,,,,,,,
autonomy,autonomy,contextual_policy,opaque_dependency_l8,none,training,opaque,953,2000,0.0685,8.0,8.0,8.0,0.0685,0.0,0.0,0.0,0.0,0.0,0.0,0.0,0.0685,0.0006805228003213415,8.0,0.0,8.0,,0.0,0.0,0.06828414207103552,0.12,3456,,,,,,,
autonomy,autonomy,dqn,opaque_dependency_l4,dqn:cuda,evaluation_seen,opaque,1009,200,0.25,4.0,4.0,4.0,0.25,0.0,0.0,,,,0.0,0.0,0.25,0.0014481439997325652,4.0,0.0,4.0,,0.0,0.0,,,,,,,,,,
autonomy,autonomy,dqn,opaque_dependency_l4,dqn:cuda,evaluation_seen,opaque,1061,200,0.0,4.0,4.0,4.0,0.0,0.0,0.0,,,,0.0,0.0,0.0,0.0014165915000194217,4.0,0.0,4.0,,0.0,0.0,,,,,,,,,,
autonomy,autonomy,dqn,opaque_dependency_l4,dqn:cuda,evaluation_seen,opaque,1103,200,0.0,4.0,4.0,4.0,0.0,0.0,0.0,,,,0.0,0.0,0.0,0.0014519805001327768,4.0,0.0,4.0,,0.0,0.0,,,,,,,,,,
autonomy,autonomy,dqn,opaque_dependency_l4,dqn:cuda,evaluation_seen,opaque,1151,200,0.0,4.0,4.0,4.0,0.0,0.0,0.0,,,,0.0,0.0,0.0,0.0014365630006068387,4.0,0.0,4.0,,0.0,0.0,,,,,,,,,,
autonomy,autonomy,dqn,opaque_dependency_l4,dqn:cuda,evaluation_seen,opaque,1201,200,0.0,4.0,4.0,4.0,0.0,0.0,0.0,,,,0.0,0.0,0.0,0.0014337815003818831,4.0,0.0,4.0,,0.0,0.0,,,,,,,,,,
autonomy,autonomy,dqn,opaque_dependency_l4,dqn:cuda,evaluation_seen,opaque,1259,200,0.0,4.0,4.0,4.0,0.0,0.0,0.0,,,,0.0,0.0,0.0,0.0014396609996038022,4.0,0.0,4.0,,0.0,0.0,,,,,,,,,,
autonomy,autonomy,dqn,opaque_dependency_l4,dqn:cuda,evaluation_seen,opaque,1301,200,0.0,4.0,4.0,4.0,0.0,0.0,0.0,,,,0.0,0.0,0.0,0.001429459000210045,4.0,0.0,4.0,,0.0,0.0,,,,,,,,,,
autonomy,autonomy,dqn,opaque_dependency_l4,dqn:cuda,evaluation_seen,opaque,131,200,0.0,4.0,4.0,4.0,0.0,0.0,0.0,,,,0.0,0.0,0.0,0.0017771740003081505,4.0,0.0,4.0,,0.0,0.0,,,,,,,,,,
autonomy,autonomy,dqn,opaque_dependency_l4,dqn:cuda,evaluation_seen,opaque,1361,200,0.0,4.0,4.0,4.0,0.0,0.0,0.0,,,,0.0,0.0,0.0,0.0014289315002679358,4.0,0.0,4.0,,0.0,0.0,,,,,,,,,,
autonomy,autonomy,dqn,opaque_dependency_l4,dqn:cuda,evaluation_seen,opaque,1423,200,0.0,4.0,4.0,4.0,0.0,0.0,0.0,,,,0.0,0.0,0.0,0.0014403615005721803,4.0,0.0,4.0,,0.0,0.0,,,,,,,,,,
autonomy,autonomy,dqn,opaque_dependency_l4,dqn:cuda,evaluation_seen,opaque,1481,200,0.0,4.0,4.0,4.0,0.0,0.0,0.0,,,,0.0,0.0,0.0,0.0014474925001559313,4.0,0.0,4.0,,0.0,0.0,,,,,,,,,,
autonomy,autonomy,dqn,opaque_dependency_l4,dqn:cuda,evaluation_seen,opaque,1543,200,0.0,4.0,4.0,4.0,0.0,0.0,0.0,,,,0.0,0.0,0.0,0.0014893410017248242,4.0,0.0,4.0,,0.0,0.0,,,,,,,,,,
autonomy,autonomy,dqn,opaque_dependency_l4,dqn:cuda,evaluation_seen,opaque,1601,200,0.0,4.0,4.0,4.0,0.0,0.0,0.0,,,,0.0,0.0,0.0,0.001508084999222774,4.0,0.0,4.0,,0.0,0.0,,,,,,,,,,
autonomy,autonomy,dqn,opaque_dependency_l4,dqn:cuda,evaluation_seen,opaque,173,200,0.25,4.0,4.0,4.0,0.25,0.0,0.0,,,,0.0,0.0,0.25,0.0019940985005814584,4.0,0.0,4.0,,0.0,0.0,,,,,,,,,,
autonomy,autonomy,dqn,opaque_dependency_l4,dqn:cuda,evaluation_seen,opaque,211,200,0.0,4.0,4.0,4.0,0.0,0.0,0.0,,,,0.0,0.0,0.0,0.0016537920008704533,4.0,0.0,4.0,,0.0,0.0,,,,,,,,,,
autonomy,autonomy,dqn,opaque_dependency_l4,dqn:cuda,evaluation_seen,opaque,257,200,0.0,4.0,4.0,4.0,0.0,0.0,0.0,,,,0.0,0.0,0.0,0.0014744019988575019,4.0,0.0,4.0,,0.0,0.0,,,,,,,,,,
autonomy,autonomy,dqn,opaque_dependency_l4,dqn:cuda,evaluation_seen,opaque,307,200,0.25,4.0,4.0,4.0,0.25,0.0,0.0,,,,0.0,0.0,0.25,0.0014448664996598382,4.0,0.0,4.0,,0.0,0.0,,,,,,,,,,
autonomy,autonomy,dqn,opaque_dependency_l4,dqn:cuda,evaluation_seen,opaque,353,200,0.25,4.0,4.0,4.0,0.25,0.0,0.0,,,,0.0,0.0,0.25,0.0014563894999446347,4.0,0.0,4.0,,0.0,0.0,,,,,,,,,,
autonomy,autonomy,dqn,opaque_dependency_l4,dqn:cuda,evaluation_seen,opaque,401,200,0.25,4.0,4.0,4.0,0.25,0.0,0.0,,,,0.0,0.0,0.25,0.0014398315000289585,4.0,0.0,4.0,,0.0,0.0,,,,,,,,,,
autonomy,autonomy,dqn,opaque_dependency_l4,dqn:cuda,evaluation_seen,opaque,457,200,0.25,4.0,4.0,4.0,0.25,0.0,0.0,,,,0.0,0.0,0.25,0.0014555799998925067,4.0,0.0,4.0,,0.0,0.0,,,,,,,,,,
autonomy,autonomy,dqn,opaque_dependency_l4,dqn:cuda,evaluation_seen,opaque,503,200,0.0,4.0,4.0,4.0,0.0,0.0,0.0,,,,0.0,0.0,0.0,0.0014558304993261117,4.0,0.0,4.0,,0.0,0.0,,,,,,,,,,
autonomy,autonomy,dqn,opaque_dependency_l4,dqn:cuda,evaluation_seen,opaque,557,200,0.25,4.0,4.0,4.0,0.25,0.0,0.0,,,,0.0,0.0,0.25,0.0014548809993721078,4.0,0.0,4.0,,0.0,0.0,,,,,,,,,,
autonomy,autonomy,dqn,opaque_dependency_l4,dqn:cuda,evaluation_seen,opaque,601,200,0.0,4.0,4.0,4.0,0.0,0.0,0.0,,,,0.0,0.0,0.0,0.0014612415003648494,4.0,0.0,4.0,,0.0,0.0,,,,,,,,,,
autonomy,autonomy,dqn,opaque_dependency_l4,dqn:cuda,evaluation_seen,opaque,659,200,0.5,4.0,4.0,4.0,0.5,0.0,0.0,,,,0.0,0.0,0.5,0.0014868350002507213,4.0,0.0,4.0,,0.0,0.0,,,,,,,,,,
autonomy,autonomy,dqn,opaque_dependency_l4,dqn:cuda,evaluation_seen,opaque,701,200,0.25,4.0,4.0,4.0,0.25,0.0,0.0,,,,0.0,0.0,0.25,0.0014678940006706397,4.0,0.0,4.0,,0.0,0.0,,,,,,,,,,
autonomy,autonomy,dqn,opaque_dependency_l4,dqn:cuda,evaluation_seen,opaque,761,200,0.25,4.0,4.0,4.0,0.25,0.0,0.0,,,,0.0,0.0,0.25,0.00148291049990803,4.0,0.0,4.0,,0.0,0.0,,,,,,,,,,
autonomy,autonomy,dqn,opaque_dependency_l4,dqn:cuda,evaluation_seen,opaque,809,200,0.0,4.0,4.0,4.0,0.0,0.0,0.0,,,,0.0,0.0,0.0,0.0014911975008726585,4.0,0.0,4.0,,0.0,0.0,,,,,,,,,,
autonomy,autonomy,dqn,opaque_dependency_l4,dqn:cuda,evaluation_seen,opaque,857,200,0.0,4.0,4.0,4.0,0.0,0.0,0.0,,,,0.0,0.0,0.0,0.001431564500380773,4.0,0.0,4.0,,0.0,0.0,,,,,,,,,,
autonomy,autonomy,dqn,opaque_dependency_l4,dqn:cuda,evaluation_seen,opaque,907,200,0.0,4.0,4.0,4.0,0.0,0.0,0.0,,,,0.0,0.0,0.0,0.0014335044994368217,4.0,0.0,4.0,,0.0,0.0,,,,,,,,,,
autonomy,autonomy,dqn,opaque_dependency_l4,dqn:cuda,evaluation_seen,opaque,953,200,0.25,4.0,4.0,4.0,0.25,0.0,0.0,,,,0.0,0.0,0.25,0.001458341998659307,4.0,0.0,4.0,,0.0,0.0,,,,,,,,,,
autonomy,autonomy,dqn,opaque_dependency_l4,dqn:cuda,evaluation_unseen_zero_shot,opaque,1009,200,0.0,4.0,4.0,4.0,0.0,0.0,0.0,,,,0.0,0.0,0.0,0.0015959455005940982,4.0,0.0,4.0,,0.0,0.0,,,,,,,,,,
autonomy,autonomy,dqn,opaque_dependency_l4,dqn:cuda,evaluation_unseen_zero_shot,opaque,1061,200,0.125,4.0,4.0,4.0,0.125,0.0,0.0,,,,0.0,0.0,0.125,0.0014347495009133127,4.0,0.0,4.0,,0.0,0.0,,,,,,,,,,
autonomy,autonomy,dqn,opaque_dependency_l4,dqn:cuda,evaluation_unseen_zero_shot,opaque,1103,200,0.0,4.0,4.0,4.0,0.0,0.0,0.0,,,,0.0,0.0,0.0,0.0014715620008064435,4.0,0.0,4.0,,0.0,0.0,,,,,,,,,,
autonomy,autonomy,dqn,opaque_dependency_l4,dqn:cuda,evaluation_unseen_zero_shot,opaque,1151,200,0.0,4.0,4.0,4.0,0.0,0.0,0.0,,,,0.0,0.0,0.0,0.00149652049964061,4.0,0.0,4.0,,0.0,0.0,,,,,,,,,,
autonomy,autonomy,dqn,opaque_dependency_l4,dqn:cuda,evaluation_unseen_zero_shot,opaque,1201,200,0.0,4.0,4.0,4.0,0.0,0.0,0.0,,,,0.0,0.0,0.0,0.0018575540013262071,4.0,0.0,4.0,,0.0,0.0,,,,,,,,,,
autonomy,autonomy,dqn,opaque_dependency_l4,dqn:cuda,evaluation_unseen_zero_shot,opaque,1259,200,0.0,4.0,4.0,4.0,0.0,0.0,0.0,,,,0.0,0.0,0.0,0.0014491095012635923,4.0,0.0,4.0,,0.0,0.0,,,,,,,,,,
autonomy,autonomy,dqn,opaque_dependency_l4,dqn:cuda,evaluation_unseen_zero_shot,opaque,1301,200,0.25,4.0,4.0,4.0,0.25,0.0,0.0,,,,0.0,0.0,0.25,0.0014559250017919113,4.0,0.0,4.0,,0.0,0.0,,,,,,,,,,
autonomy,autonomy,dqn,opaque_dependency_l4,dqn:cuda,evaluation_unseen_zero_shot,opaque,131,200,0.125,4.0,4.0,4.0,0.125,0.0,0.0,,,,0.0,0.0,0.125,0.0018793095002183691,4.0,0.0,4.0,,0.0,0.0,,,,,,,,,,
autonomy,autonomy,dqn,opaque_dependency_l4,dqn:cuda,evaluation_unseen_zero_shot,opaque,1361,200,0.125,4.0,4.0,4.0,0.125,0.0,0.0,,,,0.0,0.0,0.125,0.0014384490018710494,4.0,0.0,4.0,,0.0,0.0,,,,,,,,,,
autonomy,autonomy,dqn,opaque_dependency_l4,dqn:cuda,evaluation_unseen_zero_shot,opaque,1423,200,0.0,4.0,4.0,4.0,0.0,0.0,0.0,,,,0.0,0.0,0.0,0.001444082499947399,4.0,0.0,4.0,,0.0,0.0,,,,,,,,,,
autonomy,autonomy,dqn,opaque_dependency_l4,dqn:cuda,evaluation_unseen_zero_shot,opaque,1481,200,0.125,4.0,4.0,4.0,0.125,0.0,0.0,,,,0.0,0.0,0.125,0.0014281050006684382,4.0,0.0,4.0,,0.0,0.0,,,,,,,,,,
autonomy,autonomy,dqn,opaque_dependency_l4,dqn:cuda,evaluation_unseen_zero_shot,opaque,1543,200,0.0,4.0,4.0,4.0,0.0,0.0,0.0,,,,0.0,0.0,0.0,0.0014443484993535093,4.0,0.0,4.0,,0.0,0.0,,,,,,,,,,
autonomy,autonomy,dqn,opaque_dependency_l4,dqn:cuda,evaluation_unseen_zero_shot,opaque,1601,200,0.125,4.0,4.0,4.0,0.125,0.0,0.0,,,,0.0,0.0,0.125,0.001449776500085136,4.0,0.0,4.0,,0.0,0.0,,,,,,,,,,
autonomy,autonomy,dqn,opaque_dependency_l4,dqn:cuda,evaluation_unseen_zero_shot,opaque,173,200,0.0,4.0,4.0,4.0,0.0,0.0,0.0,,,,0.0,0.0,0.0,0.0018238009988272097,4.0,0.0,4.0,,0.0,0.0,,,,,,,,,,
autonomy,autonomy,dqn,opaque_dependency_l4,dqn:cuda,evaluation_unseen_zero_shot,opaque,211,200,0.0,4.0,4.0,4.0,0.0,0.0,0.0,,,,0.0,0.0,0.0,0.0016921454992552753,4.0,0.0,4.0,,0.0,0.0,,,,,,,,,,
autonomy,autonomy,dqn,opaque_dependency_l4,dqn:cuda,evaluation_unseen_zero_shot,opaque,257,200,0.125,4.0,4.0,4.0,0.125,0.0,0.0,,,,0.0,0.0,0.125,0.0014606689993524923,4.0,0.0,4.0,,0.0,0.0,,,,,,,,,,
autonomy,autonomy,dqn,opaque_dependency_l4,dqn:cuda,evaluation_unseen_zero_shot,opaque,307,200,0.0,4.0,4.0,4.0,0.0,0.0,0.0,,,,0.0,0.0,0.0,0.0014575050001440105,4.0,0.0,4.0,,0.0,0.0,,,,,,,,,,
autonomy,autonomy,dqn,opaque_dependency_l4,dqn:cuda,evaluation_unseen_zero_shot,opaque,353,200,0.0,4.0,4.0,4.0,0.0,0.0,0.0,,,,0.0,0.0,0.0,0.001463910499442136,4.0,0.0,4.0,,0.0,0.0,,,,,,,,,,
autonomy,autonomy,dqn,opaque_dependency_l4,dqn:cuda,evaluation_unseen_zero_shot,opaque,401,200,0.0,4.0,4.0,4.0,0.0,0.0,0.0,,,,0.0,0.0,0.0,0.0014625235005223658,4.0,0.0,4.0,,0.0,0.0,,,,,,,,,,
autonomy,autonomy,dqn,opaque_dependency_l4,dqn:cuda,evaluation_unseen_zero_shot,opaque,457,200,0.0,4.0,4.0,4.0,0.0,0.0,0.0,,,,0.0,0.0,0.0,0.0014504139994096477,4.0,0.0,4.0,,0.0,0.0,,,,,,,,,,
autonomy,autonomy,dqn,opaque_dependency_l4,dqn:cuda,evaluation_unseen_zero_shot,opaque,503,200,0.0,4.0,4.0,4.0,0.0,0.0,0.0,,,,0.0,0.0,0.0,0.0018182230001548305,4.0,0.0,4.0,,0.0,0.0,,,,,,,,,,
autonomy,autonomy,dqn,opaque_dependency_l4,dqn:cuda,evaluation_unseen_zero_shot,opaque,557,200,0.0,4.0,4.0,4.0,0.0,0.0,0.0,,,,0.0,0.0,0.0,0.0014530194997496436,4.0,0.0,4.0,,0.0,0.0,,,,,,,,,,
autonomy,autonomy,dqn,opaque_dependency_l4,dqn:cuda,evaluation_unseen_zero_shot,opaque,601,200,0.0,4.0,4.0,4.0,0.0,0.0,0.0,,,,0.0,0.0,0.0,0.0014524104987503961,4.0,0.0,4.0,,0.0,0.0,,,,,,,,,,
autonomy,autonomy,dqn,opaque_dependency_l4,dqn:cuda,evaluation_unseen_zero_shot,opaque,659,200,0.0,4.0,4.0,4.0,0.0,0.0,0.0,,,,0.0,0.0,0.0,0.0014697329998307395,4.0,0.0,4.0,,0.0,0.0,,,,,,,,,,
autonomy,autonomy,dqn,opaque_dependency_l4,dqn:cuda,evaluation_unseen_zero_shot,opaque,701,200,0.0,4.0,4.0,4.0,0.0,0.0,0.0,,,,0.0,0.0,0.0,0.0014480145012203138,4.0,0.0,4.0,,0.0,0.0,,,,,,,,,,
autonomy,autonomy,dqn,opaque_dependency_l4,dqn:cuda,evaluation_unseen_zero_shot,opaque,761,200,0.0,4.0,4.0,4.0,0.0,0.0,0.0,,,,0.0,0.0,0.0,0.001467320001393091,4.0,0.0,4.0,,0.0,0.0,,,,,,,,,,
autonomy,autonomy,dqn,opaque_dependency_l4,dqn:cuda,evaluation_unseen_zero_shot,opaque,809,200,0.0,4.0,4.0,4.0,0.0,0.0,0.0,,,,0.0,0.0,0.0,0.0014852794996113516,4.0,0.0,4.0,,0.0,0.0,,,,,,,,,,
autonomy,autonomy,dqn,opaque_dependency_l4,dqn:cuda,evaluation_unseen_zero_shot,opaque,857,200,0.0,4.0,4.0,4.0,0.0,0.0,0.0,,,,0.0,0.0,0.0,0.0014491750005981884,4.0,0.0,4.0,,0.0,0.0,,,,,,,,,,
autonomy,autonomy,dqn,opaque_dependency_l4,dqn:cuda,evaluation_unseen_zero_shot,opaque,907,200,0.0,4.0,4.0,4.0,0.0,0.0,0.0,,,,0.0,0.0,0.0,0.0014456904993858188,4.0,0.0,4.0,,0.0,0.0,,,,,,,,,,
autonomy,autonomy,dqn,opaque_dependency_l4,dqn:cuda,evaluation_unseen_zero_shot,opaque,953,200,0.0,4.0,4.0,4.0,0.0,0.0,0.0,,,,0.0,0.0,0.0,0.0014363764991867356,4.0,0.0,4.0,,0.0,0.0,,,,,,,,,,
autonomy,autonomy,dqn,opaque_dependency_l4,dqn:cuda,training,opaque,1009,2000,0.309,4.0,4.0,4.0,0.309,0.0,0.0,0.0,0.0,0.0,0.0,0.0,0.309,0.005107583749617333,4.0,0.0,4.0,,0.0,0.0,0.30890445222611307,0.53,40,,,,,,,
autonomy,autonomy,dqn,opaque_dependency_l4,dqn:cuda,training,opaque,1061,2000,0.121,4.0,4.0,4.0,0.121,0.0,0.0,0.0,0.0,0.0,0.0,0.0,0.121,0.004924886850014445,4.0,0.0,4.0,,0.0,0.0,0.12106053026513257,0.24,112,,,,,,,
autonomy,autonomy,dqn,opaque_dependency_l4,dqn:cuda,training,opaque,1103,2000,0.108,4.0,4.0,4.0,0.108,0.0,0.0,0.0,0.0,0.0,0.0,0.0,0.108,0.004877511150203645,4.0,0.0,4.0,,0.0,0.0,0.10805402701350675,0.24,40,,,,,,,
autonomy,autonomy,dqn,opaque_dependency_l4,dqn:cuda,training,opaque,1151,2000,0.169,4.0,4.0,4.0,0.169,0.0,0.0,0.0,0.0,0.0,0.0,0.0,0.169,0.00519129085005261,4.0,0.0,4.0,,0.0,0.0,0.16908454227113556,0.305,12,,,,,,,
autonomy,autonomy,dqn,opaque_dependency_l4,dqn:cuda,training,opaque,1201,2000,0.122,4.0,4.0,4.0,0.122,0.0,0.0,0.0,0.0,0.0,0.0,0.0,0.122,0.004858298299965099,4.0,0.0,4.0,,0.0,0.0,0.12206103051525763,0.165,20,,,,,,,
autonomy,autonomy,dqn,opaque_dependency_l4,dqn:cuda,training,opaque,1259,2000,0.3,4.0,4.0,4.0,0.3,0.0,0.0,0.0,0.0,0.0,0.0,0.0,0.3,0.005098782950051828,4.0,0.0,4.0,,0.0,0.0,0.2998999499749875,0.685,108,,,,,,,
autonomy,autonomy,dqn,opaque_dependency_l4,dqn:cuda,training,opaque,1301,2000,0.235,4.0,4.0,4.0,0.235,0.0,0.0,0.0,0.0,0.0,0.0,0.0,0.235,0.004950674649589928,4.0,0.0,4.0,,0.0,0.0,0.2351175587793897,0.46,84,,,,,,,
autonomy,autonomy,dqn,opaque_dependency_l4,dqn:cuda,training,opaque,131,2000,0.1845,4.0,4.0,4.0,0.1845,0.0,0.0,0.0,0.0,0.0,0.0,0.0,0.1845,0.006377303650093381,4.0,0.0,4.0,,0.0,0.0,0.18459229614807404,0.345,232,,,,,,,
autonomy,autonomy,dqn,opaque_dependency_l4,dqn:cuda,training,opaque,1361,2000,0.103,4.0,4.0,4.0,0.103,0.0,0.0,0.0,0.0,0.0,0.0,0.0,0.103,0.005180621099541895,4.0,0.0,4.0,,0.0,0.0,0.10305152576288144,0.115,20,,,,,,,
autonomy,autonomy,dqn,opaque_dependency_l4,dqn:cuda,training,opaque,1423,2000,0.096,4.0,4.0,4.0,0.096,0.0,0.0,0.0,0.0,0.0,0.0,0.0,0.096,0.004920071149899741,4.0,0.0,4.0,,0.0,0.0,0.096048024012006,0.06,32,,,,,,,
autonomy,autonomy,dqn,opaque_dependency_l4,dqn:cuda,training,opaque,1481,2000,0.1455,4.0,4.0,4.0,0.1455,0.0,0.0,0.0,0.0,0.0,0.0,0.0,0.1455,0.004936966450070031,4.0,0.0,4.0,,0.0,0.0,0.1455727863931966,0.215,8,,,,,,,
autonomy,autonomy,dqn,opaque_dependency_l4,dqn:cuda,training,opaque,1543,2000,0.0965,4.0,4.0,4.0,0.0965,0.0,0.0,0.0,0.0,0.0,0.0,0.0,0.0965,0.004849970250099432,4.0,0.0,4.0,,0.0,0.0,0.09654827413706854,0.12,32,,,,,,,
autonomy,autonomy,dqn,opaque_dependency_l4,dqn:cuda,training,opaque,1601,2000,0.206,4.0,4.0,4.0,0.206,0.0,0.0,0.0,0.0,0.0,0.0,0.0,0.206,0.0053439188499760345,4.0,0.0,4.0,,0.0,0.0,0.2061030515257629,0.355,120,,,,,,,
autonomy,autonomy,dqn,opaque_dependency_l4,dqn:cuda,training,opaque,173,2000,0.119,4.0,4.0,4.0,0.119,0.0,0.0,0.0,0.0,0.0,0.0,0.0,0.119,0.006958724449810688,4.0,0.0,4.0,,0.0,0.0,0.11880940470235117,0.225,16,,,,,,,
autonomy,autonomy,dqn,opaque_dependency_l4,dqn:cuda,training,opaque,211,2000,0.3135,4.0,4.0,4.0,0.3135,0.0,0.0,0.0,0.0,0.0,0.0,0.0,0.3135,0.006275024399947142,4.0,0.0,4.0,,0.0,0.0,0.31340670335167586,0.445,44,,,,,,,
autonomy,autonomy,dqn,opaque_dependency_l4,dqn:cuda,training,opaque,257,2000,0.0975,4.0,4.0,4.0,0.0975,0.0,0.0,0.0,0.0,0.0,0.0,0.0,0.0975,0.004965984050155385,4.0,0.0,4.0,,0.0,0.0,0.0975487743871936,0.13,24,,,,,,,
autonomy,autonomy,dqn,opaque_dependency_l4,dqn:cuda,training,opaque,307,2000,0.142,4.0,4.0,4.0,0.142,0.0,0.0,0.0,0.0,0.0,0.0,0.0,0.142,0.004909485200128984,4.0,0.0,4.0,,0.0,0.0,0.1418209104552276,0.345,132,,,,,,,
autonomy,autonomy,dqn,opaque_dependency_l4,dqn:cuda,training,opaque,353,2000,0.028,4.0,4.0,4.0,0.028,0.0,0.0,0.0,0.0,0.0,0.0,0.0,0.028,0.004891465700027766,4.0,0.0,4.0,,0.0,0.0,0.02801400700350175,0.015,128,,,,,,,
autonomy,autonomy,dqn,opaque_dependency_l4,dqn:cuda,training,opaque,401,2000,0.2165,4.0,4.0,4.0,0.2165,0.0,0.0,0.0,0.0,0.0,0.0,0.0,0.2165,0.004905441600058112,4.0,0.0,4.0,,0.0,0.0,0.21635817908954477,0.52,172,,,,,,,
autonomy,autonomy,dqn,opaque_dependency_l4,dqn:cuda,training,opaque,457,2000,0.218,4.0,4.0,4.0,0.218,0.0,0.0,0.0,0.0,0.0,0.0,0.0,0.218,0.004937168799500796,4.0,0.0,4.0,,0.0,0.0,0.21785892946473237,0.305,16,,,,,,,
autonomy,autonomy,dqn,opaque_dependency_l4,dqn:cuda,training,opaque,503,2000,0.1155,4.0,4.0,4.0,0.1155,0.0,0.0,0.0,0.0,0.0,0.0,0.0,0.1155,0.004824774349675863,4.0,0.0,4.0,,0.0,0.0,0.11530765382691345,0.235,16,,,,,,,
autonomy,autonomy,dqn,opaque_dependency_l4,dqn:cuda,training,opaque,557,2000,0.1155,4.0,4.0,4.0,0.1155,0.0,0.0,0.0,0.0,0.0,0.0,0.0,0.1155,0.005005245700216619,4.0,0.0,4.0,,0.0,0.0,0.11555777888944473,0.16,100,,,,,,,
autonomy,autonomy,dqn,opaque_dependency_l4,dqn:cuda,training,opaque,601,2000,0.0995,4.0,4.0,4.0,0.0995,0.0,0.0,0.0,0.0,0.0,0.0,0.0,0.0995,0.00506487614964135,4.0,0.0,4.0,,0.0,0.0,0.09954977488744372,0.12,16,,,,,,,
autonomy,autonomy,dqn,opaque_dependency_l4,dqn:cuda,training,opaque,659,2000,0.181,4.0,4.0,4.0,0.181,0.0,0.0,0.0,0.0,0.0,0.0,0.0,0.181,0.004896727999526775,4.0,0.0,4.0,,0.0,0.0,0.18084042021010505,0.22,12,,,,,,,
autonomy,autonomy,dqn,opaque_dependency_l4,dqn:cuda,training,opaque,701,2000,0.1855,4.0,4.0,4.0,0.1855,0.0,0.0,0.0,0.0,0.0,0.0,0.0,0.1855,0.0048811948501388544,4.0,0.0,4.0,,0.0,0.0,0.1855927963981991,0.28,32,,,,,,,
autonomy,autonomy,dqn,opaque_dependency_l4,dqn:cuda,training,opaque,761,2000,0.2185,4.0,4.0,4.0,0.2185,0.0,0.0,0.0,0.0,0.0,0.0,0.0,0.2185,0.004934159550466575,4.0,0.0,4.0,,0.0,0.0,0.2183591795897949,0.255,168,,,,,,,
autonomy,autonomy,dqn,opaque_dependency_l4,dqn:cuda,training,opaque,809,2000,0.138,4.0,4.0,4.0,0.138,0.0,0.0,0.0,0.0,0.0,0.0,0.0,0.138,0.005352694749832154,4.0,0.0,4.0,,0.0,0.0,0.13781890945472736,0.335,140,,,,,,,
autonomy,autonomy,dqn,opaque_dependency_l4,dqn:cuda,training,opaque,857,2000,0.1345,4.0,4.0,4.0,0.1345,0.0,0.0,0.0,0.0,0.0,0.0,0.0,0.1345,0.004838566149890539,4.0,0.0,4.0,,0.0,0.0,0.13431715857928964,0.335,68,,,,,,,
autonomy,autonomy,dqn,opaque_dependency_l4,dqn:cuda,training,opaque,907,2000,0.1095,4.0,4.0,4.0,0.1095,0.0,0.0,0.0,0.0,0.0,0.0,0.0,0.1095,0.004956689499900677,4.0,0.0,4.0,,0.0,0.0,0.10955477738869435,0.165,40,,,,,,,
autonomy,autonomy,dqn,opaque_dependency_l4,dqn:cuda,training,opaque,953,2000,0.182,4.0,4.0,4.0,0.182,0.0,0.0,0.0,0.0,0.0,0.0,0.0,0.182,0.004870225249818759,4.0,0.0,4.0,,0.0,0.0,0.18184092046023012,0.25,40,,,,,,,
autonomy,autonomy,dqn,opaque_dependency_l6,dqn:cuda,evaluation_seen,opaque,1009,200,0.0,6.0,6.0,6.0,0.0,0.0,0.0,,,,0.0,0.0,0.0,0.0021995594998588785,6.0,0.0,6.0,,0.0,0.0,,,,,,,,,,
autonomy,autonomy,dqn,opaque_dependency_l6,dqn:cuda,evaluation_seen,opaque,1061,200,0.0,6.0,6.0,6.0,0.0,0.0,0.0,,,,0.0,0.0,0.0,0.0023078855010680854,6.0,0.0,6.0,,0.0,0.0,,,,,,,,,,
autonomy,autonomy,dqn,opaque_dependency_l6,dqn:cuda,evaluation_seen,opaque,1103,200,0.0,6.0,6.0,6.0,0.0,0.0,0.0,,,,0.0,0.0,0.0,0.0021789005000027828,6.0,0.0,6.0,,0.0,0.0,,,,,,,,,,
autonomy,autonomy,dqn,opaque_dependency_l6,dqn:cuda,evaluation_seen,opaque,1151,200,0.0,6.0,6.0,6.0,0.0,0.0,0.0,,,,0.0,0.0,0.0,0.002181789999449393,6.0,0.0,6.0,,0.0,0.0,,,,,,,,,,
autonomy,autonomy,dqn,opaque_dependency_l6,dqn:cuda,evaluation_seen,opaque,1201,200,0.0,6.0,6.0,6.0,0.0,0.0,0.0,,,,0.0,0.0,0.0,0.002228098001651233,6.0,0.0,6.0,,0.0,0.0,,,,,,,,,,
autonomy,autonomy,dqn,opaque_dependency_l6,dqn:cuda,evaluation_seen,opaque,1259,200,0.0,6.0,6.0,6.0,0.0,0.0,0.0,,,,0.0,0.0,0.0,0.002153589500376256,6.0,0.0,6.0,,0.0,0.0,,,,,,,,,,
autonomy,autonomy,dqn,opaque_dependency_l6,dqn:cuda,evaluation_seen,opaque,1301,200,0.0,6.0,6.0,6.0,0.0,0.0,0.0,,,,0.0,0.0,0.0,0.002268817499425495,6.0,0.0,6.0,,0.0,0.0,,,,,,,,,,
autonomy,autonomy,dqn,opaque_dependency_l6,dqn:cuda,evaluation_seen,opaque,131,200,0.0,6.0,6.0,6.0,0.0,0.0,0.0,,,,0.0,0.0,0.0,0.0025672485005634373,6.0,0.0,6.0,,0.0,0.0,,,,,,,,,,
autonomy,autonomy,dqn,opaque_dependency_l6,dqn:cuda,evaluation_seen,opaque,1361,200,0.0,6.0,6.0,6.0,0.0,0.0,0.0,,,,0.0,0.0,0.0,0.002223330001725117,6.0,0.0,6.0,,0.0,0.0,,,,,,,,,,
autonomy,autonomy,dqn,opaque_dependency_l6,dqn:cuda,evaluation_seen,opaque,1423,200,0.0,6.0,6.0,6.0,0.0,0.0,0.0,,,,0.0,0.0,0.0,0.002091787998069776,6.0,0.0,6.0,,0.0,0.0,,,,,,,,,,
autonomy,autonomy,dqn,opaque_dependency_l6,dqn:cuda,evaluation_seen,opaque,1481,200,0.0,6.0,6.0,6.0,0.0,0.0,0.0,,,,0.0,0.0,0.0,0.0021768740013067144,6.0,0.0,6.0,,0.0,0.0,,,,,,,,,,
autonomy,autonomy,dqn,opaque_dependency_l6,dqn:cuda,evaluation_seen,opaque,1543,200,0.0,6.0,6.0,6.0,0.0,0.0,0.0,,,,0.0,0.0,0.0,0.002186551998456707,6.0,0.0,6.0,,0.0,0.0,,,,,,,,,,
autonomy,autonomy,dqn,opaque_dependency_l6,dqn:cuda,evaluation_seen,opaque,1601,200,0.0,6.0,6.0,6.0,0.0,0.0,0.0,,,,0.0,0.0,0.0,0.0021551434991124553,6.0,0.0,6.0,,0.0,0.0,,,,,,,,,,
autonomy,autonomy,dqn,opaque_dependency_l6,dqn:cuda,evaluation_seen,opaque,173,200,0.0,6.0,6.0,6.0,0.0,0.0,0.0,,,,0.0,0.0,0.0,0.003021144500380615,6.0,0.0,6.0,,0.0,0.0,,,,,,,,,,
autonomy,autonomy,dqn,opaque_dependency_l6,dqn:cuda,evaluation_seen,opaque,211,200,0.0,6.0,6.0,6.0,0.0,0.0,0.0,,,,0.0,0.0,0.0,0.00223231699957978,6.0,0.0,6.0,,0.0,0.0,,,,,,,,,,
autonomy,autonomy,dqn,opaque_dependency_l6,dqn:cuda,evaluation_seen,opaque,257,200,0.0,6.0,6.0,6.0,0.0,0.0,0.0,,,,0.0,0.0,0.0,0.00266498550074175,6.0,0.0,6.0,,0.0,0.0,,,,,,,,,,
autonomy,autonomy,dqn,opaque_dependency_l6,dqn:cuda,evaluation_seen,opaque,307,200,0.0,6.0,6.0,6.0,0.0,0.0,0.0,,,,0.0,0.0,0.0,0.0022049210013938138,6.0,0.0,6.0,,0.0,0.0,,,,,,,,,,
autonomy,autonomy,dqn,opaque_dependency_l6,dqn:cuda,evaluation_seen,opaque,353,200,0.0,6.0,6.0,6.0,0.0,0.0,0.0,,,,0.0,0.0,0.0,0.00214168650098145,6.0,0.0,6.0,,0.0,0.0,,,,,,,,,,
autonomy,autonomy,dqn,opaque_dependency_l6,dqn:cuda,evaluation_seen,opaque,401,200,0.0,6.0,6.0,6.0,0.0,0.0,0.0,,,,0.0,0.0,0.0,0.0021468369996000547,6.0,0.0,6.0,,0.0,0.0,,,,,,,,,,
autonomy,autonomy,dqn,opaque_dependency_l6,dqn:cuda,evaluation_seen,opaque,457,200,0.0,6.0,6.0,6.0,0.0,0.0,0.0,,,,0.0,0.0,0.0,0.002199154001136776,6.0,0.0,6.0,,0.0,0.0,,,,,,,,,,
autonomy,autonomy,dqn,opaque_dependency_l6,dqn:cuda,evaluation_seen,opaque,503,200,0.0,6.0,6.0,6.0,0.0,0.0,0.0,,,,0.0,0.0,0.0,0.002296365499641979,6.0,0.0,6.0,,0.0,0.0,,,,,,,,,,
autonomy,autonomy,dqn,opaque_dependency_l6,dqn:cuda,evaluation_seen,opaque,557,200,0.0,6.0,6.0,6.0,0.0,0.0,0.0,,,,0.0,0.0,0.0,0.0021729149989550933,6.0,0.0,6.0,,0.0,0.0,,,,,,,,,,
autonomy,autonomy,dqn,opaque_dependency_l6,dqn:cuda,evaluation_seen,opaque,601,200,0.0,6.0,6.0,6.0,0.0,0.0,0.0,,,,0.0,0.0,0.0,0.002165075499942759,6.0,0.0,6.0,,0.0,0.0,,,,,,,,,,
autonomy,autonomy,dqn,opaque_dependency_l6,dqn:cuda,evaluation_seen,opaque,659,200,0.0,6.0,6.0,6.0,0.0,0.0,0.0,,,,0.0,0.0,0.0,0.002185362000600435,6.0,0.0,6.0,,0.0,0.0,,,,,,,,,,
autonomy,autonomy,dqn,opaque_dependency_l6,dqn:cuda,evaluation_seen,opaque,701,200,0.0,6.0,6.0,6.0,0.0,0.0,0.0,,,,0.0,0.0,0.0,0.0021738570005982185,6.0,0.0,6.0,,0.0,0.0,,,,,,,,,,
autonomy,autonomy,dqn,opaque_dependency_l6,dqn:cuda,evaluation_seen,opaque,761,200,0.0,6.0,6.0,6.0,0.0,0.0,0.0,,,,0.0,0.0,0.0,0.0021531804991536774,6.0,0.0,6.0,,0.0,0.0,,,,,,,,,,
autonomy,autonomy,dqn,opaque_dependency_l6,dqn:cuda,evaluation_seen,opaque,809,200,0.0,6.0,6.0,6.0,0.0,0.0,0.0,,,,0.0,0.0,0.0,0.002168657500296831,6.0,0.0,6.0,,0.0,0.0,,,,,,,,,,
autonomy,autonomy,dqn,opaque_dependency_l6,dqn:cuda,evaluation_seen,opaque,857,200,0.0,6.0,6.0,6.0,0.0,0.0,0.0,,,,0.0,0.0,0.0,0.0026648194999143015,6.0,0.0,6.0,,0.0,0.0,,,,,,,,,,
autonomy,autonomy,dqn,opaque_dependency_l6,dqn:cuda,evaluation_seen,opaque,907,200,0.0,6.0,6.0,6.0,0.0,0.0,0.0,,,,0.0,0.0,0.0,0.0021671880007488654,6.0,0.0,6.0,,0.0,0.0,,,,,,,,,,
autonomy,autonomy,dqn,opaque_dependency_l6,dqn:cuda,evaluation_seen,opaque,953,200,0.0,6.0,6.0,6.0,0.0,0.0,0.0,,,,0.0,0.0,0.0,0.0021433030016487463,6.0,0.0,6.0,,0.0,0.0,,,,,,,,,,
autonomy,autonomy,dqn,opaque_dependency_l6,dqn:cuda,evaluation_unseen_zero_shot,opaque,1009,200,0.0,6.0,6.0,6.0,0.0,0.0,0.0,,,,0.0,0.0,0.0,0.0021983644996362273,6.0,0.0,6.0,,0.0,0.0,,,,,,,,,,
autonomy,autonomy,dqn,opaque_dependency_l6,dqn:cuda,evaluation_unseen_zero_shot,opaque,1061,200,0.0,6.0,6.0,6.0,0.0,0.0,0.0,,,,0.0,0.0,0.0,0.0023292904991831166,6.0,0.0,6.0,,0.0,0.0,,,,,,,,,,
autonomy,autonomy,dqn,opaque_dependency_l6,dqn:cuda,evaluation_unseen_zero_shot,opaque,1103,200,0.0,6.0,6.0,6.0,0.0,0.0,0.0,,,,0.0,0.0,0.0,0.002162076501554111,6.0,0.0,6.0,,0.0,0.0,,,,,,,,,,
autonomy,autonomy,dqn,opaque_dependency_l6,dqn:cuda,evaluation_unseen_zero_shot,opaque,1151,200,0.0,6.0,6.0,6.0,0.0,0.0,0.0,,,,0.0,0.0,0.0,0.0021369479988061356,6.0,0.0,6.0,,0.0,0.0,,,,,,,,,,
autonomy,autonomy,dqn,opaque_dependency_l6,dqn:cuda,evaluation_unseen_zero_shot,opaque,1201,200,0.0,6.0,6.0,6.0,0.0,0.0,0.0,,,,0.0,0.0,0.0,0.002176681499404367,6.0,0.0,6.0,,0.0,0.0,,,,,,,,,,
autonomy,autonomy,dqn,opaque_dependency_l6,dqn:cuda,evaluation_unseen_zero_shot,opaque,1259,200,0.0,6.0,6.0,6.0,0.0,0.0,0.0,,,,0.0,0.0,0.0,0.002161687999323476,6.0,0.0,6.0,,0.0,0.0,,,,,,,,,,
autonomy,autonomy,dqn,opaque_dependency_l6,dqn:cuda,evaluation_unseen_zero_shot,opaque,1301,200,0.0,6.0,6.0,6.0,0.0,0.0,0.0,,,,0.0,0.0,0.0,0.0022227714989276138,6.0,0.0,6.0,,0.0,0.0,,,,,,,,,,
autonomy,autonomy,dqn,opaque_dependency_l6,dqn:cuda,evaluation_unseen_zero_shot,opaque,131,200,0.0,6.0,6.0,6.0,0.0,0.0,0.0,,,,0.0,0.0,0.0,0.0024896010005613788,6.0,0.0,6.0,,0.0,0.0,,,,,,,,,,
autonomy,autonomy,dqn,opaque_dependency_l6,dqn:cuda,evaluation_unseen_zero_shot,opaque,1361,200,0.0,6.0,6.0,6.0,0.0,0.0,0.0,,,,0.0,0.0,0.0,0.002166629001585534,6.0,0.0,6.0,,0.0,0.0,,,,,,,,,,
autonomy,autonomy,dqn,opaque_dependency_l6,dqn:cuda,evaluation_unseen_zero_shot,opaque,1423,200,0.0,6.0,6.0,6.0,0.0,0.0,0.0,,,,0.0,0.0,0.0,0.0021962319999875037,6.0,0.0,6.0,,0.0,0.0,,,,,,,,,,
autonomy,autonomy,dqn,opaque_dependency_l6,dqn:cuda,evaluation_unseen_zero_shot,opaque,1481,200,0.0,6.0,6.0,6.0,0.0,0.0,0.0,,,,0.0,0.0,0.0,0.0021754379995400086,6.0,0.0,6.0,,0.0,0.0,,,,,,,,,,
autonomy,autonomy,dqn,opaque_dependency_l6,dqn:cuda,evaluation_unseen_zero_shot,opaque,1543,200,0.0,6.0,6.0,6.0,0.0,0.0,0.0,,,,0.0,0.0,0.0,0.002184075999975903,6.0,0.0,6.0,,0.0,0.0,,,,,,,,,,
autonomy,autonomy,dqn,opaque_dependency_l6,dqn:cuda,evaluation_unseen_zero_shot,opaque,1601,200,0.0,6.0,6.0,6.0,0.0,0.0,0.0,,,,0.0,0.0,0.0,0.002491025500348769,6.0,0.0,6.0,,0.0,0.0,,,,,,,,,,
autonomy,autonomy,dqn,opaque_dependency_l6,dqn:cuda,evaluation_unseen_zero_shot,opaque,173,200,0.0,6.0,6.0,6.0,0.0,0.0,0.0,,,,0.0,0.0,0.0,0.002227065000188304,6.0,0.0,6.0,,0.0,0.0,,,,,,,,,,
autonomy,autonomy,dqn,opaque_dependency_l6,dqn:cuda,evaluation_unseen_zero_shot,opaque,211,200,0.0,6.0,6.0,6.0,0.0,0.0,0.0,,,,0.0,0.0,0.0,0.0022039354991284198,6.0,0.0,6.0,,0.0,0.0,,,,,,,,,,
autonomy,autonomy,dqn,opaque_dependency_l6,dqn:cuda,evaluation_unseen_zero_shot,opaque,257,200,0.0,6.0,6.0,6.0,0.0,0.0,0.0,,,,0.0,0.0,0.0,0.002300257999886526,6.0,0.0,6.0,,0.0,0.0,,,,,,,,,,
autonomy,autonomy,dqn,opaque_dependency_l6,dqn:cuda,evaluation_unseen_zero_shot,opaque,307,200,0.0,6.0,6.0,6.0,0.0,0.0,0.0,,,,0.0,0.0,0.0,0.0021870394999859853,6.0,0.0,6.0,,0.0,0.0,,,,,,,,,,
autonomy,autonomy,dqn,opaque_dependency_l6,dqn:cuda,evaluation_unseen_zero_shot,opaque,353,200,0.0,6.0,6.0,6.0,0.0,0.0,0.0,,,,0.0,0.0,0.0,0.002139554499881342,6.0,0.0,6.0,,0.0,0.0,,,,,,,,,,
autonomy,autonomy,dqn,opaque_dependency_l6,dqn:cuda,evaluation_unseen_zero_shot,opaque,401,200,0.0,6.0,6.0,6.0,0.0,0.0,0.0,,,,0.0,0.0,0.0,0.002181774000200676,6.0,0.0,6.0,,0.0,0.0,,,,,,,,,,
autonomy,autonomy,dqn,opaque_dependency_l6,dqn:cuda,evaluation_unseen_zero_shot,opaque,457,200,0.0,6.0,6.0,6.0,0.0,0.0,0.0,,,,0.0,0.0,0.0,0.0021675555002002513,6.0,0.0,6.0,,0.0,0.0,,,,,,,,,,
autonomy,autonomy,dqn,opaque_dependency_l6,dqn:cuda,evaluation_unseen_zero_shot,opaque,503,200,0.0,6.0,6.0,6.0,0.0,0.0,0.0,,,,0.0,0.0,0.0,0.002331965998891974,6.0,0.0,6.0,,0.0,0.0,,,,,,,,,,
autonomy,autonomy,dqn,opaque_dependency_l6,dqn:cuda,evaluation_unseen_zero_shot,opaque,557,200,0.0,6.0,6.0,6.0,0.0,0.0,0.0,,,,0.0,0.0,0.0,0.0021776035016227977,6.0,0.0,6.0,,0.0,0.0,,,,,,,,,,
autonomy,autonomy,dqn,opaque_dependency_l6,dqn:cuda,evaluation_unseen_zero_shot,opaque,601,200,0.0,6.0,6.0,6.0,0.0,0.0,0.0,,,,0.0,0.0,0.0,0.0022280749994388316,6.0,0.0,6.0,,0.0,0.0,,,,,,,,,,
autonomy,autonomy,dqn,opaque_dependency_l6,dqn:cuda,evaluation_unseen_zero_shot,opaque,659,200,0.0,6.0,6.0,6.0,0.0,0.0,0.0,,,,0.0,0.0,0.0,0.002195051500457339,6.0,0.0,6.0,,0.0,0.0,,,,,,,,,,
autonomy,autonomy,dqn,opaque_dependency_l6,dqn:cuda,evaluation_unseen_zero_shot,opaque,701,200,0.0,6.0,6.0,6.0,0.0,0.0,0.0,,,,0.0,0.0,0.0,0.002159567998896819,6.0,0.0,6.0,,0.0,0.0,,,,,,,,,,
autonomy,autonomy,dqn,opaque_dependency_l6,dqn:cuda,evaluation_unseen_zero_shot,opaque,761,200,0.0,6.0,6.0,6.0,0.0,0.0,0.0,,,,0.0,0.0,0.0,0.002150238001049729,6.0,0.0,6.0,,0.0,0.0,,,,,,,,,,
autonomy,autonomy,dqn,opaque_dependency_l6,dqn:cuda,evaluation_unseen_zero_shot,opaque,809,200,0.0,6.0,6.0,6.0,0.0,0.0,0.0,,,,0.0,0.0,0.0,0.0021296330000041054,6.0,0.0,6.0,,0.0,0.0,,,,,,,,,,
autonomy,autonomy,dqn,opaque_dependency_l6,dqn:cuda,evaluation_unseen_zero_shot,opaque,857,200,0.0,6.0,6.0,6.0,0.0,0.0,0.0,,,,0.0,0.0,0.0,0.0022195125014695806,6.0,0.0,6.0,,0.0,0.0,,,,,,,,,,
autonomy,autonomy,dqn,opaque_dependency_l6,dqn:cuda,evaluation_unseen_zero_shot,opaque,907,200,0.0,6.0,6.0,6.0,0.0,0.0,0.0,,,,0.0,0.0,0.0,0.0021624684997368603,6.0,0.0,6.0,,0.0,0.0,,,,,,,,,,
autonomy,autonomy,dqn,opaque_dependency_l6,dqn:cuda,evaluation_unseen_zero_shot,opaque,953,200,0.0,6.0,6.0,6.0,0.0,0.0,0.0,,,,0.0,0.0,0.0,0.0021454055004869587,6.0,0.0,6.0,,0.0,0.0,,,,,,,,,,
autonomy,autonomy,dqn,opaque_dependency_l6,dqn:cuda,training,opaque,1009,2000,0.0565,6.0,6.0,6.0,0.0565,0.0,0.0,0.0,0.0,0.0,0.0,0.0,0.0565,0.007916649950348074,6.0,0.0,6.0,,0.0,0.0,0.05652826413206603,0.08,258,,,,,,,
autonomy,autonomy,dqn,opaque_dependency_l6,dqn:cuda,training,opaque,1061,2000,0.005,6.0,6.0,6.0,0.005,0.0,0.0,0.0,0.0,0.0,0.0,0.0,0.005,0.007561725550200208,6.0,0.0,6.0,,0.0,0.0,0.0050025012506253125,0.015,684,,,,,,,
autonomy,autonomy,dqn,opaque_dependency_l6,dqn:cuda,training,opaque,1103,2000,0.047,6.0,6.0,6.0,0.047,0.0,0.0,0.0,0.0,0.0,0.0,0.0,0.047,0.007642271049844567,6.0,0.0,6.0,,0.0,0.0,0.04702351175587794,0.11,1338,,,,,,,
autonomy,autonomy,dqn,opaque_dependency_l6,dqn:cuda,training,opaque,1151,2000,0.085,6.0,6.0,6.0,0.085,0.0,0.0,0.0,0.0,0.0,0.0,0.0,0.085,0.007389456949735177,6.0,0.0,6.0,,0.0,0.0,0.08504252126063032,0.115,732,,,,,,,
autonomy,autonomy,dqn,opaque_dependency_l6,dqn:cuda,training,opaque,1201,2000,0.0125,6.0,6.0,6.0,0.0125,0.0,0.0,0.0,0.0,0.0,0.0,0.0,0.0125,0.008125183249692781,6.0,0.0,6.0,,0.0,0.0,0.01250625312656328,0.015,66,,,,,,,
autonomy,autonomy,dqn,opaque_dependency_l6,dqn:cuda,training,opaque,1259,2000,0.02,6.0,6.0,6.0,0.02,0.0,0.0,0.0,0.0,0.0,0.0,0.0,0.02,0.007475766799994744,6.0,0.0,6.0,,0.0,0.0,0.02001000500250125,0.005,162,,,,,,,
autonomy,autonomy,dqn,opaque_dependency_l6,dqn:cuda,training,opaque,1301,2000,0.011,6.0,6.0,6.0,0.011,0.0,0.0,0.0,0.0,0.0,0.0,0.0,0.011,0.008634440050082048,6.0,0.0,6.0,,0.0,0.0,0.011005502751375688,0.005,348,,,,,,,
autonomy,autonomy,dqn,opaque_dependency_l6,dqn:cuda,training,opaque,131,2000,0.0705,6.0,6.0,6.0,0.0705,0.0,0.0,0.0,0.0,0.0,0.0,0.0,0.0705,0.00962250594998477,6.0,0.0,6.0,,0.0,0.0,0.07053526763381691,0.135,228,,,,,,,
autonomy,autonomy,dqn,opaque_dependency_l6,dqn:cuda,training,opaque,1361,2000,0.0165,6.0,6.0,6.0,0.0165,0.0,0.0,0.0,0.0,0.0,0.0,0.0,0.0165,0.007449818450433667,6.0,0.0,6.0,,0.0,0.0,0.016508254127063533,0.08,78,,,,,,,
autonomy,autonomy,dqn,opaque_dependency_l6,dqn:cuda,training,opaque,1423,2000,0.014,6.0,6.0,6.0,0.014,0.0,0.0,0.0,0.0,0.0,0.0,0.0,0.014,0.008092242500308202,6.0,0.0,6.0,,0.0,0.0,0.014007003501750876,0.04,294,,,,,,,
autonomy,autonomy,dqn,opaque_dependency_l6,dqn:cuda,training,opaque,1481,2000,0.0065,6.0,6.0,6.0,0.0065,0.0,0.0,0.0,0.0,0.0,0.0,0.0,0.0065,0.0075308691499085395,6.0,0.0,6.0,,0.0,0.0,0.0065032516258129065,0.01,564,,,,,,,
autonomy,autonomy,dqn,opaque_dependency_l6,dqn:cuda,training,opaque,1543,2000,0.0215,6.0,6.0,6.0,0.0215,0.0,0.0,0.0,0.0,0.0,0.0,0.0,0.0215,0.00748519930045586,6.0,0.0,6.0,,0.0,0.0,0.021510755377688845,0.01,60,,,,,,,
autonomy,autonomy,dqn,opaque_dependency_l6,dqn:cuda,training,opaque,1601,2000,0.0195,6.0,6.0,6.0,0.0195,0.0,0.0,0.0,0.0,0.0,0.0,0.0,0.0195,0.007642305800312897,6.0,0.0,6.0,,0.0,0.0,0.01950975487743872,0.005,120,,,,,,,
autonomy,autonomy,dqn,opaque_dependency_l6,dqn:cuda,training,opaque,173,2000,0.077,6.0,6.0,6.0,0.077,0.0,0.0,0.0,0.0,0.0,0.0,0.0,0.077,0.010027616299994406,6.0,0.0,6.0,,0.0,0.0,0.07703851925962982,0.1,36,,,,,,,
autonomy,autonomy,dqn,opaque_dependency_l6,dqn:cuda,training,opaque,211,2000,0.019,6.0,6.0,6.0,0.019,0.0,0.0,0.0,0.0,0.0,0.0,0.0,0.019,0.009311613499812665,6.0,0.0,6.0,,0.0,0.0,0.01900950475237619,0.01,84,,,,,,,
autonomy,autonomy,dqn,opaque_dependency_l6,dqn:cuda,training,opaque,257,2000,0.0105,6.0,6.0,6.0,0.0105,0.0,0.0,0.0,0.0,0.0,0.0,0.0,0.0105,0.008192667849827558,6.0,0.0,6.0,,0.0,0.0,0.010505252626313157,0.0,252,,,,,,,
autonomy,autonomy,dqn,opaque_dependency_l6,dqn:cuda,training,opaque,307,2000,0.0715,6.0,6.0,6.0,0.0715,0.0,0.0,0.0,0.0,0.0,0.0,0.0,0.0715,0.007517886049579829,6.0,0.0,6.0,,0.0,0.0,0.0712856428214107,0.11,36,,,,,,,
autonomy,autonomy,dqn,opaque_dependency_l6,dqn:cuda,training,opaque,353,2000,0.093,6.0,6.0,6.0,0.093,0.0,0.0,0.0,0.0,0.0,0.0,0.0,0.093,0.007488565950203338,6.0,0.0,6.0,,0.0,0.0,0.09304652326163082,0.11,78,,,,,,,
autonomy,autonomy,dqn,opaque_dependency_l6,dqn:cuda,training,opaque,401,2000,0.0085,6.0,6.0,6.0,0.0085,0.0,0.0,0.0,0.0,0.0,0.0,0.0,0.0085,0.008073249949666206,6.0,0.0,6.0,,0.0,0.0,0.008504252126063032,0.005,468,,,,,,,
autonomy,autonomy,dqn,opaque_dependency_l6,dqn:cuda,training,opaque,457,2000,0.016,6.0,6.0,6.0,0.016,0.0,0.0,0.0,0.0,0.0,0.0,0.0,0.016,0.007470254799773102,6.0,0.0,6.0,,0.0,0.0,0.016008004002001,0.015,258,,,,,,,
autonomy,autonomy,dqn,opaque_dependency_l6,dqn:cuda,training,opaque,503,2000,0.0095,6.0,6.0,6.0,0.0095,0.0,0.0,0.0,0.0,0.0,0.0,0.0,0.0095,0.007767612000126974,6.0,0.0,6.0,,0.0,0.0,0.009504752376188095,0.0,318,,,,,,,
autonomy,autonomy,dqn,opaque_dependency_l6,dqn:cuda,training,opaque,557,2000,0.033,6.0,6.0,6.0,0.033,0.0,0.0,0.0,0.0,0.0,0.0,0.0,0.033,0.007485222650473588,6.0,0.0,6.0,,0.0,0.0,0.03301650825412707,0.12,36,,,,,,,
autonomy,autonomy,dqn,opaque_dependency_l6,dqn:cuda,training,opaque,601,2000,0.064,6.0,6.0,6.0,0.064,0.0,0.0,0.0,0.0,0.0,0.0,0.0,0.064,0.007473087450052845,6.0,0.0,6.0,,0.0,0.0,0.064032016008004,0.095,570,,,,,,,
autonomy,autonomy,dqn,opaque_dependency_l6,dqn:cuda,training,opaque,659,2000,0.1205,6.0,6.0,6.0,0.1205,0.0,0.0,0.0,0.0,0.0,0.0,0.0,0.1205,0.00793219004990533,6.0,0.0,6.0,,0.0,0.0,0.12031015507753877,0.15,36,,,,,,,
autonomy,autonomy,dqn,opaque_dependency_l6,dqn:cuda,training,opaque,701,2000,0.022,6.0,6.0,6.0,0.022,0.0,0.0,0.0,0.0,0.0,0.0,0.0,0.022,0.007525750850385521,6.0,0.0,6.0,,0.0,0.0,0.022011005502751375,0.1,252,,,,,,,
autonomy,autonomy,dqn,opaque_dependency_l6,dqn:cuda,training,opaque,761,2000,0.0775,6.0,6.0,6.0,0.0775,0.0,0.0,0.0,0.0,0.0,0.0,0.0,0.0775,0.007545574300078442,6.0,0.0,6.0,,0.0,0.0,0.07753876938469234,0.125,348,,,,,,,
autonomy,autonomy,dqn,opaque_dependency_l6,dqn:cuda,training,opaque,809,2000,0.0175,6.0,6.0,6.0,0.0175,0.0,0.0,0.0,0.0,0.0,0.0,0.0,0.0175,0.007627158650488127,6.0,0.0,6.0,,0.0,0.0,0.017508754377188594,0.005,498,,,,,,,
autonomy,autonomy,dqn,opaque_dependency_l6,dqn:cuda,training,opaque,857,2000,0.0365,6.0,6.0,6.0,0.0365,0.0,0.0,0.0,0.0,0.0,0.0,0.0,0.0365,0.007843761650015948,6.0,0.0,6.0,,0.0,0.0,0.03651825912956478,0.105,48,,,,,,,
autonomy,autonomy,dqn,opaque_dependency_l6,dqn:cuda,training,opaque,907,2000,0.014,6.0,6.0,6.0,0.014,0.0,0.0,0.0,0.0,0.0,0.0,0.0,0.014,0.007461204049439402,6.0,0.0,6.0,,0.0,0.0,0.014007003501750876,0.0,96,,,,,,,
autonomy,autonomy,dqn,opaque_dependency_l6,dqn:cuda,training,opaque,953,2000,0.0065,6.0,6.0,6.0,0.0065,0.0,0.0,0.0,0.0,0.0,0.0,0.0,0.0065,0.007528614799914067,6.0,0.0,6.0,,0.0,0.0,0.0065032516258129065,0.005,240,,,,,,,
autonomy,autonomy,dqn,opaque_dependency_l8,dqn:cuda,evaluation_seen,opaque,1009,200,0.0,8.0,8.0,8.0,0.0,0.0,0.0,,,,0.0,0.0,0.0,0.0028585839991865213,8.0,0.0,8.0,,0.0,0.0,,,,,,,,,,
autonomy,autonomy,dqn,opaque_dependency_l8,dqn:cuda,evaluation_seen,opaque,1061,200,0.0,8.0,8.0,8.0,0.0,0.0,0.0,,,,0.0,0.0,0.0,0.0029006610011856537,8.0,0.0,8.0,,0.0,0.0,,,,,,,,,,
autonomy,autonomy,dqn,opaque_dependency_l8,dqn:cuda,evaluation_seen,opaque,1103,200,0.0,8.0,8.0,8.0,0.0,0.0,0.0,,,,0.0,0.0,0.0,0.003104812500387197,8.0,0.0,8.0,,0.0,0.0,,,,,,,,,,
autonomy,autonomy,dqn,opaque_dependency_l8,dqn:cuda,evaluation_seen,opaque,1151,200,0.0,8.0,8.0,8.0,0.0,0.0,0.0,,,,0.0,0.0,0.0,0.0029377180003211834,8.0,0.0,8.0,,0.0,0.0,,,,,,,,,,
autonomy,autonomy,dqn,opaque_dependency_l8,dqn:cuda,evaluation_seen,opaque,1201,200,0.0,8.0,8.0,8.0,0.0,0.0,0.0,,,,0.0,0.0,0.0,0.0028929144990979695,8.0,0.0,8.0,,0.0,0.0,,,,,,,,,,
autonomy,autonomy,dqn,opaque_dependency_l8,dqn:cuda,evaluation_seen,opaque,1259,200,0.0,8.0,8.0,8.0,0.0,0.0,0.0,,,,0.0,0.0,0.0,0.0028726105006353464,8.0,0.0,8.0,,0.0,0.0,,,,,,,,,,
autonomy,autonomy,dqn,opaque_dependency_l8,dqn:cuda,evaluation_seen,opaque,1301,200,0.0,8.0,8.0,8.0,0.0,0.0,0.0,,,,0.0,0.0,0.0,0.0031796324998140334,8.0,0.0,8.0,,0.0,0.0,,,,,,,,,,
autonomy,autonomy,dqn,opaque_dependency_l8,dqn:cuda,evaluation_seen,opaque,131,200,0.0,8.0,8.0,8.0,0.0,0.0,0.0,,,,0.0,0.0,0.0,0.0032565109991992357,8.0,0.0,8.0,,0.0,0.0,,,,,,,,,,
autonomy,autonomy,dqn,opaque_dependency_l8,dqn:cuda,evaluation_seen,opaque,1361,200,0.0,8.0,8.0,8.0,0.0,0.0,0.0,,,,0.0,0.0,0.0,0.0028962874997523614,8.0,0.0,8.0,,0.0,0.0,,,,,,,,,,
autonomy,autonomy,dqn,opaque_dependency_l8,dqn:cuda,evaluation_seen,opaque,1423,200,0.0,8.0,8.0,8.0,0.0,0.0,0.0,,,,0.0,0.0,0.0,0.002875189998012502,8.0,0.0,8.0,,0.0,0.0,,,,,,,,,,
autonomy,autonomy,dqn,opaque_dependency_l8,dqn:cuda,evaluation_seen,opaque,1481,200,0.0,8.0,8.0,8.0,0.0,0.0,0.0,,,,0.0,0.0,0.0,0.002885871501493966,8.0,0.0,8.0,,0.0,0.0,,,,,,,,,,
autonomy,autonomy,dqn,opaque_dependency_l8,dqn:cuda,evaluation_seen,opaque,1543,200,0.0,8.0,8.0,8.0,0.0,0.0,0.0,,,,0.0,0.0,0.0,0.0029224539997812827,8.0,0.0,8.0,,0.0,0.0,,,,,,,,,,
autonomy,autonomy,dqn,opaque_dependency_l8,dqn:cuda,evaluation_seen,opaque,1601,200,0.0,8.0,8.0,8.0,0.0,0.0,0.0,,,,0.0,0.0,0.0,0.002898493499524193,8.0,0.0,8.0,,0.0,0.0,,,,,,,,,,
autonomy,autonomy,dqn,opaque_dependency_l8,dqn:cuda,evaluation_seen,opaque,173,200,0.0,8.0,8.0,8.0,0.0,0.0,0.0,,,,0.0,0.0,0.0,0.0035502050002105532,8.0,0.0,8.0,,0.0,0.0,,,,,,,,,,
autonomy,autonomy,dqn,opaque_dependency_l8,dqn:cuda,evaluation_seen,opaque,211,200,0.0,8.0,8.0,8.0,0.0,0.0,0.0,,,,0.0,0.0,0.0,0.0026923370004806203,8.0,0.0,8.0,,0.0,0.0,,,,,,,,,,
autonomy,autonomy,dqn,opaque_dependency_l8,dqn:cuda,evaluation_seen,opaque,257,200,0.0,8.0,8.0,8.0,0.0,0.0,0.0,,,,0.0,0.0,0.0,0.003310913000314031,8.0,0.0,8.0,,0.0,0.0,,,,,,,,,,
autonomy,autonomy,dqn,opaque_dependency_l8,dqn:cuda,evaluation_seen,opaque,307,200,0.0,8.0,8.0,8.0,0.0,0.0,0.0,,,,0.0,0.0,0.0,0.0028753390003112144,8.0,0.0,8.0,,0.0,0.0,,,,,,,,,,
autonomy,autonomy,dqn,opaque_dependency_l8,dqn:cuda,evaluation_seen,opaque,353,200,0.0,8.0,8.0,8.0,0.0,0.0,0.0,,,,0.0,0.0,0.0,0.002927340500318678,8.0,0.0,8.0,,0.0,0.0,,,,,,,,,,
autonomy,autonomy,dqn,opaque_dependency_l8,dqn:cuda,evaluation_seen,opaque,401,200,0.0,8.0,8.0,8.0,0.0,0.0,0.0,,,,0.0,0.0,0.0,0.002852870000351686,8.0,0.0,8.0,,0.0,0.0,,,,,,,,,,
autonomy,autonomy,dqn,opaque_dependency_l8,dqn:cuda,evaluation_seen,opaque,457,200,0.0,8.0,8.0,8.0,0.0,0.0,0.0,,,,0.0,0.0,0.0,0.00286379900018801,8.0,0.0,8.0,,0.0,0.0,,,,,,,,,,
autonomy,autonomy,dqn,opaque_dependency_l8,dqn:cuda,evaluation_seen,opaque,503,200,0.0,8.0,8.0,8.0,0.0,0.0,0.0,,,,0.0,0.0,0.0,0.002999198500911007,8.0,0.0,8.0,,0.0,0.0,,,,,,,,,,
autonomy,autonomy,dqn,opaque_dependency_l8,dqn:cuda,evaluation_seen,opaque,557,200,0.0,8.0,8.0,8.0,0.0,0.0,0.0,,,,0.0,0.0,0.0,0.0029725059994962066,8.0,0.0,8.0,,0.0,0.0,,,,,,,,,,
autonomy,autonomy,dqn,opaque_dependency_l8,dqn:cuda,evaluation_seen,opaque,601,200,0.0,8.0,8.0,8.0,0.0,0.0,0.0,,,,0.0,0.0,0.0,0.002888443000119878,8.0,0.0,8.0,,0.0,0.0,,,,,,,,,,
autonomy,autonomy,dqn,opaque_dependency_l8,dqn:cuda,evaluation_seen,opaque,659,200,0.0,8.0,8.0,8.0,0.0,0.0,0.0,,,,0.0,0.0,0.0,0.002863334999710787,8.0,0.0,8.0,,0.0,0.0,,,,,,,,,,
autonomy,autonomy,dqn,opaque_dependency_l8,dqn:cuda,evaluation_seen,opaque,701,200,0.0,8.0,8.0,8.0,0.0,0.0,0.0,,,,0.0,0.0,0.0,0.0029620539990719407,8.0,0.0,8.0,,0.0,0.0,,,,,,,,,,
autonomy,autonomy,dqn,opaque_dependency_l8,dqn:cuda,evaluation_seen,opaque,761,200,0.0,8.0,8.0,8.0,0.0,0.0,0.0,,,,0.0,0.0,0.0,0.002898103000188712,8.0,0.0,8.0,,0.0,0.0,,,,,,,,,,
autonomy,autonomy,dqn,opaque_dependency_l8,dqn:cuda,evaluation_seen,opaque,809,200,0.0,8.0,8.0,8.0,0.0,0.0,0.0,,,,0.0,0.0,0.0,0.0028755234982236286,8.0,0.0,8.0,,0.0,0.0,,,,,,,,,,
autonomy,autonomy,dqn,opaque_dependency_l8,dqn:cuda,evaluation_seen,opaque,857,200,0.0,8.0,8.0,8.0,0.0,0.0,0.0,,,,0.0,0.0,0.0,0.002847978499630699,8.0,0.0,8.0,,0.0,0.0,,,,,,,,,,
autonomy,autonomy,dqn,opaque_dependency_l8,dqn:cuda,evaluation_seen,opaque,907,200,0.0,8.0,8.0,8.0,0.0,0.0,0.0,,,,0.0,0.0,0.0,0.0029135860000678803,8.0,0.0,8.0,,0.0,0.0,,,,,,,,,,
autonomy,autonomy,dqn,opaque_dependency_l8,dqn:cuda,evaluation_seen,opaque,953,200,0.0,8.0,8.0,8.0,0.0,0.0,0.0,,,,0.0,0.0,0.0,0.002921963000699179,8.0,0.0,8.0,,0.0,0.0,,,,,,,,,,
autonomy,autonomy,dqn,opaque_dependency_l8,dqn:cuda,evaluation_unseen_zero_shot,opaque,1009,200,0.0,8.0,8.0,8.0,0.0,0.0,0.0,,,,0.0,0.0,0.0,0.002912786501110531,8.0,0.0,8.0,,0.0,0.0,,,,,,,,,,
autonomy,autonomy,dqn,opaque_dependency_l8,dqn:cuda,evaluation_unseen_zero_shot,opaque,1061,200,0.0,8.0,8.0,8.0,0.0,0.0,0.0,,,,0.0,0.0,0.0,0.0028715715002908837,8.0,0.0,8.0,,0.0,0.0,,,,,,,,,,
autonomy,autonomy,dqn,opaque_dependency_l8,dqn:cuda,evaluation_unseen_zero_shot,opaque,1103,200,0.0,8.0,8.0,8.0,0.0,0.0,0.0,,,,0.0,0.0,0.0,0.0031076264996954704,8.0,0.0,8.0,,0.0,0.0,,,,,,,,,,
autonomy,autonomy,dqn,opaque_dependency_l8,dqn:cuda,evaluation_unseen_zero_shot,opaque,1151,200,0.0,8.0,8.0,8.0,0.0,0.0,0.0,,,,0.0,0.0,0.0,0.002900558500259649,8.0,0.0,8.0,,0.0,0.0,,,,,,,,,,
autonomy,autonomy,dqn,opaque_dependency_l8,dqn:cuda,evaluation_unseen_zero_shot,opaque,1201,200,0.0,8.0,8.0,8.0,0.0,0.0,0.0,,,,0.0,0.0,0.0,0.0028854895001859406,8.0,0.0,8.0,,0.0,0.0,,,,,,,,,,
autonomy,autonomy,dqn,opaque_dependency_l8,dqn:cuda,evaluation_unseen_zero_shot,opaque,1259,200,0.0,8.0,8.0,8.0,0.0,0.0,0.0,,,,0.0,0.0,0.0,0.0028956675008521417,8.0,0.0,8.0,,0.0,0.0,,,,,,,,,,
autonomy,autonomy,dqn,opaque_dependency_l8,dqn:cuda,evaluation_unseen_zero_shot,opaque,1301,200,0.0,8.0,8.0,8.0,0.0,0.0,0.0,,,,0.0,0.0,0.0,0.0030192655004793777,8.0,0.0,8.0,,0.0,0.0,,,,,,,,,,
autonomy,autonomy,dqn,opaque_dependency_l8,dqn:cuda,evaluation_unseen_zero_shot,opaque,131,200,0.0,8.0,8.0,8.0,0.0,0.0,0.0,,,,0.0,0.0,0.0,0.0033905544997833202,8.0,0.0,8.0,,0.0,0.0,,,,,,,,,,
autonomy,autonomy,dqn,opaque_dependency_l8,dqn:cuda,evaluation_unseen_zero_shot,opaque,1361,200,0.0,8.0,8.0,8.0,0.0,0.0,0.0,,,,0.0,0.0,0.0,0.0028942839993396775,8.0,0.0,8.0,,0.0,0.0,,,,,,,,,,
autonomy,autonomy,dqn,opaque_dependency_l8,dqn:cuda,evaluation_unseen_zero_shot,opaque,1423,200,0.0,8.0,8.0,8.0,0.0,0.0,0.0,,,,0.0,0.0,0.0,0.0028561005007941274,8.0,0.0,8.0,,0.0,0.0,,,,,,,,,,
autonomy,autonomy,dqn,opaque_dependency_l8,dqn:cuda,evaluation_unseen_zero_shot,opaque,1481,200,0.0,8.0,8.0,8.0,0.0,0.0,0.0,,,,0.0,0.0,0.0,0.0028579470004478935,8.0,0.0,8.0,,0.0,0.0,,,,,,,,,,
autonomy,autonomy,dqn,opaque_dependency_l8,dqn:cuda,evaluation_unseen_zero_shot,opaque,1543,200,0.0,8.0,8.0,8.0,0.0,0.0,0.0,,,,0.0,0.0,0.0,0.0030344770003284793,8.0,0.0,8.0,,0.0,0.0,,,,,,,,,,
autonomy,autonomy,dqn,opaque_dependency_l8,dqn:cuda,evaluation_unseen_zero_shot,opaque,1601,200,0.0,8.0,8.0,8.0,0.0,0.0,0.0,,,,0.0,0.0,0.0,0.0029208675006520933,8.0,0.0,8.0,,0.0,0.0,,,,,,,,,,
autonomy,autonomy,dqn,opaque_dependency_l8,dqn:cuda,evaluation_unseen_zero_shot,opaque,173,200,0.0,8.0,8.0,8.0,0.0,0.0,0.0,,,,0.0,0.0,0.0,0.003408696500264341,8.0,0.0,8.0,,0.0,0.0,,,,,,,,,,
autonomy,autonomy,dqn,opaque_dependency_l8,dqn:cuda,evaluation_unseen_zero_shot,opaque,211,200,0.0,8.0,8.0,8.0,0.0,0.0,0.0,,,,0.0,0.0,0.0,0.002790437999065034,8.0,0.0,8.0,,0.0,0.0,,,,,,,,,,
autonomy,autonomy,dqn,opaque_dependency_l8,dqn:cuda,evaluation_unseen_zero_shot,opaque,257,200,0.0,8.0,8.0,8.0,0.0,0.0,0.0,,,,0.0,0.0,0.0,0.002879812499450054,8.0,0.0,8.0,,0.0,0.0,,,,,,,,,,
autonomy,autonomy,dqn,opaque_dependency_l8,dqn:cuda,evaluation_unseen_zero_shot,opaque,307,200,0.0,8.0,8.0,8.0,0.0,0.0,0.0,,,,0.0,0.0,0.0,0.0029523329994117376,8.0,0.0,8.0,,0.0,0.0,,,,,,,,,,
autonomy,autonomy,dqn,opaque_dependency_l8,dqn:cuda,evaluation_unseen_zero_shot,opaque,353,200,0.0,8.0,8.0,8.0,0.0,0.0,0.0,,,,0.0,0.0,0.0,0.0028880314985872246,8.0,0.0,8.0,,0.0,0.0,,,,,,,,,,
autonomy,autonomy,dqn,opaque_dependency_l8,dqn:cuda,evaluation_unseen_zero_shot,opaque,401,200,0.0,8.0,8.0,8.0,0.0,0.0,0.0,,,,0.0,0.0,0.0,0.0033031369985837954,8.0,0.0,8.0,,0.0,0.0,,,,,,,,,,
autonomy,autonomy,dqn,opaque_dependency_l8,dqn:cuda,evaluation_unseen_zero_shot,opaque,457,200,0.0,8.0,8.0,8.0,0.0,0.0,0.0,,,,0.0,0.0,0.0,0.002901431498903548,8.0,0.0,8.0,,0.0,0.0,,,,,,,,,,
autonomy,autonomy,dqn,opaque_dependency_l8,dqn:cuda,evaluation_unseen_zero_shot,opaque,503,200,0.0,8.0,8.0,8.0,0.0,0.0,0.0,,,,0.0,0.0,0.0,0.0028729900014877784,8.0,0.0,8.0,,0.0,0.0,,,,,,,,,,
autonomy,autonomy,dqn,opaque_dependency_l8,dqn:cuda,evaluation_unseen_zero_shot,opaque,557,200,0.0,8.0,8.0,8.0,0.0,0.0,0.0,,,,0.0,0.0,0.0,0.0029636950010899455,8.0,0.0,8.0,,0.0,0.0,,,,,,,,,,
autonomy,autonomy,dqn,opaque_dependency_l8,dqn:cuda,evaluation_unseen_zero_shot,opaque,601,200,0.0,8.0,8.0,8.0,0.0,0.0,0.0,,,,0.0,0.0,0.0,0.002899828000954585,8.0,0.0,8.0,,0.0,0.0,,,,,,,,,,
autonomy,autonomy,dqn,opaque_dependency_l8,dqn:cuda,evaluation_unseen_zero_shot,opaque,659,200,0.0,8.0,8.0,8.0,0.0,0.0,0.0,,,,0.0,0.0,0.0,0.0028752750005514825,8.0,0.0,8.0,,0.0,0.0,,,,,,,,,,
autonomy,autonomy,dqn,opaque_dependency_l8,dqn:cuda,evaluation_unseen_zero_shot,opaque,701,200,0.0,8.0,8.0,8.0,0.0,0.0,0.0,,,,0.0,0.0,0.0,0.0029076684995379765,8.0,0.0,8.0,,0.0,0.0,,,,,,,,,,
autonomy,autonomy,dqn,opaque_dependency_l8,dqn:cuda,evaluation_unseen_zero_shot,opaque,761,200,0.0,8.0,8.0,8.0,0.0,0.0,0.0,,,,0.0,0.0,0.0,0.0029936045002250467,8.0,0.0,8.0,,0.0,0.0,,,,,,,,,,
autonomy,autonomy,dqn,opaque_dependency_l8,dqn:cuda,evaluation_unseen_zero_shot,opaque,809,200,0.0,8.0,8.0,8.0,0.0,0.0,0.0,,,,0.0,0.0,0.0,0.0029064814990852027,8.0,0.0,8.0,,0.0,0.0,,,,,,,,,,
autonomy,autonomy,dqn,opaque_dependency_l8,dqn:cuda,evaluation_unseen_zero_shot,opaque,857,200,0.0,8.0,8.0,8.0,0.0,0.0,0.0,,,,0.0,0.0,0.0,0.0028764664997288493,8.0,0.0,8.0,,0.0,0.0,,,,,,,,,,
autonomy,autonomy,dqn,opaque_dependency_l8,dqn:cuda,evaluation_unseen_zero_shot,opaque,907,200,0.0,8.0,8.0,8.0,0.0,0.0,0.0,,,,0.0,0.0,0.0,0.0028609464984037914,8.0,0.0,8.0,,0.0,0.0,,,,,,,,,,
autonomy,autonomy,dqn,opaque_dependency_l8,dqn:cuda,evaluation_unseen_zero_shot,opaque,953,200,0.0,8.0,8.0,8.0,0.0,0.0,0.0,,,,0.0,0.0,0.0,0.0032771760004106907,8.0,0.0,8.0,,0.0,0.0,,,,,,,,,,
autonomy,autonomy,dqn,opaque_dependency_l8,dqn:cuda,training,opaque,1009,2000,0.002,8.0,8.0,8.0,0.002,0.0,0.0,0.0,0.0,0.0,0.0,0.0,0.002,0.01003765934977855,8.0,0.0,8.0,,0.0,0.0,0.002001000500250125,0.0,2784,,,,,,,
autonomy,autonomy,dqn,opaque_dependency_l8,dqn:cuda,training,opaque,1061,2000,0.003,8.0,8.0,8.0,0.003,0.0,0.0,0.0,0.0,0.0,0.0,0.0,0.003,0.010565705149885616,8.0,0.0,8.0,,0.0,0.0,0.0030015007503751876,0.0,2968,,,,,,,
autonomy,autonomy,dqn,opaque_dependency_l8,dqn:cuda,training,opaque,1103,2000,0.0005,8.0,8.0,8.0,0.0005,0.0,0.0,0.0,0.0,0.0,0.0,0.0,0.0005,0.010452999349625316,8.0,0.0,8.0,,0.0,0.0,0.0005002501250625312,0.0,4536,,,,,,,
autonomy,autonomy,dqn,opaque_dependency_l8,dqn:cuda,training,opaque,1151,2000,0.0025,8.0,8.0,8.0,0.0025,0.0,0.0,0.0,0.0,0.0,0.0,0.0,0.0025,0.010110280799752219,8.0,0.0,8.0,,0.0,0.0,0.0025012506253126563,0.0,3872,,,,,,,
autonomy,autonomy,dqn,opaque_dependency_l8,dqn:cuda,training,opaque,1201,2000,0.002,8.0,8.0,8.0,0.002,0.0,0.0,0.0,0.0,0.0,0.0,0.0,0.002,0.010231095300681772,8.0,0.0,8.0,,0.0,0.0,0.002001000500250125,0.0,5816,,,,,,,
autonomy,autonomy,dqn,opaque_dependency_l8,dqn:cuda,training,opaque,1259,2000,0.002,8.0,8.0,8.0,0.002,0.0,0.0,0.0,0.0,0.0,0.0,0.0,0.002,0.010538571899960516,8.0,0.0,8.0,,0.0,0.0,0.002001000500250125,0.005,152,,,,,,,
autonomy,autonomy,dqn,opaque_dependency_l8,dqn:cuda,training,opaque,1301,2000,0.002,8.0,8.0,8.0,0.002,0.0,0.0,0.0,0.0,0.0,0.0,0.0,0.002,0.01039783820019511,8.0,0.0,8.0,,0.0,0.0,0.002001000500250125,0.0,3008,,,,,,,
autonomy,autonomy,dqn,opaque_dependency_l8,dqn:cuda,training,opaque,131,2000,0.0025,8.0,8.0,8.0,0.0025,0.0,0.0,0.0,0.0,0.0,0.0,0.0,0.0025,0.012928900299724773,8.0,0.0,8.0,,0.0,0.0,0.0025012506253126563,0.005,4128,,,,,,,
autonomy,autonomy,dqn,opaque_dependency_l8,dqn:cuda,training,opaque,1361,2000,0.0025,8.0,8.0,8.0,0.0025,0.0,0.0,0.0,0.0,0.0,0.0,0.0,0.0025,0.010187558700330555,8.0,0.0,8.0,,0.0,0.0,0.0025012506253126563,0.0,792,,,,,,,
autonomy,autonomy,dqn,opaque_dependency_l8,dqn:cuda,training,opaque,1423,2000,0.0035,8.0,8.0,8.0,0.0035,0.0,0.0,0.0,0.0,0.0,0.0,0.0,0.0035,0.010139924049784895,8.0,0.0,8.0,,0.0,0.0,0.003501750875437719,0.0,704,,,,,,,
autonomy,autonomy,dqn,opaque_dependency_l8,dqn:cuda,training,opaque,1481,2000,0.0005,8.0,8.0,8.0,0.0005,0.0,0.0,0.0,0.0,0.0,0.0,0.0,0.0005,0.010680702750119963,8.0,0.0,8.0,,0.0,0.0,0.0005002501250625312,0.0,1744,,,,,,,
autonomy,autonomy,dqn,opaque_dependency_l8,dqn:cuda,training,opaque,1543,2000,0.0025,8.0,8.0,8.0,0.0025,0.0,0.0,0.0,0.0,0.0,0.0,0.0,0.0025,0.010241561149872723,8.0,0.0,8.0,,0.0,0.0,0.0025012506253126563,0.0,272,,,,,,,
autonomy,autonomy,dqn,opaque_dependency_l8,dqn:cuda,training,opaque,1601,2000,0.002,8.0,8.0,8.0,0.002,0.0,0.0,0.0,0.0,0.0,0.0,0.0,0.002,0.010050141599422205,8.0,0.0,8.0,,0.0,0.0,0.002001000500250125,0.0,3288,,,,,,,
autonomy,autonomy,dqn,opaque_dependency_l8,dqn:cuda,training,opaque,173,2000,0.0045,8.0,8.0,8.0,0.0045,0.0,0.0,0.0,0.0,0.0,0.0,0.0,0.0045,0.013103277500078548,8.0,0.0,8.0,,0.0,0.0,0.004502251125562781,0.0,968,,,,,,,
autonomy,autonomy,dqn,opaque_dependency_l8,dqn:cuda,training,opaque,211,2000,0.0085,8.0,8.0,8.0,0.0085,0.0,0.0,0.0,0.0,0.0,0.0,0.0,0.0085,0.01189162894996116,8.0,0.0,8.0,,0.0,0.0,0.008504252126063032,0.0,736,,,,,,,
autonomy,autonomy,dqn,opaque_dependency_l8,dqn:cuda,training,opaque,257,2000,0.0045,8.0,8.0,8.0,0.0045,0.0,0.0,0.0,0.0,0.0,0.0,0.0,0.0045,0.010426109100037138,8.0,0.0,8.0,,0.0,0.0,0.004502251125562781,0.005,1360,,,,,,,
autonomy,autonomy,dqn,opaque_dependency_l8,dqn:cuda,training,opaque,307,2000,0.0045,8.0,8.0,8.0,0.0045,0.0,0.0,0.0,0.0,0.0,0.0,0.0,0.0045,0.010687004149614949,8.0,0.0,8.0,,0.0,0.0,0.004502251125562781,0.005,1792,,,,,,,
autonomy,autonomy,dqn,opaque_dependency_l8,dqn:cuda,training,opaque,353,2000,0.002,8.0,8.0,8.0,0.002,0.0,0.0,0.0,0.0,0.0,0.0,0.0,0.002,0.010171253399952548,8.0,0.0,8.0,,0.0,0.0,0.002001000500250125,0.0,1968,,,,,,,
autonomy,autonomy,dqn,opaque_dependency_l8,dqn:cuda,training,opaque,401,2000,0.003,8.0,8.0,8.0,0.003,0.0,0.0,0.0,0.0,0.0,0.0,0.0,0.003,0.010096446049661608,8.0,0.0,8.0,,0.0,0.0,0.0030015007503751876,0.0,304,,,,,,,
autonomy,autonomy,dqn,opaque_dependency_l8,dqn:cuda,training,opaque,457,2000,0.0,8.0,8.0,8.0,0.0,0.0,0.0,0.0,0.0,0.0,0.0,0.0,0.0,0.010019366700347745,8.0,0.0,8.0,,0.0,0.0,0.0,0.0,,,,,,,,
autonomy,autonomy,dqn,opaque_dependency_l8,dqn:cuda,training,opaque,503,2000,0.002,8.0,8.0,8.0,0.002,0.0,0.0,0.0,0.0,0.0,0.0,0.0,0.002,0.010941629399720114,8.0,0.0,8.0,,0.0,0.0,0.002001000500250125,0.0,1584,,,,,,,
autonomy,autonomy,dqn,opaque_dependency_l8,dqn:cuda,training,opaque,557,2000,0.003,8.0,8.0,8.0,0.003,0.0,0.0,0.0,0.0,0.0,0.0,0.0,0.003,0.010316053700138581,8.0,0.0,8.0,,0.0,0.0,0.0030015007503751876,0.005,1368,,,,,,,
autonomy,autonomy,dqn,opaque_dependency_l8,dqn:cuda,training,opaque,601,2000,0.0035,8.0,8.0,8.0,0.0035,0.0,0.0,0.0,0.0,0.0,0.0,0.0,0.0035,0.010151766649796628,8.0,0.0,8.0,,0.0,0.0,0.003501750875437719,0.005,904,,,,,,,
autonomy,autonomy,dqn,opaque_dependency_l8,dqn:cuda,training,opaque,659,2000,0.0015,8.0,8.0,8.0,0.0015,0.0,0.0,0.0,0.0,0.0,0.0,0.0,0.0015,0.010160900900460547,8.0,0.0,8.0,,0.0,0.0,0.0015007503751875938,0.0,408,,,,,,,
autonomy,autonomy,dqn,opaque_dependency_l8,dqn:cuda,training,opaque,701,2000,0.004,8.0,8.0,8.0,0.004,0.0,0.0,0.0,0.0,0.0,0.0,0.0,0.004,0.010668827499976032,8.0,0.0,8.0,,0.0,0.0,0.00400200100050025,0.0,528,,,,,,,
autonomy,autonomy,dqn,opaque_dependency_l8,dqn:cuda,training,opaque,761,2000,0.002,8.0,8.0,8.0,0.002,0.0,0.0,0.0,0.0,0.0,0.0,0.0,0.002,0.010117823449982098,8.0,0.0,8.0,,0.0,0.0,0.002001000500250125,0.0,872,,,,,,,
autonomy,autonomy,dqn,opaque_dependency_l8,dqn:cuda,training,opaque,809,2000,0.003,8.0,8.0,8.0,0.003,0.0,0.0,0.0,0.0,0.0,0.0,0.0,0.003,0.010116883700276958,8.0,0.0,8.0,,0.0,0.0,0.0030015007503751876,0.0,304,,,,,,,
autonomy,autonomy,dqn,opaque_dependency_l8,dqn:cuda,training,opaque,857,2000,0.003,8.0,8.0,8.0,0.003,0.0,0.0,0.0,0.0,0.0,0.0,0.0,0.003,0.010268188150352216,8.0,0.0,8.0,,0.0,0.0,0.0030015007503751876,0.0,792,,,,,,,
autonomy,autonomy,dqn,opaque_dependency_l8,dqn:cuda,training,opaque,907,2000,0.0025,8.0,8.0,8.0,0.0025,0.0,0.0,0.0,0.0,0.0,0.0,0.0,0.0025,0.010545416899651173,8.0,0.0,8.0,,0.0,0.0,0.0025012506253126563,0.0,1072,,,,,,,
autonomy,autonomy,dqn,opaque_dependency_l8,dqn:cuda,training,opaque,953,2000,0.005,8.0,8.0,8.0,0.005,0.0,0.0,0.0,0.0,0.0,0.0,0.0,0.005,0.010107361700400361,8.0,0.0,8.0,,0.0,0.0,0.0050025012506253125,0.0,392,,,,,,,
autonomy,autonomy,full_aassr,opaque_dependency_l4,tabular_online,evaluation_seen,opaque,1009,200,0.0,4.0,4.0,4.0,0.0,0.0,0.0,0.0,1.0,,0.0,0.0,0.0,0.0022255490017414558,4.0,0.0,4.0,,0.0,0.0,,,,,,,,,,
autonomy,autonomy,full_aassr,opaque_dependency_l4,tabular_online,evaluation_seen,opaque,1061,200,0.0,4.0,4.0,4.0,0.0,0.0,0.0,0.0,1.0,,0.0,0.0,0.0,0.002500232500315178,4.0,0.0,4.0,,0.0,0.0,,,,,,,,,,
autonomy,autonomy,full_aassr,opaque_dependency_l4,tabular_online,evaluation_seen,opaque,1103,200,0.0,4.0,4.0,4.0,0.0,0.0,0.0,0.0,1.0,,0.0,0.0,0.0,0.0024469884994323364,4.0,0.0,4.0,,0.0,0.0,,,,,,,,,,
autonomy,autonomy,full_aassr,opaque_dependency_l4,tabular_online,evaluation_seen,opaque,1151,200,0.0,4.0,4.0,4.0,0.0,0.0,0.0,0.0,0.9999999999999999,,0.0,0.0,0.0,0.002486281499732286,4.0,0.0,4.0,,0.0,0.0,,,,,,,,,,
autonomy,autonomy,full_aassr,opaque_dependency_l4,tabular_online,evaluation_seen,opaque,1201,200,0.0,4.0,4.0,4.0,0.0,0.0,0.0,0.0,1.0,,0.0,0.0,0.0,0.002542063000291819,4.0,0.0,4.0,,0.0,0.0,,,,,,,,,,
autonomy,autonomy,full_aassr,opaque_dependency_l4,tabular_online,evaluation_seen,opaque,1259,200,0.0,4.0,4.0,4.0,0.0,0.0,0.0,0.0,1.0,,0.0,0.0,0.0,0.002603798500931589,4.0,0.0,4.0,,0.0,0.0,,,,,,,,,,
autonomy,autonomy,full_aassr,opaque_dependency_l4,tabular_online,evaluation_seen,opaque,1301,200,0.0,4.0,4.0,4.0,0.0,0.0,0.0,0.0,1.0,,0.0,0.0,0.0,0.002041547998378519,4.0,0.0,4.0,,0.0,0.0,,,,,,,,,,
autonomy,autonomy,full_aassr,opaque_dependency_l4,tabular_online,evaluation_seen,opaque,131,200,0.0,4.0,4.0,4.0,0.0,0.0,0.0,0.0,1.0,,0.0,0.0,0.0,0.0024680090010224375,4.0,0.0,4.0,,0.0,0.0,,,,,,,,,,
autonomy,autonomy,full_aassr,opaque_dependency_l4,tabular_online,evaluation_seen,opaque,1361,200,0.0,4.0,4.0,4.0,0.0,0.0,0.0,0.0,0.9999999999999999,,0.0,0.0,0.0,0.0025547875007032417,4.0,0.0,4.0,,0.0,0.0,,,,,,,,,,
autonomy,autonomy,full_aassr,opaque_dependency_l4,tabular_online,evaluation_seen,opaque,1423,200,0.0,4.0,4.0,4.0,0.0,0.0,0.0,0.0,0.9999999999999999,,0.0,0.0,0.0,0.002519862500048475,4.0,0.0,4.0,,0.0,0.0,,,,,,,,,,
autonomy,autonomy,full_aassr,opaque_dependency_l4,tabular_online,evaluation_seen,opaque,1481,200,0.0,4.0,4.0,4.0,0.0,0.0,0.0,0.0,0.9999999999999999,,0.0,0.0,0.0,0.002070640999736497,4.0,0.0,4.0,,0.0,0.0,,,,,,,,,,
autonomy,autonomy,full_aassr,opaque_dependency_l4,tabular_online,evaluation_seen,opaque,1543,200,0.0,4.0,4.0,4.0,0.0,0.0,0.0,0.0,1.0,,0.0,0.0,0.0,0.0020348809991264714,4.0,0.0,4.0,,0.0,0.0,,,,,,,,,,
autonomy,autonomy,full_aassr,opaque_dependency_l4,tabular_online,evaluation_seen,opaque,1601,200,0.0,4.0,4.0,4.0,0.0,0.0,0.0,0.0,1.0,,0.0,0.0,0.0,0.0020938079996267334,4.0,0.0,4.0,,0.0,0.0,,,,,,,,,,
autonomy,autonomy,full_aassr,opaque_dependency_l4,tabular_online,evaluation_seen,opaque,173,200,0.0,4.0,4.0,4.0,0.0,0.0,0.0,0.0,1.0,,0.0,0.0,0.0,0.0021955170008004644,4.0,0.0,4.0,,0.0,0.0,,,,,,,,,,
autonomy,autonomy,full_aassr,opaque_dependency_l4,tabular_online,evaluation_seen,opaque,211,200,0.0,4.0,4.0,4.0,0.0,0.0,0.0,0.0,1.0,,0.0,0.0,0.0,0.0025272255002346355,4.0,0.0,4.0,,0.0,0.0,,,,,,,,,,
autonomy,autonomy,full_aassr,opaque_dependency_l4,tabular_online,evaluation_seen,opaque,257,200,0.0,4.0,4.0,4.0,0.0,0.0,0.0,0.0,0.9999999999999999,,0.0,0.0,0.0,0.002513652999623446,4.0,0.0,4.0,,0.0,0.0,,,,,,,,,,
autonomy,autonomy,full_aassr,opaque_dependency_l4,tabular_online,evaluation_seen,opaque,307,200,0.0,4.0,4.0,4.0,0.0,0.0,0.0,0.0,1.0,,0.0,0.0,0.0,0.0024687114992411807,4.0,0.0,4.0,,0.0,0.0,,,,,,,,,,
autonomy,autonomy,full_aassr,opaque_dependency_l4,tabular_online,evaluation_seen,opaque,353,200,0.0,4.0,4.0,4.0,0.0,0.0,0.0,0.0,0.9999999999999999,,0.0,0.0,0.0,0.002091180499410257,4.0,0.0,4.0,,0.0,0.0,,,,,,,,,,
autonomy,autonomy,full_aassr,opaque_dependency_l4,tabular_online,evaluation_seen,opaque,401,200,0.0,4.0,4.0,4.0,0.0,0.0,0.0,0.0,0.9999999999999999,,0.0,0.0,0.0,0.0024507509988325182,4.0,0.0,4.0,,0.0,0.0,,,,,,,,,,
autonomy,autonomy,full_aassr,opaque_dependency_l4,tabular_online,evaluation_seen,opaque,457,200,0.0,4.0,4.0,4.0,0.0,0.0,0.0,0.0,1.0,,0.0,0.0,0.0,0.0024181620014132933,4.0,0.0,4.0,,0.0,0.0,,,,,,,,,,
autonomy,autonomy,full_aassr,opaque_dependency_l4,tabular_online,evaluation_seen,opaque,503,200,0.0,4.0,4.0,4.0,0.0,0.0,0.0,0.0,1.0,,0.0,0.0,0.0,0.002443961500248406,4.0,0.0,4.0,,0.0,0.0,,,,,,,,,,
autonomy,autonomy,full_aassr,opaque_dependency_l4,tabular_online,evaluation_seen,opaque,557,200,0.0,4.0,4.0,4.0,0.0,0.0,0.0,0.0,0.9999999999999999,,0.0,0.0,0.0,0.001880349001585273,4.0,0.0,4.0,,0.0,0.0,,,,,,,,,,
autonomy,autonomy,full_aassr,opaque_dependency_l4,tabular_online,evaluation_seen,opaque,601,200,0.0,4.0,4.0,4.0,0.0,0.0,0.0,0.0,1.0,,0.0,0.0,0.0,0.0024345674998767206,4.0,0.0,4.0,,0.0,0.0,,,,,,,,,,
autonomy,autonomy,full_aassr,opaque_dependency_l4,tabular_online,evaluation_seen,opaque,659,200,0.0,4.0,4.0,4.0,0.0,0.0,0.0,0.0,0.9999999999999999,,0.0,0.0,0.0,0.002423414501681691,4.0,0.0,4.0,,0.0,0.0,,,,,,,,,,
autonomy,autonomy,full_aassr,opaque_dependency_l4,tabular_online,evaluation_seen,opaque,701,200,0.0,4.0,4.0,4.0,0.0,0.0,0.0,0.0,0.9999999999999999,,0.0,0.0,0.0,0.002280531500291545,4.0,0.0,4.0,,0.0,0.0,,,,,,,,,,
autonomy,autonomy,full_aassr,opaque_dependency_l4,tabular_online,evaluation_seen,opaque,761,200,0.0,4.0,4.0,4.0,0.0,0.0,0.0,0.0,0.9999999999999999,,0.0,0.0,0.0,0.002555140998592833,4.0,0.0,4.0,,0.0,0.0,,,,,,,,,,
autonomy,autonomy,full_aassr,opaque_dependency_l4,tabular_online,evaluation_seen,opaque,809,200,0.0,4.0,4.0,4.0,0.0,0.0,0.0,0.0,0.9999999999999999,,0.0,0.0,0.0,0.002308592998306267,4.0,0.0,4.0,,0.0,0.0,,,,,,,,,,
autonomy,autonomy,full_aassr,opaque_dependency_l4,tabular_online,evaluation_seen,opaque,857,200,0.0,4.0,4.0,4.0,0.0,0.0,0.0,0.0,0.9999999999999999,,0.0,0.0,0.0,0.0025261890006368047,4.0,0.0,4.0,,0.0,0.0,,,,,,,,,,
autonomy,autonomy,full_aassr,opaque_dependency_l4,tabular_online,evaluation_seen,opaque,907,200,0.0,4.0,4.0,4.0,0.0,0.0,0.0,0.0,1.0,,0.0,0.0,0.0,0.002598529498936841,4.0,0.0,4.0,,0.0,0.0,,,,,,,,,,
autonomy,autonomy,full_aassr,opaque_dependency_l4,tabular_online,evaluation_seen,opaque,953,200,0.0,4.0,4.0,4.0,0.0,0.0,0.0,0.0,0.9999999999999999,,0.0,0.0,0.0,0.0024214189997292124,4.0,0.0,4.0,,0.0,0.0,,,,,,,,,,
autonomy,autonomy,full_aassr,opaque_dependency_l4,tabular_online,evaluation_unseen_zero_shot,opaque,1009,200,0.0,4.0,4.0,4.0,0.0,0.0,0.0,0.0,1.0,,0.0,0.0,0.0,0.002029570502199931,4.0,0.0,4.0,,0.0,0.0,,,,,,,,,,
autonomy,autonomy,full_aassr,opaque_dependency_l4,tabular_online,evaluation_unseen_zero_shot,opaque,1061,200,0.0,4.0,4.0,4.0,0.0,0.0,0.0,0.0,1.0,,0.0,0.0,0.0,0.001743988999951398,4.0,0.0,4.0,,0.0,0.0,,,,,,,,,,
autonomy,autonomy,full_aassr,opaque_dependency_l4,tabular_online,evaluation_unseen_zero_shot,opaque,1103,200,0.0,4.0,4.0,4.0,0.0,0.0,0.0,0.0,1.0,,0.0,0.0,0.0,0.0023822079996170943,4.0,0.0,4.0,,0.0,0.0,,,,,,,,,,
autonomy,autonomy,full_aassr,opaque_dependency_l4,tabular_online,evaluation_unseen_zero_shot,opaque,1151,200,0.0,4.0,4.0,4.0,0.0,0.0,0.0,0.0,0.9999999999999999,,0.0,0.0,0.0,0.002500967000669334,4.0,0.0,4.0,,0.0,0.0,,,,,,,,,,
autonomy,autonomy,full_aassr,opaque_dependency_l4,tabular_online,evaluation_unseen_zero_shot,opaque,1201,200,0.0,4.0,4.0,4.0,0.0,0.0,0.0,0.0,1.0,,0.0,0.0,0.0,0.002392799498338718,4.0,0.0,4.0,,0.0,0.0,,,,,,,,,,
autonomy,autonomy,full_aassr,opaque_dependency_l4,tabular_online,evaluation_unseen_zero_shot,opaque,1259,200,0.0,4.0,4.0,4.0,0.0,0.0,0.0,0.0,1.0,,0.0,0.0,0.0,0.0025323914995533416,4.0,0.0,4.0,,0.0,0.0,,,,,,,,,,
autonomy,autonomy,full_aassr,opaque_dependency_l4,tabular_online,evaluation_unseen_zero_shot,opaque,1301,200,0.0,4.0,4.0,4.0,0.0,0.0,0.0,0.0,1.0,,0.0,0.0,0.0,0.0021579299996665213,4.0,0.0,4.0,,0.0,0.0,,,,,,,,,,
autonomy,autonomy,full_aassr,opaque_dependency_l4,tabular_online,evaluation_unseen_zero_shot,opaque,131,200,0.0,4.0,4.0,4.0,0.0,0.0,0.0,0.0,1.0,,0.0,0.0,0.0,0.0024534259979554916,4.0,0.0,4.0,,0.0,0.0,,,,,,,,,,
autonomy,autonomy,full_aassr,opaque_dependency_l4,tabular_online,evaluation_unseen_zero_shot,opaque,1361,200,0.0,4.0,4.0,4.0,0.0,0.0,0.0,0.0,0.9999999999999999,,0.0,0.0,0.0,0.0024803494999650864,4.0,0.0,4.0,,0.0,0.0,,,,,,,,,,
autonomy,autonomy,full_aassr,opaque_dependency_l4,tabular_online,evaluation_unseen_zero_shot,opaque,1423,200,0.0,4.0,4.0,4.0,0.0,0.0,0.0,0.0,0.9999999999999999,,0.0,0.0,0.0,0.002237510500854114,4.0,0.0,4.0,,0.0,0.0,,,,,,,,,,
autonomy,autonomy,full_aassr,opaque_dependency_l4,tabular_online,evaluation_unseen_zero_shot,opaque,1481,200,0.0,4.0,4.0,4.0,0.0,0.0,0.0,0.0,0.9999999999999999,,0.0,0.0,0.0,0.001778797999577364,4.0,0.0,4.0,,0.0,0.0,,,,,,,,,,
autonomy,autonomy,full_aassr,opaque_dependency_l4,tabular_online,evaluation_unseen_zero_shot,opaque,1543,200,0.0,4.0,4.0,4.0,0.0,0.0,0.0,0.0,1.0,,0.0,0.0,0.0,0.0024756600009277463,4.0,0.0,4.0,,0.0,0.0,,,,,,,,,,
autonomy,autonomy,full_aassr,opaque_dependency_l4,tabular_online,evaluation_unseen_zero_shot,opaque,1601,200,0.0,4.0,4.0,4.0,0.0,0.0,0.0,0.0,1.0,,0.0,0.0,0.0,0.001785824999533361,4.0,0.0,4.0,,0.0,0.0,,,,,,,,,,
autonomy,autonomy,full_aassr,opaque_dependency_l4,tabular_online,evaluation_unseen_zero_shot,opaque,173,200,0.0,4.0,4.0,4.0,0.0,0.0,0.0,0.0,1.0,,0.0,0.0,0.0,0.0019887655007187277,4.0,0.0,4.0,,0.0,0.0,,,,,,,,,,
autonomy,autonomy,full_aassr,opaque_dependency_l4,tabular_online,evaluation_unseen_zero_shot,opaque,211,200,0.0,4.0,4.0,4.0,0.0,0.0,0.0,0.0,1.0,,0.0,0.0,0.0,0.0024394800000300167,4.0,0.0,4.0,,0.0,0.0,,,,,,,,,,
autonomy,autonomy,full_aassr,opaque_dependency_l4,tabular_online,evaluation_unseen_zero_shot,opaque,257,200,0.0,4.0,4.0,4.0,0.0,0.0,0.0,0.0,0.9999999999999999,,0.0,0.0,0.0,0.002554621500603389,4.0,0.0,4.0,,0.0,0.0,,,,,,,,,,
autonomy,autonomy,full_aassr,opaque_dependency_l4,tabular_online,evaluation_unseen_zero_shot,opaque,307,200,0.0,4.0,4.0,4.0,0.0,0.0,0.0,0.0,1.0,,0.0,0.0,0.0,0.002408943500195164,4.0,0.0,4.0,,0.0,0.0,,,,,,,,,,
autonomy,autonomy,full_aassr,opaque_dependency_l4,tabular_online,evaluation_unseen_zero_shot,opaque,353,200,0.0,4.0,4.0,4.0,0.0,0.0,0.0,0.0,0.9999999999999999,,0.0,0.0,0.0,0.0019798834985704163,4.0,0.0,4.0,,0.0,0.0,,,,,,,,,,
autonomy,autonomy,full_aassr,opaque_dependency_l4,tabular_online,evaluation_unseen_zero_shot,opaque,401,200,0.0,4.0,4.0,4.0,0.0,0.0,0.0,0.0,0.9999999999999999,,0.0,0.0,0.0,0.0020434680000471417,4.0,0.0,4.0,,0.0,0.0,,,,,,,,,,
autonomy,autonomy,full_aassr,opaque_dependency_l4,tabular_online,evaluation_unseen_zero_shot,opaque,457,200,0.0,4.0,4.0,4.0,0.0,0.0,0.0,0.0,1.0,,0.0,0.0,0.0,0.0021641380003711674,4.0,0.0,4.0,,0.0,0.0,,,,,,,,,,
autonomy,autonomy,full_aassr,opaque_dependency_l4,tabular_online,evaluation_unseen_zero_shot,opaque,503,200,0.0,4.0,4.0,4.0,0.0,0.0,0.0,0.0,1.0,,0.0,0.0,0.0,0.002464506000542315,4.0,0.0,4.0,,0.0,0.0,,,,,,,,,,
autonomy,autonomy,full_aassr,opaque_dependency_l4,tabular_online,evaluation_unseen_zero_shot,opaque,557,200,0.0,4.0,4.0,4.0,0.0,0.0,0.0,0.0,0.9999999999999999,,0.0,0.0,0.0,0.002047885499923723,4.0,0.0,4.0,,0.0,0.0,,,,,,,,,,
autonomy,autonomy,full_aassr,opaque_dependency_l4,tabular_online,evaluation_unseen_zero_shot,opaque,601,200,0.0,4.0,4.0,4.0,0.0,0.0,0.0,0.0,1.0,,0.0,0.0,0.0,0.002483513000479434,4.0,0.0,4.0,,0.0,0.0,,,,,,,,,,
autonomy,autonomy,full_aassr,opaque_dependency_l4,tabular_online,evaluation_unseen_zero_shot,opaque,659,200,0.0,4.0,4.0,4.0,0.0,0.0,0.0,0.0,0.9999999999999999,,0.0,0.0,0.0,0.00243615949904779,4.0,0.0,4.0,,0.0,0.0,,,,,,,,,,
autonomy,autonomy,full_aassr,opaque_dependency_l4,tabular_online,evaluation_unseen_zero_shot,opaque,701,200,0.0,4.0,4.0,4.0,0.0,0.0,0.0,0.0,0.9999999999999999,,0.0,0.0,0.0,0.0021199534997867887,4.0,0.0,4.0,,0.0,0.0,,,,,,,,,,
autonomy,autonomy,full_aassr,opaque_dependency_l4,tabular_online,evaluation_unseen_zero_shot,opaque,761,200,0.0,4.0,4.0,4.0,0.0,0.0,0.0,0.0,0.9999999999999999,,0.0,0.0,0.0,0.0026646639993123246,4.0,0.0,4.0,,0.0,0.0,,,,,,,,,,
autonomy,autonomy,full_aassr,opaque_dependency_l4,tabular_online,evaluation_unseen_zero_shot,opaque,809,200,0.0,4.0,4.0,4.0,0.0,0.0,0.0,0.0,0.9999999999999999,,0.0,0.0,0.0,0.002043291000154568,4.0,0.0,4.0,,0.0,0.0,,,,,,,,,,
autonomy,autonomy,full_aassr,opaque_dependency_l4,tabular_online,evaluation_unseen_zero_shot,opaque,857,200,0.0,4.0,4.0,4.0,0.0,0.0,0.0,0.0,0.9999999999999999,,0.0,0.0,0.0,0.0025766075002320575,4.0,0.0,4.0,,0.0,0.0,,,,,,,,,,
autonomy,autonomy,full_aassr,opaque_dependency_l4,tabular_online,evaluation_unseen_zero_shot,opaque,907,200,0.0,4.0,4.0,4.0,0.0,0.0,0.0,0.0,1.0,,0.0,0.0,0.0,0.0026053035011864268,4.0,0.0,4.0,,0.0,0.0,,,,,,,,,,
autonomy,autonomy,full_aassr,opaque_dependency_l4,tabular_online,evaluation_unseen_zero_shot,opaque,953,200,0.0,4.0,4.0,4.0,0.0,0.0,0.0,0.0,0.9999999999999999,,0.0,0.0,0.0,0.002543741500849137,4.0,0.0,4.0,,0.0,0.0,,,,,,,,,,
autonomy,autonomy,full_aassr,opaque_dependency_l4,tabular_online,training,opaque,1009,2000,0.587,4.0,4.0,4.0,0.587,0.0,0.0,0.99025,0.12370411523644392,2.0138888888888892e-05,42.478,3.5175,0.587,0.002204537550380337,4.0,42.478,4.0,,0.0,0.0,0.5870435217608805,0.795,40,,,,,,,
autonomy,autonomy,full_aassr,opaque_dependency_l4,tabular_online,training,opaque,1061,2000,0.5695,4.0,4.0,4.0,0.5695,0.0,0.0,0.99025,0.12376101074836288,3.90625e-06,42.409,3.498,0.5695,0.0019992288500943686,4.0,42.409,4.0,,0.0,0.0,0.5695347673836918,0.78,24,,,,,,,
autonomy,autonomy,full_aassr,opaque_dependency_l4,tabular_online,training,opaque,1103,2000,0.4985,4.0,4.0,4.0,0.4985,0.0,0.0,0.990375,0.1238722893347062,6.250000000000005e-06,42.675,3.53,0.4985,0.002085247100025299,4.0,42.675,4.0,,0.0,0.0,0.4984992496248124,0.695,40,,,,,,,
autonomy,autonomy,full_aassr,opaque_dependency_l4,tabular_online,training,opaque,1151,2000,0.569,4.0,4.0,4.0,0.569,0.0,0.0,0.989875,0.12337442692519435,9.341032608695648e-06,42.429,3.503,0.569,0.0020252355000266106,4.0,42.429,4.0,,0.0,0.0,0.5692846423211606,0.825,68,,,,,,,
autonomy,autonomy,full_aassr,opaque_dependency_l4,tabular_online,training,opaque,1201,2000,0.4875,4.0,4.0,4.0,0.4875,0.0,0.0,0.989375,0.12372251477311938,2.0501746894409902e-05,43.122,3.5515,0.4875,0.0020631303500122157,4.0,43.122,4.0,,0.0,0.0,0.4874937468734367,0.68,112,,,,,,,
autonomy,autonomy,full_aassr,opaque_dependency_l4,tabular_online,training,opaque,1259,2000,0.5895,4.0,4.0,4.0,0.5895,0.0,0.0,0.99075,0.12364182496143702,7.8125e-06,43.111,3.5285,0.5895,0.0020390906497777905,4.0,43.111,4.0,,0.0,0.0,0.5895447723861931,0.805,128,,,,,,,
autonomy,autonomy,full_aassr,opaque_dependency_l4,tabular_online,training,opaque,1301,2000,0.58,4.0,4.0,4.0,0.58,0.0,0.0,0.989625,0.12362189892814594,2.287197098317642e-05,42.61,3.527,0.58,0.002134669549908722,4.0,42.61,4.0,,0.0,0.0,0.5802901450725363,0.815,312,,,,,,,
autonomy,autonomy,full_aassr,opaque_dependency_l4,tabular_online,training,opaque,131,2000,0.658,4.0,4.0,4.0,0.658,0.0,0.0,0.98925,0.12289620913349497,1.5425857843137253e-05,42.922,3.517,0.658,0.0021073945499520052,4.0,42.922,4.0,,0.0,0.0,0.6580790395197599,0.895,104,,,,,,,
autonomy,autonomy,full_aassr,opaque_dependency_l4,tabular_online,training,opaque,1361,2000,0.645,4.0,4.0,4.0,0.645,0.0,0.0,0.99,0.12350545595029969,0.0,42.4615,3.5315,0.645,0.0021150960496597693,4.0,42.4615,4.0,,0.0,0.0,0.6450725362681341,0.895,20,,,,,,,
autonomy,autonomy,full_aassr,opaque_dependency_l4,tabular_online,training,opaque,1423,2000,0.593,4.0,4.0,4.0,0.593,0.0,0.0,0.990125,0.12342516982359936,8.928571428571424e-06,42.277,3.527,0.593,0.002129092550254427,4.0,42.277,4.0,,0.0,0.0,0.5930465232616308,0.8,32,,,,,,,
autonomy,autonomy,full_aassr,opaque_dependency_l4,tabular_online,training,opaque,1481,2000,0.661,4.0,4.0,4.0,0.661,0.0,0.0,0.98975,0.12368983645604874,5.952380952380945e-06,42.242,3.507,0.661,0.0019627195501088863,4.0,42.242,4.0,,0.0,0.0,0.6610805402701351,0.895,36,,,,,,,
autonomy,autonomy,full_aassr,opaque_dependency_l4,tabular_online,training,opaque,1543,2000,0.5665,4.0,4.0,4.0,0.5665,0.0,0.0,0.99,0.12369316835983576,1.2526939655172418e-05,42.4785,3.516,0.5665,0.002079869949622662,4.0,42.4785,4.0,,0.0,0.0,0.5665332666333167,0.8,32,,,,,,,
autonomy,autonomy,full_aassr,opaque_dependency_l4,tabular_online,training,opaque,1601,2000,0.6625,4.0,4.0,4.0,0.6625,0.0,0.0,0.989375,0.12301807903301401,3.90625e-06,42.546,3.5255,0.6625,0.002025045099915587,4.0,42.546,4.0,,0.0,0.0,0.6625812906453227,0.9,48,,,,,,,
autonomy,autonomy,full_aassr,opaque_dependency_l4,tabular_online,training,opaque,173,2000,0.649,4.0,4.0,4.0,0.649,0.0,0.0,0.9905,0.12376491389318885,2.083333333333333e-05,42.3785,3.5025,0.649,0.002113960899761878,4.0,42.3785,4.0,,0.0,0.0,0.6490745372686343,0.91,16,,,,,,,
autonomy,autonomy,full_aassr,opaque_dependency_l4,tabular_online,training,opaque,211,2000,0.6335,4.0,4.0,4.0,0.6335,0.0,0.0,0.990375,0.12351643117096109,0.0,42.3635,3.4955,0.6335,0.0022245368501753546,4.0,42.3635,4.0,,0.0,0.0,0.6335667833916958,0.915,60,,,,,,,
autonomy,autonomy,full_aassr,opaque_dependency_l4,tabular_online,training,opaque,257,2000,0.658,4.0,4.0,4.0,0.658,0.0,0.0,0.989875,0.12360820309506454,1.779513888888889e-05,42.421,3.504,0.658,0.0021268905000033558,4.0,42.421,4.0,,0.0,0.0,0.6580790395197599,0.915,24,,,,,,,
autonomy,autonomy,full_aassr,opaque_dependency_l4,tabular_online,training,opaque,307,2000,0.658,4.0,4.0,4.0,0.658,0.0,0.0,0.99025,0.12327431720847526,1.171875e-05,42.4775,3.501,0.658,0.002194447399902856,4.0,42.4775,4.0,,0.0,0.0,0.6580790395197599,0.925,36,,,,,,,
autonomy,autonomy,full_aassr,opaque_dependency_l4,tabular_online,training,opaque,353,2000,0.672,4.0,4.0,4.0,0.672,0.0,0.0,0.989625,0.12326869915172546,1.8928571428571435e-05,42.629,3.5105,0.672,0.0019302214003691916,4.0,42.629,4.0,,0.0,0.0,0.6720860430215108,0.925,88,,,,,,,
autonomy,autonomy,full_aassr,opaque_dependency_l4,tabular_online,training,opaque,401,2000,0.577,4.0,4.0,4.0,0.577,0.0,0.0,0.990375,0.12359782396575159,3.90625e-06,42.9085,3.535,0.577,0.002105573849796201,4.0,42.9085,4.0,,0.0,0.0,0.5770385192596298,0.795,80,,,,,,,
autonomy,autonomy,full_aassr,opaque_dependency_l4,tabular_online,training,opaque,457,2000,0.655,4.0,4.0,4.0,0.655,0.0,0.0,0.990125,0.12372232834977334,8.333333333333332e-06,41.9385,3.474,0.655,0.0020555144500249297,4.0,41.9385,4.0,,0.0,0.0,0.6550775387693847,0.91,24,,,,,,,
autonomy,autonomy,full_aassr,opaque_dependency_l4,tabular_online,training,opaque,503,2000,0.565,4.0,4.0,4.0,0.565,0.0,0.0,0.98975,0.12361268526426765,2.6388888888888885e-05,42.1615,3.5105,0.565,0.002181961949259858,4.0,42.1615,4.0,,0.0,0.0,0.5652826413206603,0.785,16,,,,,,,
autonomy,autonomy,full_aassr,opaque_dependency_l4,tabular_online,training,opaque,557,2000,0.5755,4.0,4.0,4.0,0.5755,0.0,0.0,0.99025,0.12338982491621545,2.3065476190476198e-05,42.7285,3.529,0.5755,0.0018782051500311355,4.0,42.7285,4.0,,0.0,0.0,0.5755377688844422,0.8,100,,,,,,,
autonomy,autonomy,full_aassr,opaque_dependency_l4,tabular_online,training,opaque,601,2000,0.5815,4.0,4.0,4.0,0.5815,0.0,0.0,0.9895,0.12334793458773634,1.4705882352941173e-05,42.9335,3.5405,0.5815,0.0021594501999934435,4.0,42.9335,4.0,,0.0,0.0,0.5815407703851926,0.785,16,,,,,,,
autonomy,autonomy,full_aassr,opaque_dependency_l4,tabular_online,training,opaque,659,2000,0.674,4.0,4.0,4.0,0.674,0.0,0.0,0.99,0.1237698019672954,1.0416666666666665e-05,42.604,3.501,0.674,0.002072594400277012,4.0,42.604,4.0,,0.0,0.0,0.6740870435217609,0.915,8,,,,,,,
autonomy,autonomy,full_aassr,opaque_dependency_l4,tabular_online,training,opaque,701,2000,0.577,4.0,4.0,4.0,0.577,0.0,0.0,0.989875,0.12375953163877108,2.0004734848484855e-05,42.7705,3.528,0.577,0.0021083258002181538,4.0,42.7705,4.0,,0.0,0.0,0.5772886443221611,0.81,32,,,,,,,
autonomy,autonomy,full_aassr,opaque_dependency_l4,tabular_online,training,opaque,761,2000,0.664,4.0,4.0,4.0,0.664,0.0,0.0,0.989125,0.12324390884889512,1.1363636363636368e-05,42.4685,3.5055,0.664,0.002083149149824749,4.0,42.4685,4.0,,0.0,0.0,0.6640820410205103,0.92,152,,,,,,,
autonomy,autonomy,full_aassr,opaque_dependency_l4,tabular_online,training,opaque,809,2000,0.6645,4.0,4.0,4.0,0.6645,0.0,0.0,0.989875,0.1233534245965073,1.686707949308753e-05,42.559,3.4925,0.6645,0.0021505476996389918,4.0,42.559,4.0,,0.0,0.0,0.6645822911455728,0.9,100,,,,,,,
autonomy,autonomy,full_aassr,opaque_dependency_l4,tabular_online,training,opaque,857,2000,0.6685,4.0,4.0,4.0,0.6685,0.0,0.0,0.99125,0.12394482057974704,3.749999999999998e-05,42.7405,3.53,0.6685,0.0023616277000983246,4.0,42.7405,4.0,,0.0,0.0,0.6685842921460731,0.915,68,,,,,,,
autonomy,autonomy,full_aassr,opaque_dependency_l4,tabular_online,training,opaque,907,2000,0.644,4.0,4.0,4.0,0.644,0.0,0.0,0.989875,0.12366254775171268,1.767436594202898e-05,42.093,3.494,0.644,0.002218321399515844,4.0,42.093,4.0,,0.0,0.0,0.644072036018009,0.905,40,,,,,,,
autonomy,autonomy,full_aassr,opaque_dependency_l4,tabular_online,training,opaque,953,2000,0.664,4.0,4.0,4.0,0.664,0.0,0.0,0.9895,0.12351022789621431,2.418154761904762e-05,42.626,3.523,0.664,0.002203436350435368,4.0,42.626,4.0,,0.0,0.0,0.6640820410205103,0.92,192,,,,,,,
autonomy,autonomy,full_aassr,opaque_dependency_l6,tabular_online,evaluation_seen,opaque,1009,200,0.0,6.0,6.0,6.0,0.0,0.0,0.0,0.0,1.0,,0.0,0.0,0.0,0.0030212154999026096,6.0,0.0,6.0,,0.0,0.0,,,,,,,,,,
autonomy,autonomy,full_aassr,opaque_dependency_l6,tabular_online,evaluation_seen,opaque,1061,200,0.0,6.0,6.0,6.0,0.0,0.0,0.0,0.0,1.0,,0.0,0.0,0.0,0.003033440000144765,6.0,0.0,6.0,,0.0,0.0,,,,,,,,,,
autonomy,autonomy,full_aassr,opaque_dependency_l6,tabular_online,evaluation_seen,opaque,1103,200,0.0,6.0,6.0,6.0,0.0,0.0,0.0,0.0,1.0,,0.0,0.0,0.0,0.003724409499700414,6.0,0.0,6.0,,0.0,0.0,,,,,,,,,,
autonomy,autonomy,full_aassr,opaque_dependency_l6,tabular_online,evaluation_seen,opaque,1151,200,0.0,6.0,6.0,6.0,0.0,0.0,0.0,0.0,1.0,,0.0,0.0,0.0,0.0040181645001575814,6.0,0.0,6.0,,0.0,0.0,,,,,,,,,,
autonomy,autonomy,full_aassr,opaque_dependency_l6,tabular_online,evaluation_seen,opaque,1201,200,0.0,6.0,6.0,6.0,0.0,0.0,0.0,0.0,1.0,,0.0,0.0,0.0,0.00395215549870045,6.0,0.0,6.0,,0.0,0.0,,,,,,,,,,
autonomy,autonomy,full_aassr,opaque_dependency_l6,tabular_online,evaluation_seen,opaque,1259,200,0.0,6.0,6.0,6.0,0.0,0.0,0.0,0.0,1.0,,0.0,0.0,0.0,0.0037645814997085835,6.0,0.0,6.0,,0.0,0.0,,,,,,,,,,
autonomy,autonomy,full_aassr,opaque_dependency_l6,tabular_online,evaluation_seen,opaque,1301,200,0.0,6.0,6.0,6.0,0.0,0.0,0.0,0.0,1.0,,0.0,0.0,0.0,0.003454905999242328,6.0,0.0,6.0,,0.0,0.0,,,,,,,,,,
autonomy,autonomy,full_aassr,opaque_dependency_l6,tabular_online,evaluation_seen,opaque,131,200,0.0,6.0,6.0,6.0,0.0,0.0,0.0,0.0,1.0,,0.0,0.0,0.0,0.003193725999153685,6.0,0.0,6.0,,0.0,0.0,,,,,,,,,,
autonomy,autonomy,full_aassr,opaque_dependency_l6,tabular_online,evaluation_seen,opaque,1361,200,0.0,6.0,6.0,6.0,0.0,0.0,0.0,0.0,1.0,,0.0,0.0,0.0,0.003752160501317121,6.0,0.0,6.0,,0.0,0.0,,,,,,,,,,
autonomy,autonomy,full_aassr,opaque_dependency_l6,tabular_online,evaluation_seen,opaque,1423,200,0.0,6.0,6.0,6.0,0.0,0.0,0.0,0.0,1.0,,0.0,0.0,0.0,0.0034511785001086538,6.0,0.0,6.0,,0.0,0.0,,,,,,,,,,
autonomy,autonomy,full_aassr,opaque_dependency_l6,tabular_online,evaluation_seen,opaque,1481,200,0.0,6.0,6.0,6.0,0.0,0.0,0.0,0.0,1.0,,0.0,0.0,0.0,0.003007898998912424,6.0,0.0,6.0,,0.0,0.0,,,,,,,,,,
autonomy,autonomy,full_aassr,opaque_dependency_l6,tabular_online,evaluation_seen,opaque,1543,200,0.0,6.0,6.0,6.0,0.0,0.0,0.0,0.0,1.0,,0.0,0.0,0.0,0.002928421500546392,6.0,0.0,6.0,,0.0,0.0,,,,,,,,,,
autonomy,autonomy,full_aassr,opaque_dependency_l6,tabular_online,evaluation_seen,opaque,1601,200,0.0,6.0,6.0,6.0,0.0,0.0,0.0,0.0,1.0,,0.0,0.0,0.0,0.0028282919999037402,6.0,0.0,6.0,,0.0,0.0,,,,,,,,,,
autonomy,autonomy,full_aassr,opaque_dependency_l6,tabular_online,evaluation_seen,opaque,173,200,0.0,6.0,6.0,6.0,0.0,0.0,0.0,0.0,1.0,,0.0,0.0,0.0,0.0033818360009172464,6.0,0.0,6.0,,0.0,0.0,,,,,,,,,,
autonomy,autonomy,full_aassr,opaque_dependency_l6,tabular_online,evaluation_seen,opaque,211,200,0.0,6.0,6.0,6.0,0.0,0.0,0.0,0.0,1.0,,0.0,0.0,0.0,0.00371374149894109,6.0,0.0,6.0,,0.0,0.0,,,,,,,,,,
autonomy,autonomy,full_aassr,opaque_dependency_l6,tabular_online,evaluation_seen,opaque,257,200,0.0,6.0,6.0,6.0,0.0,0.0,0.0,0.0,1.0,,0.0,0.0,0.0,0.00383492849956383,6.0,0.0,6.0,,0.0,0.0,,,,,,,,,,
autonomy,autonomy,full_aassr,opaque_dependency_l6,tabular_online,evaluation_seen,opaque,307,200,0.0,6.0,6.0,6.0,0.0,0.0,0.0,0.0,1.0,,0.0,0.0,0.0,0.0037165250012185427,6.0,0.0,6.0,,0.0,0.0,,,,,,,,,,
autonomy,autonomy,full_aassr,opaque_dependency_l6,tabular_online,evaluation_seen,opaque,353,200,0.0,6.0,6.0,6.0,0.0,0.0,0.0,0.0,1.0,,0.0,0.0,0.0,0.004059479498537257,6.0,0.0,6.0,,0.0,0.0,,,,,,,,,,
autonomy,autonomy,full_aassr,opaque_dependency_l6,tabular_online,evaluation_seen,opaque,401,200,0.0,6.0,6.0,6.0,0.0,0.0,0.0,0.0,1.0,,0.0,0.0,0.0,0.003375270498509053,6.0,0.0,6.0,,0.0,0.0,,,,,,,,,,
autonomy,autonomy,full_aassr,opaque_dependency_l6,tabular_online,evaluation_seen,opaque,457,200,0.0,6.0,6.0,6.0,0.0,0.0,0.0,0.0,1.0,,0.0,0.0,0.0,0.004177226500178222,6.0,0.0,6.0,,0.0,0.0,,,,,,,,,,
autonomy,autonomy,full_aassr,opaque_dependency_l6,tabular_online,evaluation_seen,opaque,503,200,0.0,6.0,6.0,6.0,0.0,0.0,0.0,0.0,1.0,,0.0,0.0,0.0,0.003244232501310762,6.0,0.0,6.0,,0.0,0.0,,,,,,,,,,
autonomy,autonomy,full_aassr,opaque_dependency_l6,tabular_online,evaluation_seen,opaque,557,200,0.0,6.0,6.0,6.0,0.0,0.0,0.0,0.0,1.0,,0.0,0.0,0.0,0.0033653689998027403,6.0,0.0,6.0,,0.0,0.0,,,,,,,,,,
autonomy,autonomy,full_aassr,opaque_dependency_l6,tabular_online,evaluation_seen,opaque,601,200,0.0,6.0,6.0,6.0,0.0,0.0,0.0,0.0,1.0,,0.0,0.0,0.0,0.0035247079997498074,6.0,0.0,6.0,,0.0,0.0,,,,,,,,,,
autonomy,autonomy,full_aassr,opaque_dependency_l6,tabular_online,evaluation_seen,opaque,659,200,0.0,6.0,6.0,6.0,0.0,0.0,0.0,0.0,1.0,,0.0,0.0,0.0,0.003277851500461111,6.0,0.0,6.0,,0.0,0.0,,,,,,,,,,
autonomy,autonomy,full_aassr,opaque_dependency_l6,tabular_online,evaluation_seen,opaque,701,200,0.0,6.0,6.0,6.0,0.0,0.0,0.0,0.0,1.0,,0.0,0.0,0.0,0.003373218000488123,6.0,0.0,6.0,,0.0,0.0,,,,,,,,,,
autonomy,autonomy,full_aassr,opaque_dependency_l6,tabular_online,evaluation_seen,opaque,761,200,0.0,6.0,6.0,6.0,0.0,0.0,0.0,0.0,1.0,,0.0,0.0,0.0,0.004159432000305969,6.0,0.0,6.0,,0.0,0.0,,,,,,,,,,
autonomy,autonomy,full_aassr,opaque_dependency_l6,tabular_online,evaluation_seen,opaque,809,200,0.0,6.0,6.0,6.0,0.0,0.0,0.0,0.0,1.0,,0.0,0.0,0.0,0.0038187459998880514,6.0,0.0,6.0,,0.0,0.0,,,,,,,,,,
autonomy,autonomy,full_aassr,opaque_dependency_l6,tabular_online,evaluation_seen,opaque,857,200,0.0,6.0,6.0,6.0,0.0,0.0,0.0,0.0,1.0,,0.0,0.0,0.0,0.003959896000305889,6.0,0.0,6.0,,0.0,0.0,,,,,,,,,,
autonomy,autonomy,full_aassr,opaque_dependency_l6,tabular_online,evaluation_seen,opaque,907,200,0.0,6.0,6.0,6.0,0.0,0.0,0.0,0.0,1.0,,0.0,0.0,0.0,0.0036114419986552093,6.0,0.0,6.0,,0.0,0.0,,,,,,,,,,
autonomy,autonomy,full_aassr,opaque_dependency_l6,tabular_online,evaluation_seen,opaque,953,200,0.0,6.0,6.0,6.0,0.0,0.0,0.0,0.0,1.0,,0.0,0.0,0.0,0.002895915001427056,6.0,0.0,6.0,,0.0,0.0,,,,,,,,,,
autonomy,autonomy,full_aassr,opaque_dependency_l6,tabular_online,evaluation_unseen_zero_shot,opaque,1009,200,0.0,6.0,6.0,6.0,0.0,0.0,0.0,0.0,1.0,,0.0,0.0,0.0,0.0033492649989784696,6.0,0.0,6.0,,0.0,0.0,,,,,,,,,,
autonomy,autonomy,full_aassr,opaque_dependency_l6,tabular_online,evaluation_unseen_zero_shot,opaque,1061,200,0.0,6.0,6.0,6.0,0.0,0.0,0.0,0.0,1.0,,0.0,0.0,0.0,0.0028392034997523296,6.0,0.0,6.0,,0.0,0.0,,,,,,,,,,
autonomy,autonomy,full_aassr,opaque_dependency_l6,tabular_online,evaluation_unseen_zero_shot,opaque,1103,200,0.0,6.0,6.0,6.0,0.0,0.0,0.0,0.0,1.0,,0.0,0.0,0.0,0.0038611304994265083,6.0,0.0,6.0,,0.0,0.0,,,,,,,,,,
autonomy,autonomy,full_aassr,opaque_dependency_l6,tabular_online,evaluation_unseen_zero_shot,opaque,1151,200,0.0,6.0,6.0,6.0,0.0,0.0,0.0,0.0,1.0,,0.0,0.0,0.0,0.003780016000091564,6.0,0.0,6.0,,0.0,0.0,,,,,,,,,,
autonomy,autonomy,full_aassr,opaque_dependency_l6,tabular_online,evaluation_unseen_zero_shot,opaque,1201,200,0.0,6.0,6.0,6.0,0.0,0.0,0.0,0.0,1.0,,0.0,0.0,0.0,0.00437852099945303,6.0,0.0,6.0,,0.0,0.0,,,,,,,,,,
autonomy,autonomy,full_aassr,opaque_dependency_l6,tabular_online,evaluation_unseen_zero_shot,opaque,1259,200,0.0,6.0,6.0,6.0,0.0,0.0,0.0,0.0,1.0,,0.0,0.0,0.0,0.0038524585003324317,6.0,0.0,6.0,,0.0,0.0,,,,,,,,,,
autonomy,autonomy,full_aassr,opaque_dependency_l6,tabular_online,evaluation_unseen_zero_shot,opaque,1301,200,0.0,6.0,6.0,6.0,0.0,0.0,0.0,0.0,1.0,,0.0,0.0,0.0,0.00358654449970345,6.0,0.0,6.0,,0.0,0.0,,,,,,,,,,
autonomy,autonomy,full_aassr,opaque_dependency_l6,tabular_online,evaluation_unseen_zero_shot,opaque,131,200,0.0,6.0,6.0,6.0,0.0,0.0,0.0,0.0,1.0,,0.0,0.0,0.0,0.0030789259991433936,6.0,0.0,6.0,,0.0,0.0,,,,,,,,,,
autonomy,autonomy,full_aassr,opaque_dependency_l6,tabular_online,evaluation_unseen_zero_shot,opaque,1361,200,0.0,6.0,6.0,6.0,0.0,0.0,0.0,0.0,1.0,,0.0,0.0,0.0,0.0033904794993577527,6.0,0.0,6.0,,0.0,0.0,,,,,,,,,,
autonomy,autonomy,full_aassr,opaque_dependency_l6,tabular_online,evaluation_unseen_zero_shot,opaque,1423,200,0.0,6.0,6.0,6.0,0.0,0.0,0.0,0.0,1.0,,0.0,0.0,0.0,0.0032220850001613145,6.0,0.0,6.0,,0.0,0.0,,,,,,,,,,
autonomy,autonomy,full_aassr,opaque_dependency_l6,tabular_online,evaluation_unseen_zero_shot,opaque,1481,200,0.0,6.0,6.0,6.0,0.0,0.0,0.0,0.0,1.0,,0.0,0.0,0.0,0.0032102645008126275,6.0,0.0,6.0,,0.0,0.0,,,,,,,,,,
autonomy,autonomy,full_aassr,opaque_dependency_l6,tabular_online,evaluation_unseen_zero_shot,opaque,1543,200,0.0,6.0,6.0,6.0,0.0,0.0,0.0,0.0,1.0,,0.0,0.0,0.0,0.002887495998729719,6.0,0.0,6.0,,0.0,0.0,,,,,,,,,,
autonomy,autonomy,full_aassr,opaque_dependency_l6,tabular_online,evaluation_unseen_zero_shot,opaque,1601,200,0.0,6.0,6.0,6.0,0.0,0.0,0.0,0.0,1.0,,0.0,0.0,0.0,0.0030934765010897534,6.0,0.0,6.0,,0.0,0.0,,,,,,,,,,
autonomy,autonomy,full_aassr,opaque_dependency_l6,tabular_online,evaluation_unseen_zero_shot,opaque,173,200,0.0,6.0,6.0,6.0,0.0,0.0,0.0,0.0,1.0,,0.0,0.0,0.0,0.003374115000187885,6.0,0.0,6.0,,0.0,0.0,,,,,,,,,,
autonomy,autonomy,full_aassr,opaque_dependency_l6,tabular_online,evaluation_unseen_zero_shot,opaque,211,200,0.0,6.0,6.0,6.0,0.0,0.0,0.0,0.0,1.0,,0.0,0.0,0.0,0.0036491644992202054,6.0,0.0,6.0,,0.0,0.0,,,,,,,,,,
autonomy,autonomy,full_aassr,opaque_dependency_l6,tabular_online,evaluation_unseen_zero_shot,opaque,257,200,0.0,6.0,6.0,6.0,0.0,0.0,0.0,0.0,1.0,,0.0,0.0,0.0,0.004033394499128917,6.0,0.0,6.0,,0.0,0.0,,,,,,,,,,
autonomy,autonomy,full_aassr,opaque_dependency_l6,tabular_online,evaluation_unseen_zero_shot,opaque,307,200,0.0,6.0,6.0,6.0,0.0,0.0,0.0,0.0,1.0,,0.0,0.0,0.0,0.004109938999608858,6.0,0.0,6.0,,0.0,0.0,,,,,,,,,,
autonomy,autonomy,full_aassr,opaque_dependency_l6,tabular_online,evaluation_unseen_zero_shot,opaque,353,200,0.0,6.0,6.0,6.0,0.0,0.0,0.0,0.0,1.0,,0.0,0.0,0.0,0.004036810000834521,6.0,0.0,6.0,,0.0,0.0,,,,,,,,,,
autonomy,autonomy,full_aassr,opaque_dependency_l6,tabular_online,evaluation_unseen_zero_shot,opaque,401,200,0.0,6.0,6.0,6.0,0.0,0.0,0.0,0.0,1.0,,0.0,0.0,0.0,0.0035765420003735925,6.0,0.0,6.0,,0.0,0.0,,,,,,,,,,
autonomy,autonomy,full_aassr,opaque_dependency_l6,tabular_online,evaluation_unseen_zero_shot,opaque,457,200,0.0,6.0,6.0,6.0,0.0,0.0,0.0,0.0,1.0,,0.0,0.0,0.0,0.003412843999976758,6.0,0.0,6.0,,0.0,0.0,,,,,,,,,,
autonomy,autonomy,full_aassr,opaque_dependency_l6,tabular_online,evaluation_unseen_zero_shot,opaque,503,200,0.0,6.0,6.0,6.0,0.0,0.0,0.0,0.0,1.0,,0.0,0.0,0.0,0.0036739480009418913,6.0,0.0,6.0,,0.0,0.0,,,,,,,,,,
autonomy,autonomy,full_aassr,opaque_dependency_l6,tabular_online,evaluation_unseen_zero_shot,opaque,557,200,0.0,6.0,6.0,6.0,0.0,0.0,0.0,0.0,1.0,,0.0,0.0,0.0,0.0038422275002812966,6.0,0.0,6.0,,0.0,0.0,,,,,,,,,,
autonomy,autonomy,full_aassr,opaque_dependency_l6,tabular_online,evaluation_unseen_zero_shot,opaque,601,200,0.0,6.0,6.0,6.0,0.0,0.0,0.0,0.0,1.0,,0.0,0.0,0.0,0.0037453600016306154,6.0,0.0,6.0,,0.0,0.0,,,,,,,,,,
autonomy,autonomy,full_aassr,opaque_dependency_l6,tabular_online,evaluation_unseen_zero_shot,opaque,659,200,0.0,6.0,6.0,6.0,0.0,0.0,0.0,0.0,1.0,,0.0,0.0,0.0,0.003297016499709571,6.0,0.0,6.0,,0.0,0.0,,,,,,,,,,
autonomy,autonomy,full_aassr,opaque_dependency_l6,tabular_online,evaluation_unseen_zero_shot,opaque,701,200,0.0,6.0,6.0,6.0,0.0,0.0,0.0,0.0,1.0,,0.0,0.0,0.0,0.003982048500183737,6.0,0.0,6.0,,0.0,0.0,,,,,,,,,,
autonomy,autonomy,full_aassr,opaque_dependency_l6,tabular_online,evaluation_unseen_zero_shot,opaque,761,200,0.0,6.0,6.0,6.0,0.0,0.0,0.0,0.0,1.0,,0.0,0.0,0.0,0.004109217999357497,6.0,0.0,6.0,,0.0,0.0,,,,,,,,,,
autonomy,autonomy,full_aassr,opaque_dependency_l6,tabular_online,evaluation_unseen_zero_shot,opaque,809,200,0.0,6.0,6.0,6.0,0.0,0.0,0.0,0.0,1.0,,0.0,0.0,0.0,0.003587734999746317,6.0,0.0,6.0,,0.0,0.0,,,,,,,,,,
autonomy,autonomy,full_aassr,opaque_dependency_l6,tabular_online,evaluation_unseen_zero_shot,opaque,857,200,0.0,6.0,6.0,6.0,0.0,0.0,0.0,0.0,1.0,,0.0,0.0,0.0,0.003630679001653334,6.0,0.0,6.0,,0.0,0.0,,,,,,,,,,
autonomy,autonomy,full_aassr,opaque_dependency_l6,tabular_online,evaluation_unseen_zero_shot,opaque,907,200,0.0,6.0,6.0,6.0,0.0,0.0,0.0,0.0,1.0,,0.0,0.0,0.0,0.004062521498854039,6.0,0.0,6.0,,0.0,0.0,,,,,,,,,,
autonomy,autonomy,full_aassr,opaque_dependency_l6,tabular_online,evaluation_unseen_zero_shot,opaque,953,200,0.0,6.0,6.0,6.0,0.0,0.0,0.0,0.0,1.0,,0.0,0.0,0.0,0.0033736785006476568,6.0,0.0,6.0,,0.0,0.0,,,,,,,,,,
autonomy,autonomy,full_aassr,opaque_dependency_l6,tabular_online,training,opaque,1009,2000,0.2155,6.0,6.0,6.0,0.2155,0.0,0.0,0.9903333333333334,0.12367009375921013,1.7361111111111104e-05,185.97,5.448,0.2155,0.007083736450003926,6.0,185.97,6.0,,0.0,0.0,0.21560780390195097,0.34,258,,,,,,,
autonomy,autonomy,full_aassr,opaque_dependency_l6,tabular_online,training,opaque,1061,2000,0.2145,6.0,6.0,6.0,0.2145,0.0,0.0,0.9905833333333334,0.12362628950992957,0.0,186.4925,5.43,0.2145,0.006608269249365549,6.0,186.4925,6.0,,0.0,0.0,0.21460730365182593,0.33,684,,,,,,,
autonomy,autonomy,full_aassr,opaque_dependency_l6,tabular_online,training,opaque,1103,2000,0.275,6.0,6.0,6.0,0.275,0.0,0.0,0.9900833333333334,0.1236054389010503,2.6041666666666666e-06,188.043,5.47,0.275,0.007049586849665502,6.0,188.043,6.0,,0.0,0.0,0.2751375687843922,0.39,72,,,,,,,
autonomy,autonomy,full_aassr,opaque_dependency_l6,tabular_online,training,opaque,1151,2000,0.429,6.0,6.0,6.0,0.429,0.0,0.0,0.9898333333333333,0.12367286604340659,1.0416666666666666e-05,189.0205,5.502,0.429,0.006979587699694093,6.0,189.0205,6.0,,0.0,0.0,0.42896448224112055,0.635,948,,,,,,,
autonomy,autonomy,full_aassr,opaque_dependency_l6,tabular_online,training,opaque,1201,2000,0.3555,6.0,6.0,6.0,0.3555,0.0,0.0,0.9886666666666666,0.12311864673355512,6.572420634920634e-06,187.005,5.443,0.3555,0.0073312246999557825,6.0,187.005,6.0,,0.0,0.0,0.35542771385692845,0.49,66,,,,,,,
autonomy,autonomy,full_aassr,opaque_dependency_l6,tabular_online,training,opaque,1259,2000,0.2175,6.0,6.0,6.0,0.2175,0.0,0.0,0.98925,0.12349588743193268,8.41346153846154e-06,187.14,5.458,0.2175,0.007412564699945506,6.0,187.14,6.0,,0.0,0.0,0.2176088044022011,0.33,162,,,,,,,
autonomy,autonomy,full_aassr,opaque_dependency_l6,tabular_online,training,opaque,1301,2000,0.355,6.0,6.0,6.0,0.355,0.0,0.0,0.9895,0.12343763128170789,1.0416666666666666e-05,185.0365,5.4275,0.355,0.006948429750074865,6.0,185.0365,6.0,,0.0,0.0,0.3551775887943972,0.515,348,,,,,,,
autonomy,autonomy,full_aassr,opaque_dependency_l6,tabular_online,training,opaque,131,2000,0.209,6.0,6.0,6.0,0.209,0.0,0.0,0.9898333333333333,0.12328910408809976,1.3764880952380954e-05,184.1075,5.411,0.209,0.007009354600158986,6.0,184.1075,6.0,,0.0,0.0,0.2088544272136068,0.335,1344,,,,,,,
autonomy,autonomy,full_aassr,opaque_dependency_l6,tabular_online,training,opaque,1361,2000,0.285,6.0,6.0,6.0,0.285,0.0,0.0,0.9901666666666666,0.12356286393722817,4.166666666666666e-06,185.0355,5.4185,0.285,0.006981779550027568,6.0,185.0355,6.0,,0.0,0.0,0.28489244622311155,0.46,78,,,,,,,
autonomy,autonomy,full_aassr,opaque_dependency_l6,tabular_online,training,opaque,1423,2000,0.286,6.0,6.0,6.0,0.286,0.0,0.0,0.9909166666666667,0.12379194568509928,2.6041666666666666e-06,184.5965,5.386,0.286,0.006833198450593045,6.0,184.5965,6.0,,0.0,0.0,0.2858929464732366,0.425,192,,,,,,,
autonomy,autonomy,full_aassr,opaque_dependency_l6,tabular_online,training,opaque,1481,2000,0.218,6.0,6.0,6.0,0.218,0.0,0.0,0.9905833333333334,0.12370314251085489,3.472222222222219e-06,186.4205,5.4605,0.218,0.0066436455999937605,6.0,186.4205,6.0,,0.0,0.0,0.21810905452726362,0.305,42,,,,,,,
autonomy,autonomy,full_aassr,opaque_dependency_l6,tabular_online,training,opaque,1543,2000,0.2865,6.0,6.0,6.0,0.2865,0.0,0.0,0.9901666666666666,0.12353756453832232,1.0416666666666666e-05,184.711,5.4405,0.2865,0.006396591149736196,6.0,184.711,6.0,,0.0,0.0,0.2866433216608304,0.425,60,,,,,,,
autonomy,autonomy,full_aassr,opaque_dependency_l6,tabular_online,training,opaque,1601,2000,0.3535,6.0,6.0,6.0,0.3535,0.0,0.0,0.9898333333333333,0.12337605924285937,0.0,188.98,5.488,0.3535,0.006096679049747763,6.0,188.98,6.0,,0.0,0.0,0.3536768384192096,0.525,1050,,,,,,,
autonomy,autonomy,full_aassr,opaque_dependency_l6,tabular_online,training,opaque,173,2000,0.288,6.0,6.0,6.0,0.288,0.0,0.0,0.9896666666666666,0.12353527436127738,1.5500992063492063e-05,187.153,5.4695,0.288,0.0071979491997772125,6.0,187.153,6.0,,0.0,0.0,0.288144072036018,0.42,390,,,,,,,
autonomy,autonomy,full_aassr,opaque_dependency_l6,tabular_online,training,opaque,211,2000,0.21,6.0,6.0,6.0,0.21,0.0,0.0,0.989,0.1232975620659312,2.6041666666666666e-06,184.776,5.408,0.21,0.0068176232994010206,6.0,184.776,6.0,,0.0,0.0,0.20985492746373186,0.31,84,,,,,,,
autonomy,autonomy,full_aassr,opaque_dependency_l6,tabular_online,training,opaque,257,2000,0.311,6.0,6.0,6.0,0.311,0.0,0.0,0.9899166666666667,0.12361761275639564,9.374999999999997e-06,186.533,5.4255,0.311,0.006703196149916039,6.0,186.533,6.0,,0.0,0.0,0.31090545272636316,0.56,252,,,,,,,
autonomy,autonomy,full_aassr,opaque_dependency_l6,tabular_online,training,opaque,307,2000,0.292,6.0,6.0,6.0,0.292,0.0,0.0,0.9903333333333334,0.12371362860365194,7.301587301587304e-06,186.8855,5.448,0.292,0.007101488549873466,6.0,186.8855,6.0,,0.0,0.0,0.29214607303651824,0.45,36,,,,,,,
autonomy,autonomy,full_aassr,opaque_dependency_l6,tabular_online,training,opaque,353,2000,0.2895,6.0,6.0,6.0,0.2895,0.0,0.0,0.9908333333333333,0.12368307371675039,2.6041666666666666e-06,188.297,5.465,0.2895,0.006994473149708938,6.0,188.297,6.0,,0.0,0.0,0.2896448224112056,0.465,78,,,,,,,
autonomy,autonomy,full_aassr,opaque_dependency_l6,tabular_online,training,opaque,401,2000,0.283,6.0,6.0,6.0,0.283,0.0,0.0,0.9900833333333334,0.12351452523975118,3.7878787878787865e-06,185.231,5.4165,0.283,0.006938856750028208,6.0,185.231,6.0,,0.0,0.0,0.28289144572286146,0.435,546,,,,,,,
autonomy,autonomy,full_aassr,opaque_dependency_l6,tabular_online,training,opaque,457,2000,0.2255,6.0,6.0,6.0,0.2255,0.0,0.0,0.9899166666666667,0.12343910202700063,0.0,185.1545,5.424,0.2255,0.007195507949727471,6.0,185.1545,6.0,,0.0,0.0,0.22536268134067033,0.315,36,,,,,,,
autonomy,autonomy,full_aassr,opaque_dependency_l6,tabular_online,training,opaque,503,2000,0.3585,6.0,6.0,6.0,0.3585,0.0,0.0,0.98975,0.1234729238928269,7.506127450980392e-06,185.69,5.449,0.3585,0.007309384700231021,6.0,185.69,6.0,,0.0,0.0,0.3586793396698349,0.565,144,,,,,,,
autonomy,autonomy,full_aassr,opaque_dependency_l6,tabular_online,training,opaque,557,2000,0.14,6.0,6.0,6.0,0.14,0.0,0.0,0.99075,0.12396257459981644,4.16666666666667e-06,185.113,5.4395,0.14,0.007336947099523968,6.0,185.113,6.0,,0.0,0.0,0.14007003501750875,0.2,36,,,,,,,
autonomy,autonomy,full_aassr,opaque_dependency_l6,tabular_online,training,opaque,601,2000,0.291,6.0,6.0,6.0,0.291,0.0,0.0,0.9899166666666667,0.1237405187443729,6.764069264069266e-06,188.2275,5.447,0.291,0.007087641250065644,6.0,188.2275,6.0,,0.0,0.0,0.2911455727863932,0.425,570,,,,,,,
autonomy,autonomy,full_aassr,opaque_dependency_l6,tabular_online,training,opaque,659,2000,0.218,6.0,6.0,6.0,0.218,0.0,0.0,0.9909166666666667,0.1238688423266211,6.410256410256411e-06,186.6695,5.433,0.218,0.006866815200031851,6.0,186.6695,6.0,,0.0,0.0,0.21810905452726362,0.315,36,,,,,,,
autonomy,autonomy,full_aassr,opaque_dependency_l6,tabular_online,training,opaque,701,2000,0.1465,6.0,6.0,6.0,0.1465,0.0,0.0,0.9888333333333333,0.1229425208436331,5.580357142857141e-06,186.8515,5.4685,0.1465,0.006382520100654801,6.0,186.8515,6.0,,0.0,0.0,0.1463231615807904,0.2,1086,,,,,,,
autonomy,autonomy,full_aassr,opaque_dependency_l6,tabular_online,training,opaque,761,2000,0.3605,6.0,6.0,6.0,0.3605,0.0,0.0,0.9905,0.12362897214975513,6.944444444444443e-06,185.1925,5.4215,0.3605,0.007515022799940198,6.0,185.1925,6.0,,0.0,0.0,0.3604302151075538,0.56,156,,,,,,,
autonomy,autonomy,full_aassr,opaque_dependency_l6,tabular_online,training,opaque,809,2000,0.217,6.0,6.0,6.0,0.217,0.0,0.0,0.9901666666666666,0.12348682878254932,5.208333333333333e-06,186.592,5.457,0.217,0.007726507250321447,6.0,186.592,6.0,,0.0,0.0,0.21710855427713857,0.32,450,,,,,,,
autonomy,autonomy,full_aassr,opaque_dependency_l6,tabular_online,training,opaque,857,2000,0.2205,6.0,6.0,6.0,0.2205,0.0,0.0,0.9899166666666667,0.12351397829404291,3.3333333333333363e-06,188.2155,5.4655,0.2205,0.007744853100128239,6.0,188.2155,6.0,,0.0,0.0,0.22036018009004502,0.325,144,,,,,,,
autonomy,autonomy,full_aassr,opaque_dependency_l6,tabular_online,training,opaque,907,2000,0.372,6.0,6.0,6.0,0.372,0.0,0.0,0.9898333333333333,0.12353925826541681,5.208333333333333e-06,187.191,5.4455,0.372,0.007810605349804973,6.0,187.191,6.0,,0.0,0.0,0.371935967983992,0.55,96,,,,,,,
autonomy,autonomy,full_aassr,opaque_dependency_l6,tabular_online,training,opaque,953,2000,0.2865,6.0,6.0,6.0,0.2865,0.0,0.0,0.9895833333333334,0.12324516517433183,2.6041666666666666e-06,187.1175,5.4425,0.2865,0.0072927681498404125,6.0,187.1175,6.0,,0.0,0.0,0.28639319659829915,0.44,192,,,,,,,
autonomy,autonomy,full_aassr,opaque_dependency_l8,tabular_online,evaluation_seen,opaque,1009,200,0.0,8.0,8.0,8.0,0.0,0.0,0.0,0.0,1.0,,0.0,0.0,0.0,0.005948126000730553,8.0,0.0,8.0,,0.0,0.0,,,,,,,,,,
autonomy,autonomy,full_aassr,opaque_dependency_l8,tabular_online,evaluation_seen,opaque,1061,200,0.0,8.0,8.0,8.0,0.0,0.0,0.0,0.0,1.0,,0.0,0.0,0.0,0.005191221000859514,8.0,0.0,8.0,,0.0,0.0,,,,,,,,,,
autonomy,autonomy,full_aassr,opaque_dependency_l8,tabular_online,evaluation_seen,opaque,1103,200,0.0,8.0,8.0,8.0,0.0,0.0,0.0,0.0,1.0,,0.0,0.0,0.0,0.005054119500418892,8.0,0.0,8.0,,0.0,0.0,,,,,,,,,,
autonomy,autonomy,full_aassr,opaque_dependency_l8,tabular_online,evaluation_seen,opaque,1151,200,0.0,8.0,8.0,8.0,0.0,0.0,0.0,0.0,1.0,,0.0,0.0,0.0,0.0045692690010764635,8.0,0.0,8.0,,0.0,0.0,,,,,,,,,,
autonomy,autonomy,full_aassr,opaque_dependency_l8,tabular_online,evaluation_seen,opaque,1201,200,0.0,8.0,8.0,8.0,0.0,0.0,0.0,0.0,1.0,,0.0,0.0,0.0,0.004755207999842241,8.0,0.0,8.0,,0.0,0.0,,,,,,,,,,
autonomy,autonomy,full_aassr,opaque_dependency_l8,tabular_online,evaluation_seen,opaque,1259,200,0.0,8.0,8.0,8.0,0.0,0.0,0.0,0.0,1.0,,0.0,0.0,0.0,0.0049436864988820165,8.0,0.0,8.0,,0.0,0.0,,,,,,,,,,
autonomy,autonomy,full_aassr,opaque_dependency_l8,tabular_online,evaluation_seen,opaque,1301,200,0.0,8.0,8.0,8.0,0.0,0.0,0.0,0.0,1.0,,0.0,0.0,0.0,0.005646900000865571,8.0,0.0,8.0,,0.0,0.0,,,,,,,,,,
autonomy,autonomy,full_aassr,opaque_dependency_l8,tabular_online,evaluation_seen,opaque,131,200,0.0,8.0,8.0,8.0,0.0,0.0,0.0,0.0,1.0,,0.0,0.0,0.0,0.005543112000596011,8.0,0.0,8.0,,0.0,0.0,,,,,,,,,,
autonomy,autonomy,full_aassr,opaque_dependency_l8,tabular_online,evaluation_seen,opaque,1361,200,0.0,8.0,8.0,8.0,0.0,0.0,0.0,0.0,1.0,,0.0,0.0,0.0,0.0053080349996162115,8.0,0.0,8.0,,0.0,0.0,,,,,,,,,,
autonomy,autonomy,full_aassr,opaque_dependency_l8,tabular_online,evaluation_seen,opaque,1423,200,0.0,8.0,8.0,8.0,0.0,0.0,0.0,0.0,1.0,,0.0,0.0,0.0,0.004506430499459384,8.0,0.0,8.0,,0.0,0.0,,,,,,,,,,
autonomy,autonomy,full_aassr,opaque_dependency_l8,tabular_online,evaluation_seen,opaque,1481,200,0.0,8.0,8.0,8.0,0.0,0.0,0.0,0.0,1.0,,0.0,0.0,0.0,0.004135096500249347,8.0,0.0,8.0,,0.0,0.0,,,,,,,,,,
autonomy,autonomy,full_aassr,opaque_dependency_l8,tabular_online,evaluation_seen,opaque,1543,200,0.0,8.0,8.0,8.0,0.0,0.0,0.0,0.0,1.0,,0.0,0.0,0.0,0.004092365000105929,8.0,0.0,8.0,,0.0,0.0,,,,,,,,,,
autonomy,autonomy,full_aassr,opaque_dependency_l8,tabular_online,evaluation_seen,opaque,1601,200,0.0,8.0,8.0,8.0,0.0,0.0,0.0,0.0,1.0,,0.0,0.0,0.0,0.004087410500796977,8.0,0.0,8.0,,0.0,0.0,,,,,,,,,,
autonomy,autonomy,full_aassr,opaque_dependency_l8,tabular_online,evaluation_seen,opaque,173,200,0.0,8.0,8.0,8.0,0.0,0.0,0.0,0.0,1.0,,0.0,0.0,0.0,0.0049991615001636095,8.0,0.0,8.0,,0.0,0.0,,,,,,,,,,
autonomy,autonomy,full_aassr,opaque_dependency_l8,tabular_online,evaluation_seen,opaque,211,200,0.0,8.0,8.0,8.0,0.0,0.0,0.0,0.0,1.0,,0.0,0.0,0.0,0.00602524449917837,8.0,0.0,8.0,,0.0,0.0,,,,,,,,,,
autonomy,autonomy,full_aassr,opaque_dependency_l8,tabular_online,evaluation_seen,opaque,257,200,0.0,8.0,8.0,8.0,0.0,0.0,0.0,0.0,1.0,,0.0,0.0,0.0,0.005800974500161828,8.0,0.0,8.0,,0.0,0.0,,,,,,,,,,
autonomy,autonomy,full_aassr,opaque_dependency_l8,tabular_online,evaluation_seen,opaque,307,200,0.0,8.0,8.0,8.0,0.0,0.0,0.0,0.0,1.0,,0.0,0.0,0.0,0.005703645000321558,8.0,0.0,8.0,,0.0,0.0,,,,,,,,,,
autonomy,autonomy,full_aassr,opaque_dependency_l8,tabular_online,evaluation_seen,opaque,353,200,0.0,8.0,8.0,8.0,0.0,0.0,0.0,0.0,1.0,,0.0,0.0,0.0,0.005026982500276063,8.0,0.0,8.0,,0.0,0.0,,,,,,,,,,
autonomy,autonomy,full_aassr,opaque_dependency_l8,tabular_online,evaluation_seen,opaque,401,200,0.0,8.0,8.0,8.0,0.0,0.0,0.0,0.0,1.0,,0.0,0.0,0.0,0.004809666499349987,8.0,0.0,8.0,,0.0,0.0,,,,,,,,,,
autonomy,autonomy,full_aassr,opaque_dependency_l8,tabular_online,evaluation_seen,opaque,457,200,0.0,8.0,8.0,8.0,0.0,0.0,0.0,0.0,1.0,,0.0,0.0,0.0,0.0055753629993705546,8.0,0.0,8.0,,0.0,0.0,,,,,,,,,,
autonomy,autonomy,full_aassr,opaque_dependency_l8,tabular_online,evaluation_seen,opaque,503,200,0.0,8.0,8.0,8.0,0.0,0.0,0.0,0.0,1.0,,0.0,0.0,0.0,0.006006049499701476,8.0,0.0,8.0,,0.0,0.0,,,,,,,,,,
autonomy,autonomy,full_aassr,opaque_dependency_l8,tabular_online,evaluation_seen,opaque,557,200,0.0,8.0,8.0,8.0,0.0,0.0,0.0,0.0,1.0,,0.0,0.0,0.0,0.0055316114990273495,8.0,0.0,8.0,,0.0,0.0,,,,,,,,,,
autonomy,autonomy,full_aassr,opaque_dependency_l8,tabular_online,evaluation_seen,opaque,601,200,0.0,8.0,8.0,8.0,0.0,0.0,0.0,0.0,1.0,,0.0,0.0,0.0,0.005795368499821052,8.0,0.0,8.0,,0.0,0.0,,,,,,,,,,
autonomy,autonomy,full_aassr,opaque_dependency_l8,tabular_online,evaluation_seen,opaque,659,200,0.0,8.0,8.0,8.0,0.0,0.0,0.0,0.0,1.0,,0.0,0.0,0.0,0.0057105340008274654,8.0,0.0,8.0,,0.0,0.0,,,,,,,,,,
autonomy,autonomy,full_aassr,opaque_dependency_l8,tabular_online,evaluation_seen,opaque,701,200,0.0,8.0,8.0,8.0,0.0,0.0,0.0,0.0,1.0,,0.0,0.0,0.0,0.004733258501219097,8.0,0.0,8.0,,0.0,0.0,,,,,,,,,,
autonomy,autonomy,full_aassr,opaque_dependency_l8,tabular_online,evaluation_seen,opaque,761,200,0.0,8.0,8.0,8.0,0.0,0.0,0.0,0.0,1.0,,0.0,0.0,0.0,0.004342197499499889,8.0,0.0,8.0,,0.0,0.0,,,,,,,,,,
autonomy,autonomy,full_aassr,opaque_dependency_l8,tabular_online,evaluation_seen,opaque,809,200,0.0,8.0,8.0,8.0,0.0,0.0,0.0,0.0,1.0,,0.0,0.0,0.0,0.004961713000084273,8.0,0.0,8.0,,0.0,0.0,,,,,,,,,,
autonomy,autonomy,full_aassr,opaque_dependency_l8,tabular_online,evaluation_seen,opaque,857,200,0.0,8.0,8.0,8.0,0.0,0.0,0.0,0.0,1.0,,0.0,0.0,0.0,0.005437678500456968,8.0,0.0,8.0,,0.0,0.0,,,,,,,,,,
autonomy,autonomy,full_aassr,opaque_dependency_l8,tabular_online,evaluation_seen,opaque,907,200,0.0,8.0,8.0,8.0,0.0,0.0,0.0,0.0,1.0,,0.0,0.0,0.0,0.005696265999431489,8.0,0.0,8.0,,0.0,0.0,,,,,,,,,,
autonomy,autonomy,full_aassr,opaque_dependency_l8,tabular_online,evaluation_seen,opaque,953,200,0.0,8.0,8.0,8.0,0.0,0.0,0.0,0.0,1.0,,0.0,0.0,0.0,0.005816371500404784,8.0,0.0,8.0,,0.0,0.0,,,,,,,,,,
autonomy,autonomy,full_aassr,opaque_dependency_l8,tabular_online,evaluation_unseen_zero_shot,opaque,1009,200,0.0,8.0,8.0,8.0,0.0,0.0,0.0,0.0,1.0,,0.0,0.0,0.0,0.005340419999702135,8.0,0.0,8.0,,0.0,0.0,,,,,,,,,,
autonomy,autonomy,full_aassr,opaque_dependency_l8,tabular_online,evaluation_unseen_zero_shot,opaque,1061,200,0.0,8.0,8.0,8.0,0.0,0.0,0.0,0.0,1.0,,0.0,0.0,0.0,0.00550876299792435,8.0,0.0,8.0,,0.0,0.0,,,,,,,,,,
autonomy,autonomy,full_aassr,opaque_dependency_l8,tabular_online,evaluation_unseen_zero_shot,opaque,1103,200,0.0,8.0,8.0,8.0,0.0,0.0,0.0,0.0,1.0,,0.0,0.0,0.0,0.005318869498878485,8.0,0.0,8.0,,0.0,0.0,,,,,,,,,,
autonomy,autonomy,full_aassr,opaque_dependency_l8,tabular_online,evaluation_unseen_zero_shot,opaque,1151,200,0.0,8.0,8.0,8.0,0.0,0.0,0.0,0.0,1.0,,0.0,0.0,0.0,0.00433713250051369,8.0,0.0,8.0,,0.0,0.0,,,,,,,,,,
autonomy,autonomy,full_aassr,opaque_dependency_l8,tabular_online,evaluation_unseen_zero_shot,opaque,1201,200,0.0,8.0,8.0,8.0,0.0,0.0,0.0,0.0,1.0,,0.0,0.0,0.0,0.004626083499024389,8.0,0.0,8.0,,0.0,0.0,,,,,,,,,,
autonomy,autonomy,full_aassr,opaque_dependency_l8,tabular_online,evaluation_unseen_zero_shot,opaque,1259,200,0.0,8.0,8.0,8.0,0.0,0.0,0.0,0.0,1.0,,0.0,0.0,0.0,0.005630651500396198,8.0,0.0,8.0,,0.0,0.0,,,,,,,,,,
autonomy,autonomy,full_aassr,opaque_dependency_l8,tabular_online,evaluation_unseen_zero_shot,opaque,1301,200,0.0,8.0,8.0,8.0,0.0,0.0,0.0,0.0,1.0,,0.0,0.0,0.0,0.005162525499908952,8.0,0.0,8.0,,0.0,0.0,,,,,,,,,,
autonomy,autonomy,full_aassr,opaque_dependency_l8,tabular_online,evaluation_unseen_zero_shot,opaque,131,200,0.0,8.0,8.0,8.0,0.0,0.0,0.0,0.0,1.0,,0.0,0.0,0.0,0.005012788998574252,8.0,0.0,8.0,,0.0,0.0,,,,,,,,,,
autonomy,autonomy,full_aassr,opaque_dependency_l8,tabular_online,evaluation_unseen_zero_shot,opaque,1361,200,0.0,8.0,8.0,8.0,0.0,0.0,0.0,0.0,1.0,,0.0,0.0,0.0,0.004630844001221704,8.0,0.0,8.0,,0.0,0.0,,,,,,,,,,
autonomy,autonomy,full_aassr,opaque_dependency_l8,tabular_online,evaluation_unseen_zero_shot,opaque,1423,200,0.0,8.0,8.0,8.0,0.0,0.0,0.0,0.0,1.0,,0.0,0.0,0.0,0.0045430565002607184,8.0,0.0,8.0,,0.0,0.0,,,,,,,,,,
autonomy,autonomy,full_aassr,opaque_dependency_l8,tabular_online,evaluation_unseen_zero_shot,opaque,1481,200,0.0,8.0,8.0,8.0,0.0,0.0,0.0,0.0,1.0,,0.0,0.0,0.0,0.0042443299996375574,8.0,0.0,8.0,,0.0,0.0,,,,,,,,,,
autonomy,autonomy,full_aassr,opaque_dependency_l8,tabular_online,evaluation_unseen_zero_shot,opaque,1543,200,0.0,8.0,8.0,8.0,0.0,0.0,0.0,0.0,1.0,,0.0,0.0,0.0,0.004161406999046448,8.0,0.0,8.0,,0.0,0.0,,,,,,,,,,
autonomy,autonomy,full_aassr,opaque_dependency_l8,tabular_online,evaluation_unseen_zero_shot,opaque,1601,200,0.0,8.0,8.0,8.0,0.0,0.0,0.0,0.0,1.0,,0.0,0.0,0.0,0.00410357900094823,8.0,0.0,8.0,,0.0,0.0,,,,,,,,,,
autonomy,autonomy,full_aassr,opaque_dependency_l8,tabular_online,evaluation_unseen_zero_shot,opaque,173,200,0.0,8.0,8.0,8.0,0.0,0.0,0.0,0.0,1.0,,0.0,0.0,0.0,0.005638601999962702,8.0,0.0,8.0,,0.0,0.0,,,,,,,,,,
autonomy,autonomy,full_aassr,opaque_dependency_l8,tabular_online,evaluation_unseen_zero_shot,opaque,211,200,0.0,8.0,8.0,8.0,0.0,0.0,0.0,0.0,1.0,,0.0,0.0,0.0,0.004726323999202578,8.0,0.0,8.0,,0.0,0.0,,,,,,,,,,
autonomy,autonomy,full_aassr,opaque_dependency_l8,tabular_online,evaluation_unseen_zero_shot,opaque,257,200,0.0,8.0,8.0,8.0,0.0,0.0,0.0,0.0,1.0,,0.0,0.0,0.0,0.005869338999909815,8.0,0.0,8.0,,0.0,0.0,,,,,,,,,,
autonomy,autonomy,full_aassr,opaque_dependency_l8,tabular_online,evaluation_unseen_zero_shot,opaque,307,200,0.0,8.0,8.0,8.0,0.0,0.0,0.0,0.0,1.0,,0.0,0.0,0.0,0.005233948500535917,8.0,0.0,8.0,,0.0,0.0,,,,,,,,,,
autonomy,autonomy,full_aassr,opaque_dependency_l8,tabular_online,evaluation_unseen_zero_shot,opaque,353,200,0.0,8.0,8.0,8.0,0.0,0.0,0.0,0.0,1.0,,0.0,0.0,0.0,0.004513959500327474,8.0,0.0,8.0,,0.0,0.0,,,,,,,,,,
autonomy,autonomy,full_aassr,opaque_dependency_l8,tabular_online,evaluation_unseen_zero_shot,opaque,401,200,0.0,8.0,8.0,8.0,0.0,0.0,0.0,0.0,1.0,,0.0,0.0,0.0,0.005009880999714369,8.0,0.0,8.0,,0.0,0.0,,,,,,,,,,
autonomy,autonomy,full_aassr,opaque_dependency_l8,tabular_online,evaluation_unseen_zero_shot,opaque,457,200,0.0,8.0,8.0,8.0,0.0,0.0,0.0,0.0,1.0,,0.0,0.0,0.0,0.005773250500205904,8.0,0.0,8.0,,0.0,0.0,,,,,,,,,,
autonomy,autonomy,full_aassr,opaque_dependency_l8,tabular_online,evaluation_unseen_zero_shot,opaque,503,200,0.0,8.0,8.0,8.0,0.0,0.0,0.0,0.0,1.0,,0.0,0.0,0.0,0.006971220501000062,8.0,0.0,8.0,,0.0,0.0,,,,,,,,,,
autonomy,autonomy,full_aassr,opaque_dependency_l8,tabular_online,evaluation_unseen_zero_shot,opaque,557,200,0.0,8.0,8.0,8.0,0.0,0.0,0.0,0.0,1.0,,0.0,0.0,0.0,0.006043563999555772,8.0,0.0,8.0,,0.0,0.0,,,,,,,,,,
autonomy,autonomy,full_aassr,opaque_dependency_l8,tabular_online,evaluation_unseen_zero_shot,opaque,601,200,0.0,8.0,8.0,8.0,0.0,0.0,0.0,0.0,1.0,,0.0,0.0,0.0,0.006093750000291038,8.0,0.0,8.0,,0.0,0.0,,,,,,,,,,
autonomy,autonomy,full_aassr,opaque_dependency_l8,tabular_online,evaluation_unseen_zero_shot,opaque,659,200,0.0,8.0,8.0,8.0,0.0,0.0,0.0,0.0,1.0,,0.0,0.0,0.0,0.005130309499945724,8.0,0.0,8.0,,0.0,0.0,,,,,,,,,,
autonomy,autonomy,full_aassr,opaque_dependency_l8,tabular_online,evaluation_unseen_zero_shot,opaque,701,200,0.0,8.0,8.0,8.0,0.0,0.0,0.0,0.0,1.0,,0.0,0.0,0.0,0.0049114294993341905,8.0,0.0,8.0,,0.0,0.0,,,,,,,,,,
autonomy,autonomy,full_aassr,opaque_dependency_l8,tabular_online,evaluation_unseen_zero_shot,opaque,761,200,0.0,8.0,8.0,8.0,0.0,0.0,0.0,0.0,1.0,,0.0,0.0,0.0,0.004292950499802828,8.0,0.0,8.0,,0.0,0.0,,,,,,,,,,
autonomy,autonomy,full_aassr,opaque_dependency_l8,tabular_online,evaluation_unseen_zero_shot,opaque,809,200,0.0,8.0,8.0,8.0,0.0,0.0,0.0,0.0,1.0,,0.0,0.0,0.0,0.004338346000295133,8.0,0.0,8.0,,0.0,0.0,,,,,,,,,,
autonomy,autonomy,full_aassr,opaque_dependency_l8,tabular_online,evaluation_unseen_zero_shot,opaque,857,200,0.0,8.0,8.0,8.0,0.0,0.0,0.0,0.0,1.0,,0.0,0.0,0.0,0.005743677499995101,8.0,0.0,8.0,,0.0,0.0,,,,,,,,,,
autonomy,autonomy,full_aassr,opaque_dependency_l8,tabular_online,evaluation_unseen_zero_shot,opaque,907,200,0.0,8.0,8.0,8.0,0.0,0.0,0.0,0.0,1.0,,0.0,0.0,0.0,0.0060388384986436,8.0,0.0,8.0,,0.0,0.0,,,,,,,,,,
autonomy,autonomy,full_aassr,opaque_dependency_l8,tabular_online,evaluation_unseen_zero_shot,opaque,953,200,0.0,8.0,8.0,8.0,0.0,0.0,0.0,0.0,1.0,,0.0,0.0,0.0,0.005566167999641039,8.0,0.0,8.0,,0.0,0.0,,,,,,,,,,
autonomy,autonomy,full_aassr,opaque_dependency_l8,tabular_online,training,opaque,1009,2000,0.0,8.0,8.0,8.0,0.0,0.0,0.0,0.9899375,0.12352140750138049,8.263221153846155e-06,529.329,7.446,0.0,0.018478931299992837,8.0,529.329,8.0,,0.0,0.0,0.0,0.0,,,,,,,,
autonomy,autonomy,full_aassr,opaque_dependency_l8,tabular_online,training,opaque,1061,2000,0.002,8.0,8.0,8.0,0.002,0.0,0.0,0.9900625,0.12344821070559402,2.5000000000000023e-06,523.5755,7.382,0.002,0.01810408630040183,8.0,523.5755,8.0,,0.0,0.0,0.002001000500250125,0.0,4400,,,,,,,
autonomy,autonomy,full_aassr,opaque_dependency_l8,tabular_online,training,opaque,1103,2000,0.065,8.0,8.0,8.0,0.065,0.0,0.0,0.99,0.12357847599196128,5.859375e-06,527.5285,7.4515,0.065,0.01893063609988894,8.0,527.5285,8.0,,0.0,0.0,0.06503251625812906,0.085,2680,,,,,,,
autonomy,autonomy,full_aassr,opaque_dependency_l8,tabular_online,training,opaque,1151,2000,0.009,8.0,8.0,8.0,0.009,0.0,0.0,0.9893125,0.12335674230734003,1.953125e-06,522.0385,7.396,0.009,0.018630576399664277,8.0,522.0385,8.0,,0.0,0.0,0.009004502251125562,0.0,1200,,,,,,,
autonomy,autonomy,full_aassr,opaque_dependency_l8,tabular_online,training,opaque,1201,2000,0.0025,8.0,8.0,8.0,0.0025,0.0,0.0,0.9899375,0.12347535684424271,5.859375e-06,527.813,7.3945,0.0025,0.01845640085042396,8.0,527.813,8.0,,0.0,0.0,0.0025012506253126563,0.0,5368,,,,,,,
autonomy,autonomy,full_aassr,opaque_dependency_l8,tabular_online,training,opaque,1259,2000,0.0675,8.0,8.0,8.0,0.0675,0.0,0.0,0.99025,0.12363819677439009,3.90625e-06,527.2855,7.4135,0.0675,0.017775905450747816,8.0,527.2855,8.0,,0.0,0.0,0.06753376688344172,0.1,152,,,,,,,
autonomy,autonomy,full_aassr,opaque_dependency_l8,tabular_online,training,opaque,1301,2000,0.06,8.0,8.0,8.0,0.06,0.0,0.0,0.9899375,0.12350914222662021,3.90625e-06,523.3515,7.384,0.06,0.017786356200333104,8.0,523.3515,8.0,,0.0,0.0,0.060030015007503754,0.11,5528,,,,,,,
autonomy,autonomy,full_aassr,opaque_dependency_l8,tabular_online,training,opaque,131,2000,0.0025,8.0,8.0,8.0,0.0025,0.0,0.0,0.989625,0.12351154517200105,1.3671875e-05,524.3585,7.414,0.0025,0.019035909600483136,8.0,524.3585,8.0,,0.0,0.0,0.0025012506253126563,0.0,2736,,,,,,,
autonomy,autonomy,full_aassr,opaque_dependency_l8,tabular_online,training,opaque,1361,2000,0.073,8.0,8.0,8.0,0.073,0.0,0.0,0.9899375,0.12366555156799723,1.9903273809523807e-05,530.5505,7.428,0.073,0.017875876800186232,8.0,530.5505,8.0,,0.0,0.0,0.07303651825912956,0.085,792,,,,,,,
autonomy,autonomy,full_aassr,opaque_dependency_l8,tabular_online,training,opaque,1423,2000,0.071,8.0,8.0,8.0,0.071,0.0,0.0,0.99025,0.12358995484079226,8.576766304347828e-06,526.618,7.3835,0.071,0.017773135750147048,8.0,526.618,8.0,,0.0,0.0,0.07103551775887944,0.11,640,,,,,,,
autonomy,autonomy,full_aassr,opaque_dependency_l8,tabular_online,training,opaque,1481,2000,0.066,8.0,8.0,8.0,0.066,0.0,0.0,0.9896875,0.12350207186570979,5.078124999999999e-06,526.3285,7.4165,0.066,0.015916057650043513,8.0,526.3285,8.0,,0.0,0.0,0.06603301650825413,0.11,2200,,,,,,,
autonomy,autonomy,full_aassr,opaque_dependency_l8,tabular_online,training,opaque,1543,2000,0.009,8.0,8.0,8.0,0.009,0.0,0.0,0.9905625,0.12360974648197247,8.072916666666665e-06,521.522,7.3965,0.009,0.015383234400345827,8.0,521.522,8.0,,0.0,0.0,0.009004502251125562,0.0,272,,,,,,,
autonomy,autonomy,full_aassr,opaque_dependency_l8,tabular_online,training,opaque,1601,2000,0.067,8.0,8.0,8.0,0.067,0.0,0.0,0.9893125,0.12324525766160213,5.0781250000000015e-06,526.6685,7.404,0.067,0.015296066149749094,8.0,526.6685,8.0,,0.0,0.0,0.0670335167583792,0.105,1048,,,,,,,
autonomy,autonomy,full_aassr,opaque_dependency_l8,tabular_online,training,opaque,173,2000,0.007,8.0,8.0,8.0,0.007,0.0,0.0,0.99,0.12360725297839896,1.953125e-06,523.206,7.366,0.007,0.01861783300009847,8.0,523.206,8.0,,0.0,0.0,0.007003501750875438,0.005,64,,,,,,,
autonomy,autonomy,full_aassr,opaque_dependency_l8,tabular_online,training,opaque,211,2000,0.002,8.0,8.0,8.0,0.002,0.0,0.0,0.989625,0.12338672861950072,3.90625e-06,528.1075,7.403,0.002,0.01959914734972699,8.0,528.1075,8.0,,0.0,0.0,0.002001000500250125,0.0,4144,,,,,,,
autonomy,autonomy,full_aassr,opaque_dependency_l8,tabular_online,training,opaque,257,2000,0.003,8.0,8.0,8.0,0.003,0.0,0.0,0.989875,0.12367826804582618,3.6764705882352934e-06,527.6515,7.445,0.003,0.019334917449959903,8.0,527.6515,8.0,,0.0,0.0,0.0030015007503751876,0.01,6672,,,,,,,
autonomy,autonomy,full_aassr,opaque_dependency_l8,tabular_online,training,opaque,307,2000,0.073,8.0,8.0,8.0,0.073,0.0,0.0,0.9895,0.12340103854917993,1.953125e-06,521.488,7.39,0.073,0.019102934249531245,8.0,521.488,8.0,,0.0,0.0,0.07303651825912956,0.105,984,,,,,,,
autonomy,autonomy,full_aassr,opaque_dependency_l8,tabular_online,training,opaque,353,2000,0.063,8.0,8.0,8.0,0.063,0.0,0.0,0.9900625,0.12335948436010476,2.083333333333333e-06,521.2435,7.3795,0.063,0.018893958900138386,8.0,521.2435,8.0,,0.0,0.0,0.06303151575787894,0.12,1968,,,,,,,
autonomy,autonomy,full_aassr,opaque_dependency_l8,tabular_online,training,opaque,401,2000,0.08,8.0,8.0,8.0,0.08,0.0,0.0,0.99025,0.12367471418840663,1.1545138888888887e-05,523.8795,7.402,0.08,0.018889574849847122,8.0,523.8795,8.0,,0.0,0.0,0.080040020010005,0.115,504,,,,,,,
autonomy,autonomy,full_aassr,opaque_dependency_l8,tabular_online,training,opaque,457,2000,0.002,8.0,8.0,8.0,0.002,0.0,0.0,0.99,0.12363358548280423,5.859375e-06,528.996,7.4045,0.002,0.01857107149992953,8.0,528.996,8.0,,0.0,0.0,0.002001000500250125,0.0,1104,,,,,,,
autonomy,autonomy,full_aassr,opaque_dependency_l8,tabular_online,training,opaque,503,2000,0.074,8.0,8.0,8.0,0.074,0.0,0.0,0.990375,0.12361139861874237,7.8125e-06,529.2185,7.434,0.074,0.01878203585000301,8.0,529.2185,8.0,,0.0,0.0,0.07403701850925462,0.1,88,,,,,,,
autonomy,autonomy,full_aassr,opaque_dependency_l8,tabular_online,training,opaque,557,2000,0.0005,8.0,8.0,8.0,0.0005,0.0,0.0,0.9896875,0.12340800260955831,2.232142857142856e-06,524.688,7.387,0.0005,0.019143391450023046,8.0,524.688,8.0,,0.0,0.0,0.0005002501250625312,0.0,1792,,,,,,,
autonomy,autonomy,full_aassr,opaque_dependency_l8,tabular_online,training,opaque,601,2000,0.0035,8.0,8.0,8.0,0.0035,0.0,0.0,0.9896875,0.12358042847437888,6.1383928571428565e-06,522.468,7.3885,0.0035,0.01851479279997875,8.0,522.468,8.0,,0.0,0.0,0.003501750875437719,0.0,2216,,,,,,,
autonomy,autonomy,full_aassr,opaque_dependency_l8,tabular_online,training,opaque,659,2000,0.073,8.0,8.0,8.0,0.073,0.0,0.0,0.9908125,0.12391809068876289,8.583416005291e-06,523.2295,7.4025,0.073,0.019242388549857423,8.0,523.2295,8.0,,0.0,0.0,0.07303651825912956,0.1,192,,,,,,,
autonomy,autonomy,full_aassr,opaque_dependency_l8,tabular_online,training,opaque,701,2000,0.071,8.0,8.0,8.0,0.071,0.0,0.0,0.98975,0.12348299965510637,1.58270474137931e-05,527.7655,7.4525,0.071,0.019603764150189818,8.0,527.7655,8.0,,0.0,0.0,0.07103551775887944,0.105,1304,,,,,,,
autonomy,autonomy,full_aassr,opaque_dependency_l8,tabular_online,training,opaque,761,2000,0.0045,8.0,8.0,8.0,0.0045,0.0,0.0,0.9905,0.12361934354385037,9.35132575757576e-06,526.3865,7.409,0.0045,0.019356457049681922,8.0,526.3865,8.0,,0.0,0.0,0.004502251125562781,0.0,1856,,,,,,,
autonomy,autonomy,full_aassr,opaque_dependency_l8,tabular_online,training,opaque,809,2000,0.0,8.0,8.0,8.0,0.0,0.0,0.0,0.99,0.12340835453238459,9.765625e-06,524.7555,7.369,0.0,0.01867472359981912,8.0,524.7555,8.0,,0.0,0.0,0.0,0.0,,,,,,,,
autonomy,autonomy,full_aassr,opaque_dependency_l8,tabular_online,training,opaque,857,2000,0.0015,8.0,8.0,8.0,0.0015,0.0,0.0,0.990375,0.12348802643296096,9.114583333333332e-06,523.446,7.394,0.0015,0.01844105915016553,8.0,523.446,8.0,,0.0,0.0,0.0015007503751875938,0.0,1528,,,,,,,
autonomy,autonomy,full_aassr,opaque_dependency_l8,tabular_online,training,opaque,907,2000,0.077,8.0,8.0,8.0,0.077,0.0,0.0,0.98975,0.12339243197701211,1.953125e-06,522.8805,7.395,0.077,0.018520876249458525,8.0,522.8805,8.0,,0.0,0.0,0.07703851925962982,0.115,848,,,,,,,
autonomy,autonomy,full_aassr,opaque_dependency_l8,tabular_online,training,opaque,953,2000,0.0,8.0,8.0,8.0,0.0,0.0,0.0,0.9901875,0.12342881150567489,4.794034090909088e-06,522.2445,7.3835,0.0,0.018259237749749444,8.0,522.2445,8.0,,0.0,0.0,0.0,0.0,,,,,,,,
autonomy,autonomy,oracle_upper_bound,opaque_dependency_l4,oracle_privileged,evaluation_seen,opaque,1009,200,1.0,4.0,4.0,4.0,1.0,0.0,0.0,,,,0.0,0.0,1.0,9.862750172032974e-05,4.0,0.0,4.0,,0.0,0.0,,,,,,,,,,
autonomy,autonomy,oracle_upper_bound,opaque_dependency_l4,oracle_privileged,evaluation_seen,opaque,1061,200,1.0,4.0,4.0,4.0,1.0,0.0,0.0,,,,0.0,0.0,1.0,7.873150039813481e-05,4.0,0.0,4.0,,0.0,0.0,,,,,,,,,,
autonomy,autonomy,oracle_upper_bound,opaque_dependency_l4,oracle_privileged,evaluation_seen,opaque,1103,200,1.0,4.0,4.0,4.0,1.0,0.0,0.0,,,,0.0,0.0,1.0,8.43539992638398e-05,4.0,0.0,4.0,,0.0,0.0,,,,,,,,,,
autonomy,autonomy,oracle_upper_bound,opaque_dependency_l4,oracle_privileged,evaluation_seen,opaque,1151,200,1.0,4.0,4.0,4.0,1.0,0.0,0.0,,,,0.0,0.0,1.0,6.106250031734817e-05,4.0,0.0,4.0,,0.0,0.0,,,,,,,,,,
autonomy,autonomy,oracle_upper_bound,opaque_dependency_l4,oracle_privileged,evaluation_seen,opaque,1201,200,1.0,4.0,4.0,4.0,1.0,0.0,0.0,,,,0.0,0.0,1.0,6.907550210598857e-05,4.0,0.0,4.0,,0.0,0.0,,,,,,,,,,
autonomy,autonomy,oracle_upper_bound,opaque_dependency_l4,oracle_privileged,evaluation_seen,opaque,1259,200,1.0,4.0,4.0,4.0,1.0,0.0,0.0,,,,0.0,0.0,1.0,7.139349923818372e-05,4.0,0.0,4.0,,0.0,0.0,,,,,,,,,,
autonomy,autonomy,oracle_upper_bound,opaque_dependency_l4,oracle_privileged,evaluation_seen,opaque,1301,200,1.0,4.0,4.0,4.0,1.0,0.0,0.0,,,,0.0,0.0,1.0,7.893349960795604e-05,4.0,0.0,4.0,,0.0,0.0,,,,,,,,,,
autonomy,autonomy,oracle_upper_bound,opaque_dependency_l4,oracle_privileged,evaluation_seen,opaque,131,200,1.0,4.0,4.0,4.0,1.0,0.0,0.0,,,,0.0,0.0,1.0,6.0491998592624444e-05,4.0,0.0,4.0,,0.0,0.0,,,,,,,,,,
autonomy,autonomy,oracle_upper_bound,opaque_dependency_l4,oracle_privileged,evaluation_seen,opaque,1361,200,1.0,4.0,4.0,4.0,1.0,0.0,0.0,,,,0.0,0.0,1.0,6.855849977000617e-05,4.0,0.0,4.0,,0.0,0.0,,,,,,,,,,
autonomy,autonomy,oracle_upper_bound,opaque_dependency_l4,oracle_privileged,evaluation_seen,opaque,1423,200,1.0,4.0,4.0,4.0,1.0,0.0,0.0,,,,0.0,0.0,1.0,8.604349961387924e-05,4.0,0.0,4.0,,0.0,0.0,,,,,,,,,,
autonomy,autonomy,oracle_upper_bound,opaque_dependency_l4,oracle_privileged,evaluation_seen,opaque,1481,200,1.0,4.0,4.0,4.0,1.0,0.0,0.0,,,,0.0,0.0,1.0,9.02809998660814e-05,4.0,0.0,4.0,,0.0,0.0,,,,,,,,,,
autonomy,autonomy,oracle_upper_bound,opaque_dependency_l4,oracle_privileged,evaluation_seen,opaque,1543,200,1.0,4.0,4.0,4.0,1.0,0.0,0.0,,,,0.0,0.0,1.0,9.870700057945214e-05,4.0,0.0,4.0,,0.0,0.0,,,,,,,,,,
autonomy,autonomy,oracle_upper_bound,opaque_dependency_l4,oracle_privileged,evaluation_seen,opaque,1601,200,1.0,4.0,4.0,4.0,1.0,0.0,0.0,,,,0.0,0.0,1.0,6.66344998171553e-05,4.0,0.0,4.0,,0.0,0.0,,,,,,,,,,
autonomy,autonomy,oracle_upper_bound,opaque_dependency_l4,oracle_privileged,evaluation_seen,opaque,173,200,1.0,4.0,4.0,4.0,1.0,0.0,0.0,,,,0.0,0.0,1.0,6.11664995085448e-05,4.0,0.0,4.0,,0.0,0.0,,,,,,,,,,
autonomy,autonomy,oracle_upper_bound,opaque_dependency_l4,oracle_privileged,evaluation_seen,opaque,211,200,1.0,4.0,4.0,4.0,1.0,0.0,0.0,,,,0.0,0.0,1.0,0.00020224099993356503,4.0,0.0,4.0,,0.0,0.0,,,,,,,,,,
autonomy,autonomy,oracle_upper_bound,opaque_dependency_l4,oracle_privileged,evaluation_seen,opaque,257,200,1.0,4.0,4.0,4.0,1.0,0.0,0.0,,,,0.0,0.0,1.0,7.777400125632994e-05,4.0,0.0,4.0,,0.0,0.0,,,,,,,,,,
autonomy,autonomy,oracle_upper_bound,opaque_dependency_l4,oracle_privileged,evaluation_seen,opaque,307,200,1.0,4.0,4.0,4.0,1.0,0.0,0.0,,,,0.0,0.0,1.0,8.679549937369302e-05,4.0,0.0,4.0,,0.0,0.0,,,,,,,,,,
autonomy,autonomy,oracle_upper_bound,opaque_dependency_l4,oracle_privileged,evaluation_seen,opaque,353,200,1.0,4.0,4.0,4.0,1.0,0.0,0.0,,,,0.0,0.0,1.0,8.92504995863419e-05,4.0,0.0,4.0,,0.0,0.0,,,,,,,,,,
autonomy,autonomy,oracle_upper_bound,opaque_dependency_l4,oracle_privileged,evaluation_seen,opaque,401,200,1.0,4.0,4.0,4.0,1.0,0.0,0.0,,,,0.0,0.0,1.0,6.669299909844995e-05,4.0,0.0,4.0,,0.0,0.0,,,,,,,,,,
autonomy,autonomy,oracle_upper_bound,opaque_dependency_l4,oracle_privileged,evaluation_seen,opaque,457,200,1.0,4.0,4.0,4.0,1.0,0.0,0.0,,,,0.0,0.0,1.0,5.943750104052015e-05,4.0,0.0,4.0,,0.0,0.0,,,,,,,,,,
autonomy,autonomy,oracle_upper_bound,opaque_dependency_l4,oracle_privileged,evaluation_seen,opaque,503,200,1.0,4.0,4.0,4.0,1.0,0.0,0.0,,,,0.0,0.0,1.0,8.765100137679838e-05,4.0,0.0,4.0,,0.0,0.0,,,,,,,,,,
autonomy,autonomy,oracle_upper_bound,opaque_dependency_l4,oracle_privileged,evaluation_seen,opaque,557,200,1.0,4.0,4.0,4.0,1.0,0.0,0.0,,,,0.0,0.0,1.0,8.529249986167997e-05,4.0,0.0,4.0,,0.0,0.0,,,,,,,,,,
autonomy,autonomy,oracle_upper_bound,opaque_dependency_l4,oracle_privileged,evaluation_seen,opaque,601,200,1.0,4.0,4.0,4.0,1.0,0.0,0.0,,,,0.0,0.0,1.0,7.362249845755287e-05,4.0,0.0,4.0,,0.0,0.0,,,,,,,,,,
autonomy,autonomy,oracle_upper_bound,opaque_dependency_l4,oracle_privileged,evaluation_seen,opaque,659,200,1.0,4.0,4.0,4.0,1.0,0.0,0.0,,,,0.0,0.0,1.0,6.901449974975548e-05,4.0,0.0,4.0,,0.0,0.0,,,,,,,,,,
autonomy,autonomy,oracle_upper_bound,opaque_dependency_l4,oracle_privileged,evaluation_seen,opaque,701,200,1.0,4.0,4.0,4.0,1.0,0.0,0.0,,,,0.0,0.0,1.0,9.339449956314638e-05,4.0,0.0,4.0,,0.0,0.0,,,,,,,,,,
autonomy,autonomy,oracle_upper_bound,opaque_dependency_l4,oracle_privileged,evaluation_seen,opaque,761,200,1.0,4.0,4.0,4.0,1.0,0.0,0.0,,,,0.0,0.0,1.0,8.079450199147687e-05,4.0,0.0,4.0,,0.0,0.0,,,,,,,,,,
autonomy,autonomy,oracle_upper_bound,opaque_dependency_l4,oracle_privileged,evaluation_seen,opaque,809,200,1.0,4.0,4.0,4.0,1.0,0.0,0.0,,,,0.0,0.0,1.0,7.416800115606748e-05,4.0,0.0,4.0,,0.0,0.0,,,,,,,,,,
autonomy,autonomy,oracle_upper_bound,opaque_dependency_l4,oracle_privileged,evaluation_seen,opaque,857,200,1.0,4.0,4.0,4.0,1.0,0.0,0.0,,,,0.0,0.0,1.0,0.00010623600115650334,4.0,0.0,4.0,,0.0,0.0,,,,,,,,,,
autonomy,autonomy,oracle_upper_bound,opaque_dependency_l4,oracle_privileged,evaluation_seen,opaque,907,200,1.0,4.0,4.0,4.0,1.0,0.0,0.0,,,,0.0,0.0,1.0,8.46059997275006e-05,4.0,0.0,4.0,,0.0,0.0,,,,,,,,,,
autonomy,autonomy,oracle_upper_bound,opaque_dependency_l4,oracle_privileged,evaluation_seen,opaque,953,200,1.0,4.0,4.0,4.0,1.0,0.0,0.0,,,,0.0,0.0,1.0,8.039649939746596e-05,4.0,0.0,4.0,,0.0,0.0,,,,,,,,,,
autonomy,autonomy,oracle_upper_bound,opaque_dependency_l4,oracle_privileged,evaluation_unseen_zero_shot,opaque,1009,200,1.0,4.0,4.0,4.0,1.0,0.0,0.0,,,,0.0,0.0,1.0,0.00010009099962189794,4.0,0.0,4.0,,0.0,0.0,,,,,,,,,,
autonomy,autonomy,oracle_upper_bound,opaque_dependency_l4,oracle_privileged,evaluation_unseen_zero_shot,opaque,1061,200,1.0,4.0,4.0,4.0,1.0,0.0,0.0,,,,0.0,0.0,1.0,7.793399985530414e-05,4.0,0.0,4.0,,0.0,0.0,,,,,,,,,,
autonomy,autonomy,oracle_upper_bound,opaque_dependency_l4,oracle_privileged,evaluation_unseen_zero_shot,opaque,1103,200,1.0,4.0,4.0,4.0,1.0,0.0,0.0,,,,0.0,0.0,1.0,6.977349985390902e-05,4.0,0.0,4.0,,0.0,0.0,,,,,,,,,,
autonomy,autonomy,oracle_upper_bound,opaque_dependency_l4,oracle_privileged,evaluation_unseen_zero_shot,opaque,1151,200,1.0,4.0,4.0,4.0,1.0,0.0,0.0,,,,0.0,0.0,1.0,7.049700026982464e-05,4.0,0.0,4.0,,0.0,0.0,,,,,,,,,,
autonomy,autonomy,oracle_upper_bound,opaque_dependency_l4,oracle_privileged,evaluation_unseen_zero_shot,opaque,1201,200,1.0,4.0,4.0,4.0,1.0,0.0,0.0,,,,0.0,0.0,1.0,9.827399786445312e-05,4.0,0.0,4.0,,0.0,0.0,,,,,,,,,,
autonomy,autonomy,oracle_upper_bound,opaque_dependency_l4,oracle_privileged,evaluation_unseen_zero_shot,opaque,1259,200,1.0,4.0,4.0,4.0,1.0,0.0,0.0,,,,0.0,0.0,1.0,7.94370008225087e-05,4.0,0.0,4.0,,0.0,0.0,,,,,,,,,,
autonomy,autonomy,oracle_upper_bound,opaque_dependency_l4,oracle_privileged,evaluation_unseen_zero_shot,opaque,1301,200,1.0,4.0,4.0,4.0,1.0,0.0,0.0,,,,0.0,0.0,1.0,7.994899919140152e-05,4.0,0.0,4.0,,0.0,0.0,,,,,,,,,,
autonomy,autonomy,oracle_upper_bound,opaque_dependency_l4,oracle_privileged,evaluation_unseen_zero_shot,opaque,131,200,1.0,4.0,4.0,4.0,1.0,0.0,0.0,,,,0.0,0.0,1.0,6.844449962954968e-05,4.0,0.0,4.0,,0.0,0.0,,,,,,,,,,
autonomy,autonomy,oracle_upper_bound,opaque_dependency_l4,oracle_privileged,evaluation_unseen_zero_shot,opaque,1361,200,1.0,4.0,4.0,4.0,1.0,0.0,0.0,,,,0.0,0.0,1.0,6.918950137333013e-05,4.0,0.0,4.0,,0.0,0.0,,,,,,,,,,
autonomy,autonomy,oracle_upper_bound,opaque_dependency_l4,oracle_privileged,evaluation_unseen_zero_shot,opaque,1423,200,1.0,4.0,4.0,4.0,1.0,0.0,0.0,,,,0.0,0.0,1.0,5.921599775319919e-05,4.0,0.0,4.0,,0.0,0.0,,,,,,,,,,
autonomy,autonomy,oracle_upper_bound,opaque_dependency_l4,oracle_privileged,evaluation_unseen_zero_shot,opaque,1481,200,1.0,4.0,4.0,4.0,1.0,0.0,0.0,,,,0.0,0.0,1.0,6.67465002334211e-05,4.0,0.0,4.0,,0.0,0.0,,,,,,,,,,
autonomy,autonomy,oracle_upper_bound,opaque_dependency_l4,oracle_privileged,evaluation_unseen_zero_shot,opaque,1543,200,1.0,4.0,4.0,4.0,1.0,0.0,0.0,,,,0.0,0.0,1.0,0.00010000599941122346,4.0,0.0,4.0,,0.0,0.0,,,,,,,,,,
autonomy,autonomy,oracle_upper_bound,opaque_dependency_l4,oracle_privileged,evaluation_unseen_zero_shot,opaque,1601,200,1.0,4.0,4.0,4.0,1.0,0.0,0.0,,,,0.0,0.0,1.0,5.9670000046025964e-05,4.0,0.0,4.0,,0.0,0.0,,,,,,,,,,
autonomy,autonomy,oracle_upper_bound,opaque_dependency_l4,oracle_privileged,evaluation_unseen_zero_shot,opaque,173,200,1.0,4.0,4.0,4.0,1.0,0.0,0.0,,,,0.0,0.0,1.0,6.5420000028098e-05,4.0,0.0,4.0,,0.0,0.0,,,,,,,,,,
autonomy,autonomy,oracle_upper_bound,opaque_dependency_l4,oracle_privileged,evaluation_unseen_zero_shot,opaque,211,200,1.0,4.0,4.0,4.0,1.0,0.0,0.0,,,,0.0,0.0,1.0,7.712199978413991e-05,4.0,0.0,4.0,,0.0,0.0,,,,,,,,,,
autonomy,autonomy,oracle_upper_bound,opaque_dependency_l4,oracle_privileged,evaluation_unseen_zero_shot,opaque,257,200,1.0,4.0,4.0,4.0,1.0,0.0,0.0,,,,0.0,0.0,1.0,8.828150006593205e-05,4.0,0.0,4.0,,0.0,0.0,,,,,,,,,,
autonomy,autonomy,oracle_upper_bound,opaque_dependency_l4,oracle_privileged,evaluation_unseen_zero_shot,opaque,307,200,1.0,4.0,4.0,4.0,1.0,0.0,0.0,,,,0.0,0.0,1.0,9.03769995784387e-05,4.0,0.0,4.0,,0.0,0.0,,,,,,,,,,
autonomy,autonomy,oracle_upper_bound,opaque_dependency_l4,oracle_privileged,evaluation_unseen_zero_shot,opaque,353,200,1.0,4.0,4.0,4.0,1.0,0.0,0.0,,,,0.0,0.0,1.0,7.910549989901482e-05,4.0,0.0,4.0,,0.0,0.0,,,,,,,,,,
autonomy,autonomy,oracle_upper_bound,opaque_dependency_l4,oracle_privileged,evaluation_unseen_zero_shot,opaque,401,200,1.0,4.0,4.0,4.0,1.0,0.0,0.0,,,,0.0,0.0,1.0,7.007600157521665e-05,4.0,0.0,4.0,,0.0,0.0,,,,,,,,,,
autonomy,autonomy,oracle_upper_bound,opaque_dependency_l4,oracle_privileged,evaluation_unseen_zero_shot,opaque,457,200,1.0,4.0,4.0,4.0,1.0,0.0,0.0,,,,0.0,0.0,1.0,7.6138499280205e-05,4.0,0.0,4.0,,0.0,0.0,,,,,,,,,,
autonomy,autonomy,oracle_upper_bound,opaque_dependency_l4,oracle_privileged,evaluation_unseen_zero_shot,opaque,503,200,1.0,4.0,4.0,4.0,1.0,0.0,0.0,,,,0.0,0.0,1.0,9.267300061765127e-05,4.0,0.0,4.0,,0.0,0.0,,,,,,,,,,
autonomy,autonomy,oracle_upper_bound,opaque_dependency_l4,oracle_privileged,evaluation_unseen_zero_shot,opaque,557,200,1.0,4.0,4.0,4.0,1.0,0.0,0.0,,,,0.0,0.0,1.0,6.419899815227836e-05,4.0,0.0,4.0,,0.0,0.0,,,,,,,,,,
autonomy,autonomy,oracle_upper_bound,opaque_dependency_l4,oracle_privileged,evaluation_unseen_zero_shot,opaque,601,200,1.0,4.0,4.0,4.0,1.0,0.0,0.0,,,,0.0,0.0,1.0,6.982000137213618e-05,4.0,0.0,4.0,,0.0,0.0,,,,,,,,,,
autonomy,autonomy,oracle_upper_bound,opaque_dependency_l4,oracle_privileged,evaluation_unseen_zero_shot,opaque,659,200,1.0,4.0,4.0,4.0,1.0,0.0,0.0,,,,0.0,0.0,1.0,8.501700009219348e-05,4.0,0.0,4.0,,0.0,0.0,,,,,,,,,,
autonomy,autonomy,oracle_upper_bound,opaque_dependency_l4,oracle_privileged,evaluation_unseen_zero_shot,opaque,701,200,1.0,4.0,4.0,4.0,1.0,0.0,0.0,,,,0.0,0.0,1.0,6.323750043520705e-05,4.0,0.0,4.0,,0.0,0.0,,,,,,,,,,
autonomy,autonomy,oracle_upper_bound,opaque_dependency_l4,oracle_privileged,evaluation_unseen_zero_shot,opaque,761,200,1.0,4.0,4.0,4.0,1.0,0.0,0.0,,,,0.0,0.0,1.0,7.610800035763532e-05,4.0,0.0,4.0,,0.0,0.0,,,,,,,,,,
autonomy,autonomy,oracle_upper_bound,opaque_dependency_l4,oracle_privileged,evaluation_unseen_zero_shot,opaque,809,200,1.0,4.0,4.0,4.0,1.0,0.0,0.0,,,,0.0,0.0,1.0,5.925949910306372e-05,4.0,0.0,4.0,,0.0,0.0,,,,,,,,,,
autonomy,autonomy,oracle_upper_bound,opaque_dependency_l4,oracle_privileged,evaluation_unseen_zero_shot,opaque,857,200,1.0,4.0,4.0,4.0,1.0,0.0,0.0,,,,0.0,0.0,1.0,0.00010012699902290479,4.0,0.0,4.0,,0.0,0.0,,,,,,,,,,
autonomy,autonomy,oracle_upper_bound,opaque_dependency_l4,oracle_privileged,evaluation_unseen_zero_shot,opaque,907,200,1.0,4.0,4.0,4.0,1.0,0.0,0.0,,,,0.0,0.0,1.0,7.551450078608469e-05,4.0,0.0,4.0,,0.0,0.0,,,,,,,,,,
autonomy,autonomy,oracle_upper_bound,opaque_dependency_l4,oracle_privileged,evaluation_unseen_zero_shot,opaque,953,200,1.0,4.0,4.0,4.0,1.0,0.0,0.0,,,,0.0,0.0,1.0,8.01244993635919e-05,4.0,0.0,4.0,,0.0,0.0,,,,,,,,,,
autonomy,autonomy,oracle_upper_bound,opaque_dependency_l4,oracle_privileged,training,opaque,1009,2000,1.0,4.0,4.0,4.0,1.0,0.0,0.0,0.0,0.0,0.0,0.0,0.0,1.0,9.208160007256083e-05,4.0,0.0,4.0,,0.0,0.0,1.0,1.0,4,,,,,,,
autonomy,autonomy,oracle_upper_bound,opaque_dependency_l4,oracle_privileged,training,opaque,1061,2000,1.0,4.0,4.0,4.0,1.0,0.0,0.0,0.0,0.0,0.0,0.0,0.0,1.0,9.85619500715984e-05,4.0,0.0,4.0,,0.0,0.0,1.0,1.0,4,,,,,,,
autonomy,autonomy,oracle_upper_bound,opaque_dependency_l4,oracle_privileged,training,opaque,1103,2000,1.0,4.0,4.0,4.0,1.0,0.0,0.0,0.0,0.0,0.0,0.0,0.0,1.0,8.030639954085927e-05,4.0,0.0,4.0,,0.0,0.0,1.0,1.0,4,,,,,,,
autonomy,autonomy,oracle_upper_bound,opaque_dependency_l4,oracle_privileged,training,opaque,1151,2000,1.0,4.0,4.0,4.0,1.0,0.0,0.0,0.0,0.0,0.0,0.0,0.0,1.0,8.65417497116141e-05,4.0,0.0,4.0,,0.0,0.0,1.0,1.0,4,,,,,,,
autonomy,autonomy,oracle_upper_bound,opaque_dependency_l4,oracle_privileged,training,opaque,1201,2000,1.0,4.0,4.0,4.0,1.0,0.0,0.0,0.0,0.0,0.0,0.0,0.0,1.0,8.967830009351019e-05,4.0,0.0,4.0,,0.0,0.0,1.0,1.0,4,,,,,,,
autonomy,autonomy,oracle_upper_bound,opaque_dependency_l4,oracle_privileged,training,opaque,1259,2000,1.0,4.0,4.0,4.0,1.0,0.0,0.0,0.0,0.0,0.0,0.0,0.0,1.0,7.882830032031052e-05,4.0,0.0,4.0,,0.0,0.0,1.0,1.0,4,,,,,,,
autonomy,autonomy,oracle_upper_bound,opaque_dependency_l4,oracle_privileged,training,opaque,1301,2000,1.0,4.0,4.0,4.0,1.0,0.0,0.0,0.0,0.0,0.0,0.0,0.0,1.0,8.012640013475902e-05,4.0,0.0,4.0,,0.0,0.0,1.0,1.0,4,,,,,,,
autonomy,autonomy,oracle_upper_bound,opaque_dependency_l4,oracle_privileged,training,opaque,131,2000,1.0,4.0,4.0,4.0,1.0,0.0,0.0,0.0,0.0,0.0,0.0,0.0,1.0,8.008799988601823e-05,4.0,0.0,4.0,,0.0,0.0,1.0,1.0,4,,,,,,,
autonomy,autonomy,oracle_upper_bound,opaque_dependency_l4,oracle_privileged,training,opaque,1361,2000,1.0,4.0,4.0,4.0,1.0,0.0,0.0,0.0,0.0,0.0,0.0,0.0,1.0,8.782305016939063e-05,4.0,0.0,4.0,,0.0,0.0,1.0,1.0,4,,,,,,,
autonomy,autonomy,oracle_upper_bound,opaque_dependency_l4,oracle_privileged,training,opaque,1423,2000,1.0,4.0,4.0,4.0,1.0,0.0,0.0,0.0,0.0,0.0,0.0,0.0,1.0,7.629979967896361e-05,4.0,0.0,4.0,,0.0,0.0,1.0,1.0,4,,,,,,,
autonomy,autonomy,oracle_upper_bound,opaque_dependency_l4,oracle_privileged,training,opaque,1481,2000,1.0,4.0,4.0,4.0,1.0,0.0,0.0,0.0,0.0,0.0,0.0,0.0,1.0,7.966865012713242e-05,4.0,0.0,4.0,,0.0,0.0,1.0,1.0,4,,,,,,,
autonomy,autonomy,oracle_upper_bound,opaque_dependency_l4,oracle_privileged,training,opaque,1543,2000,1.0,4.0,4.0,4.0,1.0,0.0,0.0,0.0,0.0,0.0,0.0,0.0,1.0,8.54788996221032e-05,4.0,0.0,4.0,,0.0,0.0,1.0,1.0,4,,,,,,,
autonomy,autonomy,oracle_upper_bound,opaque_dependency_l4,oracle_privileged,training,opaque,1601,2000,1.0,4.0,4.0,4.0,1.0,0.0,0.0,0.0,0.0,0.0,0.0,0.0,1.0,7.097495064954273e-05,4.0,0.0,4.0,,0.0,0.0,1.0,1.0,4,,,,,,,
autonomy,autonomy,oracle_upper_bound,opaque_dependency_l4,oracle_privileged,training,opaque,173,2000,1.0,4.0,4.0,4.0,1.0,0.0,0.0,0.0,0.0,0.0,0.0,0.0,1.0,8.851245016558095e-05,4.0,0.0,4.0,,0.0,0.0,1.0,1.0,4,,,,,,,
autonomy,autonomy,oracle_upper_bound,opaque_dependency_l4,oracle_privileged,training,opaque,211,2000,1.0,4.0,4.0,4.0,1.0,0.0,0.0,0.0,0.0,0.0,0.0,0.0,1.0,8.054679995984771e-05,4.0,0.0,4.0,,0.0,0.0,1.0,1.0,4,,,,,,,
autonomy,autonomy,oracle_upper_bound,opaque_dependency_l4,oracle_privileged,training,opaque,257,2000,1.0,4.0,4.0,4.0,1.0,0.0,0.0,0.0,0.0,0.0,0.0,0.0,1.0,8.433554988005199e-05,4.0,0.0,4.0,,0.0,0.0,1.0,1.0,4,,,,,,,
autonomy,autonomy,oracle_upper_bound,opaque_dependency_l4,oracle_privileged,training,opaque,307,2000,1.0,4.0,4.0,4.0,1.0,0.0,0.0,0.0,0.0,0.0,0.0,0.0,1.0,8.550200011814013e-05,4.0,0.0,4.0,,0.0,0.0,1.0,1.0,4,,,,,,,
autonomy,autonomy,oracle_upper_bound,opaque_dependency_l4,oracle_privileged,training,opaque,353,2000,1.0,4.0,4.0,4.0,1.0,0.0,0.0,0.0,0.0,0.0,0.0,0.0,1.0,9.264214977156371e-05,4.0,0.0,4.0,,0.0,0.0,1.0,1.0,4,,,,,,,
autonomy,autonomy,oracle_upper_bound,opaque_dependency_l4,oracle_privileged,training,opaque,401,2000,1.0,4.0,4.0,4.0,1.0,0.0,0.0,0.0,0.0,0.0,0.0,0.0,1.0,8.510614969418384e-05,4.0,0.0,4.0,,0.0,0.0,1.0,1.0,4,,,,,,,
autonomy,autonomy,oracle_upper_bound,opaque_dependency_l4,oracle_privileged,training,opaque,457,2000,1.0,4.0,4.0,4.0,1.0,0.0,0.0,0.0,0.0,0.0,0.0,0.0,1.0,8.78049501334317e-05,4.0,0.0,4.0,,0.0,0.0,1.0,1.0,4,,,,,,,
autonomy,autonomy,oracle_upper_bound,opaque_dependency_l4,oracle_privileged,training,opaque,503,2000,1.0,4.0,4.0,4.0,1.0,0.0,0.0,0.0,0.0,0.0,0.0,0.0,1.0,8.752480009570717e-05,4.0,0.0,4.0,,0.0,0.0,1.0,1.0,4,,,,,,,
autonomy,autonomy,oracle_upper_bound,opaque_dependency_l4,oracle_privileged,training,opaque,557,2000,1.0,4.0,4.0,4.0,1.0,0.0,0.0,0.0,0.0,0.0,0.0,0.0,1.0,8.630909951170907e-05,4.0,0.0,4.0,,0.0,0.0,1.0,1.0,4,,,,,,,
autonomy,autonomy,oracle_upper_bound,opaque_dependency_l4,oracle_privileged,training,opaque,601,2000,1.0,4.0,4.0,4.0,1.0,0.0,0.0,0.0,0.0,0.0,0.0,0.0,1.0,8.298170003399718e-05,4.0,0.0,4.0,,0.0,0.0,1.0,1.0,4,,,,,,,
autonomy,autonomy,oracle_upper_bound,opaque_dependency_l4,oracle_privileged,training,opaque,659,2000,1.0,4.0,4.0,4.0,1.0,0.0,0.0,0.0,0.0,0.0,0.0,0.0,1.0,8.620855020126328e-05,4.0,0.0,4.0,,0.0,0.0,1.0,1.0,4,,,,,,,
autonomy,autonomy,oracle_upper_bound,opaque_dependency_l4,oracle_privileged,training,opaque,701,2000,1.0,4.0,4.0,4.0,1.0,0.0,0.0,0.0,0.0,0.0,0.0,0.0,1.0,8.878309991268906e-05,4.0,0.0,4.0,,0.0,0.0,1.0,1.0,4,,,,,,,
autonomy,autonomy,oracle_upper_bound,opaque_dependency_l4,oracle_privileged,training,opaque,761,2000,1.0,4.0,4.0,4.0,1.0,0.0,0.0,0.0,0.0,0.0,0.0,0.0,1.0,7.848970018676482e-05,4.0,0.0,4.0,,0.0,0.0,1.0,1.0,4,,,,,,,
autonomy,autonomy,oracle_upper_bound,opaque_dependency_l4,oracle_privileged,training,opaque,809,2000,1.0,4.0,4.0,4.0,1.0,0.0,0.0,0.0,0.0,0.0,0.0,0.0,1.0,7.938695028133225e-05,4.0,0.0,4.0,,0.0,0.0,1.0,1.0,4,,,,,,,
autonomy,autonomy,oracle_upper_bound,opaque_dependency_l4,oracle_privileged,training,opaque,857,2000,1.0,4.0,4.0,4.0,1.0,0.0,0.0,0.0,0.0,0.0,0.0,0.0,1.0,0.00010201179985597264,4.0,0.0,4.0,,0.0,0.0,1.0,1.0,4,,,,,,,
autonomy,autonomy,oracle_upper_bound,opaque_dependency_l4,oracle_privileged,training,opaque,907,2000,1.0,4.0,4.0,4.0,1.0,0.0,0.0,0.0,0.0,0.0,0.0,0.0,1.0,0.00010493425028107594,4.0,0.0,4.0,,0.0,0.0,1.0,1.0,4,,,,,,,
autonomy,autonomy,oracle_upper_bound,opaque_dependency_l4,oracle_privileged,training,opaque,953,2000,1.0,4.0,4.0,4.0,1.0,0.0,0.0,0.0,0.0,0.0,0.0,0.0,1.0,8.232195023447275e-05,4.0,0.0,4.0,,0.0,0.0,1.0,1.0,4,,,,,,,
autonomy,autonomy,oracle_upper_bound,opaque_dependency_l6,oracle_privileged,evaluation_seen,opaque,1009,200,1.0,6.0,6.0,6.0,1.0,0.0,0.0,,,,0.0,0.0,1.0,0.00012433500043698586,6.0,0.0,6.0,,0.0,0.0,,,,,,,,,,
autonomy,autonomy,oracle_upper_bound,opaque_dependency_l6,oracle_privileged,evaluation_seen,opaque,1061,200,1.0,6.0,6.0,6.0,1.0,0.0,0.0,,,,0.0,0.0,1.0,0.00010940899956040085,6.0,0.0,6.0,,0.0,0.0,,,,,,,,,,
autonomy,autonomy,oracle_upper_bound,opaque_dependency_l6,oracle_privileged,evaluation_seen,opaque,1103,200,1.0,6.0,6.0,6.0,1.0,0.0,0.0,,,,0.0,0.0,1.0,0.00012516950097051448,6.0,0.0,6.0,,0.0,0.0,,,,,,,,,,
autonomy,autonomy,oracle_upper_bound,opaque_dependency_l6,oracle_privileged,evaluation_seen,opaque,1151,200,1.0,6.0,6.0,6.0,1.0,0.0,0.0,,,,0.0,0.0,1.0,0.00011892099937540478,6.0,0.0,6.0,,0.0,0.0,,,,,,,,,,
autonomy,autonomy,oracle_upper_bound,opaque_dependency_l6,oracle_privileged,evaluation_seen,opaque,1201,200,1.0,6.0,6.0,6.0,1.0,0.0,0.0,,,,0.0,0.0,1.0,0.0001170254999306053,6.0,0.0,6.0,,0.0,0.0,,,,,,,,,,
autonomy,autonomy,oracle_upper_bound,opaque_dependency_l6,oracle_privileged,evaluation_seen,opaque,1259,200,1.0,6.0,6.0,6.0,1.0,0.0,0.0,,,,0.0,0.0,1.0,0.0001306550002482254,6.0,0.0,6.0,,0.0,0.0,,,,,,,,,,
autonomy,autonomy,oracle_upper_bound,opaque_dependency_l6,oracle_privileged,evaluation_seen,opaque,1301,200,1.0,6.0,6.0,6.0,1.0,0.0,0.0,,,,0.0,0.0,1.0,0.00013122449992806652,6.0,0.0,6.0,,0.0,0.0,,,,,,,,,,
autonomy,autonomy,oracle_upper_bound,opaque_dependency_l6,oracle_privileged,evaluation_seen,opaque,131,200,1.0,6.0,6.0,6.0,1.0,0.0,0.0,,,,0.0,0.0,1.0,0.00013157749970559962,6.0,0.0,6.0,,0.0,0.0,,,,,,,,,,
autonomy,autonomy,oracle_upper_bound,opaque_dependency_l6,oracle_privileged,evaluation_seen,opaque,1361,200,1.0,6.0,6.0,6.0,1.0,0.0,0.0,,,,0.0,0.0,1.0,9.655449830461293e-05,6.0,0.0,6.0,,0.0,0.0,,,,,,,,,,
autonomy,autonomy,oracle_upper_bound,opaque_dependency_l6,oracle_privileged,evaluation_seen,opaque,1423,200,1.0,6.0,6.0,6.0,1.0,0.0,0.0,,,,0.0,0.0,1.0,0.0001303675006784033,6.0,0.0,6.0,,0.0,0.0,,,,,,,,,,
autonomy,autonomy,oracle_upper_bound,opaque_dependency_l6,oracle_privileged,evaluation_seen,opaque,1481,200,1.0,6.0,6.0,6.0,1.0,0.0,0.0,,,,0.0,0.0,1.0,9.932449960615485e-05,6.0,0.0,6.0,,0.0,0.0,,,,,,,,,,
autonomy,autonomy,oracle_upper_bound,opaque_dependency_l6,oracle_privileged,evaluation_seen,opaque,1543,200,1.0,6.0,6.0,6.0,1.0,0.0,0.0,,,,0.0,0.0,1.0,0.00011522650209371931,6.0,0.0,6.0,,0.0,0.0,,,,,,,,,,
autonomy,autonomy,oracle_upper_bound,opaque_dependency_l6,oracle_privileged,evaluation_seen,opaque,1601,200,1.0,6.0,6.0,6.0,1.0,0.0,0.0,,,,0.0,0.0,1.0,0.00011947199978749267,6.0,0.0,6.0,,0.0,0.0,,,,,,,,,,
autonomy,autonomy,oracle_upper_bound,opaque_dependency_l6,oracle_privileged,evaluation_seen,opaque,173,200,1.0,6.0,6.0,6.0,1.0,0.0,0.0,,,,0.0,0.0,1.0,0.00011176899977726861,6.0,0.0,6.0,,0.0,0.0,,,,,,,,,,
autonomy,autonomy,oracle_upper_bound,opaque_dependency_l6,oracle_privileged,evaluation_seen,opaque,211,200,1.0,6.0,6.0,6.0,1.0,0.0,0.0,,,,0.0,0.0,1.0,0.00011636100098257884,6.0,0.0,6.0,,0.0,0.0,,,,,,,,,,
autonomy,autonomy,oracle_upper_bound,opaque_dependency_l6,oracle_privileged,evaluation_seen,opaque,257,200,1.0,6.0,6.0,6.0,1.0,0.0,0.0,,,,0.0,0.0,1.0,0.00012711200004559943,6.0,0.0,6.0,,0.0,0.0,,,,,,,,,,
autonomy,autonomy,oracle_upper_bound,opaque_dependency_l6,oracle_privileged,evaluation_seen,opaque,307,200,1.0,6.0,6.0,6.0,1.0,0.0,0.0,,,,0.0,0.0,1.0,0.00013062749989330768,6.0,0.0,6.0,,0.0,0.0,,,,,,,,,,
autonomy,autonomy,oracle_upper_bound,opaque_dependency_l6,oracle_privileged,evaluation_seen,opaque,353,200,1.0,6.0,6.0,6.0,1.0,0.0,0.0,,,,0.0,0.0,1.0,9.303700004238635e-05,6.0,0.0,6.0,,0.0,0.0,,,,,,,,,,
autonomy,autonomy,oracle_upper_bound,opaque_dependency_l6,oracle_privileged,evaluation_seen,opaque,401,200,1.0,6.0,6.0,6.0,1.0,0.0,0.0,,,,0.0,0.0,1.0,0.00010133350020623766,6.0,0.0,6.0,,0.0,0.0,,,,,,,,,,
autonomy,autonomy,oracle_upper_bound,opaque_dependency_l6,oracle_privileged,evaluation_seen,opaque,457,200,1.0,6.0,6.0,6.0,1.0,0.0,0.0,,,,0.0,0.0,1.0,0.00011006800050381572,6.0,0.0,6.0,,0.0,0.0,,,,,,,,,,
autonomy,autonomy,oracle_upper_bound,opaque_dependency_l6,oracle_privileged,evaluation_seen,opaque,503,200,1.0,6.0,6.0,6.0,1.0,0.0,0.0,,,,0.0,0.0,1.0,0.00012736349963233807,6.0,0.0,6.0,,0.0,0.0,,,,,,,,,,
autonomy,autonomy,oracle_upper_bound,opaque_dependency_l6,oracle_privileged,evaluation_seen,opaque,557,200,1.0,6.0,6.0,6.0,1.0,0.0,0.0,,,,0.0,0.0,1.0,0.00011716450026142411,6.0,0.0,6.0,,0.0,0.0,,,,,,,,,,
autonomy,autonomy,oracle_upper_bound,opaque_dependency_l6,oracle_privileged,evaluation_seen,opaque,601,200,1.0,6.0,6.0,6.0,1.0,0.0,0.0,,,,0.0,0.0,1.0,0.00011700600021868013,6.0,0.0,6.0,,0.0,0.0,,,,,,,,,,
autonomy,autonomy,oracle_upper_bound,opaque_dependency_l6,oracle_privileged,evaluation_seen,opaque,659,200,1.0,6.0,6.0,6.0,1.0,0.0,0.0,,,,0.0,0.0,1.0,0.0002868829999351874,6.0,0.0,6.0,,0.0,0.0,,,,,,,,,,
autonomy,autonomy,oracle_upper_bound,opaque_dependency_l6,oracle_privileged,evaluation_seen,opaque,701,200,1.0,6.0,6.0,6.0,1.0,0.0,0.0,,,,0.0,0.0,1.0,9.56090004183352e-05,6.0,0.0,6.0,,0.0,0.0,,,,,,,,,,
autonomy,autonomy,oracle_upper_bound,opaque_dependency_l6,oracle_privileged,evaluation_seen,opaque,761,200,1.0,6.0,6.0,6.0,1.0,0.0,0.0,,,,0.0,0.0,1.0,0.00010460549994604662,6.0,0.0,6.0,,0.0,0.0,,,,,,,,,,
autonomy,autonomy,oracle_upper_bound,opaque_dependency_l6,oracle_privileged,evaluation_seen,opaque,809,200,1.0,6.0,6.0,6.0,1.0,0.0,0.0,,,,0.0,0.0,1.0,0.00015655950075597503,6.0,0.0,6.0,,0.0,0.0,,,,,,,,,,
autonomy,autonomy,oracle_upper_bound,opaque_dependency_l6,oracle_privileged,evaluation_seen,opaque,857,200,1.0,6.0,6.0,6.0,1.0,0.0,0.0,,,,0.0,0.0,1.0,0.0001430120003351476,6.0,0.0,6.0,,0.0,0.0,,,,,,,,,,
autonomy,autonomy,oracle_upper_bound,opaque_dependency_l6,oracle_privileged,evaluation_seen,opaque,907,200,1.0,6.0,6.0,6.0,1.0,0.0,0.0,,,,0.0,0.0,1.0,0.00011133400097605772,6.0,0.0,6.0,,0.0,0.0,,,,,,,,,,
autonomy,autonomy,oracle_upper_bound,opaque_dependency_l6,oracle_privileged,evaluation_seen,opaque,953,200,1.0,6.0,6.0,6.0,1.0,0.0,0.0,,,,0.0,0.0,1.0,0.0001118935017439071,6.0,0.0,6.0,,0.0,0.0,,,,,,,,,,
autonomy,autonomy,oracle_upper_bound,opaque_dependency_l6,oracle_privileged,evaluation_unseen_zero_shot,opaque,1009,200,1.0,6.0,6.0,6.0,1.0,0.0,0.0,,,,0.0,0.0,1.0,0.00010174050097703003,6.0,0.0,6.0,,0.0,0.0,,,,,,,,,,
autonomy,autonomy,oracle_upper_bound,opaque_dependency_l6,oracle_privileged,evaluation_unseen_zero_shot,opaque,1061,200,1.0,6.0,6.0,6.0,1.0,0.0,0.0,,,,0.0,0.0,1.0,0.00012305799958994612,6.0,0.0,6.0,,0.0,0.0,,,,,,,,,,
autonomy,autonomy,oracle_upper_bound,opaque_dependency_l6,oracle_privileged,evaluation_unseen_zero_shot,opaque,1103,200,1.0,6.0,6.0,6.0,1.0,0.0,0.0,,,,0.0,0.0,1.0,0.00011525249952683225,6.0,0.0,6.0,,0.0,0.0,,,,,,,,,,
autonomy,autonomy,oracle_upper_bound,opaque_dependency_l6,oracle_privileged,evaluation_unseen_zero_shot,opaque,1151,200,1.0,6.0,6.0,6.0,1.0,0.0,0.0,,,,0.0,0.0,1.0,0.00012845399891375564,6.0,0.0,6.0,,0.0,0.0,,,,,,,,,,
autonomy,autonomy,oracle_upper_bound,opaque_dependency_l6,oracle_privileged,evaluation_unseen_zero_shot,opaque,1201,200,1.0,6.0,6.0,6.0,1.0,0.0,0.0,,,,0.0,0.0,1.0,0.00012492399982875214,6.0,0.0,6.0,,0.0,0.0,,,,,,,,,,
autonomy,autonomy,oracle_upper_bound,opaque_dependency_l6,oracle_privileged,evaluation_unseen_zero_shot,opaque,1259,200,1.0,6.0,6.0,6.0,1.0,0.0,0.0,,,,0.0,0.0,1.0,0.00011872899936861359,6.0,0.0,6.0,,0.0,0.0,,,,,,,,,,
autonomy,autonomy,oracle_upper_bound,opaque_dependency_l6,oracle_privileged,evaluation_unseen_zero_shot,opaque,1301,200,1.0,6.0,6.0,6.0,1.0,0.0,0.0,,,,0.0,0.0,1.0,0.000130048001446994,6.0,0.0,6.0,,0.0,0.0,,,,,,,,,,
autonomy,autonomy,oracle_upper_bound,opaque_dependency_l6,oracle_privileged,evaluation_unseen_zero_shot,opaque,131,200,1.0,6.0,6.0,6.0,1.0,0.0,0.0,,,,0.0,0.0,1.0,0.00012614099992788396,6.0,0.0,6.0,,0.0,0.0,,,,,,,,,,
autonomy,autonomy,oracle_upper_bound,opaque_dependency_l6,oracle_privileged,evaluation_unseen_zero_shot,opaque,1361,200,1.0,6.0,6.0,6.0,1.0,0.0,0.0,,,,0.0,0.0,1.0,0.00010927300041657873,6.0,0.0,6.0,,0.0,0.0,,,,,,,,,,
autonomy,autonomy,oracle_upper_bound,opaque_dependency_l6,oracle_privileged,evaluation_unseen_zero_shot,opaque,1423,200,1.0,6.0,6.0,6.0,1.0,0.0,0.0,,,,0.0,0.0,1.0,0.00011749700017389842,6.0,0.0,6.0,,0.0,0.0,,,,,,,,,,
autonomy,autonomy,oracle_upper_bound,opaque_dependency_l6,oracle_privileged,evaluation_unseen_zero_shot,opaque,1481,200,1.0,6.0,6.0,6.0,1.0,0.0,0.0,,,,0.0,0.0,1.0,8.986099914181977e-05,6.0,0.0,6.0,,0.0,0.0,,,,,,,,,,
autonomy,autonomy,oracle_upper_bound,opaque_dependency_l6,oracle_privileged,evaluation_unseen_zero_shot,opaque,1543,200,1.0,6.0,6.0,6.0,1.0,0.0,0.0,,,,0.0,0.0,1.0,0.00012510999920777976,6.0,0.0,6.0,,0.0,0.0,,,,,,,,,,
autonomy,autonomy,oracle_upper_bound,opaque_dependency_l6,oracle_privileged,evaluation_unseen_zero_shot,opaque,1601,200,1.0,6.0,6.0,6.0,1.0,0.0,0.0,,,,0.0,0.0,1.0,0.00012893049977719784,6.0,0.0,6.0,,0.0,0.0,,,,,,,,,,
autonomy,autonomy,oracle_upper_bound,opaque_dependency_l6,oracle_privileged,evaluation_unseen_zero_shot,opaque,173,200,1.0,6.0,6.0,6.0,1.0,0.0,0.0,,,,0.0,0.0,1.0,9.159200228168629e-05,6.0,0.0,6.0,,0.0,0.0,,,,,,,,,,
autonomy,autonomy,oracle_upper_bound,opaque_dependency_l6,oracle_privileged,evaluation_unseen_zero_shot,opaque,211,200,1.0,6.0,6.0,6.0,1.0,0.0,0.0,,,,0.0,0.0,1.0,0.00012004899923340418,6.0,0.0,6.0,,0.0,0.0,,,,,,,,,,
autonomy,autonomy,oracle_upper_bound,opaque_dependency_l6,oracle_privileged,evaluation_unseen_zero_shot,opaque,257,200,1.0,6.0,6.0,6.0,1.0,0.0,0.0,,,,0.0,0.0,1.0,0.00013890049871406518,6.0,0.0,6.0,,0.0,0.0,,,,,,,,,,
autonomy,autonomy,oracle_upper_bound,opaque_dependency_l6,oracle_privileged,evaluation_unseen_zero_shot,opaque,307,200,1.0,6.0,6.0,6.0,1.0,0.0,0.0,,,,0.0,0.0,1.0,0.00013754999978118576,6.0,0.0,6.0,,0.0,0.0,,,,,,,,,,
autonomy,autonomy,oracle_upper_bound,opaque_dependency_l6,oracle_privileged,evaluation_unseen_zero_shot,opaque,353,200,1.0,6.0,6.0,6.0,1.0,0.0,0.0,,,,0.0,0.0,1.0,9.796250102226622e-05,6.0,0.0,6.0,,0.0,0.0,,,,,,,,,,
autonomy,autonomy,oracle_upper_bound,opaque_dependency_l6,oracle_privileged,evaluation_unseen_zero_shot,opaque,401,200,1.0,6.0,6.0,6.0,1.0,0.0,0.0,,,,0.0,0.0,1.0,0.00011313000082736835,6.0,0.0,6.0,,0.0,0.0,,,,,,,,,,
autonomy,autonomy,oracle_upper_bound,opaque_dependency_l6,oracle_privileged,evaluation_unseen_zero_shot,opaque,457,200,1.0,6.0,6.0,6.0,1.0,0.0,0.0,,,,0.0,0.0,1.0,0.00011772449972340836,6.0,0.0,6.0,,0.0,0.0,,,,,,,,,,
autonomy,autonomy,oracle_upper_bound,opaque_dependency_l6,oracle_privileged,evaluation_unseen_zero_shot,opaque,503,200,1.0,6.0,6.0,6.0,1.0,0.0,0.0,,,,0.0,0.0,1.0,0.00012291299863136372,6.0,0.0,6.0,,0.0,0.0,,,,,,,,,,
autonomy,autonomy,oracle_upper_bound,opaque_dependency_l6,oracle_privileged,evaluation_unseen_zero_shot,opaque,557,200,1.0,6.0,6.0,6.0,1.0,0.0,0.0,,,,0.0,0.0,1.0,9.182949928799644e-05,6.0,0.0,6.0,,0.0,0.0,,,,,,,,,,
autonomy,autonomy,oracle_upper_bound,opaque_dependency_l6,oracle_privileged,evaluation_unseen_zero_shot,opaque,601,200,1.0,6.0,6.0,6.0,1.0,0.0,0.0,,,,0.0,0.0,1.0,0.0001267509997705929,6.0,0.0,6.0,,0.0,0.0,,,,,,,,,,
autonomy,autonomy,oracle_upper_bound,opaque_dependency_l6,oracle_privileged,evaluation_unseen_zero_shot,opaque,659,200,1.0,6.0,6.0,6.0,1.0,0.0,0.0,,,,0.0,0.0,1.0,0.00012270699939108452,6.0,0.0,6.0,,0.0,0.0,,,,,,,,,,
autonomy,autonomy,oracle_upper_bound,opaque_dependency_l6,oracle_privileged,evaluation_unseen_zero_shot,opaque,701,200,1.0,6.0,6.0,6.0,1.0,0.0,0.0,,,,0.0,0.0,1.0,0.00010272450192132964,6.0,0.0,6.0,,0.0,0.0,,,,,,,,,,
autonomy,autonomy,oracle_upper_bound,opaque_dependency_l6,oracle_privileged,evaluation_unseen_zero_shot,opaque,761,200,1.0,6.0,6.0,6.0,1.0,0.0,0.0,,,,0.0,0.0,1.0,0.0002714339994417969,6.0,0.0,6.0,,0.0,0.0,,,,,,,,,,
autonomy,autonomy,oracle_upper_bound,opaque_dependency_l6,oracle_privileged,evaluation_unseen_zero_shot,opaque,809,200,1.0,6.0,6.0,6.0,1.0,0.0,0.0,,,,0.0,0.0,1.0,0.00010922150002443232,6.0,0.0,6.0,,0.0,0.0,,,,,,,,,,
autonomy,autonomy,oracle_upper_bound,opaque_dependency_l6,oracle_privileged,evaluation_unseen_zero_shot,opaque,857,200,1.0,6.0,6.0,6.0,1.0,0.0,0.0,,,,0.0,0.0,1.0,0.000142506500124,6.0,0.0,6.0,,0.0,0.0,,,,,,,,,,
autonomy,autonomy,oracle_upper_bound,opaque_dependency_l6,oracle_privileged,evaluation_unseen_zero_shot,opaque,907,200,1.0,6.0,6.0,6.0,1.0,0.0,0.0,,,,0.0,0.0,1.0,0.0001326885004527867,6.0,0.0,6.0,,0.0,0.0,,,,,,,,,,
autonomy,autonomy,oracle_upper_bound,opaque_dependency_l6,oracle_privileged,evaluation_unseen_zero_shot,opaque,953,200,1.0,6.0,6.0,6.0,1.0,0.0,0.0,,,,0.0,0.0,1.0,0.0001117029988381546,6.0,0.0,6.0,,0.0,0.0,,,,,,,,,,
autonomy,autonomy,oracle_upper_bound,opaque_dependency_l6,oracle_privileged,training,opaque,1009,2000,1.0,6.0,6.0,6.0,1.0,0.0,0.0,0.0,0.0,0.0,0.0,0.0,1.0,0.00013249715013080276,6.0,0.0,6.0,,0.0,0.0,1.0,1.0,6,,,,,,,
autonomy,autonomy,oracle_upper_bound,opaque_dependency_l6,oracle_privileged,training,opaque,1061,2000,1.0,6.0,6.0,6.0,1.0,0.0,0.0,0.0,0.0,0.0,0.0,0.0,1.0,0.0001343310997763183,6.0,0.0,6.0,,0.0,0.0,1.0,1.0,6,,,,,,,
autonomy,autonomy,oracle_upper_bound,opaque_dependency_l6,oracle_privileged,training,opaque,1103,2000,1.0,6.0,6.0,6.0,1.0,0.0,0.0,0.0,0.0,0.0,0.0,0.0,1.0,0.0001403796000231523,6.0,0.0,6.0,,0.0,0.0,1.0,1.0,6,,,,,,,
autonomy,autonomy,oracle_upper_bound,opaque_dependency_l6,oracle_privileged,training,opaque,1151,2000,1.0,6.0,6.0,6.0,1.0,0.0,0.0,0.0,0.0,0.0,0.0,0.0,1.0,0.00012707280000904574,6.0,0.0,6.0,,0.0,0.0,1.0,1.0,6,,,,,,,
autonomy,autonomy,oracle_upper_bound,opaque_dependency_l6,oracle_privileged,training,opaque,1201,2000,1.0,6.0,6.0,6.0,1.0,0.0,0.0,0.0,0.0,0.0,0.0,0.0,1.0,0.0001264623502502218,6.0,0.0,6.0,,0.0,0.0,1.0,1.0,6,,,,,,,
autonomy,autonomy,oracle_upper_bound,opaque_dependency_l6,oracle_privileged,training,opaque,1259,2000,1.0,6.0,6.0,6.0,1.0,0.0,0.0,0.0,0.0,0.0,0.0,0.0,1.0,0.00015152310009580107,6.0,0.0,6.0,,0.0,0.0,1.0,1.0,6,,,,,,,
autonomy,autonomy,oracle_upper_bound,opaque_dependency_l6,oracle_privileged,training,opaque,1301,2000,1.0,6.0,6.0,6.0,1.0,0.0,0.0,0.0,0.0,0.0,0.0,0.0,1.0,0.00012271384931227658,6.0,0.0,6.0,,0.0,0.0,1.0,1.0,6,,,,,,,
autonomy,autonomy,oracle_upper_bound,opaque_dependency_l6,oracle_privileged,training,opaque,131,2000,1.0,6.0,6.0,6.0,1.0,0.0,0.0,0.0,0.0,0.0,0.0,0.0,1.0,0.00014123140013543888,6.0,0.0,6.0,,0.0,0.0,1.0,1.0,6,,,,,,,
autonomy,autonomy,oracle_upper_bound,opaque_dependency_l6,oracle_privileged,training,opaque,1361,2000,1.0,6.0,6.0,6.0,1.0,0.0,0.0,0.0,0.0,0.0,0.0,0.0,1.0,0.00013070109966793097,6.0,0.0,6.0,,0.0,0.0,1.0,1.0,6,,,,,,,
autonomy,autonomy,oracle_upper_bound,opaque_dependency_l6,oracle_privileged,training,opaque,1423,2000,1.0,6.0,6.0,6.0,1.0,0.0,0.0,0.0,0.0,0.0,0.0,0.0,1.0,0.00014248989961924963,6.0,0.0,6.0,,0.0,0.0,1.0,1.0,6,,,,,,,
autonomy,autonomy,oracle_upper_bound,opaque_dependency_l6,oracle_privileged,training,opaque,1481,2000,1.0,6.0,6.0,6.0,1.0,0.0,0.0,0.0,0.0,0.0,0.0,0.0,1.0,0.00010601949953706935,6.0,0.0,6.0,,0.0,0.0,1.0,1.0,6,,,,,,,
autonomy,autonomy,oracle_upper_bound,opaque_dependency_l6,oracle_privileged,training,opaque,1543,2000,1.0,6.0,6.0,6.0,1.0,0.0,0.0,0.0,0.0,0.0,0.0,0.0,1.0,0.0001297754500119481,6.0,0.0,6.0,,0.0,0.0,1.0,1.0,6,,,,,,,
autonomy,autonomy,oracle_upper_bound,opaque_dependency_l6,oracle_privileged,training,opaque,1601,2000,1.0,6.0,6.0,6.0,1.0,0.0,0.0,0.0,0.0,0.0,0.0,0.0,1.0,0.00015167364991793876,6.0,0.0,6.0,,0.0,0.0,1.0,1.0,6,,,,,,,
autonomy,autonomy,oracle_upper_bound,opaque_dependency_l6,oracle_privileged,training,opaque,173,2000,1.0,6.0,6.0,6.0,1.0,0.0,0.0,0.0,0.0,0.0,0.0,0.0,1.0,0.00011575850017834454,6.0,0.0,6.0,,0.0,0.0,1.0,1.0,6,,,,,,,
autonomy,autonomy,oracle_upper_bound,opaque_dependency_l6,oracle_privileged,training,opaque,211,2000,1.0,6.0,6.0,6.0,1.0,0.0,0.0,0.0,0.0,0.0,0.0,0.0,1.0,0.00012766594972345047,6.0,0.0,6.0,,0.0,0.0,1.0,1.0,6,,,,,,,
autonomy,autonomy,oracle_upper_bound,opaque_dependency_l6,oracle_privileged,training,opaque,257,2000,1.0,6.0,6.0,6.0,1.0,0.0,0.0,0.0,0.0,0.0,0.0,0.0,1.0,0.0001303125000122236,6.0,0.0,6.0,,0.0,0.0,1.0,1.0,6,,,,,,,
autonomy,autonomy,oracle_upper_bound,opaque_dependency_l6,oracle_privileged,training,opaque,307,2000,1.0,6.0,6.0,6.0,1.0,0.0,0.0,0.0,0.0,0.0,0.0,0.0,1.0,0.0001184044996771263,6.0,0.0,6.0,,0.0,0.0,1.0,1.0,6,,,,,,,
autonomy,autonomy,oracle_upper_bound,opaque_dependency_l6,oracle_privileged,training,opaque,353,2000,1.0,6.0,6.0,6.0,1.0,0.0,0.0,0.0,0.0,0.0,0.0,0.0,1.0,0.00011649799977021757,6.0,0.0,6.0,,0.0,0.0,1.0,1.0,6,,,,,,,
autonomy,autonomy,oracle_upper_bound,opaque_dependency_l6,oracle_privileged,training,opaque,401,2000,1.0,6.0,6.0,6.0,1.0,0.0,0.0,0.0,0.0,0.0,0.0,0.0,1.0,0.00012018345038814004,6.0,0.0,6.0,,0.0,0.0,1.0,1.0,6,,,,,,,
autonomy,autonomy,oracle_upper_bound,opaque_dependency_l6,oracle_privileged,training,opaque,457,2000,1.0,6.0,6.0,6.0,1.0,0.0,0.0,0.0,0.0,0.0,0.0,0.0,1.0,0.00011850529986259061,6.0,0.0,6.0,,0.0,0.0,1.0,1.0,6,,,,,,,
autonomy,autonomy,oracle_upper_bound,opaque_dependency_l6,oracle_privileged,training,opaque,503,2000,1.0,6.0,6.0,6.0,1.0,0.0,0.0,0.0,0.0,0.0,0.0,0.0,1.0,0.00012633719967561775,6.0,0.0,6.0,,0.0,0.0,1.0,1.0,6,,,,,,,
autonomy,autonomy,oracle_upper_bound,opaque_dependency_l6,oracle_privileged,training,opaque,557,2000,1.0,6.0,6.0,6.0,1.0,0.0,0.0,0.0,0.0,0.0,0.0,0.0,1.0,0.0001183476998412516,6.0,0.0,6.0,,0.0,0.0,1.0,1.0,6,,,,,,,
autonomy,autonomy,oracle_upper_bound,opaque_dependency_l6,oracle_privileged,training,opaque,601,2000,1.0,6.0,6.0,6.0,1.0,0.0,0.0,0.0,0.0,0.0,0.0,0.0,1.0,0.00014230900010443292,6.0,0.0,6.0,,0.0,0.0,1.0,1.0,6,,,,,,,
autonomy,autonomy,oracle_upper_bound,opaque_dependency_l6,oracle_privileged,training,opaque,659,2000,1.0,6.0,6.0,6.0,1.0,0.0,0.0,0.0,0.0,0.0,0.0,0.0,1.0,0.00013259389958693646,6.0,0.0,6.0,,0.0,0.0,1.0,1.0,6,,,,,,,
autonomy,autonomy,oracle_upper_bound,opaque_dependency_l6,oracle_privileged,training,opaque,701,2000,1.0,6.0,6.0,6.0,1.0,0.0,0.0,0.0,0.0,0.0,0.0,0.0,1.0,0.0001274972503306344,6.0,0.0,6.0,,0.0,0.0,1.0,1.0,6,,,,,,,
autonomy,autonomy,oracle_upper_bound,opaque_dependency_l6,oracle_privileged,training,opaque,761,2000,1.0,6.0,6.0,6.0,1.0,0.0,0.0,0.0,0.0,0.0,0.0,0.0,1.0,0.00011169325027731247,6.0,0.0,6.0,,0.0,0.0,1.0,1.0,6,,,,,,,
autonomy,autonomy,oracle_upper_bound,opaque_dependency_l6,oracle_privileged,training,opaque,809,2000,1.0,6.0,6.0,6.0,1.0,0.0,0.0,0.0,0.0,0.0,0.0,0.0,1.0,0.00012742634980531875,6.0,0.0,6.0,,0.0,0.0,1.0,1.0,6,,,,,,,
autonomy,autonomy,oracle_upper_bound,opaque_dependency_l6,oracle_privileged,training,opaque,857,2000,1.0,6.0,6.0,6.0,1.0,0.0,0.0,0.0,0.0,0.0,0.0,0.0,1.0,0.00015798035002080723,6.0,0.0,6.0,,0.0,0.0,1.0,1.0,6,,,,,,,
autonomy,autonomy,oracle_upper_bound,opaque_dependency_l6,oracle_privileged,training,opaque,907,2000,1.0,6.0,6.0,6.0,1.0,0.0,0.0,0.0,0.0,0.0,0.0,0.0,1.0,0.00015502380003454164,6.0,0.0,6.0,,0.0,0.0,1.0,1.0,6,,,,,,,
autonomy,autonomy,oracle_upper_bound,opaque_dependency_l6,oracle_privileged,training,opaque,953,2000,1.0,6.0,6.0,6.0,1.0,0.0,0.0,0.0,0.0,0.0,0.0,0.0,1.0,0.0001430460001283791,6.0,0.0,6.0,,0.0,0.0,1.0,1.0,6,,,,,,,
autonomy,autonomy,oracle_upper_bound,opaque_dependency_l8,oracle_privileged,evaluation_seen,opaque,1009,200,1.0,8.0,8.0,8.0,1.0,0.0,0.0,,,,0.0,0.0,1.0,0.0001311470005020965,8.0,0.0,8.0,,0.0,0.0,,,,,,,,,,
autonomy,autonomy,oracle_upper_bound,opaque_dependency_l8,oracle_privileged,evaluation_seen,opaque,1061,200,1.0,8.0,8.0,8.0,1.0,0.0,0.0,,,,0.0,0.0,1.0,0.00017710749962134286,8.0,0.0,8.0,,0.0,0.0,,,,,,,,,,
autonomy,autonomy,oracle_upper_bound,opaque_dependency_l8,oracle_privileged,evaluation_seen,opaque,1103,200,1.0,8.0,8.0,8.0,1.0,0.0,0.0,,,,0.0,0.0,1.0,0.00018755149983917363,8.0,0.0,8.0,,0.0,0.0,,,,,,,,,,
autonomy,autonomy,oracle_upper_bound,opaque_dependency_l8,oracle_privileged,evaluation_seen,opaque,1151,200,1.0,8.0,8.0,8.0,1.0,0.0,0.0,,,,0.0,0.0,1.0,0.00013736549983150325,8.0,0.0,8.0,,0.0,0.0,,,,,,,,,,
autonomy,autonomy,oracle_upper_bound,opaque_dependency_l8,oracle_privileged,evaluation_seen,opaque,1201,200,1.0,8.0,8.0,8.0,1.0,0.0,0.0,,,,0.0,0.0,1.0,0.00019246550058596768,8.0,0.0,8.0,,0.0,0.0,,,,,,,,,,
autonomy,autonomy,oracle_upper_bound,opaque_dependency_l8,oracle_privileged,evaluation_seen,opaque,1259,200,1.0,8.0,8.0,8.0,1.0,0.0,0.0,,,,0.0,0.0,1.0,0.0001416399993468076,8.0,0.0,8.0,,0.0,0.0,,,,,,,,,,
autonomy,autonomy,oracle_upper_bound,opaque_dependency_l8,oracle_privileged,evaluation_seen,opaque,1301,200,1.0,8.0,8.0,8.0,1.0,0.0,0.0,,,,0.0,0.0,1.0,0.00016584400000283495,8.0,0.0,8.0,,0.0,0.0,,,,,,,,,,
autonomy,autonomy,oracle_upper_bound,opaque_dependency_l8,oracle_privileged,evaluation_seen,opaque,131,200,1.0,8.0,8.0,8.0,1.0,0.0,0.0,,,,0.0,0.0,1.0,0.00013695500019821337,8.0,0.0,8.0,,0.0,0.0,,,,,,,,,,
autonomy,autonomy,oracle_upper_bound,opaque_dependency_l8,oracle_privileged,evaluation_seen,opaque,1361,200,1.0,8.0,8.0,8.0,1.0,0.0,0.0,,,,0.0,0.0,1.0,0.00017328599991742522,8.0,0.0,8.0,,0.0,0.0,,,,,,,,,,
autonomy,autonomy,oracle_upper_bound,opaque_dependency_l8,oracle_privileged,evaluation_seen,opaque,1423,200,1.0,8.0,8.0,8.0,1.0,0.0,0.0,,,,0.0,0.0,1.0,0.0001602814983925782,8.0,0.0,8.0,,0.0,0.0,,,,,,,,,,
autonomy,autonomy,oracle_upper_bound,opaque_dependency_l8,oracle_privileged,evaluation_seen,opaque,1481,200,1.0,8.0,8.0,8.0,1.0,0.0,0.0,,,,0.0,0.0,1.0,0.00014288849968579597,8.0,0.0,8.0,,0.0,0.0,,,,,,,,,,
autonomy,autonomy,oracle_upper_bound,opaque_dependency_l8,oracle_privileged,evaluation_seen,opaque,1543,200,1.0,8.0,8.0,8.0,1.0,0.0,0.0,,,,0.0,0.0,1.0,0.0001689739999710582,8.0,0.0,8.0,,0.0,0.0,,,,,,,,,,
autonomy,autonomy,oracle_upper_bound,opaque_dependency_l8,oracle_privileged,evaluation_seen,opaque,1601,200,1.0,8.0,8.0,8.0,1.0,0.0,0.0,,,,0.0,0.0,1.0,0.00017751349965692499,8.0,0.0,8.0,,0.0,0.0,,,,,,,,,,
autonomy,autonomy,oracle_upper_bound,opaque_dependency_l8,oracle_privileged,evaluation_seen,opaque,173,200,1.0,8.0,8.0,8.0,1.0,0.0,0.0,,,,0.0,0.0,1.0,0.0001969249999092426,8.0,0.0,8.0,,0.0,0.0,,,,,,,,,,
autonomy,autonomy,oracle_upper_bound,opaque_dependency_l8,oracle_privileged,evaluation_seen,opaque,211,200,1.0,8.0,8.0,8.0,1.0,0.0,0.0,,,,0.0,0.0,1.0,0.00018138249826733953,8.0,0.0,8.0,,0.0,0.0,,,,,,,,,,
autonomy,autonomy,oracle_upper_bound,opaque_dependency_l8,oracle_privileged,evaluation_seen,opaque,257,200,1.0,8.0,8.0,8.0,1.0,0.0,0.0,,,,0.0,0.0,1.0,0.0003835989983053878,8.0,0.0,8.0,,0.0,0.0,,,,,,,,,,
autonomy,autonomy,oracle_upper_bound,opaque_dependency_l8,oracle_privileged,evaluation_seen,opaque,307,200,1.0,8.0,8.0,8.0,1.0,0.0,0.0,,,,0.0,0.0,1.0,0.0003691170008096378,8.0,0.0,8.0,,0.0,0.0,,,,,,,,,,
autonomy,autonomy,oracle_upper_bound,opaque_dependency_l8,oracle_privileged,evaluation_seen,opaque,353,200,1.0,8.0,8.0,8.0,1.0,0.0,0.0,,,,0.0,0.0,1.0,0.00016194549927604386,8.0,0.0,8.0,,0.0,0.0,,,,,,,,,,
autonomy,autonomy,oracle_upper_bound,opaque_dependency_l8,oracle_privileged,evaluation_seen,opaque,401,200,1.0,8.0,8.0,8.0,1.0,0.0,0.0,,,,0.0,0.0,1.0,0.00017717049951897933,8.0,0.0,8.0,,0.0,0.0,,,,,,,,,,
autonomy,autonomy,oracle_upper_bound,opaque_dependency_l8,oracle_privileged,evaluation_seen,opaque,457,200,1.0,8.0,8.0,8.0,1.0,0.0,0.0,,,,0.0,0.0,1.0,0.0001345424984174315,8.0,0.0,8.0,,0.0,0.0,,,,,,,,,,
autonomy,autonomy,oracle_upper_bound,opaque_dependency_l8,oracle_privileged,evaluation_seen,opaque,503,200,1.0,8.0,8.0,8.0,1.0,0.0,0.0,,,,0.0,0.0,1.0,0.0001479285000823438,8.0,0.0,8.0,,0.0,0.0,,,,,,,,,,
autonomy,autonomy,oracle_upper_bound,opaque_dependency_l8,oracle_privileged,evaluation_seen,opaque,557,200,1.0,8.0,8.0,8.0,1.0,0.0,0.0,,,,0.0,0.0,1.0,0.000160570001025917,8.0,0.0,8.0,,0.0,0.0,,,,,,,,,,
autonomy,autonomy,oracle_upper_bound,opaque_dependency_l8,oracle_privileged,evaluation_seen,opaque,601,200,1.0,8.0,8.0,8.0,1.0,0.0,0.0,,,,0.0,0.0,1.0,0.00016875200046342797,8.0,0.0,8.0,,0.0,0.0,,,,,,,,,,
autonomy,autonomy,oracle_upper_bound,opaque_dependency_l8,oracle_privileged,evaluation_seen,opaque,659,200,1.0,8.0,8.0,8.0,1.0,0.0,0.0,,,,0.0,0.0,1.0,0.00015967599945724943,8.0,0.0,8.0,,0.0,0.0,,,,,,,,,,
autonomy,autonomy,oracle_upper_bound,opaque_dependency_l8,oracle_privileged,evaluation_seen,opaque,701,200,1.0,8.0,8.0,8.0,1.0,0.0,0.0,,,,0.0,0.0,1.0,0.00012208900006953626,8.0,0.0,8.0,,0.0,0.0,,,,,,,,,,
autonomy,autonomy,oracle_upper_bound,opaque_dependency_l8,oracle_privileged,evaluation_seen,opaque,761,200,1.0,8.0,8.0,8.0,1.0,0.0,0.0,,,,0.0,0.0,1.0,0.00017195449996506795,8.0,0.0,8.0,,0.0,0.0,,,,,,,,,,
autonomy,autonomy,oracle_upper_bound,opaque_dependency_l8,oracle_privileged,evaluation_seen,opaque,809,200,1.0,8.0,8.0,8.0,1.0,0.0,0.0,,,,0.0,0.0,1.0,0.00013461499838740565,8.0,0.0,8.0,,0.0,0.0,,,,,,,,,,
autonomy,autonomy,oracle_upper_bound,opaque_dependency_l8,oracle_privileged,evaluation_seen,opaque,857,200,1.0,8.0,8.0,8.0,1.0,0.0,0.0,,,,0.0,0.0,1.0,0.00018754150121822022,8.0,0.0,8.0,,0.0,0.0,,,,,,,,,,
autonomy,autonomy,oracle_upper_bound,opaque_dependency_l8,oracle_privileged,evaluation_seen,opaque,907,200,1.0,8.0,8.0,8.0,1.0,0.0,0.0,,,,0.0,0.0,1.0,0.00017509749901364557,8.0,0.0,8.0,,0.0,0.0,,,,,,,,,,
autonomy,autonomy,oracle_upper_bound,opaque_dependency_l8,oracle_privileged,evaluation_seen,opaque,953,200,1.0,8.0,8.0,8.0,1.0,0.0,0.0,,,,0.0,0.0,1.0,0.00019625999964773656,8.0,0.0,8.0,,0.0,0.0,,,,,,,,,,
autonomy,autonomy,oracle_upper_bound,opaque_dependency_l8,oracle_privileged,evaluation_unseen_zero_shot,opaque,1009,200,1.0,8.0,8.0,8.0,1.0,0.0,0.0,,,,0.0,0.0,1.0,0.00037353649880969895,8.0,0.0,8.0,,0.0,0.0,,,,,,,,,,
autonomy,autonomy,oracle_upper_bound,opaque_dependency_l8,oracle_privileged,evaluation_unseen_zero_shot,opaque,1061,200,1.0,8.0,8.0,8.0,1.0,0.0,0.0,,,,0.0,0.0,1.0,0.0001930574997095391,8.0,0.0,8.0,,0.0,0.0,,,,,,,,,,
autonomy,autonomy,oracle_upper_bound,opaque_dependency_l8,oracle_privileged,evaluation_unseen_zero_shot,opaque,1103,200,1.0,8.0,8.0,8.0,1.0,0.0,0.0,,,,0.0,0.0,1.0,0.00016775299998698757,8.0,0.0,8.0,,0.0,0.0,,,,,,,,,,
autonomy,autonomy,oracle_upper_bound,opaque_dependency_l8,oracle_privileged,evaluation_unseen_zero_shot,opaque,1151,200,1.0,8.0,8.0,8.0,1.0,0.0,0.0,,,,0.0,0.0,1.0,0.00012421600084053353,8.0,0.0,8.0,,0.0,0.0,,,,,,,,,,
autonomy,autonomy,oracle_upper_bound,opaque_dependency_l8,oracle_privileged,evaluation_unseen_zero_shot,opaque,1201,200,1.0,8.0,8.0,8.0,1.0,0.0,0.0,,,,0.0,0.0,1.0,0.0001830664997396525,8.0,0.0,8.0,,0.0,0.0,,,,,,,,,,
autonomy,autonomy,oracle_upper_bound,opaque_dependency_l8,oracle_privileged,evaluation_unseen_zero_shot,opaque,1259,200,1.0,8.0,8.0,8.0,1.0,0.0,0.0,,,,0.0,0.0,1.0,0.0001979805011069402,8.0,0.0,8.0,,0.0,0.0,,,,,,,,,,
autonomy,autonomy,oracle_upper_bound,opaque_dependency_l8,oracle_privileged,evaluation_unseen_zero_shot,opaque,1301,200,1.0,8.0,8.0,8.0,1.0,0.0,0.0,,,,0.0,0.0,1.0,0.00017501899928902277,8.0,0.0,8.0,,0.0,0.0,,,,,,,,,,
autonomy,autonomy,oracle_upper_bound,opaque_dependency_l8,oracle_privileged,evaluation_unseen_zero_shot,opaque,131,200,1.0,8.0,8.0,8.0,1.0,0.0,0.0,,,,0.0,0.0,1.0,0.0001248464995296672,8.0,0.0,8.0,,0.0,0.0,,,,,,,,,,
autonomy,autonomy,oracle_upper_bound,opaque_dependency_l8,oracle_privileged,evaluation_unseen_zero_shot,opaque,1361,200,1.0,8.0,8.0,8.0,1.0,0.0,0.0,,,,0.0,0.0,1.0,0.00016008649894502013,8.0,0.0,8.0,,0.0,0.0,,,,,,,,,,
autonomy,autonomy,oracle_upper_bound,opaque_dependency_l8,oracle_privileged,evaluation_unseen_zero_shot,opaque,1423,200,1.0,8.0,8.0,8.0,1.0,0.0,0.0,,,,0.0,0.0,1.0,0.00016872299936949276,8.0,0.0,8.0,,0.0,0.0,,,,,,,,,,
autonomy,autonomy,oracle_upper_bound,opaque_dependency_l8,oracle_privileged,evaluation_unseen_zero_shot,opaque,1481,200,1.0,8.0,8.0,8.0,1.0,0.0,0.0,,,,0.0,0.0,1.0,0.00012552849992061965,8.0,0.0,8.0,,0.0,0.0,,,,,,,,,,
autonomy,autonomy,oracle_upper_bound,opaque_dependency_l8,oracle_privileged,evaluation_unseen_zero_shot,opaque,1543,200,1.0,8.0,8.0,8.0,1.0,0.0,0.0,,,,0.0,0.0,1.0,0.00015997299939044752,8.0,0.0,8.0,,0.0,0.0,,,,,,,,,,
autonomy,autonomy,oracle_upper_bound,opaque_dependency_l8,oracle_privileged,evaluation_unseen_zero_shot,opaque,1601,200,1.0,8.0,8.0,8.0,1.0,0.0,0.0,,,,0.0,0.0,1.0,0.00016136199978063814,8.0,0.0,8.0,,0.0,0.0,,,,,,,,,,
autonomy,autonomy,oracle_upper_bound,opaque_dependency_l8,oracle_privileged,evaluation_unseen_zero_shot,opaque,173,200,1.0,8.0,8.0,8.0,1.0,0.0,0.0,,,,0.0,0.0,1.0,0.00017792900020140222,8.0,0.0,8.0,,0.0,0.0,,,,,,,,,,
autonomy,autonomy,oracle_upper_bound,opaque_dependency_l8,oracle_privileged,evaluation_unseen_zero_shot,opaque,211,200,1.0,8.0,8.0,8.0,1.0,0.0,0.0,,,,0.0,0.0,1.0,0.0001687855001364369,8.0,0.0,8.0,,0.0,0.0,,,,,,,,,,
autonomy,autonomy,oracle_upper_bound,opaque_dependency_l8,oracle_privileged,evaluation_unseen_zero_shot,opaque,257,200,1.0,8.0,8.0,8.0,1.0,0.0,0.0,,,,0.0,0.0,1.0,0.0001826960002654232,8.0,0.0,8.0,,0.0,0.0,,,,,,,,,,
autonomy,autonomy,oracle_upper_bound,opaque_dependency_l8,oracle_privileged,evaluation_unseen_zero_shot,opaque,307,200,1.0,8.0,8.0,8.0,1.0,0.0,0.0,,,,0.0,0.0,1.0,0.00016320700058713555,8.0,0.0,8.0,,0.0,0.0,,,,,,,,,,
autonomy,autonomy,oracle_upper_bound,opaque_dependency_l8,oracle_privileged,evaluation_unseen_zero_shot,opaque,353,200,1.0,8.0,8.0,8.0,1.0,0.0,0.0,,,,0.0,0.0,1.0,0.00017185999953653664,8.0,0.0,8.0,,0.0,0.0,,,,,,,,,,
autonomy,autonomy,oracle_upper_bound,opaque_dependency_l8,oracle_privileged,evaluation_unseen_zero_shot,opaque,401,200,1.0,8.0,8.0,8.0,1.0,0.0,0.0,,,,0.0,0.0,1.0,0.00017413800058420747,8.0,0.0,8.0,,0.0,0.0,,,,,,,,,,
autonomy,autonomy,oracle_upper_bound,opaque_dependency_l8,oracle_privileged,evaluation_unseen_zero_shot,opaque,457,200,1.0,8.0,8.0,8.0,1.0,0.0,0.0,,,,0.0,0.0,1.0,0.00013761399910436012,8.0,0.0,8.0,,0.0,0.0,,,,,,,,,,
autonomy,autonomy,oracle_upper_bound,opaque_dependency_l8,oracle_privileged,evaluation_unseen_zero_shot,opaque,503,200,1.0,8.0,8.0,8.0,1.0,0.0,0.0,,,,0.0,0.0,1.0,0.00016385949857067317,8.0,0.0,8.0,,0.0,0.0,,,,,,,,,,
autonomy,autonomy,oracle_upper_bound,opaque_dependency_l8,oracle_privileged,evaluation_unseen_zero_shot,opaque,557,200,1.0,8.0,8.0,8.0,1.0,0.0,0.0,,,,0.0,0.0,1.0,0.00016479399928357453,8.0,0.0,8.0,,0.0,0.0,,,,,,,,,,
autonomy,autonomy,oracle_upper_bound,opaque_dependency_l8,oracle_privileged,evaluation_unseen_zero_shot,opaque,601,200,1.0,8.0,8.0,8.0,1.0,0.0,0.0,,,,0.0,0.0,1.0,0.0001315569995495025,8.0,0.0,8.0,,0.0,0.0,,,,,,,,,,
autonomy,autonomy,oracle_upper_bound,opaque_dependency_l8,oracle_privileged,evaluation_unseen_zero_shot,opaque,659,200,1.0,8.0,8.0,8.0,1.0,0.0,0.0,,,,0.0,0.0,1.0,0.0001501345007272903,8.0,0.0,8.0,,0.0,0.0,,,,,,,,,,
autonomy,autonomy,oracle_upper_bound,opaque_dependency_l8,oracle_privileged,evaluation_unseen_zero_shot,opaque,701,200,1.0,8.0,8.0,8.0,1.0,0.0,0.0,,,,0.0,0.0,1.0,0.0001624774996889755,8.0,0.0,8.0,,0.0,0.0,,,,,,,,,,
autonomy,autonomy,oracle_upper_bound,opaque_dependency_l8,oracle_privileged,evaluation_unseen_zero_shot,opaque,761,200,1.0,8.0,8.0,8.0,1.0,0.0,0.0,,,,0.0,0.0,1.0,0.0001666135000414215,8.0,0.0,8.0,,0.0,0.0,,,,,,,,,,
autonomy,autonomy,oracle_upper_bound,opaque_dependency_l8,oracle_privileged,evaluation_unseen_zero_shot,opaque,809,200,1.0,8.0,8.0,8.0,1.0,0.0,0.0,,,,0.0,0.0,1.0,0.00013367250037845223,8.0,0.0,8.0,,0.0,0.0,,,,,,,,,,
autonomy,autonomy,oracle_upper_bound,opaque_dependency_l8,oracle_privileged,evaluation_unseen_zero_shot,opaque,857,200,1.0,8.0,8.0,8.0,1.0,0.0,0.0,,,,0.0,0.0,1.0,0.00012991400042665192,8.0,0.0,8.0,,0.0,0.0,,,,,,,,,,
autonomy,autonomy,oracle_upper_bound,opaque_dependency_l8,oracle_privileged,evaluation_unseen_zero_shot,opaque,907,200,1.0,8.0,8.0,8.0,1.0,0.0,0.0,,,,0.0,0.0,1.0,0.00017557450104504823,8.0,0.0,8.0,,0.0,0.0,,,,,,,,,,
autonomy,autonomy,oracle_upper_bound,opaque_dependency_l8,oracle_privileged,evaluation_unseen_zero_shot,opaque,953,200,1.0,8.0,8.0,8.0,1.0,0.0,0.0,,,,0.0,0.0,1.0,0.00018363749928539618,8.0,0.0,8.0,,0.0,0.0,,,,,,,,,,
autonomy,autonomy,oracle_upper_bound,opaque_dependency_l8,oracle_privileged,training,opaque,1009,2000,1.0,8.0,8.0,8.0,1.0,0.0,0.0,0.0,0.0,0.0,0.0,0.0,1.0,0.00018219480010156985,8.0,0.0,8.0,,0.0,0.0,1.0,1.0,8,,,,,,,
autonomy,autonomy,oracle_upper_bound,opaque_dependency_l8,oracle_privileged,training,opaque,1061,2000,1.0,8.0,8.0,8.0,1.0,0.0,0.0,0.0,0.0,0.0,0.0,0.0,1.0,0.0001652254999644356,8.0,0.0,8.0,,0.0,0.0,1.0,1.0,8,,,,,,,
autonomy,autonomy,oracle_upper_bound,opaque_dependency_l8,oracle_privileged,training,opaque,1103,2000,1.0,8.0,8.0,8.0,1.0,0.0,0.0,0.0,0.0,0.0,0.0,0.0,1.0,0.0001900723498984007,8.0,0.0,8.0,,0.0,0.0,1.0,1.0,8,,,,,,,
autonomy,autonomy,oracle_upper_bound,opaque_dependency_l8,oracle_privileged,training,opaque,1151,2000,1.0,8.0,8.0,8.0,1.0,0.0,0.0,0.0,0.0,0.0,0.0,0.0,1.0,0.0001664963500952581,8.0,0.0,8.0,,0.0,0.0,1.0,1.0,8,,,,,,,
autonomy,autonomy,oracle_upper_bound,opaque_dependency_l8,oracle_privileged,training,opaque,1201,2000,1.0,8.0,8.0,8.0,1.0,0.0,0.0,0.0,0.0,0.0,0.0,0.0,1.0,0.00018813860004593153,8.0,0.0,8.0,,0.0,0.0,1.0,1.0,8,,,,,,,
autonomy,autonomy,oracle_upper_bound,opaque_dependency_l8,oracle_privileged,training,opaque,1259,2000,1.0,8.0,8.0,8.0,1.0,0.0,0.0,0.0,0.0,0.0,0.0,0.0,1.0,0.00016603174996271264,8.0,0.0,8.0,,0.0,0.0,1.0,1.0,8,,,,,,,
autonomy,autonomy,oracle_upper_bound,opaque_dependency_l8,oracle_privileged,training,opaque,1301,2000,1.0,8.0,8.0,8.0,1.0,0.0,0.0,0.0,0.0,0.0,0.0,0.0,1.0,0.00018670699997164775,8.0,0.0,8.0,,0.0,0.0,1.0,1.0,8,,,,,,,
autonomy,autonomy,oracle_upper_bound,opaque_dependency_l8,oracle_privileged,training,opaque,131,2000,1.0,8.0,8.0,8.0,1.0,0.0,0.0,0.0,0.0,0.0,0.0,0.0,1.0,0.00015475344989681616,8.0,0.0,8.0,,0.0,0.0,1.0,1.0,8,,,,,,,
autonomy,autonomy,oracle_upper_bound,opaque_dependency_l8,oracle_privileged,training,opaque,1361,2000,1.0,8.0,8.0,8.0,1.0,0.0,0.0,0.0,0.0,0.0,0.0,0.0,1.0,0.0002043618500174489,8.0,0.0,8.0,,0.0,0.0,1.0,1.0,8,,,,,,,
autonomy,autonomy,oracle_upper_bound,opaque_dependency_l8,oracle_privileged,training,opaque,1423,2000,1.0,8.0,8.0,8.0,1.0,0.0,0.0,0.0,0.0,0.0,0.0,0.0,1.0,0.00017823974990460555,8.0,0.0,8.0,,0.0,0.0,1.0,1.0,8,,,,,,,
autonomy,autonomy,oracle_upper_bound,opaque_dependency_l8,oracle_privileged,training,opaque,1481,2000,1.0,8.0,8.0,8.0,1.0,0.0,0.0,0.0,0.0,0.0,0.0,0.0,1.0,0.00015006759949028493,8.0,0.0,8.0,,0.0,0.0,1.0,1.0,8,,,,,,,
autonomy,autonomy,oracle_upper_bound,opaque_dependency_l8,oracle_privileged,training,opaque,1543,2000,1.0,8.0,8.0,8.0,1.0,0.0,0.0,0.0,0.0,0.0,0.0,0.0,1.0,0.00016943484963849188,8.0,0.0,8.0,,0.0,0.0,1.0,1.0,8,,,,,,,
autonomy,autonomy,oracle_upper_bound,opaque_dependency_l8,oracle_privileged,training,opaque,1601,2000,1.0,8.0,8.0,8.0,1.0,0.0,0.0,0.0,0.0,0.0,0.0,0.0,1.0,0.00018104500033950898,8.0,0.0,8.0,,0.0,0.0,1.0,1.0,8,,,,,,,
autonomy,autonomy,oracle_upper_bound,opaque_dependency_l8,oracle_privileged,training,opaque,173,2000,1.0,8.0,8.0,8.0,1.0,0.0,0.0,0.0,0.0,0.0,0.0,0.0,1.0,0.0001901501998218009,8.0,0.0,8.0,,0.0,0.0,1.0,1.0,8,,,,,,,
autonomy,autonomy,oracle_upper_bound,opaque_dependency_l8,oracle_privileged,training,opaque,211,2000,1.0,8.0,8.0,8.0,1.0,0.0,0.0,0.0,0.0,0.0,0.0,0.0,1.0,0.00016918990018893965,8.0,0.0,8.0,,0.0,0.0,1.0,1.0,8,,,,,,,
autonomy,autonomy,oracle_upper_bound,opaque_dependency_l8,oracle_privileged,training,opaque,257,2000,1.0,8.0,8.0,8.0,1.0,0.0,0.0,0.0,0.0,0.0,0.0,0.0,1.0,0.00018341724989295473,8.0,0.0,8.0,,0.0,0.0,1.0,1.0,8,,,,,,,
autonomy,autonomy,oracle_upper_bound,opaque_dependency_l8,oracle_privileged,training,opaque,307,2000,1.0,8.0,8.0,8.0,1.0,0.0,0.0,0.0,0.0,0.0,0.0,0.0,1.0,0.00016277185000944882,8.0,0.0,8.0,,0.0,0.0,1.0,1.0,8,,,,,,,
autonomy,autonomy,oracle_upper_bound,opaque_dependency_l8,oracle_privileged,training,opaque,353,2000,1.0,8.0,8.0,8.0,1.0,0.0,0.0,0.0,0.0,0.0,0.0,0.0,1.0,0.00018303475016728042,8.0,0.0,8.0,,0.0,0.0,1.0,1.0,8,,,,,,,
autonomy,autonomy,oracle_upper_bound,opaque_dependency_l8,oracle_privileged,training,opaque,401,2000,1.0,8.0,8.0,8.0,1.0,0.0,0.0,0.0,0.0,0.0,0.0,0.0,1.0,0.00017584844991506542,8.0,0.0,8.0,,0.0,0.0,1.0,1.0,8,,,,,,,
autonomy,autonomy,oracle_upper_bound,opaque_dependency_l8,oracle_privileged,training,opaque,457,2000,1.0,8.0,8.0,8.0,1.0,0.0,0.0,0.0,0.0,0.0,0.0,0.0,1.0,0.00015590879987576045,8.0,0.0,8.0,,0.0,0.0,1.0,1.0,8,,,,,,,
autonomy,autonomy,oracle_upper_bound,opaque_dependency_l8,oracle_privileged,training,opaque,503,2000,1.0,8.0,8.0,8.0,1.0,0.0,0.0,0.0,0.0,0.0,0.0,0.0,1.0,0.00017939944950921927,8.0,0.0,8.0,,0.0,0.0,1.0,1.0,8,,,,,,,
autonomy,autonomy,oracle_upper_bound,opaque_dependency_l8,oracle_privileged,training,opaque,557,2000,1.0,8.0,8.0,8.0,1.0,0.0,0.0,0.0,0.0,0.0,0.0,0.0,1.0,0.00017277995018230287,8.0,0.0,8.0,,0.0,0.0,1.0,1.0,8,,,,,,,
autonomy,autonomy,oracle_upper_bound,opaque_dependency_l8,oracle_privileged,training,opaque,601,2000,1.0,8.0,8.0,8.0,1.0,0.0,0.0,0.0,0.0,0.0,0.0,0.0,1.0,0.000182226950142649,8.0,0.0,8.0,,0.0,0.0,1.0,1.0,8,,,,,,,
autonomy,autonomy,oracle_upper_bound,opaque_dependency_l8,oracle_privileged,training,opaque,659,2000,1.0,8.0,8.0,8.0,1.0,0.0,0.0,0.0,0.0,0.0,0.0,0.0,1.0,0.00016925709979841486,8.0,0.0,8.0,,0.0,0.0,1.0,1.0,8,,,,,,,
autonomy,autonomy,oracle_upper_bound,opaque_dependency_l8,oracle_privileged,training,opaque,701,2000,1.0,8.0,8.0,8.0,1.0,0.0,0.0,0.0,0.0,0.0,0.0,0.0,1.0,0.00015062850003596395,8.0,0.0,8.0,,0.0,0.0,1.0,1.0,8,,,,,,,
autonomy,autonomy,oracle_upper_bound,opaque_dependency_l8,oracle_privileged,training,opaque,761,2000,1.0,8.0,8.0,8.0,1.0,0.0,0.0,0.0,0.0,0.0,0.0,0.0,1.0,0.0001779497495153919,8.0,0.0,8.0,,0.0,0.0,1.0,1.0,8,,,,,,,
autonomy,autonomy,oracle_upper_bound,opaque_dependency_l8,oracle_privileged,training,opaque,809,2000,1.0,8.0,8.0,8.0,1.0,0.0,0.0,0.0,0.0,0.0,0.0,0.0,1.0,0.0001862189002422383,8.0,0.0,8.0,,0.0,0.0,1.0,1.0,8,,,,,,,
autonomy,autonomy,oracle_upper_bound,opaque_dependency_l8,oracle_privileged,training,opaque,857,2000,1.0,8.0,8.0,8.0,1.0,0.0,0.0,0.0,0.0,0.0,0.0,0.0,1.0,0.00017617609992157668,8.0,0.0,8.0,,0.0,0.0,1.0,1.0,8,,,,,,,
autonomy,autonomy,oracle_upper_bound,opaque_dependency_l8,oracle_privileged,training,opaque,907,2000,1.0,8.0,8.0,8.0,1.0,0.0,0.0,0.0,0.0,0.0,0.0,0.0,1.0,0.00018425634971936232,8.0,0.0,8.0,,0.0,0.0,1.0,1.0,8,,,,,,,
autonomy,autonomy,oracle_upper_bound,opaque_dependency_l8,oracle_privileged,training,opaque,953,2000,1.0,8.0,8.0,8.0,1.0,0.0,0.0,0.0,0.0,0.0,0.0,0.0,1.0,0.00017171730019617827,8.0,0.0,8.0,,0.0,0.0,1.0,1.0,8,,,,,,,
autonomy,autonomy,prophecy_no_imagination,opaque_dependency_l4,tabular_online,evaluation_seen,opaque,1009,200,0.0,4.0,4.0,4.0,0.0,0.0,0.0,0.0,1.0,,0.0,0.0,0.0,0.002268530000728788,4.0,0.0,4.0,,0.0,0.0,,,,,,,,,,
autonomy,autonomy,prophecy_no_imagination,opaque_dependency_l4,tabular_online,evaluation_seen,opaque,1061,200,0.0,4.0,4.0,4.0,0.0,0.0,0.0,0.0,1.0,,0.0,0.0,0.0,0.0022069625003496183,4.0,0.0,4.0,,0.0,0.0,,,,,,,,,,
autonomy,autonomy,prophecy_no_imagination,opaque_dependency_l4,tabular_online,evaluation_seen,opaque,1103,200,0.0,4.0,4.0,4.0,0.0,0.0,0.0,0.0,1.0,,0.0,0.0,0.0,0.001928973001486156,4.0,0.0,4.0,,0.0,0.0,,,,,,,,,,
autonomy,autonomy,prophecy_no_imagination,opaque_dependency_l4,tabular_online,evaluation_seen,opaque,1151,200,0.0,4.0,4.0,4.0,0.0,0.0,0.0,0.0,0.9999999999999999,,0.0,0.0,0.0,0.002231772001105128,4.0,0.0,4.0,,0.0,0.0,,,,,,,,,,
autonomy,autonomy,prophecy_no_imagination,opaque_dependency_l4,tabular_online,evaluation_seen,opaque,1201,200,0.0,4.0,4.0,4.0,0.0,0.0,0.0,0.0,1.0,,0.0,0.0,0.0,0.0023513495008228346,4.0,0.0,4.0,,0.0,0.0,,,,,,,,,,
autonomy,autonomy,prophecy_no_imagination,opaque_dependency_l4,tabular_online,evaluation_seen,opaque,1259,200,0.0,4.0,4.0,4.0,0.0,0.0,0.0,0.0,1.0,,0.0,0.0,0.0,0.002457773498026654,4.0,0.0,4.0,,0.0,0.0,,,,,,,,,,
autonomy,autonomy,prophecy_no_imagination,opaque_dependency_l4,tabular_online,evaluation_seen,opaque,1301,200,0.0,4.0,4.0,4.0,0.0,0.0,0.0,0.0,1.0,,0.0,0.0,0.0,0.002206575500458712,4.0,0.0,4.0,,0.0,0.0,,,,,,,,,,
autonomy,autonomy,prophecy_no_imagination,opaque_dependency_l4,tabular_online,evaluation_seen,opaque,131,200,0.0,4.0,4.0,4.0,0.0,0.0,0.0,0.0,1.0,,0.0,0.0,0.0,0.0023962165002012624,4.0,0.0,4.0,,0.0,0.0,,,,,,,,,,
autonomy,autonomy,prophecy_no_imagination,opaque_dependency_l4,tabular_online,evaluation_seen,opaque,1361,200,0.0,4.0,4.0,4.0,0.0,0.0,0.0,0.0,0.9999999999999999,,0.0,0.0,0.0,0.0024507459995220414,4.0,0.0,4.0,,0.0,0.0,,,,,,,,,,
autonomy,autonomy,prophecy_no_imagination,opaque_dependency_l4,tabular_online,evaluation_seen,opaque,1423,200,0.0,4.0,4.0,4.0,0.0,0.0,0.0,0.0,0.9999999999999999,,0.0,0.0,0.0,0.002360957000782946,4.0,0.0,4.0,,0.0,0.0,,,,,,,,,,
autonomy,autonomy,prophecy_no_imagination,opaque_dependency_l4,tabular_online,evaluation_seen,opaque,1481,200,0.0,4.0,4.0,4.0,0.0,0.0,0.0,0.0,0.9999999999999999,,0.0,0.0,0.0,0.0020477380004012957,4.0,0.0,4.0,,0.0,0.0,,,,,,,,,,
autonomy,autonomy,prophecy_no_imagination,opaque_dependency_l4,tabular_online,evaluation_seen,opaque,1543,200,0.0,4.0,4.0,4.0,0.0,0.0,0.0,0.0,1.0,,0.0,0.0,0.0,0.0023622209997847675,4.0,0.0,4.0,,0.0,0.0,,,,,,,,,,
autonomy,autonomy,prophecy_no_imagination,opaque_dependency_l4,tabular_online,evaluation_seen,opaque,1601,200,0.0,4.0,4.0,4.0,0.0,0.0,0.0,0.0,1.0,,0.0,0.0,0.0,0.0022318274999270217,4.0,0.0,4.0,,0.0,0.0,,,,,,,,,,
autonomy,autonomy,prophecy_no_imagination,opaque_dependency_l4,tabular_online,evaluation_seen,opaque,173,200,0.0,4.0,4.0,4.0,0.0,0.0,0.0,0.0,1.0,,0.0,0.0,0.0,0.0024450689982040783,4.0,0.0,4.0,,0.0,0.0,,,,,,,,,,
autonomy,autonomy,prophecy_no_imagination,opaque_dependency_l4,tabular_online,evaluation_seen,opaque,211,200,0.0,4.0,4.0,4.0,0.0,0.0,0.0,0.0,1.0,,0.0,0.0,0.0,0.0023236895006266424,4.0,0.0,4.0,,0.0,0.0,,,,,,,,,,
autonomy,autonomy,prophecy_no_imagination,opaque_dependency_l4,tabular_online,evaluation_seen,opaque,257,200,0.0,4.0,4.0,4.0,0.0,0.0,0.0,0.0,0.9999999999999999,,0.0,0.0,0.0,0.001950821000355063,4.0,0.0,4.0,,0.0,0.0,,,,,,,,,,
autonomy,autonomy,prophecy_no_imagination,opaque_dependency_l4,tabular_online,evaluation_seen,opaque,307,200,0.0,4.0,4.0,4.0,0.0,0.0,0.0,0.0,1.0,,0.0,0.0,0.0,0.0022991274992818942,4.0,0.0,4.0,,0.0,0.0,,,,,,,,,,
autonomy,autonomy,prophecy_no_imagination,opaque_dependency_l4,tabular_online,evaluation_seen,opaque,353,200,0.0,4.0,4.0,4.0,0.0,0.0,0.0,0.0,0.9999999999999999,,0.0,0.0,0.0,0.0023240790015552192,4.0,0.0,4.0,,0.0,0.0,,,,,,,,,,
autonomy,autonomy,prophecy_no_imagination,opaque_dependency_l4,tabular_online,evaluation_seen,opaque,401,200,0.0,4.0,4.0,4.0,0.0,0.0,0.0,0.0,0.9999999999999999,,0.0,0.0,0.0,0.002058400000532856,4.0,0.0,4.0,,0.0,0.0,,,,,,,,,,
autonomy,autonomy,prophecy_no_imagination,opaque_dependency_l4,tabular_online,evaluation_seen,opaque,457,200,0.0,4.0,4.0,4.0,0.0,0.0,0.0,0.0,1.0,,0.0,0.0,0.0,0.002395744498790009,4.0,0.0,4.0,,0.0,0.0,,,,,,,,,,
autonomy,autonomy,prophecy_no_imagination,opaque_dependency_l4,tabular_online,evaluation_seen,opaque,503,200,0.0,4.0,4.0,4.0,0.0,0.0,0.0,0.0,1.0,,0.0,0.0,0.0,0.0019159244996262714,4.0,0.0,4.0,,0.0,0.0,,,,,,,,,,
autonomy,autonomy,prophecy_no_imagination,opaque_dependency_l4,tabular_online,evaluation_seen,opaque,557,200,0.0,4.0,4.0,4.0,0.0,0.0,0.0,0.0,0.9999999999999999,,0.0,0.0,0.0,0.002158677499537589,4.0,0.0,4.0,,0.0,0.0,,,,,,,,,,
autonomy,autonomy,prophecy_no_imagination,opaque_dependency_l4,tabular_online,evaluation_seen,opaque,601,200,0.0,4.0,4.0,4.0,0.0,0.0,0.0,0.0,1.0,,0.0,0.0,0.0,0.0023462729995662812,4.0,0.0,4.0,,0.0,0.0,,,,,,,,,,
autonomy,autonomy,prophecy_no_imagination,opaque_dependency_l4,tabular_online,evaluation_seen,opaque,659,200,0.0,4.0,4.0,4.0,0.0,0.0,0.0,0.0,0.9999999999999999,,0.0,0.0,0.0,0.0018807050003670155,4.0,0.0,4.0,,0.0,0.0,,,,,,,,,,
autonomy,autonomy,prophecy_no_imagination,opaque_dependency_l4,tabular_online,evaluation_seen,opaque,701,200,0.0,4.0,4.0,4.0,0.0,0.0,0.0,0.0,0.9999999999999999,,0.0,0.0,0.0,0.002423298000358045,4.0,0.0,4.0,,0.0,0.0,,,,,,,,,,
autonomy,autonomy,prophecy_no_imagination,opaque_dependency_l4,tabular_online,evaluation_seen,opaque,761,200,0.0,4.0,4.0,4.0,0.0,0.0,0.0,0.0,0.9999999999999999,,0.0,0.0,0.0,0.0024287079994974193,4.0,0.0,4.0,,0.0,0.0,,,,,,,,,,
autonomy,autonomy,prophecy_no_imagination,opaque_dependency_l4,tabular_online,evaluation_seen,opaque,809,200,0.0,4.0,4.0,4.0,0.0,0.0,0.0,0.0,0.9999999999999999,,0.0,0.0,0.0,0.0025691850001749116,4.0,0.0,4.0,,0.0,0.0,,,,,,,,,,
autonomy,autonomy,prophecy_no_imagination,opaque_dependency_l4,tabular_online,evaluation_seen,opaque,857,200,0.0,4.0,4.0,4.0,0.0,0.0,0.0,0.0,0.9999999999999999,,0.0,0.0,0.0,0.0024443224993592593,4.0,0.0,4.0,,0.0,0.0,,,,,,,,,,
autonomy,autonomy,prophecy_no_imagination,opaque_dependency_l4,tabular_online,evaluation_seen,opaque,907,200,0.0,4.0,4.0,4.0,0.0,0.0,0.0,0.0,1.0,,0.0,0.0,0.0,0.002623052000126336,4.0,0.0,4.0,,0.0,0.0,,,,,,,,,,
autonomy,autonomy,prophecy_no_imagination,opaque_dependency_l4,tabular_online,evaluation_seen,opaque,953,200,0.0,4.0,4.0,4.0,0.0,0.0,0.0,0.0,0.9999999999999999,,0.0,0.0,0.0,0.0025544434998300857,4.0,0.0,4.0,,0.0,0.0,,,,,,,,,,
autonomy,autonomy,prophecy_no_imagination,opaque_dependency_l4,tabular_online,evaluation_unseen_zero_shot,opaque,1009,200,0.0,4.0,4.0,4.0,0.0,0.0,0.0,0.0,1.0,,0.0,0.0,0.0,0.0024740810002549553,4.0,0.0,4.0,,0.0,0.0,,,,,,,,,,
autonomy,autonomy,prophecy_no_imagination,opaque_dependency_l4,tabular_online,evaluation_unseen_zero_shot,opaque,1061,200,0.0,4.0,4.0,4.0,0.0,0.0,0.0,0.0,1.0,,0.0,0.0,0.0,0.0022902235004585237,4.0,0.0,4.0,,0.0,0.0,,,,,,,,,,
autonomy,autonomy,prophecy_no_imagination,opaque_dependency_l4,tabular_online,evaluation_unseen_zero_shot,opaque,1103,200,0.0,4.0,4.0,4.0,0.0,0.0,0.0,0.0,1.0,,0.0,0.0,0.0,0.002222412500414066,4.0,0.0,4.0,,0.0,0.0,,,,,,,,,,
autonomy,autonomy,prophecy_no_imagination,opaque_dependency_l4,tabular_online,evaluation_unseen_zero_shot,opaque,1151,200,0.0,4.0,4.0,4.0,0.0,0.0,0.0,0.0,0.9999999999999999,,0.0,0.0,0.0,0.0025926144992990886,4.0,0.0,4.0,,0.0,0.0,,,,,,,,,,
autonomy,autonomy,prophecy_no_imagination,opaque_dependency_l4,tabular_online,evaluation_unseen_zero_shot,opaque,1201,200,0.0,4.0,4.0,4.0,0.0,0.0,0.0,0.0,1.0,,0.0,0.0,0.0,0.0022686179996526334,4.0,0.0,4.0,,0.0,0.0,,,,,,,,,,
autonomy,autonomy,prophecy_no_imagination,opaque_dependency_l4,tabular_online,evaluation_unseen_zero_shot,opaque,1259,200,0.0,4.0,4.0,4.0,0.0,0.0,0.0,0.0,1.0,,0.0,0.0,0.0,0.0024107274993730244,4.0,0.0,4.0,,0.0,0.0,,,,,,,,,,
autonomy,autonomy,prophecy_no_imagination,opaque_dependency_l4,tabular_online,evaluation_unseen_zero_shot,opaque,1301,200,0.0,4.0,4.0,4.0,0.0,0.0,0.0,0.0,1.0,,0.0,0.0,0.0,0.002215383498405572,4.0,0.0,4.0,,0.0,0.0,,,,,,,,,,
autonomy,autonomy,prophecy_no_imagination,opaque_dependency_l4,tabular_online,evaluation_unseen_zero_shot,opaque,131,200,0.0,4.0,4.0,4.0,0.0,0.0,0.0,0.0,1.0,,0.0,0.0,0.0,0.0024577660000068137,4.0,0.0,4.0,,0.0,0.0,,,,,,,,,,
autonomy,autonomy,prophecy_no_imagination,opaque_dependency_l4,tabular_online,evaluation_unseen_zero_shot,opaque,1361,200,0.0,4.0,4.0,4.0,0.0,0.0,0.0,0.0,0.9999999999999999,,0.0,0.0,0.0,0.0024103099999774713,4.0,0.0,4.0,,0.0,0.0,,,,,,,,,,
autonomy,autonomy,prophecy_no_imagination,opaque_dependency_l4,tabular_online,evaluation_unseen_zero_shot,opaque,1423,200,0.0,4.0,4.0,4.0,0.0,0.0,0.0,0.0,0.9999999999999999,,0.0,0.0,0.0,0.002451063999469625,4.0,0.0,4.0,,0.0,0.0,,,,,,,,,,
autonomy,autonomy,prophecy_no_imagination,opaque_dependency_l4,tabular_online,evaluation_unseen_zero_shot,opaque,1481,200,0.0,4.0,4.0,4.0,0.0,0.0,0.0,0.0,0.9999999999999999,,0.0,0.0,0.0,0.001899110500817187,4.0,0.0,4.0,,0.0,0.0,,,,,,,,,,
autonomy,autonomy,prophecy_no_imagination,opaque_dependency_l4,tabular_online,evaluation_unseen_zero_shot,opaque,1543,200,0.0,4.0,4.0,4.0,0.0,0.0,0.0,0.0,1.0,,0.0,0.0,0.0,0.002352458000241313,4.0,0.0,4.0,,0.0,0.0,,,,,,,,,,
autonomy,autonomy,prophecy_no_imagination,opaque_dependency_l4,tabular_online,evaluation_unseen_zero_shot,opaque,1601,200,0.0,4.0,4.0,4.0,0.0,0.0,0.0,0.0,1.0,,0.0,0.0,0.0,0.0019129119995341171,4.0,0.0,4.0,,0.0,0.0,,,,,,,,,,
autonomy,autonomy,prophecy_no_imagination,opaque_dependency_l4,tabular_online,evaluation_unseen_zero_shot,opaque,173,200,0.0,4.0,4.0,4.0,0.0,0.0,0.0,0.0,1.0,,0.0,0.0,0.0,0.002276766501017846,4.0,0.0,4.0,,0.0,0.0,,,,,,,,,,
autonomy,autonomy,prophecy_no_imagination,opaque_dependency_l4,tabular_online,evaluation_unseen_zero_shot,opaque,211,200,0.0,4.0,4.0,4.0,0.0,0.0,0.0,0.0,1.0,,0.0,0.0,0.0,0.002296210001222789,4.0,0.0,4.0,,0.0,0.0,,,,,,,,,,
autonomy,autonomy,prophecy_no_imagination,opaque_dependency_l4,tabular_online,evaluation_unseen_zero_shot,opaque,257,200,0.0,4.0,4.0,4.0,0.0,0.0,0.0,0.0,0.9999999999999999,,0.0,0.0,0.0,0.002177949501638068,4.0,0.0,4.0,,0.0,0.0,,,,,,,,,,
autonomy,autonomy,prophecy_no_imagination,opaque_dependency_l4,tabular_online,evaluation_unseen_zero_shot,opaque,307,200,0.0,4.0,4.0,4.0,0.0,0.0,0.0,0.0,1.0,,0.0,0.0,0.0,0.0021973169992270413,4.0,0.0,4.0,,0.0,0.0,,,,,,,,,,
autonomy,autonomy,prophecy_no_imagination,opaque_dependency_l4,tabular_online,evaluation_unseen_zero_shot,opaque,353,200,0.0,4.0,4.0,4.0,0.0,0.0,0.0,0.0,0.9999999999999999,,0.0,0.0,0.0,0.0021462090003478806,4.0,0.0,4.0,,0.0,0.0,,,,,,,,,,
autonomy,autonomy,prophecy_no_imagination,opaque_dependency_l4,tabular_online,evaluation_unseen_zero_shot,opaque,401,200,0.0,4.0,4.0,4.0,0.0,0.0,0.0,0.0,0.9999999999999999,,0.0,0.0,0.0,0.00177680799853988,4.0,0.0,4.0,,0.0,0.0,,,,,,,,,,
autonomy,autonomy,prophecy_no_imagination,opaque_dependency_l4,tabular_online,evaluation_unseen_zero_shot,opaque,457,200,0.0,4.0,4.0,4.0,0.0,0.0,0.0,0.0,1.0,,0.0,0.0,0.0,0.002191879501042422,4.0,0.0,4.0,,0.0,0.0,,,,,,,,,,
autonomy,autonomy,prophecy_no_imagination,opaque_dependency_l4,tabular_online,evaluation_unseen_zero_shot,opaque,503,200,0.0,4.0,4.0,4.0,0.0,0.0,0.0,0.0,1.0,,0.0,0.0,0.0,0.0019182739991811103,4.0,0.0,4.0,,0.0,0.0,,,,,,,,,,
autonomy,autonomy,prophecy_no_imagination,opaque_dependency_l4,tabular_online,evaluation_unseen_zero_shot,opaque,557,200,0.0,4.0,4.0,4.0,0.0,0.0,0.0,0.0,0.9999999999999999,,0.0,0.0,0.0,0.0024135370001022237,4.0,0.0,4.0,,0.0,0.0,,,,,,,,,,
autonomy,autonomy,prophecy_no_imagination,opaque_dependency_l4,tabular_online,evaluation_unseen_zero_shot,opaque,601,200,0.0,4.0,4.0,4.0,0.0,0.0,0.0,0.0,1.0,,0.0,0.0,0.0,0.0022181324982375374,4.0,0.0,4.0,,0.0,0.0,,,,,,,,,,
autonomy,autonomy,prophecy_no_imagination,opaque_dependency_l4,tabular_online,evaluation_unseen_zero_shot,opaque,659,200,0.0,4.0,4.0,4.0,0.0,0.0,0.0,0.0,0.9999999999999999,,0.0,0.0,0.0,0.0024908519999007695,4.0,0.0,4.0,,0.0,0.0,,,,,,,,,,
autonomy,autonomy,prophecy_no_imagination,opaque_dependency_l4,tabular_online,evaluation_unseen_zero_shot,opaque,701,200,0.0,4.0,4.0,4.0,0.0,0.0,0.0,0.0,0.9999999999999999,,0.0,0.0,0.0,0.0023824634990887716,4.0,0.0,4.0,,0.0,0.0,,,,,,,,,,
autonomy,autonomy,prophecy_no_imagination,opaque_dependency_l4,tabular_online,evaluation_unseen_zero_shot,opaque,761,200,0.0,4.0,4.0,4.0,0.0,0.0,0.0,0.0,0.9999999999999999,,0.0,0.0,0.0,0.0025087965006241573,4.0,0.0,4.0,,0.0,0.0,,,,,,,,,,
autonomy,autonomy,prophecy_no_imagination,opaque_dependency_l4,tabular_online,evaluation_unseen_zero_shot,opaque,809,200,0.0,4.0,4.0,4.0,0.0,0.0,0.0,0.0,0.9999999999999999,,0.0,0.0,0.0,0.001935850999871036,4.0,0.0,4.0,,0.0,0.0,,,,,,,,,,
autonomy,autonomy,prophecy_no_imagination,opaque_dependency_l4,tabular_online,evaluation_unseen_zero_shot,opaque,857,200,0.0,4.0,4.0,4.0,0.0,0.0,0.0,0.0,0.9999999999999999,,0.0,0.0,0.0,0.0025525934995675927,4.0,0.0,4.0,,0.0,0.0,,,,,,,,,,
autonomy,autonomy,prophecy_no_imagination,opaque_dependency_l4,tabular_online,evaluation_unseen_zero_shot,opaque,907,200,0.0,4.0,4.0,4.0,0.0,0.0,0.0,0.0,1.0,,0.0,0.0,0.0,0.002463571999396663,4.0,0.0,4.0,,0.0,0.0,,,,,,,,,,
autonomy,autonomy,prophecy_no_imagination,opaque_dependency_l4,tabular_online,evaluation_unseen_zero_shot,opaque,953,200,0.0,4.0,4.0,4.0,0.0,0.0,0.0,0.0,0.9999999999999999,,0.0,0.0,0.0,0.0024626020011783113,4.0,0.0,4.0,,0.0,0.0,,,,,,,,,,
autonomy,autonomy,prophecy_no_imagination,opaque_dependency_l4,tabular_online,training,opaque,1009,2000,0.6605,4.0,4.0,4.0,0.6605,0.0,0.0,0.99025,0.12370411523644392,2.0138888888888892e-05,0.0,0.0,0.6605,0.0008848201501677977,4.0,0.0,4.0,,0.0,0.0,0.6605802901450726,0.9,40,,,,,,,
autonomy,autonomy,prophecy_no_imagination,opaque_dependency_l4,tabular_online,training,opaque,1061,2000,0.6385,4.0,4.0,4.0,0.6385,0.0,0.0,0.990125,0.12364494483537561,3.90625e-06,0.0,0.0,0.6385,0.0007247777999873506,4.0,0.0,4.0,,0.0,0.0,0.6385692846423212,0.895,24,,,,,,,
autonomy,autonomy,prophecy_no_imagination,opaque_dependency_l4,tabular_online,training,opaque,1103,2000,0.63,4.0,4.0,4.0,0.63,0.0,0.0,0.990375,0.1238722893347062,6.250000000000005e-06,0.0,0.0,0.63,0.0007197761502175126,4.0,0.0,4.0,,0.0,0.0,0.6300650325162581,0.91,40,,,,,,,
autonomy,autonomy,prophecy_no_imagination,opaque_dependency_l4,tabular_online,training,opaque,1151,2000,0.636,4.0,4.0,4.0,0.636,0.0,0.0,0.989875,0.12337442692519435,9.341032608695648e-06,0.0,0.0,0.636,0.0007911696498777019,4.0,0.0,4.0,,0.0,0.0,0.6363181590795398,0.94,68,,,,,,,
autonomy,autonomy,prophecy_no_imagination,opaque_dependency_l4,tabular_online,training,opaque,1201,2000,0.6435,4.0,4.0,4.0,0.6435,0.0,0.0,0.989375,0.12372251477311938,2.0501746894409902e-05,0.0,0.0,0.6435,0.0008380063499062089,4.0,0.0,4.0,,0.0,0.0,0.6435717858929465,0.89,256,,,,,,,
autonomy,autonomy,prophecy_no_imagination,opaque_dependency_l4,tabular_online,training,opaque,1259,2000,0.6735,4.0,4.0,4.0,0.6735,0.0,0.0,0.99075,0.12364182496143702,7.8125e-06,0.0,0.0,0.6735,0.0008991219499730505,4.0,0.0,4.0,,0.0,0.0,0.6735867933966984,0.925,128,,,,,,,
autonomy,autonomy,prophecy_no_imagination,opaque_dependency_l4,tabular_online,training,opaque,1301,2000,0.6545,4.0,4.0,4.0,0.6545,0.0,0.0,0.989625,0.12355543979730714,2.2871970983176406e-05,0.0,0.0,0.6545,0.0008199450502579566,4.0,0.0,4.0,,0.0,0.0,0.6548274137068534,0.915,316,,,,,,,
autonomy,autonomy,prophecy_no_imagination,opaque_dependency_l4,tabular_online,training,opaque,131,2000,0.6425,4.0,4.0,4.0,0.6425,0.0,0.0,0.98925,0.12289620913349497,1.5425857843137253e-05,0.0,0.0,0.6425,0.0007124066995311296,4.0,0.0,4.0,,0.0,0.0,0.6425712856428214,0.895,104,,,,,,,
autonomy,autonomy,prophecy_no_imagination,opaque_dependency_l4,tabular_online,training,opaque,1361,2000,0.656,4.0,4.0,4.0,0.656,0.0,0.0,0.989875,0.12337603179806304,0.0,0.0,0.0,0.656,0.0007644429500214756,4.0,0.0,4.0,,0.0,0.0,0.6560780390195098,0.895,20,,,,,,,
autonomy,autonomy,prophecy_no_imagination,opaque_dependency_l4,tabular_online,training,opaque,1423,2000,0.6665,4.0,4.0,4.0,0.6665,0.0,0.0,0.990125,0.12326415463102776,8.928571428571424e-06,0.0,0.0,0.6665,0.0008633020494889933,4.0,0.0,4.0,,0.0,0.0,0.6665832916458229,0.925,32,,,,,,,
autonomy,autonomy,prophecy_no_imagination,opaque_dependency_l4,tabular_online,training,opaque,1481,2000,0.661,4.0,4.0,4.0,0.661,0.0,0.0,0.98975,0.12366873797120025,5.952380952380959e-06,0.0,0.0,0.661,0.0007668958500871668,4.0,0.0,4.0,,0.0,0.0,0.6610805402701351,0.895,36,,,,,,,
autonomy,autonomy,prophecy_no_imagination,opaque_dependency_l4,tabular_online,training,opaque,1543,2000,0.6375,4.0,4.0,4.0,0.6375,0.0,0.0,0.99,0.12369316835983576,1.2526939655172418e-05,0.0,0.0,0.6375,0.0007768305502395378,4.0,0.0,4.0,,0.0,0.0,0.6375687843921961,0.925,32,,,,,,,
autonomy,autonomy,prophecy_no_imagination,opaque_dependency_l4,tabular_online,training,opaque,1601,2000,0.6585,4.0,4.0,4.0,0.6585,0.0,0.0,0.989875,0.12341288372358702,3.90625e-06,0.0,0.0,0.6585,0.0008482278998417314,4.0,0.0,4.0,,0.0,0.0,0.6585792896448224,0.9,48,,,,,,,
autonomy,autonomy,prophecy_no_imagination,opaque_dependency_l4,tabular_online,training,opaque,173,2000,0.647,4.0,4.0,4.0,0.647,0.0,0.0,0.9905,0.12376491389318885,2.083333333333333e-05,0.0,0.0,0.647,0.0007357115498889471,4.0,0.0,4.0,,0.0,0.0,0.6470735367683842,0.91,16,,,,,,,
autonomy,autonomy,prophecy_no_imagination,opaque_dependency_l4,tabular_online,training,opaque,211,2000,0.665,4.0,4.0,4.0,0.665,0.0,0.0,0.990375,0.12351643117096109,0.0,0.0,0.0,0.665,0.0008786337002529762,4.0,0.0,4.0,,0.0,0.0,0.6650825412706353,0.915,60,,,,,,,
autonomy,autonomy,prophecy_no_imagination,opaque_dependency_l4,tabular_online,training,opaque,257,2000,0.6495,4.0,4.0,4.0,0.6495,0.0,0.0,0.989875,0.12360820309506454,1.779513888888889e-05,0.0,0.0,0.6495,0.000782884999687667,4.0,0.0,4.0,,0.0,0.0,0.6495747873936969,0.915,24,,,,,,,
autonomy,autonomy,prophecy_no_imagination,opaque_dependency_l4,tabular_online,training,opaque,307,2000,0.659,4.0,4.0,4.0,0.659,0.0,0.0,0.99025,0.12327431720847526,1.171875e-05,0.0,0.0,0.659,0.0008710795504157431,4.0,0.0,4.0,,0.0,0.0,0.659079539769885,0.925,36,,,,,,,
autonomy,autonomy,prophecy_no_imagination,opaque_dependency_l4,tabular_online,training,opaque,353,2000,0.667,4.0,4.0,4.0,0.667,0.0,0.0,0.989625,0.12326869915172546,1.8928571428571435e-05,0.0,0.0,0.667,0.0007157607998960885,4.0,0.0,4.0,,0.0,0.0,0.6670835417708855,0.925,128,,,,,,,
autonomy,autonomy,prophecy_no_imagination,opaque_dependency_l4,tabular_online,training,opaque,401,2000,0.6535,4.0,4.0,4.0,0.6535,0.0,0.0,0.990375,0.12359782396575159,3.90625e-06,0.0,0.0,0.6535,0.000830918000152451,4.0,0.0,4.0,,0.0,0.0,0.6535767883941971,0.915,80,,,,,,,
autonomy,autonomy,prophecy_no_imagination,opaque_dependency_l4,tabular_online,training,opaque,457,2000,0.6475,4.0,4.0,4.0,0.6475,0.0,0.0,0.990125,0.12372232834977334,8.333333333333332e-06,0.0,0.0,0.6475,0.0008091696999472333,4.0,0.0,4.0,,0.0,0.0,0.6475737868934467,0.91,24,,,,,,,
autonomy,autonomy,prophecy_no_imagination,opaque_dependency_l4,tabular_online,training,opaque,503,2000,0.647,4.0,4.0,4.0,0.647,0.0,0.0,0.98975,0.12363119783368748,2.6388888888888885e-05,0.0,0.0,0.647,0.0007349540001159767,4.0,0.0,4.0,,0.0,0.0,0.6470735367683842,0.9,16,,,,,,,
autonomy,autonomy,prophecy_no_imagination,opaque_dependency_l4,tabular_online,training,opaque,557,2000,0.6585,4.0,4.0,4.0,0.6585,0.0,0.0,0.990375,0.12348396134094664,2.3065476190476198e-05,0.0,0.0,0.6585,0.0008353337498410838,4.0,0.0,4.0,,0.0,0.0,0.6585792896448224,0.915,100,,,,,,,
autonomy,autonomy,prophecy_no_imagination,opaque_dependency_l4,tabular_online,training,opaque,601,2000,0.652,4.0,4.0,4.0,0.652,0.0,0.0,0.989625,0.12344206261192987,1.4705882352941173e-05,0.0,0.0,0.652,0.0009087769997859141,4.0,0.0,4.0,,0.0,0.0,0.6520760380190095,0.9,16,,,,,,,
autonomy,autonomy,prophecy_no_imagination,opaque_dependency_l4,tabular_online,training,opaque,659,2000,0.668,4.0,4.0,4.0,0.668,0.0,0.0,0.99,0.1237698019672954,1.0416666666666665e-05,0.0,0.0,0.668,0.0008217388001503423,4.0,0.0,4.0,,0.0,0.0,0.6680840420210105,0.915,8,,,,,,,
autonomy,autonomy,prophecy_no_imagination,opaque_dependency_l4,tabular_online,training,opaque,701,2000,0.652,4.0,4.0,4.0,0.652,0.0,0.0,0.989875,0.12375953163877108,2.0004734848484855e-05,0.0,0.0,0.652,0.0008231386999541428,4.0,0.0,4.0,,0.0,0.0,0.6523261630815408,0.925,32,,,,,,,
autonomy,autonomy,prophecy_no_imagination,opaque_dependency_l4,tabular_online,training,opaque,761,2000,0.6705,4.0,4.0,4.0,0.6705,0.0,0.0,0.98925,0.12326179304802933,5.681818181818191e-06,0.0,0.0,0.6705,0.0007529790995758958,4.0,0.0,4.0,,0.0,0.0,0.6705852926463232,0.92,152,,,,,,,
autonomy,autonomy,prophecy_no_imagination,opaque_dependency_l4,tabular_online,training,opaque,809,2000,0.6505,4.0,4.0,4.0,0.6505,0.0,0.0,0.989875,0.1233534245965073,1.686707949308753e-05,0.0,0.0,0.6505,0.000868130000322708,4.0,0.0,4.0,,0.0,0.0,0.6505752876438219,0.9,100,,,,,,,
autonomy,autonomy,prophecy_no_imagination,opaque_dependency_l4,tabular_online,training,opaque,857,2000,0.6655,4.0,4.0,4.0,0.6655,0.0,0.0,0.99125,0.12394482057974704,3.749999999999998e-05,0.0,0.0,0.6655,0.0009085376998555149,4.0,0.0,4.0,,0.0,0.0,0.6655827913956979,0.915,68,,,,,,,
autonomy,autonomy,prophecy_no_imagination,opaque_dependency_l4,tabular_online,training,opaque,907,2000,0.6425,4.0,4.0,4.0,0.6425,0.0,0.0,0.989875,0.12364072580554292,1.7674365942028992e-05,0.0,0.0,0.6425,0.0009712002495798515,4.0,0.0,4.0,,0.0,0.0,0.6425712856428214,0.905,40,,,,,,,
autonomy,autonomy,prophecy_no_imagination,opaque_dependency_l4,tabular_online,training,opaque,953,2000,0.669,4.0,4.0,4.0,0.669,0.0,0.0,0.9895,0.12354172991234334,2.418154761904762e-05,0.0,0.0,0.669,0.0008004799995396752,4.0,0.0,4.0,,0.0,0.0,0.6690845422711356,0.92,236,,,,,,,
autonomy,autonomy,prophecy_no_imagination,opaque_dependency_l6,tabular_online,evaluation_seen,opaque,1009,200,0.0,6.0,6.0,6.0,0.0,0.0,0.0,0.0,1.0,,0.0,0.0,0.0,0.0036873329982336145,6.0,0.0,6.0,,0.0,0.0,,,,,,,,,,
autonomy,autonomy,prophecy_no_imagination,opaque_dependency_l6,tabular_online,evaluation_seen,opaque,1061,200,0.0,6.0,6.0,6.0,0.0,0.0,0.0,0.0,1.0,,0.0,0.0,0.0,0.003915757999930065,6.0,0.0,6.0,,0.0,0.0,,,,,,,,,,
autonomy,autonomy,prophecy_no_imagination,opaque_dependency_l6,tabular_online,evaluation_seen,opaque,1103,200,0.0,6.0,6.0,6.0,0.0,0.0,0.0,0.0,1.0,,0.0,0.0,0.0,0.0032899605004058684,6.0,0.0,6.0,,0.0,0.0,,,,,,,,,,
autonomy,autonomy,prophecy_no_imagination,opaque_dependency_l6,tabular_online,evaluation_seen,opaque,1151,200,0.0,6.0,6.0,6.0,0.0,0.0,0.0,0.0,1.0,,0.0,0.0,0.0,0.003925577500049258,6.0,0.0,6.0,,0.0,0.0,,,,,,,,,,
autonomy,autonomy,prophecy_no_imagination,opaque_dependency_l6,tabular_online,evaluation_seen,opaque,1201,200,0.0,6.0,6.0,6.0,0.0,0.0,0.0,0.0,1.0,,0.0,0.0,0.0,0.003350284498737892,6.0,0.0,6.0,,0.0,0.0,,,,,,,,,,
autonomy,autonomy,prophecy_no_imagination,opaque_dependency_l6,tabular_online,evaluation_seen,opaque,1259,200,0.0,6.0,6.0,6.0,0.0,0.0,0.0,0.0,1.0,,0.0,0.0,0.0,0.0038887734986201394,6.0,0.0,6.0,,0.0,0.0,,,,,,,,,,
autonomy,autonomy,prophecy_no_imagination,opaque_dependency_l6,tabular_online,evaluation_seen,opaque,1301,200,0.0,6.0,6.0,6.0,0.0,0.0,0.0,0.0,1.0,,0.0,0.0,0.0,0.0038782185000309256,6.0,0.0,6.0,,0.0,0.0,,,,,,,,,,
autonomy,autonomy,prophecy_no_imagination,opaque_dependency_l6,tabular_online,evaluation_seen,opaque,131,200,0.0,6.0,6.0,6.0,0.0,0.0,0.0,0.0,1.0,,0.0,0.0,0.0,0.003912573500274448,6.0,0.0,6.0,,0.0,0.0,,,,,,,,,,
autonomy,autonomy,prophecy_no_imagination,opaque_dependency_l6,tabular_online,evaluation_seen,opaque,1361,200,0.0,6.0,6.0,6.0,0.0,0.0,0.0,0.0,1.0,,0.0,0.0,0.0,0.003320100000273669,6.0,0.0,6.0,,0.0,0.0,,,,,,,,,,
autonomy,autonomy,prophecy_no_imagination,opaque_dependency_l6,tabular_online,evaluation_seen,opaque,1423,200,0.0,6.0,6.0,6.0,0.0,0.0,0.0,0.0,1.0,,0.0,0.0,0.0,0.0034289824987354224,6.0,0.0,6.0,,0.0,0.0,,,,,,,,,,
autonomy,autonomy,prophecy_no_imagination,opaque_dependency_l6,tabular_online,evaluation_seen,opaque,1481,200,0.0,6.0,6.0,6.0,0.0,0.0,0.0,0.0,1.0,,0.0,0.0,0.0,0.004099422001454514,6.0,0.0,6.0,,0.0,0.0,,,,,,,,,,
autonomy,autonomy,prophecy_no_imagination,opaque_dependency_l6,tabular_online,evaluation_seen,opaque,1543,200,0.0,6.0,6.0,6.0,0.0,0.0,0.0,0.0,1.0,,0.0,0.0,0.0,0.0038466235010128002,6.0,0.0,6.0,,0.0,0.0,,,,,,,,,,
autonomy,autonomy,prophecy_no_imagination,opaque_dependency_l6,tabular_online,evaluation_seen,opaque,1601,200,0.0,6.0,6.0,6.0,0.0,0.0,0.0,0.0,1.0,,0.0,0.0,0.0,0.003553198500158032,6.0,0.0,6.0,,0.0,0.0,,,,,,,,,,
autonomy,autonomy,prophecy_no_imagination,opaque_dependency_l6,tabular_online,evaluation_seen,opaque,173,200,0.0,6.0,6.0,6.0,0.0,0.0,0.0,0.0,1.0,,0.0,0.0,0.0,0.003304286000347929,6.0,0.0,6.0,,0.0,0.0,,,,,,,,,,
autonomy,autonomy,prophecy_no_imagination,opaque_dependency_l6,tabular_online,evaluation_seen,opaque,211,200,0.0,6.0,6.0,6.0,0.0,0.0,0.0,0.0,1.0,,0.0,0.0,0.0,0.003101217998628272,6.0,0.0,6.0,,0.0,0.0,,,,,,,,,,
autonomy,autonomy,prophecy_no_imagination,opaque_dependency_l6,tabular_online,evaluation_seen,opaque,257,200,0.0,6.0,6.0,6.0,0.0,0.0,0.0,0.0,1.0,,0.0,0.0,0.0,0.003214517999876989,6.0,0.0,6.0,,0.0,0.0,,,,,,,,,,
autonomy,autonomy,prophecy_no_imagination,opaque_dependency_l6,tabular_online,evaluation_seen,opaque,307,200,0.0,6.0,6.0,6.0,0.0,0.0,0.0,0.0,1.0,,0.0,0.0,0.0,0.003436608000774868,6.0,0.0,6.0,,0.0,0.0,,,,,,,,,,
autonomy,autonomy,prophecy_no_imagination,opaque_dependency_l6,tabular_online,evaluation_seen,opaque,353,200,0.0,6.0,6.0,6.0,0.0,0.0,0.0,0.0,1.0,,0.0,0.0,0.0,0.0033630035004171078,6.0,0.0,6.0,,0.0,0.0,,,,,,,,,,
autonomy,autonomy,prophecy_no_imagination,opaque_dependency_l6,tabular_online,evaluation_seen,opaque,401,200,0.0,6.0,6.0,6.0,0.0,0.0,0.0,0.0,1.0,,0.0,0.0,0.0,0.003882070500112604,6.0,0.0,6.0,,0.0,0.0,,,,,,,,,,
autonomy,autonomy,prophecy_no_imagination,opaque_dependency_l6,tabular_online,evaluation_seen,opaque,457,200,0.0,6.0,6.0,6.0,0.0,0.0,0.0,0.0,1.0,,0.0,0.0,0.0,0.0038546930006123146,6.0,0.0,6.0,,0.0,0.0,,,,,,,,,,
autonomy,autonomy,prophecy_no_imagination,opaque_dependency_l6,tabular_online,evaluation_seen,opaque,503,200,0.0,6.0,6.0,6.0,0.0,0.0,0.0,0.0,1.0,,0.0,0.0,0.0,0.003833502998604672,6.0,0.0,6.0,,0.0,0.0,,,,,,,,,,
autonomy,autonomy,prophecy_no_imagination,opaque_dependency_l6,tabular_online,evaluation_seen,opaque,557,200,0.0,6.0,6.0,6.0,0.0,0.0,0.0,0.0,1.0,,0.0,0.0,0.0,0.0032197720000112897,6.0,0.0,6.0,,0.0,0.0,,,,,,,,,,
autonomy,autonomy,prophecy_no_imagination,opaque_dependency_l6,tabular_online,evaluation_seen,opaque,601,200,0.0,6.0,6.0,6.0,0.0,0.0,0.0,0.0,1.0,,0.0,0.0,0.0,0.003966703500045696,6.0,0.0,6.0,,0.0,0.0,,,,,,,,,,
autonomy,autonomy,prophecy_no_imagination,opaque_dependency_l6,tabular_online,evaluation_seen,opaque,659,200,0.0,6.0,6.0,6.0,0.0,0.0,0.0,0.0,1.0,,0.0,0.0,0.0,0.0035117004995117895,6.0,0.0,6.0,,0.0,0.0,,,,,,,,,,
autonomy,autonomy,prophecy_no_imagination,opaque_dependency_l6,tabular_online,evaluation_seen,opaque,701,200,0.0,6.0,6.0,6.0,0.0,0.0,0.0,0.0,1.0,,0.0,0.0,0.0,0.0036277659999905155,6.0,0.0,6.0,,0.0,0.0,,,,,,,,,,
autonomy,autonomy,prophecy_no_imagination,opaque_dependency_l6,tabular_online,evaluation_seen,opaque,761,200,0.0,6.0,6.0,6.0,0.0,0.0,0.0,0.0,1.0,,0.0,0.0,0.0,0.003633787999715423,6.0,0.0,6.0,,0.0,0.0,,,,,,,,,,
autonomy,autonomy,prophecy_no_imagination,opaque_dependency_l6,tabular_online,evaluation_seen,opaque,809,200,0.0,6.0,6.0,6.0,0.0,0.0,0.0,0.0,1.0,,0.0,0.0,0.0,0.004021286999777658,6.0,0.0,6.0,,0.0,0.0,,,,,,,,,,
autonomy,autonomy,prophecy_no_imagination,opaque_dependency_l6,tabular_online,evaluation_seen,opaque,857,200,0.0,6.0,6.0,6.0,0.0,0.0,0.0,0.0,1.0,,0.0,0.0,0.0,0.004124214498879155,6.0,0.0,6.0,,0.0,0.0,,,,,,,,,,
autonomy,autonomy,prophecy_no_imagination,opaque_dependency_l6,tabular_online,evaluation_seen,opaque,907,200,0.0,6.0,6.0,6.0,0.0,0.0,0.0,0.0,1.0,,0.0,0.0,0.0,0.003780008999456186,6.0,0.0,6.0,,0.0,0.0,,,,,,,,,,
autonomy,autonomy,prophecy_no_imagination,opaque_dependency_l6,tabular_online,evaluation_seen,opaque,953,200,0.0,6.0,6.0,6.0,0.0,0.0,0.0,0.0,1.0,,0.0,0.0,0.0,0.0036018889998376837,6.0,0.0,6.0,,0.0,0.0,,,,,,,,,,
autonomy,autonomy,prophecy_no_imagination,opaque_dependency_l6,tabular_online,evaluation_unseen_zero_shot,opaque,1009,200,0.0,6.0,6.0,6.0,0.0,0.0,0.0,0.0,1.0,,0.0,0.0,0.0,0.003332837999187177,6.0,0.0,6.0,,0.0,0.0,,,,,,,,,,
autonomy,autonomy,prophecy_no_imagination,opaque_dependency_l6,tabular_online,evaluation_unseen_zero_shot,opaque,1061,200,0.0,6.0,6.0,6.0,0.0,0.0,0.0,0.0,1.0,,0.0,0.0,0.0,0.0034125899996433873,6.0,0.0,6.0,,0.0,0.0,,,,,,,,,,
autonomy,autonomy,prophecy_no_imagination,opaque_dependency_l6,tabular_online,evaluation_unseen_zero_shot,opaque,1103,200,0.0,6.0,6.0,6.0,0.0,0.0,0.0,0.0,1.0,,0.0,0.0,0.0,0.003807983999868156,6.0,0.0,6.0,,0.0,0.0,,,,,,,,,,
autonomy,autonomy,prophecy_no_imagination,opaque_dependency_l6,tabular_online,evaluation_unseen_zero_shot,opaque,1151,200,0.0,6.0,6.0,6.0,0.0,0.0,0.0,0.0,1.0,,0.0,0.0,0.0,0.0037548624993360134,6.0,0.0,6.0,,0.0,0.0,,,,,,,,,,
autonomy,autonomy,prophecy_no_imagination,opaque_dependency_l6,tabular_online,evaluation_unseen_zero_shot,opaque,1201,200,0.0,6.0,6.0,6.0,0.0,0.0,0.0,0.0,1.0,,0.0,0.0,0.0,0.0033435860004101415,6.0,0.0,6.0,,0.0,0.0,,,,,,,,,,
autonomy,autonomy,prophecy_no_imagination,opaque_dependency_l6,tabular_online,evaluation_unseen_zero_shot,opaque,1259,200,0.0,6.0,6.0,6.0,0.0,0.0,0.0,0.0,1.0,,0.0,0.0,0.0,0.0038928549991396723,6.0,0.0,6.0,,0.0,0.0,,,,,,,,,,
autonomy,autonomy,prophecy_no_imagination,opaque_dependency_l6,tabular_online,evaluation_unseen_zero_shot,opaque,1301,200,0.0,6.0,6.0,6.0,0.0,0.0,0.0,0.0,1.0,,0.0,0.0,0.0,0.003476082499109907,6.0,0.0,6.0,,0.0,0.0,,,,,,,,,,
autonomy,autonomy,prophecy_no_imagination,opaque_dependency_l6,tabular_online,evaluation_unseen_zero_shot,opaque,131,200,0.0,6.0,6.0,6.0,0.0,0.0,0.0,0.0,1.0,,0.0,0.0,0.0,0.00394095800103969,6.0,0.0,6.0,,0.0,0.0,,,,,,,,,,
autonomy,autonomy,prophecy_no_imagination,opaque_dependency_l6,tabular_online,evaluation_unseen_zero_shot,opaque,1361,200,0.0,6.0,6.0,6.0,0.0,0.0,0.0,0.0,1.0,,0.0,0.0,0.0,0.0039355135007645,6.0,0.0,6.0,,0.0,0.0,,,,,,,,,,
autonomy,autonomy,prophecy_no_imagination,opaque_dependency_l6,tabular_online,evaluation_unseen_zero_shot,opaque,1423,200,0.0,6.0,6.0,6.0,0.0,0.0,0.0,0.0,1.0,,0.0,0.0,0.0,0.003948478501406498,6.0,0.0,6.0,,0.0,0.0,,,,,,,,,,
autonomy,autonomy,prophecy_no_imagination,opaque_dependency_l6,tabular_online,evaluation_unseen_zero_shot,opaque,1481,200,0.0,6.0,6.0,6.0,0.0,0.0,0.0,0.0,1.0,,0.0,0.0,0.0,0.0035536824994778725,6.0,0.0,6.0,,0.0,0.0,,,,,,,,,,
autonomy,autonomy,prophecy_no_imagination,opaque_dependency_l6,tabular_online,evaluation_unseen_zero_shot,opaque,1543,200,0.0,6.0,6.0,6.0,0.0,0.0,0.0,0.0,1.0,,0.0,0.0,0.0,0.0037953334994381294,6.0,0.0,6.0,,0.0,0.0,,,,,,,,,,
autonomy,autonomy,prophecy_no_imagination,opaque_dependency_l6,tabular_online,evaluation_unseen_zero_shot,opaque,1601,200,0.0,6.0,6.0,6.0,0.0,0.0,0.0,0.0,1.0,,0.0,0.0,0.0,0.0031832599999324883,6.0,0.0,6.0,,0.0,0.0,,,,,,,,,,
autonomy,autonomy,prophecy_no_imagination,opaque_dependency_l6,tabular_online,evaluation_unseen_zero_shot,opaque,173,200,0.0,6.0,6.0,6.0,0.0,0.0,0.0,0.0,1.0,,0.0,0.0,0.0,0.003275222499942174,6.0,0.0,6.0,,0.0,0.0,,,,,,,,,,
autonomy,autonomy,prophecy_no_imagination,opaque_dependency_l6,tabular_online,evaluation_unseen_zero_shot,opaque,211,200,0.0,6.0,6.0,6.0,0.0,0.0,0.0,0.0,1.0,,0.0,0.0,0.0,0.003540567499730969,6.0,0.0,6.0,,0.0,0.0,,,,,,,,,,
autonomy,autonomy,prophecy_no_imagination,opaque_dependency_l6,tabular_online,evaluation_unseen_zero_shot,opaque,257,200,0.0,6.0,6.0,6.0,0.0,0.0,0.0,0.0,1.0,,0.0,0.0,0.0,0.0033987364996573887,6.0,0.0,6.0,,0.0,0.0,,,,,,,,,,
autonomy,autonomy,prophecy_no_imagination,opaque_dependency_l6,tabular_online,evaluation_unseen_zero_shot,opaque,307,200,0.0,6.0,6.0,6.0,0.0,0.0,0.0,0.0,1.0,,0.0,0.0,0.0,0.0035772379994159563,6.0,0.0,6.0,,0.0,0.0,,,,,,,,,,
autonomy,autonomy,prophecy_no_imagination,opaque_dependency_l6,tabular_online,evaluation_unseen_zero_shot,opaque,353,200,0.0,6.0,6.0,6.0,0.0,0.0,0.0,0.0,1.0,,0.0,0.0,0.0,0.0035235829994780944,6.0,0.0,6.0,,0.0,0.0,,,,,,,,,,
autonomy,autonomy,prophecy_no_imagination,opaque_dependency_l6,tabular_online,evaluation_unseen_zero_shot,opaque,401,200,0.0,6.0,6.0,6.0,0.0,0.0,0.0,0.0,1.0,,0.0,0.0,0.0,0.0035195445010322147,6.0,0.0,6.0,,0.0,0.0,,,,,,,,,,
autonomy,autonomy,prophecy_no_imagination,opaque_dependency_l6,tabular_online,evaluation_unseen_zero_shot,opaque,457,200,0.0,6.0,6.0,6.0,0.0,0.0,0.0,0.0,1.0,,0.0,0.0,0.0,0.003738994999002898,6.0,0.0,6.0,,0.0,0.0,,,,,,,,,,
autonomy,autonomy,prophecy_no_imagination,opaque_dependency_l6,tabular_online,evaluation_unseen_zero_shot,opaque,503,200,0.0,6.0,6.0,6.0,0.0,0.0,0.0,0.0,1.0,,0.0,0.0,0.0,0.0034097059996565805,6.0,0.0,6.0,,0.0,0.0,,,,,,,,,,
autonomy,autonomy,prophecy_no_imagination,opaque_dependency_l6,tabular_online,evaluation_unseen_zero_shot,opaque,557,200,0.0,6.0,6.0,6.0,0.0,0.0,0.0,0.0,1.0,,0.0,0.0,0.0,0.0037240554996242283,6.0,0.0,6.0,,0.0,0.0,,,,,,,,,,
autonomy,autonomy,prophecy_no_imagination,opaque_dependency_l6,tabular_online,evaluation_unseen_zero_shot,opaque,601,200,0.0,6.0,6.0,6.0,0.0,0.0,0.0,0.0,1.0,,0.0,0.0,0.0,0.0035000360003323294,6.0,0.0,6.0,,0.0,0.0,,,,,,,,,,
autonomy,autonomy,prophecy_no_imagination,opaque_dependency_l6,tabular_online,evaluation_unseen_zero_shot,opaque,659,200,0.0,6.0,6.0,6.0,0.0,0.0,0.0,0.0,1.0,,0.0,0.0,0.0,0.00345581149958889,6.0,0.0,6.0,,0.0,0.0,,,,,,,,,,
autonomy,autonomy,prophecy_no_imagination,opaque_dependency_l6,tabular_online,evaluation_unseen_zero_shot,opaque,701,200,0.0,6.0,6.0,6.0,0.0,0.0,0.0,0.0,1.0,,0.0,0.0,0.0,0.003575614999572281,6.0,0.0,6.0,,0.0,0.0,,,,,,,,,,
autonomy,autonomy,prophecy_no_imagination,opaque_dependency_l6,tabular_online,evaluation_unseen_zero_shot,opaque,761,200,0.0,6.0,6.0,6.0,0.0,0.0,0.0,0.0,1.0,,0.0,0.0,0.0,0.003919417001307011,6.0,0.0,6.0,,0.0,0.0,,,,,,,,,,
autonomy,autonomy,prophecy_no_imagination,opaque_dependency_l6,tabular_online,evaluation_unseen_zero_shot,opaque,809,200,0.0,6.0,6.0,6.0,0.0,0.0,0.0,0.0,1.0,,0.0,0.0,0.0,0.004130375000531785,6.0,0.0,6.0,,0.0,0.0,,,,,,,,,,
autonomy,autonomy,prophecy_no_imagination,opaque_dependency_l6,tabular_online,evaluation_unseen_zero_shot,opaque,857,200,0.0,6.0,6.0,6.0,0.0,0.0,0.0,0.0,1.0,,0.0,0.0,0.0,0.0040454195000347686,6.0,0.0,6.0,,0.0,0.0,,,,,,,,,,
autonomy,autonomy,prophecy_no_imagination,opaque_dependency_l6,tabular_online,evaluation_unseen_zero_shot,opaque,907,200,0.0,6.0,6.0,6.0,0.0,0.0,0.0,0.0,1.0,,0.0,0.0,0.0,0.003946191501017893,6.0,0.0,6.0,,0.0,0.0,,,,,,,,,,
autonomy,autonomy,prophecy_no_imagination,opaque_dependency_l6,tabular_online,evaluation_unseen_zero_shot,opaque,953,200,0.0,6.0,6.0,6.0,0.0,0.0,0.0,0.0,1.0,,0.0,0.0,0.0,0.00371813449964975,6.0,0.0,6.0,,0.0,0.0,,,,,,,,,,
autonomy,autonomy,prophecy_no_imagination,opaque_dependency_l6,tabular_online,training,opaque,1009,2000,0.4655,6.0,6.0,6.0,0.4655,0.0,0.0,0.9903333333333334,0.12367009375921013,1.7361111111111104e-05,0.0,0.0,0.4655,0.0014476222500088625,6.0,0.0,6.0,,0.0,0.0,0.46548274137068535,0.77,258,,,,,,,
autonomy,autonomy,prophecy_no_imagination,opaque_dependency_l6,tabular_online,training,opaque,1061,2000,0.4745,6.0,6.0,6.0,0.4745,0.0,0.0,0.9905833333333334,0.12362628950992957,0.0,0.0,0.0,0.4745,0.0014453754000132903,6.0,0.0,6.0,,0.0,0.0,0.4747373686843422,0.745,684,,,,,,,
autonomy,autonomy,prophecy_no_imagination,opaque_dependency_l6,tabular_online,training,opaque,1103,2000,0.407,6.0,6.0,6.0,0.407,0.0,0.0,0.99,0.12355635968345864,2.6041666666666666e-06,0.0,0.0,0.407,0.0013878326000121887,6.0,0.0,6.0,,0.0,0.0,0.4072036018009004,0.63,72,,,,,,,
autonomy,autonomy,prophecy_no_imagination,opaque_dependency_l6,tabular_online,training,opaque,1151,2000,0.455,6.0,6.0,6.0,0.455,0.0,0.0,0.9898333333333333,0.12367286604340659,1.0416666666666666e-05,0.0,0.0,0.455,0.001274329050342203,6.0,0.0,6.0,,0.0,0.0,0.45522761380690346,0.745,702,,,,,,,
autonomy,autonomy,prophecy_no_imagination,opaque_dependency_l6,tabular_online,training,opaque,1201,2000,0.4485,6.0,6.0,6.0,0.4485,0.0,0.0,0.9886666666666666,0.12311864673355512,6.572420634920634e-06,0.0,0.0,0.4485,0.0013540986500011059,6.0,0.0,6.0,,0.0,0.0,0.44847423711855927,0.72,66,,,,,,,
autonomy,autonomy,prophecy_no_imagination,opaque_dependency_l6,tabular_online,training,opaque,1259,2000,0.4135,6.0,6.0,6.0,0.4135,0.0,0.0,0.98925,0.12352210270971047,8.41346153846154e-06,0.0,0.0,0.4135,0.0013882916999427835,6.0,0.0,6.0,,0.0,0.0,0.4137068534267134,0.66,570,,,,,,,
autonomy,autonomy,prophecy_no_imagination,opaque_dependency_l6,tabular_online,training,opaque,1301,2000,0.4,6.0,6.0,6.0,0.4,0.0,0.0,0.9895,0.12343763128170789,1.0416666666666666e-05,0.0,0.0,0.4,0.001280191099634976,6.0,0.0,6.0,,0.0,0.0,0.400200100050025,0.635,450,,,,,,,
autonomy,autonomy,prophecy_no_imagination,opaque_dependency_l6,tabular_online,training,opaque,131,2000,0.3885,6.0,6.0,6.0,0.3885,0.0,0.0,0.98975,0.12325685814977672,1.636904761904762e-05,0.0,0.0,0.3885,0.0014078492497937986,6.0,0.0,6.0,,0.0,0.0,0.3884442221110555,0.665,228,,,,,,,
autonomy,autonomy,prophecy_no_imagination,opaque_dependency_l6,tabular_online,training,opaque,1361,2000,0.499,6.0,6.0,6.0,0.499,0.0,0.0,0.9901666666666666,0.12353632754378444,4.166666666666666e-06,0.0,0.0,0.499,0.0013963784997176845,6.0,0.0,6.0,,0.0,0.0,0.49899949974987495,0.805,78,,,,,,,
autonomy,autonomy,prophecy_no_imagination,opaque_dependency_l6,tabular_online,training,opaque,1423,2000,0.4665,6.0,6.0,6.0,0.4665,0.0,0.0,0.99075,0.12370079908864018,7.8125e-06,0.0,0.0,0.4665,0.0013329579996934626,6.0,0.0,6.0,,0.0,0.0,0.46673336668334164,0.75,1314,,,,,,,
autonomy,autonomy,prophecy_no_imagination,opaque_dependency_l6,tabular_online,training,opaque,1481,2000,0.505,6.0,6.0,6.0,0.505,0.0,0.0,0.9905833333333334,0.12370314251085489,3.472222222222219e-06,0.0,0.0,0.505,0.0012481013000069652,6.0,0.0,6.0,,0.0,0.0,0.5052526263131566,0.745,42,,,,,,,
autonomy,autonomy,prophecy_no_imagination,opaque_dependency_l6,tabular_online,training,opaque,1543,2000,0.4475,6.0,6.0,6.0,0.4475,0.0,0.0,0.9901666666666666,0.12353756453832232,1.0416666666666666e-05,0.0,0.0,0.4475,0.001283930449950276,6.0,0.0,6.0,,0.0,0.0,0.4474737368684342,0.73,60,,,,,,,
autonomy,autonomy,prophecy_no_imagination,opaque_dependency_l6,tabular_online,training,opaque,1601,2000,0.341,6.0,6.0,6.0,0.341,0.0,0.0,0.9898333333333333,0.12337605924285937,0.0,0.0,0.0,0.341,0.0012932384997839108,6.0,0.0,6.0,,0.0,0.0,0.3409204602301151,0.64,1050,,,,,,,
autonomy,autonomy,prophecy_no_imagination,opaque_dependency_l6,tabular_online,training,opaque,173,2000,0.3905,6.0,6.0,6.0,0.3905,0.0,0.0,0.9896666666666666,0.12353527436127738,1.5500992063492063e-05,0.0,0.0,0.3905,0.0013134901996672851,6.0,0.0,6.0,,0.0,0.0,0.39044522261130565,0.655,462,,,,,,,
autonomy,autonomy,prophecy_no_imagination,opaque_dependency_l6,tabular_online,training,opaque,211,2000,0.4875,6.0,6.0,6.0,0.4875,0.0,0.0,0.9890833333333334,0.12331318706593121,2.6041666666666666e-06,0.0,0.0,0.4875,0.0013311588500801008,6.0,0.0,6.0,,0.0,0.0,0.4874937468734367,0.86,84,,,,,,,
autonomy,autonomy,prophecy_no_imagination,opaque_dependency_l6,tabular_online,training,opaque,257,2000,0.4925,6.0,6.0,6.0,0.4925,0.0,0.0,0.9899166666666667,0.12361761275639564,9.374999999999997e-06,0.0,0.0,0.4925,0.001358934199961368,6.0,0.0,6.0,,0.0,0.0,0.492496248124062,0.795,738,,,,,,,
autonomy,autonomy,prophecy_no_imagination,opaque_dependency_l6,tabular_online,training,opaque,307,2000,0.4165,6.0,6.0,6.0,0.4165,0.0,0.0,0.9903333333333334,0.12367904370577402,6.572420634920634e-06,0.0,0.0,0.4165,0.001387604599716724,6.0,0.0,6.0,,0.0,0.0,0.41645822911455727,0.64,36,,,,,,,
autonomy,autonomy,prophecy_no_imagination,opaque_dependency_l6,tabular_online,training,opaque,353,2000,0.42,6.0,6.0,6.0,0.42,0.0,0.0,0.99075,0.12356240087313801,2.6041666666666666e-06,0.0,0.0,0.42,0.001243841950650676,6.0,0.0,6.0,,0.0,0.0,0.42021010505252626,0.665,78,,,,,,,
autonomy,autonomy,prophecy_no_imagination,opaque_dependency_l6,tabular_online,training,opaque,401,2000,0.486,6.0,6.0,6.0,0.486,0.0,0.0,0.9899166666666667,0.12342302942233305,3.7878787878787865e-06,0.0,0.0,0.486,0.0013719521503226134,6.0,0.0,6.0,,0.0,0.0,0.4859929964982491,0.75,276,,,,,,,
autonomy,autonomy,prophecy_no_imagination,opaque_dependency_l6,tabular_online,training,opaque,457,2000,0.435,6.0,6.0,6.0,0.435,0.0,0.0,0.9899166666666667,0.12346200106380834,0.0,0.0,0.0,0.435,0.001364672049647197,6.0,0.0,6.0,,0.0,0.0,0.43496748374187094,0.655,36,,,,,,,
autonomy,autonomy,prophecy_no_imagination,opaque_dependency_l6,tabular_online,training,opaque,503,2000,0.3605,6.0,6.0,6.0,0.3605,0.0,0.0,0.98975,0.12348594472616024,7.506127450980392e-06,0.0,0.0,0.3605,0.0012589346000459044,6.0,0.0,6.0,,0.0,0.0,0.36068034017008505,0.635,144,,,,,,,
autonomy,autonomy,prophecy_no_imagination,opaque_dependency_l6,tabular_online,training,opaque,557,2000,0.466,6.0,6.0,6.0,0.466,0.0,0.0,0.99075,0.12396257459981644,4.16666666666667e-06,0.0,0.0,0.466,0.0012846673501917393,6.0,0.0,6.0,,0.0,0.0,0.4659829914957479,0.78,36,,,,,,,
autonomy,autonomy,prophecy_no_imagination,opaque_dependency_l6,tabular_online,training,opaque,601,2000,0.5585,6.0,6.0,6.0,0.5585,0.0,0.0,0.9899166666666667,0.1237170812443729,6.764069264069266e-06,0.0,0.0,0.5585,0.001298491749796085,6.0,0.0,6.0,,0.0,0.0,0.5587793896948474,0.855,180,,,,,,,
autonomy,autonomy,prophecy_no_imagination,opaque_dependency_l6,tabular_online,training,opaque,659,2000,0.339,6.0,6.0,6.0,0.339,0.0,0.0,0.9909166666666667,0.1238688423266211,6.410256410256411e-06,0.0,0.0,0.339,0.0013174892498209374,6.0,0.0,6.0,,0.0,0.0,0.3391695847923962,0.65,36,,,,,,,
autonomy,autonomy,prophecy_no_imagination,opaque_dependency_l6,tabular_online,training,opaque,701,2000,0.4255,6.0,6.0,6.0,0.4255,0.0,0.0,0.9888333333333333,0.12288262501029974,5.580357142857141e-06,0.0,0.0,0.4255,0.0014062655998714035,6.0,0.0,6.0,,0.0,0.0,0.42546273136568286,0.665,252,,,,,,,
autonomy,autonomy,prophecy_no_imagination,opaque_dependency_l6,tabular_online,training,opaque,761,2000,0.549,6.0,6.0,6.0,0.549,0.0,0.0,0.9904166666666666,0.12359772214975513,6.944444444444443e-06,0.0,0.0,0.549,0.0014472765002865344,6.0,0.0,6.0,,0.0,0.0,0.549024512256128,0.885,366,,,,,,,
autonomy,autonomy,prophecy_no_imagination,opaque_dependency_l6,tabular_online,training,opaque,809,2000,0.332,6.0,6.0,6.0,0.332,0.0,0.0,0.9901666666666666,0.12348682878254932,5.208333333333333e-06,0.0,0.0,0.332,0.0014036870999552776,6.0,0.0,6.0,,0.0,0.0,0.3319159579789895,0.555,720,,,,,,,
autonomy,autonomy,prophecy_no_imagination,opaque_dependency_l6,tabular_online,training,opaque,857,2000,0.403,6.0,6.0,6.0,0.403,0.0,0.0,0.9899166666666667,0.12353394204322893,3.3333333333333363e-06,0.0,0.0,0.403,0.0016148074499360517,6.0,0.0,6.0,,0.0,0.0,0.40295147573786894,0.655,144,,,,,,,
autonomy,autonomy,prophecy_no_imagination,opaque_dependency_l6,tabular_online,training,opaque,907,2000,0.4755,6.0,6.0,6.0,0.4755,0.0,0.0,0.9899166666666667,0.1235864651306993,5.208333333333333e-06,0.0,0.0,0.4755,0.001541963149778894,6.0,0.0,6.0,,0.0,0.0,0.475487743871936,0.77,96,,,,,,,
autonomy,autonomy,prophecy_no_imagination,opaque_dependency_l6,tabular_online,training,opaque,953,2000,0.438,6.0,6.0,6.0,0.438,0.0,0.0,0.9895,0.12324553719814137,2.6041666666666666e-06,0.0,0.0,0.438,0.0013263394497771515,6.0,0.0,6.0,,0.0,0.0,0.43796898449224614,0.765,366,,,,,,,
autonomy,autonomy,prophecy_no_imagination,opaque_dependency_l8,tabular_online,evaluation_seen,opaque,1009,200,0.0,8.0,8.0,8.0,0.0,0.0,0.0,0.0,1.0,,0.0,0.0,0.0,0.005770104499824811,8.0,0.0,8.0,,0.0,0.0,,,,,,,,,,
autonomy,autonomy,prophecy_no_imagination,opaque_dependency_l8,tabular_online,evaluation_seen,opaque,1061,200,0.0,8.0,8.0,8.0,0.0,0.0,0.0,0.0,1.0,,0.0,0.0,0.0,0.0050322039984166626,8.0,0.0,8.0,,0.0,0.0,,,,,,,,,,
autonomy,autonomy,prophecy_no_imagination,opaque_dependency_l8,tabular_online,evaluation_seen,opaque,1103,200,0.0,8.0,8.0,8.0,0.0,0.0,0.0,0.0,1.0,,0.0,0.0,0.0,0.0056476805006968785,8.0,0.0,8.0,,0.0,0.0,,,,,,,,,,
autonomy,autonomy,prophecy_no_imagination,opaque_dependency_l8,tabular_online,evaluation_seen,opaque,1151,200,0.0,8.0,8.0,8.0,0.0,0.0,0.0,0.0,1.0,,0.0,0.0,0.0,0.005759918500843924,8.0,0.0,8.0,,0.0,0.0,,,,,,,,,,
autonomy,autonomy,prophecy_no_imagination,opaque_dependency_l8,tabular_online,evaluation_seen,opaque,1201,200,0.0,8.0,8.0,8.0,0.0,0.0,0.0,0.0,1.0,,0.0,0.0,0.0,0.006017477499408414,8.0,0.0,8.0,,0.0,0.0,,,,,,,,,,
autonomy,autonomy,prophecy_no_imagination,opaque_dependency_l8,tabular_online,evaluation_seen,opaque,1259,200,0.0,8.0,8.0,8.0,0.0,0.0,0.0,0.0,1.0,,0.0,0.0,0.0,0.005945765499782283,8.0,0.0,8.0,,0.0,0.0,,,,,,,,,,
autonomy,autonomy,prophecy_no_imagination,opaque_dependency_l8,tabular_online,evaluation_seen,opaque,1301,200,0.0,8.0,8.0,8.0,0.0,0.0,0.0,0.0,1.0,,0.0,0.0,0.0,0.005796222500212025,8.0,0.0,8.0,,0.0,0.0,,,,,,,,,,
autonomy,autonomy,prophecy_no_imagination,opaque_dependency_l8,tabular_online,evaluation_seen,opaque,131,200,0.0,8.0,8.0,8.0,0.0,0.0,0.0,0.0,1.0,,0.0,0.0,0.0,0.005744721999508329,8.0,0.0,8.0,,0.0,0.0,,,,,,,,,,
autonomy,autonomy,prophecy_no_imagination,opaque_dependency_l8,tabular_online,evaluation_seen,opaque,1361,200,0.0,8.0,8.0,8.0,0.0,0.0,0.0,0.0,1.0,,0.0,0.0,0.0,0.0054991605000395795,8.0,0.0,8.0,,0.0,0.0,,,,,,,,,,
autonomy,autonomy,prophecy_no_imagination,opaque_dependency_l8,tabular_online,evaluation_seen,opaque,1423,200,0.0,8.0,8.0,8.0,0.0,0.0,0.0,0.0,1.0,,0.0,0.0,0.0,0.00495244149962673,8.0,0.0,8.0,,0.0,0.0,,,,,,,,,,
autonomy,autonomy,prophecy_no_imagination,opaque_dependency_l8,tabular_online,evaluation_seen,opaque,1481,200,0.0,8.0,8.0,8.0,0.0,0.0,0.0,0.0,1.0,,0.0,0.0,0.0,0.0053168605008977465,8.0,0.0,8.0,,0.0,0.0,,,,,,,,,,
autonomy,autonomy,prophecy_no_imagination,opaque_dependency_l8,tabular_online,evaluation_seen,opaque,1543,200,0.0,8.0,8.0,8.0,0.0,0.0,0.0,0.0,1.0,,0.0,0.0,0.0,0.004397498498437926,8.0,0.0,8.0,,0.0,0.0,,,,,,,,,,
autonomy,autonomy,prophecy_no_imagination,opaque_dependency_l8,tabular_online,evaluation_seen,opaque,1601,200,0.0,8.0,8.0,8.0,0.0,0.0,0.0,0.0,1.0,,0.0,0.0,0.0,0.004928839999483898,8.0,0.0,8.0,,0.0,0.0,,,,,,,,,,
autonomy,autonomy,prophecy_no_imagination,opaque_dependency_l8,tabular_online,evaluation_seen,opaque,173,200,0.0,8.0,8.0,8.0,0.0,0.0,0.0,0.0,1.0,,0.0,0.0,0.0,0.0048848670009465425,8.0,0.0,8.0,,0.0,0.0,,,,,,,,,,
autonomy,autonomy,prophecy_no_imagination,opaque_dependency_l8,tabular_online,evaluation_seen,opaque,211,200,0.0,8.0,8.0,8.0,0.0,0.0,0.0,0.0,1.0,,0.0,0.0,0.0,0.005483584501198493,8.0,0.0,8.0,,0.0,0.0,,,,,,,,,,
autonomy,autonomy,prophecy_no_imagination,opaque_dependency_l8,tabular_online,evaluation_seen,opaque,257,200,0.0,8.0,8.0,8.0,0.0,0.0,0.0,0.0,1.0,,0.0,0.0,0.0,0.005765523001173278,8.0,0.0,8.0,,0.0,0.0,,,,,,,,,,
autonomy,autonomy,prophecy_no_imagination,opaque_dependency_l8,tabular_online,evaluation_seen,opaque,307,200,0.0,8.0,8.0,8.0,0.0,0.0,0.0,0.0,1.0,,0.0,0.0,0.0,0.004802172498311847,8.0,0.0,8.0,,0.0,0.0,,,,,,,,,,
autonomy,autonomy,prophecy_no_imagination,opaque_dependency_l8,tabular_online,evaluation_seen,opaque,353,200,0.0,8.0,8.0,8.0,0.0,0.0,0.0,0.0,1.0,,0.0,0.0,0.0,0.005235184002085589,8.0,0.0,8.0,,0.0,0.0,,,,,,,,,,
autonomy,autonomy,prophecy_no_imagination,opaque_dependency_l8,tabular_online,evaluation_seen,opaque,401,200,0.0,8.0,8.0,8.0,0.0,0.0,0.0,0.0,1.0,,0.0,0.0,0.0,0.005190528500534129,8.0,0.0,8.0,,0.0,0.0,,,,,,,,,,
autonomy,autonomy,prophecy_no_imagination,opaque_dependency_l8,tabular_online,evaluation_seen,opaque,457,200,0.0,8.0,8.0,8.0,0.0,0.0,0.0,0.0,1.0,,0.0,0.0,0.0,0.0049561769992578775,8.0,0.0,8.0,,0.0,0.0,,,,,,,,,,
autonomy,autonomy,prophecy_no_imagination,opaque_dependency_l8,tabular_online,evaluation_seen,opaque,503,200,0.0,8.0,8.0,8.0,0.0,0.0,0.0,0.0,1.0,,0.0,0.0,0.0,0.004802785001083975,8.0,0.0,8.0,,0.0,0.0,,,,,,,,,,
autonomy,autonomy,prophecy_no_imagination,opaque_dependency_l8,tabular_online,evaluation_seen,opaque,557,200,0.0,8.0,8.0,8.0,0.0,0.0,0.0,0.0,1.0,,0.0,0.0,0.0,0.005778626501123654,8.0,0.0,8.0,,0.0,0.0,,,,,,,,,,
autonomy,autonomy,prophecy_no_imagination,opaque_dependency_l8,tabular_online,evaluation_seen,opaque,601,200,0.0,8.0,8.0,8.0,0.0,0.0,0.0,0.0,1.0,,0.0,0.0,0.0,0.005072426999540767,8.0,0.0,8.0,,0.0,0.0,,,,,,,,,,
autonomy,autonomy,prophecy_no_imagination,opaque_dependency_l8,tabular_online,evaluation_seen,opaque,659,200,0.0,8.0,8.0,8.0,0.0,0.0,0.0,0.0,1.0,,0.0,0.0,0.0,0.004778956499794731,8.0,0.0,8.0,,0.0,0.0,,,,,,,,,,
autonomy,autonomy,prophecy_no_imagination,opaque_dependency_l8,tabular_online,evaluation_seen,opaque,701,200,0.0,8.0,8.0,8.0,0.0,0.0,0.0,0.0,1.0,,0.0,0.0,0.0,0.005323322500480572,8.0,0.0,8.0,,0.0,0.0,,,,,,,,,,
autonomy,autonomy,prophecy_no_imagination,opaque_dependency_l8,tabular_online,evaluation_seen,opaque,761,200,0.0,8.0,8.0,8.0,0.0,0.0,0.0,0.0,1.0,,0.0,0.0,0.0,0.004935324000398395,8.0,0.0,8.0,,0.0,0.0,,,,,,,,,,
autonomy,autonomy,prophecy_no_imagination,opaque_dependency_l8,tabular_online,evaluation_seen,opaque,809,200,0.0,8.0,8.0,8.0,0.0,0.0,0.0,0.0,1.0,,0.0,0.0,0.0,0.005868758500582771,8.0,0.0,8.0,,0.0,0.0,,,,,,,,,,
autonomy,autonomy,prophecy_no_imagination,opaque_dependency_l8,tabular_online,evaluation_seen,opaque,857,200,0.0,8.0,8.0,8.0,0.0,0.0,0.0,0.0,1.0,,0.0,0.0,0.0,0.0058278044989856425,8.0,0.0,8.0,,0.0,0.0,,,,,,,,,,
autonomy,autonomy,prophecy_no_imagination,opaque_dependency_l8,tabular_online,evaluation_seen,opaque,907,200,0.0,8.0,8.0,8.0,0.0,0.0,0.0,0.0,1.0,,0.0,0.0,0.0,0.006118151498812949,8.0,0.0,8.0,,0.0,0.0,,,,,,,,,,
autonomy,autonomy,prophecy_no_imagination,opaque_dependency_l8,tabular_online,evaluation_seen,opaque,953,200,0.0,8.0,8.0,8.0,0.0,0.0,0.0,0.0,1.0,,0.0,0.0,0.0,0.005835794500017073,8.0,0.0,8.0,,0.0,0.0,,,,,,,,,,
autonomy,autonomy,prophecy_no_imagination,opaque_dependency_l8,tabular_online,evaluation_unseen_zero_shot,opaque,1009,200,0.0,8.0,8.0,8.0,0.0,0.0,0.0,0.0,1.0,,0.0,0.0,0.0,0.0056696784998348446,8.0,0.0,8.0,,0.0,0.0,,,,,,,,,,
autonomy,autonomy,prophecy_no_imagination,opaque_dependency_l8,tabular_online,evaluation_unseen_zero_shot,opaque,1061,200,0.0,8.0,8.0,8.0,0.0,0.0,0.0,0.0,1.0,,0.0,0.0,0.0,0.004817035498854238,8.0,0.0,8.0,,0.0,0.0,,,,,,,,,,
autonomy,autonomy,prophecy_no_imagination,opaque_dependency_l8,tabular_online,evaluation_unseen_zero_shot,opaque,1103,200,0.0,8.0,8.0,8.0,0.0,0.0,0.0,0.0,1.0,,0.0,0.0,0.0,0.005828430499968817,8.0,0.0,8.0,,0.0,0.0,,,,,,,,,,
autonomy,autonomy,prophecy_no_imagination,opaque_dependency_l8,tabular_online,evaluation_unseen_zero_shot,opaque,1151,200,0.0,8.0,8.0,8.0,0.0,0.0,0.0,0.0,1.0,,0.0,0.0,0.0,0.005604889500245918,8.0,0.0,8.0,,0.0,0.0,,,,,,,,,,
autonomy,autonomy,prophecy_no_imagination,opaque_dependency_l8,tabular_online,evaluation_unseen_zero_shot,opaque,1201,200,0.0,8.0,8.0,8.0,0.0,0.0,0.0,0.0,1.0,,0.0,0.0,0.0,0.004974408999842126,8.0,0.0,8.0,,0.0,0.0,,,,,,,,,,
autonomy,autonomy,prophecy_no_imagination,opaque_dependency_l8,tabular_online,evaluation_unseen_zero_shot,opaque,1259,200,0.0,8.0,8.0,8.0,0.0,0.0,0.0,0.0,1.0,,0.0,0.0,0.0,0.005670946002064739,8.0,0.0,8.0,,0.0,0.0,,,,,,,,,,
autonomy,autonomy,prophecy_no_imagination,opaque_dependency_l8,tabular_online,evaluation_unseen_zero_shot,opaque,1301,200,0.0,8.0,8.0,8.0,0.0,0.0,0.0,0.0,1.0,,0.0,0.0,0.0,0.005516830499254865,8.0,0.0,8.0,,0.0,0.0,,,,,,,,,,
autonomy,autonomy,prophecy_no_imagination,opaque_dependency_l8,tabular_online,evaluation_unseen_zero_shot,opaque,131,200,0.0,8.0,8.0,8.0,0.0,0.0,0.0,0.0,1.0,,0.0,0.0,0.0,0.005624125500617083,8.0,0.0,8.0,,0.0,0.0,,,,,,,,,,
autonomy,autonomy,prophecy_no_imagination,opaque_dependency_l8,tabular_online,evaluation_unseen_zero_shot,opaque,1361,200,0.0,8.0,8.0,8.0,0.0,0.0,0.0,0.0,1.0,,0.0,0.0,0.0,0.0056098699993162885,8.0,0.0,8.0,,0.0,0.0,,,,,,,,,,
autonomy,autonomy,prophecy_no_imagination,opaque_dependency_l8,tabular_online,evaluation_unseen_zero_shot,opaque,1423,200,0.0,8.0,8.0,8.0,0.0,0.0,0.0,0.0,1.0,,0.0,0.0,0.0,0.005561584000533912,8.0,0.0,8.0,,0.0,0.0,,,,,,,,,,
autonomy,autonomy,prophecy_no_imagination,opaque_dependency_l8,tabular_online,evaluation_unseen_zero_shot,opaque,1481,200,0.0,8.0,8.0,8.0,0.0,0.0,0.0,0.0,1.0,,0.0,0.0,0.0,0.0055685399999492805,8.0,0.0,8.0,,0.0,0.0,,,,,,,,,,
autonomy,autonomy,prophecy_no_imagination,opaque_dependency_l8,tabular_online,evaluation_unseen_zero_shot,opaque,1543,200,0.0,8.0,8.0,8.0,0.0,0.0,0.0,0.0,1.0,,0.0,0.0,0.0,0.004559454500558786,8.0,0.0,8.0,,0.0,0.0,,,,,,,,,,
autonomy,autonomy,prophecy_no_imagination,opaque_dependency_l8,tabular_online,evaluation_unseen_zero_shot,opaque,1601,200,0.0,8.0,8.0,8.0,0.0,0.0,0.0,0.0,1.0,,0.0,0.0,0.0,0.004710462500079302,8.0,0.0,8.0,,0.0,0.0,,,,,,,,,,
autonomy,autonomy,prophecy_no_imagination,opaque_dependency_l8,tabular_online,evaluation_unseen_zero_shot,opaque,173,200,0.0,8.0,8.0,8.0,0.0,0.0,0.0,0.0,1.0,,0.0,0.0,0.0,0.005308664499461884,8.0,0.0,8.0,,0.0,0.0,,,,,,,,,,
autonomy,autonomy,prophecy_no_imagination,opaque_dependency_l8,tabular_online,evaluation_unseen_zero_shot,opaque,211,200,0.0,8.0,8.0,8.0,0.0,0.0,0.0,0.0,1.0,,0.0,0.0,0.0,0.005626511998707428,8.0,0.0,8.0,,0.0,0.0,,,,,,,,,,
autonomy,autonomy,prophecy_no_imagination,opaque_dependency_l8,tabular_online,evaluation_unseen_zero_shot,opaque,257,200,0.0,8.0,8.0,8.0,0.0,0.0,0.0,0.0,1.0,,0.0,0.0,0.0,0.0056491839991940655,8.0,0.0,8.0,,0.0,0.0,,,,,,,,,,
autonomy,autonomy,prophecy_no_imagination,opaque_dependency_l8,tabular_online,evaluation_unseen_zero_shot,opaque,307,200,0.0,8.0,8.0,8.0,0.0,0.0,0.0,0.0,1.0,,0.0,0.0,0.0,0.004756728999782353,8.0,0.0,8.0,,0.0,0.0,,,,,,,,,,
autonomy,autonomy,prophecy_no_imagination,opaque_dependency_l8,tabular_online,evaluation_unseen_zero_shot,opaque,353,200,0.0,8.0,8.0,8.0,0.0,0.0,0.0,0.0,1.0,,0.0,0.0,0.0,0.005467393500439357,8.0,0.0,8.0,,0.0,0.0,,,,,,,,,,
autonomy,autonomy,prophecy_no_imagination,opaque_dependency_l8,tabular_online,evaluation_unseen_zero_shot,opaque,401,200,0.0,8.0,8.0,8.0,0.0,0.0,0.0,0.0,1.0,,0.0,0.0,0.0,0.006137852499668952,8.0,0.0,8.0,,0.0,0.0,,,,,,,,,,
autonomy,autonomy,prophecy_no_imagination,opaque_dependency_l8,tabular_online,evaluation_unseen_zero_shot,opaque,457,200,0.0,8.0,8.0,8.0,0.0,0.0,0.0,0.0,1.0,,0.0,0.0,0.0,0.005392746999714291,8.0,0.0,8.0,,0.0,0.0,,,,,,,,,,
autonomy,autonomy,prophecy_no_imagination,opaque_dependency_l8,tabular_online,evaluation_unseen_zero_shot,opaque,503,200,0.0,8.0,8.0,8.0,0.0,0.0,0.0,0.0,1.0,,0.0,0.0,0.0,0.0047313394995580895,8.0,0.0,8.0,,0.0,0.0,,,,,,,,,,
autonomy,autonomy,prophecy_no_imagination,opaque_dependency_l8,tabular_online,evaluation_unseen_zero_shot,opaque,557,200,0.0,8.0,8.0,8.0,0.0,0.0,0.0,0.0,1.0,,0.0,0.0,0.0,0.005787829000910278,8.0,0.0,8.0,,0.0,0.0,,,,,,,,,,
autonomy,autonomy,prophecy_no_imagination,opaque_dependency_l8,tabular_online,evaluation_unseen_zero_shot,opaque,601,200,0.0,8.0,8.0,8.0,0.0,0.0,0.0,0.0,1.0,,0.0,0.0,0.0,0.005233195500914008,8.0,0.0,8.0,,0.0,0.0,,,,,,,,,,
autonomy,autonomy,prophecy_no_imagination,opaque_dependency_l8,tabular_online,evaluation_unseen_zero_shot,opaque,659,200,0.0,8.0,8.0,8.0,0.0,0.0,0.0,0.0,1.0,,0.0,0.0,0.0,0.004664704499737127,8.0,0.0,8.0,,0.0,0.0,,,,,,,,,,
autonomy,autonomy,prophecy_no_imagination,opaque_dependency_l8,tabular_online,evaluation_unseen_zero_shot,opaque,701,200,0.0,8.0,8.0,8.0,0.0,0.0,0.0,0.0,1.0,,0.0,0.0,0.0,0.005635753999522422,8.0,0.0,8.0,,0.0,0.0,,,,,,,,,,
autonomy,autonomy,prophecy_no_imagination,opaque_dependency_l8,tabular_online,evaluation_unseen_zero_shot,opaque,761,200,0.0,8.0,8.0,8.0,0.0,0.0,0.0,0.0,1.0,,0.0,0.0,0.0,0.00538886499896762,8.0,0.0,8.0,,0.0,0.0,,,,,,,,,,
autonomy,autonomy,prophecy_no_imagination,opaque_dependency_l8,tabular_online,evaluation_unseen_zero_shot,opaque,809,200,0.0,8.0,8.0,8.0,0.0,0.0,0.0,0.0,1.0,,0.0,0.0,0.0,0.005935841499449452,8.0,0.0,8.0,,0.0,0.0,,,,,,,,,,
autonomy,autonomy,prophecy_no_imagination,opaque_dependency_l8,tabular_online,evaluation_unseen_zero_shot,opaque,857,200,0.0,8.0,8.0,8.0,0.0,0.0,0.0,0.0,1.0,,0.0,0.0,0.0,0.006263775499974145,8.0,0.0,8.0,,0.0,0.0,,,,,,,,,,
autonomy,autonomy,prophecy_no_imagination,opaque_dependency_l8,tabular_online,evaluation_unseen_zero_shot,opaque,907,200,0.0,8.0,8.0,8.0,0.0,0.0,0.0,0.0,1.0,,0.0,0.0,0.0,0.005952920499403262,8.0,0.0,8.0,,0.0,0.0,,,,,,,,,,
autonomy,autonomy,prophecy_no_imagination,opaque_dependency_l8,tabular_online,evaluation_unseen_zero_shot,opaque,953,200,0.0,8.0,8.0,8.0,0.0,0.0,0.0,0.0,1.0,,0.0,0.0,0.0,0.006027330500801327,8.0,0.0,8.0,,0.0,0.0,,,,,,,,,,
autonomy,autonomy,prophecy_no_imagination,opaque_dependency_l8,tabular_online,training,opaque,1009,2000,0.0615,8.0,8.0,8.0,0.0615,0.0,0.0,0.9899375,0.12352726687638049,8.263221153846155e-06,0.0,0.0,0.0615,0.0021035086505144136,8.0,0.0,8.0,,0.0,0.0,0.061530765382691345,0.105,856,,,,,,,
autonomy,autonomy,prophecy_no_imagination,opaque_dependency_l8,tabular_online,training,opaque,1061,2000,0.153,8.0,8.0,8.0,0.153,0.0,0.0,0.9900625,0.12344821070559402,2.5000000000000023e-06,0.0,0.0,0.153,0.0018952004999591735,8.0,0.0,8.0,,0.0,0.0,0.15307653826913456,0.32,1504,,,,,,,
autonomy,autonomy,prophecy_no_imagination,opaque_dependency_l8,tabular_online,training,opaque,1103,2000,0.1385,8.0,8.0,8.0,0.1385,0.0,0.0,0.9899375,0.12353051535696341,3.90625e-06,0.0,0.0,0.1385,0.0020138283495616635,8.0,0.0,8.0,,0.0,0.0,0.13856928464232116,0.27,336,,,,,,,
autonomy,autonomy,prophecy_no_imagination,opaque_dependency_l8,tabular_online,training,opaque,1151,2000,0.197,8.0,8.0,8.0,0.197,0.0,0.0,0.989375,0.12340361730734002,1.953125e-06,0.0,0.0,0.197,0.002071873749635415,8.0,0.0,8.0,,0.0,0.0,0.19709854927463732,0.335,2160,,,,,,,
autonomy,autonomy,prophecy_no_imagination,opaque_dependency_l8,tabular_online,training,opaque,1201,2000,0.1955,8.0,8.0,8.0,0.1955,0.0,0.0,0.9899375,0.12349098184424272,5.859375e-06,0.0,0.0,0.1955,0.002107834199850913,8.0,0.0,8.0,,0.0,0.0,0.19534767383691845,0.315,3728,,,,,,,
autonomy,autonomy,prophecy_no_imagination,opaque_dependency_l8,tabular_online,training,opaque,1259,2000,0.0585,8.0,8.0,8.0,0.0585,0.0,0.0,0.99025,0.1236417077646107,1.953125e-06,0.0,0.0,0.0585,0.002060497399594169,8.0,0.0,8.0,,0.0,0.0,0.058529264632316155,0.095,152,,,,,,,
autonomy,autonomy,prophecy_no_imagination,opaque_dependency_l8,tabular_online,training,opaque,1301,2000,0.1885,8.0,8.0,8.0,0.1885,0.0,0.0,0.9899375,0.12350914222662021,3.90625e-06,0.0,0.0,0.1885,0.002023610700358404,8.0,0.0,8.0,,0.0,0.0,0.18859429714857429,0.295,1952,,,,,,,
autonomy,autonomy,prophecy_no_imagination,opaque_dependency_l8,tabular_online,training,opaque,131,2000,0.053,8.0,8.0,8.0,0.053,0.0,0.0,0.9895625,0.12347443579700106,1.3671875e-05,0.0,0.0,0.053,0.0020486031493928748,8.0,0.0,8.0,,0.0,0.0,0.05302651325662831,0.1,808,,,,,,,
autonomy,autonomy,prophecy_no_imagination,opaque_dependency_l8,tabular_online,training,opaque,1361,2000,0.129,8.0,8.0,8.0,0.129,0.0,0.0,0.99,0.12372734901534155,1.9903273809523807e-05,0.0,0.0,0.129,0.002056646150565939,8.0,0.0,8.0,,0.0,0.0,0.12906453226613307,0.185,496,,,,,,,
autonomy,autonomy,prophecy_no_imagination,opaque_dependency_l8,tabular_online,training,opaque,1423,2000,0.185,8.0,8.0,8.0,0.185,0.0,0.0,0.99025,0.12358409546579226,8.576766304347828e-06,0.0,0.0,0.185,0.00205910230021982,8.0,0.0,8.0,,0.0,0.0,0.18509254627313657,0.315,856,,,,,,,
autonomy,autonomy,prophecy_no_imagination,opaque_dependency_l8,tabular_online,training,opaque,1481,2000,0.125,8.0,8.0,8.0,0.125,0.0,0.0,0.989625,0.12351183749070978,7.031249999999999e-06,0.0,0.0,0.125,0.0019719103000243195,8.0,0.0,8.0,,0.0,0.0,0.12506253126563283,0.205,1192,,,,,,,
autonomy,autonomy,prophecy_no_imagination,opaque_dependency_l8,tabular_online,training,opaque,1543,2000,0.2375,8.0,8.0,8.0,0.2375,0.0,0.0,0.9905,0.12357719265737827,8.072916666666665e-06,0.0,0.0,0.2375,0.0020836728496942667,8.0,0.0,8.0,,0.0,0.0,0.23761880940470234,0.41,272,,,,,,,
autonomy,autonomy,prophecy_no_imagination,opaque_dependency_l8,tabular_online,training,opaque,1601,2000,0.2035,8.0,8.0,8.0,0.2035,0.0,0.0,0.9893125,0.12324525766160213,5.0781250000000015e-06,0.0,0.0,0.2035,0.0018375330496783135,8.0,0.0,8.0,,0.0,0.0,0.2036018009004502,0.44,592,,,,,,,
autonomy,autonomy,prophecy_no_imagination,opaque_dependency_l8,tabular_online,training,opaque,173,2000,0.306,8.0,8.0,8.0,0.306,0.0,0.0,0.99,0.12362287797839897,1.953125e-06,0.0,0.0,0.306,0.0019319649003591622,8.0,0.0,8.0,,0.0,0.0,0.30590295147573787,0.565,64,,,,,,,
autonomy,autonomy,prophecy_no_imagination,opaque_dependency_l8,tabular_online,training,opaque,211,2000,0.1345,8.0,8.0,8.0,0.1345,0.0,0.0,0.989625,0.12338672861950072,3.90625e-06,0.0,0.0,0.1345,0.0019641521500452655,8.0,0.0,8.0,,0.0,0.0,0.13431715857928964,0.22,736,,,,,,,
autonomy,autonomy,prophecy_no_imagination,opaque_dependency_l8,tabular_online,training,opaque,257,2000,0.182,8.0,8.0,8.0,0.182,0.0,0.0,0.989875,0.12367240867082618,3.6764705882352934e-06,0.0,0.0,0.182,0.0020326773998240242,8.0,0.0,8.0,,0.0,0.0,0.18184092046023012,0.295,1048,,,,,,,
autonomy,autonomy,prophecy_no_imagination,opaque_dependency_l8,tabular_online,training,opaque,307,2000,0.251,8.0,8.0,8.0,0.251,0.0,0.0,0.9895625,0.12343437188251326,1.953125e-06,0.0,0.0,0.251,0.0019045964498945979,8.0,0.0,8.0,,0.0,0.0,0.25087543771885945,0.415,1640,,,,,,,
autonomy,autonomy,prophecy_no_imagination,opaque_dependency_l8,tabular_online,training,opaque,353,2000,0.149,8.0,8.0,8.0,0.149,0.0,0.0,0.990125,0.12337693227677143,0.0,0.0,0.0,0.149,0.0018720798494759948,8.0,0.0,8.0,,0.0,0.0,0.14907453726863432,0.345,1672,,,,,,,
autonomy,autonomy,prophecy_no_imagination,opaque_dependency_l8,tabular_online,training,opaque,401,2000,0.253,8.0,8.0,8.0,0.253,0.0,0.0,0.99025,0.12365582539490845,1.1545138888888887e-05,0.0,0.0,0.253,0.0019303661501035095,8.0,0.0,8.0,,0.0,0.0,0.2531265632816408,0.415,504,,,,,,,
autonomy,autonomy,prophecy_no_imagination,opaque_dependency_l8,tabular_online,training,opaque,457,2000,0.1145,8.0,8.0,8.0,0.1145,0.0,0.0,0.99,0.12363358548280423,5.859375e-06,0.0,0.0,0.1145,0.002075477399834199,8.0,0.0,8.0,,0.0,0.0,0.11455727863931967,0.19,1376,,,,,,,
autonomy,autonomy,prophecy_no_imagination,opaque_dependency_l8,tabular_online,training,opaque,503,2000,0.3135,8.0,8.0,8.0,0.3135,0.0,0.0,0.990375,0.12361139861874237,7.8125e-06,0.0,0.0,0.3135,0.002086868150247028,8.0,0.0,8.0,,0.0,0.0,0.3136568284142071,0.535,88,,,,,,,
autonomy,autonomy,prophecy_no_imagination,opaque_dependency_l8,tabular_online,training,opaque,557,2000,0.1195,8.0,8.0,8.0,0.1195,0.0,0.0,0.9896875,0.12342362760955831,2.232142857142856e-06,0.0,0.0,0.1195,0.0018361945497163106,8.0,0.0,8.0,,0.0,0.0,0.11955977988994497,0.19,1368,,,,,,,
autonomy,autonomy,prophecy_no_imagination,opaque_dependency_l8,tabular_online,training,opaque,601,2000,0.1155,8.0,8.0,8.0,0.1155,0.0,0.0,0.989625,0.12356480347437887,6.1383928571428565e-06,0.0,0.0,0.1155,0.0020766885504999665,8.0,0.0,8.0,,0.0,0.0,0.11555777888944473,0.195,3680,,,,,,,
autonomy,autonomy,prophecy_no_imagination,opaque_dependency_l8,tabular_online,training,opaque,659,2000,0.2865,8.0,8.0,8.0,0.2865,0.0,0.0,0.9908125,0.1238802951365142,8.304398148148144e-06,0.0,0.0,0.2865,0.0020513196998799684,8.0,0.0,8.0,,0.0,0.0,0.2866433216608304,0.505,408,,,,,,,
autonomy,autonomy,prophecy_no_imagination,opaque_dependency_l8,tabular_online,training,opaque,701,2000,0.1285,8.0,8.0,8.0,0.1285,0.0,0.0,0.98975,0.12348104653010637,1.58270474137931e-05,0.0,0.0,0.1285,0.0019934613004006676,8.0,0.0,8.0,,0.0,0.0,0.12856428214107055,0.2,1248,,,,,,,
autonomy,autonomy,prophecy_no_imagination,opaque_dependency_l8,tabular_online,training,opaque,761,2000,0.1215,8.0,8.0,8.0,0.1215,0.0,0.0,0.9905,0.12361934354385037,9.35132575757576e-06,0.0,0.0,0.1215,0.002013808649862767,8.0,0.0,8.0,,0.0,0.0,0.12131065532766383,0.21,872,,,,,,,
autonomy,autonomy,prophecy_no_imagination,opaque_dependency_l8,tabular_online,training,opaque,809,2000,0.063,8.0,8.0,8.0,0.063,0.0,0.0,0.99,0.12340835453238459,9.765625e-06,0.0,0.0,0.063,0.002051161499839509,8.0,0.0,8.0,,0.0,0.0,0.06303151575787894,0.095,1624,,,,,,,
autonomy,autonomy,prophecy_no_imagination,opaque_dependency_l8,tabular_online,training,opaque,857,2000,0.1875,8.0,8.0,8.0,0.1875,0.0,0.0,0.9904375,0.12353829503130069,9.114583333333332e-06,0.0,0.0,0.1875,0.0022281808502593774,8.0,0.0,8.0,,0.0,0.0,0.1875937968984492,0.32,1528,,,,,,,
autonomy,autonomy,prophecy_no_imagination,opaque_dependency_l8,tabular_online,training,opaque,907,2000,0.0635,8.0,8.0,8.0,0.0635,0.0,0.0,0.9898125,0.12348233873104436,1.953125e-06,0.0,0.0,0.0635,0.00204727489958168,8.0,0.0,8.0,,0.0,0.0,0.06353176588294147,0.1,2032,,,,,,,
autonomy,autonomy,prophecy_no_imagination,opaque_dependency_l8,tabular_online,training,opaque,953,2000,0.0685,8.0,8.0,8.0,0.0685,0.0,0.0,0.9901875,0.12342881150567489,4.794034090909088e-06,0.0,0.0,0.0685,0.0021045202500245067,8.0,0.0,8.0,,0.0,0.0,0.06828414207103552,0.12,3456,,,,,,,
autonomy,autonomy,q_learning,opaque_dependency_l4,tabular_q_learning,evaluation_seen,opaque,1009,200,0.0,4.0,4.0,4.0,0.0,0.0,0.0,,,,0.0,0.0,0.0,0.00013866850043996236,4.0,0.0,4.0,,0.0,0.0,,,,,,,,,,
autonomy,autonomy,q_learning,opaque_dependency_l4,tabular_q_learning,evaluation_seen,opaque,1061,200,0.0,4.0,4.0,4.0,0.0,0.0,0.0,,,,0.0,0.0,0.0,0.00011018350021913648,4.0,0.0,4.0,,0.0,0.0,,,,,,,,,,
autonomy,autonomy,q_learning,opaque_dependency_l4,tabular_q_learning,evaluation_seen,opaque,1103,200,0.0,4.0,4.0,4.0,0.0,0.0,0.0,,,,0.0,0.0,0.0,7.811200033756904e-05,4.0,0.0,4.0,,0.0,0.0,,,,,,,,,,
autonomy,autonomy,q_learning,opaque_dependency_l4,tabular_q_learning,evaluation_seen,opaque,1151,200,0.0,4.0,4.0,4.0,0.0,0.0,0.0,,,,0.0,0.0,0.0,0.00011758049993659369,4.0,0.0,4.0,,0.0,0.0,,,,,,,,,,
autonomy,autonomy,q_learning,opaque_dependency_l4,tabular_q_learning,evaluation_seen,opaque,1201,200,0.0,4.0,4.0,4.0,0.0,0.0,0.0,,,,0.0,0.0,0.0,0.00010554449982009828,4.0,0.0,4.0,,0.0,0.0,,,,,,,,,,
autonomy,autonomy,q_learning,opaque_dependency_l4,tabular_q_learning,evaluation_seen,opaque,1259,200,0.0,4.0,4.0,4.0,0.0,0.0,0.0,,,,0.0,0.0,0.0,8.503699995344504e-05,4.0,0.0,4.0,,0.0,0.0,,,,,,,,,,
autonomy,autonomy,q_learning,opaque_dependency_l4,tabular_q_learning,evaluation_seen,opaque,1301,200,0.0,4.0,4.0,4.0,0.0,0.0,0.0,,,,0.0,0.0,0.0,0.00010912600089795887,4.0,0.0,4.0,,0.0,0.0,,,,,,,,,,
autonomy,autonomy,q_learning,opaque_dependency_l4,tabular_q_learning,evaluation_seen,opaque,131,200,0.0,4.0,4.0,4.0,0.0,0.0,0.0,,,,0.0,0.0,0.0,0.00010915899954852648,4.0,0.0,4.0,,0.0,0.0,,,,,,,,,,
autonomy,autonomy,q_learning,opaque_dependency_l4,tabular_q_learning,evaluation_seen,opaque,1361,200,0.0,4.0,4.0,4.0,0.0,0.0,0.0,,,,0.0,0.0,0.0,0.000122471501090331,4.0,0.0,4.0,,0.0,0.0,,,,,,,,,,
autonomy,autonomy,q_learning,opaque_dependency_l4,tabular_q_learning,evaluation_seen,opaque,1423,200,0.0,4.0,4.0,4.0,0.0,0.0,0.0,,,,0.0,0.0,0.0,0.0001065714999276679,4.0,0.0,4.0,,0.0,0.0,,,,,,,,,,
autonomy,autonomy,q_learning,opaque_dependency_l4,tabular_q_learning,evaluation_seen,opaque,1481,200,0.0,4.0,4.0,4.0,0.0,0.0,0.0,,,,0.0,0.0,0.0,9.105100049055182e-05,4.0,0.0,4.0,,0.0,0.0,,,,,,,,,,
autonomy,autonomy,q_learning,opaque_dependency_l4,tabular_q_learning,evaluation_seen,opaque,1543,200,0.0,4.0,4.0,4.0,0.0,0.0,0.0,,,,0.0,0.0,0.0,0.00014624650139012375,4.0,0.0,4.0,,0.0,0.0,,,,,,,,,,
autonomy,autonomy,q_learning,opaque_dependency_l4,tabular_q_learning,evaluation_seen,opaque,1601,200,0.0,4.0,4.0,4.0,0.0,0.0,0.0,,,,0.0,0.0,0.0,0.00010033099955762737,4.0,0.0,4.0,,0.0,0.0,,,,,,,,,,
autonomy,autonomy,q_learning,opaque_dependency_l4,tabular_q_learning,evaluation_seen,opaque,173,200,0.0,4.0,4.0,4.0,0.0,0.0,0.0,,,,0.0,0.0,0.0,8.929600051487796e-05,4.0,0.0,4.0,,0.0,0.0,,,,,,,,,,
autonomy,autonomy,q_learning,opaque_dependency_l4,tabular_q_learning,evaluation_seen,opaque,211,200,0.0,4.0,4.0,4.0,0.0,0.0,0.0,,,,0.0,0.0,0.0,0.00011070050080888905,4.0,0.0,4.0,,0.0,0.0,,,,,,,,,,
autonomy,autonomy,q_learning,opaque_dependency_l4,tabular_q_learning,evaluation_seen,opaque,257,200,0.0,4.0,4.0,4.0,0.0,0.0,0.0,,,,0.0,0.0,0.0,0.00010877050066483207,4.0,0.0,4.0,,0.0,0.0,,,,,,,,,,
autonomy,autonomy,q_learning,opaque_dependency_l4,tabular_q_learning,evaluation_seen,opaque,307,200,0.0,4.0,4.0,4.0,0.0,0.0,0.0,,,,0.0,0.0,0.0,0.00011650550164631568,4.0,0.0,4.0,,0.0,0.0,,,,,,,,,,
autonomy,autonomy,q_learning,opaque_dependency_l4,tabular_q_learning,evaluation_seen,opaque,353,200,0.0,4.0,4.0,4.0,0.0,0.0,0.0,,,,0.0,0.0,0.0,0.00011425800068536773,4.0,0.0,4.0,,0.0,0.0,,,,,,,,,,
autonomy,autonomy,q_learning,opaque_dependency_l4,tabular_q_learning,evaluation_seen,opaque,401,200,0.0,4.0,4.0,4.0,0.0,0.0,0.0,,,,0.0,0.0,0.0,0.00010461649973876774,4.0,0.0,4.0,,0.0,0.0,,,,,,,,,,
autonomy,autonomy,q_learning,opaque_dependency_l4,tabular_q_learning,evaluation_seen,opaque,457,200,0.0,4.0,4.0,4.0,0.0,0.0,0.0,,,,0.0,0.0,0.0,9.699550078948959e-05,4.0,0.0,4.0,,0.0,0.0,,,,,,,,,,
autonomy,autonomy,q_learning,opaque_dependency_l4,tabular_q_learning,evaluation_seen,opaque,503,200,0.0,4.0,4.0,4.0,0.0,0.0,0.0,,,,0.0,0.0,0.0,0.00010463599974173122,4.0,0.0,4.0,,0.0,0.0,,,,,,,,,,
autonomy,autonomy,q_learning,opaque_dependency_l4,tabular_q_learning,evaluation_seen,opaque,557,200,0.0,4.0,4.0,4.0,0.0,0.0,0.0,,,,0.0,0.0,0.0,9.425200158148073e-05,4.0,0.0,4.0,,0.0,0.0,,,,,,,,,,
autonomy,autonomy,q_learning,opaque_dependency_l4,tabular_q_learning,evaluation_seen,opaque,601,200,0.0,4.0,4.0,4.0,0.0,0.0,0.0,,,,0.0,0.0,0.0,0.00010863949937629513,4.0,0.0,4.0,,0.0,0.0,,,,,,,,,,
autonomy,autonomy,q_learning,opaque_dependency_l4,tabular_q_learning,evaluation_seen,opaque,659,200,0.0,4.0,4.0,4.0,0.0,0.0,0.0,,,,0.0,0.0,0.0,0.00012026049953419715,4.0,0.0,4.0,,0.0,0.0,,,,,,,,,,
autonomy,autonomy,q_learning,opaque_dependency_l4,tabular_q_learning,evaluation_seen,opaque,701,200,0.0,4.0,4.0,4.0,0.0,0.0,0.0,,,,0.0,0.0,0.0,0.00010626000061165541,4.0,0.0,4.0,,0.0,0.0,,,,,,,,,,
autonomy,autonomy,q_learning,opaque_dependency_l4,tabular_q_learning,evaluation_seen,opaque,761,200,0.0,4.0,4.0,4.0,0.0,0.0,0.0,,,,0.0,0.0,0.0,0.00010464599952683784,4.0,0.0,4.0,,0.0,0.0,,,,,,,,,,
autonomy,autonomy,q_learning,opaque_dependency_l4,tabular_q_learning,evaluation_seen,opaque,809,200,0.0,4.0,4.0,4.0,0.0,0.0,0.0,,,,0.0,0.0,0.0,0.00010739549907157198,4.0,0.0,4.0,,0.0,0.0,,,,,,,,,,
autonomy,autonomy,q_learning,opaque_dependency_l4,tabular_q_learning,evaluation_seen,opaque,857,200,0.0,4.0,4.0,4.0,0.0,0.0,0.0,,,,0.0,0.0,0.0,0.0001490445007220842,4.0,0.0,4.0,,0.0,0.0,,,,,,,,,,
autonomy,autonomy,q_learning,opaque_dependency_l4,tabular_q_learning,evaluation_seen,opaque,907,200,0.0,4.0,4.0,4.0,0.0,0.0,0.0,,,,0.0,0.0,0.0,9.15285004884936e-05,4.0,0.0,4.0,,0.0,0.0,,,,,,,,,,
autonomy,autonomy,q_learning,opaque_dependency_l4,tabular_q_learning,evaluation_seen,opaque,953,200,0.0,4.0,4.0,4.0,0.0,0.0,0.0,,,,0.0,0.0,0.0,9.469599754083902e-05,4.0,0.0,4.0,,0.0,0.0,,,,,,,,,,
autonomy,autonomy,q_learning,opaque_dependency_l4,tabular_q_learning,evaluation_unseen_zero_shot,opaque,1009,200,0.0,4.0,4.0,4.0,0.0,0.0,0.0,,,,0.0,0.0,0.0,0.00010809649946168065,4.0,0.0,4.0,,0.0,0.0,,,,,,,,,,
autonomy,autonomy,q_learning,opaque_dependency_l4,tabular_q_learning,evaluation_unseen_zero_shot,opaque,1061,200,0.0,4.0,4.0,4.0,0.0,0.0,0.0,,,,0.0,0.0,0.0,0.00010557149915257468,4.0,0.0,4.0,,0.0,0.0,,,,,,,,,,
autonomy,autonomy,q_learning,opaque_dependency_l4,tabular_q_learning,evaluation_unseen_zero_shot,opaque,1103,200,0.0,4.0,4.0,4.0,0.0,0.0,0.0,,,,0.0,0.0,0.0,0.00010071400160086342,4.0,0.0,4.0,,0.0,0.0,,,,,,,,,,
autonomy,autonomy,q_learning,opaque_dependency_l4,tabular_q_learning,evaluation_unseen_zero_shot,opaque,1151,200,0.0,4.0,4.0,4.0,0.0,0.0,0.0,,,,0.0,0.0,0.0,0.00010669099981896579,4.0,0.0,4.0,,0.0,0.0,,,,,,,,,,
autonomy,autonomy,q_learning,opaque_dependency_l4,tabular_q_learning,evaluation_unseen_zero_shot,opaque,1201,200,0.0,4.0,4.0,4.0,0.0,0.0,0.0,,,,0.0,0.0,0.0,0.00010506499995244667,4.0,0.0,4.0,,0.0,0.0,,,,,,,,,,
autonomy,autonomy,q_learning,opaque_dependency_l4,tabular_q_learning,evaluation_unseen_zero_shot,opaque,1259,200,0.0,4.0,4.0,4.0,0.0,0.0,0.0,,,,0.0,0.0,0.0,0.00010020399975473992,4.0,0.0,4.0,,0.0,0.0,,,,,,,,,,
autonomy,autonomy,q_learning,opaque_dependency_l4,tabular_q_learning,evaluation_unseen_zero_shot,opaque,1301,200,0.0,4.0,4.0,4.0,0.0,0.0,0.0,,,,0.0,0.0,0.0,0.00011679200135404244,4.0,0.0,4.0,,0.0,0.0,,,,,,,,,,
autonomy,autonomy,q_learning,opaque_dependency_l4,tabular_q_learning,evaluation_unseen_zero_shot,opaque,131,200,0.0,4.0,4.0,4.0,0.0,0.0,0.0,,,,0.0,0.0,0.0,0.00012772500209393912,4.0,0.0,4.0,,0.0,0.0,,,,,,,,,,
autonomy,autonomy,q_learning,opaque_dependency_l4,tabular_q_learning,evaluation_unseen_zero_shot,opaque,1361,200,0.0,4.0,4.0,4.0,0.0,0.0,0.0,,,,0.0,0.0,0.0,0.00011639150034170598,4.0,0.0,4.0,,0.0,0.0,,,,,,,,,,
autonomy,autonomy,q_learning,opaque_dependency_l4,tabular_q_learning,evaluation_unseen_zero_shot,opaque,1423,200,0.0,4.0,4.0,4.0,0.0,0.0,0.0,,,,0.0,0.0,0.0,0.00013185249990783633,4.0,0.0,4.0,,0.0,0.0,,,,,,,,,,
autonomy,autonomy,q_learning,opaque_dependency_l4,tabular_q_learning,evaluation_unseen_zero_shot,opaque,1481,200,0.0,4.0,4.0,4.0,0.0,0.0,0.0,,,,0.0,0.0,0.0,9.184100010315887e-05,4.0,0.0,4.0,,0.0,0.0,,,,,,,,,,
autonomy,autonomy,q_learning,opaque_dependency_l4,tabular_q_learning,evaluation_unseen_zero_shot,opaque,1543,200,0.0,4.0,4.0,4.0,0.0,0.0,0.0,,,,0.0,0.0,0.0,0.00012797900068107994,4.0,0.0,4.0,,0.0,0.0,,,,,,,,,,
autonomy,autonomy,q_learning,opaque_dependency_l4,tabular_q_learning,evaluation_unseen_zero_shot,opaque,1601,200,0.0,4.0,4.0,4.0,0.0,0.0,0.0,,,,0.0,0.0,0.0,8.278849985799752e-05,4.0,0.0,4.0,,0.0,0.0,,,,,,,,,,
autonomy,autonomy,q_learning,opaque_dependency_l4,tabular_q_learning,evaluation_unseen_zero_shot,opaque,173,200,0.0,4.0,4.0,4.0,0.0,0.0,0.0,,,,0.0,0.0,0.0,0.0001449394994415343,4.0,0.0,4.0,,0.0,0.0,,,,,,,,,,
autonomy,autonomy,q_learning,opaque_dependency_l4,tabular_q_learning,evaluation_unseen_zero_shot,opaque,211,200,0.0,4.0,4.0,4.0,0.0,0.0,0.0,,,,0.0,0.0,0.0,0.00011113499916973524,4.0,0.0,4.0,,0.0,0.0,,,,,,,,,,
autonomy,autonomy,q_learning,opaque_dependency_l4,tabular_q_learning,evaluation_unseen_zero_shot,opaque,257,200,0.0,4.0,4.0,4.0,0.0,0.0,0.0,,,,0.0,0.0,0.0,0.0001114944985602051,4.0,0.0,4.0,,0.0,0.0,,,,,,,,,,
autonomy,autonomy,q_learning,opaque_dependency_l4,tabular_q_learning,evaluation_unseen_zero_shot,opaque,307,200,0.0,4.0,4.0,4.0,0.0,0.0,0.0,,,,0.0,0.0,0.0,0.00010605549978208728,4.0,0.0,4.0,,0.0,0.0,,,,,,,,,,
autonomy,autonomy,q_learning,opaque_dependency_l4,tabular_q_learning,evaluation_unseen_zero_shot,opaque,353,200,0.0,4.0,4.0,4.0,0.0,0.0,0.0,,,,0.0,0.0,0.0,8.565149997593835e-05,4.0,0.0,4.0,,0.0,0.0,,,,,,,,,,
autonomy,autonomy,q_learning,opaque_dependency_l4,tabular_q_learning,evaluation_unseen_zero_shot,opaque,401,200,0.0,4.0,4.0,4.0,0.0,0.0,0.0,,,,0.0,0.0,0.0,0.00011773549893405288,4.0,0.0,4.0,,0.0,0.0,,,,,,,,,,
autonomy,autonomy,q_learning,opaque_dependency_l4,tabular_q_learning,evaluation_unseen_zero_shot,opaque,457,200,0.0,4.0,4.0,4.0,0.0,0.0,0.0,,,,0.0,0.0,0.0,9.092650099773892e-05,4.0,0.0,4.0,,0.0,0.0,,,,,,,,,,
autonomy,autonomy,q_learning,opaque_dependency_l4,tabular_q_learning,evaluation_unseen_zero_shot,opaque,503,200,0.0,4.0,4.0,4.0,0.0,0.0,0.0,,,,0.0,0.0,0.0,8.538300055079162e-05,4.0,0.0,4.0,,0.0,0.0,,,,,,,,,,
autonomy,autonomy,q_learning,opaque_dependency_l4,tabular_q_learning,evaluation_unseen_zero_shot,opaque,557,200,0.0,4.0,4.0,4.0,0.0,0.0,0.0,,,,0.0,0.0,0.0,0.00010001350005040876,4.0,0.0,4.0,,0.0,0.0,,,,,,,,,,
autonomy,autonomy,q_learning,opaque_dependency_l4,tabular_q_learning,evaluation_unseen_zero_shot,opaque,601,200,0.0,4.0,4.0,4.0,0.0,0.0,0.0,,,,0.0,0.0,0.0,0.0001493345019116532,4.0,0.0,4.0,,0.0,0.0,,,,,,,,,,
autonomy,autonomy,q_learning,opaque_dependency_l4,tabular_q_learning,evaluation_unseen_zero_shot,opaque,659,200,0.0,4.0,4.0,4.0,0.0,0.0,0.0,,,,0.0,0.0,0.0,9.326799947302789e-05,4.0,0.0,4.0,,0.0,0.0,,,,,,,,,,
autonomy,autonomy,q_learning,opaque_dependency_l4,tabular_q_learning,evaluation_unseen_zero_shot,opaque,701,200,0.0,4.0,4.0,4.0,0.0,0.0,0.0,,,,0.0,0.0,0.0,0.00010513849963899701,4.0,0.0,4.0,,0.0,0.0,,,,,,,,,,
autonomy,autonomy,q_learning,opaque_dependency_l4,tabular_q_learning,evaluation_unseen_zero_shot,opaque,761,200,0.0,4.0,4.0,4.0,0.0,0.0,0.0,,,,0.0,0.0,0.0,0.00011836649951874279,4.0,0.0,4.0,,0.0,0.0,,,,,,,,,,
autonomy,autonomy,q_learning,opaque_dependency_l4,tabular_q_learning,evaluation_unseen_zero_shot,opaque,809,200,0.0,4.0,4.0,4.0,0.0,0.0,0.0,,,,0.0,0.0,0.0,0.00011890549954841845,4.0,0.0,4.0,,0.0,0.0,,,,,,,,,,
autonomy,autonomy,q_learning,opaque_dependency_l4,tabular_q_learning,evaluation_unseen_zero_shot,opaque,857,200,0.0,4.0,4.0,4.0,0.0,0.0,0.0,,,,0.0,0.0,0.0,8.136649979860522e-05,4.0,0.0,4.0,,0.0,0.0,,,,,,,,,,
autonomy,autonomy,q_learning,opaque_dependency_l4,tabular_q_learning,evaluation_unseen_zero_shot,opaque,907,200,0.0,4.0,4.0,4.0,0.0,0.0,0.0,,,,0.0,0.0,0.0,0.00012489150074543432,4.0,0.0,4.0,,0.0,0.0,,,,,,,,,,
autonomy,autonomy,q_learning,opaque_dependency_l4,tabular_q_learning,evaluation_unseen_zero_shot,opaque,953,200,0.0,4.0,4.0,4.0,0.0,0.0,0.0,,,,0.0,0.0,0.0,8.950849965913221e-05,4.0,0.0,4.0,,0.0,0.0,,,,,,,,,,
autonomy,autonomy,q_learning,opaque_dependency_l4,tabular_q_learning,training,opaque,1009,2000,0.0955,4.0,4.0,4.0,0.0955,0.0,0.0,0.0,0.0,0.0,0.0,0.0,0.0955,0.00017118595022475348,4.0,0.0,4.0,,0.0,0.0,0.09554777388694347,0.135,40,,,,,,,
autonomy,autonomy,q_learning,opaque_dependency_l4,tabular_q_learning,training,opaque,1061,2000,0.2195,4.0,4.0,4.0,0.2195,0.0,0.0,0.0,0.0,0.0,0.0,0.0,0.2195,0.00014787515030184294,4.0,0.0,4.0,,0.0,0.0,0.21935967983991997,0.23,24,,,,,,,
autonomy,autonomy,q_learning,opaque_dependency_l4,tabular_q_learning,training,opaque,1103,2000,0.1375,4.0,4.0,4.0,0.1375,0.0,0.0,0.0,0.0,0.0,0.0,0.0,0.1375,0.0001283432496711612,4.0,0.0,4.0,,0.0,0.0,0.13731865932966483,0.345,88,,,,,,,
autonomy,autonomy,q_learning,opaque_dependency_l4,tabular_q_learning,training,opaque,1151,2000,0.1415,4.0,4.0,4.0,0.1415,0.0,0.0,0.0,0.0,0.0,0.0,0.0,0.1415,0.00016126095010258722,4.0,0.0,4.0,,0.0,0.0,0.14157078539269635,0.25,224,,,,,,,
autonomy,autonomy,q_learning,opaque_dependency_l4,tabular_q_learning,training,opaque,1201,2000,0.032,4.0,4.0,4.0,0.032,0.0,0.0,0.0,0.0,0.0,0.0,0.0,0.032,0.00014531194997834972,4.0,0.0,4.0,,0.0,0.0,0.032016008004002,0.0,80,,,,,,,
autonomy,autonomy,q_learning,opaque_dependency_l4,tabular_q_learning,training,opaque,1259,2000,0.1,4.0,4.0,4.0,0.1,0.0,0.0,0.0,0.0,0.0,0.0,0.0,0.1,0.000141637550201267,4.0,0.0,4.0,,0.0,0.0,0.09979989994997499,0.145,108,,,,,,,
autonomy,autonomy,q_learning,opaque_dependency_l4,tabular_q_learning,training,opaque,1301,2000,0.094,4.0,4.0,4.0,0.094,0.0,0.0,0.0,0.0,0.0,0.0,0.0,0.094,0.00014602509995165748,4.0,0.0,4.0,,0.0,0.0,0.09404702351175588,0.14,336,,,,,,,
autonomy,autonomy,q_learning,opaque_dependency_l4,tabular_q_learning,training,opaque,131,2000,0.1835,4.0,4.0,4.0,0.1835,0.0,0.0,0.0,0.0,0.0,0.0,0.0,0.1835,0.0001491790503496304,4.0,0.0,4.0,,0.0,0.0,0.18359179589794897,0.25,152,,,,,,,
autonomy,autonomy,q_learning,opaque_dependency_l4,tabular_q_learning,training,opaque,1361,2000,0.1845,4.0,4.0,4.0,0.1845,0.0,0.0,0.0,0.0,0.0,0.0,0.0,0.1845,0.0001504779497772688,4.0,0.0,4.0,,0.0,0.0,0.18459229614807404,0.26,20,,,,,,,
autonomy,autonomy,q_learning,opaque_dependency_l4,tabular_q_learning,training,opaque,1423,2000,0.089,4.0,4.0,4.0,0.089,0.0,0.0,0.0,0.0,0.0,0.0,0.0,0.089,0.00016159465030068533,4.0,0.0,4.0,,0.0,0.0,0.08904452226113056,0.125,32,,,,,,,
autonomy,autonomy,q_learning,opaque_dependency_l4,tabular_q_learning,training,opaque,1481,2000,0.06,4.0,4.0,4.0,0.06,0.0,0.0,0.0,0.0,0.0,0.0,0.0,0.06,0.00012183005007682369,4.0,0.0,4.0,,0.0,0.0,0.060030015007503754,0.06,36,,,,,,,
autonomy,autonomy,q_learning,opaque_dependency_l4,tabular_q_learning,training,opaque,1543,2000,0.0435,4.0,4.0,4.0,0.0435,0.0,0.0,0.0,0.0,0.0,0.0,0.0,0.0435,0.00015218844993796665,4.0,0.0,4.0,,0.0,0.0,0.04352176088044022,0.015,32,,,,,,,
autonomy,autonomy,q_learning,opaque_dependency_l4,tabular_q_learning,training,opaque,1601,2000,0.083,4.0,4.0,4.0,0.083,0.0,0.0,0.0,0.0,0.0,0.0,0.0,0.083,0.0001766300998569932,4.0,0.0,4.0,,0.0,0.0,0.0830415207603802,0.14,164,,,,,,,
autonomy,autonomy,q_learning,opaque_dependency_l4,tabular_q_learning,training,opaque,173,2000,0.2235,4.0,4.0,4.0,0.2235,0.0,0.0,0.0,0.0,0.0,0.0,0.0,0.2235,0.0001214766500488622,4.0,0.0,4.0,,0.0,0.0,0.2233616808404202,0.445,16,,,,,,,
autonomy,autonomy,q_learning,opaque_dependency_l4,tabular_q_learning,training,opaque,211,2000,0.177,4.0,4.0,4.0,0.177,0.0,0.0,0.0,0.0,0.0,0.0,0.0,0.177,0.00013415239968162497,4.0,0.0,4.0,,0.0,0.0,0.17708854427213608,0.27,44,,,,,,,
autonomy,autonomy,q_learning,opaque_dependency_l4,tabular_q_learning,training,opaque,257,2000,0.127,4.0,4.0,4.0,0.127,0.0,0.0,0.0,0.0,0.0,0.0,0.0,0.127,0.00015143419988453388,4.0,0.0,4.0,,0.0,0.0,0.12706353176588295,0.255,24,,,,,,,
autonomy,autonomy,q_learning,opaque_dependency_l4,tabular_q_learning,training,opaque,307,2000,0.2325,4.0,4.0,4.0,0.2325,0.0,0.0,0.0,0.0,0.0,0.0,0.0,0.2325,0.00016296655026962981,4.0,0.0,4.0,,0.0,0.0,0.23261630815407705,0.37,220,,,,,,,
autonomy,autonomy,q_learning,opaque_dependency_l4,tabular_q_learning,training,opaque,353,2000,0.0955,4.0,4.0,4.0,0.0955,0.0,0.0,0.0,0.0,0.0,0.0,0.0,0.0955,0.00012635934990248642,4.0,0.0,4.0,,0.0,0.0,0.09554777388694347,0.125,128,,,,,,,
autonomy,autonomy,q_learning,opaque_dependency_l4,tabular_q_learning,training,opaque,401,2000,0.11,4.0,4.0,4.0,0.11,0.0,0.0,0.0,0.0,0.0,0.0,0.0,0.11,0.00015370725018146913,4.0,0.0,4.0,,0.0,0.0,0.11005502751375688,0.145,80,,,,,,,
autonomy,autonomy,q_learning,opaque_dependency_l4,tabular_q_learning,training,opaque,457,2000,0.247,4.0,4.0,4.0,0.247,0.0,0.0,0.0,0.0,0.0,0.0,0.0,0.247,0.00015285639963985887,4.0,0.0,4.0,,0.0,0.0,0.24687343671835918,0.455,24,,,,,,,
autonomy,autonomy,q_learning,opaque_dependency_l4,tabular_q_learning,training,opaque,503,2000,0.117,4.0,4.0,4.0,0.117,0.0,0.0,0.0,0.0,0.0,0.0,0.0,0.117,0.0001478408998955274,4.0,0.0,4.0,,0.0,0.0,0.11705852926463231,0.14,16,,,,,,,
autonomy,autonomy,q_learning,opaque_dependency_l4,tabular_q_learning,training,opaque,557,2000,0.182,4.0,4.0,4.0,0.182,0.0,0.0,0.0,0.0,0.0,0.0,0.0,0.182,0.00015182455000467597,4.0,0.0,4.0,,0.0,0.0,0.18209104552276137,0.15,384,,,,,,,
autonomy,autonomy,q_learning,opaque_dependency_l4,tabular_q_learning,training,opaque,601,2000,0.127,4.0,4.0,4.0,0.127,0.0,0.0,0.0,0.0,0.0,0.0,0.0,0.127,0.00014651394975953734,4.0,0.0,4.0,,0.0,0.0,0.12681340670335167,0.125,16,,,,,,,
autonomy,autonomy,q_learning,opaque_dependency_l4,tabular_q_learning,training,opaque,659,2000,0.1905,4.0,4.0,4.0,0.1905,0.0,0.0,0.0,0.0,0.0,0.0,0.0,0.1905,0.00014737885042268316,4.0,0.0,4.0,,0.0,0.0,0.1905952976488244,0.255,8,,,,,,,
autonomy,autonomy,q_learning,opaque_dependency_l4,tabular_q_learning,training,opaque,701,2000,0.0565,4.0,4.0,4.0,0.0565,0.0,0.0,0.0,0.0,0.0,0.0,0.0,0.0565,0.00014753770020615775,4.0,0.0,4.0,,0.0,0.0,0.05652826413206603,0.035,32,,,,,,,
autonomy,autonomy,q_learning,opaque_dependency_l4,tabular_q_learning,training,opaque,761,2000,0.0545,4.0,4.0,4.0,0.0545,0.0,0.0,0.0,0.0,0.0,0.0,0.0,0.0545,0.00014167090007686055,4.0,0.0,4.0,,0.0,0.0,0.054527263631815905,0.035,152,,,,,,,
autonomy,autonomy,q_learning,opaque_dependency_l4,tabular_q_learning,training,opaque,809,2000,0.169,4.0,4.0,4.0,0.169,0.0,0.0,0.0,0.0,0.0,0.0,0.0,0.169,0.00017586499989556613,4.0,0.0,4.0,,0.0,0.0,0.16908454227113556,0.23,140,,,,,,,
autonomy,autonomy,q_learning,opaque_dependency_l4,tabular_q_learning,training,opaque,857,2000,0.058,4.0,4.0,4.0,0.058,0.0,0.0,0.0,0.0,0.0,0.0,0.0,0.058,0.00014785369983292185,4.0,0.0,4.0,,0.0,0.0,0.058029014507253625,0.12,68,,,,,,,
autonomy,autonomy,q_learning,opaque_dependency_l4,tabular_q_learning,training,opaque,907,2000,0.1085,4.0,4.0,4.0,0.1085,0.0,0.0,0.0,0.0,0.0,0.0,0.0,0.1085,0.00015587285015499218,4.0,0.0,4.0,,0.0,0.0,0.10830415207603802,0.115,40,,,,,,,
autonomy,autonomy,q_learning,opaque_dependency_l4,tabular_q_learning,training,opaque,953,2000,0.062,4.0,4.0,4.0,0.062,0.0,0.0,0.0,0.0,0.0,0.0,0.0,0.062,0.0001645909997751005,4.0,0.0,4.0,,0.0,0.0,0.061780890445222614,0.025,192,,,,,,,
autonomy,autonomy,q_learning,opaque_dependency_l6,tabular_q_learning,evaluation_seen,opaque,1009,200,0.0,6.0,6.0,6.0,0.0,0.0,0.0,,,,0.0,0.0,0.0,0.00021174200286623091,6.0,0.0,6.0,,0.0,0.0,,,,,,,,,,
autonomy,autonomy,q_learning,opaque_dependency_l6,tabular_q_learning,evaluation_seen,opaque,1061,200,0.0,6.0,6.0,6.0,0.0,0.0,0.0,,,,0.0,0.0,0.0,0.0001762964981026016,6.0,0.0,6.0,,0.0,0.0,,,,,,,,,,
autonomy,autonomy,q_learning,opaque_dependency_l6,tabular_q_learning,evaluation_seen,opaque,1103,200,0.0,6.0,6.0,6.0,0.0,0.0,0.0,,,,0.0,0.0,0.0,0.00016543299949262291,6.0,0.0,6.0,,0.0,0.0,,,,,,,,,,
autonomy,autonomy,q_learning,opaque_dependency_l6,tabular_q_learning,evaluation_seen,opaque,1151,200,0.0,6.0,6.0,6.0,0.0,0.0,0.0,,,,0.0,0.0,0.0,0.0001912465003260877,6.0,0.0,6.0,,0.0,0.0,,,,,,,,,,
autonomy,autonomy,q_learning,opaque_dependency_l6,tabular_q_learning,evaluation_seen,opaque,1201,200,0.0,6.0,6.0,6.0,0.0,0.0,0.0,,,,0.0,0.0,0.0,0.00020057549991179258,6.0,0.0,6.0,,0.0,0.0,,,,,,,,,,
autonomy,autonomy,q_learning,opaque_dependency_l6,tabular_q_learning,evaluation_seen,opaque,1259,200,0.0,6.0,6.0,6.0,0.0,0.0,0.0,,,,0.0,0.0,0.0,0.0001742895002826117,6.0,0.0,6.0,,0.0,0.0,,,,,,,,,,
autonomy,autonomy,q_learning,opaque_dependency_l6,tabular_q_learning,evaluation_seen,opaque,1301,200,0.0,6.0,6.0,6.0,0.0,0.0,0.0,,,,0.0,0.0,0.0,0.00016629149991786107,6.0,0.0,6.0,,0.0,0.0,,,,,,,,,,
autonomy,autonomy,q_learning,opaque_dependency_l6,tabular_q_learning,evaluation_seen,opaque,131,200,0.0,6.0,6.0,6.0,0.0,0.0,0.0,,,,0.0,0.0,0.0,0.00020739899962791242,6.0,0.0,6.0,,0.0,0.0,,,,,,,,,,
autonomy,autonomy,q_learning,opaque_dependency_l6,tabular_q_learning,evaluation_seen,opaque,1361,200,0.0,6.0,6.0,6.0,0.0,0.0,0.0,,,,0.0,0.0,0.0,0.00017842199929873459,6.0,0.0,6.0,,0.0,0.0,,,,,,,,,,
autonomy,autonomy,q_learning,opaque_dependency_l6,tabular_q_learning,evaluation_seen,opaque,1423,200,0.0,6.0,6.0,6.0,0.0,0.0,0.0,,,,0.0,0.0,0.0,0.0001658095016318839,6.0,0.0,6.0,,0.0,0.0,,,,,,,,,,
autonomy,autonomy,q_learning,opaque_dependency_l6,tabular_q_learning,evaluation_seen,opaque,1481,200,0.0,6.0,6.0,6.0,0.0,0.0,0.0,,,,0.0,0.0,0.0,0.00013633249982376584,6.0,0.0,6.0,,0.0,0.0,,,,,,,,,,
autonomy,autonomy,q_learning,opaque_dependency_l6,tabular_q_learning,evaluation_seen,opaque,1543,200,0.0,6.0,6.0,6.0,0.0,0.0,0.0,,,,0.0,0.0,0.0,0.00013361200064537115,6.0,0.0,6.0,,0.0,0.0,,,,,,,,,,
autonomy,autonomy,q_learning,opaque_dependency_l6,tabular_q_learning,evaluation_seen,opaque,1601,200,0.0,6.0,6.0,6.0,0.0,0.0,0.0,,,,0.0,0.0,0.0,0.00014924200062523595,6.0,0.0,6.0,,0.0,0.0,,,,,,,,,,
autonomy,autonomy,q_learning,opaque_dependency_l6,tabular_q_learning,evaluation_seen,opaque,173,200,0.0,6.0,6.0,6.0,0.0,0.0,0.0,,,,0.0,0.0,0.0,0.00019480700037092903,6.0,0.0,6.0,,0.0,0.0,,,,,,,,,,
autonomy,autonomy,q_learning,opaque_dependency_l6,tabular_q_learning,evaluation_seen,opaque,211,200,0.0,6.0,6.0,6.0,0.0,0.0,0.0,,,,0.0,0.0,0.0,0.0001859324995893985,6.0,0.0,6.0,,0.0,0.0,,,,,,,,,,
autonomy,autonomy,q_learning,opaque_dependency_l6,tabular_q_learning,evaluation_seen,opaque,257,200,0.0,6.0,6.0,6.0,0.0,0.0,0.0,,,,0.0,0.0,0.0,0.00028647300045122394,6.0,0.0,6.0,,0.0,0.0,,,,,,,,,,
autonomy,autonomy,q_learning,opaque_dependency_l6,tabular_q_learning,evaluation_seen,opaque,307,200,0.0,6.0,6.0,6.0,0.0,0.0,0.0,,,,0.0,0.0,0.0,0.0001396704999206122,6.0,0.0,6.0,,0.0,0.0,,,,,,,,,,
autonomy,autonomy,q_learning,opaque_dependency_l6,tabular_q_learning,evaluation_seen,opaque,353,200,0.0,6.0,6.0,6.0,0.0,0.0,0.0,,,,0.0,0.0,0.0,0.0003387720009777695,6.0,0.0,6.0,,0.0,0.0,,,,,,,,,,
autonomy,autonomy,q_learning,opaque_dependency_l6,tabular_q_learning,evaluation_seen,opaque,401,200,0.0,6.0,6.0,6.0,0.0,0.0,0.0,,,,0.0,0.0,0.0,0.00015515800012508407,6.0,0.0,6.0,,0.0,0.0,,,,,,,,,,
autonomy,autonomy,q_learning,opaque_dependency_l6,tabular_q_learning,evaluation_seen,opaque,457,200,0.0,6.0,6.0,6.0,0.0,0.0,0.0,,,,0.0,0.0,0.0,0.00021478650145581924,6.0,0.0,6.0,,0.0,0.0,,,,,,,,,,
autonomy,autonomy,q_learning,opaque_dependency_l6,tabular_q_learning,evaluation_seen,opaque,503,200,0.0,6.0,6.0,6.0,0.0,0.0,0.0,,,,0.0,0.0,0.0,0.00016392750010709277,6.0,0.0,6.0,,0.0,0.0,,,,,,,,,,
autonomy,autonomy,q_learning,opaque_dependency_l6,tabular_q_learning,evaluation_seen,opaque,557,200,0.0,6.0,6.0,6.0,0.0,0.0,0.0,,,,0.0,0.0,0.0,0.00013406649988610298,6.0,0.0,6.0,,0.0,0.0,,,,,,,,,,
autonomy,autonomy,q_learning,opaque_dependency_l6,tabular_q_learning,evaluation_seen,opaque,601,200,0.0,6.0,6.0,6.0,0.0,0.0,0.0,,,,0.0,0.0,0.0,0.0001935729992692359,6.0,0.0,6.0,,0.0,0.0,,,,,,,,,,
autonomy,autonomy,q_learning,opaque_dependency_l6,tabular_q_learning,evaluation_seen,opaque,659,200,0.0,6.0,6.0,6.0,0.0,0.0,0.0,,,,0.0,0.0,0.0,0.00012706799810985103,6.0,0.0,6.0,,0.0,0.0,,,,,,,,,,
autonomy,autonomy,q_learning,opaque_dependency_l6,tabular_q_learning,evaluation_seen,opaque,701,200,0.0,6.0,6.0,6.0,0.0,0.0,0.0,,,,0.0,0.0,0.0,0.00016209250039537438,6.0,0.0,6.0,,0.0,0.0,,,,,,,,,,
autonomy,autonomy,q_learning,opaque_dependency_l6,tabular_q_learning,evaluation_seen,opaque,761,200,0.0,6.0,6.0,6.0,0.0,0.0,0.0,,,,0.0,0.0,0.0,0.00017601150029804556,6.0,0.0,6.0,,0.0,0.0,,,,,,,,,,
autonomy,autonomy,q_learning,opaque_dependency_l6,tabular_q_learning,evaluation_seen,opaque,809,200,0.0,6.0,6.0,6.0,0.0,0.0,0.0,,,,0.0,0.0,0.0,0.0001708705004421063,6.0,0.0,6.0,,0.0,0.0,,,,,,,,,,
autonomy,autonomy,q_learning,opaque_dependency_l6,tabular_q_learning,evaluation_seen,opaque,857,200,0.0,6.0,6.0,6.0,0.0,0.0,0.0,,,,0.0,0.0,0.0,0.0001653339999029413,6.0,0.0,6.0,,0.0,0.0,,,,,,,,,,
autonomy,autonomy,q_learning,opaque_dependency_l6,tabular_q_learning,evaluation_seen,opaque,907,200,0.0,6.0,6.0,6.0,0.0,0.0,0.0,,,,0.0,0.0,0.0,0.00017392099980497732,6.0,0.0,6.0,,0.0,0.0,,,,,,,,,,
autonomy,autonomy,q_learning,opaque_dependency_l6,tabular_q_learning,evaluation_seen,opaque,953,200,0.0,6.0,6.0,6.0,0.0,0.0,0.0,,,,0.0,0.0,0.0,0.00016229050030233338,6.0,0.0,6.0,,0.0,0.0,,,,,,,,,,
autonomy,autonomy,q_learning,opaque_dependency_l6,tabular_q_learning,evaluation_unseen_zero_shot,opaque,1009,200,0.0,6.0,6.0,6.0,0.0,0.0,0.0,,,,0.0,0.0,0.0,0.0001354234994505532,6.0,0.0,6.0,,0.0,0.0,,,,,,,,,,
autonomy,autonomy,q_learning,opaque_dependency_l6,tabular_q_learning,evaluation_unseen_zero_shot,opaque,1061,200,0.0,6.0,6.0,6.0,0.0,0.0,0.0,,,,0.0,0.0,0.0,0.00017054449941497296,6.0,0.0,6.0,,0.0,0.0,,,,,,,,,,
autonomy,autonomy,q_learning,opaque_dependency_l6,tabular_q_learning,evaluation_unseen_zero_shot,opaque,1103,200,0.0,6.0,6.0,6.0,0.0,0.0,0.0,,,,0.0,0.0,0.0,0.00017406199913239107,6.0,0.0,6.0,,0.0,0.0,,,,,,,,,,
autonomy,autonomy,q_learning,opaque_dependency_l6,tabular_q_learning,evaluation_unseen_zero_shot,opaque,1151,200,0.0,6.0,6.0,6.0,0.0,0.0,0.0,,,,0.0,0.0,0.0,0.00017111100038164295,6.0,0.0,6.0,,0.0,0.0,,,,,,,,,,
autonomy,autonomy,q_learning,opaque_dependency_l6,tabular_q_learning,evaluation_unseen_zero_shot,opaque,1201,200,0.0,6.0,6.0,6.0,0.0,0.0,0.0,,,,0.0,0.0,0.0,0.00017653599876211957,6.0,0.0,6.0,,0.0,0.0,,,,,,,,,,
autonomy,autonomy,q_learning,opaque_dependency_l6,tabular_q_learning,evaluation_unseen_zero_shot,opaque,1259,200,0.0,6.0,6.0,6.0,0.0,0.0,0.0,,,,0.0,0.0,0.0,0.00016436249934486112,6.0,0.0,6.0,,0.0,0.0,,,,,,,,,,
autonomy,autonomy,q_learning,opaque_dependency_l6,tabular_q_learning,evaluation_unseen_zero_shot,opaque,1301,200,0.0,6.0,6.0,6.0,0.0,0.0,0.0,,,,0.0,0.0,0.0,0.0001615290001791436,6.0,0.0,6.0,,0.0,0.0,,,,,,,,,,
autonomy,autonomy,q_learning,opaque_dependency_l6,tabular_q_learning,evaluation_unseen_zero_shot,opaque,131,200,0.0,6.0,6.0,6.0,0.0,0.0,0.0,,,,0.0,0.0,0.0,0.0002441879989055451,6.0,0.0,6.0,,0.0,0.0,,,,,,,,,,
autonomy,autonomy,q_learning,opaque_dependency_l6,tabular_q_learning,evaluation_unseen_zero_shot,opaque,1361,200,0.0,6.0,6.0,6.0,0.0,0.0,0.0,,,,0.0,0.0,0.0,0.00015278150123776868,6.0,0.0,6.0,,0.0,0.0,,,,,,,,,,
autonomy,autonomy,q_learning,opaque_dependency_l6,tabular_q_learning,evaluation_unseen_zero_shot,opaque,1423,200,0.0,6.0,6.0,6.0,0.0,0.0,0.0,,,,0.0,0.0,0.0,0.00017082900129025802,6.0,0.0,6.0,,0.0,0.0,,,,,,,,,,
autonomy,autonomy,q_learning,opaque_dependency_l6,tabular_q_learning,evaluation_unseen_zero_shot,opaque,1481,200,0.0,6.0,6.0,6.0,0.0,0.0,0.0,,,,0.0,0.0,0.0,0.0001253234989417251,6.0,0.0,6.0,,0.0,0.0,,,,,,,,,,
autonomy,autonomy,q_learning,opaque_dependency_l6,tabular_q_learning,evaluation_unseen_zero_shot,opaque,1543,200,0.0,6.0,6.0,6.0,0.0,0.0,0.0,,,,0.0,0.0,0.0,0.00016109750067698768,6.0,0.0,6.0,,0.0,0.0,,,,,,,,,,
autonomy,autonomy,q_learning,opaque_dependency_l6,tabular_q_learning,evaluation_unseen_zero_shot,opaque,1601,200,0.0,6.0,6.0,6.0,0.0,0.0,0.0,,,,0.0,0.0,0.0,0.00016604150005150586,6.0,0.0,6.0,,0.0,0.0,,,,,,,,,,
autonomy,autonomy,q_learning,opaque_dependency_l6,tabular_q_learning,evaluation_unseen_zero_shot,opaque,173,200,0.0,6.0,6.0,6.0,0.0,0.0,0.0,,,,0.0,0.0,0.0,0.00018825900071533396,6.0,0.0,6.0,,0.0,0.0,,,,,,,,,,
autonomy,autonomy,q_learning,opaque_dependency_l6,tabular_q_learning,evaluation_unseen_zero_shot,opaque,211,200,0.0,6.0,6.0,6.0,0.0,0.0,0.0,,,,0.0,0.0,0.0,0.00014162600040435792,6.0,0.0,6.0,,0.0,0.0,,,,,,,,,,
autonomy,autonomy,q_learning,opaque_dependency_l6,tabular_q_learning,evaluation_unseen_zero_shot,opaque,257,200,0.0,6.0,6.0,6.0,0.0,0.0,0.0,,,,0.0,0.0,0.0,0.0001728649980213959,6.0,0.0,6.0,,0.0,0.0,,,,,,,,,,
autonomy,autonomy,q_learning,opaque_dependency_l6,tabular_q_learning,evaluation_unseen_zero_shot,opaque,307,200,0.0,6.0,6.0,6.0,0.0,0.0,0.0,,,,0.0,0.0,0.0,0.000143966501345858,6.0,0.0,6.0,,0.0,0.0,,,,,,,,,,
autonomy,autonomy,q_learning,opaque_dependency_l6,tabular_q_learning,evaluation_unseen_zero_shot,opaque,353,200,0.0,6.0,6.0,6.0,0.0,0.0,0.0,,,,0.0,0.0,0.0,0.00016287199934595265,6.0,0.0,6.0,,0.0,0.0,,,,,,,,,,
autonomy,autonomy,q_learning,opaque_dependency_l6,tabular_q_learning,evaluation_unseen_zero_shot,opaque,401,200,0.0,6.0,6.0,6.0,0.0,0.0,0.0,,,,0.0,0.0,0.0,0.00016479849989991635,6.0,0.0,6.0,,0.0,0.0,,,,,,,,,,
autonomy,autonomy,q_learning,opaque_dependency_l6,tabular_q_learning,evaluation_unseen_zero_shot,opaque,457,200,0.0,6.0,6.0,6.0,0.0,0.0,0.0,,,,0.0,0.0,0.0,0.00017922949889907615,6.0,0.0,6.0,,0.0,0.0,,,,,,,,,,
autonomy,autonomy,q_learning,opaque_dependency_l6,tabular_q_learning,evaluation_unseen_zero_shot,opaque,503,200,0.0,6.0,6.0,6.0,0.0,0.0,0.0,,,,0.0,0.0,0.0,0.00033677450017421506,6.0,0.0,6.0,,0.0,0.0,,,,,,,,,,
autonomy,autonomy,q_learning,opaque_dependency_l6,tabular_q_learning,evaluation_unseen_zero_shot,opaque,557,200,0.0,6.0,6.0,6.0,0.0,0.0,0.0,,,,0.0,0.0,0.0,0.00017799400055082515,6.0,0.0,6.0,,0.0,0.0,,,,,,,,,,
autonomy,autonomy,q_learning,opaque_dependency_l6,tabular_q_learning,evaluation_unseen_zero_shot,opaque,601,200,0.0,6.0,6.0,6.0,0.0,0.0,0.0,,,,0.0,0.0,0.0,0.00015261449923855252,6.0,0.0,6.0,,0.0,0.0,,,,,,,,,,
autonomy,autonomy,q_learning,opaque_dependency_l6,tabular_q_learning,evaluation_unseen_zero_shot,opaque,659,200,0.0,6.0,6.0,6.0,0.0,0.0,0.0,,,,0.0,0.0,0.0,0.00017792750033549965,6.0,0.0,6.0,,0.0,0.0,,,,,,,,,,
autonomy,autonomy,q_learning,opaque_dependency_l6,tabular_q_learning,evaluation_unseen_zero_shot,opaque,701,200,0.0,6.0,6.0,6.0,0.0,0.0,0.0,,,,0.0,0.0,0.0,0.00016790300127468073,6.0,0.0,6.0,,0.0,0.0,,,,,,,,,,
autonomy,autonomy,q_learning,opaque_dependency_l6,tabular_q_learning,evaluation_unseen_zero_shot,opaque,761,200,0.0,6.0,6.0,6.0,0.0,0.0,0.0,,,,0.0,0.0,0.0,0.00016242399913608097,6.0,0.0,6.0,,0.0,0.0,,,,,,,,,,
autonomy,autonomy,q_learning,opaque_dependency_l6,tabular_q_learning,evaluation_unseen_zero_shot,opaque,809,200,0.0,6.0,6.0,6.0,0.0,0.0,0.0,,,,0.0,0.0,0.0,0.00016813249909318983,6.0,0.0,6.0,,0.0,0.0,,,,,,,,,,
autonomy,autonomy,q_learning,opaque_dependency_l6,tabular_q_learning,evaluation_unseen_zero_shot,opaque,857,200,0.0,6.0,6.0,6.0,0.0,0.0,0.0,,,,0.0,0.0,0.0,0.00016721350126317703,6.0,0.0,6.0,,0.0,0.0,,,,,,,,,,
autonomy,autonomy,q_learning,opaque_dependency_l6,tabular_q_learning,evaluation_unseen_zero_shot,opaque,907,200,0.0,6.0,6.0,6.0,0.0,0.0,0.0,,,,0.0,0.0,0.0,0.00014949349875678308,6.0,0.0,6.0,,0.0,0.0,,,,,,,,,,
autonomy,autonomy,q_learning,opaque_dependency_l6,tabular_q_learning,evaluation_unseen_zero_shot,opaque,953,200,0.0,6.0,6.0,6.0,0.0,0.0,0.0,,,,0.0,0.0,0.0,0.00018293299988727084,6.0,0.0,6.0,,0.0,0.0,,,,,,,,,,
autonomy,autonomy,q_learning,opaque_dependency_l6,tabular_q_learning,training,opaque,1009,2000,0.012,6.0,6.0,6.0,0.012,0.0,0.0,0.0,0.0,0.0,0.0,0.0,0.012,0.00023706784965179395,6.0,0.0,6.0,,0.0,0.0,0.01200600300150075,0.005,258,,,,,,,
autonomy,autonomy,q_learning,opaque_dependency_l6,tabular_q_learning,training,opaque,1061,2000,0.005,6.0,6.0,6.0,0.005,0.0,0.0,0.0,0.0,0.0,0.0,0.0,0.005,0.0002519686498126248,6.0,0.0,6.0,,0.0,0.0,0.0050025012506253125,0.0,684,,,,,,,
autonomy,autonomy,q_learning,opaque_dependency_l6,tabular_q_learning,training,opaque,1103,2000,0.003,6.0,6.0,6.0,0.003,0.0,0.0,0.0,0.0,0.0,0.0,0.0,0.003,0.00022515535014099443,6.0,0.0,6.0,,0.0,0.0,0.0030015007503751876,0.0,72,,,,,,,
autonomy,autonomy,q_learning,opaque_dependency_l6,tabular_q_learning,training,opaque,1151,2000,0.067,6.0,6.0,6.0,0.067,0.0,0.0,0.0,0.0,0.0,0.0,0.0,0.067,0.00021920950031199026,6.0,0.0,6.0,,0.0,0.0,0.0670335167583792,0.06,948,,,,,,,
autonomy,autonomy,q_learning,opaque_dependency_l6,tabular_q_learning,training,opaque,1201,2000,0.01,6.0,6.0,6.0,0.01,0.0,0.0,0.0,0.0,0.0,0.0,0.0,0.01,0.00022338989992567803,6.0,0.0,6.0,,0.0,0.0,0.010005002501250625,0.005,66,,,,,,,
autonomy,autonomy,q_learning,opaque_dependency_l6,tabular_q_learning,training,opaque,1259,2000,0.0145,6.0,6.0,6.0,0.0145,0.0,0.0,0.0,0.0,0.0,0.0,0.0,0.0145,0.00024770949996309353,6.0,0.0,6.0,,0.0,0.0,0.014507253626813406,0.0,636,,,,,,,
autonomy,autonomy,q_learning,opaque_dependency_l6,tabular_q_learning,training,opaque,1301,2000,0.0055,6.0,6.0,6.0,0.0055,0.0,0.0,0.0,0.0,0.0,0.0,0.0,0.0055,0.00022580890011158773,6.0,0.0,6.0,,0.0,0.0,0.005502751375687844,0.0,348,,,,,,,
autonomy,autonomy,q_learning,opaque_dependency_l6,tabular_q_learning,training,opaque,131,2000,0.0055,6.0,6.0,6.0,0.0055,0.0,0.0,0.0,0.0,0.0,0.0,0.0,0.0055,0.0002554675505234627,6.0,0.0,6.0,,0.0,0.0,0.005502751375687844,0.0,228,,,,,,,
autonomy,autonomy,q_learning,opaque_dependency_l6,tabular_q_learning,training,opaque,1361,2000,0.013,6.0,6.0,6.0,0.013,0.0,0.0,0.0,0.0,0.0,0.0,0.0,0.013,0.00023023305027163588,6.0,0.0,6.0,,0.0,0.0,0.013006503251625813,0.005,276,,,,,,,
autonomy,autonomy,q_learning,opaque_dependency_l6,tabular_q_learning,training,opaque,1423,2000,0.004,6.0,6.0,6.0,0.004,0.0,0.0,0.0,0.0,0.0,0.0,0.0,0.004,0.00023003130020515528,6.0,0.0,6.0,,0.0,0.0,0.00400200100050025,0.0,192,,,,,,,
autonomy,autonomy,q_learning,opaque_dependency_l6,tabular_q_learning,training,opaque,1481,2000,0.009,6.0,6.0,6.0,0.009,0.0,0.0,0.0,0.0,0.0,0.0,0.0,0.009,0.00022317080019274726,6.0,0.0,6.0,,0.0,0.0,0.009004502251125562,0.01,42,,,,,,,
autonomy,autonomy,q_learning,opaque_dependency_l6,tabular_q_learning,training,opaque,1543,2000,0.0075,6.0,6.0,6.0,0.0075,0.0,0.0,0.0,0.0,0.0,0.0,0.0,0.0075,0.00024522880038421133,6.0,0.0,6.0,,0.0,0.0,0.007503751875937969,0.005,60,,,,,,,
autonomy,autonomy,q_learning,opaque_dependency_l6,tabular_q_learning,training,opaque,1601,2000,0.006,6.0,6.0,6.0,0.006,0.0,0.0,0.0,0.0,0.0,0.0,0.0,0.006,0.00025032730017846916,6.0,0.0,6.0,,0.0,0.0,0.006003001500750375,0.0,1050,,,,,,,
autonomy,autonomy,q_learning,opaque_dependency_l6,tabular_q_learning,training,opaque,173,2000,0.005,6.0,6.0,6.0,0.005,0.0,0.0,0.0,0.0,0.0,0.0,0.0,0.005,0.00022637855005450548,6.0,0.0,6.0,,0.0,0.0,0.0050025012506253125,0.0,450,,,,,,,
autonomy,autonomy,q_learning,opaque_dependency_l6,tabular_q_learning,training,opaque,211,2000,0.007,6.0,6.0,6.0,0.007,0.0,0.0,0.0,0.0,0.0,0.0,0.0,0.007,0.00021083490013552365,6.0,0.0,6.0,,0.0,0.0,0.007003501750875438,0.0,84,,,,,,,
autonomy,autonomy,q_learning,opaque_dependency_l6,tabular_q_learning,training,opaque,257,2000,0.013,6.0,6.0,6.0,0.013,0.0,0.0,0.0,0.0,0.0,0.0,0.0,0.013,0.00022433265017753003,6.0,0.0,6.0,,0.0,0.0,0.013006503251625813,0.0,252,,,,,,,
autonomy,autonomy,q_learning,opaque_dependency_l6,tabular_q_learning,training,opaque,307,2000,0.004,6.0,6.0,6.0,0.004,0.0,0.0,0.0,0.0,0.0,0.0,0.0,0.004,0.00023802500011515804,6.0,0.0,6.0,,0.0,0.0,0.00400200100050025,0.0,36,,,,,,,
autonomy,autonomy,q_learning,opaque_dependency_l6,tabular_q_learning,training,opaque,353,2000,0.0105,6.0,6.0,6.0,0.0105,0.0,0.0,0.0,0.0,0.0,0.0,0.0,0.0105,0.00023354665000806563,6.0,0.0,6.0,,0.0,0.0,0.010505252626313157,0.0,78,,,,,,,
autonomy,autonomy,q_learning,opaque_dependency_l6,tabular_q_learning,training,opaque,401,2000,0.0065,6.0,6.0,6.0,0.0065,0.0,0.0,0.0,0.0,0.0,0.0,0.0,0.0065,0.00021279689959192183,6.0,0.0,6.0,,0.0,0.0,0.0065032516258129065,0.0,276,,,,,,,
autonomy,autonomy,q_learning,opaque_dependency_l6,tabular_q_learning,training,opaque,457,2000,0.0615,6.0,6.0,6.0,0.0615,0.0,0.0,0.0,0.0,0.0,0.0,0.0,0.0615,0.00021910860037314706,6.0,0.0,6.0,,0.0,0.0,0.06128064032016008,0.1,36,,,,,,,
autonomy,autonomy,q_learning,opaque_dependency_l6,tabular_q_learning,training,opaque,503,2000,0.01,6.0,6.0,6.0,0.01,0.0,0.0,0.0,0.0,0.0,0.0,0.0,0.01,0.00022454644953540993,6.0,0.0,6.0,,0.0,0.0,0.010005002501250625,0.0,372,,,,,,,
autonomy,autonomy,q_learning,opaque_dependency_l6,tabular_q_learning,training,opaque,557,2000,0.006,6.0,6.0,6.0,0.006,0.0,0.0,0.0,0.0,0.0,0.0,0.0,0.006,0.00020924439986993093,6.0,0.0,6.0,,0.0,0.0,0.006003001500750375,0.005,36,,,,,,,
autonomy,autonomy,q_learning,opaque_dependency_l6,tabular_q_learning,training,opaque,601,2000,0.0065,6.0,6.0,6.0,0.0065,0.0,0.0,0.0,0.0,0.0,0.0,0.0,0.0065,0.00022644769998441915,6.0,0.0,6.0,,0.0,0.0,0.0065032516258129065,0.005,354,,,,,,,
autonomy,autonomy,q_learning,opaque_dependency_l6,tabular_q_learning,training,opaque,659,2000,0.0035,6.0,6.0,6.0,0.0035,0.0,0.0,0.0,0.0,0.0,0.0,0.0,0.0035,0.00024126549999346026,6.0,0.0,6.0,,0.0,0.0,0.003501750875437719,0.0,36,,,,,,,
autonomy,autonomy,q_learning,opaque_dependency_l6,tabular_q_learning,training,opaque,701,2000,0.002,6.0,6.0,6.0,0.002,0.0,0.0,0.0,0.0,0.0,0.0,0.0,0.002,0.00021609824951156044,6.0,0.0,6.0,,0.0,0.0,0.002001000500250125,0.0,2220,,,,,,,
autonomy,autonomy,q_learning,opaque_dependency_l6,tabular_q_learning,training,opaque,761,2000,0.008,6.0,6.0,6.0,0.008,0.0,0.0,0.0,0.0,0.0,0.0,0.0,0.008,0.00022658325015800074,6.0,0.0,6.0,,0.0,0.0,0.0080040020010005,0.005,156,,,,,,,
autonomy,autonomy,q_learning,opaque_dependency_l6,tabular_q_learning,training,opaque,809,2000,0.013,6.0,6.0,6.0,0.013,0.0,0.0,0.0,0.0,0.0,0.0,0.0,0.013,0.00026070335011172573,6.0,0.0,6.0,,0.0,0.0,0.013006503251625813,0.005,450,,,,,,,
autonomy,autonomy,q_learning,opaque_dependency_l6,tabular_q_learning,training,opaque,857,2000,0.0045,6.0,6.0,6.0,0.0045,0.0,0.0,0.0,0.0,0.0,0.0,0.0,0.0045,0.00025220825042924843,6.0,0.0,6.0,,0.0,0.0,0.004502251125562781,0.0,228,,,,,,,
autonomy,autonomy,q_learning,opaque_dependency_l6,tabular_q_learning,training,opaque,907,2000,0.0125,6.0,6.0,6.0,0.0125,0.0,0.0,0.0,0.0,0.0,0.0,0.0,0.0125,0.0002776150998543017,6.0,0.0,6.0,,0.0,0.0,0.01250625312656328,0.005,132,,,,,,,
autonomy,autonomy,q_learning,opaque_dependency_l6,tabular_q_learning,training,opaque,953,2000,0.0075,6.0,6.0,6.0,0.0075,0.0,0.0,0.0,0.0,0.0,0.0,0.0,0.0075,0.0002525876000581775,6.0,0.0,6.0,,0.0,0.0,0.007503751875937969,0.01,192,,,,,,,
autonomy,autonomy,q_learning,opaque_dependency_l8,tabular_q_learning,evaluation_seen,opaque,1009,200,0.0,8.0,8.0,8.0,0.0,0.0,0.0,,,,0.0,0.0,0.0,0.00023258599976543336,8.0,0.0,8.0,,0.0,0.0,,,,,,,,,,
autonomy,autonomy,q_learning,opaque_dependency_l8,tabular_q_learning,evaluation_seen,opaque,1061,200,0.0,8.0,8.0,8.0,0.0,0.0,0.0,,,,0.0,0.0,0.0,0.00025037250059540384,8.0,0.0,8.0,,0.0,0.0,,,,,,,,,,
autonomy,autonomy,q_learning,opaque_dependency_l8,tabular_q_learning,evaluation_seen,opaque,1103,200,0.0,8.0,8.0,8.0,0.0,0.0,0.0,,,,0.0,0.0,0.0,0.00023796550012775697,8.0,0.0,8.0,,0.0,0.0,,,,,,,,,,
autonomy,autonomy,q_learning,opaque_dependency_l8,tabular_q_learning,evaluation_seen,opaque,1151,200,0.0,8.0,8.0,8.0,0.0,0.0,0.0,,,,0.0,0.0,0.0,0.00022685149786411785,8.0,0.0,8.0,,0.0,0.0,,,,,,,,,,
autonomy,autonomy,q_learning,opaque_dependency_l8,tabular_q_learning,evaluation_seen,opaque,1201,200,0.0,8.0,8.0,8.0,0.0,0.0,0.0,,,,0.0,0.0,0.0,0.00018948800046928227,8.0,0.0,8.0,,0.0,0.0,,,,,,,,,,
autonomy,autonomy,q_learning,opaque_dependency_l8,tabular_q_learning,evaluation_seen,opaque,1259,200,0.0,8.0,8.0,8.0,0.0,0.0,0.0,,,,0.0,0.0,0.0,0.00017776100066839716,8.0,0.0,8.0,,0.0,0.0,,,,,,,,,,
autonomy,autonomy,q_learning,opaque_dependency_l8,tabular_q_learning,evaluation_seen,opaque,1301,200,0.0,8.0,8.0,8.0,0.0,0.0,0.0,,,,0.0,0.0,0.0,0.0002478380006505176,8.0,0.0,8.0,,0.0,0.0,,,,,,,,,,
autonomy,autonomy,q_learning,opaque_dependency_l8,tabular_q_learning,evaluation_seen,opaque,131,200,0.0,8.0,8.0,8.0,0.0,0.0,0.0,,,,0.0,0.0,0.0,0.0002773729999898933,8.0,0.0,8.0,,0.0,0.0,,,,,,,,,,
autonomy,autonomy,q_learning,opaque_dependency_l8,tabular_q_learning,evaluation_seen,opaque,1361,200,0.0,8.0,8.0,8.0,0.0,0.0,0.0,,,,0.0,0.0,0.0,0.00023486799982492813,8.0,0.0,8.0,,0.0,0.0,,,,,,,,,,
autonomy,autonomy,q_learning,opaque_dependency_l8,tabular_q_learning,evaluation_seen,opaque,1423,200,0.0,8.0,8.0,8.0,0.0,0.0,0.0,,,,0.0,0.0,0.0,0.00022274650182225743,8.0,0.0,8.0,,0.0,0.0,,,,,,,,,,
autonomy,autonomy,q_learning,opaque_dependency_l8,tabular_q_learning,evaluation_seen,opaque,1481,200,0.0,8.0,8.0,8.0,0.0,0.0,0.0,,,,0.0,0.0,0.0,0.00023141499943449162,8.0,0.0,8.0,,0.0,0.0,,,,,,,,,,
autonomy,autonomy,q_learning,opaque_dependency_l8,tabular_q_learning,evaluation_seen,opaque,1543,200,0.0,8.0,8.0,8.0,0.0,0.0,0.0,,,,0.0,0.0,0.0,0.00022040749914594926,8.0,0.0,8.0,,0.0,0.0,,,,,,,,,,
autonomy,autonomy,q_learning,opaque_dependency_l8,tabular_q_learning,evaluation_seen,opaque,1601,200,0.0,8.0,8.0,8.0,0.0,0.0,0.0,,,,0.0,0.0,0.0,0.00022268350032391025,8.0,0.0,8.0,,0.0,0.0,,,,,,,,,,
autonomy,autonomy,q_learning,opaque_dependency_l8,tabular_q_learning,evaluation_seen,opaque,173,200,0.0,8.0,8.0,8.0,0.0,0.0,0.0,,,,0.0,0.0,0.0,0.0002679554987116717,8.0,0.0,8.0,,0.0,0.0,,,,,,,,,,
autonomy,autonomy,q_learning,opaque_dependency_l8,tabular_q_learning,evaluation_seen,opaque,211,200,0.0,8.0,8.0,8.0,0.0,0.0,0.0,,,,0.0,0.0,0.0,0.00023883600064436905,8.0,0.0,8.0,,0.0,0.0,,,,,,,,,,
autonomy,autonomy,q_learning,opaque_dependency_l8,tabular_q_learning,evaluation_seen,opaque,257,200,0.0,8.0,8.0,8.0,0.0,0.0,0.0,,,,0.0,0.0,0.0,0.00023895750040537679,8.0,0.0,8.0,,0.0,0.0,,,,,,,,,,
autonomy,autonomy,q_learning,opaque_dependency_l8,tabular_q_learning,evaluation_seen,opaque,307,200,0.0,8.0,8.0,8.0,0.0,0.0,0.0,,,,0.0,0.0,0.0,0.00023218700094730595,8.0,0.0,8.0,,0.0,0.0,,,,,,,,,,
autonomy,autonomy,q_learning,opaque_dependency_l8,tabular_q_learning,evaluation_seen,opaque,353,200,0.0,8.0,8.0,8.0,0.0,0.0,0.0,,,,0.0,0.0,0.0,0.00023774199915351345,8.0,0.0,8.0,,0.0,0.0,,,,,,,,,,
autonomy,autonomy,q_learning,opaque_dependency_l8,tabular_q_learning,evaluation_seen,opaque,401,200,0.0,8.0,8.0,8.0,0.0,0.0,0.0,,,,0.0,0.0,0.0,0.0002301099985197652,8.0,0.0,8.0,,0.0,0.0,,,,,,,,,,
autonomy,autonomy,q_learning,opaque_dependency_l8,tabular_q_learning,evaluation_seen,opaque,457,200,0.0,8.0,8.0,8.0,0.0,0.0,0.0,,,,0.0,0.0,0.0,0.0002441574991098605,8.0,0.0,8.0,,0.0,0.0,,,,,,,,,,
autonomy,autonomy,q_learning,opaque_dependency_l8,tabular_q_learning,evaluation_seen,opaque,503,200,0.0,8.0,8.0,8.0,0.0,0.0,0.0,,,,0.0,0.0,0.0,0.00020447299990337343,8.0,0.0,8.0,,0.0,0.0,,,,,,,,,,
autonomy,autonomy,q_learning,opaque_dependency_l8,tabular_q_learning,evaluation_seen,opaque,557,200,0.0,8.0,8.0,8.0,0.0,0.0,0.0,,,,0.0,0.0,0.0,0.00026006550149759277,8.0,0.0,8.0,,0.0,0.0,,,,,,,,,,
autonomy,autonomy,q_learning,opaque_dependency_l8,tabular_q_learning,evaluation_seen,opaque,601,200,0.0,8.0,8.0,8.0,0.0,0.0,0.0,,,,0.0,0.0,0.0,0.00021401599995442665,8.0,0.0,8.0,,0.0,0.0,,,,,,,,,,
autonomy,autonomy,q_learning,opaque_dependency_l8,tabular_q_learning,evaluation_seen,opaque,659,200,0.0,8.0,8.0,8.0,0.0,0.0,0.0,,,,0.0,0.0,0.0,0.00023134799994295463,8.0,0.0,8.0,,0.0,0.0,,,,,,,,,,
autonomy,autonomy,q_learning,opaque_dependency_l8,tabular_q_learning,evaluation_seen,opaque,701,200,0.0,8.0,8.0,8.0,0.0,0.0,0.0,,,,0.0,0.0,0.0,0.00022300850076135249,8.0,0.0,8.0,,0.0,0.0,,,,,,,,,,
autonomy,autonomy,q_learning,opaque_dependency_l8,tabular_q_learning,evaluation_seen,opaque,761,200,0.0,8.0,8.0,8.0,0.0,0.0,0.0,,,,0.0,0.0,0.0,0.0002668310001899954,8.0,0.0,8.0,,0.0,0.0,,,,,,,,,,
autonomy,autonomy,q_learning,opaque_dependency_l8,tabular_q_learning,evaluation_seen,opaque,809,200,0.0,8.0,8.0,8.0,0.0,0.0,0.0,,,,0.0,0.0,0.0,0.00021059300008346326,8.0,0.0,8.0,,0.0,0.0,,,,,,,,,,
autonomy,autonomy,q_learning,opaque_dependency_l8,tabular_q_learning,evaluation_seen,opaque,857,200,0.0,8.0,8.0,8.0,0.0,0.0,0.0,,,,0.0,0.0,0.0,0.0002505269994435366,8.0,0.0,8.0,,0.0,0.0,,,,,,,,,,
autonomy,autonomy,q_learning,opaque_dependency_l8,tabular_q_learning,evaluation_seen,opaque,907,200,0.0,8.0,8.0,8.0,0.0,0.0,0.0,,,,0.0,0.0,0.0,0.000268022000673227,8.0,0.0,8.0,,0.0,0.0,,,,,,,,,,
autonomy,autonomy,q_learning,opaque_dependency_l8,tabular_q_learning,evaluation_seen,opaque,953,200,0.0,8.0,8.0,8.0,0.0,0.0,0.0,,,,0.0,0.0,0.0,0.0002504530003352556,8.0,0.0,8.0,,0.0,0.0,,,,,,,,,,
autonomy,autonomy,q_learning,opaque_dependency_l8,tabular_q_learning,evaluation_unseen_zero_shot,opaque,1009,200,0.0,8.0,8.0,8.0,0.0,0.0,0.0,,,,0.0,0.0,0.0,0.00023804799959179946,8.0,0.0,8.0,,0.0,0.0,,,,,,,,,,
autonomy,autonomy,q_learning,opaque_dependency_l8,tabular_q_learning,evaluation_unseen_zero_shot,opaque,1061,200,0.0,8.0,8.0,8.0,0.0,0.0,0.0,,,,0.0,0.0,0.0,0.00029444899904774503,8.0,0.0,8.0,,0.0,0.0,,,,,,,,,,
autonomy,autonomy,q_learning,opaque_dependency_l8,tabular_q_learning,evaluation_unseen_zero_shot,opaque,1103,200,0.0,8.0,8.0,8.0,0.0,0.0,0.0,,,,0.0,0.0,0.0,0.00024271249945741148,8.0,0.0,8.0,,0.0,0.0,,,,,,,,,,
autonomy,autonomy,q_learning,opaque_dependency_l8,tabular_q_learning,evaluation_unseen_zero_shot,opaque,1151,200,0.0,8.0,8.0,8.0,0.0,0.0,0.0,,,,0.0,0.0,0.0,0.0002314489996933844,8.0,0.0,8.0,,0.0,0.0,,,,,,,,,,
autonomy,autonomy,q_learning,opaque_dependency_l8,tabular_q_learning,evaluation_unseen_zero_shot,opaque,1201,200,0.0,8.0,8.0,8.0,0.0,0.0,0.0,,,,0.0,0.0,0.0,0.0003470079999533482,8.0,0.0,8.0,,0.0,0.0,,,,,,,,,,
autonomy,autonomy,q_learning,opaque_dependency_l8,tabular_q_learning,evaluation_unseen_zero_shot,opaque,1259,200,0.0,8.0,8.0,8.0,0.0,0.0,0.0,,,,0.0,0.0,0.0,0.0002624579997791443,8.0,0.0,8.0,,0.0,0.0,,,,,,,,,,
autonomy,autonomy,q_learning,opaque_dependency_l8,tabular_q_learning,evaluation_unseen_zero_shot,opaque,1301,200,0.0,8.0,8.0,8.0,0.0,0.0,0.0,,,,0.0,0.0,0.0,0.0002523435001785401,8.0,0.0,8.0,,0.0,0.0,,,,,,,,,,
autonomy,autonomy,q_learning,opaque_dependency_l8,tabular_q_learning,evaluation_unseen_zero_shot,opaque,131,200,0.0,8.0,8.0,8.0,0.0,0.0,0.0,,,,0.0,0.0,0.0,0.0002421619994856883,8.0,0.0,8.0,,0.0,0.0,,,,,,,,,,
autonomy,autonomy,q_learning,opaque_dependency_l8,tabular_q_learning,evaluation_unseen_zero_shot,opaque,1361,200,0.0,8.0,8.0,8.0,0.0,0.0,0.0,,,,0.0,0.0,0.0,0.00018687750038225202,8.0,0.0,8.0,,0.0,0.0,,,,,,,,,,
autonomy,autonomy,q_learning,opaque_dependency_l8,tabular_q_learning,evaluation_unseen_zero_shot,opaque,1423,200,0.0,8.0,8.0,8.0,0.0,0.0,0.0,,,,0.0,0.0,0.0,0.00028224300069268793,8.0,0.0,8.0,,0.0,0.0,,,,,,,,,,
autonomy,autonomy,q_learning,opaque_dependency_l8,tabular_q_learning,evaluation_unseen_zero_shot,opaque,1481,200,0.0,8.0,8.0,8.0,0.0,0.0,0.0,,,,0.0,0.0,0.0,0.00023917500002426095,8.0,0.0,8.0,,0.0,0.0,,,,,,,,,,
autonomy,autonomy,q_learning,opaque_dependency_l8,tabular_q_learning,evaluation_unseen_zero_shot,opaque,1543,200,0.0,8.0,8.0,8.0,0.0,0.0,0.0,,,,0.0,0.0,0.0,0.00023940800063428468,8.0,0.0,8.0,,0.0,0.0,,,,,,,,,,
autonomy,autonomy,q_learning,opaque_dependency_l8,tabular_q_learning,evaluation_unseen_zero_shot,opaque,1601,200,0.0,8.0,8.0,8.0,0.0,0.0,0.0,,,,0.0,0.0,0.0,0.00027378400060115384,8.0,0.0,8.0,,0.0,0.0,,,,,,,,,,
autonomy,autonomy,q_learning,opaque_dependency_l8,tabular_q_learning,evaluation_unseen_zero_shot,opaque,173,200,0.0,8.0,8.0,8.0,0.0,0.0,0.0,,,,0.0,0.0,0.0,0.00041592350069549863,8.0,0.0,8.0,,0.0,0.0,,,,,,,,,,
autonomy,autonomy,q_learning,opaque_dependency_l8,tabular_q_learning,evaluation_unseen_zero_shot,opaque,211,200,0.0,8.0,8.0,8.0,0.0,0.0,0.0,,,,0.0,0.0,0.0,0.00024231200048234315,8.0,0.0,8.0,,0.0,0.0,,,,,,,,,,
autonomy,autonomy,q_learning,opaque_dependency_l8,tabular_q_learning,evaluation_unseen_zero_shot,opaque,257,200,0.0,8.0,8.0,8.0,0.0,0.0,0.0,,,,0.0,0.0,0.0,0.0001867810006660875,8.0,0.0,8.0,,0.0,0.0,,,,,,,,,,
autonomy,autonomy,q_learning,opaque_dependency_l8,tabular_q_learning,evaluation_unseen_zero_shot,opaque,307,200,0.0,8.0,8.0,8.0,0.0,0.0,0.0,,,,0.0,0.0,0.0,0.00022134849961730652,8.0,0.0,8.0,,0.0,0.0,,,,,,,,,,
autonomy,autonomy,q_learning,opaque_dependency_l8,tabular_q_learning,evaluation_unseen_zero_shot,opaque,353,200,0.0,8.0,8.0,8.0,0.0,0.0,0.0,,,,0.0,0.0,0.0,0.00022760000021662563,8.0,0.0,8.0,,0.0,0.0,,,,,,,,,,
autonomy,autonomy,q_learning,opaque_dependency_l8,tabular_q_learning,evaluation_unseen_zero_shot,opaque,401,200,0.0,8.0,8.0,8.0,0.0,0.0,0.0,,,,0.0,0.0,0.0,0.00023855699910200202,8.0,0.0,8.0,,0.0,0.0,,,,,,,,,,
autonomy,autonomy,q_learning,opaque_dependency_l8,tabular_q_learning,evaluation_unseen_zero_shot,opaque,457,200,0.0,8.0,8.0,8.0,0.0,0.0,0.0,,,,0.0,0.0,0.0,0.0002543929990497418,8.0,0.0,8.0,,0.0,0.0,,,,,,,,,,
autonomy,autonomy,q_learning,opaque_dependency_l8,tabular_q_learning,evaluation_unseen_zero_shot,opaque,503,200,0.0,8.0,8.0,8.0,0.0,0.0,0.0,,,,0.0,0.0,0.0,0.0002039365004748106,8.0,0.0,8.0,,0.0,0.0,,,,,,,,,,
autonomy,autonomy,q_learning,opaque_dependency_l8,tabular_q_learning,evaluation_unseen_zero_shot,opaque,557,200,0.0,8.0,8.0,8.0,0.0,0.0,0.0,,,,0.0,0.0,0.0,0.00019928399909986184,8.0,0.0,8.0,,0.0,0.0,,,,,,,,,,
autonomy,autonomy,q_learning,opaque_dependency_l8,tabular_q_learning,evaluation_unseen_zero_shot,opaque,601,200,0.0,8.0,8.0,8.0,0.0,0.0,0.0,,,,0.0,0.0,0.0,0.00019326350098708645,8.0,0.0,8.0,,0.0,0.0,,,,,,,,,,
autonomy,autonomy,q_learning,opaque_dependency_l8,tabular_q_learning,evaluation_unseen_zero_shot,opaque,659,200,0.0,8.0,8.0,8.0,0.0,0.0,0.0,,,,0.0,0.0,0.0,0.00024998600070830435,8.0,0.0,8.0,,0.0,0.0,,,,,,,,,,
autonomy,autonomy,q_learning,opaque_dependency_l8,tabular_q_learning,evaluation_unseen_zero_shot,opaque,701,200,0.0,8.0,8.0,8.0,0.0,0.0,0.0,,,,0.0,0.0,0.0,0.0002367724991927389,8.0,0.0,8.0,,0.0,0.0,,,,,,,,,,
autonomy,autonomy,q_learning,opaque_dependency_l8,tabular_q_learning,evaluation_unseen_zero_shot,opaque,761,200,0.0,8.0,8.0,8.0,0.0,0.0,0.0,,,,0.0,0.0,0.0,0.00025336349994177,8.0,0.0,8.0,,0.0,0.0,,,,,,,,,,
autonomy,autonomy,q_learning,opaque_dependency_l8,tabular_q_learning,evaluation_unseen_zero_shot,opaque,809,200,0.0,8.0,8.0,8.0,0.0,0.0,0.0,,,,0.0,0.0,0.0,0.00038616899924818424,8.0,0.0,8.0,,0.0,0.0,,,,,,,,,,
autonomy,autonomy,q_learning,opaque_dependency_l8,tabular_q_learning,evaluation_unseen_zero_shot,opaque,857,200,0.0,8.0,8.0,8.0,0.0,0.0,0.0,,,,0.0,0.0,0.0,0.0002677555002446752,8.0,0.0,8.0,,0.0,0.0,,,,,,,,,,
autonomy,autonomy,q_learning,opaque_dependency_l8,tabular_q_learning,evaluation_unseen_zero_shot,opaque,907,200,0.0,8.0,8.0,8.0,0.0,0.0,0.0,,,,0.0,0.0,0.0,0.00050707450020127,8.0,0.0,8.0,,0.0,0.0,,,,,,,,,,
autonomy,autonomy,q_learning,opaque_dependency_l8,tabular_q_learning,evaluation_unseen_zero_shot,opaque,953,200,0.0,8.0,8.0,8.0,0.0,0.0,0.0,,,,0.0,0.0,0.0,0.0002213825007493142,8.0,0.0,8.0,,0.0,0.0,,,,,,,,,,
autonomy,autonomy,q_learning,opaque_dependency_l8,tabular_q_learning,training,opaque,1009,2000,0.0,8.0,8.0,8.0,0.0,0.0,0.0,0.0,0.0,0.0,0.0,0.0,0.0,0.00035379739971540405,8.0,0.0,8.0,,0.0,0.0,0.0,0.0,,,,,,,,
autonomy,autonomy,q_learning,opaque_dependency_l8,tabular_q_learning,training,opaque,1061,2000,0.001,8.0,8.0,8.0,0.001,0.0,0.0,0.0,0.0,0.0,0.0,0.0,0.001,0.00032184189969848375,8.0,0.0,8.0,,0.0,0.0,0.0010005002501250625,0.0,4376,,,,,,,
autonomy,autonomy,q_learning,opaque_dependency_l8,tabular_q_learning,training,opaque,1103,2000,0.002,8.0,8.0,8.0,0.002,0.0,0.0,0.0,0.0,0.0,0.0,0.0,0.002,0.00035383259995433035,8.0,0.0,8.0,,0.0,0.0,0.002001000500250125,0.0,336,,,,,,,
autonomy,autonomy,q_learning,opaque_dependency_l8,tabular_q_learning,training,opaque,1151,2000,0.0015,8.0,8.0,8.0,0.0015,0.0,0.0,0.0,0.0,0.0,0.0,0.0,0.0015,0.0003507248997921124,8.0,0.0,8.0,,0.0,0.0,0.0015007503751875938,0.0,1160,,,,,,,
autonomy,autonomy,q_learning,opaque_dependency_l8,tabular_q_learning,training,opaque,1201,2000,0.001,8.0,8.0,8.0,0.001,0.0,0.0,0.0,0.0,0.0,0.0,0.0,0.001,0.0003238376997469459,8.0,0.0,8.0,,0.0,0.0,0.0010005002501250625,0.0,4288,,,,,,,
autonomy,autonomy,q_learning,opaque_dependency_l8,tabular_q_learning,training,opaque,1259,2000,0.002,8.0,8.0,8.0,0.002,0.0,0.0,0.0,0.0,0.0,0.0,0.0,0.002,0.0003183282498503104,8.0,0.0,8.0,,0.0,0.0,0.002001000500250125,0.0,152,,,,,,,
autonomy,autonomy,q_learning,opaque_dependency_l8,tabular_q_learning,training,opaque,1301,2000,0.0005,8.0,8.0,8.0,0.0005,0.0,0.0,0.0,0.0,0.0,0.0,0.0,0.0005,0.00033212085023114925,8.0,0.0,8.0,,0.0,0.0,0.0005002501250625312,0.0,336,,,,,,,
autonomy,autonomy,q_learning,opaque_dependency_l8,tabular_q_learning,training,opaque,131,2000,0.0,8.0,8.0,8.0,0.0,0.0,0.0,0.0,0.0,0.0,0.0,0.0,0.0,0.00035820849995070605,8.0,0.0,8.0,,0.0,0.0,0.0,0.0,,,,,,,,
autonomy,autonomy,q_learning,opaque_dependency_l8,tabular_q_learning,training,opaque,1361,2000,0.0005,8.0,8.0,8.0,0.0005,0.0,0.0,0.0,0.0,0.0,0.0,0.0,0.0005,0.00032240379975701216,8.0,0.0,8.0,,0.0,0.0,0.0005002501250625312,0.0,792,,,,,,,
autonomy,autonomy,q_learning,opaque_dependency_l8,tabular_q_learning,training,opaque,1423,2000,0.002,8.0,8.0,8.0,0.002,0.0,0.0,0.0,0.0,0.0,0.0,0.0,0.002,0.00033939764983369967,8.0,0.0,8.0,,0.0,0.0,0.002001000500250125,0.0,640,,,,,,,
autonomy,autonomy,q_learning,opaque_dependency_l8,tabular_q_learning,training,opaque,1481,2000,0.0015,8.0,8.0,8.0,0.0015,0.0,0.0,0.0,0.0,0.0,0.0,0.0,0.0015,0.0003154474500479409,8.0,0.0,8.0,,0.0,0.0,0.0015007503751875938,0.0,2200,,,,,,,
autonomy,autonomy,q_learning,opaque_dependency_l8,tabular_q_learning,training,opaque,1543,2000,0.0025,8.0,8.0,8.0,0.0025,0.0,0.0,0.0,0.0,0.0,0.0,0.0,0.0025,0.0003182795499014901,8.0,0.0,8.0,,0.0,0.0,0.0025012506253126563,0.0,272,,,,,,,
autonomy,autonomy,q_learning,opaque_dependency_l8,tabular_q_learning,training,opaque,1601,2000,0.0015,8.0,8.0,8.0,0.0015,0.0,0.0,0.0,0.0,0.0,0.0,0.0,0.0015,0.0003037274500820786,8.0,0.0,8.0,,0.0,0.0,0.0015007503751875938,0.0,592,,,,,,,
autonomy,autonomy,q_learning,opaque_dependency_l8,tabular_q_learning,training,opaque,173,2000,0.001,8.0,8.0,8.0,0.001,0.0,0.0,0.0,0.0,0.0,0.0,0.0,0.001,0.0002957454998686444,8.0,0.0,8.0,,0.0,0.0,0.0010005002501250625,0.0,64,,,,,,,
autonomy,autonomy,q_learning,opaque_dependency_l8,tabular_q_learning,training,opaque,211,2000,0.0,8.0,8.0,8.0,0.0,0.0,0.0,0.0,0.0,0.0,0.0,0.0,0.0,0.0003448167001042748,8.0,0.0,8.0,,0.0,0.0,0.0,0.0,,,,,,,,
autonomy,autonomy,q_learning,opaque_dependency_l8,tabular_q_learning,training,opaque,257,2000,0.0015,8.0,8.0,8.0,0.0015,0.0,0.0,0.0,0.0,0.0,0.0,0.0,0.0015,0.00031244685016281436,8.0,0.0,8.0,,0.0,0.0,0.0015007503751875938,0.0,1048,,,,,,,
autonomy,autonomy,q_learning,opaque_dependency_l8,tabular_q_learning,training,opaque,307,2000,0.0595,8.0,8.0,8.0,0.0595,0.0,0.0,0.0,0.0,0.0,0.0,0.0,0.0595,0.0003339754005719442,8.0,0.0,8.0,,0.0,0.0,0.05952976488244122,0.105,400,,,,,,,
autonomy,autonomy,q_learning,opaque_dependency_l8,tabular_q_learning,training,opaque,353,2000,0.001,8.0,8.0,8.0,0.001,0.0,0.0,0.0,0.0,0.0,0.0,0.0,0.001,0.0002675385498150717,8.0,0.0,8.0,,0.0,0.0,0.0010005002501250625,0.0,1968,,,,,,,
autonomy,autonomy,q_learning,opaque_dependency_l8,tabular_q_learning,training,opaque,401,2000,0.003,8.0,8.0,8.0,0.003,0.0,0.0,0.0,0.0,0.0,0.0,0.0,0.003,0.00034645309987536165,8.0,0.0,8.0,,0.0,0.0,0.0030015007503751876,0.0,504,,,,,,,
autonomy,autonomy,q_learning,opaque_dependency_l8,tabular_q_learning,training,opaque,457,2000,0.0015,8.0,8.0,8.0,0.0015,0.0,0.0,0.0,0.0,0.0,0.0,0.0,0.0015,0.00032711594985448755,8.0,0.0,8.0,,0.0,0.0,0.0015007503751875938,0.0,184,,,,,,,
autonomy,autonomy,q_learning,opaque_dependency_l8,tabular_q_learning,training,opaque,503,2000,0.001,8.0,8.0,8.0,0.001,0.0,0.0,0.0,0.0,0.0,0.0,0.0,0.001,0.00029831825016299264,8.0,0.0,8.0,,0.0,0.0,0.0010005002501250625,0.0,272,,,,,,,
autonomy,autonomy,q_learning,opaque_dependency_l8,tabular_q_learning,training,opaque,557,2000,0.001,8.0,8.0,8.0,0.001,0.0,0.0,0.0,0.0,0.0,0.0,0.0,0.001,0.0003377775499247946,8.0,0.0,8.0,,0.0,0.0,0.0010005002501250625,0.0,1280,,,,,,,
autonomy,autonomy,q_learning,opaque_dependency_l8,tabular_q_learning,training,opaque,601,2000,0.0,8.0,8.0,8.0,0.0,0.0,0.0,0.0,0.0,0.0,0.0,0.0,0.0,0.0003207843001873698,8.0,0.0,8.0,,0.0,0.0,0.0,0.0,,,,,,,,
autonomy,autonomy,q_learning,opaque_dependency_l8,tabular_q_learning,training,opaque,659,2000,0.002,8.0,8.0,8.0,0.002,0.0,0.0,0.0,0.0,0.0,0.0,0.0,0.002,0.0003547619003220461,8.0,0.0,8.0,,0.0,0.0,0.002001000500250125,0.0,408,,,,,,,
autonomy,autonomy,q_learning,opaque_dependency_l8,tabular_q_learning,training,opaque,701,2000,0.001,8.0,8.0,8.0,0.001,0.0,0.0,0.0,0.0,0.0,0.0,0.0,0.001,0.00031152654979086947,8.0,0.0,8.0,,0.0,0.0,0.0010005002501250625,0.0,1304,,,,,,,
autonomy,autonomy,q_learning,opaque_dependency_l8,tabular_q_learning,training,opaque,761,2000,0.001,8.0,8.0,8.0,0.001,0.0,0.0,0.0,0.0,0.0,0.0,0.0,0.001,0.00036452225063112565,8.0,0.0,8.0,,0.0,0.0,0.0010005002501250625,0.0,1856,,,,,,,
autonomy,autonomy,q_learning,opaque_dependency_l8,tabular_q_learning,training,opaque,809,2000,0.0,8.0,8.0,8.0,0.0,0.0,0.0,0.0,0.0,0.0,0.0,0.0,0.0,0.00030200229986803606,8.0,0.0,8.0,,0.0,0.0,0.0,0.0,,,,,,,,
autonomy,autonomy,q_learning,opaque_dependency_l8,tabular_q_learning,training,opaque,857,2000,0.0005,8.0,8.0,8.0,0.0005,0.0,0.0,0.0,0.0,0.0,0.0,0.0,0.0005,0.0003944785495259566,8.0,0.0,8.0,,0.0,0.0,0.0005002501250625312,0.0,1528,,,,,,,
autonomy,autonomy,q_learning,opaque_dependency_l8,tabular_q_learning,training,opaque,907,2000,0.0,8.0,8.0,8.0,0.0,0.0,0.0,0.0,0.0,0.0,0.0,0.0,0.0,0.00036539524992986117,8.0,0.0,8.0,,0.0,0.0,0.0,0.0,,,,,,,,
autonomy,autonomy,q_learning,opaque_dependency_l8,tabular_q_learning,training,opaque,953,2000,0.001,8.0,8.0,8.0,0.001,0.0,0.0,0.0,0.0,0.0,0.0,0.0,0.001,0.0003596957997651771,8.0,0.0,8.0,,0.0,0.0,0.0010005002501250625,0.0,1472,,,,,,,
autonomy,autonomy,random,opaque_dependency_l4,none,evaluation_seen,opaque,1009,200,0.075,4.0,4.0,4.0,0.075,0.0,0.0,0.0,0.0,,0.0,0.0,0.075,0.002117995499866083,4.0,0.0,4.0,,0.0,0.0,,,,,,,,,,
autonomy,autonomy,random,opaque_dependency_l4,none,evaluation_seen,opaque,1061,200,0.095,4.0,4.0,4.0,0.095,0.0,0.0,0.0,0.0,,0.0,0.0,0.095,0.001986755000980338,4.0,0.0,4.0,,0.0,0.0,,,,,,,,,,
autonomy,autonomy,random,opaque_dependency_l4,none,evaluation_seen,opaque,1103,200,0.07,4.0,4.0,4.0,0.07,0.0,0.0,0.0,0.0,,0.0,0.0,0.07,0.0018040794995613397,4.0,0.0,4.0,,0.0,0.0,,,,,,,,,,
autonomy,autonomy,random,opaque_dependency_l4,none,evaluation_seen,opaque,1151,200,0.06,4.0,4.0,4.0,0.06,0.0,0.0,0.0,0.0,,0.0,0.0,0.06,0.0020435825003369246,4.0,0.0,4.0,,0.0,0.0,,,,,,,,,,
autonomy,autonomy,random,opaque_dependency_l4,none,evaluation_seen,opaque,1201,200,0.08,4.0,4.0,4.0,0.08,0.0,0.0,0.0,0.0,,0.0,0.0,0.08,0.0020869460003450514,4.0,0.0,4.0,,0.0,0.0,,,,,,,,,,
autonomy,autonomy,random,opaque_dependency_l4,none,evaluation_seen,opaque,1259,200,0.08,4.0,4.0,4.0,0.08,0.0,0.0,0.0,0.0,,0.0,0.0,0.08,0.001943965000245953,4.0,0.0,4.0,,0.0,0.0,,,,,,,,,,
autonomy,autonomy,random,opaque_dependency_l4,none,evaluation_seen,opaque,1301,200,0.055,4.0,4.0,4.0,0.055,0.0,0.0,0.0,0.0,,0.0,0.0,0.055,0.0016162595005880576,4.0,0.0,4.0,,0.0,0.0,,,,,,,,,,
autonomy,autonomy,random,opaque_dependency_l4,none,evaluation_seen,opaque,131,200,0.035,4.0,4.0,4.0,0.035,0.0,0.0,0.0,0.0,,0.0,0.0,0.035,0.0022065919994201976,4.0,0.0,4.0,,0.0,0.0,,,,,,,,,,
autonomy,autonomy,random,opaque_dependency_l4,none,evaluation_seen,opaque,1361,200,0.07,4.0,4.0,4.0,0.07,0.0,0.0,0.0,0.0,,0.0,0.0,0.07,0.0021169035001366867,4.0,0.0,4.0,,0.0,0.0,,,,,,,,,,
autonomy,autonomy,random,opaque_dependency_l4,none,evaluation_seen,opaque,1423,200,0.065,4.0,4.0,4.0,0.065,0.0,0.0,0.0,0.0,,0.0,0.0,0.065,0.0021983870011172257,4.0,0.0,4.0,,0.0,0.0,,,,,,,,,,
autonomy,autonomy,random,opaque_dependency_l4,none,evaluation_seen,opaque,1481,200,0.125,4.0,4.0,4.0,0.125,0.0,0.0,0.0,0.0,,0.0,0.0,0.125,0.0018135585010168142,4.0,0.0,4.0,,0.0,0.0,,,,,,,,,,
autonomy,autonomy,random,opaque_dependency_l4,none,evaluation_seen,opaque,1543,200,0.08,4.0,4.0,4.0,0.08,0.0,0.0,0.0,0.0,,0.0,0.0,0.08,0.0020867985011136627,4.0,0.0,4.0,,0.0,0.0,,,,,,,,,,
autonomy,autonomy,random,opaque_dependency_l4,none,evaluation_seen,opaque,1601,200,0.06,4.0,4.0,4.0,0.06,0.0,0.0,0.0,0.0,,0.0,0.0,0.06,0.0020983134994457943,4.0,0.0,4.0,,0.0,0.0,,,,,,,,,,
autonomy,autonomy,random,opaque_dependency_l4,none,evaluation_seen,opaque,173,200,0.055,4.0,4.0,4.0,0.055,0.0,0.0,0.0,0.0,,0.0,0.0,0.055,0.00224479800046538,4.0,0.0,4.0,,0.0,0.0,,,,,,,,,,
autonomy,autonomy,random,opaque_dependency_l4,none,evaluation_seen,opaque,211,200,0.07,4.0,4.0,4.0,0.07,0.0,0.0,0.0,0.0,,0.0,0.0,0.07,0.0019975734998297413,4.0,0.0,4.0,,0.0,0.0,,,,,,,,,,
autonomy,autonomy,random,opaque_dependency_l4,none,evaluation_seen,opaque,257,200,0.055,4.0,4.0,4.0,0.055,0.0,0.0,0.0,0.0,,0.0,0.0,0.055,0.0020566599997982847,4.0,0.0,4.0,,0.0,0.0,,,,,,,,,,
autonomy,autonomy,random,opaque_dependency_l4,none,evaluation_seen,opaque,307,200,0.105,4.0,4.0,4.0,0.105,0.0,0.0,0.0,0.0,,0.0,0.0,0.105,0.0019057220000831877,4.0,0.0,4.0,,0.0,0.0,,,,,,,,,,
autonomy,autonomy,random,opaque_dependency_l4,none,evaluation_seen,opaque,353,200,0.07,4.0,4.0,4.0,0.07,0.0,0.0,0.0,0.0,,0.0,0.0,0.07,0.002127396501309704,4.0,0.0,4.0,,0.0,0.0,,,,,,,,,,
autonomy,autonomy,random,opaque_dependency_l4,none,evaluation_seen,opaque,401,200,0.11,4.0,4.0,4.0,0.11,0.0,0.0,0.0,0.0,,0.0,0.0,0.11,0.0015964474997599608,4.0,0.0,4.0,,0.0,0.0,,,,,,,,,,
autonomy,autonomy,random,opaque_dependency_l4,none,evaluation_seen,opaque,457,200,0.045,4.0,4.0,4.0,0.045,0.0,0.0,0.0,0.0,,0.0,0.0,0.045,0.0017289249997702427,4.0,0.0,4.0,,0.0,0.0,,,,,,,,,,
autonomy,autonomy,random,opaque_dependency_l4,none,evaluation_seen,opaque,503,200,0.05,4.0,4.0,4.0,0.05,0.0,0.0,0.0,0.0,,0.0,0.0,0.05,0.001691595999436686,4.0,0.0,4.0,,0.0,0.0,,,,,,,,,,
autonomy,autonomy,random,opaque_dependency_l4,none,evaluation_seen,opaque,557,200,0.06,4.0,4.0,4.0,0.06,0.0,0.0,0.0,0.0,,0.0,0.0,0.06,0.0019102184992516413,4.0,0.0,4.0,,0.0,0.0,,,,,,,,,,
autonomy,autonomy,random,opaque_dependency_l4,none,evaluation_seen,opaque,601,200,0.05,4.0,4.0,4.0,0.05,0.0,0.0,0.0,0.0,,0.0,0.0,0.05,0.0015065690001938492,4.0,0.0,4.0,,0.0,0.0,,,,,,,,,,
autonomy,autonomy,random,opaque_dependency_l4,none,evaluation_seen,opaque,659,200,0.05,4.0,4.0,4.0,0.05,0.0,0.0,0.0,0.0,,0.0,0.0,0.05,0.0018181089992867782,4.0,0.0,4.0,,0.0,0.0,,,,,,,,,,
autonomy,autonomy,random,opaque_dependency_l4,none,evaluation_seen,opaque,701,200,0.06,4.0,4.0,4.0,0.06,0.0,0.0,0.0,0.0,,0.0,0.0,0.06,0.002127364999323618,4.0,0.0,4.0,,0.0,0.0,,,,,,,,,,
autonomy,autonomy,random,opaque_dependency_l4,none,evaluation_seen,opaque,761,200,0.04,4.0,4.0,4.0,0.04,0.0,0.0,0.0,0.0,,0.0,0.0,0.04,0.0019953425003041048,4.0,0.0,4.0,,0.0,0.0,,,,,,,,,,
autonomy,autonomy,random,opaque_dependency_l4,none,evaluation_seen,opaque,809,200,0.05,4.0,4.0,4.0,0.05,0.0,0.0,0.0,0.0,,0.0,0.0,0.05,0.0020367790006275755,4.0,0.0,4.0,,0.0,0.0,,,,,,,,,,
autonomy,autonomy,random,opaque_dependency_l4,none,evaluation_seen,opaque,857,200,0.05,4.0,4.0,4.0,0.05,0.0,0.0,0.0,0.0,,0.0,0.0,0.05,0.0021400299991364592,4.0,0.0,4.0,,0.0,0.0,,,,,,,,,,
autonomy,autonomy,random,opaque_dependency_l4,none,evaluation_seen,opaque,907,200,0.08,4.0,4.0,4.0,0.08,0.0,0.0,0.0,0.0,,0.0,0.0,0.08,0.002026904999220278,4.0,0.0,4.0,,0.0,0.0,,,,,,,,,,
autonomy,autonomy,random,opaque_dependency_l4,none,evaluation_seen,opaque,953,200,0.065,4.0,4.0,4.0,0.065,0.0,0.0,0.0,0.0,,0.0,0.0,0.065,0.002116240498871775,4.0,0.0,4.0,,0.0,0.0,,,,,,,,,,
autonomy,autonomy,random,opaque_dependency_l4,none,evaluation_unseen_zero_shot,opaque,1009,200,0.075,4.0,4.0,4.0,0.075,0.0,0.0,0.0,0.0,,0.0,0.0,0.075,0.0021338480002305003,4.0,0.0,4.0,,0.0,0.0,,,,,,,,,,
autonomy,autonomy,random,opaque_dependency_l4,none,evaluation_unseen_zero_shot,opaque,1061,200,0.045,4.0,4.0,4.0,0.045,0.0,0.0,0.0,0.0,,0.0,0.0,0.045,0.0021412540004530456,4.0,0.0,4.0,,0.0,0.0,,,,,,,,,,
autonomy,autonomy,random,opaque_dependency_l4,none,evaluation_unseen_zero_shot,opaque,1103,200,0.095,4.0,4.0,4.0,0.095,0.0,0.0,0.0,0.0,,0.0,0.0,0.095,0.0017867254991142546,4.0,0.0,4.0,,0.0,0.0,,,,,,,,,,
autonomy,autonomy,random,opaque_dependency_l4,none,evaluation_unseen_zero_shot,opaque,1151,200,0.075,4.0,4.0,4.0,0.075,0.0,0.0,0.0,0.0,,0.0,0.0,0.075,0.002160672000172781,4.0,0.0,4.0,,0.0,0.0,,,,,,,,,,
autonomy,autonomy,random,opaque_dependency_l4,none,evaluation_unseen_zero_shot,opaque,1201,200,0.045,4.0,4.0,4.0,0.045,0.0,0.0,0.0,0.0,,0.0,0.0,0.045,0.0020651000004727393,4.0,0.0,4.0,,0.0,0.0,,,,,,,,,,
autonomy,autonomy,random,opaque_dependency_l4,none,evaluation_unseen_zero_shot,opaque,1259,200,0.06,4.0,4.0,4.0,0.06,0.0,0.0,0.0,0.0,,0.0,0.0,0.06,0.002077150499681011,4.0,0.0,4.0,,0.0,0.0,,,,,,,,,,
autonomy,autonomy,random,opaque_dependency_l4,none,evaluation_unseen_zero_shot,opaque,1301,200,0.085,4.0,4.0,4.0,0.085,0.0,0.0,0.0,0.0,,0.0,0.0,0.085,0.0017580364989407827,4.0,0.0,4.0,,0.0,0.0,,,,,,,,,,
autonomy,autonomy,random,opaque_dependency_l4,none,evaluation_unseen_zero_shot,opaque,131,200,0.035,4.0,4.0,4.0,0.035,0.0,0.0,0.0,0.0,,0.0,0.0,0.035,0.0021753894990251864,4.0,0.0,4.0,,0.0,0.0,,,,,,,,,,
autonomy,autonomy,random,opaque_dependency_l4,none,evaluation_unseen_zero_shot,opaque,1361,200,0.06,4.0,4.0,4.0,0.06,0.0,0.0,0.0,0.0,,0.0,0.0,0.06,0.0021625845006201416,4.0,0.0,4.0,,0.0,0.0,,,,,,,,,,
autonomy,autonomy,random,opaque_dependency_l4,none,evaluation_unseen_zero_shot,opaque,1423,200,0.07,4.0,4.0,4.0,0.07,0.0,0.0,0.0,0.0,,0.0,0.0,0.07,0.002165691999834962,4.0,0.0,4.0,,0.0,0.0,,,,,,,,,,
autonomy,autonomy,random,opaque_dependency_l4,none,evaluation_unseen_zero_shot,opaque,1481,200,0.085,4.0,4.0,4.0,0.085,0.0,0.0,0.0,0.0,,0.0,0.0,0.085,0.0016889494992210529,4.0,0.0,4.0,,0.0,0.0,,,,,,,,,,
autonomy,autonomy,random,opaque_dependency_l4,none,evaluation_unseen_zero_shot,opaque,1543,200,0.045,4.0,4.0,4.0,0.045,0.0,0.0,0.0,0.0,,0.0,0.0,0.045,0.002164439499756554,4.0,0.0,4.0,,0.0,0.0,,,,,,,,,,
autonomy,autonomy,random,opaque_dependency_l4,none,evaluation_unseen_zero_shot,opaque,1601,200,0.065,4.0,4.0,4.0,0.065,0.0,0.0,0.0,0.0,,0.0,0.0,0.065,0.0020363415010797325,4.0,0.0,4.0,,0.0,0.0,,,,,,,,,,
autonomy,autonomy,random,opaque_dependency_l4,none,evaluation_unseen_zero_shot,opaque,173,200,0.075,4.0,4.0,4.0,0.075,0.0,0.0,0.0,0.0,,0.0,0.0,0.075,0.0021181195018289147,4.0,0.0,4.0,,0.0,0.0,,,,,,,,,,
autonomy,autonomy,random,opaque_dependency_l4,none,evaluation_unseen_zero_shot,opaque,211,200,0.08,4.0,4.0,4.0,0.08,0.0,0.0,0.0,0.0,,0.0,0.0,0.08,0.0018388685000536498,4.0,0.0,4.0,,0.0,0.0,,,,,,,,,,
autonomy,autonomy,random,opaque_dependency_l4,none,evaluation_unseen_zero_shot,opaque,257,200,0.07,4.0,4.0,4.0,0.07,0.0,0.0,0.0,0.0,,0.0,0.0,0.07,0.002206566501263296,4.0,0.0,4.0,,0.0,0.0,,,,,,,,,,
autonomy,autonomy,random,opaque_dependency_l4,none,evaluation_unseen_zero_shot,opaque,307,200,0.05,4.0,4.0,4.0,0.05,0.0,0.0,0.0,0.0,,0.0,0.0,0.05,0.0018668210002942942,4.0,0.0,4.0,,0.0,0.0,,,,,,,,,,
autonomy,autonomy,random,opaque_dependency_l4,none,evaluation_unseen_zero_shot,opaque,353,200,0.055,4.0,4.0,4.0,0.055,0.0,0.0,0.0,0.0,,0.0,0.0,0.055,0.0020303904989850707,4.0,0.0,4.0,,0.0,0.0,,,,,,,,,,
autonomy,autonomy,random,opaque_dependency_l4,none,evaluation_unseen_zero_shot,opaque,401,200,0.045,4.0,4.0,4.0,0.045,0.0,0.0,0.0,0.0,,0.0,0.0,0.045,0.0020743145007872956,4.0,0.0,4.0,,0.0,0.0,,,,,,,,,,
autonomy,autonomy,random,opaque_dependency_l4,none,evaluation_unseen_zero_shot,opaque,457,200,0.035,4.0,4.0,4.0,0.035,0.0,0.0,0.0,0.0,,0.0,0.0,0.035,0.0017399655014742165,4.0,0.0,4.0,,0.0,0.0,,,,,,,,,,
autonomy,autonomy,random,opaque_dependency_l4,none,evaluation_unseen_zero_shot,opaque,503,200,0.035,4.0,4.0,4.0,0.035,0.0,0.0,0.0,0.0,,0.0,0.0,0.035,0.0022169494995614514,4.0,0.0,4.0,,0.0,0.0,,,,,,,,,,
autonomy,autonomy,random,opaque_dependency_l4,none,evaluation_unseen_zero_shot,opaque,557,200,0.065,4.0,4.0,4.0,0.065,0.0,0.0,0.0,0.0,,0.0,0.0,0.065,0.0022076939987891817,4.0,0.0,4.0,,0.0,0.0,,,,,,,,,,
autonomy,autonomy,random,opaque_dependency_l4,none,evaluation_unseen_zero_shot,opaque,601,200,0.045,4.0,4.0,4.0,0.045,0.0,0.0,0.0,0.0,,0.0,0.0,0.045,0.002102568500267807,4.0,0.0,4.0,,0.0,0.0,,,,,,,,,,
autonomy,autonomy,random,opaque_dependency_l4,none,evaluation_unseen_zero_shot,opaque,659,200,0.065,4.0,4.0,4.0,0.065,0.0,0.0,0.0,0.0,,0.0,0.0,0.065,0.0020887564995791764,4.0,0.0,4.0,,0.0,0.0,,,,,,,,,,
autonomy,autonomy,random,opaque_dependency_l4,none,evaluation_unseen_zero_shot,opaque,701,200,0.07,4.0,4.0,4.0,0.07,0.0,0.0,0.0,0.0,,0.0,0.0,0.07,0.002100344999344088,4.0,0.0,4.0,,0.0,0.0,,,,,,,,,,
autonomy,autonomy,random,opaque_dependency_l4,none,evaluation_unseen_zero_shot,opaque,761,200,0.06,4.0,4.0,4.0,0.06,0.0,0.0,0.0,0.0,,0.0,0.0,0.06,0.0020019244989089202,4.0,0.0,4.0,,0.0,0.0,,,,,,,,,,
autonomy,autonomy,random,opaque_dependency_l4,none,evaluation_unseen_zero_shot,opaque,809,200,0.055,4.0,4.0,4.0,0.055,0.0,0.0,0.0,0.0,,0.0,0.0,0.055,0.0020244829994044266,4.0,0.0,4.0,,0.0,0.0,,,,,,,,,,
autonomy,autonomy,random,opaque_dependency_l4,none,evaluation_unseen_zero_shot,opaque,857,200,0.05,4.0,4.0,4.0,0.05,0.0,0.0,0.0,0.0,,0.0,0.0,0.05,0.0021594609989551827,4.0,0.0,4.0,,0.0,0.0,,,,,,,,,,
autonomy,autonomy,random,opaque_dependency_l4,none,evaluation_unseen_zero_shot,opaque,907,200,0.065,4.0,4.0,4.0,0.065,0.0,0.0,0.0,0.0,,0.0,0.0,0.065,0.001653119498369051,4.0,0.0,4.0,,0.0,0.0,,,,,,,,,,
autonomy,autonomy,random,opaque_dependency_l4,none,evaluation_unseen_zero_shot,opaque,953,200,0.045,4.0,4.0,4.0,0.045,0.0,0.0,0.0,0.0,,0.0,0.0,0.045,0.002167884500668151,4.0,0.0,4.0,,0.0,0.0,,,,,,,,,,
autonomy,autonomy,random,opaque_dependency_l4,none,training,opaque,1009,2000,0.064,4.0,4.0,4.0,0.064,0.0,0.0,0.0,0.0,0.0,0.0,0.0,0.064,0.0002091738001909107,4.0,0.0,4.0,,0.0,0.0,0.064032016008004,0.035,16,,,,,,,
autonomy,autonomy,random,opaque_dependency_l4,none,training,opaque,1061,2000,0.0635,4.0,4.0,4.0,0.0635,0.0,0.0,0.0,0.0,0.0,0.0,0.0,0.0635,0.00021772500021324958,4.0,0.0,4.0,,0.0,0.0,0.06353176588294147,0.065,184,,,,,,,
autonomy,autonomy,random,opaque_dependency_l4,none,training,opaque,1103,2000,0.066,4.0,4.0,4.0,0.066,0.0,0.0,0.0,0.0,0.0,0.0,0.0,0.066,0.00017071304989804047,4.0,0.0,4.0,,0.0,0.0,0.06603301650825413,0.055,148,,,,,,,
autonomy,autonomy,random,opaque_dependency_l4,none,training,opaque,1151,2000,0.0575,4.0,4.0,4.0,0.0575,0.0,0.0,0.0,0.0,0.0,0.0,0.0,0.0575,0.0002076651000243146,4.0,0.0,4.0,,0.0,0.0,0.057528764382191094,0.02,40,,,,,,,
autonomy,autonomy,random,opaque_dependency_l4,none,training,opaque,1201,2000,0.067,4.0,4.0,4.0,0.067,0.0,0.0,0.0,0.0,0.0,0.0,0.0,0.067,0.00018984800006728619,4.0,0.0,4.0,,0.0,0.0,0.0670335167583792,0.09,52,,,,,,,
autonomy,autonomy,random,opaque_dependency_l4,none,training,opaque,1259,2000,0.066,4.0,4.0,4.0,0.066,0.0,0.0,0.0,0.0,0.0,0.0,0.0,0.066,0.0001748513998609269,4.0,0.0,4.0,,0.0,0.0,0.06578289144572286,0.075,36,,,,,,,
autonomy,autonomy,random,opaque_dependency_l4,none,training,opaque,1301,2000,0.0675,4.0,4.0,4.0,0.0675,0.0,0.0,0.0,0.0,0.0,0.0,0.0,0.0675,0.00016747449997637888,4.0,0.0,4.0,,0.0,0.0,0.06753376688344172,0.09,36,,,,,,,
autonomy,autonomy,random,opaque_dependency_l4,none,training,opaque,131,2000,0.0675,4.0,4.0,4.0,0.0675,0.0,0.0,0.0,0.0,0.0,0.0,0.0,0.0675,0.00020579540039761924,4.0,0.0,4.0,,0.0,0.0,0.06753376688344172,0.115,116,,,,,,,
autonomy,autonomy,random,opaque_dependency_l4,none,training,opaque,1361,2000,0.067,4.0,4.0,4.0,0.067,0.0,0.0,0.0,0.0,0.0,0.0,0.0,0.067,0.00019691829998919275,4.0,0.0,4.0,,0.0,0.0,0.0670335167583792,0.07,120,,,,,,,
autonomy,autonomy,random,opaque_dependency_l4,none,training,opaque,1423,2000,0.0645,4.0,4.0,4.0,0.0645,0.0,0.0,0.0,0.0,0.0,0.0,0.0,0.0645,0.00017964390009001362,4.0,0.0,4.0,,0.0,0.0,0.06453226613306653,0.075,148,,,,,,,
autonomy,autonomy,random,opaque_dependency_l4,none,training,opaque,1481,2000,0.0565,4.0,4.0,4.0,0.0565,0.0,0.0,0.0,0.0,0.0,0.0,0.0,0.0565,0.00017836155016266275,4.0,0.0,4.0,,0.0,0.0,0.05652826413206603,0.065,60,,,,,,,
autonomy,autonomy,random,opaque_dependency_l4,none,training,opaque,1543,2000,0.0545,4.0,4.0,4.0,0.0545,0.0,0.0,0.0,0.0,0.0,0.0,0.0,0.0545,0.00018733114992210175,4.0,0.0,4.0,,0.0,0.0,0.054527263631815905,0.035,28,,,,,,,
autonomy,autonomy,random,opaque_dependency_l4,none,training,opaque,1601,2000,0.069,4.0,4.0,4.0,0.069,0.0,0.0,0.0,0.0,0.0,0.0,0.0,0.069,0.00018073595024179666,4.0,0.0,4.0,,0.0,0.0,0.06903451725862932,0.055,140,,,,,,,
autonomy,autonomy,random,opaque_dependency_l4,none,training,opaque,173,2000,0.0695,4.0,4.0,4.0,0.0695,0.0,0.0,0.0,0.0,0.0,0.0,0.0,0.0695,0.00021413360015139915,4.0,0.0,4.0,,0.0,0.0,0.06953476738369184,0.065,8,,,,,,,
autonomy,autonomy,random,opaque_dependency_l4,none,training,opaque,211,2000,0.065,4.0,4.0,4.0,0.065,0.0,0.0,0.0,0.0,0.0,0.0,0.0,0.065,0.0001934524501702981,4.0,0.0,4.0,,0.0,0.0,0.06503251625812906,0.08,16,,,,,,,
autonomy,autonomy,random,opaque_dependency_l4,none,training,opaque,257,2000,0.077,4.0,4.0,4.0,0.077,0.0,0.0,0.0,0.0,0.0,0.0,0.0,0.077,0.00018360035048681312,4.0,0.0,4.0,,0.0,0.0,0.07703851925962982,0.095,52,,,,,,,
autonomy,autonomy,random,opaque_dependency_l4,none,training,opaque,307,2000,0.058,4.0,4.0,4.0,0.058,0.0,0.0,0.0,0.0,0.0,0.0,0.0,0.058,0.00017973030004941393,4.0,0.0,4.0,,0.0,0.0,0.058029014507253625,0.055,264,,,,,,,
autonomy,autonomy,random,opaque_dependency_l4,none,training,opaque,353,2000,0.046,4.0,4.0,4.0,0.046,0.0,0.0,0.0,0.0,0.0,0.0,0.0,0.046,0.00020211334982013797,4.0,0.0,4.0,,0.0,0.0,0.04602301150575288,0.03,24,,,,,,,
autonomy,autonomy,random,opaque_dependency_l4,none,training,opaque,401,2000,0.0585,4.0,4.0,4.0,0.0585,0.0,0.0,0.0,0.0,0.0,0.0,0.0,0.0585,0.0001769664002204081,4.0,0.0,4.0,,0.0,0.0,0.058529264632316155,0.07,8,,,,,,,
autonomy,autonomy,random,opaque_dependency_l4,none,training,opaque,457,2000,0.065,4.0,4.0,4.0,0.065,0.0,0.0,0.0,0.0,0.0,0.0,0.0,0.065,0.00018763940007193014,4.0,0.0,4.0,,0.0,0.0,0.0647823911955978,0.06,4,,,,,,,
autonomy,autonomy,random,opaque_dependency_l4,none,training,opaque,503,2000,0.057,4.0,4.0,4.0,0.057,0.0,0.0,0.0,0.0,0.0,0.0,0.0,0.057,0.00018734325004334096,4.0,0.0,4.0,,0.0,0.0,0.057028514257128564,0.08,280,,,,,,,
autonomy,autonomy,random,opaque_dependency_l4,none,training,opaque,557,2000,0.0665,4.0,4.0,4.0,0.0665,0.0,0.0,0.0,0.0,0.0,0.0,0.0,0.0665,0.00017407894974166992,4.0,0.0,4.0,,0.0,0.0,0.0662831415707854,0.1,28,,,,,,,
autonomy,autonomy,random,opaque_dependency_l4,none,training,opaque,601,2000,0.0625,4.0,4.0,4.0,0.0625,0.0,0.0,0.0,0.0,0.0,0.0,0.0,0.0625,0.0001869243999826722,4.0,0.0,4.0,,0.0,0.0,0.06253126563281641,0.04,24,,,,,,,
autonomy,autonomy,random,opaque_dependency_l4,none,training,opaque,659,2000,0.0595,4.0,4.0,4.0,0.0595,0.0,0.0,0.0,0.0,0.0,0.0,0.0,0.0595,0.00019989730036468244,4.0,0.0,4.0,,0.0,0.0,0.05952976488244122,0.045,64,,,,,,,
autonomy,autonomy,random,opaque_dependency_l4,none,training,opaque,701,2000,0.0585,4.0,4.0,4.0,0.0585,0.0,0.0,0.0,0.0,0.0,0.0,0.0,0.0585,0.00020046089972311165,4.0,0.0,4.0,,0.0,0.0,0.058529264632316155,0.06,72,,,,,,,
autonomy,autonomy,random,opaque_dependency_l4,none,training,opaque,761,2000,0.0635,4.0,4.0,4.0,0.0635,0.0,0.0,0.0,0.0,0.0,0.0,0.0,0.0635,0.00018854800026747397,4.0,0.0,4.0,,0.0,0.0,0.0632816408204102,0.065,4,,,,,,,
autonomy,autonomy,random,opaque_dependency_l4,none,training,opaque,809,2000,0.059,4.0,4.0,4.0,0.059,0.0,0.0,0.0,0.0,0.0,0.0,0.0,0.059,0.00020561599978827873,4.0,0.0,4.0,,0.0,0.0,0.05902951475737869,0.07,96,,,,,,,
autonomy,autonomy,random,opaque_dependency_l4,none,training,opaque,857,2000,0.0555,4.0,4.0,4.0,0.0555,0.0,0.0,0.0,0.0,0.0,0.0,0.0,0.0555,0.00020507935016939881,4.0,0.0,4.0,,0.0,0.0,0.05552776388194097,0.06,52,,,,,,,
autonomy,autonomy,random,opaque_dependency_l4,none,training,opaque,907,2000,0.0625,4.0,4.0,4.0,0.0625,0.0,0.0,0.0,0.0,0.0,0.0,0.0,0.0625,0.0002392925503954757,4.0,0.0,4.0,,0.0,0.0,0.06253126563281641,0.04,108,,,,,,,
autonomy,autonomy,random,opaque_dependency_l4,none,training,opaque,953,2000,0.064,4.0,4.0,4.0,0.064,0.0,0.0,0.0,0.0,0.0,0.0,0.0,0.064,0.00020896369976981078,4.0,0.0,4.0,,0.0,0.0,0.064032016008004,0.065,32,,,,,,,
autonomy,autonomy,random,opaque_dependency_l6,none,evaluation_seen,opaque,1009,200,0.025,6.0,6.0,6.0,0.025,0.0,0.0,0.0,0.0,,0.0,0.0,0.025,0.0035260924998146946,6.0,0.0,6.0,,0.0,0.0,,,,,,,,,,
autonomy,autonomy,random,opaque_dependency_l6,none,evaluation_seen,opaque,1061,200,0.03,6.0,6.0,6.0,0.03,0.0,0.0,0.0,0.0,,0.0,0.0,0.03,0.0029626674999599346,6.0,0.0,6.0,,0.0,0.0,,,,,,,,,,
autonomy,autonomy,random,opaque_dependency_l6,none,evaluation_seen,opaque,1103,200,0.01,6.0,6.0,6.0,0.01,0.0,0.0,0.0,0.0,,0.0,0.0,0.01,0.0033077005002996886,6.0,0.0,6.0,,0.0,0.0,,,,,,,,,,
autonomy,autonomy,random,opaque_dependency_l6,none,evaluation_seen,opaque,1151,200,0.005,6.0,6.0,6.0,0.005,0.0,0.0,0.0,0.0,,0.0,0.0,0.005,0.003468391999631422,6.0,0.0,6.0,,0.0,0.0,,,,,,,,,,
autonomy,autonomy,random,opaque_dependency_l6,none,evaluation_seen,opaque,1201,200,0.01,6.0,6.0,6.0,0.01,0.0,0.0,0.0,0.0,,0.0,0.0,0.01,0.003381969500333071,6.0,0.0,6.0,,0.0,0.0,,,,,,,,,,
autonomy,autonomy,random,opaque_dependency_l6,none,evaluation_seen,opaque,1259,200,0.005,6.0,6.0,6.0,0.005,0.0,0.0,0.0,0.0,,0.0,0.0,0.005,0.0029717369997524657,6.0,0.0,6.0,,0.0,0.0,,,,,,,,,,
autonomy,autonomy,random,opaque_dependency_l6,none,evaluation_seen,opaque,1301,200,0.02,6.0,6.0,6.0,0.02,0.0,0.0,0.0,0.0,,0.0,0.0,0.02,0.003620507000014186,6.0,0.0,6.0,,0.0,0.0,,,,,,,,,,
autonomy,autonomy,random,opaque_dependency_l6,none,evaluation_seen,opaque,131,200,0.015,6.0,6.0,6.0,0.015,0.0,0.0,0.0,0.0,,0.0,0.0,0.015,0.003557282498659333,6.0,0.0,6.0,,0.0,0.0,,,,,,,,,,
autonomy,autonomy,random,opaque_dependency_l6,none,evaluation_seen,opaque,1361,200,0.01,6.0,6.0,6.0,0.01,0.0,0.0,0.0,0.0,,0.0,0.0,0.01,0.0032990119990427046,6.0,0.0,6.0,,0.0,0.0,,,,,,,,,,
autonomy,autonomy,random,opaque_dependency_l6,none,evaluation_seen,opaque,1423,200,0.01,6.0,6.0,6.0,0.01,0.0,0.0,0.0,0.0,,0.0,0.0,0.01,0.0027670389995910227,6.0,0.0,6.0,,0.0,0.0,,,,,,,,,,
autonomy,autonomy,random,opaque_dependency_l6,none,evaluation_seen,opaque,1481,200,0.015,6.0,6.0,6.0,0.015,0.0,0.0,0.0,0.0,,0.0,0.0,0.015,0.0030150539994065182,6.0,0.0,6.0,,0.0,0.0,,,,,,,,,,
autonomy,autonomy,random,opaque_dependency_l6,none,evaluation_seen,opaque,1543,200,0.01,6.0,6.0,6.0,0.01,0.0,0.0,0.0,0.0,,0.0,0.0,0.01,0.0033315195003524424,6.0,0.0,6.0,,0.0,0.0,,,,,,,,,,
autonomy,autonomy,random,opaque_dependency_l6,none,evaluation_seen,opaque,1601,200,0.01,6.0,6.0,6.0,0.01,0.0,0.0,0.0,0.0,,0.0,0.0,0.01,0.003028902497899253,6.0,0.0,6.0,,0.0,0.0,,,,,,,,,,
autonomy,autonomy,random,opaque_dependency_l6,none,evaluation_seen,opaque,173,200,0.02,6.0,6.0,6.0,0.02,0.0,0.0,0.0,0.0,,0.0,0.0,0.02,0.0035196840003482066,6.0,0.0,6.0,,0.0,0.0,,,,,,,,,,
autonomy,autonomy,random,opaque_dependency_l6,none,evaluation_seen,opaque,211,200,0.025,6.0,6.0,6.0,0.025,0.0,0.0,0.0,0.0,,0.0,0.0,0.025,0.003501732001459459,6.0,0.0,6.0,,0.0,0.0,,,,,,,,,,
autonomy,autonomy,random,opaque_dependency_l6,none,evaluation_seen,opaque,257,200,0.025,6.0,6.0,6.0,0.025,0.0,0.0,0.0,0.0,,0.0,0.0,0.025,0.0033891445002518592,6.0,0.0,6.0,,0.0,0.0,,,,,,,,,,
autonomy,autonomy,random,opaque_dependency_l6,none,evaluation_seen,opaque,307,200,0.005,6.0,6.0,6.0,0.005,0.0,0.0,0.0,0.0,,0.0,0.0,0.005,0.0031651715002954006,6.0,0.0,6.0,,0.0,0.0,,,,,,,,,,
autonomy,autonomy,random,opaque_dependency_l6,none,evaluation_seen,opaque,353,200,0.035,6.0,6.0,6.0,0.035,0.0,0.0,0.0,0.0,,0.0,0.0,0.035,0.002515837501705391,6.0,0.0,6.0,,0.0,0.0,,,,,,,,,,
autonomy,autonomy,random,opaque_dependency_l6,none,evaluation_seen,opaque,401,200,0.015,6.0,6.0,6.0,0.015,0.0,0.0,0.0,0.0,,0.0,0.0,0.015,0.00336138800077606,6.0,0.0,6.0,,0.0,0.0,,,,,,,,,,
autonomy,autonomy,random,opaque_dependency_l6,none,evaluation_seen,opaque,457,200,0.005,6.0,6.0,6.0,0.005,0.0,0.0,0.0,0.0,,0.0,0.0,0.005,0.003165458999428665,6.0,0.0,6.0,,0.0,0.0,,,,,,,,,,
autonomy,autonomy,random,opaque_dependency_l6,none,evaluation_seen,opaque,503,200,0.025,6.0,6.0,6.0,0.025,0.0,0.0,0.0,0.0,,0.0,0.0,0.025,0.003188000501104398,6.0,0.0,6.0,,0.0,0.0,,,,,,,,,,
autonomy,autonomy,random,opaque_dependency_l6,none,evaluation_seen,opaque,557,200,0.015,6.0,6.0,6.0,0.015,0.0,0.0,0.0,0.0,,0.0,0.0,0.015,0.0035111184997367673,6.0,0.0,6.0,,0.0,0.0,,,,,,,,,,
autonomy,autonomy,random,opaque_dependency_l6,none,evaluation_seen,opaque,601,200,0.02,6.0,6.0,6.0,0.02,0.0,0.0,0.0,0.0,,0.0,0.0,0.02,0.003540232500527054,6.0,0.0,6.0,,0.0,0.0,,,,,,,,,,
autonomy,autonomy,random,opaque_dependency_l6,none,evaluation_seen,opaque,659,200,0.015,6.0,6.0,6.0,0.015,0.0,0.0,0.0,0.0,,0.0,0.0,0.015,0.0034678744988923425,6.0,0.0,6.0,,0.0,0.0,,,,,,,,,,
autonomy,autonomy,random,opaque_dependency_l6,none,evaluation_seen,opaque,701,200,0.01,6.0,6.0,6.0,0.01,0.0,0.0,0.0,0.0,,0.0,0.0,0.01,0.003566023499588482,6.0,0.0,6.0,,0.0,0.0,,,,,,,,,,
autonomy,autonomy,random,opaque_dependency_l6,none,evaluation_seen,opaque,761,200,0.025,6.0,6.0,6.0,0.025,0.0,0.0,0.0,0.0,,0.0,0.0,0.025,0.0029345545008254703,6.0,0.0,6.0,,0.0,0.0,,,,,,,,,,
autonomy,autonomy,random,opaque_dependency_l6,none,evaluation_seen,opaque,809,200,0.01,6.0,6.0,6.0,0.01,0.0,0.0,0.0,0.0,,0.0,0.0,0.01,0.0036436925013549628,6.0,0.0,6.0,,0.0,0.0,,,,,,,,,,
autonomy,autonomy,random,opaque_dependency_l6,none,evaluation_seen,opaque,857,200,0.01,6.0,6.0,6.0,0.01,0.0,0.0,0.0,0.0,,0.0,0.0,0.01,0.0037395914994704073,6.0,0.0,6.0,,0.0,0.0,,,,,,,,,,
autonomy,autonomy,random,opaque_dependency_l6,none,evaluation_seen,opaque,907,200,0.015,6.0,6.0,6.0,0.015,0.0,0.0,0.0,0.0,,0.0,0.0,0.015,0.003201177999872016,6.0,0.0,6.0,,0.0,0.0,,,,,,,,,,
autonomy,autonomy,random,opaque_dependency_l6,none,evaluation_seen,opaque,953,200,0.005,6.0,6.0,6.0,0.005,0.0,0.0,0.0,0.0,,0.0,0.0,0.005,0.0035206160001689567,6.0,0.0,6.0,,0.0,0.0,,,,,,,,,,
autonomy,autonomy,random,opaque_dependency_l6,none,evaluation_unseen_zero_shot,opaque,1009,200,0.02,6.0,6.0,6.0,0.02,0.0,0.0,0.0,0.0,,0.0,0.0,0.02,0.0031756250010221265,6.0,0.0,6.0,,0.0,0.0,,,,,,,,,,
autonomy,autonomy,random,opaque_dependency_l6,none,evaluation_unseen_zero_shot,opaque,1061,200,0.005,6.0,6.0,6.0,0.005,0.0,0.0,0.0,0.0,,0.0,0.0,0.005,0.002836898000387009,6.0,0.0,6.0,,0.0,0.0,,,,,,,,,,
autonomy,autonomy,random,opaque_dependency_l6,none,evaluation_unseen_zero_shot,opaque,1103,200,0.005,6.0,6.0,6.0,0.005,0.0,0.0,0.0,0.0,,0.0,0.0,0.005,0.003423552000313066,6.0,0.0,6.0,,0.0,0.0,,,,,,,,,,
autonomy,autonomy,random,opaque_dependency_l6,none,evaluation_unseen_zero_shot,opaque,1151,200,0.02,6.0,6.0,6.0,0.02,0.0,0.0,0.0,0.0,,0.0,0.0,0.02,0.0033109120005974544,6.0,0.0,6.0,,0.0,0.0,,,,,,,,,,
autonomy,autonomy,random,opaque_dependency_l6,none,evaluation_unseen_zero_shot,opaque,1201,200,0.015,6.0,6.0,6.0,0.015,0.0,0.0,0.0,0.0,,0.0,0.0,0.015,0.0032024309995176735,6.0,0.0,6.0,,0.0,0.0,,,,,,,,,,
autonomy,autonomy,random,opaque_dependency_l6,none,evaluation_unseen_zero_shot,opaque,1259,200,0.03,6.0,6.0,6.0,0.03,0.0,0.0,0.0,0.0,,0.0,0.0,0.03,0.0034334780006611255,6.0,0.0,6.0,,0.0,0.0,,,,,,,,,,
autonomy,autonomy,random,opaque_dependency_l6,none,evaluation_unseen_zero_shot,opaque,1301,200,0.015,6.0,6.0,6.0,0.015,0.0,0.0,0.0,0.0,,0.0,0.0,0.015,0.0034515174993430264,6.0,0.0,6.0,,0.0,0.0,,,,,,,,,,
autonomy,autonomy,random,opaque_dependency_l6,none,evaluation_unseen_zero_shot,opaque,131,200,0.02,6.0,6.0,6.0,0.02,0.0,0.0,0.0,0.0,,0.0,0.0,0.02,0.003479154500673758,6.0,0.0,6.0,,0.0,0.0,,,,,,,,,,
autonomy,autonomy,random,opaque_dependency_l6,none,evaluation_unseen_zero_shot,opaque,1361,200,0.025,6.0,6.0,6.0,0.025,0.0,0.0,0.0,0.0,,0.0,0.0,0.025,0.003224424499203451,6.0,0.0,6.0,,0.0,0.0,,,,,,,,,,
autonomy,autonomy,random,opaque_dependency_l6,none,evaluation_unseen_zero_shot,opaque,1423,200,0.01,6.0,6.0,6.0,0.01,0.0,0.0,0.0,0.0,,0.0,0.0,0.01,0.0036858250001387204,6.0,0.0,6.0,,0.0,0.0,,,,,,,,,,
autonomy,autonomy,random,opaque_dependency_l6,none,evaluation_unseen_zero_shot,opaque,1481,200,0.0,6.0,6.0,6.0,0.0,0.0,0.0,0.0,0.0,,0.0,0.0,0.0,0.0029998264988535086,6.0,0.0,6.0,,0.0,0.0,,,,,,,,,,
autonomy,autonomy,random,opaque_dependency_l6,none,evaluation_unseen_zero_shot,opaque,1543,200,0.025,6.0,6.0,6.0,0.025,0.0,0.0,0.0,0.0,,0.0,0.0,0.025,0.003403280001075473,6.0,0.0,6.0,,0.0,0.0,,,,,,,,,,
autonomy,autonomy,random,opaque_dependency_l6,none,evaluation_unseen_zero_shot,opaque,1601,200,0.02,6.0,6.0,6.0,0.02,0.0,0.0,0.0,0.0,,0.0,0.0,0.02,0.0029185190024145413,6.0,0.0,6.0,,0.0,0.0,,,,,,,,,,
autonomy,autonomy,random,opaque_dependency_l6,none,evaluation_unseen_zero_shot,opaque,173,200,0.01,6.0,6.0,6.0,0.01,0.0,0.0,0.0,0.0,,0.0,0.0,0.01,0.0032084920004126615,6.0,0.0,6.0,,0.0,0.0,,,,,,,,,,
autonomy,autonomy,random,opaque_dependency_l6,none,evaluation_unseen_zero_shot,opaque,211,200,0.015,6.0,6.0,6.0,0.015,0.0,0.0,0.0,0.0,,0.0,0.0,0.015,0.0034138685012294447,6.0,0.0,6.0,,0.0,0.0,,,,,,,,,,
autonomy,autonomy,random,opaque_dependency_l6,none,evaluation_unseen_zero_shot,opaque,257,200,0.01,6.0,6.0,6.0,0.01,0.0,0.0,0.0,0.0,,0.0,0.0,0.01,0.0030219074994965924,6.0,0.0,6.0,,0.0,0.0,,,,,,,,,,
autonomy,autonomy,random,opaque_dependency_l6,none,evaluation_unseen_zero_shot,opaque,307,200,0.015,6.0,6.0,6.0,0.015,0.0,0.0,0.0,0.0,,0.0,0.0,0.015,0.002991437500604661,6.0,0.0,6.0,,0.0,0.0,,,,,,,,,,
autonomy,autonomy,random,opaque_dependency_l6,none,evaluation_unseen_zero_shot,opaque,353,200,0.0,6.0,6.0,6.0,0.0,0.0,0.0,0.0,0.0,,0.0,0.0,0.0,0.0028841785016993525,6.0,0.0,6.0,,0.0,0.0,,,,,,,,,,
autonomy,autonomy,random,opaque_dependency_l6,none,evaluation_unseen_zero_shot,opaque,401,200,0.0,6.0,6.0,6.0,0.0,0.0,0.0,0.0,0.0,,0.0,0.0,0.0,0.003399823000654578,6.0,0.0,6.0,,0.0,0.0,,,,,,,,,,
autonomy,autonomy,random,opaque_dependency_l6,none,evaluation_unseen_zero_shot,opaque,457,200,0.03,6.0,6.0,6.0,0.03,0.0,0.0,0.0,0.0,,0.0,0.0,0.03,0.002962143502081744,6.0,0.0,6.0,,0.0,0.0,,,,,,,,,,
autonomy,autonomy,random,opaque_dependency_l6,none,evaluation_unseen_zero_shot,opaque,503,200,0.005,6.0,6.0,6.0,0.005,0.0,0.0,0.0,0.0,,0.0,0.0,0.005,0.003472777499846416,6.0,0.0,6.0,,0.0,0.0,,,,,,,,,,
autonomy,autonomy,random,opaque_dependency_l6,none,evaluation_unseen_zero_shot,opaque,557,200,0.01,6.0,6.0,6.0,0.01,0.0,0.0,0.0,0.0,,0.0,0.0,0.01,0.0029646074993070217,6.0,0.0,6.0,,0.0,0.0,,,,,,,,,,
autonomy,autonomy,random,opaque_dependency_l6,none,evaluation_unseen_zero_shot,opaque,601,200,0.025,6.0,6.0,6.0,0.025,0.0,0.0,0.0,0.0,,0.0,0.0,0.025,0.0035336340004869272,6.0,0.0,6.0,,0.0,0.0,,,,,,,,,,
autonomy,autonomy,random,opaque_dependency_l6,none,evaluation_unseen_zero_shot,opaque,659,200,0.03,6.0,6.0,6.0,0.03,0.0,0.0,0.0,0.0,,0.0,0.0,0.03,0.003516166999033885,6.0,0.0,6.0,,0.0,0.0,,,,,,,,,,
autonomy,autonomy,random,opaque_dependency_l6,none,evaluation_unseen_zero_shot,opaque,701,200,0.005,6.0,6.0,6.0,0.005,0.0,0.0,0.0,0.0,,0.0,0.0,0.005,0.003136872999602929,6.0,0.0,6.0,,0.0,0.0,,,,,,,,,,
autonomy,autonomy,random,opaque_dependency_l6,none,evaluation_unseen_zero_shot,opaque,761,200,0.01,6.0,6.0,6.0,0.01,0.0,0.0,0.0,0.0,,0.0,0.0,0.01,0.0032875390016124583,6.0,0.0,6.0,,0.0,0.0,,,,,,,,,,
autonomy,autonomy,random,opaque_dependency_l6,none,evaluation_unseen_zero_shot,opaque,809,200,0.015,6.0,6.0,6.0,0.015,0.0,0.0,0.0,0.0,,0.0,0.0,0.015,0.003201694498129655,6.0,0.0,6.0,,0.0,0.0,,,,,,,,,,
autonomy,autonomy,random,opaque_dependency_l6,none,evaluation_unseen_zero_shot,opaque,857,200,0.01,6.0,6.0,6.0,0.01,0.0,0.0,0.0,0.0,,0.0,0.0,0.01,0.003957295498985332,6.0,0.0,6.0,,0.0,0.0,,,,,,,,,,
autonomy,autonomy,random,opaque_dependency_l6,none,evaluation_unseen_zero_shot,opaque,907,200,0.015,6.0,6.0,6.0,0.015,0.0,0.0,0.0,0.0,,0.0,0.0,0.015,0.0031440429997746833,6.0,0.0,6.0,,0.0,0.0,,,,,,,,,,
autonomy,autonomy,random,opaque_dependency_l6,none,evaluation_unseen_zero_shot,opaque,953,200,0.02,6.0,6.0,6.0,0.02,0.0,0.0,0.0,0.0,,0.0,0.0,0.02,0.003552664500894025,6.0,0.0,6.0,,0.0,0.0,,,,,,,,,,
autonomy,autonomy,random,opaque_dependency_l6,none,training,opaque,1009,2000,0.015,6.0,6.0,6.0,0.015,0.0,0.0,0.0,0.0,0.0,0.0,0.0,0.015,0.0003223344498401275,6.0,0.0,6.0,,0.0,0.0,0.015007503751875938,0.0,336,,,,,,,
autonomy,autonomy,random,opaque_dependency_l6,none,training,opaque,1061,2000,0.013,6.0,6.0,6.0,0.013,0.0,0.0,0.0,0.0,0.0,0.0,0.0,0.013,0.00027631865005241707,6.0,0.0,6.0,,0.0,0.0,0.013006503251625813,0.01,108,,,,,,,
autonomy,autonomy,random,opaque_dependency_l6,none,training,opaque,1103,2000,0.014,6.0,6.0,6.0,0.014,0.0,0.0,0.0,0.0,0.0,0.0,0.0,0.014,0.00029105884983437135,6.0,0.0,6.0,,0.0,0.0,0.014007003501750876,0.005,54,,,,,,,
autonomy,autonomy,random,opaque_dependency_l6,none,training,opaque,1151,2000,0.0195,6.0,6.0,6.0,0.0195,0.0,0.0,0.0,0.0,0.0,0.0,0.0,0.0195,0.00026314075036498253,6.0,0.0,6.0,,0.0,0.0,0.01950975487743872,0.005,270,,,,,,,
autonomy,autonomy,random,opaque_dependency_l6,none,training,opaque,1201,2000,0.015,6.0,6.0,6.0,0.015,0.0,0.0,0.0,0.0,0.0,0.0,0.0,0.015,0.0002973655993846478,6.0,0.0,6.0,,0.0,0.0,0.015007503751875938,0.02,1146,,,,,,,
autonomy,autonomy,random,opaque_dependency_l6,none,training,opaque,1259,2000,0.0145,6.0,6.0,6.0,0.0145,0.0,0.0,0.0,0.0,0.0,0.0,0.0,0.0145,0.0003117422998620896,6.0,0.0,6.0,,0.0,0.0,0.014007003501750876,0.01,6,,,,,,,
autonomy,autonomy,random,opaque_dependency_l6,none,training,opaque,1301,2000,0.016,6.0,6.0,6.0,0.016,0.0,0.0,0.0,0.0,0.0,0.0,0.0,0.016,0.00029635425024025606,6.0,0.0,6.0,,0.0,0.0,0.016008004002001,0.01,246,,,,,,,
autonomy,autonomy,random,opaque_dependency_l6,none,training,opaque,131,2000,0.0165,6.0,6.0,6.0,0.0165,0.0,0.0,0.0,0.0,0.0,0.0,0.0,0.0165,0.0002658405502006644,6.0,0.0,6.0,,0.0,0.0,0.016258129064532265,0.015,6,,,,,,,
autonomy,autonomy,random,opaque_dependency_l6,none,training,opaque,1361,2000,0.0125,6.0,6.0,6.0,0.0125,0.0,0.0,0.0,0.0,0.0,0.0,0.0,0.0125,0.000295117300353013,6.0,0.0,6.0,,0.0,0.0,0.01250625312656328,0.025,42,,,,,,,
autonomy,autonomy,random,opaque_dependency_l6,none,training,opaque,1423,2000,0.0145,6.0,6.0,6.0,0.0145,0.0,0.0,0.0,0.0,0.0,0.0,0.0,0.0145,0.0002745539000752615,6.0,0.0,6.0,,0.0,0.0,0.014507253626813406,0.02,396,,,,,,,
autonomy,autonomy,random,opaque_dependency_l6,none,training,opaque,1481,2000,0.015,6.0,6.0,6.0,0.015,0.0,0.0,0.0,0.0,0.0,0.0,0.0,0.015,0.00029117190024408046,6.0,0.0,6.0,,0.0,0.0,0.015007503751875938,0.01,366,,,,,,,
autonomy,autonomy,random,opaque_dependency_l6,none,training,opaque,1543,2000,0.0195,6.0,6.0,6.0,0.0195,0.0,0.0,0.0,0.0,0.0,0.0,0.0,0.0195,0.00033717529985005965,6.0,0.0,6.0,,0.0,0.0,0.019259629814907454,0.02,156,,,,,,,
autonomy,autonomy,random,opaque_dependency_l6,none,training,opaque,1601,2000,0.016,6.0,6.0,6.0,0.016,0.0,0.0,0.0,0.0,0.0,0.0,0.0,0.016,0.0003118751495348988,6.0,0.0,6.0,,0.0,0.0,0.016008004002001,0.015,834,,,,,,,
autonomy,autonomy,random,opaque_dependency_l6,none,training,opaque,173,2000,0.013,6.0,6.0,6.0,0.013,0.0,0.0,0.0,0.0,0.0,0.0,0.0,0.013,0.00031625044957036153,6.0,0.0,6.0,,0.0,0.0,0.013006503251625813,0.02,804,,,,,,,
autonomy,autonomy,random,opaque_dependency_l6,none,training,opaque,211,2000,0.017,6.0,6.0,6.0,0.017,0.0,0.0,0.0,0.0,0.0,0.0,0.0,0.017,0.0003101054497383302,6.0,0.0,6.0,,0.0,0.0,0.017008504252126064,0.015,510,,,,,,,
autonomy,autonomy,random,opaque_dependency_l6,none,training,opaque,257,2000,0.015,6.0,6.0,6.0,0.015,0.0,0.0,0.0,0.0,0.0,0.0,0.0,0.015,0.0003252368993853452,6.0,0.0,6.0,,0.0,0.0,0.015007503751875938,0.025,84,,,,,,,
autonomy,autonomy,random,opaque_dependency_l6,none,training,opaque,307,2000,0.0145,6.0,6.0,6.0,0.0145,0.0,0.0,0.0,0.0,0.0,0.0,0.0,0.0145,0.00030230220005614684,6.0,0.0,6.0,,0.0,0.0,0.014507253626813406,0.025,792,,,,,,,
autonomy,autonomy,random,opaque_dependency_l6,none,training,opaque,353,2000,0.0155,6.0,6.0,6.0,0.0155,0.0,0.0,0.0,0.0,0.0,0.0,0.0,0.0155,0.0002747917501837947,6.0,0.0,6.0,,0.0,0.0,0.015507753876938469,0.01,48,,,,,,,
autonomy,autonomy,random,opaque_dependency_l6,none,training,opaque,401,2000,0.0165,6.0,6.0,6.0,0.0165,0.0,0.0,0.0,0.0,0.0,0.0,0.0,0.0165,0.00028992240023217164,6.0,0.0,6.0,,0.0,0.0,0.016508254127063533,0.005,114,,,,,,,
autonomy,autonomy,random,opaque_dependency_l6,none,training,opaque,457,2000,0.017,6.0,6.0,6.0,0.017,0.0,0.0,0.0,0.0,0.0,0.0,0.0,0.017,0.0003268539002747275,6.0,0.0,6.0,,0.0,0.0,0.017008504252126064,0.02,444,,,,,,,
autonomy,autonomy,random,opaque_dependency_l6,none,training,opaque,503,2000,0.0185,6.0,6.0,6.0,0.0185,0.0,0.0,0.0,0.0,0.0,0.0,0.0,0.0185,0.00031488090024504346,6.0,0.0,6.0,,0.0,0.0,0.018509254627313655,0.025,372,,,,,,,
autonomy,autonomy,random,opaque_dependency_l6,none,training,opaque,557,2000,0.015,6.0,6.0,6.0,0.015,0.0,0.0,0.0,0.0,0.0,0.0,0.0,0.015,0.00026259619992924854,6.0,0.0,6.0,,0.0,0.0,0.015007503751875938,0.025,360,,,,,,,
autonomy,autonomy,random,opaque_dependency_l6,none,training,opaque,601,2000,0.017,6.0,6.0,6.0,0.017,0.0,0.0,0.0,0.0,0.0,0.0,0.0,0.017,0.0002951647499576211,6.0,0.0,6.0,,0.0,0.0,0.017008504252126064,0.025,174,,,,,,,
autonomy,autonomy,random,opaque_dependency_l6,none,training,opaque,659,2000,0.0115,6.0,6.0,6.0,0.0115,0.0,0.0,0.0,0.0,0.0,0.0,0.0,0.0115,0.0002776925999787636,6.0,0.0,6.0,,0.0,0.0,0.01150575287643822,0.005,330,,,,,,,
autonomy,autonomy,random,opaque_dependency_l6,none,training,opaque,701,2000,0.013,6.0,6.0,6.0,0.013,0.0,0.0,0.0,0.0,0.0,0.0,0.0,0.013,0.00032409070017456543,6.0,0.0,6.0,,0.0,0.0,0.013006503251625813,0.01,1452,,,,,,,
autonomy,autonomy,random,opaque_dependency_l6,none,training,opaque,761,2000,0.0165,6.0,6.0,6.0,0.0165,0.0,0.0,0.0,0.0,0.0,0.0,0.0,0.0165,0.0003302585002820706,6.0,0.0,6.0,,0.0,0.0,0.016508254127063533,0.02,186,,,,,,,
autonomy,autonomy,random,opaque_dependency_l6,none,training,opaque,809,2000,0.013,6.0,6.0,6.0,0.013,0.0,0.0,0.0,0.0,0.0,0.0,0.0,0.013,0.00030391750039416367,6.0,0.0,6.0,,0.0,0.0,0.012756378189094548,0.0,6,,,,,,,
autonomy,autonomy,random,opaque_dependency_l6,none,training,opaque,857,2000,0.0185,6.0,6.0,6.0,0.0185,0.0,0.0,0.0,0.0,0.0,0.0,0.0,0.0185,0.0003482918999070535,6.0,0.0,6.0,,0.0,0.0,0.018509254627313655,0.025,486,,,,,,,
autonomy,autonomy,random,opaque_dependency_l6,none,training,opaque,907,2000,0.0155,6.0,6.0,6.0,0.0155,0.0,0.0,0.0,0.0,0.0,0.0,0.0,0.0155,0.00036965030022838616,6.0,0.0,6.0,,0.0,0.0,0.015507753876938469,0.01,816,,,,,,,
autonomy,autonomy,random,opaque_dependency_l6,none,training,opaque,953,2000,0.018,6.0,6.0,6.0,0.018,0.0,0.0,0.0,0.0,0.0,0.0,0.0,0.018,0.0002941030502115609,6.0,0.0,6.0,,0.0,0.0,0.018009004502251125,0.025,450,,,,,,,
autonomy,autonomy,random,opaque_dependency_l8,none,evaluation_seen,opaque,1009,200,0.0,8.0,8.0,8.0,0.0,0.0,0.0,0.0,0.0,,0.0,0.0,0.0,0.005305191001389176,8.0,0.0,8.0,,0.0,0.0,,,,,,,,,,
autonomy,autonomy,random,opaque_dependency_l8,none,evaluation_seen,opaque,1061,200,0.0,8.0,8.0,8.0,0.0,0.0,0.0,0.0,0.0,,0.0,0.0,0.0,0.004360500001494075,8.0,0.0,8.0,,0.0,0.0,,,,,,,,,,
autonomy,autonomy,random,opaque_dependency_l8,none,evaluation_seen,opaque,1103,200,0.005,8.0,8.0,8.0,0.005,0.0,0.0,0.0,0.0,,0.0,0.0,0.005,0.004516124000510899,8.0,0.0,8.0,,0.0,0.0,,,,,,,,,,
autonomy,autonomy,random,opaque_dependency_l8,none,evaluation_seen,opaque,1151,200,0.01,8.0,8.0,8.0,0.01,0.0,0.0,0.0,0.0,,0.0,0.0,0.01,0.005042240001057507,8.0,0.0,8.0,,0.0,0.0,,,,,,,,,,
autonomy,autonomy,random,opaque_dependency_l8,none,evaluation_seen,opaque,1201,200,0.005,8.0,8.0,8.0,0.005,0.0,0.0,0.0,0.0,,0.0,0.0,0.005,0.005105251999775646,8.0,0.0,8.0,,0.0,0.0,,,,,,,,,,
autonomy,autonomy,random,opaque_dependency_l8,none,evaluation_seen,opaque,1259,200,0.0,8.0,8.0,8.0,0.0,0.0,0.0,0.0,0.0,,0.0,0.0,0.0,0.0053310669989150485,8.0,0.0,8.0,,0.0,0.0,,,,,,,,,,
autonomy,autonomy,random,opaque_dependency_l8,none,evaluation_seen,opaque,1301,200,0.0,8.0,8.0,8.0,0.0,0.0,0.0,0.0,0.0,,0.0,0.0,0.0,0.004693860998959281,8.0,0.0,8.0,,0.0,0.0,,,,,,,,,,
autonomy,autonomy,random,opaque_dependency_l8,none,evaluation_seen,opaque,131,200,0.0,8.0,8.0,8.0,0.0,0.0,0.0,0.0,0.0,,0.0,0.0,0.0,0.004924568499263842,8.0,0.0,8.0,,0.0,0.0,,,,,,,,,,
autonomy,autonomy,random,opaque_dependency_l8,none,evaluation_seen,opaque,1361,200,0.005,8.0,8.0,8.0,0.005,0.0,0.0,0.0,0.0,,0.0,0.0,0.005,0.005000697998038959,8.0,0.0,8.0,,0.0,0.0,,,,,,,,,,
autonomy,autonomy,random,opaque_dependency_l8,none,evaluation_seen,opaque,1423,200,0.005,8.0,8.0,8.0,0.005,0.0,0.0,0.0,0.0,,0.0,0.0,0.005,0.004825494999095099,8.0,0.0,8.0,,0.0,0.0,,,,,,,,,,
autonomy,autonomy,random,opaque_dependency_l8,none,evaluation_seen,opaque,1481,200,0.0,8.0,8.0,8.0,0.0,0.0,0.0,0.0,0.0,,0.0,0.0,0.0,0.0052403024995874145,8.0,0.0,8.0,,0.0,0.0,,,,,,,,,,
autonomy,autonomy,random,opaque_dependency_l8,none,evaluation_seen,opaque,1543,200,0.0,8.0,8.0,8.0,0.0,0.0,0.0,0.0,0.0,,0.0,0.0,0.0,0.004361524500272935,8.0,0.0,8.0,,0.0,0.0,,,,,,,,,,
autonomy,autonomy,random,opaque_dependency_l8,none,evaluation_seen,opaque,1601,200,0.0,8.0,8.0,8.0,0.0,0.0,0.0,0.0,0.0,,0.0,0.0,0.0,0.004693986500060418,8.0,0.0,8.0,,0.0,0.0,,,,,,,,,,
autonomy,autonomy,random,opaque_dependency_l8,none,evaluation_seen,opaque,173,200,0.01,8.0,8.0,8.0,0.01,0.0,0.0,0.0,0.0,,0.0,0.0,0.01,0.004772139998967759,8.0,0.0,8.0,,0.0,0.0,,,,,,,,,,
autonomy,autonomy,random,opaque_dependency_l8,none,evaluation_seen,opaque,211,200,0.0,8.0,8.0,8.0,0.0,0.0,0.0,0.0,0.0,,0.0,0.0,0.0,0.004964294499222888,8.0,0.0,8.0,,0.0,0.0,,,,,,,,,,
autonomy,autonomy,random,opaque_dependency_l8,none,evaluation_seen,opaque,257,200,0.01,8.0,8.0,8.0,0.01,0.0,0.0,0.0,0.0,,0.0,0.0,0.01,0.004806348500133026,8.0,0.0,8.0,,0.0,0.0,,,,,,,,,,
autonomy,autonomy,random,opaque_dependency_l8,none,evaluation_seen,opaque,307,200,0.0,8.0,8.0,8.0,0.0,0.0,0.0,0.0,0.0,,0.0,0.0,0.0,0.00463185399887152,8.0,0.0,8.0,,0.0,0.0,,,,,,,,,,
autonomy,autonomy,random,opaque_dependency_l8,none,evaluation_seen,opaque,353,200,0.005,8.0,8.0,8.0,0.005,0.0,0.0,0.0,0.0,,0.0,0.0,0.005,0.005174421500851167,8.0,0.0,8.0,,0.0,0.0,,,,,,,,,,
autonomy,autonomy,random,opaque_dependency_l8,none,evaluation_seen,opaque,401,200,0.005,8.0,8.0,8.0,0.005,0.0,0.0,0.0,0.0,,0.0,0.0,0.005,0.0048200265005289115,8.0,0.0,8.0,,0.0,0.0,,,,,,,,,,
autonomy,autonomy,random,opaque_dependency_l8,none,evaluation_seen,opaque,457,200,0.0,8.0,8.0,8.0,0.0,0.0,0.0,0.0,0.0,,0.0,0.0,0.0,0.00450754000004963,8.0,0.0,8.0,,0.0,0.0,,,,,,,,,,
autonomy,autonomy,random,opaque_dependency_l8,none,evaluation_seen,opaque,503,200,0.005,8.0,8.0,8.0,0.005,0.0,0.0,0.0,0.0,,0.0,0.0,0.005,0.0049896694996277805,8.0,0.0,8.0,,0.0,0.0,,,,,,,,,,
autonomy,autonomy,random,opaque_dependency_l8,none,evaluation_seen,opaque,557,200,0.01,8.0,8.0,8.0,0.01,0.0,0.0,0.0,0.0,,0.0,0.0,0.01,0.004632449999335222,8.0,0.0,8.0,,0.0,0.0,,,,,,,,,,
autonomy,autonomy,random,opaque_dependency_l8,none,evaluation_seen,opaque,601,200,0.01,8.0,8.0,8.0,0.01,0.0,0.0,0.0,0.0,,0.0,0.0,0.01,0.004471045500831678,8.0,0.0,8.0,,0.0,0.0,,,,,,,,,,
autonomy,autonomy,random,opaque_dependency_l8,none,evaluation_seen,opaque,659,200,0.0,8.0,8.0,8.0,0.0,0.0,0.0,0.0,0.0,,0.0,0.0,0.0,0.005056065499520628,8.0,0.0,8.0,,0.0,0.0,,,,,,,,,,
autonomy,autonomy,random,opaque_dependency_l8,none,evaluation_seen,opaque,701,200,0.01,8.0,8.0,8.0,0.01,0.0,0.0,0.0,0.0,,0.0,0.0,0.01,0.0037091509990568737,8.0,0.0,8.0,,0.0,0.0,,,,,,,,,,
autonomy,autonomy,random,opaque_dependency_l8,none,evaluation_seen,opaque,761,200,0.005,8.0,8.0,8.0,0.005,0.0,0.0,0.0,0.0,,0.0,0.0,0.005,0.004787480500963284,8.0,0.0,8.0,,0.0,0.0,,,,,,,,,,
autonomy,autonomy,random,opaque_dependency_l8,none,evaluation_seen,opaque,809,200,0.005,8.0,8.0,8.0,0.005,0.0,0.0,0.0,0.0,,0.0,0.0,0.005,0.004873685000056867,8.0,0.0,8.0,,0.0,0.0,,,,,,,,,,
autonomy,autonomy,random,opaque_dependency_l8,none,evaluation_seen,opaque,857,200,0.005,8.0,8.0,8.0,0.005,0.0,0.0,0.0,0.0,,0.0,0.0,0.005,0.005105138499347958,8.0,0.0,8.0,,0.0,0.0,,,,,,,,,,
autonomy,autonomy,random,opaque_dependency_l8,none,evaluation_seen,opaque,907,200,0.005,8.0,8.0,8.0,0.005,0.0,0.0,0.0,0.0,,0.0,0.0,0.005,0.0048549934996117376,8.0,0.0,8.0,,0.0,0.0,,,,,,,,,,
autonomy,autonomy,random,opaque_dependency_l8,none,evaluation_seen,opaque,953,200,0.0,8.0,8.0,8.0,0.0,0.0,0.0,0.0,0.0,,0.0,0.0,0.0,0.005269898500409908,8.0,0.0,8.0,,0.0,0.0,,,,,,,,,,
autonomy,autonomy,random,opaque_dependency_l8,none,evaluation_unseen_zero_shot,opaque,1009,200,0.005,8.0,8.0,8.0,0.005,0.0,0.0,0.0,0.0,,0.0,0.0,0.005,0.005335512999590719,8.0,0.0,8.0,,0.0,0.0,,,,,,,,,,
autonomy,autonomy,random,opaque_dependency_l8,none,evaluation_unseen_zero_shot,opaque,1061,200,0.0,8.0,8.0,8.0,0.0,0.0,0.0,0.0,0.0,,0.0,0.0,0.0,0.00468893850047607,8.0,0.0,8.0,,0.0,0.0,,,,,,,,,,
autonomy,autonomy,random,opaque_dependency_l8,none,evaluation_unseen_zero_shot,opaque,1103,200,0.0,8.0,8.0,8.0,0.0,0.0,0.0,0.0,0.0,,0.0,0.0,0.0,0.0048318719989038075,8.0,0.0,8.0,,0.0,0.0,,,,,,,,,,
autonomy,autonomy,random,opaque_dependency_l8,none,evaluation_unseen_zero_shot,opaque,1151,200,0.0,8.0,8.0,8.0,0.0,0.0,0.0,0.0,0.0,,0.0,0.0,0.0,0.004994046001083916,8.0,0.0,8.0,,0.0,0.0,,,,,,,,,,
autonomy,autonomy,random,opaque_dependency_l8,none,evaluation_unseen_zero_shot,opaque,1201,200,0.01,8.0,8.0,8.0,0.01,0.0,0.0,0.0,0.0,,0.0,0.0,0.01,0.004581953999295365,8.0,0.0,8.0,,0.0,0.0,,,,,,,,,,
autonomy,autonomy,random,opaque_dependency_l8,none,evaluation_unseen_zero_shot,opaque,1259,200,0.005,8.0,8.0,8.0,0.005,0.0,0.0,0.0,0.0,,0.0,0.0,0.005,0.0050495560000126715,8.0,0.0,8.0,,0.0,0.0,,,,,,,,,,
autonomy,autonomy,random,opaque_dependency_l8,none,evaluation_unseen_zero_shot,opaque,1301,200,0.0,8.0,8.0,8.0,0.0,0.0,0.0,0.0,0.0,,0.0,0.0,0.0,0.005020212499657646,8.0,0.0,8.0,,0.0,0.0,,,,,,,,,,
autonomy,autonomy,random,opaque_dependency_l8,none,evaluation_unseen_zero_shot,opaque,131,200,0.005,8.0,8.0,8.0,0.005,0.0,0.0,0.0,0.0,,0.0,0.0,0.005,0.005195905001164647,8.0,0.0,8.0,,0.0,0.0,,,,,,,,,,
autonomy,autonomy,random,opaque_dependency_l8,none,evaluation_unseen_zero_shot,opaque,1361,200,0.005,8.0,8.0,8.0,0.005,0.0,0.0,0.0,0.0,,0.0,0.0,0.005,0.004835097500181291,8.0,0.0,8.0,,0.0,0.0,,,,,,,,,,
autonomy,autonomy,random,opaque_dependency_l8,none,evaluation_unseen_zero_shot,opaque,1423,200,0.005,8.0,8.0,8.0,0.005,0.0,0.0,0.0,0.0,,0.0,0.0,0.005,0.005147007999330527,8.0,0.0,8.0,,0.0,0.0,,,,,,,,,,
autonomy,autonomy,random,opaque_dependency_l8,none,evaluation_unseen_zero_shot,opaque,1481,200,0.005,8.0,8.0,8.0,0.005,0.0,0.0,0.0,0.0,,0.0,0.0,0.005,0.00501557850104291,8.0,0.0,8.0,,0.0,0.0,,,,,,,,,,
autonomy,autonomy,random,opaque_dependency_l8,none,evaluation_unseen_zero_shot,opaque,1543,200,0.0,8.0,8.0,8.0,0.0,0.0,0.0,0.0,0.0,,0.0,0.0,0.0,0.005348990501224762,8.0,0.0,8.0,,0.0,0.0,,,,,,,,,,
autonomy,autonomy,random,opaque_dependency_l8,none,evaluation_unseen_zero_shot,opaque,1601,200,0.005,8.0,8.0,8.0,0.005,0.0,0.0,0.0,0.0,,0.0,0.0,0.005,0.004346588499902282,8.0,0.0,8.0,,0.0,0.0,,,,,,,,,,
autonomy,autonomy,random,opaque_dependency_l8,none,evaluation_unseen_zero_shot,opaque,173,200,0.005,8.0,8.0,8.0,0.005,0.0,0.0,0.0,0.0,,0.0,0.0,0.005,0.005021576000872301,8.0,0.0,8.0,,0.0,0.0,,,,,,,,,,
autonomy,autonomy,random,opaque_dependency_l8,none,evaluation_unseen_zero_shot,opaque,211,200,0.0,8.0,8.0,8.0,0.0,0.0,0.0,0.0,0.0,,0.0,0.0,0.0,0.0049180090001027564,8.0,0.0,8.0,,0.0,0.0,,,,,,,,,,
autonomy,autonomy,random,opaque_dependency_l8,none,evaluation_unseen_zero_shot,opaque,257,200,0.01,8.0,8.0,8.0,0.01,0.0,0.0,0.0,0.0,,0.0,0.0,0.01,0.004843199500319315,8.0,0.0,8.0,,0.0,0.0,,,,,,,,,,
autonomy,autonomy,random,opaque_dependency_l8,none,evaluation_unseen_zero_shot,opaque,307,200,0.02,8.0,8.0,8.0,0.02,0.0,0.0,0.0,0.0,,0.0,0.0,0.02,0.005127995999355334,8.0,0.0,8.0,,0.0,0.0,,,,,,,,,,
autonomy,autonomy,random,opaque_dependency_l8,none,evaluation_unseen_zero_shot,opaque,353,200,0.0,8.0,8.0,8.0,0.0,0.0,0.0,0.0,0.0,,0.0,0.0,0.0,0.005112785999517655,8.0,0.0,8.0,,0.0,0.0,,,,,,,,,,
autonomy,autonomy,random,opaque_dependency_l8,none,evaluation_unseen_zero_shot,opaque,401,200,0.005,8.0,8.0,8.0,0.005,0.0,0.0,0.0,0.0,,0.0,0.0,0.005,0.004916670499369502,8.0,0.0,8.0,,0.0,0.0,,,,,,,,,,
autonomy,autonomy,random,opaque_dependency_l8,none,evaluation_unseen_zero_shot,opaque,457,200,0.01,8.0,8.0,8.0,0.01,0.0,0.0,0.0,0.0,,0.0,0.0,0.01,0.005010969501017826,8.0,0.0,8.0,,0.0,0.0,,,,,,,,,,
autonomy,autonomy,random,opaque_dependency_l8,none,evaluation_unseen_zero_shot,opaque,503,200,0.0,8.0,8.0,8.0,0.0,0.0,0.0,0.0,0.0,,0.0,0.0,0.0,0.005091213001433062,8.0,0.0,8.0,,0.0,0.0,,,,,,,,,,
autonomy,autonomy,random,opaque_dependency_l8,none,evaluation_unseen_zero_shot,opaque,557,200,0.005,8.0,8.0,8.0,0.005,0.0,0.0,0.0,0.0,,0.0,0.0,0.005,0.005185203001310583,8.0,0.0,8.0,,0.0,0.0,,,,,,,,,,
autonomy,autonomy,random,opaque_dependency_l8,none,evaluation_unseen_zero_shot,opaque,601,200,0.0,8.0,8.0,8.0,0.0,0.0,0.0,0.0,0.0,,0.0,0.0,0.0,0.004859449002542533,8.0,0.0,8.0,,0.0,0.0,,,,,,,,,,
autonomy,autonomy,random,opaque_dependency_l8,none,evaluation_unseen_zero_shot,opaque,659,200,0.0,8.0,8.0,8.0,0.0,0.0,0.0,0.0,0.0,,0.0,0.0,0.0,0.00500691100009135,8.0,0.0,8.0,,0.0,0.0,,,,,,,,,,
autonomy,autonomy,random,opaque_dependency_l8,none,evaluation_unseen_zero_shot,opaque,701,200,0.01,8.0,8.0,8.0,0.01,0.0,0.0,0.0,0.0,,0.0,0.0,0.01,0.004866260500421049,8.0,0.0,8.0,,0.0,0.0,,,,,,,,,,
autonomy,autonomy,random,opaque_dependency_l8,none,evaluation_unseen_zero_shot,opaque,761,200,0.005,8.0,8.0,8.0,0.005,0.0,0.0,0.0,0.0,,0.0,0.0,0.005,0.00510363699941081,8.0,0.0,8.0,,0.0,0.0,,,,,,,,,,
autonomy,autonomy,random,opaque_dependency_l8,none,evaluation_unseen_zero_shot,opaque,809,200,0.005,8.0,8.0,8.0,0.005,0.0,0.0,0.0,0.0,,0.0,0.0,0.005,0.004848348499363056,8.0,0.0,8.0,,0.0,0.0,,,,,,,,,,
autonomy,autonomy,random,opaque_dependency_l8,none,evaluation_unseen_zero_shot,opaque,857,200,0.005,8.0,8.0,8.0,0.005,0.0,0.0,0.0,0.0,,0.0,0.0,0.005,0.005114791001105914,8.0,0.0,8.0,,0.0,0.0,,,,,,,,,,
autonomy,autonomy,random,opaque_dependency_l8,none,evaluation_unseen_zero_shot,opaque,907,200,0.0,8.0,8.0,8.0,0.0,0.0,0.0,0.0,0.0,,0.0,0.0,0.0,0.0049884924991056324,8.0,0.0,8.0,,0.0,0.0,,,,,,,,,,
autonomy,autonomy,random,opaque_dependency_l8,none,evaluation_unseen_zero_shot,opaque,953,200,0.005,8.0,8.0,8.0,0.005,0.0,0.0,0.0,0.0,,0.0,0.0,0.005,0.005251634500746149,8.0,0.0,8.0,,0.0,0.0,,,,,,,,,,
autonomy,autonomy,random,opaque_dependency_l8,none,training,opaque,1009,2000,0.0015,8.0,8.0,8.0,0.0015,0.0,0.0,0.0,0.0,0.0,0.0,0.0,0.0015,0.0004460837996157352,8.0,0.0,8.0,,0.0,0.0,0.0015007503751875938,0.0,3232,,,,,,,
autonomy,autonomy,random,opaque_dependency_l8,none,training,opaque,1061,2000,0.004,8.0,8.0,8.0,0.004,0.0,0.0,0.0,0.0,0.0,0.0,0.0,0.004,0.0004089037997619016,8.0,0.0,8.0,,0.0,0.0,0.00400200100050025,0.0,528,,,,,,,
autonomy,autonomy,random,opaque_dependency_l8,none,training,opaque,1103,2000,0.0025,8.0,8.0,8.0,0.0025,0.0,0.0,0.0,0.0,0.0,0.0,0.0,0.0025,0.0004007340502430452,8.0,0.0,8.0,,0.0,0.0,0.0025012506253126563,0.0,3856,,,,,,,
autonomy,autonomy,random,opaque_dependency_l8,none,training,opaque,1151,2000,0.004,8.0,8.0,8.0,0.004,0.0,0.0,0.0,0.0,0.0,0.0,0.0,0.004,0.0004465635003434727,8.0,0.0,8.0,,0.0,0.0,0.00400200100050025,0.0,1096,,,,,,,
autonomy,autonomy,random,opaque_dependency_l8,none,training,opaque,1201,2000,0.0025,8.0,8.0,8.0,0.0025,0.0,0.0,0.0,0.0,0.0,0.0,0.0,0.0025,0.00043528424961550625,8.0,0.0,8.0,,0.0,0.0,0.0025012506253126563,0.0,4000,,,,,,,
autonomy,autonomy,random,opaque_dependency_l8,none,training,opaque,1259,2000,0.003,8.0,8.0,8.0,0.003,0.0,0.0,0.0,0.0,0.0,0.0,0.0,0.003,0.00040744965021440293,8.0,0.0,8.0,,0.0,0.0,0.0030015007503751876,0.0,384,,,,,,,
autonomy,autonomy,random,opaque_dependency_l8,none,training,opaque,1301,2000,0.0035,8.0,8.0,8.0,0.0035,0.0,0.0,0.0,0.0,0.0,0.0,0.0,0.0035,0.000395476849807892,8.0,0.0,8.0,,0.0,0.0,0.003501750875437719,0.005,296,,,,,,,
autonomy,autonomy,random,opaque_dependency_l8,none,training,opaque,131,2000,0.0025,8.0,8.0,8.0,0.0025,0.0,0.0,0.0,0.0,0.0,0.0,0.0,0.0025,0.00046820145018864424,8.0,0.0,8.0,,0.0,0.0,0.0025012506253126563,0.005,5816,,,,,,,
autonomy,autonomy,random,opaque_dependency_l8,none,training,opaque,1361,2000,0.0035,8.0,8.0,8.0,0.0035,0.0,0.0,0.0,0.0,0.0,0.0,0.0,0.0035,0.0004302968998672441,8.0,0.0,8.0,,0.0,0.0,0.003501750875437719,0.0,48,,,,,,,
autonomy,autonomy,random,opaque_dependency_l8,none,training,opaque,1423,2000,0.005,8.0,8.0,8.0,0.005,0.0,0.0,0.0,0.0,0.0,0.0,0.0,0.005,0.0004319454498763662,8.0,0.0,8.0,,0.0,0.0,0.0050025012506253125,0.0,48,,,,,,,
autonomy,autonomy,random,opaque_dependency_l8,none,training,opaque,1481,2000,0.0045,8.0,8.0,8.0,0.0045,0.0,0.0,0.0,0.0,0.0,0.0,0.0,0.0045,0.00042821329999424054,8.0,0.0,8.0,,0.0,0.0,0.004502251125562781,0.0,1184,,,,,,,
autonomy,autonomy,random,opaque_dependency_l8,none,training,opaque,1543,2000,0.003,8.0,8.0,8.0,0.003,0.0,0.0,0.0,0.0,0.0,0.0,0.0,0.003,0.00040649084984033837,8.0,0.0,8.0,,0.0,0.0,0.0030015007503751876,0.0,2064,,,,,,,
autonomy,autonomy,random,opaque_dependency_l8,none,training,opaque,1601,2000,0.0025,8.0,8.0,8.0,0.0025,0.0,0.0,0.0,0.0,0.0,0.0,0.0,0.0025,0.0004208701501484029,8.0,0.0,8.0,,0.0,0.0,0.0025012506253126563,0.005,336,,,,,,,
autonomy,autonomy,random,opaque_dependency_l8,none,training,opaque,173,2000,0.005,8.0,8.0,8.0,0.005,0.0,0.0,0.0,0.0,0.0,0.0,0.0,0.005,0.0004898645002394914,8.0,0.0,8.0,,0.0,0.0,0.0050025012506253125,0.0,544,,,,,,,
autonomy,autonomy,random,opaque_dependency_l8,none,training,opaque,211,2000,0.003,8.0,8.0,8.0,0.003,0.0,0.0,0.0,0.0,0.0,0.0,0.0,0.003,0.0004303592501964886,8.0,0.0,8.0,,0.0,0.0,0.0030015007503751876,0.01,3904,,,,,,,
autonomy,autonomy,random,opaque_dependency_l8,none,training,opaque,257,2000,0.002,8.0,8.0,8.0,0.002,0.0,0.0,0.0,0.0,0.0,0.0,0.0,0.002,0.0004172259501356166,8.0,0.0,8.0,,0.0,0.0,0.002001000500250125,0.0,712,,,,,,,
autonomy,autonomy,random,opaque_dependency_l8,none,training,opaque,307,2000,0.006,8.0,8.0,8.0,0.006,0.0,0.0,0.0,0.0,0.0,0.0,0.0,0.006,0.00041958655026974156,8.0,0.0,8.0,,0.0,0.0,0.006003001500750375,0.005,2880,,,,,,,
autonomy,autonomy,random,opaque_dependency_l8,none,training,opaque,353,2000,0.003,8.0,8.0,8.0,0.003,0.0,0.0,0.0,0.0,0.0,0.0,0.0,0.003,0.00040345259988680483,8.0,0.0,8.0,,0.0,0.0,0.0030015007503751876,0.005,4104,,,,,,,
autonomy,autonomy,random,opaque_dependency_l8,none,training,opaque,401,2000,0.003,8.0,8.0,8.0,0.003,0.0,0.0,0.0,0.0,0.0,0.0,0.0,0.003,0.0004389195000403561,8.0,0.0,8.0,,0.0,0.0,0.0030015007503751876,0.0,344,,,,,,,
autonomy,autonomy,random,opaque_dependency_l8,none,training,opaque,457,2000,0.002,8.0,8.0,8.0,0.002,0.0,0.0,0.0,0.0,0.0,0.0,0.0,0.002,0.00041321394982514904,8.0,0.0,8.0,,0.0,0.0,0.002001000500250125,0.0,120,,,,,,,
autonomy,autonomy,random,opaque_dependency_l8,none,training,opaque,503,2000,0.0025,8.0,8.0,8.0,0.0025,0.0,0.0,0.0,0.0,0.0,0.0,0.0,0.0025,0.00044961854987195693,8.0,0.0,8.0,,0.0,0.0,0.0025012506253126563,0.0,1008,,,,,,,
autonomy,autonomy,random,opaque_dependency_l8,none,training,opaque,557,2000,0.0065,8.0,8.0,8.0,0.0065,0.0,0.0,0.0,0.0,0.0,0.0,0.0,0.0065,0.00041185000028053765,8.0,0.0,8.0,,0.0,0.0,0.0065032516258129065,0.005,1248,,,,,,,
autonomy,autonomy,random,opaque_dependency_l8,none,training,opaque,601,2000,0.003,8.0,8.0,8.0,0.003,0.0,0.0,0.0,0.0,0.0,0.0,0.0,0.003,0.0004060277001699433,8.0,0.0,8.0,,0.0,0.0,0.0030015007503751876,0.005,1552,,,,,,,
autonomy,autonomy,random,opaque_dependency_l8,none,training,opaque,659,2000,0.0025,8.0,8.0,8.0,0.0025,0.0,0.0,0.0,0.0,0.0,0.0,0.0,0.0025,0.0004538351496885298,8.0,0.0,8.0,,0.0,0.0,0.0025012506253126563,0.0,2520,,,,,,,
autonomy,autonomy,random,opaque_dependency_l8,none,training,opaque,701,2000,0.007,8.0,8.0,8.0,0.007,0.0,0.0,0.0,0.0,0.0,0.0,0.0,0.007,0.00046947330007969865,8.0,0.0,8.0,,0.0,0.0,0.007003501750875438,0.0,2160,,,,,,,
autonomy,autonomy,random,opaque_dependency_l8,none,training,opaque,761,2000,0.0055,8.0,8.0,8.0,0.0055,0.0,0.0,0.0,0.0,0.0,0.0,0.0,0.0055,0.0004482023503805976,8.0,0.0,8.0,,0.0,0.0,0.005502751375687844,0.005,1256,,,,,,,
autonomy,autonomy,random,opaque_dependency_l8,none,training,opaque,809,2000,0.0045,8.0,8.0,8.0,0.0045,0.0,0.0,0.0,0.0,0.0,0.0,0.0,0.0045,0.0004286946499196347,8.0,0.0,8.0,,0.0,0.0,0.004502251125562781,0.005,824,,,,,,,
autonomy,autonomy,random,opaque_dependency_l8,none,training,opaque,857,2000,0.003,8.0,8.0,8.0,0.003,0.0,0.0,0.0,0.0,0.0,0.0,0.0,0.003,0.0004173277005756972,8.0,0.0,8.0,,0.0,0.0,0.0030015007503751876,0.0,784,,,,,,,
autonomy,autonomy,random,opaque_dependency_l8,none,training,opaque,907,2000,0.005,8.0,8.0,8.0,0.005,0.0,0.0,0.0,0.0,0.0,0.0,0.0,0.005,0.0004549243995861616,8.0,0.0,8.0,,0.0,0.0,0.0050025012506253125,0.005,1872,,,,,,,
autonomy,autonomy,random,opaque_dependency_l8,none,training,opaque,953,2000,0.003,8.0,8.0,8.0,0.003,0.0,0.0,0.0,0.0,0.0,0.0,0.0,0.003,0.0004224906001618365,8.0,0.0,8.0,,0.0,0.0,0.0030015007503751876,0.0,840,,,,,,,
