experiment,suite,condition,environment,model,phase,action_family,seed,episode_rows,success,steps,high_level_steps,primitive_steps,reward,errors,repeats,prediction_score,holdout_score,holdout_gain,imagined_nodes,imagination_depth,actual_return,runtime_seconds,real_transitions,imagined_transitions,action_proposals,novelty_score,repeat_rate,error_rate,learning_auc,final_tail_success,first_success_real_transitions,adaptation_auc,episodes_to_50,episodes_to_80,transfer_gain_vs_from_scratch,sample_saving_to_50,sample_saving_to_80,unseen_prediction_calibration_error
creativity,creativity,aassr_no_imagination,multi_solution_dependency,online,evaluation_unseen_adaptation,causal_effect_graph,1009,3,1.0,3.3333333333333335,3.3333333333333335,3.3333333333333335,1.0,0.0,0.0,,,,0.0,,1.0,0.0002534666661328326,3.3333333333333335,0.0,3.3333333333333335,1.0,0.0,0.0,,,,,,,,,,
creativity,creativity,aassr_no_imagination,multi_solution_dependency,online,evaluation_unseen_adaptation,causal_effect_graph,1061,3,1.0,3.3333333333333335,3.3333333333333335,3.3333333333333335,1.0,0.0,0.0,,,,0.0,,1.0,0.00027443333722961444,3.3333333333333335,0.0,3.3333333333333335,1.0,0.0,0.0,,,,,,,,,,
creativity,creativity,aassr_no_imagination,multi_solution_dependency,online,evaluation_unseen_adaptation,causal_effect_graph,1103,3,1.0,3.3333333333333335,3.3333333333333335,3.3333333333333335,1.0,0.0,0.0,,,,0.0,,1.0,0.00024843333327832323,3.3333333333333335,0.0,3.3333333333333335,1.0,0.0,0.0,,,,,,,,,,
creativity,creativity,aassr_no_imagination,multi_solution_dependency,online,evaluation_unseen_adaptation,causal_effect_graph,1151,3,1.0,3.3333333333333335,3.3333333333333335,3.3333333333333335,1.0,0.0,0.0,,,,0.0,,1.0,0.0002553999947849661,3.3333333333333335,0.0,3.3333333333333335,1.0,0.0,0.0,,,,,,,,,,
creativity,creativity,aassr_no_imagination,multi_solution_dependency,online,evaluation_unseen_adaptation,causal_effect_graph,1201,3,1.0,3.3333333333333335,3.3333333333333335,3.3333333333333335,1.0,0.0,0.0,,,,0.0,,1.0,0.0002541666617617011,3.3333333333333335,0.0,3.3333333333333335,1.0,0.0,0.0,,,,,,,,,,
creativity,creativity,aassr_no_imagination,multi_solution_dependency,online,evaluation_unseen_adaptation,causal_effect_graph,1259,3,1.0,3.3333333333333335,3.3333333333333335,3.3333333333333335,1.0,0.0,0.0,,,,0.0,,1.0,0.00025956667377613485,3.3333333333333335,0.0,3.3333333333333335,1.0,0.0,0.0,,,,,,,,,,
creativity,creativity,aassr_no_imagination,multi_solution_dependency,online,evaluation_unseen_adaptation,causal_effect_graph,1301,3,1.0,3.3333333333333335,3.3333333333333335,3.3333333333333335,1.0,0.0,0.0,,,,0.0,,1.0,0.0002743333364681651,3.3333333333333335,0.0,3.3333333333333335,1.0,0.0,0.0,,,,,,,,,,
creativity,creativity,aassr_no_imagination,multi_solution_dependency,online,evaluation_unseen_adaptation,causal_effect_graph,131,3,1.0,3.3333333333333335,3.3333333333333335,3.3333333333333335,1.0,0.0,0.0,,,,0.0,,1.0,0.0002608666642724226,3.3333333333333335,0.0,3.3333333333333335,1.0,0.0,0.0,,,,,,,,,,
creativity,creativity,aassr_no_imagination,multi_solution_dependency,online,evaluation_unseen_adaptation,causal_effect_graph,1361,3,1.0,3.3333333333333335,3.3333333333333335,3.3333333333333335,1.0,0.0,0.0,,,,0.0,,1.0,0.0002606666724508007,3.3333333333333335,0.0,3.3333333333333335,1.0,0.0,0.0,,,,,,,,,,
creativity,creativity,aassr_no_imagination,multi_solution_dependency,online,evaluation_unseen_adaptation,causal_effect_graph,1423,3,1.0,3.3333333333333335,3.3333333333333335,3.3333333333333335,1.0,0.0,0.0,,,,0.0,,1.0,0.0002605666716893514,3.3333333333333335,0.0,3.3333333333333335,1.0,0.0,0.0,,,,,,,,,,
creativity,creativity,aassr_no_imagination,multi_solution_dependency,online,evaluation_unseen_adaptation,causal_effect_graph,1481,3,1.0,3.3333333333333335,3.3333333333333335,3.3333333333333335,1.0,0.0,0.0,,,,0.0,,1.0,0.00027559999337730307,3.3333333333333335,0.0,3.3333333333333335,1.0,0.0,0.0,,,,,,,,,,
creativity,creativity,aassr_no_imagination,multi_solution_dependency,online,evaluation_unseen_adaptation,causal_effect_graph,1543,3,1.0,3.3333333333333335,3.3333333333333335,3.3333333333333335,1.0,0.0,0.0,,,,0.0,,1.0,0.0002517333293023209,3.3333333333333335,0.0,3.3333333333333335,1.0,0.0,0.0,,,,,,,,,,
creativity,creativity,aassr_no_imagination,multi_solution_dependency,online,evaluation_unseen_adaptation,causal_effect_graph,1601,3,1.0,3.3333333333333335,3.3333333333333335,3.3333333333333335,1.0,0.0,0.0,,,,0.0,,1.0,0.00028006666495154303,3.3333333333333335,0.0,3.3333333333333335,1.0,0.0,0.0,,,,,,,,,,
creativity,creativity,aassr_no_imagination,multi_solution_dependency,online,evaluation_unseen_adaptation,causal_effect_graph,173,3,1.0,3.3333333333333335,3.3333333333333335,3.3333333333333335,1.0,0.0,0.0,,,,0.0,,1.0,0.0002671999973244965,3.3333333333333335,0.0,3.3333333333333335,1.0,0.0,0.0,,,,,,,,,,
creativity,creativity,aassr_no_imagination,multi_solution_dependency,online,evaluation_unseen_adaptation,causal_effect_graph,211,3,1.0,3.3333333333333335,3.3333333333333335,3.3333333333333335,1.0,0.0,0.0,,,,0.0,,1.0,0.0002587333437986672,3.3333333333333335,0.0,3.3333333333333335,1.0,0.0,0.0,,,,,,,,,,
creativity,creativity,aassr_no_imagination,multi_solution_dependency,online,evaluation_unseen_adaptation,causal_effect_graph,257,3,1.0,3.3333333333333335,3.3333333333333335,3.3333333333333335,1.0,0.0,0.0,,,,0.0,,1.0,0.00030499999411404133,3.3333333333333335,0.0,3.3333333333333335,1.0,0.0,0.0,,,,,,,,,,
creativity,creativity,aassr_no_imagination,multi_solution_dependency,online,evaluation_unseen_adaptation,causal_effect_graph,307,3,1.0,3.3333333333333335,3.3333333333333335,3.3333333333333335,1.0,0.0,0.0,,,,0.0,,1.0,0.00026879999980640906,3.3333333333333335,0.0,3.3333333333333335,1.0,0.0,0.0,,,,,,,,,,
creativity,creativity,aassr_no_imagination,multi_solution_dependency,online,evaluation_unseen_adaptation,causal_effect_graph,353,3,1.0,3.3333333333333335,3.3333333333333335,3.3333333333333335,1.0,0.0,0.0,,,,0.0,,1.0,0.000266500001695628,3.3333333333333335,0.0,3.3333333333333335,1.0,0.0,0.0,,,,,,,,,,
creativity,creativity,aassr_no_imagination,multi_solution_dependency,online,evaluation_unseen_adaptation,causal_effect_graph,401,3,1.0,3.3333333333333335,3.3333333333333335,3.3333333333333335,1.0,0.0,0.0,,,,0.0,,1.0,0.0002765333338174969,3.3333333333333335,0.0,3.3333333333333335,1.0,0.0,0.0,,,,,,,,,,
creativity,creativity,aassr_no_imagination,multi_solution_dependency,online,evaluation_unseen_adaptation,causal_effect_graph,457,3,1.0,3.3333333333333335,3.3333333333333335,3.3333333333333335,1.0,0.0,0.0,,,,0.0,,1.0,0.00026003333429495495,3.3333333333333335,0.0,3.3333333333333335,1.0,0.0,0.0,,,,,,,,,,
creativity,creativity,aassr_no_imagination,multi_solution_dependency,online,evaluation_unseen_adaptation,causal_effect_graph,503,3,1.0,3.3333333333333335,3.3333333333333335,3.3333333333333335,1.0,0.0,0.0,,,,0.0,,1.0,0.0002667333368056764,3.3333333333333335,0.0,3.3333333333333335,1.0,0.0,0.0,,,,,,,,,,
creativity,creativity,aassr_no_imagination,multi_solution_dependency,online,evaluation_unseen_adaptation,causal_effect_graph,557,3,1.0,3.3333333333333335,3.3333333333333335,3.3333333333333335,1.0,0.0,0.0,,,,0.0,,1.0,0.00025996666712065536,3.3333333333333335,0.0,3.3333333333333335,1.0,0.0,0.0,,,,,,,,,,
creativity,creativity,aassr_no_imagination,multi_solution_dependency,online,evaluation_unseen_adaptation,causal_effect_graph,601,3,1.0,3.3333333333333335,3.3333333333333335,3.3333333333333335,1.0,0.0,0.0,,,,0.0,,1.0,0.0002495333319529891,3.3333333333333335,0.0,3.3333333333333335,1.0,0.0,0.0,,,,,,,,,,
creativity,creativity,aassr_no_imagination,multi_solution_dependency,online,evaluation_unseen_adaptation,causal_effect_graph,659,3,1.0,3.3333333333333335,3.3333333333333335,3.3333333333333335,1.0,0.0,0.0,,,,0.0,,1.0,0.0002501333365216851,3.3333333333333335,0.0,3.3333333333333335,1.0,0.0,0.0,,,,,,,,,,
creativity,creativity,aassr_no_imagination,multi_solution_dependency,online,evaluation_unseen_adaptation,causal_effect_graph,701,3,1.0,3.3333333333333335,3.3333333333333335,3.3333333333333335,1.0,0.0,0.0,,,,0.0,,1.0,0.0002667333368056764,3.3333333333333335,0.0,3.3333333333333335,1.0,0.0,0.0,,,,,,,,,,
creativity,creativity,aassr_no_imagination,multi_solution_dependency,online,evaluation_unseen_adaptation,causal_effect_graph,761,3,1.0,3.3333333333333335,3.3333333333333335,3.3333333333333335,1.0,0.0,0.0,,,,0.0,,1.0,0.00025059999704050523,3.3333333333333335,0.0,3.3333333333333335,1.0,0.0,0.0,,,,,,,,,,
creativity,creativity,aassr_no_imagination,multi_solution_dependency,online,evaluation_unseen_adaptation,causal_effect_graph,809,3,1.0,3.3333333333333335,3.3333333333333335,3.3333333333333335,1.0,0.0,0.0,,,,0.0,,1.0,0.00025889999233186245,3.3333333333333335,0.0,3.3333333333333335,1.0,0.0,0.0,,,,,,,,,,
creativity,creativity,aassr_no_imagination,multi_solution_dependency,online,evaluation_unseen_adaptation,causal_effect_graph,857,3,1.0,3.3333333333333335,3.3333333333333335,3.3333333333333335,1.0,0.0,0.0,,,,0.0,,1.0,0.00027320000420634943,3.3333333333333335,0.0,3.3333333333333335,1.0,0.0,0.0,,,,,,,,,,
creativity,creativity,aassr_no_imagination,multi_solution_dependency,online,evaluation_unseen_adaptation,causal_effect_graph,907,3,1.0,3.3333333333333335,3.3333333333333335,3.3333333333333335,1.0,0.0,0.0,,,,0.0,,1.0,0.0002734000057292481,3.3333333333333335,0.0,3.3333333333333335,1.0,0.0,0.0,,,,,,,,,,
creativity,creativity,aassr_no_imagination,multi_solution_dependency,online,evaluation_unseen_adaptation,causal_effect_graph,953,3,1.0,3.3333333333333335,3.3333333333333335,3.3333333333333335,1.0,0.0,0.0,,,,0.0,,1.0,0.00026450000586919487,3.3333333333333335,0.0,3.3333333333333335,1.0,0.0,0.0,,,,,,,,,,
creativity,creativity,aassr_no_imagination,multi_solution_dependency,online,training,causal_effect_graph,1009,500,1.0,3.282,3.282,3.282,1.0,0.0,0.0,,,,0.0,,1.0,0.0007072531998273916,3.282,0.0,3.282,0.0,0.0,0.0,,,,,,,,,,
creativity,creativity,aassr_no_imagination,multi_solution_dependency,online,training,causal_effect_graph,1061,500,1.0,3.226,3.226,3.226,1.0,0.0,0.0,,,,0.0,,1.0,0.0007129424001905136,3.226,0.0,3.226,0.0,0.0,0.0,,,,,,,,,,
creativity,creativity,aassr_no_imagination,multi_solution_dependency,online,training,causal_effect_graph,1103,500,1.0,3.304,3.304,3.304,1.0,0.0,0.0,,,,0.0,,1.0,0.0007414250001893379,3.304,0.0,3.304,0.0,0.0,0.0,,,,,,,,,,
creativity,creativity,aassr_no_imagination,multi_solution_dependency,online,training,causal_effect_graph,1151,500,1.0,3.242,3.242,3.242,1.0,0.0,0.0,,,,0.0,,1.0,0.0006947714001871645,3.242,0.0,3.242,0.0,0.0,0.0,,,,,,,,,,
creativity,creativity,aassr_no_imagination,multi_solution_dependency,online,training,causal_effect_graph,1201,500,1.0,3.23,3.23,3.23,1.0,0.0,0.0,,,,0.0,,1.0,0.0006789046010235324,3.23,0.0,3.23,0.0,0.0,0.0,,,,,,,,,,
creativity,creativity,aassr_no_imagination,multi_solution_dependency,online,training,causal_effect_graph,1259,500,1.0,3.276,3.276,3.276,1.0,0.0,0.0,,,,0.0,,1.0,0.0007050812002271414,3.276,0.0,3.276,0.0,0.0,0.0,,,,,,,,,,
creativity,creativity,aassr_no_imagination,multi_solution_dependency,online,training,causal_effect_graph,1301,500,1.0,3.306,3.306,3.306,1.0,0.0,0.0,,,,0.0,,1.0,0.0008179844002006576,3.306,0.0,3.306,0.0,0.0,0.0,,,,,,,,,,
creativity,creativity,aassr_no_imagination,multi_solution_dependency,online,training,causal_effect_graph,131,500,1.0,3.348,3.348,3.348,1.0,0.0,0.0,,,,0.0,,1.0,0.0008858835997525603,3.348,0.0,3.348,0.0,0.0,0.0,,,,,,,,,,
creativity,creativity,aassr_no_imagination,multi_solution_dependency,online,training,causal_effect_graph,1361,500,1.0,3.228,3.228,3.228,1.0,0.0,0.0,,,,0.0,,1.0,0.0007295572001603432,3.228,0.0,3.228,0.0,0.0,0.0,,,,,,,,,,
creativity,creativity,aassr_no_imagination,multi_solution_dependency,online,training,causal_effect_graph,1423,500,1.0,3.32,3.32,3.32,1.0,0.0,0.0,,,,0.0,,1.0,0.0007104902000864968,3.32,0.0,3.32,0.0,0.0,0.0,,,,,,,,,,
creativity,creativity,aassr_no_imagination,multi_solution_dependency,online,training,causal_effect_graph,1481,500,1.0,3.292,3.292,3.292,1.0,0.0,0.0,,,,0.0,,1.0,0.0007136809995863586,3.292,0.0,3.292,0.0,0.0,0.0,,,,,,,,,,
creativity,creativity,aassr_no_imagination,multi_solution_dependency,online,training,causal_effect_graph,1543,500,1.0,3.34,3.34,3.34,1.0,0.0,0.0,,,,0.0,,1.0,0.0007022853998350911,3.34,0.0,3.34,0.0,0.0,0.0,,,,,,,,,,
creativity,creativity,aassr_no_imagination,multi_solution_dependency,online,training,causal_effect_graph,1601,500,1.0,3.362,3.362,3.362,1.0,0.0,0.0,,,,0.0,,1.0,0.000827363200369291,3.362,0.0,3.362,0.0,0.0,0.0,,,,,,,,,,
creativity,creativity,aassr_no_imagination,multi_solution_dependency,online,training,causal_effect_graph,173,500,1.0,3.248,3.248,3.248,1.0,0.0,0.0,,,,0.0,,1.0,0.0009491291994927451,3.248,0.0,3.248,0.0,0.0,0.0,,,,,,,,,,
creativity,creativity,aassr_no_imagination,multi_solution_dependency,online,training,causal_effect_graph,211,500,1.0,3.284,3.284,3.284,1.0,0.0,0.0,,,,0.0,,1.0,0.0006958198004867882,3.284,0.0,3.284,0.0,0.0,0.0,,,,,,,,,,
creativity,creativity,aassr_no_imagination,multi_solution_dependency,online,training,causal_effect_graph,257,500,1.0,3.246,3.246,3.246,1.0,0.0,0.0,,,,0.0,,1.0,0.0006923394005279988,3.246,0.0,3.246,0.0,0.0,0.0,,,,,,,,,,
creativity,creativity,aassr_no_imagination,multi_solution_dependency,online,training,causal_effect_graph,307,500,1.0,3.268,3.268,3.268,1.0,0.0,0.0,,,,0.0,,1.0,0.0006936458008131013,3.268,0.0,3.268,0.0,0.0,0.0,,,,,,,,,,
creativity,creativity,aassr_no_imagination,multi_solution_dependency,online,training,causal_effect_graph,353,500,1.0,3.314,3.314,3.314,1.0,0.0,0.0,,,,0.0,,1.0,0.000702209800016135,3.314,0.0,3.314,0.0,0.0,0.0,,,,,,,,,,
creativity,creativity,aassr_no_imagination,multi_solution_dependency,online,training,causal_effect_graph,401,500,1.0,3.288,3.288,3.288,1.0,0.0,0.0,,,,0.0,,1.0,0.000697507600125391,3.288,0.0,3.288,0.0,0.0,0.0,,,,,,,,,,
creativity,creativity,aassr_no_imagination,multi_solution_dependency,online,training,causal_effect_graph,457,500,1.0,3.312,3.312,3.312,1.0,0.0,0.0,,,,0.0,,1.0,0.001423379598709289,3.312,0.0,3.312,0.0,0.0,0.0,,,,,,,,,,
creativity,creativity,aassr_no_imagination,multi_solution_dependency,online,training,causal_effect_graph,503,500,1.0,3.298,3.298,3.298,1.0,0.0,0.0,,,,0.0,,1.0,0.0007452151998877525,3.298,0.0,3.298,0.0,0.0,0.0,,,,,,,,,,
creativity,creativity,aassr_no_imagination,multi_solution_dependency,online,training,causal_effect_graph,557,500,1.0,3.374,3.374,3.374,1.0,0.0,0.0,,,,0.0,,1.0,0.0007464502003858797,3.374,0.0,3.374,0.0,0.0,0.0,,,,,,,,,,
creativity,creativity,aassr_no_imagination,multi_solution_dependency,online,training,causal_effect_graph,601,500,1.0,3.212,3.212,3.212,1.0,0.0,0.0,,,,0.0,,1.0,0.0006717434005113318,3.212,0.0,3.212,0.0,0.0,0.0,,,,,,,,,,
creativity,creativity,aassr_no_imagination,multi_solution_dependency,online,training,causal_effect_graph,659,500,1.0,3.3,3.3,3.3,1.0,0.0,0.0,,,,0.0,,1.0,0.0007030690000392497,3.3,0.0,3.3,0.0,0.0,0.0,,,,,,,,,,
creativity,creativity,aassr_no_imagination,multi_solution_dependency,online,training,causal_effect_graph,701,500,1.0,3.24,3.24,3.24,1.0,0.0,0.0,,,,0.0,,1.0,0.0007059863996692002,3.24,0.0,3.24,0.0,0.0,0.0,,,,,,,,,,
creativity,creativity,aassr_no_imagination,multi_solution_dependency,online,training,causal_effect_graph,761,500,1.0,3.35,3.35,3.35,1.0,0.0,0.0,,,,0.0,,1.0,0.001792829800164327,3.35,0.0,3.35,0.0,0.0,0.0,,,,,,,,,,
creativity,creativity,aassr_no_imagination,multi_solution_dependency,online,training,causal_effect_graph,809,500,1.0,3.3,3.3,3.3,1.0,0.0,0.0,,,,0.0,,1.0,0.0007082940006512217,3.3,0.0,3.3,0.0,0.0,0.0,,,,,,,,,,
creativity,creativity,aassr_no_imagination,multi_solution_dependency,online,training,causal_effect_graph,857,500,1.0,3.288,3.288,3.288,1.0,0.0,0.0,,,,0.0,,1.0,0.000724937599094119,3.288,0.0,3.288,0.0,0.0,0.0,,,,,,,,,,
creativity,creativity,aassr_no_imagination,multi_solution_dependency,online,training,causal_effect_graph,907,500,1.0,3.356,3.356,3.356,1.0,0.0,0.0,,,,0.0,,1.0,0.0007258127996465191,3.356,0.0,3.356,0.0,0.0,0.0,,,,,,,,,,
creativity,creativity,aassr_no_imagination,multi_solution_dependency,online,training,causal_effect_graph,953,500,1.0,3.212,3.212,3.212,1.0,0.0,0.0,,,,0.0,,1.0,0.0006993671996169724,3.212,0.0,3.212,0.0,0.0,0.0,,,,,,,,,,
creativity,creativity,aassr_no_novelty,multi_solution_dependency,online,evaluation_unseen_adaptation,causal_effect_graph,1009,3,1.0,3.3333333333333335,3.3333333333333335,3.3333333333333335,1.0,0.0,0.0,,,,0.0,,1.0,0.0003425333319076647,3.3333333333333335,0.0,3.3333333333333335,1.0,0.0,0.0,,,,,,,,,,
creativity,creativity,aassr_no_novelty,multi_solution_dependency,online,evaluation_unseen_adaptation,causal_effect_graph,1061,3,1.0,3.3333333333333335,3.3333333333333335,3.3333333333333335,1.0,0.0,0.0,,,,0.0,,1.0,0.0003445333374353747,3.3333333333333335,0.0,3.3333333333333335,1.0,0.0,0.0,,,,,,,,,,
creativity,creativity,aassr_no_novelty,multi_solution_dependency,online,evaluation_unseen_adaptation,causal_effect_graph,1103,3,1.0,3.3333333333333335,3.3333333333333335,3.3333333333333335,1.0,0.0,0.0,,,,0.0,,1.0,0.00036279999767430127,3.3333333333333335,0.0,3.3333333333333335,1.0,0.0,0.0,,,,,,,,,,
creativity,creativity,aassr_no_novelty,multi_solution_dependency,online,evaluation_unseen_adaptation,causal_effect_graph,1151,3,1.0,3.3333333333333335,3.3333333333333335,3.3333333333333335,1.0,0.0,0.0,,,,0.0,,1.0,0.0003435666828105847,3.3333333333333335,0.0,3.3333333333333335,1.0,0.0,0.0,,,,,,,,,,
creativity,creativity,aassr_no_novelty,multi_solution_dependency,online,evaluation_unseen_adaptation,causal_effect_graph,1201,3,1.0,3.3333333333333335,3.3333333333333335,3.3333333333333335,1.0,0.0,0.0,,,,0.0,,1.0,0.0004888666638483604,3.3333333333333335,0.0,3.3333333333333335,1.0,0.0,0.0,,,,,,,,,,
creativity,creativity,aassr_no_novelty,multi_solution_dependency,online,evaluation_unseen_adaptation,causal_effect_graph,1259,3,1.0,3.3333333333333335,3.3333333333333335,3.3333333333333335,1.0,0.0,0.0,,,,0.0,,1.0,0.00039553332802218694,3.3333333333333335,0.0,3.3333333333333335,1.0,0.0,0.0,,,,,,,,,,
creativity,creativity,aassr_no_novelty,multi_solution_dependency,online,evaluation_unseen_adaptation,causal_effect_graph,1301,3,1.0,3.3333333333333335,3.3333333333333335,3.3333333333333335,1.0,0.0,0.0,,,,0.0,,1.0,0.00037256666109897196,3.3333333333333335,0.0,3.3333333333333335,1.0,0.0,0.0,,,,,,,,,,
creativity,creativity,aassr_no_novelty,multi_solution_dependency,online,evaluation_unseen_adaptation,causal_effect_graph,131,3,1.0,3.3333333333333335,3.3333333333333335,3.3333333333333335,1.0,0.0,0.0,,,,0.0,,1.0,0.0004092666689151277,3.3333333333333335,0.0,3.3333333333333335,1.0,0.0,0.0,,,,,,,,,,
creativity,creativity,aassr_no_novelty,multi_solution_dependency,online,evaluation_unseen_adaptation,causal_effect_graph,1361,3,1.0,3.3333333333333335,3.3333333333333335,3.3333333333333335,1.0,0.0,0.0,,,,0.0,,1.0,0.0003668333326155941,3.3333333333333335,0.0,3.3333333333333335,1.0,0.0,0.0,,,,,,,,,,
creativity,creativity,aassr_no_novelty,multi_solution_dependency,online,evaluation_unseen_adaptation,causal_effect_graph,1423,3,1.0,3.3333333333333335,3.3333333333333335,3.3333333333333335,1.0,0.0,0.0,,,,0.0,,1.0,0.00034856667237666744,3.3333333333333335,0.0,3.3333333333333335,1.0,0.0,0.0,,,,,,,,,,
creativity,creativity,aassr_no_novelty,multi_solution_dependency,online,evaluation_unseen_adaptation,causal_effect_graph,1481,3,1.0,3.3333333333333335,3.3333333333333335,3.3333333333333335,1.0,0.0,0.0,,,,0.0,,1.0,0.00034523334276552003,3.3333333333333335,0.0,3.3333333333333335,1.0,0.0,0.0,,,,,,,,,,
creativity,creativity,aassr_no_novelty,multi_solution_dependency,online,evaluation_unseen_adaptation,causal_effect_graph,1543,3,1.0,3.3333333333333335,3.3333333333333335,3.3333333333333335,1.0,0.0,0.0,,,,0.0,,1.0,0.0003449999979541947,3.3333333333333335,0.0,3.3333333333333335,1.0,0.0,0.0,,,,,,,,,,
creativity,creativity,aassr_no_novelty,multi_solution_dependency,online,evaluation_unseen_adaptation,causal_effect_graph,1601,3,1.0,3.3333333333333335,3.3333333333333335,3.3333333333333335,1.0,0.0,0.0,,,,0.0,,1.0,0.00036906667325335246,3.3333333333333335,0.0,3.3333333333333335,1.0,0.0,0.0,,,,,,,,,,
creativity,creativity,aassr_no_novelty,multi_solution_dependency,online,evaluation_unseen_adaptation,causal_effect_graph,173,3,1.0,3.3333333333333335,3.3333333333333335,3.3333333333333335,1.0,0.0,0.0,,,,0.0,,1.0,0.0003490333231942107,3.3333333333333335,0.0,3.3333333333333335,1.0,0.0,0.0,,,,,,,,,,
creativity,creativity,aassr_no_novelty,multi_solution_dependency,online,evaluation_unseen_adaptation,causal_effect_graph,211,3,1.0,3.3333333333333335,3.3333333333333335,3.3333333333333335,1.0,0.0,0.0,,,,0.0,,1.0,0.00038020000404988724,3.3333333333333335,0.0,3.3333333333333335,1.0,0.0,0.0,,,,,,,,,,
creativity,creativity,aassr_no_novelty,multi_solution_dependency,online,evaluation_unseen_adaptation,causal_effect_graph,257,3,1.0,3.3333333333333335,3.3333333333333335,3.3333333333333335,1.0,0.0,0.0,,,,0.0,,1.0,0.0003462999981517593,3.3333333333333335,0.0,3.3333333333333335,1.0,0.0,0.0,,,,,,,,,,
creativity,creativity,aassr_no_novelty,multi_solution_dependency,online,evaluation_unseen_adaptation,causal_effect_graph,307,3,1.0,3.3333333333333335,3.3333333333333335,3.3333333333333335,1.0,0.0,0.0,,,,0.0,,1.0,0.0003471666617163767,3.3333333333333335,0.0,3.3333333333333335,1.0,0.0,0.0,,,,,,,,,,
creativity,creativity,aassr_no_novelty,multi_solution_dependency,online,evaluation_unseen_adaptation,causal_effect_graph,353,3,1.0,3.3333333333333335,3.3333333333333335,3.3333333333333335,1.0,0.0,0.0,,,,0.0,,1.0,0.00033969999640248716,3.3333333333333335,0.0,3.3333333333333335,1.0,0.0,0.0,,,,,,,,,,
creativity,creativity,aassr_no_novelty,multi_solution_dependency,online,evaluation_unseen_adaptation,causal_effect_graph,401,3,1.0,3.3333333333333335,3.3333333333333335,3.3333333333333335,1.0,0.0,0.0,,,,0.0,,1.0,0.0003438666559911023,3.3333333333333335,0.0,3.3333333333333335,1.0,0.0,0.0,,,,,,,,,,
creativity,creativity,aassr_no_novelty,multi_solution_dependency,online,evaluation_unseen_adaptation,causal_effect_graph,457,3,1.0,3.3333333333333335,3.3333333333333335,3.3333333333333335,1.0,0.0,0.0,,,,0.0,,1.0,0.0003420333475029717,3.3333333333333335,0.0,3.3333333333333335,1.0,0.0,0.0,,,,,,,,,,
creativity,creativity,aassr_no_novelty,multi_solution_dependency,online,evaluation_unseen_adaptation,causal_effect_graph,503,3,1.0,3.3333333333333335,3.3333333333333335,3.3333333333333335,1.0,0.0,0.0,,,,0.0,,1.0,0.0003745999905125548,3.3333333333333335,0.0,3.3333333333333335,1.0,0.0,0.0,,,,,,,,,,
creativity,creativity,aassr_no_novelty,multi_solution_dependency,online,evaluation_unseen_adaptation,causal_effect_graph,557,3,1.0,3.3333333333333335,3.3333333333333335,3.3333333333333335,1.0,0.0,0.0,,,,0.0,,1.0,0.0005670000003495564,3.3333333333333335,0.0,3.3333333333333335,1.0,0.0,0.0,,,,,,,,,,
creativity,creativity,aassr_no_novelty,multi_solution_dependency,online,evaluation_unseen_adaptation,causal_effect_graph,601,3,1.0,3.3333333333333335,3.3333333333333335,3.3333333333333335,1.0,0.0,0.0,,,,0.0,,1.0,0.00033836667231904965,3.3333333333333335,0.0,3.3333333333333335,1.0,0.0,0.0,,,,,,,,,,
creativity,creativity,aassr_no_novelty,multi_solution_dependency,online,evaluation_unseen_adaptation,causal_effect_graph,659,3,1.0,3.3333333333333335,3.3333333333333335,3.3333333333333335,1.0,0.0,0.0,,,,0.0,,1.0,0.0003401333330354343,3.3333333333333335,0.0,3.3333333333333335,1.0,0.0,0.0,,,,,,,,,,
creativity,creativity,aassr_no_novelty,multi_solution_dependency,online,evaluation_unseen_adaptation,causal_effect_graph,701,3,1.0,3.3333333333333335,3.3333333333333335,3.3333333333333335,1.0,0.0,0.0,,,,0.0,,1.0,0.00034763333193647367,3.3333333333333335,0.0,3.3333333333333335,1.0,0.0,0.0,,,,,,,,,,
creativity,creativity,aassr_no_novelty,multi_solution_dependency,online,evaluation_unseen_adaptation,causal_effect_graph,761,3,1.0,3.3333333333333335,3.3333333333333335,3.3333333333333335,1.0,0.0,0.0,,,,0.0,,1.0,0.00034746667370200157,3.3333333333333335,0.0,3.3333333333333335,1.0,0.0,0.0,,,,,,,,,,
creativity,creativity,aassr_no_novelty,multi_solution_dependency,online,evaluation_unseen_adaptation,causal_effect_graph,809,3,1.0,3.3333333333333335,3.3333333333333335,3.3333333333333335,1.0,0.0,0.0,,,,0.0,,1.0,0.00034236666397191584,3.3333333333333335,0.0,3.3333333333333335,1.0,0.0,0.0,,,,,,,,,,
creativity,creativity,aassr_no_novelty,multi_solution_dependency,online,evaluation_unseen_adaptation,causal_effect_graph,857,3,1.0,3.3333333333333335,3.3333333333333335,3.3333333333333335,1.0,0.0,0.0,,,,0.0,,1.0,0.0003513000071203957,3.3333333333333335,0.0,3.3333333333333335,1.0,0.0,0.0,,,,,,,,,,
creativity,creativity,aassr_no_novelty,multi_solution_dependency,online,evaluation_unseen_adaptation,causal_effect_graph,907,3,1.0,3.3333333333333335,3.3333333333333335,3.3333333333333335,1.0,0.0,0.0,,,,0.0,,1.0,0.0003620000012839834,3.3333333333333335,0.0,3.3333333333333335,1.0,0.0,0.0,,,,,,,,,,
creativity,creativity,aassr_no_novelty,multi_solution_dependency,online,evaluation_unseen_adaptation,causal_effect_graph,953,3,1.0,3.3333333333333335,3.3333333333333335,3.3333333333333335,1.0,0.0,0.0,,,,0.0,,1.0,0.0003878999947725485,3.3333333333333335,0.0,3.3333333333333335,1.0,0.0,0.0,,,,,,,,,,
creativity,creativity,aassr_no_novelty,multi_solution_dependency,online,training,causal_effect_graph,1009,500,1.0,3.204,3.204,3.204,1.0,0.0,0.0,,,,2.466,,1.0,0.00044592539954464884,3.204,2.466,3.204,0.0,0.0,0.0,,,,,,,,,,
creativity,creativity,aassr_no_novelty,multi_solution_dependency,online,training,causal_effect_graph,1061,500,1.0,3.19,3.19,3.19,1.0,0.0,0.0,,,,2.814,,1.0,0.00045258500013733283,3.19,2.814,3.19,0.0,0.0,0.0,,,,,,,,,,
creativity,creativity,aassr_no_novelty,multi_solution_dependency,online,training,causal_effect_graph,1103,500,1.0,3.232,3.232,3.232,1.0,0.0,0.0,,,,2.814,,1.0,0.0004937069998122752,3.232,2.814,3.232,0.0,0.0,0.0,,,,,,,,,,
creativity,creativity,aassr_no_novelty,multi_solution_dependency,online,training,causal_effect_graph,1151,500,1.0,3.274,3.274,3.274,1.0,0.0,0.0,,,,2.958,,1.0,0.0004733471994404681,3.274,2.958,3.274,0.0,0.0,0.0,,,,,,,,,,
creativity,creativity,aassr_no_novelty,multi_solution_dependency,online,training,causal_effect_graph,1201,500,1.0,3.176,3.176,3.176,1.0,0.0,0.0,,,,2.712,,1.0,0.0004484865996055305,3.176,2.712,3.176,0.0,0.0,0.0,,,,,,,,,,
creativity,creativity,aassr_no_novelty,multi_solution_dependency,online,training,causal_effect_graph,1259,500,1.0,3.258,3.258,3.258,1.0,0.0,0.0,,,,2.43,,1.0,0.0004727597994497046,3.258,2.43,3.258,0.0,0.0,0.0,,,,,,,,,,
creativity,creativity,aassr_no_novelty,multi_solution_dependency,online,training,causal_effect_graph,1301,500,1.0,3.246,3.246,3.246,1.0,0.0,0.0,,,,2.984,,1.0,0.0005106240010936744,3.246,2.984,3.246,0.0,0.0,0.0,,,,,,,,,,
creativity,creativity,aassr_no_novelty,multi_solution_dependency,online,training,causal_effect_graph,131,500,1.0,3.236,3.236,3.236,1.0,0.0,0.0,,,,2.738,,1.0,0.00045066599996061995,3.236,2.738,3.236,0.0,0.0,0.0,,,,,,,,,,
creativity,creativity,aassr_no_novelty,multi_solution_dependency,online,training,causal_effect_graph,1361,500,1.0,3.198,3.198,3.198,1.0,0.0,0.0,,,,2.684,,1.0,0.00048341000027721747,3.198,2.684,3.198,0.0,0.0,0.0,,,,,,,,,,
creativity,creativity,aassr_no_novelty,multi_solution_dependency,online,training,causal_effect_graph,1423,500,1.0,3.27,3.27,3.27,1.0,0.0,0.0,,,,2.67,,1.0,0.00046905640145996583,3.27,2.67,3.27,0.0,0.0,0.0,,,,,,,,,,
creativity,creativity,aassr_no_novelty,multi_solution_dependency,online,training,causal_effect_graph,1481,500,1.0,3.274,3.274,3.274,1.0,0.0,0.0,,,,2.286,,1.0,0.0004363588002161123,3.274,2.286,3.274,0.0,0.0,0.0,,,,,,,,,,
creativity,creativity,aassr_no_novelty,multi_solution_dependency,online,training,causal_effect_graph,1543,500,1.0,3.222,3.222,3.222,1.0,0.0,0.0,,,,2.904,,1.0,0.0004478722004569136,3.222,2.904,3.222,0.0,0.0,0.0,,,,,,,,,,
creativity,creativity,aassr_no_novelty,multi_solution_dependency,online,training,causal_effect_graph,1601,500,1.0,3.31,3.31,3.31,1.0,0.0,0.0,,,,2.722,,1.0,0.0004988822004524991,3.31,2.722,3.31,0.0,0.0,0.0,,,,,,,,,,
creativity,creativity,aassr_no_novelty,multi_solution_dependency,online,training,causal_effect_graph,173,500,1.0,3.178,3.178,3.178,1.0,0.0,0.0,,,,3.096,,1.0,0.0004761960009345785,3.178,3.096,3.178,0.0,0.0,0.0,,,,,,,,,,
creativity,creativity,aassr_no_novelty,multi_solution_dependency,online,training,causal_effect_graph,211,500,1.0,3.232,3.232,3.232,1.0,0.0,0.0,,,,1.942,,1.0,0.0004292620004853234,3.232,1.942,3.232,0.0,0.0,0.0,,,,,,,,,,
creativity,creativity,aassr_no_novelty,multi_solution_dependency,online,training,causal_effect_graph,257,500,1.0,3.194,3.194,3.194,1.0,0.0,0.0,,,,3.2,,1.0,0.0004780468004755676,3.194,3.2,3.194,0.0,0.0,0.0,,,,,,,,,,
creativity,creativity,aassr_no_novelty,multi_solution_dependency,online,training,causal_effect_graph,307,500,1.0,3.184,3.184,3.184,1.0,0.0,0.0,,,,3.158,,1.0,0.00047312660032184793,3.184,3.158,3.184,0.0,0.0,0.0,,,,,,,,,,
creativity,creativity,aassr_no_novelty,multi_solution_dependency,online,training,causal_effect_graph,353,500,1.0,3.272,3.272,3.272,1.0,0.0,0.0,,,,2.798,,1.0,0.0004693131996318698,3.272,2.798,3.272,0.0,0.0,0.0,,,,,,,,,,
creativity,creativity,aassr_no_novelty,multi_solution_dependency,online,training,causal_effect_graph,401,500,1.0,3.248,3.248,3.248,1.0,0.0,0.0,,,,2.844,,1.0,0.0004719711996149272,3.248,2.844,3.248,0.0,0.0,0.0,,,,,,,,,,
creativity,creativity,aassr_no_novelty,multi_solution_dependency,online,training,causal_effect_graph,457,500,1.0,3.266,3.266,3.266,1.0,0.0,0.0,,,,2.792,,1.0,0.0004742513999226503,3.266,2.792,3.266,0.0,0.0,0.0,,,,,,,,,,
creativity,creativity,aassr_no_novelty,multi_solution_dependency,online,training,causal_effect_graph,503,500,1.0,3.184,3.184,3.184,1.0,0.0,0.0,,,,3.354,,1.0,0.0004999228009255603,3.184,3.354,3.184,0.0,0.0,0.0,,,,,,,,,,
creativity,creativity,aassr_no_novelty,multi_solution_dependency,online,training,causal_effect_graph,557,500,1.0,3.274,3.274,3.274,1.0,0.0,0.0,,,,2.474,,1.0,0.00131546619994333,3.274,2.474,3.274,0.0,0.0,0.0,,,,,,,,,,
creativity,creativity,aassr_no_novelty,multi_solution_dependency,online,training,causal_effect_graph,601,500,1.0,3.21,3.21,3.21,1.0,0.0,0.0,,,,2.76,,1.0,0.00044873559928964825,3.21,2.76,3.21,0.0,0.0,0.0,,,,,,,,,,
creativity,creativity,aassr_no_novelty,multi_solution_dependency,online,training,causal_effect_graph,659,500,1.0,3.23,3.23,3.23,1.0,0.0,0.0,,,,2.598,,1.0,0.00043746520072454587,3.23,2.598,3.23,0.0,0.0,0.0,,,,,,,,,,
creativity,creativity,aassr_no_novelty,multi_solution_dependency,online,training,causal_effect_graph,701,500,1.0,3.194,3.194,3.194,1.0,0.0,0.0,,,,3.02,,1.0,0.0014966088008368389,3.194,3.02,3.194,0.0,0.0,0.0,,,,,,,,,,
creativity,creativity,aassr_no_novelty,multi_solution_dependency,online,training,causal_effect_graph,761,500,1.0,3.294,3.294,3.294,1.0,0.0,0.0,,,,2.782,,1.0,0.00046673260000534356,3.294,2.782,3.294,0.0,0.0,0.0,,,,,,,,,,
creativity,creativity,aassr_no_novelty,multi_solution_dependency,online,training,causal_effect_graph,809,500,1.0,3.292,3.292,3.292,1.0,0.0,0.0,,,,2.632,,1.0,0.000469839999510441,3.292,2.632,3.292,0.0,0.0,0.0,,,,,,,,,,
creativity,creativity,aassr_no_novelty,multi_solution_dependency,online,training,causal_effect_graph,857,500,1.0,3.242,3.242,3.242,1.0,0.0,0.0,,,,2.298,,1.0,0.0004418616014881991,3.242,2.298,3.242,0.0,0.0,0.0,,,,,,,,,,
creativity,creativity,aassr_no_novelty,multi_solution_dependency,online,training,causal_effect_graph,907,500,1.0,3.232,3.232,3.232,1.0,0.0,0.0,,,,2.574,,1.0,0.0004914005995960906,3.232,2.574,3.232,0.0,0.0,0.0,,,,,,,,,,
creativity,creativity,aassr_no_novelty,multi_solution_dependency,online,training,causal_effect_graph,953,500,1.0,3.174,3.174,3.174,1.0,0.0,0.0,,,,2.45,,1.0,0.0004620702004758641,3.174,2.45,3.174,0.0,0.0,0.0,,,,,,,,,,
creativity,creativity,dqn,multi_solution_dependency,online,evaluation_unseen_adaptation,causal_effect_graph,1009,3,1.0,4.0,4.0,4.0,1.0,0.0,0.0,,,,0.0,,1.0,0.0030072333368783197,4.0,0.0,4.0,1.0,0.0,0.0,,,,,,,,,,
creativity,creativity,dqn,multi_solution_dependency,online,evaluation_unseen_adaptation,causal_effect_graph,1061,3,1.0,2.3333333333333335,2.3333333333333335,2.3333333333333335,1.0,0.0,0.0,,,,0.0,,1.0,0.002499133329062412,2.3333333333333335,0.0,2.3333333333333335,1.0,0.0,0.0,,,,,,,,,,
creativity,creativity,dqn,multi_solution_dependency,online,evaluation_unseen_adaptation,causal_effect_graph,1103,3,1.0,3.0,3.0,3.0,1.0,0.0,0.0,,,,0.0,,1.0,0.002160500007448718,3.0,0.0,3.0,1.0,0.0,0.0,,,,,,,,,,
creativity,creativity,dqn,multi_solution_dependency,online,evaluation_unseen_adaptation,causal_effect_graph,1151,3,1.0,3.0,3.0,3.0,1.0,0.0,0.0,,,,0.0,,1.0,0.0022666000004392117,3.0,0.0,3.0,1.0,0.0,0.0,,,,,,,,,,
creativity,creativity,dqn,multi_solution_dependency,online,evaluation_unseen_adaptation,causal_effect_graph,1201,3,1.0,3.6666666666666665,3.6666666666666665,3.6666666666666665,1.0,0.0,0.0,,,,0.0,,1.0,0.002744533325312659,3.6666666666666665,0.0,3.6666666666666665,1.0,0.0,0.0,,,,,,,,,,
creativity,creativity,dqn,multi_solution_dependency,online,evaluation_unseen_adaptation,causal_effect_graph,1259,3,1.0,3.3333333333333335,3.3333333333333335,3.3333333333333335,1.0,0.0,0.0,,,,0.0,,1.0,0.002371666671630616,3.3333333333333335,0.0,3.3333333333333335,1.0,0.0,0.0,,,,,,,,,,
creativity,creativity,dqn,multi_solution_dependency,online,evaluation_unseen_adaptation,causal_effect_graph,1301,3,1.0,3.6666666666666665,3.6666666666666665,3.6666666666666665,1.0,0.0,0.0,,,,0.0,,1.0,0.0026954666536767036,3.6666666666666665,0.0,3.6666666666666665,1.0,0.0,0.0,,,,,,,,,,
creativity,creativity,dqn,multi_solution_dependency,online,evaluation_unseen_adaptation,causal_effect_graph,131,3,1.0,2.6666666666666665,2.6666666666666665,2.6666666666666665,1.0,0.0,0.0,,,,0.0,,1.0,0.0018016666678401332,2.6666666666666665,0.0,2.6666666666666665,1.0,0.0,0.0,,,,,,,,,,
creativity,creativity,dqn,multi_solution_dependency,online,evaluation_unseen_adaptation,causal_effect_graph,1361,3,1.0,3.3333333333333335,3.3333333333333335,3.3333333333333335,1.0,0.0,0.0,,,,0.0,,1.0,0.0025437333388254046,3.3333333333333335,0.0,3.3333333333333335,1.0,0.0,0.0,,,,,,,,,,
creativity,creativity,dqn,multi_solution_dependency,online,evaluation_unseen_adaptation,causal_effect_graph,1423,3,1.0,2.6666666666666665,2.6666666666666665,2.6666666666666665,1.0,0.0,0.0,,,,0.0,,1.0,0.001861500000813976,2.6666666666666665,0.0,2.6666666666666665,1.0,0.0,0.0,,,,,,,,,,
creativity,creativity,dqn,multi_solution_dependency,online,evaluation_unseen_adaptation,causal_effect_graph,1481,3,1.0,2.3333333333333335,2.3333333333333335,2.3333333333333335,1.0,0.0,0.0,,,,0.0,,1.0,0.0017652666623083253,2.3333333333333335,0.0,2.3333333333333335,1.0,0.0,0.0,,,,,,,,,,
creativity,creativity,dqn,multi_solution_dependency,online,evaluation_unseen_adaptation,causal_effect_graph,1543,3,1.0,3.0,3.0,3.0,1.0,0.0,0.0,,,,0.0,,1.0,0.002108133330087488,3.0,0.0,3.0,1.0,0.0,0.0,,,,,,,,,,
creativity,creativity,dqn,multi_solution_dependency,online,evaluation_unseen_adaptation,causal_effect_graph,1601,3,1.0,3.6666666666666665,3.6666666666666665,3.6666666666666665,1.0,0.0,0.0,,,,0.0,,1.0,0.0031383333262056112,3.6666666666666665,0.0,3.6666666666666665,1.0,0.0,0.0,,,,,,,,,,
creativity,creativity,dqn,multi_solution_dependency,online,evaluation_unseen_adaptation,causal_effect_graph,173,3,1.0,3.0,3.0,3.0,1.0,0.0,0.0,,,,0.0,,1.0,0.0020815666648559272,3.0,0.0,3.0,1.0,0.0,0.0,,,,,,,,,,
creativity,creativity,dqn,multi_solution_dependency,online,evaluation_unseen_adaptation,causal_effect_graph,211,3,1.0,3.3333333333333335,3.3333333333333335,3.3333333333333335,1.0,0.0,0.0,,,,0.0,,1.0,0.002544966662147393,3.3333333333333335,0.0,3.3333333333333335,1.0,0.0,0.0,,,,,,,,,,
creativity,creativity,dqn,multi_solution_dependency,online,evaluation_unseen_adaptation,causal_effect_graph,257,3,1.0,3.0,3.0,3.0,1.0,0.0,0.0,,,,0.0,,1.0,0.0022277999960351735,3.0,0.0,3.0,1.0,0.0,0.0,,,,,,,,,,
creativity,creativity,dqn,multi_solution_dependency,online,evaluation_unseen_adaptation,causal_effect_graph,307,3,1.0,3.6666666666666665,3.6666666666666665,3.6666666666666665,1.0,0.0,0.0,,,,0.0,,1.0,0.0028010333383766315,3.6666666666666665,0.0,3.6666666666666665,1.0,0.0,0.0,,,,,,,,,,
creativity,creativity,dqn,multi_solution_dependency,online,evaluation_unseen_adaptation,causal_effect_graph,353,3,1.0,2.6666666666666665,2.6666666666666665,2.6666666666666665,1.0,0.0,0.0,,,,0.0,,1.0,0.002102700003888458,2.6666666666666665,0.0,2.6666666666666665,1.0,0.0,0.0,,,,,,,,,,
creativity,creativity,dqn,multi_solution_dependency,online,evaluation_unseen_adaptation,causal_effect_graph,401,3,1.0,3.0,3.0,3.0,1.0,0.0,0.0,,,,0.0,,1.0,0.002195666660554707,3.0,0.0,3.0,1.0,0.0,0.0,,,,,,,,,,
creativity,creativity,dqn,multi_solution_dependency,online,evaluation_unseen_adaptation,causal_effect_graph,457,3,1.0,3.6666666666666665,3.6666666666666665,3.6666666666666665,1.0,0.0,0.0,,,,0.0,,1.0,0.002641533346225818,3.6666666666666665,0.0,3.6666666666666665,1.0,0.0,0.0,,,,,,,,,,
creativity,creativity,dqn,multi_solution_dependency,online,evaluation_unseen_adaptation,causal_effect_graph,503,3,1.0,3.3333333333333335,3.3333333333333335,3.3333333333333335,1.0,0.0,0.0,,,,0.0,,1.0,0.0026893999990231046,3.3333333333333335,0.0,3.3333333333333335,1.0,0.0,0.0,,,,,,,,,,
creativity,creativity,dqn,multi_solution_dependency,online,evaluation_unseen_adaptation,causal_effect_graph,557,3,1.0,3.3333333333333335,3.3333333333333335,3.3333333333333335,1.0,0.0,0.0,,,,0.0,,1.0,0.0022623333303878703,3.3333333333333335,0.0,3.3333333333333335,1.0,0.0,0.0,,,,,,,,,,
creativity,creativity,dqn,multi_solution_dependency,online,evaluation_unseen_adaptation,causal_effect_graph,601,3,1.0,3.0,3.0,3.0,1.0,0.0,0.0,,,,0.0,,1.0,0.0022094333544373512,3.0,0.0,3.0,1.0,0.0,0.0,,,,,,,,,,
creativity,creativity,dqn,multi_solution_dependency,online,evaluation_unseen_adaptation,causal_effect_graph,659,3,1.0,2.6666666666666665,2.6666666666666665,2.6666666666666665,1.0,0.0,0.0,,,,0.0,,1.0,0.0020317000065309307,2.6666666666666665,0.0,2.6666666666666665,1.0,0.0,0.0,,,,,,,,,,
creativity,creativity,dqn,multi_solution_dependency,online,evaluation_unseen_adaptation,causal_effect_graph,701,3,1.0,2.3333333333333335,2.3333333333333335,2.3333333333333335,1.0,0.0,0.0,,,,0.0,,1.0,0.0016636666744792212,2.3333333333333335,0.0,2.3333333333333335,1.0,0.0,0.0,,,,,,,,,,
creativity,creativity,dqn,multi_solution_dependency,online,evaluation_unseen_adaptation,causal_effect_graph,761,3,1.0,3.6666666666666665,3.6666666666666665,3.6666666666666665,1.0,0.0,0.0,,,,0.0,,1.0,0.0025842666606574007,3.6666666666666665,0.0,3.6666666666666665,1.0,0.0,0.0,,,,,,,,,,
creativity,creativity,dqn,multi_solution_dependency,online,evaluation_unseen_adaptation,causal_effect_graph,809,3,1.0,3.6666666666666665,3.6666666666666665,3.6666666666666665,1.0,0.0,0.0,,,,0.0,,1.0,0.002781200009242942,3.6666666666666665,0.0,3.6666666666666665,1.0,0.0,0.0,,,,,,,,,,
creativity,creativity,dqn,multi_solution_dependency,online,evaluation_unseen_adaptation,causal_effect_graph,857,3,1.0,2.0,2.0,2.0,1.0,0.0,0.0,,,,0.0,,1.0,0.0014099999971222132,2.0,0.0,2.0,1.0,0.0,0.0,,,,,,,,,,
creativity,creativity,dqn,multi_solution_dependency,online,evaluation_unseen_adaptation,causal_effect_graph,907,3,1.0,2.6666666666666665,2.6666666666666665,2.6666666666666665,1.0,0.0,0.0,,,,0.0,,1.0,0.0018908666679635644,2.6666666666666665,0.0,2.6666666666666665,1.0,0.0,0.0,,,,,,,,,,
creativity,creativity,dqn,multi_solution_dependency,online,evaluation_unseen_adaptation,causal_effect_graph,953,3,1.0,3.3333333333333335,3.3333333333333335,3.3333333333333335,1.0,0.0,0.0,,,,0.0,,1.0,0.002510066668037325,3.3333333333333335,0.0,3.3333333333333335,1.0,0.0,0.0,,,,,,,,,,
creativity,creativity,dqn,multi_solution_dependency,online,training,causal_effect_graph,1009,500,1.0,3.154,3.154,3.154,1.0,0.0,0.0,,,,0.0,,1.0,0.004814205399830826,3.154,0.0,3.154,0.0,0.0,0.0,,,,,,,,,,
creativity,creativity,dqn,multi_solution_dependency,online,training,causal_effect_graph,1061,500,1.0,3.104,3.104,3.104,1.0,0.0,0.0,,,,0.0,,1.0,0.0045047861994244156,3.104,0.0,3.104,0.0,0.0,0.0,,,,,,,,,,
creativity,creativity,dqn,multi_solution_dependency,online,training,causal_effect_graph,1103,500,1.0,3.17,3.17,3.17,1.0,0.0,0.0,,,,0.0,,1.0,0.0046890326013672165,3.17,0.0,3.17,0.0,0.0,0.0,,,,,,,,,,
creativity,creativity,dqn,multi_solution_dependency,online,training,causal_effect_graph,1151,500,1.0,3.22,3.22,3.22,1.0,0.0,0.0,,,,0.0,,1.0,0.004890419400413521,3.22,0.0,3.22,0.0,0.0,0.0,,,,,,,,,,
creativity,creativity,dqn,multi_solution_dependency,online,training,causal_effect_graph,1201,500,1.0,3.134,3.134,3.134,1.0,0.0,0.0,,,,0.0,,1.0,0.004749214999377727,3.134,0.0,3.134,0.0,0.0,0.0,,,,,,,,,,
creativity,creativity,dqn,multi_solution_dependency,online,training,causal_effect_graph,1259,500,1.0,3.158,3.158,3.158,1.0,0.0,0.0,,,,0.0,,1.0,0.004706644200487062,3.158,0.0,3.158,0.0,0.0,0.0,,,,,,,,,,
creativity,creativity,dqn,multi_solution_dependency,online,training,causal_effect_graph,1301,500,1.0,3.2,3.2,3.2,1.0,0.0,0.0,,,,0.0,,1.0,0.005597294799576048,3.2,0.0,3.2,0.0,0.0,0.0,,,,,,,,,,
creativity,creativity,dqn,multi_solution_dependency,online,training,causal_effect_graph,131,500,1.0,3.176,3.176,3.176,1.0,0.0,0.0,,,,0.0,,1.0,0.004854201200185344,3.176,0.0,3.176,0.0,0.0,0.0,,,,,,,,,,
creativity,creativity,dqn,multi_solution_dependency,online,training,causal_effect_graph,1361,500,1.0,3.176,3.176,3.176,1.0,0.0,0.0,,,,0.0,,1.0,0.00499124959972687,3.176,0.0,3.176,0.0,0.0,0.0,,,,,,,,,,
creativity,creativity,dqn,multi_solution_dependency,online,training,causal_effect_graph,1423,500,1.0,3.23,3.23,3.23,1.0,0.0,0.0,,,,0.0,,1.0,0.004689335600240156,3.23,0.0,3.23,0.0,0.0,0.0,,,,,,,,,,
creativity,creativity,dqn,multi_solution_dependency,online,training,causal_effect_graph,1481,500,1.0,3.134,3.134,3.134,1.0,0.0,0.0,,,,0.0,,1.0,0.004630866400606465,3.134,0.0,3.134,0.0,0.0,0.0,,,,,,,,,,
creativity,creativity,dqn,multi_solution_dependency,online,training,causal_effect_graph,1543,500,1.0,3.16,3.16,3.16,1.0,0.0,0.0,,,,0.0,,1.0,0.0047375443992787045,3.16,0.0,3.16,0.0,0.0,0.0,,,,,,,,,,
creativity,creativity,dqn,multi_solution_dependency,online,training,causal_effect_graph,1601,500,1.0,3.172,3.172,3.172,1.0,0.0,0.0,,,,0.0,,1.0,0.004921158999262844,3.172,0.0,3.172,0.0,0.0,0.0,,,,,,,,,,
creativity,creativity,dqn,multi_solution_dependency,online,training,causal_effect_graph,173,500,1.0,3.108,3.108,3.108,1.0,0.0,0.0,,,,0.0,,1.0,0.004341952799702994,3.108,0.0,3.108,0.0,0.0,0.0,,,,,,,,,,
creativity,creativity,dqn,multi_solution_dependency,online,training,causal_effect_graph,211,500,1.0,3.272,3.272,3.272,1.0,0.0,0.0,,,,0.0,,1.0,0.004999234400806017,3.272,0.0,3.272,0.0,0.0,0.0,,,,,,,,,,
creativity,creativity,dqn,multi_solution_dependency,online,training,causal_effect_graph,257,500,1.0,3.196,3.196,3.196,1.0,0.0,0.0,,,,0.0,,1.0,0.004682167799619492,3.196,0.0,3.196,0.0,0.0,0.0,,,,,,,,,,
creativity,creativity,dqn,multi_solution_dependency,online,training,causal_effect_graph,307,500,1.0,3.126,3.126,3.126,1.0,0.0,0.0,,,,0.0,,1.0,0.004652536199311726,3.126,0.0,3.126,0.0,0.0,0.0,,,,,,,,,,
creativity,creativity,dqn,multi_solution_dependency,online,training,causal_effect_graph,353,500,1.0,3.212,3.212,3.212,1.0,0.0,0.0,,,,0.0,,1.0,0.004862717000418342,3.212,0.0,3.212,0.0,0.0,0.0,,,,,,,,,,
creativity,creativity,dqn,multi_solution_dependency,online,training,causal_effect_graph,401,500,1.0,3.166,3.166,3.166,1.0,0.0,0.0,,,,0.0,,1.0,0.004721151800476946,3.166,0.0,3.166,0.0,0.0,0.0,,,,,,,,,,
creativity,creativity,dqn,multi_solution_dependency,online,training,causal_effect_graph,457,500,1.0,3.186,3.186,3.186,1.0,0.0,0.0,,,,0.0,,1.0,0.004562250000541099,3.186,0.0,3.186,0.0,0.0,0.0,,,,,,,,,,
creativity,creativity,dqn,multi_solution_dependency,online,training,causal_effect_graph,503,500,1.0,3.12,3.12,3.12,1.0,0.0,0.0,,,,0.0,,1.0,0.0046857921998598616,3.12,0.0,3.12,0.0,0.0,0.0,,,,,,,,,,
creativity,creativity,dqn,multi_solution_dependency,online,training,causal_effect_graph,557,500,1.0,3.194,3.194,3.194,1.0,0.0,0.0,,,,0.0,,1.0,0.004817696600570343,3.194,0.0,3.194,0.0,0.0,0.0,,,,,,,,,,
creativity,creativity,dqn,multi_solution_dependency,online,training,causal_effect_graph,601,500,1.0,3.132,3.132,3.132,1.0,0.0,0.0,,,,0.0,,1.0,0.004630237599776592,3.132,0.0,3.132,0.0,0.0,0.0,,,,,,,,,,
creativity,creativity,dqn,multi_solution_dependency,online,training,causal_effect_graph,659,500,1.0,3.134,3.134,3.134,1.0,0.0,0.0,,,,0.0,,1.0,0.004602953199704643,3.134,0.0,3.134,0.0,0.0,0.0,,,,,,,,,,
creativity,creativity,dqn,multi_solution_dependency,online,training,causal_effect_graph,701,500,1.0,3.128,3.128,3.128,1.0,0.0,0.0,,,,0.0,,1.0,0.004604471200611442,3.128,0.0,3.128,0.0,0.0,0.0,,,,,,,,,,
creativity,creativity,dqn,multi_solution_dependency,online,training,causal_effect_graph,761,500,1.0,3.192,3.192,3.192,1.0,0.0,0.0,,,,0.0,,1.0,0.004625352400413249,3.192,0.0,3.192,0.0,0.0,0.0,,,,,,,,,,
creativity,creativity,dqn,multi_solution_dependency,online,training,causal_effect_graph,809,500,1.0,3.082,3.082,3.082,1.0,0.0,0.0,,,,0.0,,1.0,0.004477914399874862,3.082,0.0,3.082,0.0,0.0,0.0,,,,,,,,,,
creativity,creativity,dqn,multi_solution_dependency,online,training,causal_effect_graph,857,500,1.0,3.234,3.234,3.234,1.0,0.0,0.0,,,,0.0,,1.0,0.004711649000004399,3.234,0.0,3.234,0.0,0.0,0.0,,,,,,,,,,
creativity,creativity,dqn,multi_solution_dependency,online,training,causal_effect_graph,907,500,1.0,3.192,3.192,3.192,1.0,0.0,0.0,,,,0.0,,1.0,0.00490818420011783,3.192,0.0,3.192,0.0,0.0,0.0,,,,,,,,,,
creativity,creativity,dqn,multi_solution_dependency,online,training,causal_effect_graph,953,500,1.0,3.198,3.198,3.198,1.0,0.0,0.0,,,,0.0,,1.0,0.004876204398926347,3.198,0.0,3.198,0.0,0.0,0.0,,,,,,,,,,
creativity,creativity,full_aassr,multi_solution_dependency,online,evaluation_unseen_adaptation,causal_effect_graph,1009,3,1.0,3.3333333333333335,3.3333333333333335,3.3333333333333335,1.0,0.0,0.0,,,,0.0,,1.0,0.00037043333092393976,3.3333333333333335,0.0,3.3333333333333335,1.0,0.0,0.0,,,,,,,,,,
creativity,creativity,full_aassr,multi_solution_dependency,online,evaluation_unseen_adaptation,causal_effect_graph,1061,3,1.0,3.3333333333333335,3.3333333333333335,3.3333333333333335,1.0,0.0,0.0,,,,0.0,,1.0,0.0004257666684376697,3.3333333333333335,0.0,3.3333333333333335,1.0,0.0,0.0,,,,,,,,,,
creativity,creativity,full_aassr,multi_solution_dependency,online,evaluation_unseen_adaptation,causal_effect_graph,1103,3,1.0,3.3333333333333335,3.3333333333333335,3.3333333333333335,1.0,0.0,0.0,,,,0.0,,1.0,0.0003754666734797259,3.3333333333333335,0.0,3.3333333333333335,1.0,0.0,0.0,,,,,,,,,,
creativity,creativity,full_aassr,multi_solution_dependency,online,evaluation_unseen_adaptation,causal_effect_graph,1151,3,1.0,3.3333333333333335,3.3333333333333335,3.3333333333333335,1.0,0.0,0.0,,,,0.0,,1.0,0.00036316667683422565,3.3333333333333335,0.0,3.3333333333333335,1.0,0.0,0.0,,,,,,,,,,
creativity,creativity,full_aassr,multi_solution_dependency,online,evaluation_unseen_adaptation,causal_effect_graph,1201,3,1.0,3.3333333333333335,3.3333333333333335,3.3333333333333335,1.0,0.0,0.0,,,,0.0,,1.0,0.00036610001310085255,3.3333333333333335,0.0,3.3333333333333335,1.0,0.0,0.0,,,,,,,,,,
creativity,creativity,full_aassr,multi_solution_dependency,online,evaluation_unseen_adaptation,causal_effect_graph,1259,3,1.0,3.3333333333333335,3.3333333333333335,3.3333333333333335,1.0,0.0,0.0,,,,0.0,,1.0,0.00037510000402107835,3.3333333333333335,0.0,3.3333333333333335,1.0,0.0,0.0,,,,,,,,,,
creativity,creativity,full_aassr,multi_solution_dependency,online,evaluation_unseen_adaptation,causal_effect_graph,1301,3,1.0,3.3333333333333335,3.3333333333333335,3.3333333333333335,1.0,0.0,0.0,,,,0.0,,1.0,0.0003938000008929521,3.3333333333333335,0.0,3.3333333333333335,1.0,0.0,0.0,,,,,,,,,,
creativity,creativity,full_aassr,multi_solution_dependency,online,evaluation_unseen_adaptation,causal_effect_graph,131,3,1.0,3.3333333333333335,3.3333333333333335,3.3333333333333335,1.0,0.0,0.0,,,,0.0,,1.0,0.0003858999989461154,3.3333333333333335,0.0,3.3333333333333335,1.0,0.0,0.0,,,,,,,,,,
creativity,creativity,full_aassr,multi_solution_dependency,online,evaluation_unseen_adaptation,causal_effect_graph,1361,3,1.0,3.3333333333333335,3.3333333333333335,3.3333333333333335,1.0,0.0,0.0,,,,0.0,,1.0,0.00038439999722565216,3.3333333333333335,0.0,3.3333333333333335,1.0,0.0,0.0,,,,,,,,,,
creativity,creativity,full_aassr,multi_solution_dependency,online,evaluation_unseen_adaptation,causal_effect_graph,1423,3,1.0,3.3333333333333335,3.3333333333333335,3.3333333333333335,1.0,0.0,0.0,,,,0.0,,1.0,0.00036143333030243713,3.3333333333333335,0.0,3.3333333333333335,1.0,0.0,0.0,,,,,,,,,,
creativity,creativity,full_aassr,multi_solution_dependency,online,evaluation_unseen_adaptation,causal_effect_graph,1481,3,1.0,3.3333333333333335,3.3333333333333335,3.3333333333333335,1.0,0.0,0.0,,,,0.0,,1.0,0.0003405333263799548,3.3333333333333335,0.0,3.3333333333333335,1.0,0.0,0.0,,,,,,,,,,
creativity,creativity,full_aassr,multi_solution_dependency,online,evaluation_unseen_adaptation,causal_effect_graph,1543,3,1.0,3.3333333333333335,3.3333333333333335,3.3333333333333335,1.0,0.0,0.0,,,,0.0,,1.0,0.000343400005173559,3.3333333333333335,0.0,3.3333333333333335,1.0,0.0,0.0,,,,,,,,,,
creativity,creativity,full_aassr,multi_solution_dependency,online,evaluation_unseen_adaptation,causal_effect_graph,1601,3,1.0,3.3333333333333335,3.3333333333333335,3.3333333333333335,1.0,0.0,0.0,,,,0.0,,1.0,0.000348366661152492,3.3333333333333335,0.0,3.3333333333333335,1.0,0.0,0.0,,,,,,,,,,
creativity,creativity,full_aassr,multi_solution_dependency,online,evaluation_unseen_adaptation,causal_effect_graph,173,3,1.0,3.3333333333333335,3.3333333333333335,3.3333333333333335,1.0,0.0,0.0,,,,0.0,,1.0,0.00034976666211150587,3.3333333333333335,0.0,3.3333333333333335,1.0,0.0,0.0,,,,,,,,,,
creativity,creativity,full_aassr,multi_solution_dependency,online,evaluation_unseen_adaptation,causal_effect_graph,211,3,1.0,3.3333333333333335,3.3333333333333335,3.3333333333333335,1.0,0.0,0.0,,,,0.0,,1.0,0.0003745333330395321,3.3333333333333335,0.0,3.3333333333333335,1.0,0.0,0.0,,,,,,,,,,
creativity,creativity,full_aassr,multi_solution_dependency,online,evaluation_unseen_adaptation,causal_effect_graph,257,3,1.0,3.3333333333333335,3.3333333333333335,3.3333333333333335,1.0,0.0,0.0,,,,0.0,,1.0,0.0003445333374353747,3.3333333333333335,0.0,3.3333333333333335,1.0,0.0,0.0,,,,,,,,,,
creativity,creativity,full_aassr,multi_solution_dependency,online,evaluation_unseen_adaptation,causal_effect_graph,307,3,1.0,3.3333333333333335,3.3333333333333335,3.3333333333333335,1.0,0.0,0.0,,,,0.0,,1.0,0.00037523332866840065,3.3333333333333335,0.0,3.3333333333333335,1.0,0.0,0.0,,,,,,,,,,
creativity,creativity,full_aassr,multi_solution_dependency,online,evaluation_unseen_adaptation,causal_effect_graph,353,3,1.0,3.3333333333333335,3.3333333333333335,3.3333333333333335,1.0,0.0,0.0,,,,0.0,,1.0,0.00034869999702398974,3.3333333333333335,0.0,3.3333333333333335,1.0,0.0,0.0,,,,,,,,,,
creativity,creativity,full_aassr,multi_solution_dependency,online,evaluation_unseen_adaptation,causal_effect_graph,401,3,1.0,3.3333333333333335,3.3333333333333335,3.3333333333333335,1.0,0.0,0.0,,,,0.0,,1.0,0.000379966659238562,3.3333333333333335,0.0,3.3333333333333335,1.0,0.0,0.0,,,,,,,,,,
creativity,creativity,full_aassr,multi_solution_dependency,online,evaluation_unseen_adaptation,causal_effect_graph,457,3,1.0,3.3333333333333335,3.3333333333333335,3.3333333333333335,1.0,0.0,0.0,,,,0.0,,1.0,0.00037570000858977437,3.3333333333333335,0.0,3.3333333333333335,1.0,0.0,0.0,,,,,,,,,,
creativity,creativity,full_aassr,multi_solution_dependency,online,evaluation_unseen_adaptation,causal_effect_graph,503,3,1.0,3.3333333333333335,3.3333333333333335,3.3333333333333335,1.0,0.0,0.0,,,,0.0,,1.0,0.0003674000035971403,3.3333333333333335,0.0,3.3333333333333335,1.0,0.0,0.0,,,,,,,,,,
creativity,creativity,full_aassr,multi_solution_dependency,online,evaluation_unseen_adaptation,causal_effect_graph,557,3,1.0,3.3333333333333335,3.3333333333333335,3.3333333333333335,1.0,0.0,0.0,,,,0.0,,1.0,0.00036093332649519044,3.3333333333333335,0.0,3.3333333333333335,1.0,0.0,0.0,,,,,,,,,,
creativity,creativity,full_aassr,multi_solution_dependency,online,evaluation_unseen_adaptation,causal_effect_graph,601,3,1.0,3.3333333333333335,3.3333333333333335,3.3333333333333335,1.0,0.0,0.0,,,,0.0,,1.0,0.00034103333988847834,3.3333333333333335,0.0,3.3333333333333335,1.0,0.0,0.0,,,,,,,,,,
creativity,creativity,full_aassr,multi_solution_dependency,online,evaluation_unseen_adaptation,causal_effect_graph,659,3,1.0,3.3333333333333335,3.3333333333333335,3.3333333333333335,1.0,0.0,0.0,,,,0.0,,1.0,0.00036813333281315863,3.3333333333333335,0.0,3.3333333333333335,1.0,0.0,0.0,,,,,,,,,,
creativity,creativity,full_aassr,multi_solution_dependency,online,evaluation_unseen_adaptation,causal_effect_graph,701,3,1.0,3.3333333333333335,3.3333333333333335,3.3333333333333335,1.0,0.0,0.0,,,,0.0,,1.0,0.0003457000032843401,3.3333333333333335,0.0,3.3333333333333335,1.0,0.0,0.0,,,,,,,,,,
creativity,creativity,full_aassr,multi_solution_dependency,online,evaluation_unseen_adaptation,causal_effect_graph,761,3,1.0,3.3333333333333335,3.3333333333333335,3.3333333333333335,1.0,0.0,0.0,,,,0.0,,1.0,0.00038893334567546844,3.3333333333333335,0.0,3.3333333333333335,1.0,0.0,0.0,,,,,,,,,,
creativity,creativity,full_aassr,multi_solution_dependency,online,evaluation_unseen_adaptation,causal_effect_graph,809,3,1.0,3.3333333333333335,3.3333333333333335,3.3333333333333335,1.0,0.0,0.0,,,,0.0,,1.0,0.0003679666551761329,3.3333333333333335,0.0,3.3333333333333335,1.0,0.0,0.0,,,,,,,,,,
creativity,creativity,full_aassr,multi_solution_dependency,online,evaluation_unseen_adaptation,causal_effect_graph,857,3,1.0,3.3333333333333335,3.3333333333333335,3.3333333333333335,1.0,0.0,0.0,,,,0.0,,1.0,0.00037323334254324436,3.3333333333333335,0.0,3.3333333333333335,1.0,0.0,0.0,,,,,,,,,,
creativity,creativity,full_aassr,multi_solution_dependency,online,evaluation_unseen_adaptation,causal_effect_graph,907,3,1.0,3.3333333333333335,3.3333333333333335,3.3333333333333335,1.0,0.0,0.0,,,,0.0,,1.0,0.0003650333286107828,3.3333333333333335,0.0,3.3333333333333335,1.0,0.0,0.0,,,,,,,,,,
creativity,creativity,full_aassr,multi_solution_dependency,online,evaluation_unseen_adaptation,causal_effect_graph,953,3,1.0,3.3333333333333335,3.3333333333333335,3.3333333333333335,1.0,0.0,0.0,,,,0.0,,1.0,0.000341233341411377,3.3333333333333335,0.0,3.3333333333333335,1.0,0.0,0.0,,,,,,,,,,
creativity,creativity,full_aassr,multi_solution_dependency,online,training,causal_effect_graph,1009,500,1.0,3.268,3.268,3.268,1.0,0.0,0.0,,,,2.41,,1.0,0.0008337380004231818,3.268,2.41,3.268,0.0,0.0,0.0,,,,,,,,,,
creativity,creativity,full_aassr,multi_solution_dependency,online,training,causal_effect_graph,1061,500,1.0,3.19,3.19,3.19,1.0,0.0,0.0,,,,2.75,,1.0,0.0008324244000250474,3.19,2.75,3.19,0.0,0.0,0.0,,,,,,,,,,
creativity,creativity,full_aassr,multi_solution_dependency,online,training,causal_effect_graph,1103,500,1.0,3.264,3.264,3.264,1.0,0.0,0.0,,,,3.35,,1.0,0.0008725657996837981,3.264,3.35,3.264,0.0,0.0,0.0,,,,,,,,,,
creativity,creativity,full_aassr,multi_solution_dependency,online,training,causal_effect_graph,1151,500,1.0,3.238,3.238,3.238,1.0,0.0,0.0,,,,3.084,,1.0,0.0008533908014069311,3.238,3.084,3.238,0.0,0.0,0.0,,,,,,,,,,
creativity,creativity,full_aassr,multi_solution_dependency,online,training,causal_effect_graph,1201,500,1.0,3.148,3.148,3.148,1.0,0.0,0.0,,,,2.538,,1.0,0.0025741581989568657,3.148,2.538,3.148,0.0,0.0,0.0,,,,,,,,,,
creativity,creativity,full_aassr,multi_solution_dependency,online,training,causal_effect_graph,1259,500,1.0,3.258,3.258,3.258,1.0,0.0,0.0,,,,2.388,,1.0,0.000869665400008671,3.258,2.388,3.258,0.0,0.0,0.0,,,,,,,,,,
creativity,creativity,full_aassr,multi_solution_dependency,online,training,causal_effect_graph,1301,500,1.0,3.292,3.292,3.292,1.0,0.0,0.0,,,,3.022,,1.0,0.0009865959999733605,3.292,3.022,3.292,0.0,0.0,0.0,,,,,,,,,,
creativity,creativity,full_aassr,multi_solution_dependency,online,training,causal_effect_graph,131,500,1.0,3.236,3.236,3.236,1.0,0.0,0.0,,,,2.744,,1.0,0.0008317729993723333,3.236,2.744,3.236,0.0,0.0,0.0,,,,,,,,,,
creativity,creativity,full_aassr,multi_solution_dependency,online,training,causal_effect_graph,1361,500,1.0,3.202,3.202,3.202,1.0,0.0,0.0,,,,2.68,,1.0,0.0008165220000082627,3.202,2.68,3.202,0.0,0.0,0.0,,,,,,,,,,
creativity,creativity,full_aassr,multi_solution_dependency,online,training,causal_effect_graph,1423,500,1.0,3.268,3.268,3.268,1.0,0.0,0.0,,,,2.666,,1.0,0.0008275176003226079,3.268,2.666,3.268,0.0,0.0,0.0,,,,,,,,,,
creativity,creativity,full_aassr,multi_solution_dependency,online,training,causal_effect_graph,1481,500,1.0,3.274,3.274,3.274,1.0,0.0,0.0,,,,2.258,,1.0,0.0008162485996726901,3.274,2.258,3.274,0.0,0.0,0.0,,,,,,,,,,
creativity,creativity,full_aassr,multi_solution_dependency,online,training,causal_effect_graph,1543,500,1.0,3.222,3.222,3.222,1.0,0.0,0.0,,,,2.858,,1.0,0.0008299733994645066,3.222,2.858,3.222,0.0,0.0,0.0,,,,,,,,,,
creativity,creativity,full_aassr,multi_solution_dependency,online,training,causal_effect_graph,1601,500,1.0,3.31,3.31,3.31,1.0,0.0,0.0,,,,2.73,,1.0,0.0009150313995778561,3.31,2.73,3.31,0.0,0.0,0.0,,,,,,,,,,
creativity,creativity,full_aassr,multi_solution_dependency,online,training,causal_effect_graph,173,500,1.0,3.158,3.158,3.158,1.0,0.0,0.0,,,,2.612,,1.0,0.0007995059999520891,3.158,2.612,3.158,0.0,0.0,0.0,,,,,,,,,,
creativity,creativity,full_aassr,multi_solution_dependency,online,training,causal_effect_graph,211,500,1.0,3.274,3.274,3.274,1.0,0.0,0.0,,,,1.97,,1.0,0.0007925647994270548,3.274,1.97,3.274,0.0,0.0,0.0,,,,,,,,,,
creativity,creativity,full_aassr,multi_solution_dependency,online,training,causal_effect_graph,257,500,1.0,3.194,3.194,3.194,1.0,0.0,0.0,,,,3.188,,1.0,0.0008407432004460133,3.194,3.188,3.194,0.0,0.0,0.0,,,,,,,,,,
creativity,creativity,full_aassr,multi_solution_dependency,online,training,causal_effect_graph,307,500,1.0,3.198,3.198,3.198,1.0,0.0,0.0,,,,3.198,,1.0,0.0008615525999921374,3.198,3.198,3.198,0.0,0.0,0.0,,,,,,,,,,
creativity,creativity,full_aassr,multi_solution_dependency,online,training,causal_effect_graph,353,500,1.0,3.272,3.272,3.272,1.0,0.0,0.0,,,,2.804,,1.0,0.000830906800169032,3.272,2.804,3.272,0.0,0.0,0.0,,,,,,,,,,
creativity,creativity,full_aassr,multi_solution_dependency,online,training,causal_effect_graph,401,500,1.0,3.246,3.246,3.246,1.0,0.0,0.0,,,,2.748,,1.0,0.0008337901993654668,3.246,2.748,3.246,0.0,0.0,0.0,,,,,,,,,,
creativity,creativity,full_aassr,multi_solution_dependency,online,training,causal_effect_graph,457,500,1.0,3.232,3.232,3.232,1.0,0.0,0.0,,,,2.686,,1.0,0.000860139800061006,3.232,2.686,3.232,0.0,0.0,0.0,,,,,,,,,,
creativity,creativity,full_aassr,multi_solution_dependency,online,training,causal_effect_graph,503,500,1.0,3.222,3.222,3.222,1.0,0.0,0.0,,,,3.3,,1.0,0.0008776482000830584,3.222,3.3,3.222,0.0,0.0,0.0,,,,,,,,,,
creativity,creativity,full_aassr,multi_solution_dependency,online,training,causal_effect_graph,557,500,1.0,3.302,3.302,3.302,1.0,0.0,0.0,,,,2.296,,1.0,0.0008260975997545757,3.302,2.296,3.302,0.0,0.0,0.0,,,,,,,,,,
creativity,creativity,full_aassr,multi_solution_dependency,online,training,causal_effect_graph,601,500,1.0,3.128,3.128,3.128,1.0,0.0,0.0,,,,2.912,,1.0,0.0007914691991754807,3.128,2.912,3.128,0.0,0.0,0.0,,,,,,,,,,
creativity,creativity,full_aassr,multi_solution_dependency,online,training,causal_effect_graph,659,500,1.0,3.238,3.238,3.238,1.0,0.0,0.0,,,,2.698,,1.0,0.000805835000355728,3.238,2.698,3.238,0.0,0.0,0.0,,,,,,,,,,
creativity,creativity,full_aassr,multi_solution_dependency,online,training,causal_effect_graph,701,500,1.0,3.194,3.194,3.194,1.0,0.0,0.0,,,,3.116,,1.0,0.0008341008003335446,3.194,3.116,3.194,0.0,0.0,0.0,,,,,,,,,,
creativity,creativity,full_aassr,multi_solution_dependency,online,training,causal_effect_graph,761,500,1.0,3.294,3.294,3.294,1.0,0.0,0.0,,,,2.762,,1.0,0.0008966152006178163,3.294,2.762,3.294,0.0,0.0,0.0,,,,,,,,,,
creativity,creativity,full_aassr,multi_solution_dependency,online,training,causal_effect_graph,809,500,1.0,3.244,3.244,3.244,1.0,0.0,0.0,,,,2.68,,1.0,0.0008217174001620151,3.244,2.68,3.244,0.0,0.0,0.0,,,,,,,,,,
creativity,creativity,full_aassr,multi_solution_dependency,online,training,causal_effect_graph,857,500,1.0,3.228,3.228,3.228,1.0,0.0,0.0,,,,2.384,,1.0,0.0008959929996053688,3.228,2.384,3.228,0.0,0.0,0.0,,,,,,,,,,
creativity,creativity,full_aassr,multi_solution_dependency,online,training,causal_effect_graph,907,500,1.0,3.232,3.232,3.232,1.0,0.0,0.0,,,,2.558,,1.0,0.0008551775994128548,3.232,2.558,3.232,0.0,0.0,0.0,,,,,,,,,,
creativity,creativity,full_aassr,multi_solution_dependency,online,training,causal_effect_graph,953,500,1.0,3.178,3.178,3.178,1.0,0.0,0.0,,,,2.448,,1.0,0.0007877638000645675,3.178,2.448,3.178,0.0,0.0,0.0,,,,,,,,,,
creativity,creativity,novelty_search,multi_solution_dependency,online,evaluation_unseen_adaptation,causal_effect_graph,1009,3,1.0,3.3333333333333335,3.3333333333333335,3.3333333333333335,1.0,0.0,0.0,,,,0.0,,1.0,0.00024000000363836685,3.3333333333333335,0.0,3.3333333333333335,1.0,0.0,0.0,,,,,,,,,,
creativity,creativity,novelty_search,multi_solution_dependency,online,evaluation_unseen_adaptation,causal_effect_graph,1061,3,1.0,3.3333333333333335,3.3333333333333335,3.3333333333333335,1.0,0.0,0.0,,,,0.0,,1.0,0.0002542333386372775,3.3333333333333335,0.0,3.3333333333333335,1.0,0.0,0.0,,,,,,,,,,
creativity,creativity,novelty_search,multi_solution_dependency,online,evaluation_unseen_adaptation,causal_effect_graph,1103,3,1.0,3.3333333333333335,3.3333333333333335,3.3333333333333335,1.0,0.0,0.0,,,,0.0,,1.0,0.00032356666633859277,3.3333333333333335,0.0,3.3333333333333335,1.0,0.0,0.0,,,,,,,,,,
creativity,creativity,novelty_search,multi_solution_dependency,online,evaluation_unseen_adaptation,causal_effect_graph,1151,3,1.0,3.3333333333333335,3.3333333333333335,3.3333333333333335,1.0,0.0,0.0,,,,0.0,,1.0,0.0002554333380733927,3.3333333333333335,0.0,3.3333333333333335,1.0,0.0,0.0,,,,,,,,,,
creativity,creativity,novelty_search,multi_solution_dependency,online,evaluation_unseen_adaptation,causal_effect_graph,1201,3,1.0,3.3333333333333335,3.3333333333333335,3.3333333333333335,1.0,0.0,0.0,,,,0.0,,1.0,0.00023996666034994027,3.3333333333333335,0.0,3.3333333333333335,1.0,0.0,0.0,,,,,,,,,,
creativity,creativity,novelty_search,multi_solution_dependency,online,evaluation_unseen_adaptation,causal_effect_graph,1259,3,1.0,3.3333333333333335,3.3333333333333335,3.3333333333333335,1.0,0.0,0.0,,,,0.0,,1.0,0.00024750000253940624,3.3333333333333335,0.0,3.3333333333333335,1.0,0.0,0.0,,,,,,,,,,
creativity,creativity,novelty_search,multi_solution_dependency,online,evaluation_unseen_adaptation,causal_effect_graph,1301,3,1.0,3.3333333333333335,3.3333333333333335,3.3333333333333335,1.0,0.0,0.0,,,,0.0,,1.0,0.00027173331667048234,3.3333333333333335,0.0,3.3333333333333335,1.0,0.0,0.0,,,,,,,,,,
creativity,creativity,novelty_search,multi_solution_dependency,online,evaluation_unseen_adaptation,causal_effect_graph,131,3,1.0,3.3333333333333335,3.3333333333333335,3.3333333333333335,1.0,0.0,0.0,,,,0.0,,1.0,0.0002470999994936089,3.3333333333333335,0.0,3.3333333333333335,1.0,0.0,0.0,,,,,,,,,,
creativity,creativity,novelty_search,multi_solution_dependency,online,evaluation_unseen_adaptation,causal_effect_graph,1361,3,1.0,3.3333333333333335,3.3333333333333335,3.3333333333333335,1.0,0.0,0.0,,,,0.0,,1.0,0.000275466659028704,3.3333333333333335,0.0,3.3333333333333335,1.0,0.0,0.0,,,,,,,,,,
creativity,creativity,novelty_search,multi_solution_dependency,online,evaluation_unseen_adaptation,causal_effect_graph,1423,3,1.0,3.3333333333333335,3.3333333333333335,3.3333333333333335,1.0,0.0,0.0,,,,0.0,,1.0,0.00026223334134556353,3.3333333333333335,0.0,3.3333333333333335,1.0,0.0,0.0,,,,,,,,,,
creativity,creativity,novelty_search,multi_solution_dependency,online,evaluation_unseen_adaptation,causal_effect_graph,1481,3,1.0,3.3333333333333335,3.3333333333333335,3.3333333333333335,1.0,0.0,0.0,,,,0.0,,1.0,0.0002470333226180325,3.3333333333333335,0.0,3.3333333333333335,1.0,0.0,0.0,,,,,,,,,,
creativity,creativity,novelty_search,multi_solution_dependency,online,evaluation_unseen_adaptation,causal_effect_graph,1543,3,1.0,3.3333333333333335,3.3333333333333335,3.3333333333333335,1.0,0.0,0.0,,,,0.0,,1.0,0.00025380000200433034,3.3333333333333335,0.0,3.3333333333333335,1.0,0.0,0.0,,,,,,,,,,
creativity,creativity,novelty_search,multi_solution_dependency,online,evaluation_unseen_adaptation,causal_effect_graph,1601,3,1.0,3.3333333333333335,3.3333333333333335,3.3333333333333335,1.0,0.0,0.0,,,,0.0,,1.0,0.00027859999681822956,3.3333333333333335,0.0,3.3333333333333335,1.0,0.0,0.0,,,,,,,,,,
creativity,creativity,novelty_search,multi_solution_dependency,online,evaluation_unseen_adaptation,causal_effect_graph,173,3,1.0,3.3333333333333335,3.3333333333333335,3.3333333333333335,1.0,0.0,0.0,,,,0.0,,1.0,0.00027936666932267446,3.3333333333333335,0.0,3.3333333333333335,1.0,0.0,0.0,,,,,,,,,,
creativity,creativity,novelty_search,multi_solution_dependency,online,evaluation_unseen_adaptation,causal_effect_graph,211,3,1.0,3.3333333333333335,3.3333333333333335,3.3333333333333335,1.0,0.0,0.0,,,,0.0,,1.0,0.0002482999989297241,3.3333333333333335,0.0,3.3333333333333335,1.0,0.0,0.0,,,,,,,,,,
creativity,creativity,novelty_search,multi_solution_dependency,online,evaluation_unseen_adaptation,causal_effect_graph,257,3,1.0,3.3333333333333335,3.3333333333333335,3.3333333333333335,1.0,0.0,0.0,,,,0.0,,1.0,0.00025829999746444326,3.3333333333333335,0.0,3.3333333333333335,1.0,0.0,0.0,,,,,,,,,,
creativity,creativity,novelty_search,multi_solution_dependency,online,evaluation_unseen_adaptation,causal_effect_graph,307,3,1.0,3.3333333333333335,3.3333333333333335,3.3333333333333335,1.0,0.0,0.0,,,,0.0,,1.0,0.00024229999204787114,3.3333333333333335,0.0,3.3333333333333335,1.0,0.0,0.0,,,,,,,,,,
creativity,creativity,novelty_search,multi_solution_dependency,online,evaluation_unseen_adaptation,causal_effect_graph,353,3,1.0,3.3333333333333335,3.3333333333333335,3.3333333333333335,1.0,0.0,0.0,,,,0.0,,1.0,0.0002510999911464751,3.3333333333333335,0.0,3.3333333333333335,1.0,0.0,0.0,,,,,,,,,,
creativity,creativity,novelty_search,multi_solution_dependency,online,evaluation_unseen_adaptation,causal_effect_graph,401,3,1.0,3.3333333333333335,3.3333333333333335,3.3333333333333335,1.0,0.0,0.0,,,,0.0,,1.0,0.00023939999906967083,3.3333333333333335,0.0,3.3333333333333335,1.0,0.0,0.0,,,,,,,,,,
creativity,creativity,novelty_search,multi_solution_dependency,online,evaluation_unseen_adaptation,causal_effect_graph,457,3,1.0,3.3333333333333335,3.3333333333333335,3.3333333333333335,1.0,0.0,0.0,,,,0.0,,1.0,0.000268333339287589,3.3333333333333335,0.0,3.3333333333333335,1.0,0.0,0.0,,,,,,,,,,
creativity,creativity,novelty_search,multi_solution_dependency,online,evaluation_unseen_adaptation,causal_effect_graph,503,3,1.0,3.3333333333333335,3.3333333333333335,3.3333333333333335,1.0,0.0,0.0,,,,0.0,,1.0,0.00025626666805086035,3.3333333333333335,0.0,3.3333333333333335,1.0,0.0,0.0,,,,,,,,,,
creativity,creativity,novelty_search,multi_solution_dependency,online,evaluation_unseen_adaptation,causal_effect_graph,557,3,1.0,3.3333333333333335,3.3333333333333335,3.3333333333333335,1.0,0.0,0.0,,,,0.0,,1.0,0.00026096667473514873,3.3333333333333335,0.0,3.3333333333333335,1.0,0.0,0.0,,,,,,,,,,
creativity,creativity,novelty_search,multi_solution_dependency,online,evaluation_unseen_adaptation,causal_effect_graph,601,3,1.0,3.3333333333333335,3.3333333333333335,3.3333333333333335,1.0,0.0,0.0,,,,0.0,,1.0,0.0002561000098163883,3.3333333333333335,0.0,3.3333333333333335,1.0,0.0,0.0,,,,,,,,,,
creativity,creativity,novelty_search,multi_solution_dependency,online,evaluation_unseen_adaptation,causal_effect_graph,659,3,1.0,3.3333333333333335,3.3333333333333335,3.3333333333333335,1.0,0.0,0.0,,,,0.0,,1.0,0.0002562999919367333,3.3333333333333335,0.0,3.3333333333333335,1.0,0.0,0.0,,,,,,,,,,
creativity,creativity,novelty_search,multi_solution_dependency,online,evaluation_unseen_adaptation,causal_effect_graph,701,3,1.0,3.3333333333333335,3.3333333333333335,3.3333333333333335,1.0,0.0,0.0,,,,0.0,,1.0,0.00024320000860219201,3.3333333333333335,0.0,3.3333333333333335,1.0,0.0,0.0,,,,,,,,,,
creativity,creativity,novelty_search,multi_solution_dependency,online,evaluation_unseen_adaptation,causal_effect_graph,761,3,1.0,3.3333333333333335,3.3333333333333335,3.3333333333333335,1.0,0.0,0.0,,,,0.0,,1.0,0.0002571333316154778,3.3333333333333335,0.0,3.3333333333333335,1.0,0.0,0.0,,,,,,,,,,
creativity,creativity,novelty_search,multi_solution_dependency,online,evaluation_unseen_adaptation,causal_effect_graph,809,3,1.0,3.3333333333333335,3.3333333333333335,3.3333333333333335,1.0,0.0,0.0,,,,0.0,,1.0,0.00026270000186438364,3.3333333333333335,0.0,3.3333333333333335,1.0,0.0,0.0,,,,,,,,,,
creativity,creativity,novelty_search,multi_solution_dependency,online,evaluation_unseen_adaptation,causal_effect_graph,857,3,1.0,3.3333333333333335,3.3333333333333335,3.3333333333333335,1.0,0.0,0.0,,,,0.0,,1.0,0.00024816666458112496,3.3333333333333335,0.0,3.3333333333333335,1.0,0.0,0.0,,,,,,,,,,
creativity,creativity,novelty_search,multi_solution_dependency,online,evaluation_unseen_adaptation,causal_effect_graph,907,3,1.0,3.3333333333333335,3.3333333333333335,3.3333333333333335,1.0,0.0,0.0,,,,0.0,,1.0,0.000253700001242881,3.3333333333333335,0.0,3.3333333333333335,1.0,0.0,0.0,,,,,,,,,,
creativity,creativity,novelty_search,multi_solution_dependency,online,evaluation_unseen_adaptation,causal_effect_graph,953,3,1.0,3.3333333333333335,3.3333333333333335,3.3333333333333335,1.0,0.0,0.0,,,,0.0,,1.0,0.00025273333691681427,3.3333333333333335,0.0,3.3333333333333335,1.0,0.0,0.0,,,,,,,,,,
creativity,creativity,novelty_search,multi_solution_dependency,online,training,causal_effect_graph,1009,500,1.0,3.148,3.148,3.148,1.0,0.0,0.0,,,,0.0,,1.0,0.0002751753994380124,3.148,0.0,3.148,0.0,0.0,0.0,,,,,,,,,,
creativity,creativity,novelty_search,multi_solution_dependency,online,training,causal_effect_graph,1061,500,1.0,3.08,3.08,3.08,1.0,0.0,0.0,,,,0.0,,1.0,0.00026172899984521793,3.08,0.0,3.08,0.0,0.0,0.0,,,,,,,,,,
creativity,creativity,novelty_search,multi_solution_dependency,online,training,causal_effect_graph,1103,500,1.0,3.158,3.158,3.158,1.0,0.0,0.0,,,,0.0,,1.0,0.00028040580073138697,3.158,0.0,3.158,0.0,0.0,0.0,,,,,,,,,,
creativity,creativity,novelty_search,multi_solution_dependency,online,training,causal_effect_graph,1151,500,1.0,3.156,3.156,3.156,1.0,0.0,0.0,,,,0.0,,1.0,0.00028785820107441395,3.156,0.0,3.156,0.0,0.0,0.0,,,,,,,,,,
creativity,creativity,novelty_search,multi_solution_dependency,online,training,causal_effect_graph,1201,500,1.0,3.18,3.18,3.18,1.0,0.0,0.0,,,,0.0,,1.0,0.00028260439966106785,3.18,0.0,3.18,0.0,0.0,0.0,,,,,,,,,,
creativity,creativity,novelty_search,multi_solution_dependency,online,training,causal_effect_graph,1259,500,1.0,3.132,3.132,3.132,1.0,0.0,0.0,,,,0.0,,1.0,0.00029056719940854234,3.132,0.0,3.132,0.0,0.0,0.0,,,,,,,,,,
creativity,creativity,novelty_search,multi_solution_dependency,online,training,causal_effect_graph,1301,500,1.0,3.174,3.174,3.174,1.0,0.0,0.0,,,,0.0,,1.0,0.000298158600111492,3.174,0.0,3.174,0.0,0.0,0.0,,,,,,,,,,
creativity,creativity,novelty_search,multi_solution_dependency,online,training,causal_effect_graph,131,500,1.0,3.198,3.198,3.198,1.0,0.0,0.0,,,,0.0,,1.0,0.0004182150000706315,3.198,0.0,3.198,0.0,0.0,0.0,,,,,,,,,,
creativity,creativity,novelty_search,multi_solution_dependency,online,training,causal_effect_graph,1361,500,1.0,3.168,3.168,3.168,1.0,0.0,0.0,,,,0.0,,1.0,0.0002942687998875044,3.168,0.0,3.168,0.0,0.0,0.0,,,,,,,,,,
creativity,creativity,novelty_search,multi_solution_dependency,online,training,causal_effect_graph,1423,500,1.0,3.148,3.148,3.148,1.0,0.0,0.0,,,,0.0,,1.0,0.0002774430000572465,3.148,0.0,3.148,0.0,0.0,0.0,,,,,,,,,,
creativity,creativity,novelty_search,multi_solution_dependency,online,training,causal_effect_graph,1481,500,1.0,3.156,3.156,3.156,1.0,0.0,0.0,,,,0.0,,1.0,0.0002770888008526526,3.156,0.0,3.156,0.0,0.0,0.0,,,,,,,,,,
creativity,creativity,novelty_search,multi_solution_dependency,online,training,causal_effect_graph,1543,500,1.0,3.188,3.188,3.188,1.0,0.0,0.0,,,,0.0,,1.0,0.000279188399319537,3.188,0.0,3.188,0.0,0.0,0.0,,,,,,,,,,
creativity,creativity,novelty_search,multi_solution_dependency,online,training,causal_effect_graph,1601,500,1.0,3.21,3.21,3.21,1.0,0.0,0.0,,,,0.0,,1.0,0.00029531399958068505,3.21,0.0,3.21,0.0,0.0,0.0,,,,,,,,,,
creativity,creativity,novelty_search,multi_solution_dependency,online,training,causal_effect_graph,173,500,1.0,3.106,3.106,3.106,1.0,0.0,0.0,,,,0.0,,1.0,0.0004897579996613786,3.106,0.0,3.106,0.0,0.0,0.0,,,,,,,,,,
creativity,creativity,novelty_search,multi_solution_dependency,online,training,causal_effect_graph,211,500,1.0,3.148,3.148,3.148,1.0,0.0,0.0,,,,0.0,,1.0,0.00027192999981343746,3.148,0.0,3.148,0.0,0.0,0.0,,,,,,,,,,
creativity,creativity,novelty_search,multi_solution_dependency,online,training,causal_effect_graph,257,500,1.0,3.142,3.142,3.142,1.0,0.0,0.0,,,,0.0,,1.0,0.00026961620029760525,3.142,0.0,3.142,0.0,0.0,0.0,,,,,,,,,,
creativity,creativity,novelty_search,multi_solution_dependency,online,training,causal_effect_graph,307,500,1.0,3.122,3.122,3.122,1.0,0.0,0.0,,,,0.0,,1.0,0.0002786849998519756,3.122,0.0,3.122,0.0,0.0,0.0,,,,,,,,,,
creativity,creativity,novelty_search,multi_solution_dependency,online,training,causal_effect_graph,353,500,1.0,3.178,3.178,3.178,1.0,0.0,0.0,,,,0.0,,1.0,0.00028009359998395664,3.178,0.0,3.178,0.0,0.0,0.0,,,,,,,,,,
creativity,creativity,novelty_search,multi_solution_dependency,online,training,causal_effect_graph,401,500,1.0,3.176,3.176,3.176,1.0,0.0,0.0,,,,0.0,,1.0,0.0008707032002857886,3.176,0.0,3.176,0.0,0.0,0.0,,,,,,,,,,
creativity,creativity,novelty_search,multi_solution_dependency,online,training,causal_effect_graph,457,500,1.0,3.204,3.204,3.204,1.0,0.0,0.0,,,,0.0,,1.0,0.0002723696002503857,3.204,0.0,3.204,0.0,0.0,0.0,,,,,,,,,,
creativity,creativity,novelty_search,multi_solution_dependency,online,training,causal_effect_graph,503,500,1.0,3.126,3.126,3.126,1.0,0.0,0.0,,,,0.0,,1.0,0.00027184640074847267,3.126,0.0,3.126,0.0,0.0,0.0,,,,,,,,,,
creativity,creativity,novelty_search,multi_solution_dependency,online,training,causal_effect_graph,557,500,1.0,3.182,3.182,3.182,1.0,0.0,0.0,,,,0.0,,1.0,0.0002867681994102895,3.182,0.0,3.182,0.0,0.0,0.0,,,,,,,,,,
creativity,creativity,novelty_search,multi_solution_dependency,online,training,causal_effect_graph,601,500,1.0,3.116,3.116,3.116,1.0,0.0,0.0,,,,0.0,,1.0,0.0002765779996989295,3.116,0.0,3.116,0.0,0.0,0.0,,,,,,,,,,
creativity,creativity,novelty_search,multi_solution_dependency,online,training,causal_effect_graph,659,500,1.0,3.116,3.116,3.116,1.0,0.0,0.0,,,,0.0,,1.0,0.001267901600280311,3.116,0.0,3.116,0.0,0.0,0.0,,,,,,,,,,
creativity,creativity,novelty_search,multi_solution_dependency,online,training,causal_effect_graph,701,500,1.0,3.118,3.118,3.118,1.0,0.0,0.0,,,,0.0,,1.0,0.00027246140042552726,3.118,0.0,3.118,0.0,0.0,0.0,,,,,,,,,,
creativity,creativity,novelty_search,multi_solution_dependency,online,training,causal_effect_graph,761,500,1.0,3.19,3.19,3.19,1.0,0.0,0.0,,,,0.0,,1.0,0.00027556800009915605,3.19,0.0,3.19,0.0,0.0,0.0,,,,,,,,,,
creativity,creativity,novelty_search,multi_solution_dependency,online,training,causal_effect_graph,809,500,1.0,3.162,3.162,3.162,1.0,0.0,0.0,,,,0.0,,1.0,0.0003025090001756325,3.162,0.0,3.162,0.0,0.0,0.0,,,,,,,,,,
creativity,creativity,novelty_search,multi_solution_dependency,online,training,causal_effect_graph,857,500,1.0,3.204,3.204,3.204,1.0,0.0,0.0,,,,0.0,,1.0,0.00028989779972471294,3.204,0.0,3.204,0.0,0.0,0.0,,,,,,,,,,
creativity,creativity,novelty_search,multi_solution_dependency,online,training,causal_effect_graph,907,500,1.0,3.176,3.176,3.176,1.0,0.0,0.0,,,,0.0,,1.0,0.0017866687999339775,3.176,0.0,3.176,0.0,0.0,0.0,,,,,,,,,,
creativity,creativity,novelty_search,multi_solution_dependency,online,training,causal_effect_graph,953,500,1.0,3.104,3.104,3.104,1.0,0.0,0.0,,,,0.0,,1.0,0.0002709541992517188,3.104,0.0,3.104,0.0,0.0,0.0,,,,,,,,,,
creativity,creativity,q_learning,multi_solution_dependency,online,evaluation_unseen_adaptation,causal_effect_graph,1009,3,1.0,3.3333333333333335,3.3333333333333335,3.3333333333333335,1.0,0.0,0.0,,,,0.0,,1.0,0.00017003331837865213,3.3333333333333335,0.0,3.3333333333333335,1.0,0.0,0.0,,,,,,,,,,
creativity,creativity,q_learning,multi_solution_dependency,online,evaluation_unseen_adaptation,causal_effect_graph,1061,3,1.0,3.3333333333333335,3.3333333333333335,3.3333333333333335,1.0,0.0,0.0,,,,0.0,,1.0,0.00017100000210727254,3.3333333333333335,0.0,3.3333333333333335,1.0,0.0,0.0,,,,,,,,,,
creativity,creativity,q_learning,multi_solution_dependency,online,evaluation_unseen_adaptation,causal_effect_graph,1103,3,1.0,3.3333333333333335,3.3333333333333335,3.3333333333333335,1.0,0.0,0.0,,,,0.0,,1.0,0.00019010000202494362,3.3333333333333335,0.0,3.3333333333333335,1.0,0.0,0.0,,,,,,,,,,
creativity,creativity,q_learning,multi_solution_dependency,online,evaluation_unseen_adaptation,causal_effect_graph,1151,3,1.0,3.3333333333333335,3.3333333333333335,3.3333333333333335,1.0,0.0,0.0,,,,0.0,,1.0,0.00017890000405410925,3.3333333333333335,0.0,3.3333333333333335,1.0,0.0,0.0,,,,,,,,,,
creativity,creativity,q_learning,multi_solution_dependency,online,evaluation_unseen_adaptation,causal_effect_graph,1201,3,1.0,3.3333333333333335,3.3333333333333335,3.3333333333333335,1.0,0.0,0.0,,,,0.0,,1.0,0.0001768999888251225,3.3333333333333335,0.0,3.3333333333333335,1.0,0.0,0.0,,,,,,,,,,
creativity,creativity,q_learning,multi_solution_dependency,online,evaluation_unseen_adaptation,causal_effect_graph,1259,3,1.0,3.3333333333333335,3.3333333333333335,3.3333333333333335,1.0,0.0,0.0,,,,0.0,,1.0,0.0001801333467786511,3.3333333333333335,0.0,3.3333333333333335,1.0,0.0,0.0,,,,,,,,,,
creativity,creativity,q_learning,multi_solution_dependency,online,evaluation_unseen_adaptation,causal_effect_graph,1301,3,1.0,3.3333333333333335,3.3333333333333335,3.3333333333333335,1.0,0.0,0.0,,,,0.0,,1.0,0.0001829999964684248,3.3333333333333335,0.0,3.3333333333333335,1.0,0.0,0.0,,,,,,,,,,
creativity,creativity,q_learning,multi_solution_dependency,online,evaluation_unseen_adaptation,causal_effect_graph,131,3,1.0,3.3333333333333335,3.3333333333333335,3.3333333333333335,1.0,0.0,0.0,,,,0.0,,1.0,0.00017926667351275682,3.3333333333333335,0.0,3.3333333333333335,1.0,0.0,0.0,,,,,,,,,,
creativity,creativity,q_learning,multi_solution_dependency,online,evaluation_unseen_adaptation,causal_effect_graph,1361,3,1.0,3.3333333333333335,3.3333333333333335,3.3333333333333335,1.0,0.0,0.0,,,,0.0,,1.0,0.00018223332396397987,3.3333333333333335,0.0,3.3333333333333335,1.0,0.0,0.0,,,,,,,,,,
creativity,creativity,q_learning,multi_solution_dependency,online,evaluation_unseen_adaptation,causal_effect_graph,1423,3,1.0,3.3333333333333335,3.3333333333333335,3.3333333333333335,1.0,0.0,0.0,,,,0.0,,1.0,0.00017823333231111368,3.3333333333333335,0.0,3.3333333333333335,1.0,0.0,0.0,,,,,,,,,,
creativity,creativity,q_learning,multi_solution_dependency,online,evaluation_unseen_adaptation,causal_effect_graph,1481,3,1.0,3.3333333333333335,3.3333333333333335,3.3333333333333335,1.0,0.0,0.0,,,,0.0,,1.0,0.00016866667040934166,3.3333333333333335,0.0,3.3333333333333335,1.0,0.0,0.0,,,,,,,,,,
creativity,creativity,q_learning,multi_solution_dependency,online,evaluation_unseen_adaptation,causal_effect_graph,1543,3,1.0,3.3333333333333335,3.3333333333333335,3.3333333333333335,1.0,0.0,0.0,,,,0.0,,1.0,0.00016800000836762288,3.3333333333333335,0.0,3.3333333333333335,1.0,0.0,0.0,,,,,,,,,,
creativity,creativity,q_learning,multi_solution_dependency,online,evaluation_unseen_adaptation,causal_effect_graph,1601,3,1.0,3.3333333333333335,3.3333333333333335,3.3333333333333335,1.0,0.0,0.0,,,,0.0,,1.0,0.00016930000856518745,3.3333333333333335,0.0,3.3333333333333335,1.0,0.0,0.0,,,,,,,,,,
creativity,creativity,q_learning,multi_solution_dependency,online,evaluation_unseen_adaptation,causal_effect_graph,173,3,1.0,3.3333333333333335,3.3333333333333335,3.3333333333333335,1.0,0.0,0.0,,,,0.0,,1.0,0.00018026665202341974,3.3333333333333335,0.0,3.3333333333333335,1.0,0.0,0.0,,,,,,,,,,
creativity,creativity,q_learning,multi_solution_dependency,online,evaluation_unseen_adaptation,causal_effect_graph,211,3,1.0,3.3333333333333335,3.3333333333333335,3.3333333333333335,1.0,0.0,0.0,,,,0.0,,1.0,0.0001854666625149548,3.3333333333333335,0.0,3.3333333333333335,1.0,0.0,0.0,,,,,,,,,,
creativity,creativity,q_learning,multi_solution_dependency,online,evaluation_unseen_adaptation,causal_effect_graph,257,3,1.0,3.3333333333333335,3.3333333333333335,3.3333333333333335,1.0,0.0,0.0,,,,0.0,,1.0,0.00017166666414899132,3.3333333333333335,0.0,3.3333333333333335,1.0,0.0,0.0,,,,,,,,,,
creativity,creativity,q_learning,multi_solution_dependency,online,evaluation_unseen_adaptation,causal_effect_graph,307,3,1.0,3.3333333333333335,3.3333333333333335,3.3333333333333335,1.0,0.0,0.0,,,,0.0,,1.0,0.00016820000018924475,3.3333333333333335,0.0,3.3333333333333335,1.0,0.0,0.0,,,,,,,,,,
creativity,creativity,q_learning,multi_solution_dependency,online,evaluation_unseen_adaptation,causal_effect_graph,353,3,1.0,3.3333333333333335,3.3333333333333335,3.3333333333333335,1.0,0.0,0.0,,,,0.0,,1.0,0.00018839999878158173,3.3333333333333335,0.0,3.3333333333333335,1.0,0.0,0.0,,,,,,,,,,
creativity,creativity,q_learning,multi_solution_dependency,online,evaluation_unseen_adaptation,causal_effect_graph,401,3,1.0,3.3333333333333335,3.3333333333333335,3.3333333333333335,1.0,0.0,0.0,,,,0.0,,1.0,0.0001702666631899774,3.3333333333333335,0.0,3.3333333333333335,1.0,0.0,0.0,,,,,,,,,,
creativity,creativity,q_learning,multi_solution_dependency,online,evaluation_unseen_adaptation,causal_effect_graph,457,3,1.0,3.3333333333333335,3.3333333333333335,3.3333333333333335,1.0,0.0,0.0,,,,0.0,,1.0,0.0001775666702693949,3.3333333333333335,0.0,3.3333333333333335,1.0,0.0,0.0,,,,,,,,,,
creativity,creativity,q_learning,multi_solution_dependency,online,evaluation_unseen_adaptation,causal_effect_graph,503,3,1.0,3.3333333333333335,3.3333333333333335,3.3333333333333335,1.0,0.0,0.0,,,,0.0,,1.0,0.00018160000521068773,3.3333333333333335,0.0,3.3333333333333335,1.0,0.0,0.0,,,,,,,,,,
creativity,creativity,q_learning,multi_solution_dependency,online,evaluation_unseen_adaptation,causal_effect_graph,557,3,1.0,3.3333333333333335,3.3333333333333335,3.3333333333333335,1.0,0.0,0.0,,,,0.0,,1.0,0.00018540000504193208,3.3333333333333335,0.0,3.3333333333333335,1.0,0.0,0.0,,,,,,,,,,
creativity,creativity,q_learning,multi_solution_dependency,online,evaluation_unseen_adaptation,causal_effect_graph,601,3,1.0,3.3333333333333335,3.3333333333333335,3.3333333333333335,1.0,0.0,0.0,,,,0.0,,1.0,0.0001870333314097176,3.3333333333333335,0.0,3.3333333333333335,1.0,0.0,0.0,,,,,,,,,,
creativity,creativity,q_learning,multi_solution_dependency,online,evaluation_unseen_adaptation,causal_effect_graph,659,3,1.0,3.3333333333333335,3.3333333333333335,3.3333333333333335,1.0,0.0,0.0,,,,0.0,,1.0,0.00018226666725240648,3.3333333333333335,0.0,3.3333333333333335,1.0,0.0,0.0,,,,,,,,,,
creativity,creativity,q_learning,multi_solution_dependency,online,evaluation_unseen_adaptation,causal_effect_graph,701,3,1.0,3.3333333333333335,3.3333333333333335,3.3333333333333335,1.0,0.0,0.0,,,,0.0,,1.0,0.00017266667176348469,3.3333333333333335,0.0,3.3333333333333335,1.0,0.0,0.0,,,,,,,,,,
creativity,creativity,q_learning,multi_solution_dependency,online,evaluation_unseen_adaptation,causal_effect_graph,761,3,1.0,3.3333333333333335,3.3333333333333335,3.3333333333333335,1.0,0.0,0.0,,,,0.0,,1.0,0.0002175999979954213,3.3333333333333335,0.0,3.3333333333333335,1.0,0.0,0.0,,,,,,,,,,
creativity,creativity,q_learning,multi_solution_dependency,online,evaluation_unseen_adaptation,causal_effect_graph,809,3,1.0,3.3333333333333335,3.3333333333333335,3.3333333333333335,1.0,0.0,0.0,,,,0.0,,1.0,0.000172166667956238,3.3333333333333335,0.0,3.3333333333333335,1.0,0.0,0.0,,,,,,,,,,
creativity,creativity,q_learning,multi_solution_dependency,online,evaluation_unseen_adaptation,causal_effect_graph,857,3,1.0,3.3333333333333335,3.3333333333333335,3.3333333333333335,1.0,0.0,0.0,,,,0.0,,1.0,0.00016929999886391064,3.3333333333333335,0.0,3.3333333333333335,1.0,0.0,0.0,,,,,,,,,,
creativity,creativity,q_learning,multi_solution_dependency,online,evaluation_unseen_adaptation,causal_effect_graph,907,3,1.0,3.3333333333333335,3.3333333333333335,3.3333333333333335,1.0,0.0,0.0,,,,0.0,,1.0,0.00018646667012944818,3.3333333333333335,0.0,3.3333333333333335,1.0,0.0,0.0,,,,,,,,,,
creativity,creativity,q_learning,multi_solution_dependency,online,evaluation_unseen_adaptation,causal_effect_graph,953,3,1.0,3.3333333333333335,3.3333333333333335,3.3333333333333335,1.0,0.0,0.0,,,,0.0,,1.0,0.0001834666666885217,3.3333333333333335,0.0,3.3333333333333335,1.0,0.0,0.0,,,,,,,,,,
creativity,creativity,q_learning,multi_solution_dependency,online,training,causal_effect_graph,1009,500,1.0,3.052,3.052,3.052,1.0,0.0,0.0,,,,0.0,,1.0,0.00018243540014373138,3.052,0.0,3.052,0.0,0.0,0.0,,,,,,,,,,
creativity,creativity,q_learning,multi_solution_dependency,online,training,causal_effect_graph,1061,500,1.0,3.04,3.04,3.04,1.0,0.0,0.0,,,,0.0,,1.0,0.00017686960054561496,3.04,0.0,3.04,0.0,0.0,0.0,,,,,,,,,,
creativity,creativity,q_learning,multi_solution_dependency,online,training,causal_effect_graph,1103,500,1.0,3.02,3.02,3.02,1.0,0.0,0.0,,,,0.0,,1.0,0.00017461880098562687,3.02,0.0,3.02,0.0,0.0,0.0,,,,,,,,,,
creativity,creativity,q_learning,multi_solution_dependency,online,training,causal_effect_graph,1151,500,1.0,3.058,3.058,3.058,1.0,0.0,0.0,,,,0.0,,1.0,0.0001804916000692174,3.058,0.0,3.058,0.0,0.0,0.0,,,,,,,,,,
creativity,creativity,q_learning,multi_solution_dependency,online,training,causal_effect_graph,1201,500,1.0,3.012,3.012,3.012,1.0,0.0,0.0,,,,0.0,,1.0,0.0001794389995629899,3.012,0.0,3.012,0.0,0.0,0.0,,,,,,,,,,
creativity,creativity,q_learning,multi_solution_dependency,online,training,causal_effect_graph,1259,500,1.0,2.93,2.93,2.93,1.0,0.0,0.0,,,,0.0,,1.0,0.0001809695998672396,2.93,0.0,2.93,0.0,0.0,0.0,,,,,,,,,,
creativity,creativity,q_learning,multi_solution_dependency,online,training,causal_effect_graph,1301,500,1.0,3.01,3.01,3.01,1.0,0.0,0.0,,,,0.0,,1.0,0.0001880637988797389,3.01,0.0,3.01,0.0,0.0,0.0,,,,,,,,,,
creativity,creativity,q_learning,multi_solution_dependency,online,training,causal_effect_graph,131,500,1.0,3.05,3.05,3.05,1.0,0.0,0.0,,,,0.0,,1.0,0.0001748786003445275,3.05,0.0,3.05,0.0,0.0,0.0,,,,,,,,,,
creativity,creativity,q_learning,multi_solution_dependency,online,training,causal_effect_graph,1361,500,1.0,3.02,3.02,3.02,1.0,0.0,0.0,,,,0.0,,1.0,0.00019280700013041496,3.02,0.0,3.02,0.0,0.0,0.0,,,,,,,,,,
creativity,creativity,q_learning,multi_solution_dependency,online,training,causal_effect_graph,1423,500,1.0,3.042,3.042,3.042,1.0,0.0,0.0,,,,0.0,,1.0,0.00017789719993015752,3.042,0.0,3.042,0.0,0.0,0.0,,,,,,,,,,
creativity,creativity,q_learning,multi_solution_dependency,online,training,causal_effect_graph,1481,500,1.0,3.056,3.056,3.056,1.0,0.0,0.0,,,,0.0,,1.0,0.0023087729999097064,3.056,0.0,3.056,0.0,0.0,0.0,,,,,,,,,,
creativity,creativity,q_learning,multi_solution_dependency,online,training,causal_effect_graph,1543,500,1.0,3.0,3.0,3.0,1.0,0.0,0.0,,,,0.0,,1.0,0.000173432000039611,3.0,0.0,3.0,0.0,0.0,0.0,,,,,,,,,,
creativity,creativity,q_learning,multi_solution_dependency,online,training,causal_effect_graph,1601,500,1.0,3.052,3.052,3.052,1.0,0.0,0.0,,,,0.0,,1.0,0.00018249219993595034,3.052,0.0,3.052,0.0,0.0,0.0,,,,,,,,,,
creativity,creativity,q_learning,multi_solution_dependency,online,training,causal_effect_graph,173,500,1.0,2.968,2.968,2.968,1.0,0.0,0.0,,,,0.0,,1.0,0.000180706400598865,2.968,0.0,2.968,0.0,0.0,0.0,,,,,,,,,,
creativity,creativity,q_learning,multi_solution_dependency,online,training,causal_effect_graph,211,500,1.0,3.084,3.084,3.084,1.0,0.0,0.0,,,,0.0,,1.0,0.0002017569990712218,3.084,0.0,3.084,0.0,0.0,0.0,,,,,,,,,,
creativity,creativity,q_learning,multi_solution_dependency,online,training,causal_effect_graph,257,500,1.0,2.958,2.958,2.958,1.0,0.0,0.0,,,,0.0,,1.0,0.00017705140053294599,2.958,0.0,2.958,0.0,0.0,0.0,,,,,,,,,,
creativity,creativity,q_learning,multi_solution_dependency,online,training,causal_effect_graph,307,500,1.0,3.012,3.012,3.012,1.0,0.0,0.0,,,,0.0,,1.0,0.00017362820083508267,3.012,0.0,3.012,0.0,0.0,0.0,,,,,,,,,,
creativity,creativity,q_learning,multi_solution_dependency,online,training,causal_effect_graph,353,500,1.0,3.012,3.012,3.012,1.0,0.0,0.0,,,,0.0,,1.0,0.00017714419920230286,3.012,0.0,3.012,0.0,0.0,0.0,,,,,,,,,,
creativity,creativity,q_learning,multi_solution_dependency,online,training,causal_effect_graph,401,500,1.0,3.052,3.052,3.052,1.0,0.0,0.0,,,,0.0,,1.0,0.00017664979945402592,3.052,0.0,3.052,0.0,0.0,0.0,,,,,,,,,,
creativity,creativity,q_learning,multi_solution_dependency,online,training,causal_effect_graph,457,500,1.0,3.048,3.048,3.048,1.0,0.0,0.0,,,,0.0,,1.0,0.0001836273999651894,3.048,0.0,3.048,0.0,0.0,0.0,,,,,,,,,,
creativity,creativity,q_learning,multi_solution_dependency,online,training,causal_effect_graph,503,500,1.0,2.966,2.966,2.966,1.0,0.0,0.0,,,,0.0,,1.0,0.00017309180018492044,2.966,0.0,2.966,0.0,0.0,0.0,,,,,,,,,,
creativity,creativity,q_learning,multi_solution_dependency,online,training,causal_effect_graph,557,500,1.0,3.044,3.044,3.044,1.0,0.0,0.0,,,,0.0,,1.0,0.00021754319930914788,3.044,0.0,3.044,0.0,0.0,0.0,,,,,,,,,,
creativity,creativity,q_learning,multi_solution_dependency,online,training,causal_effect_graph,601,500,1.0,3.068,3.068,3.068,1.0,0.0,0.0,,,,0.0,,1.0,0.000193322800390888,3.068,0.0,3.068,0.0,0.0,0.0,,,,,,,,,,
creativity,creativity,q_learning,multi_solution_dependency,online,training,causal_effect_graph,659,500,1.0,2.98,2.98,2.98,1.0,0.0,0.0,,,,0.0,,1.0,0.00016927040059817956,2.98,0.0,2.98,0.0,0.0,0.0,,,,,,,,,,
creativity,creativity,q_learning,multi_solution_dependency,online,training,causal_effect_graph,701,500,1.0,2.936,2.936,2.936,1.0,0.0,0.0,,,,0.0,,1.0,0.00017047900042962283,2.936,0.0,2.936,0.0,0.0,0.0,,,,,,,,,,
creativity,creativity,q_learning,multi_solution_dependency,online,training,causal_effect_graph,761,500,1.0,3.028,3.028,3.028,1.0,0.0,0.0,,,,0.0,,1.0,0.00017261379933916033,3.028,0.0,3.028,0.0,0.0,0.0,,,,,,,,,,
creativity,creativity,q_learning,multi_solution_dependency,online,training,causal_effect_graph,809,500,1.0,3.06,3.06,3.06,1.0,0.0,0.0,,,,0.0,,1.0,0.0001798490001820028,3.06,0.0,3.06,0.0,0.0,0.0,,,,,,,,,,
creativity,creativity,q_learning,multi_solution_dependency,online,training,causal_effect_graph,857,500,1.0,3.004,3.004,3.004,1.0,0.0,0.0,,,,0.0,,1.0,0.0001683495991746895,3.004,0.0,3.004,0.0,0.0,0.0,,,,,,,,,,
creativity,creativity,q_learning,multi_solution_dependency,online,training,causal_effect_graph,907,500,1.0,3.002,3.002,3.002,1.0,0.0,0.0,,,,0.0,,1.0,0.00019136920047458262,3.002,0.0,3.002,0.0,0.0,0.0,,,,,,,,,,
creativity,creativity,q_learning,multi_solution_dependency,online,training,causal_effect_graph,953,500,1.0,2.938,2.938,2.938,1.0,0.0,0.0,,,,0.0,,1.0,0.00018591880012536422,2.938,0.0,2.938,0.0,0.0,0.0,,,,,,,,,,
creativity,creativity,random,multi_solution_dependency,online,evaluation_unseen_adaptation,causal_effect_graph,1009,3,1.0,2.6666666666666665,2.6666666666666665,2.6666666666666665,1.0,0.0,0.0,,,,0.0,,1.0,0.00012323334037015835,2.6666666666666665,0.0,2.6666666666666665,1.0,0.0,0.0,,,,,,,,,,
creativity,creativity,random,multi_solution_dependency,online,evaluation_unseen_adaptation,causal_effect_graph,1061,3,1.0,3.3333333333333335,3.3333333333333335,3.3333333333333335,1.0,0.0,0.0,,,,0.0,,1.0,0.00014990001606444517,3.3333333333333335,0.0,3.3333333333333335,1.0,0.0,0.0,,,,,,,,,,
creativity,creativity,random,multi_solution_dependency,online,evaluation_unseen_adaptation,causal_effect_graph,1103,3,1.0,2.3333333333333335,2.3333333333333335,2.3333333333333335,1.0,0.0,0.0,,,,0.0,,1.0,0.00010976666817441583,2.3333333333333335,0.0,2.3333333333333335,1.0,0.0,0.0,,,,,,,,,,
creativity,creativity,random,multi_solution_dependency,online,evaluation_unseen_adaptation,causal_effect_graph,1151,3,1.0,3.0,3.0,3.0,1.0,0.0,0.0,,,,0.0,,1.0,0.00015009998848351339,3.0,0.0,3.0,1.0,0.0,0.0,,,,,,,,,,
creativity,creativity,random,multi_solution_dependency,online,evaluation_unseen_adaptation,causal_effect_graph,1201,3,1.0,3.0,3.0,3.0,1.0,0.0,0.0,,,,0.0,,1.0,0.00013886666662680605,3.0,0.0,3.0,1.0,0.0,0.0,,,,,,,,,,
creativity,creativity,random,multi_solution_dependency,online,evaluation_unseen_adaptation,causal_effect_graph,1259,3,1.0,3.0,3.0,3.0,1.0,0.0,0.0,,,,0.0,,1.0,0.00013996667500274876,3.0,0.0,3.0,1.0,0.0,0.0,,,,,,,,,,
creativity,creativity,random,multi_solution_dependency,online,evaluation_unseen_adaptation,causal_effect_graph,1301,3,1.0,3.6666666666666665,3.6666666666666665,3.6666666666666665,1.0,0.0,0.0,,,,0.0,,1.0,0.0001864333365422984,3.6666666666666665,0.0,3.6666666666666665,1.0,0.0,0.0,,,,,,,,,,
creativity,creativity,random,multi_solution_dependency,online,evaluation_unseen_adaptation,causal_effect_graph,131,3,1.0,2.6666666666666665,2.6666666666666665,2.6666666666666665,1.0,0.0,0.0,,,,0.0,,1.0,0.0001300000100551794,2.6666666666666665,0.0,2.6666666666666665,1.0,0.0,0.0,,,,,,,,,,
creativity,creativity,random,multi_solution_dependency,online,evaluation_unseen_adaptation,causal_effect_graph,1361,3,1.0,3.3333333333333335,3.3333333333333335,3.3333333333333335,1.0,0.0,0.0,,,,0.0,,1.0,0.00017683334105337659,3.3333333333333335,0.0,3.3333333333333335,1.0,0.0,0.0,,,,,,,,,,
creativity,creativity,random,multi_solution_dependency,online,evaluation_unseen_adaptation,causal_effect_graph,1423,3,1.0,3.0,3.0,3.0,1.0,0.0,0.0,,,,0.0,,1.0,0.00020903333400686583,3.0,0.0,3.0,1.0,0.0,0.0,,,,,,,,,,
creativity,creativity,random,multi_solution_dependency,online,evaluation_unseen_adaptation,causal_effect_graph,1481,3,1.0,2.3333333333333335,2.3333333333333335,2.3333333333333335,1.0,0.0,0.0,,,,0.0,,1.0,0.00010989999282173812,2.3333333333333335,0.0,2.3333333333333335,1.0,0.0,0.0,,,,,,,,,,
creativity,creativity,random,multi_solution_dependency,online,evaluation_unseen_adaptation,causal_effect_graph,1543,3,1.0,3.6666666666666665,3.6666666666666665,3.6666666666666665,1.0,0.0,0.0,,,,0.0,,1.0,0.0001691666645153115,3.6666666666666665,0.0,3.6666666666666665,1.0,0.0,0.0,,,,,,,,,,
creativity,creativity,random,multi_solution_dependency,online,evaluation_unseen_adaptation,causal_effect_graph,1601,3,1.0,2.3333333333333335,2.3333333333333335,2.3333333333333335,1.0,0.0,0.0,,,,0.0,,1.0,0.00012046666233800352,2.3333333333333335,0.0,2.3333333333333335,1.0,0.0,0.0,,,,,,,,,,
creativity,creativity,random,multi_solution_dependency,online,evaluation_unseen_adaptation,causal_effect_graph,173,3,1.0,3.0,3.0,3.0,1.0,0.0,0.0,,,,0.0,,1.0,0.0001436333307841172,3.0,0.0,3.0,1.0,0.0,0.0,,,,,,,,,,
creativity,creativity,random,multi_solution_dependency,online,evaluation_unseen_adaptation,causal_effect_graph,211,3,1.0,3.3333333333333335,3.3333333333333335,3.3333333333333335,1.0,0.0,0.0,,,,0.0,,1.0,0.0001861333342579504,3.3333333333333335,0.0,3.3333333333333335,1.0,0.0,0.0,,,,,,,,,,
creativity,creativity,random,multi_solution_dependency,online,evaluation_unseen_adaptation,causal_effect_graph,257,3,1.0,4.0,4.0,4.0,1.0,0.0,0.0,,,,0.0,,1.0,0.00019126666787390909,4.0,0.0,4.0,1.0,0.0,0.0,,,,,,,,,,
creativity,creativity,random,multi_solution_dependency,online,evaluation_unseen_adaptation,causal_effect_graph,307,3,1.0,3.6666666666666665,3.6666666666666665,3.6666666666666665,1.0,0.0,0.0,,,,0.0,,1.0,0.00017150000591451922,3.6666666666666665,0.0,3.6666666666666665,1.0,0.0,0.0,,,,,,,,,,
creativity,creativity,random,multi_solution_dependency,online,evaluation_unseen_adaptation,causal_effect_graph,353,3,1.0,3.6666666666666665,3.6666666666666665,3.6666666666666665,1.0,0.0,0.0,,,,0.0,,1.0,0.00017736666874649623,3.6666666666666665,0.0,3.6666666666666665,1.0,0.0,0.0,,,,,,,,,,
creativity,creativity,random,multi_solution_dependency,online,evaluation_unseen_adaptation,causal_effect_graph,401,3,1.0,2.6666666666666665,2.6666666666666665,2.6666666666666665,1.0,0.0,0.0,,,,0.0,,1.0,0.00012523333619659147,2.6666666666666665,0.0,2.6666666666666665,1.0,0.0,0.0,,,,,,,,,,
creativity,creativity,random,multi_solution_dependency,online,evaluation_unseen_adaptation,causal_effect_graph,457,3,1.0,3.6666666666666665,3.6666666666666665,3.6666666666666665,1.0,0.0,0.0,,,,0.0,,1.0,0.00017456666682846844,3.6666666666666665,0.0,3.6666666666666665,1.0,0.0,0.0,,,,,,,,,,
creativity,creativity,random,multi_solution_dependency,online,evaluation_unseen_adaptation,causal_effect_graph,503,3,1.0,3.3333333333333335,3.3333333333333335,3.3333333333333335,1.0,0.0,0.0,,,,0.0,,1.0,0.00016446665783102313,3.3333333333333335,0.0,3.3333333333333335,1.0,0.0,0.0,,,,,,,,,,
creativity,creativity,random,multi_solution_dependency,online,evaluation_unseen_adaptation,causal_effect_graph,557,3,1.0,3.0,3.0,3.0,1.0,0.0,0.0,,,,0.0,,1.0,0.0002310666701911638,3.0,0.0,3.0,1.0,0.0,0.0,,,,,,,,,,
creativity,creativity,random,multi_solution_dependency,online,evaluation_unseen_adaptation,causal_effect_graph,601,3,1.0,3.3333333333333335,3.3333333333333335,3.3333333333333335,1.0,0.0,0.0,,,,0.0,,1.0,0.00017140000515306988,3.3333333333333335,0.0,3.3333333333333335,1.0,0.0,0.0,,,,,,,,,,
creativity,creativity,random,multi_solution_dependency,online,evaluation_unseen_adaptation,causal_effect_graph,659,3,1.0,3.6666666666666665,3.6666666666666665,3.6666666666666665,1.0,0.0,0.0,,,,0.0,,1.0,0.00016799999866634607,3.6666666666666665,0.0,3.6666666666666665,1.0,0.0,0.0,,,,,,,,,,
creativity,creativity,random,multi_solution_dependency,online,evaluation_unseen_adaptation,causal_effect_graph,701,3,1.0,3.0,3.0,3.0,1.0,0.0,0.0,,,,0.0,,1.0,0.0001502666661205391,3.0,0.0,3.0,1.0,0.0,0.0,,,,,,,,,,
creativity,creativity,random,multi_solution_dependency,online,evaluation_unseen_adaptation,causal_effect_graph,761,3,1.0,2.3333333333333335,2.3333333333333335,2.3333333333333335,1.0,0.0,0.0,,,,0.0,,1.0,0.00011016667122021317,2.3333333333333335,0.0,2.3333333333333335,1.0,0.0,0.0,,,,,,,,,,
creativity,creativity,random,multi_solution_dependency,online,evaluation_unseen_adaptation,causal_effect_graph,809,3,1.0,2.6666666666666665,2.6666666666666665,2.6666666666666665,1.0,0.0,0.0,,,,0.0,,1.0,0.00013253332387345532,2.6666666666666665,0.0,2.6666666666666665,1.0,0.0,0.0,,,,,,,,,,
creativity,creativity,random,multi_solution_dependency,online,evaluation_unseen_adaptation,causal_effect_graph,857,3,1.0,3.0,3.0,3.0,1.0,0.0,0.0,,,,0.0,,1.0,0.00013623333264452717,3.0,0.0,3.0,1.0,0.0,0.0,,,,,,,,,,
creativity,creativity,random,multi_solution_dependency,online,evaluation_unseen_adaptation,causal_effect_graph,907,3,1.0,3.3333333333333335,3.3333333333333335,3.3333333333333335,1.0,0.0,0.0,,,,0.0,,1.0,0.0001794666750356555,3.3333333333333335,0.0,3.3333333333333335,1.0,0.0,0.0,,,,,,,,,,
creativity,creativity,random,multi_solution_dependency,online,evaluation_unseen_adaptation,causal_effect_graph,953,3,1.0,3.6666666666666665,3.6666666666666665,3.6666666666666665,1.0,0.0,0.0,,,,0.0,,1.0,0.0001886000003044804,3.6666666666666665,0.0,3.6666666666666665,1.0,0.0,0.0,,,,,,,,,,
creativity,creativity,random,multi_solution_dependency,online,training,causal_effect_graph,1009,500,1.0,3.178,3.178,3.178,1.0,0.0,0.0,,,,0.0,,1.0,0.00020945360040059314,3.178,0.0,3.178,0.0,0.0,0.0,,,,,,,,,,
creativity,creativity,random,multi_solution_dependency,online,training,causal_effect_graph,1061,500,1.0,3.14,3.14,3.14,1.0,0.0,0.0,,,,0.0,,1.0,0.0002021325995447114,3.14,0.0,3.14,0.0,0.0,0.0,,,,,,,,,,
creativity,creativity,random,multi_solution_dependency,online,training,causal_effect_graph,1103,500,1.0,3.216,3.216,3.216,1.0,0.0,0.0,,,,0.0,,1.0,0.00021605319977970793,3.216,0.0,3.216,0.0,0.0,0.0,,,,,,,,,,
creativity,creativity,random,multi_solution_dependency,online,training,causal_effect_graph,1151,500,1.0,3.258,3.258,3.258,1.0,0.0,0.0,,,,0.0,,1.0,0.00022481560002779588,3.258,0.0,3.258,0.0,0.0,0.0,,,,,,,,,,
creativity,creativity,random,multi_solution_dependency,online,training,causal_effect_graph,1201,500,1.0,3.204,3.204,3.204,1.0,0.0,0.0,,,,0.0,,1.0,0.00021373920096084476,3.204,0.0,3.204,0.0,0.0,0.0,,,,,,,,,,
creativity,creativity,random,multi_solution_dependency,online,training,causal_effect_graph,1259,500,1.0,3.076,3.076,3.076,1.0,0.0,0.0,,,,0.0,,1.0,0.00020814459928078578,3.076,0.0,3.076,0.0,0.0,0.0,,,,,,,,,,
creativity,creativity,random,multi_solution_dependency,online,training,causal_effect_graph,1301,500,1.0,3.246,3.246,3.246,1.0,0.0,0.0,,,,0.0,,1.0,0.00023275759984971956,3.246,0.0,3.246,0.0,0.0,0.0,,,,,,,,,,
creativity,creativity,random,multi_solution_dependency,online,training,causal_effect_graph,131,500,1.0,3.154,3.154,3.154,1.0,0.0,0.0,,,,0.0,,1.0,0.00021861459995852782,3.154,0.0,3.154,0.0,0.0,0.0,,,,,,,,,,
creativity,creativity,random,multi_solution_dependency,online,training,causal_effect_graph,1361,500,1.0,3.204,3.204,3.204,1.0,0.0,0.0,,,,0.0,,1.0,0.00022615060047246515,3.204,0.0,3.204,0.0,0.0,0.0,,,,,,,,,,
creativity,creativity,random,multi_solution_dependency,online,training,causal_effect_graph,1423,500,1.0,3.222,3.222,3.222,1.0,0.0,0.0,,,,0.0,,1.0,0.0002126081989845261,3.222,0.0,3.222,0.0,0.0,0.0,,,,,,,,,,
creativity,creativity,random,multi_solution_dependency,online,training,causal_effect_graph,1481,500,1.0,3.066,3.066,3.066,1.0,0.0,0.0,,,,0.0,,1.0,0.000198981799359899,3.066,0.0,3.066,0.0,0.0,0.0,,,,,,,,,,
creativity,creativity,random,multi_solution_dependency,online,training,causal_effect_graph,1543,500,1.0,3.222,3.222,3.222,1.0,0.0,0.0,,,,0.0,,1.0,0.00021381780062802136,3.222,0.0,3.222,0.0,0.0,0.0,,,,,,,,,,
creativity,creativity,random,multi_solution_dependency,online,training,causal_effect_graph,1601,500,1.0,3.232,3.232,3.232,1.0,0.0,0.0,,,,0.0,,1.0,0.00021442700090119616,3.232,0.0,3.232,0.0,0.0,0.0,,,,,,,,,,
creativity,creativity,random,multi_solution_dependency,online,training,causal_effect_graph,173,500,1.0,3.218,3.218,3.218,1.0,0.0,0.0,,,,0.0,,1.0,0.0002117761995177716,3.218,0.0,3.218,0.0,0.0,0.0,,,,,,,,,,
creativity,creativity,random,multi_solution_dependency,online,training,causal_effect_graph,211,500,1.0,3.22,3.22,3.22,1.0,0.0,0.0,,,,0.0,,1.0,0.00026174600038211793,3.22,0.0,3.22,0.0,0.0,0.0,,,,,,,,,,
creativity,creativity,random,multi_solution_dependency,online,training,causal_effect_graph,257,500,1.0,3.128,3.128,3.128,1.0,0.0,0.0,,,,0.0,,1.0,0.0002036948003806174,3.128,0.0,3.128,0.0,0.0,0.0,,,,,,,,,,
creativity,creativity,random,multi_solution_dependency,online,training,causal_effect_graph,307,500,1.0,3.238,3.238,3.238,1.0,0.0,0.0,,,,0.0,,1.0,0.0002218453998793848,3.238,0.0,3.238,0.0,0.0,0.0,,,,,,,,,,
creativity,creativity,random,multi_solution_dependency,online,training,causal_effect_graph,353,500,1.0,3.214,3.214,3.214,1.0,0.0,0.0,,,,0.0,,1.0,0.0007778146005584858,3.214,0.0,3.214,0.0,0.0,0.0,,,,,,,,,,
creativity,creativity,random,multi_solution_dependency,online,training,causal_effect_graph,401,500,1.0,3.188,3.188,3.188,1.0,0.0,0.0,,,,0.0,,1.0,0.00021301900059916078,3.188,0.0,3.188,0.0,0.0,0.0,,,,,,,,,,
creativity,creativity,random,multi_solution_dependency,online,training,causal_effect_graph,457,500,1.0,3.194,3.194,3.194,1.0,0.0,0.0,,,,0.0,,1.0,0.00021402260026661679,3.194,0.0,3.194,0.0,0.0,0.0,,,,,,,,,,
creativity,creativity,random,multi_solution_dependency,online,training,causal_effect_graph,503,500,1.0,3.244,3.244,3.244,1.0,0.0,0.0,,,,0.0,,1.0,0.00022793940093833952,3.244,0.0,3.244,0.0,0.0,0.0,,,,,,,,,,
creativity,creativity,random,multi_solution_dependency,online,training,causal_effect_graph,557,500,1.0,3.144,3.144,3.144,1.0,0.0,0.0,,,,0.0,,1.0,0.0002322428004699759,3.144,0.0,3.144,0.0,0.0,0.0,,,,,,,,,,
creativity,creativity,random,multi_solution_dependency,online,training,causal_effect_graph,601,500,1.0,3.142,3.142,3.142,1.0,0.0,0.0,,,,0.0,,1.0,0.0002126526006613858,3.142,0.0,3.142,0.0,0.0,0.0,,,,,,,,,,
creativity,creativity,random,multi_solution_dependency,online,training,causal_effect_graph,659,500,1.0,3.15,3.15,3.15,1.0,0.0,0.0,,,,0.0,,1.0,0.00020109539950499312,3.15,0.0,3.15,0.0,0.0,0.0,,,,,,,,,,
creativity,creativity,random,multi_solution_dependency,online,training,causal_effect_graph,701,500,1.0,3.16,3.16,3.16,1.0,0.0,0.0,,,,0.0,,1.0,0.00020787819928955287,3.16,0.0,3.16,0.0,0.0,0.0,,,,,,,,,,
creativity,creativity,random,multi_solution_dependency,online,training,causal_effect_graph,761,500,1.0,3.18,3.18,3.18,1.0,0.0,0.0,,,,0.0,,1.0,0.00020774760021595286,3.18,0.0,3.18,0.0,0.0,0.0,,,,,,,,,,
creativity,creativity,random,multi_solution_dependency,online,training,causal_effect_graph,809,500,1.0,3.264,3.264,3.264,1.0,0.0,0.0,,,,0.0,,1.0,0.0002215323998243548,3.264,0.0,3.264,0.0,0.0,0.0,,,,,,,,,,
creativity,creativity,random,multi_solution_dependency,online,training,causal_effect_graph,857,500,1.0,3.192,3.192,3.192,1.0,0.0,0.0,,,,0.0,,1.0,0.00020883780042640866,3.192,0.0,3.192,0.0,0.0,0.0,,,,,,,,,,
creativity,creativity,random,multi_solution_dependency,online,training,causal_effect_graph,907,500,1.0,3.248,3.248,3.248,1.0,0.0,0.0,,,,0.0,,1.0,0.0002357834005379118,3.248,0.0,3.248,0.0,0.0,0.0,,,,,,,,,,
creativity,creativity,random,multi_solution_dependency,online,training,causal_effect_graph,953,500,1.0,3.234,3.234,3.234,1.0,0.0,0.0,,,,0.0,,1.0,0.0002208703992073424,3.234,0.0,3.234,0.0,0.0,0.0,,,,,,,,,,
